Brand Name,Date,Week,Branch,Source,Session,Store Type,Region,Net Sales,Discount,Taxes,Gross Sales,Quantity,Orders,Dis %,AOV,AOV Bucket,Discount Bucket
Frozen Bottle,2026-10-01,WK 40,AECS Layout,In Store,Dinner,COCO,KA,7477.11,250.07,374.08,7727.18,0,42,3.2362388348660183,178.02642857142857,100-200,1%-10%
Frozen Bottle,2026-10-01,WK 40,AECS Layout,In Store,Late Night,COCO,KA,1219.18,0.0,60.98,1219.18,0,6,0.0,203.1966666666667,200-300,0%
Frozen Bottle,2026-10-01,WK 40,AECS Layout,In Store,Lunch,COCO,KA,600.91,74.09,30.080000000000002,675.0,0,5,10.976296296296297,120.18199999999999,100-200,10%-20%
Frozen Bottle,2026-10-01,WK 40,AECS Layout,In Store,Snacks,COCO,KA,1330.21,0.0,66.56,1330.21,0,7,0.0,190.03,100-200,0%
Frozen Bottle,2026-10-01,WK 40,AECS Layout,Ownly,Dinner,COCO,KA,99.0,0.0,4.96,99.0,0,1,0.0,99.0,0-100,0%
Frozen Bottle,2026-10-01,WK 40,AECS Layout,Ownly,Late Night,COCO,KA,263.2,0.0,13.16,263.2,0,1,0.0,263.2,200-300,0%
Frozen Bottle,2026-10-01,WK 40,AECS Layout,Ownly,Snacks,COCO,KA,99.0,0.0,4.96,99.0,0,1,0.0,99.0,0-100,0%
Frozen Bottle,2026-10-01,WK 40,AECS Layout,Swiggy,Breakfast,COCO,KA,164.0,126.0,7.7,280.0,0,1,45.0,164.0,100-200,40%-50%
Frozen Bottle,2026-10-01,WK 40,AECS Layout,Swiggy,Dinner,COCO,KA,3073.0,1320.0,146.68,4253.0,0,10,31.03691511873971,307.3,300-400,30%-40%
Frozen Bottle,2026-10-01,WK 40,AECS Layout,Swiggy,Late Night,COCO,KA,3185.01,1894.99,155.28,5000.0,0,11,37.8998,289.54636363636365,200-300,30%-40%
Frozen Bottle,2026-10-01,WK 40,AECS Layout,Swiggy,Lunch,COCO,KA,1064.0,303.0,50.699999999999996,1317.0,0,2,23.006833712984054,532.0,500-600,20%-30%
Frozen Bottle,2026-10-01,WK 40,AECS Layout,Swiggy,Snacks,COCO,KA,1484.01,796.99,70.74000000000001,2211.0,0,6,36.04658525554048,247.335,200-300,30%-40%
Frozen Bottle,2026-10-01,WK 40,AECS Layout,Zomato,Dinner,COCO,KA,3507.88,2799.0,175.42,6066.88,0,10,46.135740281660425,350.788,300-400,40%-50%
Frozen Bottle,2026-10-01,WK 40,AECS Layout,Zomato,Lunch,COCO,KA,523.0,215.0,26.16,708.0,0,2,30.36723163841808,261.5,200-300,30%-40%
Frozen Bottle,2026-10-01,WK 40,AECS Layout,Zomato,Snacks,COCO,KA,990.0,891.0,49.5,1821.0,0,3,48.92915980230643,330.0,300-400,40%-50%
Madno,2026-10-01,WK 40,AECS Layout,Swiggy,Dinner,COCO,KA,535.0,603.0,24.26,1088.0,0,4,55.42279411764706,133.75,100-200,50%-60%
Madno,2026-10-01,WK 40,AECS Layout,Swiggy,Late Night,COCO,KA,337.0,282.0,15.86,599.0,0,2,47.07846410684474,168.5,100-200,40%-50%
Madno,2026-10-01,WK 40,AECS Layout,Swiggy,Lunch,COCO,KA,248.0,228.0,11.4,456.0,0,1,50.0,248.0,200-300,40%-50%
Madno,2026-10-01,WK 40,AECS Layout,Swiggy,Snacks,COCO,KA,1018.0,381.0,50.9,1399.0,0,1,27.233738384560404,1018.0,>900,20%-30%
Madno,2026-10-01,WK 40,AECS Layout,Zomato,Dinner,COCO,KA,500.0,460.0,25.02,920.0,0,1,50.0,500.0,400-500,40%-50%
Madno,2026-10-01,WK 40,AECS Layout,Zomato,Late Night,COCO,KA,542.0,140.0,27.1,652.0,0,1,21.472392638036812,542.0,500-600,20%-30%
Madno,2026-10-01,WK 40,AECS Layout,Zomato,Lunch,COCO,KA,200.0,0.0,10.0,190.0,0,1,0.0,200.0,100-200,0%
Frozen Bottle,2026-10-01,WK 40,Adoor,In Store,Dinner,FOFO,Kerela,3082.0,0.0,154.12,3082.0,0,6,0.0,513.6666666666666,500-600,0%
Frozen Bottle,2026-10-01,WK 40,Adoor,In Store,Lunch,FOFO,Kerela,822.1800000000001,0.0,41.120000000000005,822.1800000000001,0,4,0.0,205.54500000000002,200-300,0%
Frozen Bottle,2026-10-01,WK 40,Adoor,In Store,Snacks,FOFO,Kerela,744.0,0.0,37.2,744.0,0,3,0.0,248.0,200-300,0%
Frozen Bottle,2026-10-01,WK 40,Adoor,Swiggy,Dinner,FOFO,Kerela,1488.0,0.0,71.4,1428.0,0,4,0.0,372.0,300-400,0%
Frozen Bottle,2026-10-01,WK 40,Adoor,Zomato,Dinner,FOFO,Kerela,1608.1,300.9,80.42,1839.0,0,2,16.362153344208807,804.05,600-900,10%-20%
Frozen Bottle,2026-10-01,WK 40,Adoor,Zomato,Lunch,FOFO,Kerela,611.0,160.0,30.560000000000002,741.0,0,2,21.592442645074225,305.5,300-400,20%-30%
Frozen Bottle,2026-10-01,WK 40,Agra,In Store,Dinner,FOFO,ROI,1118.0,0.0,55.9,1118.0,0,3,0.0,372.6666666666667,300-400,0%
Frozen Bottle,2026-10-01,WK 40,Agra,In Store,Snacks,FOFO,ROI,1204.0,0.0,60.22,1204.0,0,4,0.0,301.0,300-400,0%
Frozen Bottle,2026-10-01,WK 40,Agra,Zomato,Snacks,FOFO,ROI,699.8,62.2,35.0,742.0,0,2,8.382749326145552,349.9,300-400,1%-10%
Boba Bar,2026-10-01,WK 40,Akshay Nagar,Swiggy,Snacks,FOFO,KA,298.9,32.1,14.44,321.0,0,1,10.0,298.9,200-300,1%-10%
Frozen Bottle,2026-10-01,WK 40,Akshay Nagar,In Store,Dinner,FOFO,KA,491.23,0.0,24.58,491.23,0,3,0.0,163.74333333333334,100-200,0%
Frozen Bottle,2026-10-01,WK 40,Akshay Nagar,In Store,Snacks,FOFO,KA,571.23,0.0,28.560000000000002,571.23,0,2,0.0,285.615,200-300,0%
Frozen Bottle,2026-10-01,WK 40,Akshay Nagar,Ownly,Lunch,FOFO,KA,257.0,0.0,12.86,257.0,0,1,0.0,257.0,200-300,0%
Frozen Bottle,2026-10-01,WK 40,Akshay Nagar,Ownly,Snacks,FOFO,KA,259.0,0.0,12.96,259.0,0,1,0.0,259.0,200-300,0%
Frozen Bottle,2026-10-01,WK 40,Akshay Nagar,Swiggy,Dinner,FOFO,KA,961.0,0.0,46.06,921.0,0,3,0.0,320.3333333333333,300-400,0%
Frozen Bottle,2026-10-01,WK 40,Akshay Nagar,Swiggy,Late Night,FOFO,KA,969.02,79.98,46.459999999999994,1009.0,0,2,7.926660059464817,484.51,400-500,1%-10%
Frozen Bottle,2026-10-01,WK 40,Akshay Nagar,Swiggy,Lunch,FOFO,KA,864.0,395.0,41.7,1229.0,0,2,32.13995117982099,432.0,400-500,30%-40%
Frozen Bottle,2026-10-01,WK 40,Akshay Nagar,Swiggy,Snacks,FOFO,KA,246.0,84.0,12.3,330.0,0,1,25.454545454545453,246.0,200-300,20%-30%
Frozen Bottle,2026-10-01,WK 40,Akshay Nagar,Zomato,Closing,FOFO,KA,418.0,0.0,20.9,398.0,0,1,0.0,418.0,400-500,0%
Frozen Bottle,2026-10-01,WK 40,Akshay Nagar,Zomato,Dinner,FOFO,KA,2939.0,0.0,147.0,2849.0,0,4,0.0,734.75,600-900,0%
Frozen Bottle,2026-10-01,WK 40,Akshay Nagar,Zomato,Late Night,FOFO,KA,1420.0,0.0,71.02,1370.0,0,3,0.0,473.3333333333333,400-500,0%
Frozen Bottle,2026-10-01,WK 40,Akshay Nagar,Zomato,Snacks,FOFO,KA,2113.0,0.0,105.68,2053.0,0,3,0.0,704.3333333333334,600-900,0%
Frozen Bottle,2026-10-01,WK 40,Aluva,In Store,Dinner,FOFO,Kerela,378.0,0.0,18.92,378.0,0,2,0.0,189.0,100-200,0%
Frozen Bottle,2026-10-01,WK 40,Aluva,In Store,Lunch,FOFO,Kerela,199.0,0.0,9.96,199.0,0,1,0.0,199.0,100-200,0%
Frozen Bottle,2026-10-01,WK 40,Aluva,In Store,Snacks,FOFO,Kerela,885.0,0.0,44.26,885.0,0,2,0.0,442.5,400-500,0%
Frozen Bottle,2026-10-01,WK 40,Aluva,Swiggy,Dinner,FOFO,Kerela,657.0,0.0,31.36,627.0,0,2,0.0,328.5,300-400,0%
Frozen Bottle,2026-10-01,WK 40,Aluva,Swiggy,Snacks,FOFO,Kerela,689.0,0.0,32.96,659.0,0,1,0.0,689.0,600-900,0%
Frozen Bottle,2026-10-01,WK 40,Aluva,Zomato,Dinner,FOFO,Kerela,549.0,0.0,27.46,529.0,0,2,0.0,274.5,200-300,0%
Frozen Bottle,2026-10-01,WK 40,Aluva,Zomato,Lunch,FOFO,Kerela,209.0,0.0,10.46,199.0,0,1,0.0,209.0,200-300,0%
Boba Bar,2026-10-01,WK 40,Alwarpet,Swiggy,Dinner,COCO,TN,200.0,0.0,9.5,190.0,0,1,0.0,200.0,100-200,0%
Boba Bar,2026-10-01,WK 40,Alwarpet,Swiggy,Lunch,COCO,TN,207.0,133.0,9.86,330.0,0,1,40.303030303030305,207.0,200-300,40%-50%
Boba Bar,2026-10-01,WK 40,Alwarpet,Swiggy,Snacks,COCO,TN,854.0,266.0,41.72,1100.0,0,2,24.181818181818183,427.0,400-500,20%-30%
Frozen Bottle,2026-10-01,WK 40,Alwarpet,In Store,Dinner,COCO,TN,630.46,134.54,31.54,765.0,0,3,17.58692810457516,210.15333333333334,200-300,10%-20%
Frozen Bottle,2026-10-01,WK 40,Alwarpet,In Store,Lunch,COCO,TN,555.0,0.0,27.759999999999998,555.0,0,2,0.0,277.5,200-300,0%
Frozen Bottle,2026-10-01,WK 40,Alwarpet,In Store,Snacks,COCO,TN,1359.0,0.0,67.96000000000001,1359.0,0,5,0.0,271.8,200-300,0%
Frozen Bottle,2026-10-01,WK 40,Alwarpet,Swiggy,Dinner,COCO,TN,1698.63,1379.37,80.46000000000001,2988.0,0,8,46.16365461847389,212.32875,200-300,40%-50%
Frozen Bottle,2026-10-01,WK 40,Alwarpet,Swiggy,Lunch,COCO,TN,614.0,385.0,29.7,979.0,0,3,39.325842696629216,204.66666666666666,200-300,30%-40%
Frozen Bottle,2026-10-01,WK 40,Alwarpet,Swiggy,Snacks,COCO,TN,1910.0,1199.0,90.03999999999999,2999.0,0,8,39.97999333111037,238.75,200-300,30%-40%
Frozen Bottle,2026-10-01,WK 40,Alwarpet,Zomato,Dinner,COCO,TN,1732.2,1255.8,86.64,2878.0,0,6,43.63446838082001,288.7,200-300,40%-50%
Frozen Bottle,2026-10-01,WK 40,Alwarpet,Zomato,Lunch,COCO,TN,319.0,299.0,15.96,598.0,0,1,50.0,319.0,300-400,40%-50%
Madno,2026-10-01,WK 40,Alwarpet,Swiggy,Dinner,COCO,TN,1530.0,747.0,72.0,2187.0,0,6,34.15637860082305,255.0,200-300,30%-40%
Madno,2026-10-01,WK 40,Alwarpet,Swiggy,Snacks,COCO,TN,792.0,235.0,38.1,997.0,0,3,23.570712136409227,264.0,200-300,20%-30%
Frozen Bottle,2026-10-01,WK 40,Ambattur,In Store,Closing,FOFO,TN,1958.0,0.0,97.92,1958.0,0,3,0.0,652.6666666666666,600-900,0%
Frozen Bottle,2026-10-01,WK 40,Ambattur,In Store,Dinner,FOFO,TN,4257.85,517.0,213.0,4774.85,0,17,10.827565263830277,250.4617647058824,200-300,10%-20%
Frozen Bottle,2026-10-01,WK 40,Ambattur,In Store,Lunch,FOFO,TN,1172.0,0.0,58.64,1172.0,0,4,0.0,293.0,200-300,0%
Frozen Bottle,2026-10-01,WK 40,Ambattur,In Store,Snacks,FOFO,TN,3429.0,0.0,171.51999999999998,3429.0,0,10,0.0,342.9,300-400,0%
Frozen Bottle,2026-10-01,WK 40,Ambattur,Swiggy,Dinner,FOFO,TN,3031.67,1745.99,143.14,4607.66,0,14,37.893203925636875,216.54785714285714,200-300,30%-40%
Frozen Bottle,2026-10-01,WK 40,Ambattur,Swiggy,Lunch,FOFO,TN,638.0,252.0,30.4,860.0,0,2,29.30232558139535,319.0,300-400,20%-30%
Frozen Bottle,2026-10-01,WK 40,Ambattur,Swiggy,Snacks,FOFO,TN,1351.0,378.0,64.56,1669.0,0,4,22.648292390653086,337.75,300-400,20%-30%
Frozen Bottle,2026-10-01,WK 40,Ambattur,Zomato,Dinner,FOFO,TN,340.0,0.0,17.0,330.0,0,1,0.0,340.0,300-400,0%
Frozen Bottle,2026-10-01,WK 40,Ambattur,Zomato,Snacks,FOFO,TN,568.0,0.0,28.42,548.0,0,1,0.0,568.0,500-600,0%
Frozen Bottle,2026-10-01,WK 40,Ananth Nagar,In Store,Dinner,COCO,KA,169.0,0.0,8.46,169.0,0,1,0.0,169.0,100-200,0%
Frozen Bottle,2026-10-01,WK 40,Ananth Nagar,Swiggy,Dinner,COCO,KA,3087.66,1657.31,147.9,4614.97,0,9,35.91160939291046,343.0733333333333,300-400,30%-40%
Frozen Bottle,2026-10-01,WK 40,Ananth Nagar,Swiggy,Late Night,COCO,KA,641.0,359.0,31.06,980.0,0,3,36.63265306122449,213.66666666666666,200-300,30%-40%
Frozen Bottle,2026-10-01,WK 40,Ananth Nagar,Swiggy,Lunch,COCO,KA,572.01,380.84000000000003,28.1,942.85,0,3,40.3924272153577,190.67,100-200,40%-50%
Frozen Bottle,2026-10-01,WK 40,Ananth Nagar,Swiggy,Snacks,COCO,KA,818.0,612.0,39.4,1400.0,0,4,43.714285714285715,204.5,200-300,40%-50%
Frozen Bottle,2026-10-01,WK 40,Ananth Nagar,Zomato,Closing,COCO,KA,375.0,345.0,18.76,690.0,0,1,50.0,375.0,300-400,40%-50%
Frozen Bottle,2026-10-01,WK 40,Ananth Nagar,Zomato,Dinner,COCO,KA,2895.5,2167.5,144.8,4903.0,0,10,44.20762798286763,289.55,200-300,40%-50%
Frozen Bottle,2026-10-01,WK 40,Ananth Nagar,Zomato,Lunch,COCO,KA,300.0,280.0,15.0,560.0,0,1,50.0,300.0,200-300,40%-50%
Frozen Bottle,2026-10-01,WK 40,Ananth Nagar,Zomato,Snacks,COCO,KA,622.5,597.5,31.14,1170.0,0,2,51.06837606837607,311.25,300-400,50%-60%
Madno,2026-10-01,WK 40,Ananth Nagar,Swiggy,Dinner,COCO,KA,852.01,177.99,40.599999999999994,990.0,0,3,17.97878787878788,284.00333333333333,200-300,10%-20%
Madno,2026-10-01,WK 40,Ananth Nagar,Swiggy,Late Night,COCO,KA,646.0,328.0,30.3,934.0,0,3,35.11777301927195,215.33333333333334,200-300,30%-40%
Madno,2026-10-01,WK 40,Ananth Nagar,Swiggy,Lunch,COCO,KA,664.0,612.0,30.700000000000003,1226.0,0,3,49.9184339314845,221.33333333333334,200-300,40%-50%
Madno,2026-10-01,WK 40,Ananth Nagar,Zomato,Dinner,COCO,KA,1487.0,690.66,74.36,2087.66,0,6,33.082973281089835,247.83333333333334,200-300,30%-40%
Madno,2026-10-01,WK 40,Ananth Nagar,Zomato,Late Night,COCO,KA,200.0,180.0,10.0,360.0,0,1,50.0,200.0,100-200,40%-50%
Frozen Bottle,2026-10-01,WK 40,Annanagar,In Store,Breakfast,COCO,TN,199.0,0.0,9.96,199.0,0,1,0.0,199.0,100-200,0%
Frozen Bottle,2026-10-01,WK 40,Annanagar,In Store,Dinner,COCO,TN,6971.64,280.82,348.7,7252.46,0,25,3.8720654784721322,278.86560000000003,200-300,1%-10%
Frozen Bottle,2026-10-01,WK 40,Annanagar,In Store,Late Night,COCO,TN,4331.0,0.0,216.6,4331.0,0,13,0.0,333.15384615384613,300-400,0%
Frozen Bottle,2026-10-01,WK 40,Annanagar,In Store,Lunch,COCO,TN,3383.82,0.0,169.22,3383.82,0,11,0.0,307.62,300-400,0%
Frozen Bottle,2026-10-01,WK 40,Annanagar,In Store,Snacks,COCO,TN,1837.0,507.0,91.94000000000001,2344.0,0,12,21.629692832764505,153.08333333333334,100-200,20%-30%
Frozen Bottle,2026-10-01,WK 40,Annanagar,Swiggy,Breakfast,COCO,TN,1051.01,378.99,50.059999999999995,1380.0,0,3,27.463043478260868,350.33666666666664,300-400,20%-30%
Frozen Bottle,2026-10-01,WK 40,Annanagar,Swiggy,Dinner,COCO,TN,2389.63,1239.37,112.5,3489.0,0,10,35.52221266838635,238.96300000000002,200-300,30%-40%
Frozen Bottle,2026-10-01,WK 40,Annanagar,Swiggy,Late Night,COCO,TN,1851.0,880.0,88.1,2641.0,0,6,33.320711851571374,308.5,300-400,30%-40%
Frozen Bottle,2026-10-01,WK 40,Annanagar,Swiggy,Lunch,COCO,TN,1939.0,460.0,93.98,2339.0,0,6,19.66652415562206,323.1666666666667,300-400,10%-20%
Frozen Bottle,2026-10-01,WK 40,Annanagar,Swiggy,Snacks,COCO,TN,2920.01,1341.99,139.54,4132.0,0,8,32.47797676669894,365.00125,300-400,30%-40%
Frozen Bottle,2026-10-01,WK 40,Annanagar,Zomato,Dinner,COCO,TN,2643.1,2175.9,132.2,4659.0,0,8,46.703155183515776,330.3875,300-400,40%-50%
Frozen Bottle,2026-10-01,WK 40,Annanagar,Zomato,Late Night,COCO,TN,622.0,0.0,31.12,592.0,0,1,0.0,622.0,600-900,0%
Frozen Bottle,2026-10-01,WK 40,Annanagar,Zomato,Lunch,COCO,TN,2983.3,2671.7,149.24,5455.0,0,8,48.97708524289642,372.9125,300-400,40%-50%
Frozen Bottle,2026-10-01,WK 40,Annanagar,Zomato,Snacks,COCO,TN,1091.0,767.0,54.58,1798.0,0,4,42.65850945494994,272.75,200-300,40%-50%
Madno,2026-10-01,WK 40,Annanagar,Swiggy,Dinner,COCO,TN,547.0,298.0,25.36,805.0,0,2,37.01863354037267,273.5,200-300,30%-40%
Madno,2026-10-01,WK 40,Annanagar,Swiggy,Late Night,COCO,TN,277.0,72.0,13.36,339.0,0,2,21.238938053097346,138.5,100-200,20%-30%
Madno,2026-10-01,WK 40,Annanagar,Swiggy,Snacks,COCO,TN,180.0,140.0,8.5,310.0,0,1,45.16129032258064,180.0,100-200,40%-50%
Madno,2026-10-01,WK 40,Annanagar,Zomato,Late Night,COCO,TN,181.0,80.0,9.06,251.0,0,1,31.872509960159363,181.0,100-200,30%-40%
Madno,2026-10-01,WK 40,Annanagar,Zomato,Snacks,COCO,TN,492.0,452.0,24.62,904.0,0,1,50.0,492.0,400-500,40%-50%
Frozen Bottle,2026-10-01,WK 40,Attibele,In Store,Dinner,FOFO,KA,3199.85,0.0,160.01999999999998,3199.85,0,11,0.0,290.8954545454545,200-300,0%
Frozen Bottle,2026-10-01,WK 40,Attibele,In Store,Lunch,FOFO,KA,1028.69,0.0,51.44,1028.69,0,4,0.0,257.1725,200-300,0%
Frozen Bottle,2026-10-01,WK 40,Attibele,In Store,Snacks,FOFO,KA,2304.69,0.0,115.25999999999999,2304.69,0,6,0.0,384.115,300-400,0%
Frozen Bottle,2026-10-01,WK 40,Attibele,Swiggy,Dinner,FOFO,KA,2031.0,1184.33,96.08,3105.33,0,5,38.138619728016025,406.2,400-500,30%-40%
Frozen Bottle,2026-10-01,WK 40,Attibele,Swiggy,Lunch,FOFO,KA,180.0,218.0,9.0,398.0,0,1,54.773869346733676,180.0,100-200,50%-60%
Frozen Bottle,2026-10-01,WK 40,Attibele,Swiggy,Snacks,FOFO,KA,219.0,240.0,10.46,449.0,0,2,53.4521158129176,109.5,100-200,50%-60%
Frozen Bottle,2026-10-01,WK 40,Attibele,Zomato,Dinner,FOFO,KA,1160.0,200.0,58.02,1310.0,0,3,15.267175572519085,386.6666666666667,300-400,10%-20%
Frozen Bottle,2026-10-01,WK 40,Attibele,Zomato,Lunch,FOFO,KA,258.3,159.7,12.92,398.0,0,2,40.12562814070351,129.15,100-200,40%-50%
Frozen Bottle,2026-10-01,WK 40,Attibele,Zomato,Snacks,FOFO,KA,567.0,150.0,28.36,687.0,0,2,21.83406113537118,283.5,200-300,20%-30%
Frozen Bottle,2026-10-01,WK 40,Aundh,Zomato,Late Night,FOFO,MH,282.0,0.0,14.1,262.0,0,1,0.0,282.0,200-300,0%
Boba Bar,2026-10-01,WK 40,Aurangabad- 1,Swiggy,Snacks,FOFO,MH,109.0,91.0,4.96,190.0,0,1,47.89473684210526,109.0,100-200,40%-50%
Frozen Bottle,2026-10-01,WK 40,Aurangabad- 1,In Store,Dinner,FOFO,MH,2445.0,0.0,122.3,2445.0,0,8,0.0,305.625,300-400,0%
Frozen Bottle,2026-10-01,WK 40,Aurangabad- 1,In Store,Late Night,FOFO,MH,189.0,0.0,9.46,189.0,0,1,0.0,189.0,100-200,0%
Frozen Bottle,2026-10-01,WK 40,Aurangabad- 1,In Store,Lunch,FOFO,MH,418.0,0.0,20.92,418.0,0,2,0.0,209.0,200-300,0%
Frozen Bottle,2026-10-01,WK 40,Aurangabad- 1,In Store,Snacks,FOFO,MH,2731.0,0.0,136.58,2731.0,0,10,0.0,273.1,200-300,0%
Frozen Bottle,2026-10-01,WK 40,Aurangabad- 1,Swiggy,Breakfast,FOFO,MH,240.0,0.0,11.5,230.0,0,1,0.0,240.0,200-300,0%
Frozen Bottle,2026-10-01,WK 40,Aurangabad- 1,Swiggy,Dinner,FOFO,MH,858.0,0.0,41.4,828.0,0,1,0.0,858.0,600-900,0%
Frozen Bottle,2026-10-01,WK 40,Aurangabad- 1,Swiggy,Late Night,FOFO,MH,2979.0,0.0,144.48000000000002,2889.0,0,5,0.0,595.8,500-600,0%
Frozen Bottle,2026-10-01,WK 40,Aurangabad- 1,Swiggy,Lunch,FOFO,MH,290.0,0.0,14.0,280.0,0,1,0.0,290.0,200-300,0%
Frozen Bottle,2026-10-01,WK 40,Aurangabad- 1,Swiggy,Snacks,FOFO,MH,840.0,0.0,40.5,810.0,0,2,0.0,420.0,400-500,0%
Frozen Bottle,2026-10-01,WK 40,Aurangabad- 1,Zomato,Closing,FOFO,MH,440.0,40.0,22.0,460.0,0,1,8.695652173913043,440.0,400-500,1%-10%
Frozen Bottle,2026-10-01,WK 40,Aurangabad- 1,Zomato,Dinner,FOFO,MH,3150.0,0.0,157.56,3050.0,0,7,0.0,450.0,400-500,0%
Frozen Bottle,2026-10-01,WK 40,Aurangabad- 1,Zomato,Late Night,FOFO,MH,2296.0,540.0,114.82,2726.0,0,6,19.809244314013206,382.6666666666667,300-400,10%-20%
Frozen Bottle,2026-10-01,WK 40,Aurangabad- 1,Zomato,Lunch,FOFO,MH,1270.8,249.2,63.54,1470.0,0,3,16.952380952380953,423.59999999999997,400-500,10%-20%
Madno,2026-10-01,WK 40,Aurangabad- 1,Swiggy,Late Night,FOFO,MH,616.0,1.0,30.32,607.0,0,2,0.16474464579901155,308.0,300-400,1%-10%
Boba Bar,2026-10-01,WK 40,Avadi,Swiggy,Dinner,FOFO,TN,310.0,0.0,15.0,300.0,0,1,0.0,310.0,300-400,0%
Boba Bar,2026-10-01,WK 40,Avadi,Zomato,Lunch,FOFO,TN,200.0,100.0,10.0,290.0,0,1,34.48275862068966,200.0,100-200,30%-40%
Frozen Bottle,2026-10-01,WK 40,Avadi,In Store,Closing,FOFO,TN,418.0,0.0,20.9,418.0,0,1,0.0,418.0,400-500,0%
Frozen Bottle,2026-10-01,WK 40,Avadi,In Store,Dinner,FOFO,TN,3938.7799999999997,0.0,197.04,3938.7799999999997,0,18,0.0,218.8211111111111,200-300,0%
Frozen Bottle,2026-10-01,WK 40,Avadi,In Store,Lunch,FOFO,TN,3951.69,0.0,197.66,3951.69,0,12,0.0,329.3075,300-400,0%
Frozen Bottle,2026-10-01,WK 40,Avadi,In Store,Snacks,FOFO,TN,1261.0,0.0,63.08,1261.0,0,5,0.0,252.2,200-300,0%
Frozen Bottle,2026-10-01,WK 40,Avadi,Swiggy,Dinner,FOFO,TN,618.0,0.0,29.9,598.0,0,1,0.0,618.0,600-900,0%
Frozen Bottle,2026-10-01,WK 40,Avadi,Swiggy,Lunch,FOFO,TN,894.7,0.0,42.74,854.7,0,3,0.0,298.23333333333335,200-300,0%
Frozen Bottle,2026-10-01,WK 40,Avadi,Swiggy,Snacks,FOFO,TN,280.0,0.0,13.5,270.0,0,1,0.0,280.0,200-300,0%
Frozen Bottle,2026-10-01,WK 40,Avadi,Zomato,Breakfast,FOFO,TN,806.88,302.12,40.34,1079.0,0,1,28.000000000000004,806.88,600-900,20%-30%
Frozen Bottle,2026-10-01,WK 40,Avadi,Zomato,Dinner,FOFO,TN,1063.85,300.0,53.22,1313.85,0,3,22.833656810138145,354.6166666666666,300-400,20%-30%
Frozen Bottle,2026-10-01,WK 40,Avadi,Zomato,Lunch,FOFO,TN,438.0,80.0,21.9,498.0,0,1,16.06425702811245,438.0,400-500,10%-20%
Frozen Bottle,2026-10-01,WK 40,Avadi,Zomato,Snacks,FOFO,TN,178.8,42.2,8.94,211.0,0,1,20.0,178.8,100-200,10%-20%
Madno,2026-10-01,WK 40,Avadi,Swiggy,Dinner,FOFO,TN,141.0,0.0,6.56,131.0,0,1,0.0,141.0,100-200,0%
Madno,2026-10-01,WK 40,Avadi,Swiggy,Lunch,FOFO,TN,451.0,0.0,21.56,431.0,0,1,0.0,451.0,400-500,0%
Madno,2026-10-01,WK 40,Avadi,Swiggy,Snacks,FOFO,TN,749.0,51.0,36.46,780.0,0,2,6.538461538461539,374.5,300-400,1%-10%
Madno,2026-10-01,WK 40,Avadi,Zomato,Lunch,FOFO,TN,450.0,130.0,22.5,560.0,0,2,23.214285714285715,225.0,200-300,20%-30%
Madno,2026-10-01,WK 40,Avadi,Zomato,Snacks,FOFO,TN,406.0,80.0,20.3,466.0,0,2,17.167381974248926,203.0,200-300,10%-20%
Frozen Bottle,2026-10-01,WK 40,Ayyappa Nagar,In Store,Breakfast,FOFO,KA,198.0,0.0,9.9,198.0,0,1,0.0,198.0,100-200,0%
Frozen Bottle,2026-10-01,WK 40,Ayyappa Nagar,In Store,Dinner,FOFO,KA,2003.0,0.0,100.22,2003.0,0,11,0.0,182.0909090909091,100-200,0%
Frozen Bottle,2026-10-01,WK 40,Ayyappa Nagar,In Store,Lunch,FOFO,KA,505.0,0.0,25.26,505.0,0,3,0.0,168.33333333333334,100-200,0%
Frozen Bottle,2026-10-01,WK 40,Ayyappa Nagar,In Store,Snacks,FOFO,KA,1321.81,18.65,66.10000000000001,1340.46,0,8,1.3913134297181562,165.22625,100-200,1%-10%
Frozen Bottle,2026-10-01,WK 40,Ayyappa Nagar,Swiggy,Dinner,FOFO,KA,1749.28,368.72,83.48,2038.0,0,6,18.092247301275762,291.5466666666667,200-300,10%-20%
Frozen Bottle,2026-10-01,WK 40,Ayyappa Nagar,Swiggy,Lunch,FOFO,KA,449.0,468.0,22.46,917.0,0,2,51.035986913849506,224.5,200-300,50%-60%
Frozen Bottle,2026-10-01,WK 40,Ayyappa Nagar,Swiggy,Snacks,FOFO,KA,900.01,179.99,43.02,1040.0,0,2,17.30673076923077,450.005,400-500,10%-20%
Frozen Bottle,2026-10-01,WK 40,Ayyappa Nagar,Zomato,Dinner,FOFO,KA,2036.0,1726.0,101.84,3632.0,0,6,47.52202643171806,339.3333333333333,300-400,40%-50%
Frozen Bottle,2026-10-01,WK 40,Ayyappa Nagar,Zomato,Late Night,FOFO,KA,1306.0,299.99,65.32,1535.99,0,3,19.530726111498122,435.3333333333333,400-500,10%-20%
Frozen Bottle,2026-10-01,WK 40,Ayyappa Nagar,Zomato,Lunch,FOFO,KA,318.3,59.7,15.920000000000002,358.0,0,2,16.675977653631286,159.15,100-200,10%-20%
Frozen Bottle,2026-10-01,WK 40,Ayyappa Nagar,Zomato,Snacks,FOFO,KA,1099.3,909.7,54.980000000000004,1939.0,0,4,46.91593604951006,274.825,200-300,40%-50%
Boba Bar,2026-10-01,WK 40,BTM Layout,Swiggy,Dinner,COCO,KA,557.0,256.33000000000004,26.36,783.33,0,2,32.723117970714775,278.5,200-300,30%-40%
Boba Bar,2026-10-01,WK 40,BTM Layout,Swiggy,Late Night,COCO,KA,207.0,183.0,10.36,390.0,0,1,46.92307692307692,207.0,200-300,40%-50%
Boba Bar,2026-10-01,WK 40,BTM Layout,Swiggy,Snacks,COCO,KA,454.0,386.0,22.2,830.0,0,2,46.50602409638554,227.0,200-300,40%-50%
Frozen Bottle,2026-10-01,WK 40,BTM Layout,In Store,Dinner,COCO,KA,2408.65,69.04,120.48,2477.69,0,10,2.7864664263890964,240.865,200-300,1%-10%
Frozen Bottle,2026-10-01,WK 40,BTM Layout,In Store,Late Night,COCO,KA,487.4,27.6,24.380000000000003,515.0,0,2,5.359223300970874,243.7,200-300,1%-10%
Frozen Bottle,2026-10-01,WK 40,BTM Layout,In Store,Lunch,COCO,KA,1213.0,0.0,60.66,1213.0,0,4,0.0,303.25,300-400,0%
Frozen Bottle,2026-10-01,WK 40,BTM Layout,In Store,Snacks,COCO,KA,228.0,0.0,11.42,228.0,0,2,0.0,114.0,100-200,0%
Frozen Bottle,2026-10-01,WK 40,BTM Layout,Ownly,Dinner,COCO,KA,99.0,0.0,4.96,99.0,0,1,0.0,99.0,0-100,0%
Frozen Bottle,2026-10-01,WK 40,BTM Layout,Ownly,Lunch,COCO,KA,297.0,0.0,14.86,297.0,0,2,0.0,148.5,100-200,0%
Frozen Bottle,2026-10-01,WK 40,BTM Layout,Ownly,Snacks,COCO,KA,596.45,0.0,29.82,596.45,0,2,0.0,298.225,200-300,0%
Frozen Bottle,2026-10-01,WK 40,BTM Layout,Swiggy,Dinner,COCO,KA,5688.02,3221.98,274.0,8700.0,0,22,37.03425287356322,258.54636363636365,200-300,30%-40%
Frozen Bottle,2026-10-01,WK 40,BTM Layout,Swiggy,Late Night,COCO,KA,6700.5,4383.5,316.56,10714.0,0,23,40.91375770020534,291.32608695652175,200-300,40%-50%
Frozen Bottle,2026-10-01,WK 40,BTM Layout,Swiggy,Lunch,COCO,KA,1473.0,1336.0,71.68,2769.0,0,6,48.248465149873596,245.5,200-300,40%-50%
Frozen Bottle,2026-10-01,WK 40,BTM Layout,Swiggy,Snacks,COCO,KA,2731.01,2166.99,133.12,4828.0,0,13,44.8838028169014,210.07769230769233,200-300,40%-50%
Frozen Bottle,2026-10-01,WK 40,BTM Layout,Zomato,Dinner,COCO,KA,5960.63,4306.7,298.1,9917.33,0,20,43.426002764857074,298.0315,200-300,40%-50%
Frozen Bottle,2026-10-01,WK 40,BTM Layout,Zomato,Late Night,COCO,KA,4051.36,1421.3,202.6,5262.66,0,18,27.007254886312243,225.07555555555555,200-300,20%-30%
Frozen Bottle,2026-10-01,WK 40,BTM Layout,Zomato,Snacks,COCO,KA,4061.5,1807.51,203.12,5669.01,0,13,31.88405030155177,312.4230769230769,300-400,30%-40%
Madno,2026-10-01,WK 40,BTM Layout,Ownly,Dinner,COCO,KA,298.0,0.0,14.9,298.0,0,1,0.0,298.0,200-300,0%
Madno,2026-10-01,WK 40,BTM Layout,Ownly,Late Night,COCO,KA,893.0,0.0,44.66,893.0,0,3,0.0,297.6666666666667,200-300,0%
Madno,2026-10-01,WK 40,BTM Layout,Swiggy,Dinner,COCO,KA,1906.0,792.0,91.82000000000001,2628.0,0,9,30.136986301369863,211.77777777777777,200-300,30%-40%
Madno,2026-10-01,WK 40,BTM Layout,Swiggy,Late Night,COCO,KA,2211.0,1474.85,106.06,3595.85,0,6,41.015337124741016,368.5,300-400,40%-50%
Madno,2026-10-01,WK 40,BTM Layout,Swiggy,Lunch,COCO,KA,160.0,38.0,8.0,198.0,0,1,19.19191919191919,160.0,100-200,10%-20%
Madno,2026-10-01,WK 40,BTM Layout,Swiggy,Snacks,COCO,KA,486.0,376.0,22.8,832.0,0,3,45.19230769230769,162.0,100-200,40%-50%
Madno,2026-10-01,WK 40,BTM Layout,Zomato,Dinner,COCO,KA,1715.0,445.0,85.76,2070.0,0,6,21.497584541062803,285.8333333333333,200-300,20%-30%
Madno,2026-10-01,WK 40,BTM Layout,Zomato,Late Night,COCO,KA,2299.05,568.28,114.96000000000001,2747.33,0,9,20.68481034313315,255.45000000000002,200-300,20%-30%
Madno,2026-10-01,WK 40,BTM Layout,Zomato,Lunch,COCO,KA,394.0,44.0,19.700000000000003,418.0,0,2,10.526315789473683,197.0,100-200,10%-20%
Madno,2026-10-01,WK 40,BTM Layout,Zomato,Snacks,COCO,KA,415.0,105.0,20.74,500.0,0,1,21.0,415.0,400-500,20%-30%
Boba Bar,2026-10-01,WK 40,Badlapur,Zomato,Dinner,COCO,MH,990.0,500.0,49.5,1440.0,0,2,34.72222222222222,495.0,400-500,30%-40%
Frozen Bottle,2026-10-01,WK 40,Badlapur,In Store,Dinner,COCO,MH,2326.08,0.0,116.32000000000001,2326.08,0,5,0.0,465.216,400-500,0%
Frozen Bottle,2026-10-01,WK 40,Badlapur,In Store,Lunch,COCO,MH,199.0,0.0,9.96,199.0,0,1,0.0,199.0,100-200,0%
Frozen Bottle,2026-10-01,WK 40,Badlapur,In Store,Snacks,COCO,MH,945.0,0.0,47.28,945.0,0,4,0.0,236.25,200-300,0%
Frozen Bottle,2026-10-01,WK 40,Badlapur,Swiggy,Dinner,COCO,MH,3124.0,1645.0,149.74,4639.0,0,10,35.460228497521015,312.4,300-400,30%-40%
Frozen Bottle,2026-10-01,WK 40,Badlapur,Swiggy,Late Night,COCO,MH,578.0,374.0,27.42,922.0,0,3,40.563991323210416,192.66666666666666,100-200,40%-50%
Frozen Bottle,2026-10-01,WK 40,Badlapur,Swiggy,Lunch,COCO,MH,216.0,244.0,10.8,460.0,0,1,53.04347826086957,216.0,200-300,50%-60%
Frozen Bottle,2026-10-01,WK 40,Badlapur,Swiggy,Snacks,COCO,MH,722.0,597.0,33.62,1269.0,0,3,47.04491725768322,240.66666666666666,200-300,40%-50%
Frozen Bottle,2026-10-01,WK 40,Badlapur,Zomato,Dinner,COCO,MH,2162.42,1501.43,108.16,3533.85,0,7,42.487089152057955,308.9171428571429,300-400,40%-50%
Frozen Bottle,2026-10-01,WK 40,Badlapur,Zomato,Late Night,COCO,MH,1390.0,910.0,69.52,2220.0,0,4,40.99099099099099,347.5,300-400,40%-50%
Frozen Bottle,2026-10-01,WK 40,Badlapur,Zomato,Lunch,COCO,MH,1177.5,1041.5,58.879999999999995,2139.0,0,4,48.69097709209911,294.375,200-300,40%-50%
Frozen Bottle,2026-10-01,WK 40,Badlapur,Zomato,Snacks,COCO,MH,838.0,680.0,41.92,1468.0,0,3,46.321525885558586,279.3333333333333,200-300,40%-50%
Madno,2026-10-01,WK 40,Badlapur,Swiggy,Lunch,COCO,MH,319.0,231.0,14.96,530.0,0,2,43.58490566037736,159.5,100-200,40%-50%
Madno,2026-10-01,WK 40,Badlapur,Swiggy,Snacks,COCO,MH,170.0,140.0,8.0,300.0,0,1,46.666666666666664,170.0,100-200,40%-50%
Madno,2026-10-01,WK 40,Badlapur,Zomato,Dinner,COCO,MH,183.05,199.28,9.16,362.33,0,1,54.99958601275081,183.05,100-200,50%-60%
Madno,2026-10-01,WK 40,Badlapur,Zomato,Lunch,COCO,MH,208.0,0.0,10.4,198.0,0,1,0.0,208.0,200-300,0%
Madno,2026-10-01,WK 40,Badlapur,Zomato,Snacks,COCO,MH,240.0,80.0,12.0,310.0,0,1,25.806451612903224,240.0,200-300,20%-30%
Boba Bar,2026-10-01,WK 40,Banashankari,Ownly,Late Night,COCO,KA,218.0,0.0,10.9,218.0,0,1,0.0,218.0,200-300,0%
Frozen Bottle,2026-10-01,WK 40,Banashankari,In Store,Dinner,COCO,KA,2492.89,0.0,124.7,2492.89,0,7,0.0,356.1271428571428,300-400,0%
Frozen Bottle,2026-10-01,WK 40,Banashankari,In Store,Late Night,COCO,KA,158.0,0.0,7.9,158.0,0,1,0.0,158.0,100-200,0%
Frozen Bottle,2026-10-01,WK 40,Banashankari,In Store,Lunch,COCO,KA,462.28,0.0,23.119999999999997,462.28,0,2,0.0,231.14,200-300,0%
Frozen Bottle,2026-10-01,WK 40,Banashankari,In Store,Snacks,COCO,KA,711.1,148.18,35.56,859.28,0,5,17.244669956242436,142.22,100-200,10%-20%
Frozen Bottle,2026-10-01,WK 40,Banashankari,Others,Snacks,COCO,KA,184.96,54.04,9.24,229.0,0,1,23.598253275109172,184.96,100-200,20%-30%
Frozen Bottle,2026-10-01,WK 40,Banashankari,Swiggy,Dinner,COCO,KA,3144.01,1566.99,152.76,4621.0,0,11,33.910192599004546,285.8190909090909,200-300,30%-40%
Frozen Bottle,2026-10-01,WK 40,Banashankari,Swiggy,Late Night,COCO,KA,649.0,369.0,30.96,988.0,0,3,37.34817813765182,216.33333333333334,200-300,30%-40%
Frozen Bottle,2026-10-01,WK 40,Banashankari,Swiggy,Lunch,COCO,KA,2632.01,1670.99,125.68,4183.0,0,11,39.9471671049486,239.27363636363637,200-300,30%-40%
Frozen Bottle,2026-10-01,WK 40,Banashankari,Swiggy,Snacks,COCO,KA,1455.0,1225.0,70.8,2640.0,0,7,46.40151515151515,207.85714285714286,200-300,40%-50%
Frozen Bottle,2026-10-01,WK 40,Banashankari,Zomato,Dinner,COCO,KA,5320.2,3490.8,266.08,8511.0,0,17,41.01515685583363,312.9529411764706,300-400,40%-50%
Frozen Bottle,2026-10-01,WK 40,Banashankari,Zomato,Late Night,COCO,KA,2820.3,971.7,141.01999999999998,3682.0,0,8,26.39054861488322,352.5375,300-400,20%-30%
Frozen Bottle,2026-10-01,WK 40,Banashankari,Zomato,Lunch,COCO,KA,739.0,597.0,36.96,1276.0,0,3,46.78683385579937,246.33333333333334,200-300,40%-50%
Frozen Bottle,2026-10-01,WK 40,Banashankari,Zomato,Snacks,COCO,KA,1694.4,930.5899999999999,84.74000000000001,2534.99,0,4,36.7098095061519,423.6,400-500,30%-40%
Madno,2026-10-01,WK 40,Banashankari,Ownly,Snacks,COCO,KA,149.0,0.0,7.46,149.0,0,1,0.0,149.0,100-200,0%
Madno,2026-10-01,WK 40,Banashankari,Swiggy,Dinner,COCO,KA,258.01,139.99,11.9,378.0,0,1,37.03439153439154,258.01,200-300,30%-40%
Madno,2026-10-01,WK 40,Banashankari,Swiggy,Late Night,COCO,KA,677.0,493.0,32.36,1140.0,0,3,43.24561403508772,225.66666666666666,200-300,40%-50%
Madno,2026-10-01,WK 40,Banashankari,Swiggy,Snacks,COCO,KA,419.0,17.0,20.46,426.0,0,2,3.9906103286384975,209.5,200-300,1%-10%
Madno,2026-10-01,WK 40,Banashankari,Zomato,Dinner,COCO,KA,1262.0,142.32999999999998,63.120000000000005,1334.33,0,5,10.666776584503083,252.4,200-300,10%-20%
Madno,2026-10-01,WK 40,Banashankari,Zomato,Late Night,COCO,KA,908.05,275.95,45.4,1124.0,0,4,24.55071174377224,227.0125,200-300,20%-30%
Madno,2026-10-01,WK 40,Banashankari,Zomato,Lunch,COCO,KA,349.0,0.0,17.46,329.0,0,2,0.0,174.5,100-200,0%
Boba Bar,2026-10-01,WK 40,Baner Road - Pune,Swiggy,Dinner,COCO,MH,256.0,203.0,11.8,439.0,0,1,46.24145785876993,256.0,200-300,40%-50%
Boba Bar,2026-10-01,WK 40,Baner Road - Pune,Zomato,Lunch,COCO,MH,776.0,65.0,38.82,811.0,0,1,8.014796547472256,776.0,600-900,1%-10%
Boba Bar,2026-10-01,WK 40,Baner Road - Pune,Zomato,Snacks,COCO,MH,425.0,135.0,21.26,540.0,0,1,25.0,425.0,400-500,20%-30%
Frozen Bottle,2026-10-01,WK 40,Baner Road - Pune,In Store,Dinner,COCO,MH,1722.46,107.54,86.18,1830.0,0,7,5.8765027322404375,246.06571428571428,200-300,1%-10%
Frozen Bottle,2026-10-01,WK 40,Baner Road - Pune,In Store,Lunch,COCO,MH,1582.0,0.0,79.12,1582.0,0,5,0.0,316.4,300-400,0%
Frozen Bottle,2026-10-01,WK 40,Baner Road - Pune,In Store,Snacks,COCO,MH,925.0,0.0,46.26,925.0,0,3,0.0,308.3333333333333,300-400,0%
Frozen Bottle,2026-10-01,WK 40,Baner Road - Pune,Swiggy,Breakfast,COCO,MH,924.0,715.0,43.7,1589.0,0,4,44.99685336689742,231.0,200-300,40%-50%
Frozen Bottle,2026-10-01,WK 40,Baner Road - Pune,Swiggy,Dinner,COCO,MH,9180.02,3275.98,438.58,12046.0,0,25,27.19558359621451,367.2008,300-400,20%-30%
Frozen Bottle,2026-10-01,WK 40,Baner Road - Pune,Swiggy,Late Night,COCO,MH,3379.0,1422.0,160.48,4631.0,0,9,30.706110991146616,375.44444444444446,300-400,30%-40%
Frozen Bottle,2026-10-01,WK 40,Baner Road - Pune,Swiggy,Lunch,COCO,MH,2114.0,842.0,101.22,2866.0,0,6,29.378925331472434,352.3333333333333,300-400,20%-30%
Frozen Bottle,2026-10-01,WK 40,Baner Road - Pune,Swiggy,Snacks,COCO,MH,639.0,370.0,29.96,969.0,0,3,38.18369453044376,213.0,200-300,30%-40%
Frozen Bottle,2026-10-01,WK 40,Baner Road - Pune,Zomato,Closing,COCO,MH,870.0,510.0,43.54,1330.0,0,2,38.34586466165413,435.0,400-500,30%-40%
Frozen Bottle,2026-10-01,WK 40,Baner Road - Pune,Zomato,Dinner,COCO,MH,7213.0,5706.0,358.74,12439.0,0,21,45.87185465069539,343.4761904761905,300-400,40%-50%
Frozen Bottle,2026-10-01,WK 40,Baner Road - Pune,Zomato,Late Night,COCO,MH,3612.41,1430.6,180.72,4863.0,0,10,29.418054698745628,361.241,300-400,20%-30%
Frozen Bottle,2026-10-01,WK 40,Baner Road - Pune,Zomato,Lunch,COCO,MH,3555.99,2487.0,177.8,5843.0,0,11,42.563751497518396,323.27181818181816,300-400,40%-50%
Frozen Bottle,2026-10-01,WK 40,Baner Road - Pune,Zomato,Snacks,COCO,MH,2035.0,1417.0,101.78,3342.0,0,7,42.399760622381805,290.7142857142857,200-300,40%-50%
Madno,2026-10-01,WK 40,Baner Road - Pune,Swiggy,Breakfast,COCO,MH,99.0,91.0,4.96,190.0,0,1,47.89473684210526,99.0,0-100,40%-50%
Madno,2026-10-01,WK 40,Baner Road - Pune,Swiggy,Late Night,COCO,MH,90.0,140.0,4.0,220.0,0,1,63.63636363636363,90.0,0-100,60%-70%
Madno,2026-10-01,WK 40,Baner Road - Pune,Swiggy,Snacks,COCO,MH,317.0,92.0,14.86,389.0,0,1,23.65038560411311,317.0,300-400,20%-30%
Madno,2026-10-01,WK 40,Baner Road - Pune,Zomato,Dinner,COCO,MH,320.0,0.0,16.0,310.0,0,1,0.0,320.0,300-400,0%
Frozen Bottle,2026-10-01,WK 40,Banjara Hills,In Store,Closing,FOFO,AP & TL,338.0,0.0,16.9,338.0,0,1,0.0,338.0,300-400,0%
Frozen Bottle,2026-10-01,WK 40,Banjara Hills,In Store,Dinner,FOFO,AP & TL,1617.1,0.0,80.92,1617.1,0,14,0.0,115.50714285714285,100-200,0%
Frozen Bottle,2026-10-01,WK 40,Banjara Hills,In Store,Late Night,FOFO,AP & TL,69.0,0.0,3.46,69.0,0,1,0.0,69.0,0-100,0%
Frozen Bottle,2026-10-01,WK 40,Banjara Hills,In Store,Lunch,FOFO,AP & TL,1710.0,0.0,85.56,1710.0,0,9,0.0,190.0,100-200,0%
Frozen Bottle,2026-10-01,WK 40,Banjara Hills,In Store,Snacks,FOFO,AP & TL,2374.33,0.0,118.82000000000001,2374.33,0,14,0.0,169.595,100-200,0%
Frozen Bottle,2026-10-01,WK 40,Banjara Hills,Swiggy,Dinner,FOFO,AP & TL,598.0,0.0,28.9,578.0,0,1,0.0,598.0,500-600,0%
Frozen Bottle,2026-10-01,WK 40,Banjara Hills,Swiggy,Lunch,FOFO,AP & TL,340.0,0.0,16.5,330.0,0,1,0.0,340.0,300-400,0%
Frozen Bottle,2026-10-01,WK 40,Banjara Hills,Swiggy,Snacks,FOFO,AP & TL,291.0,0.0,14.06,281.0,0,1,0.0,291.0,200-300,0%
Frozen Bottle,2026-10-01,WK 40,Banjara Hills,Zomato,Dinner,FOFO,AP & TL,1585.3,236.7,79.32,1742.0,0,5,13.587830080367395,317.06,300-400,10%-20%
Frozen Bottle,2026-10-01,WK 40,Banjara Hills,Zomato,Late Night,FOFO,AP & TL,160.0,80.0,8.0,230.0,0,1,34.78260869565217,160.0,100-200,30%-40%
Frozen Bottle,2026-10-01,WK 40,Banjara Hills,Zomato,Lunch,FOFO,AP & TL,1369.8,361.2,68.5,1671.0,0,2,21.615798922800717,684.9,600-900,20%-30%
Frozen Bottle,2026-10-01,WK 40,Banjara Hills,Zomato,Snacks,FOFO,AP & TL,914.0,334.0,45.72,1198.0,0,4,27.879799666110184,228.5,200-300,20%-30%
Frozen Bottle,2026-10-01,WK 40,Basaveshwarnagar,In Store,Dinner,COCO,KA,1408.83,212.17,70.48,1621.0,0,6,13.088834053053668,234.80499999999998,200-300,10%-20%
Frozen Bottle,2026-10-01,WK 40,Basaveshwarnagar,In Store,Lunch,COCO,KA,269.8,127.2,13.5,397.0,0,2,32.04030226700252,134.9,100-200,30%-40%
Frozen Bottle,2026-10-01,WK 40,Basaveshwarnagar,In Store,Snacks,COCO,KA,1286.23,0.0,64.34,1286.23,0,4,0.0,321.5575,300-400,0%
Frozen Bottle,2026-10-01,WK 40,Basaveshwarnagar,Ownly,Dinner,COCO,KA,99.0,0.0,4.96,99.0,0,1,0.0,99.0,0-100,0%
Frozen Bottle,2026-10-01,WK 40,Basaveshwarnagar,Ownly,Lunch,COCO,KA,429.2,0.0,21.48,429.2,0,3,0.0,143.06666666666666,100-200,0%
Frozen Bottle,2026-10-01,WK 40,Basaveshwarnagar,Ownly,Snacks,COCO,KA,747.0,0.0,37.36,747.0,0,1,0.0,747.0,600-900,0%
Frozen Bottle,2026-10-01,WK 40,Basaveshwarnagar,Swiggy,Dinner,COCO,KA,4628.65,1789.35,220.0,6188.0,0,13,28.916451195862958,356.04999999999995,300-400,20%-30%
Frozen Bottle,2026-10-01,WK 40,Basaveshwarnagar,Swiggy,Late Night,COCO,KA,2185.01,641.99,104.28,2727.0,0,7,23.54198753208654,312.14428571428573,300-400,20%-30%
Frozen Bottle,2026-10-01,WK 40,Basaveshwarnagar,Swiggy,Lunch,COCO,KA,1173.01,580.99,55.660000000000004,1694.0,0,4,34.29693034238489,293.2525,200-300,30%-40%
Frozen Bottle,2026-10-01,WK 40,Basaveshwarnagar,Swiggy,Snacks,COCO,KA,1692.01,915.99,79.60000000000001,2508.0,0,6,36.52272727272727,282.00166666666667,200-300,30%-40%
Frozen Bottle,2026-10-01,WK 40,Basaveshwarnagar,Zomato,Dinner,COCO,KA,3664.7,2713.3,183.3,6138.0,0,12,44.20495275333985,305.39166666666665,300-400,40%-50%
Frozen Bottle,2026-10-01,WK 40,Basaveshwarnagar,Zomato,Late Night,COCO,KA,627.5,212.5,31.380000000000003,810.0,0,2,26.234567901234566,313.75,300-400,20%-30%
Frozen Bottle,2026-10-01,WK 40,Basaveshwarnagar,Zomato,Lunch,COCO,KA,918.0,460.0,45.92,1328.0,0,4,34.63855421686747,229.5,200-300,30%-40%
Frozen Bottle,2026-10-01,WK 40,Basaveshwarnagar,Zomato,Snacks,COCO,KA,2528.5,1861.5,126.44,4240.0,0,10,43.90330188679245,252.85,200-300,40%-50%
Frozen Bottle,2026-10-01,WK 40,Bavdhan,In Store,Dinner,FOFO,MH,497.0,0.0,24.86,497.0,0,2,0.0,248.5,200-300,0%
Frozen Bottle,2026-10-01,WK 40,Bavdhan,Swiggy,Dinner,FOFO,MH,1386.51,202.49,67.84,1559.0,0,4,12.98845413726748,346.6275,300-400,10%-20%
Frozen Bottle,2026-10-01,WK 40,Bavdhan,Swiggy,Snacks,FOFO,MH,341.0,0.0,16.56,331.0,0,1,0.0,341.0,300-400,0%
Frozen Bottle,2026-10-01,WK 40,Bavdhan,Zomato,Dinner,FOFO,MH,446.0,125.0,22.3,551.0,0,2,22.686025408348456,223.0,200-300,20%-30%
Frozen Bottle,2026-10-01,WK 40,Bavdhan,Zomato,Lunch,FOFO,MH,788.0,250.0,39.4,1008.0,0,2,24.801587301587304,394.0,300-400,20%-30%
Frozen Bottle,2026-10-01,WK 40,Bavdhan,Zomato,Snacks,FOFO,MH,705.0,175.0,35.260000000000005,850.0,0,2,20.588235294117645,352.5,300-400,20%-30%
Boba Bar,2026-10-01,WK 40,Bel Road,Swiggy,Dinner,COCO,KA,473.0,420.33,22.16,863.33,0,3,48.68706056780142,157.66666666666666,100-200,40%-50%
Boba Bar,2026-10-01,WK 40,Bel Road,Swiggy,Lunch,COCO,KA,277.0,224.0,12.86,481.0,0,1,46.56964656964657,277.0,200-300,40%-50%
Frozen Bottle,2026-10-01,WK 40,Bel Road,In Store,Dinner,COCO,KA,3921.65,0.0,196.18,3921.65,0,18,0.0,217.86944444444444,200-300,0%
Frozen Bottle,2026-10-01,WK 40,Bel Road,In Store,Late Night,COCO,KA,129.0,0.0,6.46,129.0,0,1,0.0,129.0,100-200,0%
Frozen Bottle,2026-10-01,WK 40,Bel Road,In Store,Lunch,COCO,KA,1431.06,106.94,71.58,1538.0,0,9,6.953185955786736,159.00666666666666,100-200,1%-10%
Frozen Bottle,2026-10-01,WK 40,Bel Road,In Store,Snacks,COCO,KA,3442.92,0.0,172.18,3442.92,0,8,0.0,430.365,400-500,0%
Frozen Bottle,2026-10-01,WK 40,Bel Road,Ownly,Dinner,COCO,KA,99.0,0.0,4.96,99.0,0,1,0.0,99.0,0-100,0%
Frozen Bottle,2026-10-01,WK 40,Bel Road,Ownly,Snacks,COCO,KA,99.0,0.0,4.96,99.0,0,1,0.0,99.0,0-100,0%
Frozen Bottle,2026-10-01,WK 40,Bel Road,Swiggy,Breakfast,COCO,KA,164.0,126.0,7.7,280.0,0,1,45.0,164.0,100-200,40%-50%
Frozen Bottle,2026-10-01,WK 40,Bel Road,Swiggy,Dinner,COCO,KA,3920.0,1864.0,188.08,5624.0,0,11,33.14366998577525,356.3636363636364,300-400,30%-40%
Frozen Bottle,2026-10-01,WK 40,Bel Road,Swiggy,Late Night,COCO,KA,741.85,658.0,34.1,1339.85,0,3,49.109974997201185,247.28333333333333,200-300,40%-50%
Frozen Bottle,2026-10-01,WK 40,Bel Road,Swiggy,Lunch,COCO,KA,1184.0,1029.0,57.72,2183.0,0,7,47.13696747595053,169.14285714285714,100-200,40%-50%
Frozen Bottle,2026-10-01,WK 40,Bel Road,Swiggy,Snacks,COCO,KA,1256.63,1048.37,59.379999999999995,2235.0,0,8,46.9069351230425,157.07875,100-200,40%-50%
Frozen Bottle,2026-10-01,WK 40,Bel Road,Zomato,Dinner,COCO,KA,1806.3,1369.7,90.34,3056.0,0,8,44.82002617801047,225.7875,200-300,40%-50%
Frozen Bottle,2026-10-01,WK 40,Bel Road,Zomato,Late Night,COCO,KA,1179.0,200.0,58.96,1329.0,0,5,15.04890895410083,235.8,200-300,10%-20%
Frozen Bottle,2026-10-01,WK 40,Bel Road,Zomato,Lunch,COCO,KA,943.0,314.0,47.18,1197.0,0,5,26.232247284878863,188.6,100-200,20%-30%
Frozen Bottle,2026-10-01,WK 40,Bel Road,Zomato,Snacks,COCO,KA,1608.0,1130.0,80.44,2648.0,0,6,42.6737160120846,268.0,200-300,40%-50%
Madno,2026-10-01,WK 40,Bel Road,Ownly,Lunch,COCO,KA,236.0,0.0,11.8,236.0,0,1,0.0,236.0,200-300,0%
Madno,2026-10-01,WK 40,Bel Road,Ownly,Snacks,COCO,KA,315.0,0.0,15.76,315.0,0,1,0.0,315.0,300-400,0%
Madno,2026-10-01,WK 40,Bel Road,Swiggy,Dinner,COCO,KA,943.01,782.8399999999999,43.160000000000004,1645.85,0,3,47.56448035969256,314.33666666666664,300-400,40%-50%
Madno,2026-10-01,WK 40,Bel Road,Swiggy,Late Night,COCO,KA,257.0,125.0,12.86,382.0,0,1,32.72251308900523,257.0,200-300,30%-40%
Madno,2026-10-01,WK 40,Bel Road,Swiggy,Lunch,COCO,KA,1540.0,1182.85,71.5,2612.85,0,4,45.270490077884304,385.0,300-400,40%-50%
Madno,2026-10-01,WK 40,Bel Road,Swiggy,Snacks,COCO,KA,288.0,304.0,14.4,592.0,0,2,51.35135135135135,144.0,100-200,50%-60%
Madno,2026-10-01,WK 40,Bel Road,Zomato,Lunch,COCO,KA,411.5,351.5,20.58,733.0,0,1,47.953615279672576,411.5,400-500,40%-50%
Madno,2026-10-01,WK 40,Bel Road,Zomato,Snacks,COCO,KA,416.0,0.0,20.8,396.0,0,2,0.0,208.0,200-300,0%
Frozen Bottle,2026-10-01,WK 40,Berhampur,Swiggy,Dinner,FOFO,ROI,1543.0,0.0,74.66,1493.0,0,2,0.0,771.5,600-900,0%
Frozen Bottle,2026-10-01,WK 40,Berhampur,Swiggy,Late Night,FOFO,ROI,480.0,151.0,22.5,601.0,0,1,25.124792013311147,480.0,400-500,20%-30%
Frozen Bottle,2026-10-01,WK 40,Berhampur,Swiggy,Snacks,FOFO,ROI,540.0,0.0,26.0,520.0,0,1,0.0,540.0,500-600,0%
Frozen Bottle,2026-10-01,WK 40,Berhampur,Zomato,Dinner,FOFO,ROI,240.0,0.0,12.0,230.0,0,1,0.0,240.0,200-300,0%
Frozen Bottle,2026-10-01,WK 40,Berhampur,Zomato,Snacks,FOFO,ROI,719.0,0.0,35.980000000000004,689.0,0,2,0.0,359.5,300-400,0%
Boba Bar,2026-10-01,WK 40,Besant Nagar,Swiggy,Dinner,COCO,TN,167.0,133.0,7.86,290.0,0,1,45.86206896551724,167.0,100-200,40%-50%
Boba Bar,2026-10-01,WK 40,Besant Nagar,Zomato,Dinner,COCO,TN,220.75,70.25,11.04,281.0,0,1,25.0,220.75,200-300,20%-30%
Frozen Bottle,2026-10-01,WK 40,Besant Nagar,In Store,Dinner,COCO,TN,2547.23,0.0,127.44,2547.23,0,12,0.0,212.26916666666668,200-300,0%
Frozen Bottle,2026-10-01,WK 40,Besant Nagar,In Store,Lunch,COCO,TN,849.3299999999999,0.0,42.48,849.3299999999999,0,3,0.0,283.10999999999996,200-300,0%
Frozen Bottle,2026-10-01,WK 40,Besant Nagar,In Store,Snacks,COCO,TN,1398.96,69.04,70.02,1468.0,0,10,4.7029972752043605,139.89600000000002,100-200,1%-10%
Frozen Bottle,2026-10-01,WK 40,Besant Nagar,Swiggy,Dinner,COCO,TN,5170.65,2422.35,244.07999999999998,7303.0,0,17,33.169245515541554,304.15588235294115,300-400,30%-40%
Frozen Bottle,2026-10-01,WK 40,Besant Nagar,Swiggy,Late Night,COCO,TN,3699.01,1162.99,176.98,4702.0,0,8,24.73394300297746,462.37625,400-500,20%-30%
Frozen Bottle,2026-10-01,WK 40,Besant Nagar,Swiggy,Lunch,COCO,TN,1571.01,861.99,74.55999999999999,2353.0,0,6,36.633659158521034,261.835,200-300,30%-40%
Frozen Bottle,2026-10-01,WK 40,Besant Nagar,Swiggy,Snacks,COCO,TN,1579.0,957.0,73.46000000000001,2426.0,0,7,39.44765045342127,225.57142857142858,200-300,30%-40%
Frozen Bottle,2026-10-01,WK 40,Besant Nagar,Zomato,Dinner,COCO,TN,1402.0,1190.0,70.12,2512.0,0,4,47.37261146496815,350.5,300-400,40%-50%
Madno,2026-10-01,WK 40,Besant Nagar,Swiggy,Dinner,COCO,TN,983.01,569.99,45.660000000000004,1483.0,0,3,38.43492919757249,327.67,300-400,30%-40%
Madno,2026-10-01,WK 40,Besant Nagar,Swiggy,Late Night,COCO,TN,286.0,271.0,13.3,537.0,0,2,50.46554934823091,143.0,100-200,50%-60%
Madno,2026-10-01,WK 40,Besant Nagar,Swiggy,Lunch,COCO,TN,436.0,208.0,19.8,604.0,0,1,34.437086092715234,436.0,400-500,30%-40%
Madno,2026-10-01,WK 40,Besant Nagar,Swiggy,Snacks,COCO,TN,260.0,140.0,12.0,380.0,0,1,36.84210526315789,260.0,200-300,30%-40%
Madno,2026-10-01,WK 40,Besant Nagar,Zomato,Dinner,COCO,TN,250.0,80.0,12.5,320.0,0,1,25.0,250.0,200-300,20%-30%
Madno,2026-10-01,WK 40,Besant Nagar,Zomato,Late Night,COCO,TN,651.0,100.0,32.56,721.0,0,3,13.869625520110956,217.0,200-300,10%-20%
Madno,2026-10-01,WK 40,Besant Nagar,Zomato,Lunch,COCO,TN,160.0,100.0,8.0,250.0,0,1,40.0,160.0,100-200,30%-40%
Boba Bar,2026-10-01,WK 40,Bhavanipuram,Zomato,Lunch,FOFO,AP & TL,507.0,235.0,25.38,712.0,0,1,33.00561797752809,507.0,500-600,30%-40%
Frozen Bottle,2026-10-01,WK 40,Bhavanipuram,In Store,Dinner,FOFO,AP & TL,78.0,0.0,3.9,78.0,0,1,0.0,78.0,0-100,0%
Frozen Bottle,2026-10-01,WK 40,Bhavanipuram,In Store,Snacks,FOFO,AP & TL,478.0,0.0,23.9,478.0,0,1,0.0,478.0,400-500,0%
Frozen Bottle,2026-10-01,WK 40,Bhavanipuram,Swiggy,Dinner,FOFO,AP & TL,3263.32,506.68,156.72,3640.0,0,9,13.91978021978022,362.5911111111111,300-400,10%-20%
Frozen Bottle,2026-10-01,WK 40,Bhavanipuram,Swiggy,Late Night,FOFO,AP & TL,148.6,59.4,6.94,198.0,0,1,30.0,148.6,100-200,20%-30%
Frozen Bottle,2026-10-01,WK 40,Bhavanipuram,Swiggy,Lunch,FOFO,AP & TL,564.0,165.0,27.720000000000002,719.0,0,3,22.94853963838665,188.0,100-200,20%-30%
Frozen Bottle,2026-10-01,WK 40,Bhavanipuram,Swiggy,Snacks,FOFO,AP & TL,607.01,149.99,28.86,727.0,0,2,20.631361760660248,303.505,300-400,20%-30%
Frozen Bottle,2026-10-01,WK 40,Bhavanipuram,Zomato,Dinner,FOFO,AP & TL,2186.0,150.0,109.3,2266.0,0,3,6.619593998234776,728.6666666666666,600-900,1%-10%
Frozen Bottle,2026-10-01,WK 40,Bhavanipuram,Zomato,Snacks,FOFO,AP & TL,1080.0,315.0,54.03999999999999,1345.0,0,3,23.42007434944238,360.0,300-400,20%-30%
Frozen Bottle,2026-10-01,WK 40,Bhopal,Zomato,Dinner,FOFO,ROI,410.0,300.0,20.52,680.0,0,3,44.11764705882353,136.66666666666666,100-200,40%-50%
Frozen Bottle,2026-10-01,WK 40,Bhopal,Zomato,Lunch,FOFO,ROI,319.0,100.0,15.96,399.0,0,2,25.062656641604008,159.5,100-200,20%-30%
Frozen Bottle,2026-10-01,WK 40,Bhopal,Zomato,Snacks,FOFO,ROI,309.0,0.0,15.46,299.0,0,1,0.0,309.0,300-400,0%
Boba Bar,2026-10-01,WK 40,Bhubaneswar,Zomato,Lunch,FOFO,ROI,700.0,100.0,35.02,760.0,0,1,13.157894736842104,700.0,600-900,10%-20%
Frozen Bottle,2026-10-01,WK 40,Bhubaneswar,In Store,Dinner,FOFO,ROI,2500.5,0.0,125.06,2500.5,0,5,0.0,500.1,500-600,0%
Frozen Bottle,2026-10-01,WK 40,Bhubaneswar,In Store,Snacks,FOFO,ROI,2144.0,0.0,107.24000000000001,2144.0,0,9,0.0,238.22222222222223,200-300,0%
Frozen Bottle,2026-10-01,WK 40,Bhubaneswar,Zomato,Dinner,FOFO,ROI,309.0,0.0,15.46,299.0,0,1,0.0,309.0,300-400,0%
Frozen Bottle,2026-10-01,WK 40,Bhubaneswar,Zomato,Lunch,FOFO,ROI,391.0,0.0,19.56,371.0,0,1,0.0,391.0,300-400,0%
Frozen Bottle,2026-10-01,WK 40,Bhubaneswar,Zomato,Snacks,FOFO,ROI,551.1,36.9,27.560000000000002,568.0,0,2,6.496478873239436,275.55,200-300,1%-10%
Madno,2026-10-01,WK 40,Bhubaneswar,Zomato,Dinner,FOFO,ROI,201.0,0.0,10.06,191.0,0,1,0.0,201.0,200-300,0%
Madno,2026-10-01,WK 40,Bhubaneswar,Zomato,Lunch,FOFO,ROI,266.0,64.0,13.3,320.0,0,1,20.0,266.0,200-300,10%-20%
Boba Bar,2026-10-01,WK 40,Bhubaneswar 3,Swiggy,Breakfast,FOFO,ROI,360.1,98.9,17.0,439.0,0,1,22.52847380410023,360.1,300-400,20%-30%
Frozen Bottle,2026-10-01,WK 40,Bhubaneswar 3,In Store,Dinner,FOFO,ROI,507.0,0.0,25.36,507.0,0,2,0.0,253.5,200-300,0%
Frozen Bottle,2026-10-01,WK 40,Bhubaneswar 3,Swiggy,Breakfast,FOFO,ROI,378.0,274.0,17.9,632.0,0,1,43.35443037974683,378.0,300-400,40%-50%
Frozen Bottle,2026-10-01,WK 40,Bhubaneswar 3,Swiggy,Dinner,FOFO,ROI,1081.0,88.0,51.56,1119.0,0,4,7.864164432529044,270.25,200-300,1%-10%
Frozen Bottle,2026-10-01,WK 40,Bhubaneswar 3,Zomato,Dinner,FOFO,ROI,430.0,40.0,21.5,450.0,0,1,8.88888888888889,430.0,400-500,1%-10%
Frozen Bottle,2026-10-01,WK 40,Bhubaneswar 3,Zomato,Late Night,FOFO,ROI,219.0,0.0,10.96,209.0,0,1,0.0,219.0,200-300,0%
Frozen Bottle,2026-10-01,WK 40,Bhubaneswar 3,Zomato,Snacks,FOFO,ROI,250.0,0.0,12.5,240.0,0,1,0.0,250.0,200-300,0%
Madno,2026-10-01,WK 40,Bhubaneswar 3,Zomato,Breakfast,FOFO,ROI,235.0,25.0,11.76,250.0,0,1,10.0,235.0,200-300,1%-10%
Madno,2026-10-01,WK 40,Bhubaneswar 3,Zomato,Dinner,FOFO,ROI,362.9,38.1,18.16,381.0,0,1,10.0,362.9,300-400,1%-10%
Madno,2026-10-01,WK 40,Bhubaneswar 3,Zomato,Lunch,FOFO,ROI,235.9,25.1,11.8,251.0,0,1,10.0,235.9,200-300,1%-10%
Boba Bar,2026-10-01,WK 40,Boba Bar - Salem,In Store,Dinner,FOFO,TN,2612.23,0.0,130.66,2612.23,0,9,0.0,290.2477777777778,200-300,0%
Boba Bar,2026-10-01,WK 40,Boba Bar - Salem,In Store,Lunch,FOFO,TN,687.0,0.0,34.36,687.0,0,2,0.0,343.5,300-400,0%
Boba Bar,2026-10-01,WK 40,Boba Bar - Salem,In Store,Snacks,FOFO,TN,806.0,0.0,40.300000000000004,806.0,0,2,0.0,403.0,400-500,0%
Frozen Bottle,2026-10-01,WK 40,Budigere,In Store,Dinner,FOFO,KA,2543.23,0.0,127.19999999999999,2543.23,0,6,0.0,423.87166666666667,400-500,0%
Frozen Bottle,2026-10-01,WK 40,Budigere,In Store,Lunch,FOFO,KA,1404.0,0.0,70.2,1404.0,0,3,0.0,468.0,400-500,0%
Frozen Bottle,2026-10-01,WK 40,Budigere,In Store,Snacks,FOFO,KA,1153.0,0.0,57.66,1153.0,0,3,0.0,384.3333333333333,300-400,0%
Frozen Bottle,2026-10-01,WK 40,Budigere,Swiggy,Dinner,FOFO,KA,279.0,151.0,13.96,430.0,0,1,35.116279069767444,279.0,200-300,30%-40%
Frozen Bottle,2026-10-01,WK 40,Budigere,Swiggy,Lunch,FOFO,KA,231.0,169.0,11.56,400.0,0,1,42.25,231.0,200-300,40%-50%
Frozen Bottle,2026-10-01,WK 40,Budigere,Zomato,Dinner,FOFO,KA,690.93,119.39999999999999,34.540000000000006,770.33,0,4,15.499850713330648,172.7325,100-200,10%-20%
Frozen Bottle,2026-10-01,WK 40,Budigere,Zomato,Lunch,FOFO,KA,290.0,50.0,14.5,330.0,0,1,15.151515151515152,290.0,200-300,10%-20%
Frozen Bottle,2026-10-01,WK 40,Budigere,Zomato,Snacks,FOFO,KA,419.0,80.0,20.94,479.0,0,1,16.701461377870565,419.0,400-500,10%-20%
Boba Bar,2026-10-01,WK 40,Byculla,Swiggy,Dinner,COCO,MH,157.0,133.0,7.36,280.0,0,1,47.5,157.0,100-200,40%-50%
Boba Bar,2026-10-01,WK 40,Byculla,Swiggy,Lunch,COCO,MH,168.0,150.0,8.42,318.0,0,2,47.16981132075472,84.0,0-100,40%-50%
Frozen Bottle,2026-10-01,WK 40,Byculla,In Store,Dinner,COCO,MH,2317.0,0.0,115.88,2317.0,0,6,0.0,386.1666666666667,300-400,0%
Frozen Bottle,2026-10-01,WK 40,Byculla,In Store,Lunch,COCO,MH,695.0,0.0,34.78,695.0,0,4,0.0,173.75,100-200,0%
Frozen Bottle,2026-10-01,WK 40,Byculla,In Store,Snacks,COCO,MH,625.0,0.0,31.26,625.0,0,3,0.0,208.33333333333334,200-300,0%
Frozen Bottle,2026-10-01,WK 40,Byculla,Swiggy,Dinner,COCO,MH,4144.01,2079.99,196.24,6004.0,0,15,34.643404397068615,276.26733333333334,200-300,30%-40%
Frozen Bottle,2026-10-01,WK 40,Byculla,Swiggy,Late Night,COCO,MH,2765.01,1243.99,132.78,3899.0,0,10,31.90536034880739,276.50100000000003,200-300,30%-40%
Frozen Bottle,2026-10-01,WK 40,Byculla,Swiggy,Lunch,COCO,MH,1875.0,1515.0,88.28,3280.0,0,8,46.1890243902439,234.375,200-300,40%-50%
Frozen Bottle,2026-10-01,WK 40,Byculla,Swiggy,Snacks,COCO,MH,1863.0,1484.0,87.2,3227.0,0,9,45.98698481561822,207.0,200-300,40%-50%
Frozen Bottle,2026-10-01,WK 40,Byculla,Zomato,Dinner,COCO,MH,5035.09,3667.91,251.86,8393.0,0,17,43.702013582747526,296.18176470588236,200-300,40%-50%
Frozen Bottle,2026-10-01,WK 40,Byculla,Zomato,Late Night,COCO,MH,2608.6,1272.4,130.48,3751.0,0,9,33.92162090109305,289.84444444444443,200-300,30%-40%
Frozen Bottle,2026-10-01,WK 40,Byculla,Zomato,Lunch,COCO,MH,2079.0,1741.0,104.0,3690.0,0,6,47.18157181571816,346.5,300-400,40%-50%
Frozen Bottle,2026-10-01,WK 40,Byculla,Zomato,Snacks,COCO,MH,538.0,498.0,26.92,996.0,0,2,50.0,269.0,200-300,40%-50%
Madno,2026-10-01,WK 40,Byculla,Swiggy,Dinner,COCO,MH,320.0,420.0,14.52,710.0,0,3,59.154929577464785,106.66666666666667,100-200,50%-60%
Madno,2026-10-01,WK 40,Byculla,Swiggy,Late Night,COCO,MH,100.0,130.0,4.5,220.0,0,1,59.09090909090909,100.0,0-100,50%-60%
Madno,2026-10-01,WK 40,Byculla,Swiggy,Lunch,COCO,MH,485.0,468.0,22.26,913.0,0,3,51.259583789704266,161.66666666666666,100-200,50%-60%
Madno,2026-10-01,WK 40,Byculla,Swiggy,Snacks,COCO,MH,729.5,142.5,34.98,842.0,0,1,16.92399049881235,729.5,600-900,10%-20%
Madno,2026-10-01,WK 40,Byculla,Zomato,Dinner,COCO,MH,589.1,584.23,29.48,1113.33,0,1,52.475905616483885,589.1,500-600,50%-60%
Madno,2026-10-01,WK 40,Byculla,Zomato,Lunch,COCO,MH,765.5,235.5,38.300000000000004,951.0,0,2,24.76340694006309,382.75,300-400,20%-30%
Boba Bar,2026-10-01,WK 40,CBD Belapur,Zomato,Dinner,FOFO,MH,271.0,0.0,13.56,261.0,0,1,0.0,271.0,200-300,0%
Frozen Bottle,2026-10-01,WK 40,CBD Belapur,Swiggy,Dinner,FOFO,MH,477.0,403.0,22.36,850.0,0,2,47.411764705882355,238.5,200-300,40%-50%
Frozen Bottle,2026-10-01,WK 40,CBD Belapur,Swiggy,Snacks,FOFO,MH,1239.5,520.5,59.0,1700.0,0,5,30.61764705882353,247.9,200-300,30%-40%
Frozen Bottle,2026-10-01,WK 40,Chandra Layout,In Store,Dinner,FOFO,KA,3471.0,0.0,173.64,3471.0,0,9,0.0,385.6666666666667,300-400,0%
Frozen Bottle,2026-10-01,WK 40,Chandra Layout,In Store,Late Night,FOFO,KA,249.0,0.0,12.46,249.0,0,1,0.0,249.0,200-300,0%
Frozen Bottle,2026-10-01,WK 40,Chandra Layout,In Store,Lunch,FOFO,KA,910.15,0.0,45.519999999999996,910.15,0,3,0.0,303.3833333333333,300-400,0%
Frozen Bottle,2026-10-01,WK 40,Chandra Layout,In Store,Snacks,FOFO,KA,1441.0,0.0,72.06,1441.0,0,3,0.0,480.3333333333333,400-500,0%
Frozen Bottle,2026-10-01,WK 40,Chandra Layout,Swiggy,Dinner,FOFO,KA,2087.38,511.62,99.88,2509.0,0,6,20.39139099242726,347.8966666666667,300-400,20%-30%
Frozen Bottle,2026-10-01,WK 40,Chandra Layout,Swiggy,Lunch,FOFO,KA,819.5,340.5,40.0,1140.0,0,3,29.86842105263158,273.1666666666667,200-300,20%-30%
Frozen Bottle,2026-10-01,WK 40,Chandra Layout,Swiggy,Snacks,FOFO,KA,1557.9,271.1,75.4,1779.0,0,5,15.238898257448005,311.58000000000004,300-400,10%-20%
Frozen Bottle,2026-10-01,WK 40,Chandra Layout,Zomato,Dinner,FOFO,KA,3802.3,2318.7,190.16,5901.0,0,10,39.293340111845446,380.23,300-400,30%-40%
Frozen Bottle,2026-10-01,WK 40,Chandra Layout,Zomato,Late Night,FOFO,KA,524.5,485.5,26.240000000000002,970.0,0,2,50.05154639175258,262.25,200-300,50%-60%
Frozen Bottle,2026-10-01,WK 40,Chandra Layout,Zomato,Lunch,FOFO,KA,1415.0,1115.0,70.76,2450.0,0,5,45.51020408163266,283.0,200-300,40%-50%
Frozen Bottle,2026-10-01,WK 40,Chandra Layout,Zomato,Snacks,FOFO,KA,1713.3,1132.7,85.68,2736.0,0,5,41.3998538011696,342.65999999999997,300-400,40%-50%
Boba Bar,2026-10-01,WK 40,Channasandra,Swiggy,Dinner,COCO,KA,158.0,133.0,7.4,281.0,0,1,47.330960854092524,158.0,100-200,40%-50%
Boba Bar,2026-10-01,WK 40,Channasandra,Swiggy,Snacks,COCO,KA,817.0,202.0,39.86,999.0,0,2,20.22022022022022,408.5,400-500,20%-30%
Boba Bar,2026-10-01,WK 40,Channasandra,Zomato,Late Night,COCO,KA,399.25,129.75,19.98,509.0,0,2,25.491159135559922,199.625,100-200,20%-30%
Boba Bar,2026-10-01,WK 40,Channasandra,Zomato,Lunch,COCO,KA,527.5,72.5,26.38,580.0,0,1,12.5,527.5,500-600,10%-20%
Boba Bar,2026-10-01,WK 40,Channasandra,Zomato,Snacks,COCO,KA,398.5,129.5,19.92,518.0,0,1,25.0,398.5,300-400,20%-30%
Frozen Bottle,2026-10-01,WK 40,Channasandra,In Store,Dinner,COCO,KA,2364.0,0.0,118.24,2364.0,0,7,0.0,337.7142857142857,300-400,0%
Frozen Bottle,2026-10-01,WK 40,Channasandra,In Store,Late Night,COCO,KA,557.0,0.0,27.86,557.0,0,2,0.0,278.5,200-300,0%
Frozen Bottle,2026-10-01,WK 40,Channasandra,In Store,Lunch,COCO,KA,574.97,138.08,28.759999999999998,713.05,0,3,19.364700932613424,191.65666666666667,100-200,10%-20%
Frozen Bottle,2026-10-01,WK 40,Channasandra,In Store,Snacks,COCO,KA,1962.23,113.77,98.14,2076.0,0,8,5.480250481695569,245.27875,200-300,1%-10%
Frozen Bottle,2026-10-01,WK 40,Channasandra,Ownly,Dinner,COCO,KA,560.2,0.0,28.02,560.2,0,1,0.0,560.2,500-600,0%
Frozen Bottle,2026-10-01,WK 40,Channasandra,Ownly,Lunch,COCO,KA,99.0,0.0,4.96,99.0,0,1,0.0,99.0,0-100,0%
Frozen Bottle,2026-10-01,WK 40,Channasandra,Ownly,Snacks,COCO,KA,267.0,0.0,13.36,267.0,0,1,0.0,267.0,200-300,0%
Frozen Bottle,2026-10-01,WK 40,Channasandra,Swiggy,Dinner,COCO,KA,1691.0,708.0,80.56,2319.0,0,5,30.53040103492885,338.2,300-400,30%-40%
Frozen Bottle,2026-10-01,WK 40,Channasandra,Swiggy,Late Night,COCO,KA,859.5799999999999,608.4200000000001,39.980000000000004,1408.0,0,3,43.211647727272734,286.52666666666664,200-300,40%-50%
Frozen Bottle,2026-10-01,WK 40,Channasandra,Swiggy,Lunch,COCO,KA,2240.0,592.0,107.04,2732.0,0,7,21.669106881405565,320.0,300-400,20%-30%
Frozen Bottle,2026-10-01,WK 40,Channasandra,Swiggy,Snacks,COCO,KA,1004.89,620.11,46.739999999999995,1555.0,0,5,39.878456591639875,200.978,200-300,30%-40%
Frozen Bottle,2026-10-01,WK 40,Channasandra,Zomato,Dinner,COCO,KA,2650.3,1989.7,132.54000000000002,4460.0,0,10,44.61210762331839,265.03000000000003,200-300,40%-50%
Frozen Bottle,2026-10-01,WK 40,Channasandra,Zomato,Late Night,COCO,KA,364.3,134.7,18.22,479.0,0,2,28.12108559498956,182.15,100-200,20%-30%
Frozen Bottle,2026-10-01,WK 40,Channasandra,Zomato,Lunch,COCO,KA,300.0,199.0,15.0,479.0,0,1,41.544885177453025,300.0,200-300,40%-50%
Frozen Bottle,2026-10-01,WK 40,Channasandra,Zomato,Snacks,COCO,KA,1660.7,1075.3,83.03999999999999,2636.0,0,7,40.79286798179059,237.24285714285716,200-300,40%-50%
Madno,2026-10-01,WK 40,Channasandra,Swiggy,Dinner,COCO,KA,2077.01,779.99,98.88,2757.0,0,7,28.291258614435982,296.71571428571434,200-300,20%-30%
Madno,2026-10-01,WK 40,Channasandra,Swiggy,Lunch,COCO,KA,208.0,0.0,9.9,198.0,0,1,0.0,208.0,200-300,0%
Madno,2026-10-01,WK 40,Channasandra,Swiggy,Snacks,COCO,KA,1154.01,717.99,55.220000000000006,1822.0,0,6,39.40669593852909,192.335,100-200,30%-40%
Madno,2026-10-01,WK 40,Channasandra,Zomato,Late Night,COCO,KA,320.5,300.5,16.02,601.0,0,1,50.0,320.5,300-400,40%-50%
Madno,2026-10-01,WK 40,Channasandra,Zomato,Lunch,COCO,KA,208.0,0.0,10.4,198.0,0,1,0.0,208.0,200-300,0%
Madno,2026-10-01,WK 40,Channasandra,Zomato,Snacks,COCO,KA,306.0,105.0,15.3,401.0,0,1,26.184538653366584,306.0,300-400,20%-30%
Boba Bar,2026-10-01,WK 40,Chikkabellandur,Swiggy,Snacks,FOFO,KA,327.0,273.0,14.86,570.0,0,1,47.89473684210526,327.0,300-400,40%-50%
Frozen Bottle,2026-10-01,WK 40,Chikkabellandur,In Store,Dinner,FOFO,KA,1966.0,0.0,98.34,1966.0,0,9,0.0,218.44444444444446,200-300,0%
Frozen Bottle,2026-10-01,WK 40,Chikkabellandur,In Store,Lunch,FOFO,KA,438.0,0.0,21.9,438.0,0,1,0.0,438.0,400-500,0%
Frozen Bottle,2026-10-01,WK 40,Chikkabellandur,In Store,Snacks,FOFO,KA,79.0,0.0,3.96,79.0,0,1,0.0,79.0,0-100,0%
Frozen Bottle,2026-10-01,WK 40,Chikkabellandur,Swiggy,Dinner,FOFO,KA,410.27,98.72999999999999,19.52,489.0,0,2,20.19018404907975,205.135,200-300,20%-30%
Frozen Bottle,2026-10-01,WK 40,Chikkabellandur,Swiggy,Late Night,FOFO,KA,608.3,149.7,28.92,728.0,0,2,20.563186813186814,304.15,300-400,20%-30%
Frozen Bottle,2026-10-01,WK 40,Chikkabellandur,Swiggy,Lunch,FOFO,KA,1067.22,817.78,51.88,1855.0,0,4,44.085175202156336,266.805,200-300,40%-50%
Frozen Bottle,2026-10-01,WK 40,Chikkabellandur,Swiggy,Snacks,FOFO,KA,421.0,238.0,20.560000000000002,649.0,0,2,36.67180277349769,210.5,200-300,30%-40%
Frozen Bottle,2026-10-01,WK 40,Chikkabellandur,Zomato,Closing,FOFO,KA,707.4,129.6,35.38,807.0,0,3,16.059479553903344,235.79999999999998,200-300,10%-20%
Frozen Bottle,2026-10-01,WK 40,Chikkabellandur,Zomato,Dinner,FOFO,KA,1868.8,384.19,93.42,2152.99,0,7,17.844486040343895,266.9714285714286,200-300,10%-20%
Frozen Bottle,2026-10-01,WK 40,Chikkabellandur,Zomato,Late Night,FOFO,KA,1245.0,275.0,62.24,1470.0,0,3,18.70748299319728,415.0,400-500,10%-20%
Frozen Bottle,2026-10-01,WK 40,Chikkabellandur,Zomato,Lunch,FOFO,KA,240.0,50.0,12.0,280.0,0,1,17.857142857142858,240.0,200-300,10%-20%
Frozen Bottle,2026-10-01,WK 40,Chikkabellandur,Zomato,Snacks,FOFO,KA,399.2,89.8,19.96,469.0,0,2,19.147121535181235,199.6,100-200,10%-20%
Madno,2026-10-01,WK 40,Chikkabellandur,Swiggy,Closing,FOFO,KA,130.0,100.0,6.5,230.0,0,1,43.47826086956522,130.0,100-200,40%-50%
Madno,2026-10-01,WK 40,Chikkabellandur,Swiggy,Dinner,FOFO,KA,311.0,38.0,15.059999999999999,339.0,0,2,11.209439528023598,155.5,100-200,10%-20%
Madno,2026-10-01,WK 40,Chikkabellandur,Swiggy,Snacks,FOFO,KA,390.0,151.0,19.0,531.0,0,2,28.436911487758948,195.0,100-200,20%-30%
Madno,2026-10-01,WK 40,Chikkabellandur,Zomato,Dinner,FOFO,KA,168.4,39.6,8.42,198.0,0,1,20.0,168.4,100-200,10%-20%
Madno,2026-10-01,WK 40,Chikkabellandur,Zomato,Late Night,FOFO,KA,730.0,50.0,36.519999999999996,750.0,0,2,6.666666666666667,365.0,300-400,1%-10%
Madno,2026-10-01,WK 40,Chikkabellandur,Zomato,Snacks,FOFO,KA,200.0,0.0,10.0,190.0,0,1,0.0,200.0,100-200,0%
Frozen Bottle,2026-10-01,WK 40,Chikkanayakanahalli,In Store,Dinner,FOFO,KA,3008.46,0.0,150.48,3008.46,0,11,0.0,273.49636363636364,200-300,0%
Frozen Bottle,2026-10-01,WK 40,Chikkanayakanahalli,In Store,Lunch,FOFO,KA,595.5600000000001,0.0,29.78,595.5600000000001,0,3,0.0,198.52,100-200,0%
Frozen Bottle,2026-10-01,WK 40,Chikkanayakanahalli,In Store,Snacks,FOFO,KA,1681.28,0.0,84.12,1681.28,0,8,0.0,210.16,200-300,0%
Frozen Bottle,2026-10-01,WK 40,Chikkanayakanahalli,Swiggy,Dinner,FOFO,KA,1892.0,0.0,91.62,1832.0,0,6,0.0,315.3333333333333,300-400,0%
Frozen Bottle,2026-10-01,WK 40,Chikkanayakanahalli,Swiggy,Lunch,FOFO,KA,809.0,0.0,38.96,779.0,0,2,0.0,404.5,400-500,0%
Frozen Bottle,2026-10-01,WK 40,Chikkanayakanahalli,Swiggy,Snacks,FOFO,KA,862.0,0.0,41.12,822.0,0,3,0.0,287.3333333333333,200-300,0%
Frozen Bottle,2026-10-01,WK 40,Chikkanayakanahalli,Zomato,Dinner,FOFO,KA,1606.0,0.0,80.36,1536.0,0,3,0.0,535.3333333333334,500-600,0%
Frozen Bottle,2026-10-01,WK 40,Chikkanayakanahalli,Zomato,Snacks,FOFO,KA,518.0,0.0,25.92,498.0,0,1,0.0,518.0,500-600,0%
Frozen Bottle,2026-10-01,WK 40,City Mall Kota,In Store,Dinner,FOFO,ROI,1117.23,0.0,55.900000000000006,1117.23,0,6,0.0,186.205,100-200,0%
Frozen Bottle,2026-10-01,WK 40,City Mall Kota,In Store,Lunch,FOFO,ROI,1874.23,0.0,93.75999999999999,1874.23,0,7,0.0,267.7471428571429,200-300,0%
Frozen Bottle,2026-10-01,WK 40,City Mall Kota,In Store,Snacks,FOFO,ROI,2770.0,0.0,138.54,2770.0,0,9,0.0,307.77777777777777,300-400,0%
Frozen Bottle,2026-10-01,WK 40,City Mall Kota,Zomato,Dinner,FOFO,ROI,902.4,215.6,45.12,1078.0,0,1,20.0,902.4,>900,10%-20%
Madno,2026-10-01,WK 40,City Mall Kota,Swiggy,Lunch,FOFO,ROI,400.0,0.0,19.0,380.0,0,1,0.0,400.0,300-400,0%
Frozen Bottle,2026-10-01,WK 40,DLF Gachibowli,In Store,Breakfast,FOFO,AP & TL,69.0,0.0,3.46,69.0,0,1,0.0,69.0,0-100,0%
Frozen Bottle,2026-10-01,WK 40,DLF Gachibowli,In Store,Closing,FOFO,AP & TL,776.0,0.0,38.82,776.0,0,3,0.0,258.6666666666667,200-300,0%
Frozen Bottle,2026-10-01,WK 40,DLF Gachibowli,In Store,Dinner,FOFO,AP & TL,7682.33,0.0,384.28000000000003,7682.33,0,29,0.0,264.9079310344828,200-300,0%
Frozen Bottle,2026-10-01,WK 40,DLF Gachibowli,In Store,Late Night,FOFO,AP & TL,805.0,0.0,40.28,805.0,0,4,0.0,201.25,200-300,0%
Frozen Bottle,2026-10-01,WK 40,DLF Gachibowli,In Store,Lunch,FOFO,AP & TL,1590.0,0.0,79.53999999999999,1590.0,0,7,0.0,227.14285714285714,200-300,0%
Frozen Bottle,2026-10-01,WK 40,DLF Gachibowli,In Store,Snacks,FOFO,AP & TL,2118.0,0.0,105.92,2118.0,0,6,0.0,353.0,300-400,0%
Frozen Bottle,2026-10-01,WK 40,DLF Gachibowli,Swiggy,Dinner,FOFO,AP & TL,341.0,0.0,16.56,331.0,0,1,0.0,341.0,300-400,0%
Frozen Bottle,2026-10-01,WK 40,DLF Gachibowli,Zomato,Dinner,FOFO,AP & TL,895.0,75.0,44.74,940.0,0,1,7.9787234042553195,895.0,600-900,1%-10%
Frozen Bottle,2026-10-01,WK 40,DLF Gachibowli,Zomato,Lunch,FOFO,AP & TL,265.0,75.0,13.26,330.0,0,1,22.727272727272727,265.0,200-300,20%-30%
Frozen Bottle,2026-10-01,WK 40,DLF Gachibowli,Zomato,Snacks,FOFO,AP & TL,1140.0,150.0,57.02,1250.0,0,2,12.0,570.0,500-600,10%-20%
Frozen Bottle,2026-10-01,WK 40,Dahisar,In Store,Dinner,COCO,MH,1577.0,0.0,78.88,1577.0,0,8,0.0,197.125,100-200,0%
Frozen Bottle,2026-10-01,WK 40,Dahisar,In Store,Lunch,COCO,MH,129.0,0.0,6.46,129.0,0,1,0.0,129.0,100-200,0%
Frozen Bottle,2026-10-01,WK 40,Dahisar,Swiggy,Dinner,COCO,MH,1336.0,804.0,64.32000000000001,2090.0,0,4,38.4688995215311,334.0,300-400,30%-40%
Frozen Bottle,2026-10-01,WK 40,Dahisar,Swiggy,Late Night,COCO,MH,1008.0,432.0,47.9,1390.0,0,3,31.07913669064748,336.0,300-400,30%-40%
Frozen Bottle,2026-10-01,WK 40,Dahisar,Swiggy,Lunch,COCO,MH,1524.0,838.0,72.24000000000001,2282.0,0,6,36.72217353198948,254.0,200-300,30%-40%
Frozen Bottle,2026-10-01,WK 40,Dahisar,Swiggy,Snacks,COCO,MH,702.0,422.33,33.12,1084.33,0,4,38.94847509522009,175.5,100-200,30%-40%
Frozen Bottle,2026-10-01,WK 40,Dahisar,Zomato,Closing,COCO,MH,1733.0,1452.0,86.68,3065.0,0,5,47.37357259380098,346.6,300-400,40%-50%
Frozen Bottle,2026-10-01,WK 40,Dahisar,Zomato,Dinner,COCO,MH,3949.66,3542.67,197.54,7202.33,0,12,49.187832270945655,329.1383333333333,300-400,40%-50%
Frozen Bottle,2026-10-01,WK 40,Dahisar,Zomato,Late Night,COCO,MH,782.5,377.5,39.14,1120.0,0,3,33.705357142857146,260.8333333333333,200-300,30%-40%
Frozen Bottle,2026-10-01,WK 40,Dahisar,Zomato,Lunch,COCO,MH,1322.5,1147.5,66.14,2380.0,0,5,48.214285714285715,264.5,200-300,40%-50%
Frozen Bottle,2026-10-01,WK 40,Dahisar,Zomato,Snacks,COCO,MH,1365.0,1046.0,68.28,2341.0,0,3,44.68175993165314,455.0,400-500,40%-50%
Madno,2026-10-01,WK 40,Dahisar,Swiggy,Dinner,COCO,MH,1018.01,688.99,48.92,1667.0,0,3,41.33113377324535,339.33666666666664,300-400,40%-50%
Madno,2026-10-01,WK 40,Dahisar,Swiggy,Snacks,COCO,MH,438.01,139.99,20.9,558.0,0,1,25.087813620071685,438.01,400-500,20%-30%
Frozen Bottle,2026-10-01,WK 40,Dhanori,In Store,Dinner,FOFO,MH,627.0,0.0,31.36,627.0,0,2,0.0,313.5,300-400,0%
Frozen Bottle,2026-10-01,WK 40,Dhanori,In Store,Lunch,FOFO,MH,516.0,0.0,25.8,516.0,0,2,0.0,258.0,200-300,0%
Frozen Bottle,2026-10-01,WK 40,Dhanori,In Store,Snacks,FOFO,MH,318.0,0.0,15.9,318.0,0,1,0.0,318.0,300-400,0%
Frozen Bottle,2026-10-01,WK 40,Dhanori,Swiggy,Dinner,FOFO,MH,480.0,0.0,23.0,460.0,0,1,0.0,480.0,400-500,0%
Frozen Bottle,2026-10-01,WK 40,Dhanori,Swiggy,Lunch,FOFO,MH,240.0,0.0,11.5,230.0,0,1,0.0,240.0,200-300,0%
Frozen Bottle,2026-10-01,WK 40,Dhanori,Swiggy,Snacks,FOFO,MH,831.5,157.5,40.08,959.0,0,2,16.423357664233578,415.75,400-500,10%-20%
Frozen Bottle,2026-10-01,WK 40,Dhanori,Zomato,Dinner,FOFO,MH,241.0,100.0,12.06,331.0,0,1,30.211480362537763,241.0,200-300,30%-40%
Frozen Bottle,2026-10-01,WK 40,Dhanori,Zomato,Lunch,FOFO,MH,991.0,250.0,49.56,1211.0,0,2,20.644095788604456,495.5,400-500,20%-30%
Frozen Bottle,2026-10-01,WK 40,Dhanori,Zomato,Snacks,FOFO,MH,1034.0,275.0,51.72,1269.0,0,3,21.670606776989757,344.6666666666667,300-400,20%-30%
Frozen Bottle,2026-10-01,WK 40,Dharmapuri,In Store,Dinner,FOFO,TN,4732.12,0.0,236.68,4732.12,0,18,0.0,262.8955555555556,200-300,0%
Frozen Bottle,2026-10-01,WK 40,Dharmapuri,In Store,Lunch,FOFO,TN,1871.33,0.0,93.6,1871.33,0,7,0.0,267.3328571428571,200-300,0%
Frozen Bottle,2026-10-01,WK 40,Dharmapuri,In Store,Snacks,FOFO,TN,4876.66,0.0,243.88,4876.66,0,15,0.0,325.11066666666665,300-400,0%
Frozen Bottle,2026-10-01,WK 40,Dharmapuri,Swiggy,Lunch,FOFO,TN,279.0,0.0,13.46,269.0,0,1,0.0,279.0,200-300,0%
Frozen Bottle,2026-10-01,WK 40,Dharmapuri,Zomato,Dinner,FOFO,TN,459.0,0.0,22.96,439.0,0,2,0.0,229.5,200-300,0%
Frozen Bottle,2026-10-01,WK 40,Dharmapuri,Zomato,Lunch,FOFO,TN,531.0,0.0,26.56,511.0,0,2,0.0,265.5,200-300,0%
Frozen Bottle,2026-10-01,WK 40,Dindigul,In Store,Dinner,FOFO,TN,1531.0,0.0,76.58,1531.0,0,5,0.0,306.2,300-400,0%
Frozen Bottle,2026-10-01,WK 40,Dindigul,In Store,Lunch,FOFO,TN,686.0,0.0,34.32,686.0,0,3,0.0,228.66666666666666,200-300,0%
Frozen Bottle,2026-10-01,WK 40,Dindigul,In Store,Snacks,FOFO,TN,1112.0,0.0,55.64,1112.0,0,4,0.0,278.0,200-300,0%
Frozen Bottle,2026-10-01,WK 40,Dindigul,Zomato,Dinner,FOFO,TN,779.25,139.75,38.96,889.0,0,2,15.719910011248594,389.625,300-400,10%-20%
Frozen Bottle,2026-10-01,WK 40,Dindigul,Zomato,Lunch,FOFO,TN,230.0,50.0,11.5,270.0,0,1,18.51851851851852,230.0,200-300,10%-20%
Frozen Bottle,2026-10-01,WK 40,Dindigul,Zomato,Snacks,FOFO,TN,1517.75,290.25,75.9,1738.0,0,4,16.70023014959724,379.4375,300-400,10%-20%
Frozen Bottle,2026-10-01,WK 40,Dombivali Experia,In Store,Dinner,FOFO,MH,3632.5,0.0,181.64,3632.5,0,8,0.0,454.0625,400-500,0%
Frozen Bottle,2026-10-01,WK 40,Dombivali Experia,In Store,Lunch,FOFO,MH,1113.0,0.0,55.68,1113.0,0,5,0.0,222.6,200-300,0%
Frozen Bottle,2026-10-01,WK 40,Dombivali Experia,In Store,Snacks,FOFO,MH,2884.0,0.0,144.26,2884.0,0,11,0.0,262.1818181818182,200-300,0%
Frozen Bottle,2026-10-01,WK 40,Dombivali Experia,Zomato,Dinner,FOFO,MH,1933.0,475.0,96.66,2338.0,0,4,20.316509837467922,483.25,400-500,20%-30%
Frozen Bottle,2026-10-01,WK 40,Dombivali Experia,Zomato,Lunch,FOFO,MH,241.0,50.0,12.06,281.0,0,1,17.793594306049823,241.0,200-300,10%-20%
Frozen Bottle,2026-10-01,WK 40,Edappally,In Store,Dinner,FOFO,Kerela,2784.0,0.0,139.22,2784.0,0,8,0.0,348.0,300-400,0%
Frozen Bottle,2026-10-01,WK 40,Edappally,In Store,Snacks,FOFO,Kerela,1093.0,0.0,54.66,1093.0,0,4,0.0,273.25,200-300,0%
Frozen Bottle,2026-10-01,WK 40,Edappally,Swiggy,Dinner,FOFO,Kerela,3208.0,80.0,155.44,3188.0,0,8,2.5094102885821834,401.0,400-500,1%-10%
Frozen Bottle,2026-10-01,WK 40,Edappally,Swiggy,Late Night,FOFO,Kerela,909.0,0.0,43.96,879.0,0,3,0.0,303.0,300-400,0%
Frozen Bottle,2026-10-01,WK 40,Edappally,Swiggy,Lunch,FOFO,Kerela,1019.0,60.0,49.96,1059.0,0,3,5.6657223796034,339.6666666666667,300-400,1%-10%
Frozen Bottle,2026-10-01,WK 40,Edappally,Swiggy,Snacks,FOFO,Kerela,2839.0,0.0,137.0,2739.0,0,6,0.0,473.1666666666667,400-500,0%
Frozen Bottle,2026-10-01,WK 40,Edappally,Zomato,Dinner,FOFO,Kerela,1021.0,0.0,51.06,981.0,0,4,0.0,255.25,200-300,0%
Boba Bar,2026-10-01,WK 40,Electronic city,Swiggy,Late Night,FOFO,KA,100.0,126.66,5.0,226.66,0,1,55.88105532515662,100.0,0-100,50%-60%
Boba Bar,2026-10-01,WK 40,Electronic city,Swiggy,Snacks,FOFO,KA,512.0,138.0,24.6,630.0,0,1,21.904761904761905,512.0,500-600,20%-30%
Boba Bar,2026-10-01,WK 40,Electronic city,Zomato,Lunch,FOFO,KA,169.0,0.0,8.46,159.0,0,1,0.0,169.0,100-200,0%
Frozen Bottle,2026-10-01,WK 40,Electronic city,In Store,Closing,FOFO,KA,209.0,0.0,10.46,209.0,0,1,0.0,209.0,200-300,0%
Frozen Bottle,2026-10-01,WK 40,Electronic city,In Store,Dinner,FOFO,KA,6261.5,0.0,313.12,6261.5,0,13,0.0,481.65384615384613,400-500,0%
Frozen Bottle,2026-10-01,WK 40,Electronic city,In Store,Late Night,FOFO,KA,4717.73,0.0,235.96,4717.73,0,14,0.0,336.98071428571427,300-400,0%
Frozen Bottle,2026-10-01,WK 40,Electronic city,In Store,Lunch,FOFO,KA,921.14,0.0,46.06,921.14,0,2,0.0,460.57,400-500,0%
Frozen Bottle,2026-10-01,WK 40,Electronic city,In Store,Snacks,FOFO,KA,3274.7,0.0,163.76,3274.7,0,9,0.0,363.85555555555555,300-400,0%
Frozen Bottle,2026-10-01,WK 40,Electronic city,Others,Snacks,FOFO,KA,428.28,252.72,21.4,661.0,0,1,38.232980332829044,428.28,400-500,30%-40%
Frozen Bottle,2026-10-01,WK 40,Electronic city,Ownly,Breakfast,FOFO,KA,972.85,0.0,48.64,972.85,0,1,0.0,972.85,>900,0%
Frozen Bottle,2026-10-01,WK 40,Electronic city,Ownly,Dinner,FOFO,KA,717.0,0.0,35.88,717.0,0,3,0.0,239.0,200-300,0%
Frozen Bottle,2026-10-01,WK 40,Electronic city,Ownly,Late Night,FOFO,KA,208.0,0.0,10.4,208.0,0,1,0.0,208.0,200-300,0%
Frozen Bottle,2026-10-01,WK 40,Electronic city,Ownly,Snacks,FOFO,KA,497.0,0.0,24.86,497.0,0,2,0.0,248.5,200-300,0%
Frozen Bottle,2026-10-01,WK 40,Electronic city,Swiggy,Dinner,FOFO,KA,3105.96,598.04,148.84,3574.0,0,10,16.73307218802462,310.596,300-400,10%-20%
Frozen Bottle,2026-10-01,WK 40,Electronic city,Swiggy,Late Night,FOFO,KA,1542.17,295.83,73.66,1768.0,0,7,16.732466063348415,220.31,200-300,10%-20%
Frozen Bottle,2026-10-01,WK 40,Electronic city,Swiggy,Snacks,FOFO,KA,1552.8799999999999,186.12,74.16,1669.0,0,6,11.151587777112043,258.81333333333333,200-300,10%-20%
Frozen Bottle,2026-10-01,WK 40,Electronic city,Zomato,Closing,FOFO,KA,109.0,100.0,5.46,199.0,0,1,50.25125628140703,109.0,100-200,50%-60%
Frozen Bottle,2026-10-01,WK 40,Electronic city,Zomato,Dinner,FOFO,KA,3200.1,1305.9,160.06,4366.0,0,13,29.91067338524966,246.16153846153844,200-300,20%-30%
Frozen Bottle,2026-10-01,WK 40,Electronic city,Zomato,Late Night,FOFO,KA,1310.7,704.3,65.6,1925.0,0,8,36.58701298701298,163.8375,100-200,30%-40%
Frozen Bottle,2026-10-01,WK 40,Electronic city,Zomato,Lunch,FOFO,KA,3155.3,1109.7,157.84,4105.0,0,11,27.03288672350792,286.8454545454546,200-300,20%-30%
Frozen Bottle,2026-10-01,WK 40,Electronic city,Zomato,Snacks,FOFO,KA,1359.5,448.5,68.0,1738.0,0,6,25.805523590333717,226.58333333333334,200-300,20%-30%
Madno,2026-10-01,WK 40,Electronic city,Zomato,Dinner,FOFO,KA,966.0,130.0,48.32,1056.0,0,3,12.31060606060606,322.0,300-400,10%-20%
Madno,2026-10-01,WK 40,Electronic city,Zomato,Late Night,FOFO,KA,352.0,0.0,17.62,332.0,0,2,0.0,176.0,100-200,0%
Frozen Bottle,2026-10-01,WK 40,Erode,In Store,Dinner,COCO,TN,6024.46,0.0,301.3,6024.46,0,15,0.0,401.6306666666667,400-500,0%
Frozen Bottle,2026-10-01,WK 40,Erode,In Store,Lunch,COCO,TN,1148.23,0.0,57.42,1148.23,0,4,0.0,287.0575,200-300,0%
Frozen Bottle,2026-10-01,WK 40,Erode,In Store,Snacks,COCO,TN,2477.9300000000003,0.0,123.92,2477.9300000000003,0,6,0.0,412.9883333333334,400-500,0%
Frozen Bottle,2026-10-01,WK 40,Erode,Swiggy,Dinner,COCO,TN,3278.21,1948.79,153.48,5017.0,0,16,38.843731313533986,204.888125,200-300,30%-40%
Frozen Bottle,2026-10-01,WK 40,Erode,Swiggy,Late Night,COCO,TN,1422.02,777.98,67.62,2130.0,0,3,36.52488262910798,474.00666666666666,400-500,30%-40%
Frozen Bottle,2026-10-01,WK 40,Erode,Swiggy,Lunch,COCO,TN,2295.01,1440.99,107.8,3596.0,0,9,40.072024471635146,255.00111111111113,200-300,40%-50%
Frozen Bottle,2026-10-01,WK 40,Erode,Swiggy,Snacks,COCO,TN,848.0,600.0,39.92,1398.0,0,4,42.91845493562232,212.0,200-300,40%-50%
Frozen Bottle,2026-10-01,WK 40,Erode,Zomato,Breakfast,COCO,TN,605.0,575.0,30.259999999999998,1150.0,0,2,50.0,302.5,300-400,40%-50%
Frozen Bottle,2026-10-01,WK 40,Erode,Zomato,Dinner,COCO,TN,1237.0,995.0,61.88,2152.0,0,5,46.2360594795539,247.4,200-300,40%-50%
Frozen Bottle,2026-10-01,WK 40,Erode,Zomato,Late Night,COCO,TN,677.0,105.0,33.86,762.0,0,1,13.779527559055119,677.0,600-900,10%-20%
Frozen Bottle,2026-10-01,WK 40,Erode,Zomato,Lunch,COCO,TN,2841.5,1822.5,142.14,4504.0,0,8,40.464031971580816,355.1875,300-400,40%-50%
Frozen Bottle,2026-10-01,WK 40,Erode,Zomato,Snacks,COCO,TN,560.0,349.0,28.020000000000003,879.0,0,2,39.70420932878271,280.0,200-300,30%-40%
Madno,2026-10-01,WK 40,Erode,Swiggy,Dinner,COCO,TN,1322.0,1245.85,61.64,2477.85,0,6,50.27947615876667,220.33333333333334,200-300,50%-60%
Madno,2026-10-01,WK 40,Erode,Swiggy,Lunch,COCO,TN,129.0,100.0,5.96,219.0,0,1,45.662100456621005,129.0,100-200,40%-50%
Madno,2026-10-01,WK 40,Erode,Swiggy,Snacks,COCO,TN,150.0,140.0,7.0,280.0,0,1,50.0,150.0,100-200,40%-50%
Madno,2026-10-01,WK 40,Erode,Zomato,Dinner,COCO,TN,700.0,402.0,35.019999999999996,1052.0,0,3,38.21292775665399,233.33333333333334,200-300,30%-40%
Madno,2026-10-01,WK 40,Erode,Zomato,Late Night,COCO,TN,108.55,120.45,5.42,219.0,0,1,55.00000000000001,108.55,100-200,50%-60%
Frozen Bottle,2026-10-01,WK 40,Express Avenue Mall,In Store,Breakfast,COCO,TN,437.0,0.0,21.86,437.0,0,1,0.0,437.0,400-500,0%
Frozen Bottle,2026-10-01,WK 40,Express Avenue Mall,In Store,Dinner,COCO,TN,5493.23,0.0,274.8,5493.23,0,23,0.0,238.8360869565217,200-300,0%
Frozen Bottle,2026-10-01,WK 40,Express Avenue Mall,In Store,Lunch,COCO,TN,4172.0,0.0,208.72,4172.0,0,20,0.0,208.6,200-300,0%
Frozen Bottle,2026-10-01,WK 40,Express Avenue Mall,In Store,Snacks,COCO,TN,5637.0,0.0,282.02,5637.0,0,24,0.0,234.875,200-300,0%
Frozen Bottle,2026-10-01,WK 40,Express Avenue Mall,Swiggy,Dinner,COCO,TN,3075.26,2230.74,144.32,5116.0,0,13,43.60320562939796,236.55846153846156,200-300,40%-50%
Frozen Bottle,2026-10-01,WK 40,Express Avenue Mall,Swiggy,Late Night,COCO,TN,227.0,221.0,10.36,428.0,0,2,51.63551401869159,113.5,100-200,50%-60%
Frozen Bottle,2026-10-01,WK 40,Express Avenue Mall,Swiggy,Lunch,COCO,TN,1804.0,1091.0,84.24,2775.0,0,8,39.31531531531532,225.5,200-300,30%-40%
Frozen Bottle,2026-10-01,WK 40,Express Avenue Mall,Swiggy,Snacks,COCO,TN,2426.63,961.37,116.36,3288.0,0,6,29.238746958637467,404.43833333333333,400-500,20%-30%
Frozen Bottle,2026-10-01,WK 40,Express Avenue Mall,Zomato,Dinner,COCO,TN,3604.0,2823.0,180.28,6197.0,0,8,45.554300467968375,450.5,400-500,40%-50%
Frozen Bottle,2026-10-01,WK 40,Express Avenue Mall,Zomato,Late Night,COCO,TN,1670.0,580.0,83.54,2180.0,0,4,26.605504587155966,417.5,400-500,20%-30%
Frozen Bottle,2026-10-01,WK 40,Express Avenue Mall,Zomato,Lunch,COCO,TN,303.5,237.5,15.18,521.0,0,2,45.58541266794626,151.75,100-200,40%-50%
Frozen Bottle,2026-10-01,WK 40,Express Avenue Mall,Zomato,Snacks,COCO,TN,824.0,345.0,41.22,1129.0,0,3,30.558015943312668,274.6666666666667,200-300,30%-40%
Madno,2026-10-01,WK 40,Express Avenue Mall,Swiggy,Dinner,COCO,TN,1303.01,607.99,61.18,1831.0,0,4,33.205352266521025,325.7525,300-400,30%-40%
Madno,2026-10-01,WK 40,Express Avenue Mall,Swiggy,Lunch,COCO,TN,446.0,200.0,21.82,636.0,0,3,31.446540880503143,148.66666666666666,100-200,30%-40%
Madno,2026-10-01,WK 40,Express Avenue Mall,Swiggy,Snacks,COCO,TN,455.0,155.0,21.26,580.0,0,1,26.72413793103448,455.0,400-500,20%-30%
Madno,2026-10-01,WK 40,Express Avenue Mall,Zomato,Late Night,COCO,TN,398.0,140.0,19.9,518.0,0,1,27.027027027027028,398.0,300-400,20%-30%
Madno,2026-10-01,WK 40,Express Avenue Mall,Zomato,Lunch,COCO,TN,361.5,150.5,18.08,492.0,0,1,30.589430894308943,361.5,300-400,30%-40%
Frozen Bottle,2026-10-01,WK 40,FC Road,In Store,Dinner,FOFO,MH,2450.1,22.9,122.54,2473.0,0,10,0.9260008087343307,245.01,200-300,1%-10%
Frozen Bottle,2026-10-01,WK 40,FC Road,In Store,Late Night,FOFO,MH,486.0,0.0,24.3,486.0,0,2,0.0,243.0,200-300,0%
Frozen Bottle,2026-10-01,WK 40,FC Road,In Store,Lunch,FOFO,MH,1261.0,0.0,63.08,1261.0,0,5,0.0,252.2,200-300,0%
Frozen Bottle,2026-10-01,WK 40,FC Road,In Store,Snacks,FOFO,MH,1130.4,61.599999999999994,56.519999999999996,1192.0,0,4,5.167785234899328,282.6,200-300,1%-10%
Frozen Bottle,2026-10-01,WK 40,FC Road,Swiggy,Dinner,FOFO,MH,498.0,43.0,24.9,541.0,0,1,7.948243992606285,498.0,400-500,1%-10%
Frozen Bottle,2026-10-01,WK 40,FC Road,Swiggy,Late Night,FOFO,MH,149.3,59.7,6.96,199.0,0,1,30.0,149.3,100-200,20%-30%
Frozen Bottle,2026-10-01,WK 40,FC Road,Swiggy,Lunch,FOFO,MH,944.0,115.0,45.72,1029.0,0,3,11.175898931000972,314.6666666666667,300-400,10%-20%
Frozen Bottle,2026-10-01,WK 40,FC Road,Swiggy,Snacks,FOFO,MH,349.3,180.7,16.46,510.0,0,2,35.431372549019606,174.65,100-200,30%-40%
Frozen Bottle,2026-10-01,WK 40,FC Road,Zomato,Dinner,FOFO,MH,1371.0,445.0,68.6,1746.0,0,4,25.486827033218784,342.75,300-400,20%-30%
Frozen Bottle,2026-10-01,WK 40,FC Road,Zomato,Late Night,FOFO,MH,169.0,0.0,8.46,159.0,0,1,0.0,169.0,100-200,0%
Frozen Bottle,2026-10-01,WK 40,FC Road,Zomato,Lunch,FOFO,MH,830.0,740.0,41.5,1510.0,0,3,49.00662251655629,276.6666666666667,200-300,40%-50%
Frozen Bottle,2026-10-01,WK 40,Flipkart,In Store,Breakfast,FOFO,KA,99.0,0.0,4.96,99.0,0,1,0.0,99.0,0-100,0%
Frozen Bottle,2026-10-01,WK 40,Flipkart,In Store,Dinner,FOFO,KA,328.0,0.0,16.42,328.0,0,2,0.0,164.0,100-200,0%
Frozen Bottle,2026-10-01,WK 40,Flipkart,In Store,Lunch,FOFO,KA,2201.0,0.0,110.18,2201.0,0,14,0.0,157.21428571428572,100-200,0%
Frozen Bottle,2026-10-01,WK 40,Flipkart,In Store,Snacks,FOFO,KA,2925.0,0.0,146.4,2925.0,0,17,0.0,172.05882352941177,100-200,0%
Boba Bar,2026-10-01,WK 40,Frazer Town,Swiggy,Snacks,COCO,KA,99.0,91.0,4.96,190.0,0,1,47.89473684210526,99.0,0-100,40%-50%
Frozen Bottle,2026-10-01,WK 40,Frazer Town,In Store,Dinner,COCO,KA,633.0,0.0,31.68,633.0,0,4,0.0,158.25,100-200,0%
Frozen Bottle,2026-10-01,WK 40,Frazer Town,In Store,Lunch,COCO,KA,189.0,0.0,9.46,189.0,0,1,0.0,189.0,100-200,0%
Frozen Bottle,2026-10-01,WK 40,Frazer Town,In Store,Snacks,COCO,KA,530.1899999999999,69.04,26.54,599.23,0,5,11.521452530747792,106.03799999999998,100-200,10%-20%
Frozen Bottle,2026-10-01,WK 40,Frazer Town,Swiggy,Dinner,COCO,KA,4843.01,1792.99,231.18,6416.0,0,10,27.94560473815461,484.30100000000004,400-500,20%-30%
Frozen Bottle,2026-10-01,WK 40,Frazer Town,Swiggy,Late Night,COCO,KA,332.0,248.0,15.6,560.0,0,2,44.285714285714285,166.0,100-200,40%-50%
Frozen Bottle,2026-10-01,WK 40,Frazer Town,Swiggy,Lunch,COCO,KA,2358.0,998.0,114.44,3286.0,0,8,30.371272063298843,294.75,200-300,30%-40%
Frozen Bottle,2026-10-01,WK 40,Frazer Town,Swiggy,Snacks,COCO,KA,919.0,811.0,43.96,1690.0,0,6,47.98816568047337,153.16666666666666,100-200,40%-50%
Frozen Bottle,2026-10-01,WK 40,Frazer Town,Zomato,Breakfast,COCO,KA,190.0,0.0,9.5,180.0,0,1,0.0,190.0,100-200,0%
Frozen Bottle,2026-10-01,WK 40,Frazer Town,Zomato,Dinner,COCO,KA,1151.0,692.0,57.58,1773.0,0,5,39.02989283699944,230.2,200-300,30%-40%
Frozen Bottle,2026-10-01,WK 40,Frazer Town,Zomato,Lunch,COCO,KA,1140.0,0.0,57.0,1110.0,0,1,0.0,1140.0,>900,0%
Frozen Bottle,2026-10-01,WK 40,Frazer Town,Zomato,Snacks,COCO,KA,250.0,230.0,12.5,460.0,0,1,50.0,250.0,200-300,40%-50%
Madno,2026-10-01,WK 40,Frazer Town,Swiggy,Dinner,COCO,KA,1057.01,671.99,50.86,1689.0,0,5,39.7862640615749,211.402,200-300,30%-40%
Madno,2026-10-01,WK 40,Frazer Town,Swiggy,Late Night,COCO,KA,279.0,122.0,13.96,401.0,0,1,30.423940149625935,279.0,200-300,30%-40%
Madno,2026-10-01,WK 40,Frazer Town,Zomato,Dinner,COCO,KA,75.5,65.5,3.78,131.0,0,1,50.0,75.5,0-100,40%-50%
Madno,2026-10-01,WK 40,Frazer Town,Zomato,Lunch,COCO,KA,400.0,0.0,20.0,380.0,0,2,0.0,200.0,100-200,0%
Frozen Bottle,2026-10-01,WK 40,GIP GOA,In Store,Breakfast,FOFO,ROI,169.0,0.0,8.46,169.0,0,1,0.0,169.0,100-200,0%
Frozen Bottle,2026-10-01,WK 40,GIP GOA,In Store,Dinner,FOFO,ROI,1134.0,0.0,56.72,1134.0,0,4,0.0,283.5,200-300,0%
Frozen Bottle,2026-10-01,WK 40,GIP GOA,In Store,Late Night,FOFO,ROI,319.0,0.0,15.96,319.0,0,1,0.0,319.0,300-400,0%
Frozen Bottle,2026-10-01,WK 40,GIP GOA,In Store,Lunch,FOFO,ROI,239.0,0.0,11.96,239.0,0,1,0.0,239.0,200-300,0%
Frozen Bottle,2026-10-01,WK 40,GIP GOA,In Store,Snacks,FOFO,ROI,496.0,0.0,24.82,496.0,0,3,0.0,165.33333333333334,100-200,0%
Frozen Bottle,2026-10-01,WK 40,GIP GOA,Swiggy,Dinner,FOFO,ROI,440.0,0.0,21.5,430.0,0,1,0.0,440.0,400-500,0%
Frozen Bottle,2026-10-01,WK 40,GIP GOA,Swiggy,Snacks,FOFO,ROI,290.0,0.0,14.0,280.0,0,1,0.0,290.0,200-300,0%
Frozen Bottle,2026-10-01,WK 40,GIP GOA,Zomato,Snacks,FOFO,ROI,209.0,0.0,10.46,199.0,0,1,0.0,209.0,200-300,0%
Frozen Bottle,2026-10-01,WK 40,Gangadham,In Store,Dinner,FOFO,MH,3428.46,0.0,171.48000000000002,3428.46,0,12,0.0,285.705,200-300,0%
Frozen Bottle,2026-10-01,WK 40,Gangadham,In Store,Late Night,FOFO,MH,69.0,0.0,3.46,69.0,0,1,0.0,69.0,0-100,0%
Frozen Bottle,2026-10-01,WK 40,Gangadham,In Store,Snacks,FOFO,MH,1084.0,0.0,54.2,1084.0,0,3,0.0,361.3333333333333,300-400,0%
Frozen Bottle,2026-10-01,WK 40,Gangadham,Swiggy,Dinner,FOFO,MH,929.27,859.73,42.980000000000004,1719.0,0,4,50.01337987201862,232.3175,200-300,50%-60%
Frozen Bottle,2026-10-01,WK 40,Gangadham,Swiggy,Snacks,FOFO,MH,428.0,101.0,20.42,509.0,0,2,19.842829076620824,214.0,200-300,10%-20%
Frozen Bottle,2026-10-01,WK 40,Gangadham,Zomato,Breakfast,FOFO,MH,259.0,100.0,12.96,349.0,0,1,28.653295128939828,259.0,200-300,20%-30%
Frozen Bottle,2026-10-01,WK 40,Gangadham,Zomato,Closing,FOFO,MH,540.0,100.0,27.0,620.0,0,1,16.129032258064516,540.0,500-600,10%-20%
Frozen Bottle,2026-10-01,WK 40,Gangadham,Zomato,Dinner,FOFO,MH,2678.0,350.0,133.9,2928.0,0,4,11.953551912568305,669.5,600-900,10%-20%
Frozen Bottle,2026-10-01,WK 40,Gangadham,Zomato,Late Night,FOFO,MH,759.0,300.0,37.980000000000004,1019.0,0,3,29.44062806673209,253.0,200-300,20%-30%
Frozen Bottle,2026-10-01,WK 40,Gangadham,Zomato,Snacks,FOFO,MH,1311.0,200.0,65.56,1461.0,0,3,13.689253935660506,437.0,400-500,10%-20%
Frozen Bottle,2026-10-01,WK 40,Ghaziabad-1,Swiggy,Snacks,FOFO,ROI,349.0,0.0,16.96,339.0,0,1,0.0,349.0,300-400,0%
Frozen Bottle,2026-10-01,WK 40,Ghaziabad-1,Zomato,Dinner,FOFO,ROI,630.3,241.71,31.52,842.01,0,1,28.706309901307588,630.3,600-900,20%-30%
Frozen Bottle,2026-10-01,WK 40,Ghaziabad-2,In Store,Dinner,FOFO,ROI,477.05,0.0,23.86,477.05,0,1,0.0,477.05,400-500,0%
Boba Bar,2026-10-01,WK 40,Guduvanchery,Swiggy,Lunch,COCO,TN,456.5,123.5,21.82,560.0,0,1,22.053571428571427,456.5,400-500,20%-30%
Boba Bar,2026-10-01,WK 40,Guduvanchery,Swiggy,Snacks,COCO,TN,414.0,518.85,19.2,902.85,0,1,57.46801794317993,414.0,400-500,50%-60%
Frozen Bottle,2026-10-01,WK 40,Guduvanchery,In Store,Dinner,COCO,TN,6291.85,0.0,314.7,6291.85,0,24,0.0,262.16041666666666,200-300,0%
Frozen Bottle,2026-10-01,WK 40,Guduvanchery,In Store,Lunch,COCO,TN,3453.0,0.0,172.76,3453.0,0,16,0.0,215.8125,200-300,0%
Frozen Bottle,2026-10-01,WK 40,Guduvanchery,In Store,Snacks,COCO,TN,4943.31,0.0,247.26,4943.31,0,17,0.0,290.7829411764706,200-300,0%
Frozen Bottle,2026-10-01,WK 40,Guduvanchery,Swiggy,Dinner,COCO,TN,4898.0,2017.0,233.44,6685.0,0,16,30.172026925953627,306.125,300-400,30%-40%
Frozen Bottle,2026-10-01,WK 40,Guduvanchery,Swiggy,Late Night,COCO,TN,527.0,374.0,24.86,871.0,0,2,42.93915040183697,263.5,200-300,40%-50%
Frozen Bottle,2026-10-01,WK 40,Guduvanchery,Swiggy,Lunch,COCO,TN,2002.01,745.99,94.60000000000001,2638.0,0,5,28.278620166793022,400.402,400-500,20%-30%
Frozen Bottle,2026-10-01,WK 40,Guduvanchery,Swiggy,Snacks,COCO,TN,811.0,770.0,37.06,1511.0,0,4,50.95962938451357,202.75,200-300,50%-60%
Frozen Bottle,2026-10-01,WK 40,Guduvanchery,Zomato,Dinner,COCO,TN,2906.0,2618.0,145.36,5324.0,0,11,49.17355371900827,264.1818181818182,200-300,40%-50%
Frozen Bottle,2026-10-01,WK 40,Guduvanchery,Zomato,Late Night,COCO,TN,320.0,300.0,16.0,600.0,0,1,50.0,320.0,300-400,40%-50%
Frozen Bottle,2026-10-01,WK 40,Guduvanchery,Zomato,Lunch,COCO,TN,1032.9,849.43,51.66,1822.33,0,2,46.6123040283593,516.45,500-600,40%-50%
Frozen Bottle,2026-10-01,WK 40,Guduvanchery,Zomato,Snacks,COCO,TN,1179.5,907.5,59.0,2017.0,0,4,44.99256321269212,294.875,200-300,40%-50%
Madno,2026-10-01,WK 40,Guduvanchery,Swiggy,Dinner,COCO,TN,1124.01,419.99,52.7,1474.0,0,5,28.493215739484395,224.802,200-300,20%-30%
Madno,2026-10-01,WK 40,Guduvanchery,Swiggy,Late Night,COCO,TN,276.0,140.0,12.8,396.0,0,1,35.35353535353536,276.0,200-300,30%-40%
Madno,2026-10-01,WK 40,Guduvanchery,Swiggy,Lunch,COCO,TN,109.0,91.0,4.96,190.0,0,1,47.89473684210526,109.0,100-200,40%-50%
Madno,2026-10-01,WK 40,Guduvanchery,Swiggy,Snacks,COCO,TN,471.34000000000003,279.99,21.560000000000002,711.3299999999999,0,3,39.361477795116194,157.11333333333334,100-200,30%-40%
Madno,2026-10-01,WK 40,Guduvanchery,Zomato,Dinner,COCO,TN,208.0,0.0,10.4,198.0,0,1,0.0,208.0,200-300,0%
Madno,2026-10-01,WK 40,Guduvanchery,Zomato,Lunch,COCO,TN,180.0,80.0,9.0,250.0,0,1,32.0,180.0,100-200,30%-40%
Madno,2026-10-01,WK 40,Guduvanchery,Zomato,Snacks,COCO,TN,240.0,50.0,12.0,280.0,0,1,17.857142857142858,240.0,200-300,10%-20%
Frozen Bottle,2026-10-01,WK 40,Gunjur,In Store,Dinner,COCO,KA,1756.6100000000001,0.0,87.86,1756.6100000000001,0,7,0.0,250.94428571428574,200-300,0%
Frozen Bottle,2026-10-01,WK 40,Gunjur,In Store,Late Night,COCO,KA,388.03000000000003,0.0,19.400000000000002,388.03000000000003,0,2,0.0,194.01500000000001,100-200,0%
Frozen Bottle,2026-10-01,WK 40,Gunjur,In Store,Snacks,COCO,KA,1232.05,0.0,61.64,1232.05,0,6,0.0,205.34166666666667,200-300,0%
Frozen Bottle,2026-10-01,WK 40,Gunjur,Swiggy,Breakfast,COCO,KA,288.0,252.0,13.42,520.0,0,2,48.46153846153846,144.0,100-200,40%-50%
Frozen Bottle,2026-10-01,WK 40,Gunjur,Swiggy,Dinner,COCO,KA,4406.24,2419.76,207.84,6576.0,0,15,36.79683698296837,293.7493333333333,200-300,30%-40%
Frozen Bottle,2026-10-01,WK 40,Gunjur,Swiggy,Late Night,COCO,KA,1149.01,439.99,54.46,1529.0,0,3,28.77632439502943,383.00333333333333,300-400,20%-30%
Frozen Bottle,2026-10-01,WK 40,Gunjur,Swiggy,Lunch,COCO,KA,593.0,474.0,27.16,1017.0,0,2,46.607669616519175,296.5,200-300,40%-50%
Frozen Bottle,2026-10-01,WK 40,Gunjur,Swiggy,Snacks,COCO,KA,2008.01,809.99,96.92,2748.0,0,6,29.47561863173217,334.66833333333335,300-400,20%-30%
Frozen Bottle,2026-10-01,WK 40,Gunjur,Zomato,Dinner,COCO,KA,3981.6,3274.41,199.12,6996.01,0,12,46.803963973750754,331.8,300-400,40%-50%
Frozen Bottle,2026-10-01,WK 40,Gunjur,Zomato,Late Night,COCO,KA,523.7,276.3,26.2,770.0,0,2,35.883116883116884,261.85,200-300,30%-40%
Frozen Bottle,2026-10-01,WK 40,Gunjur,Zomato,Lunch,COCO,KA,125.0,115.0,6.26,230.0,0,1,50.0,125.0,100-200,40%-50%
Frozen Bottle,2026-10-01,WK 40,Gunjur,Zomato,Snacks,COCO,KA,1952.0,1558.0,97.64,3380.0,0,8,46.094674556213015,244.0,200-300,40%-50%
Madno,2026-10-01,WK 40,Gunjur,Ownly,Dinner,COCO,KA,626.85,0.0,31.36,626.85,0,2,0.0,313.425,300-400,0%
Madno,2026-10-01,WK 40,Gunjur,Swiggy,Dinner,COCO,KA,287.0,233.0,13.36,500.0,0,1,46.6,287.0,200-300,40%-50%
Madno,2026-10-01,WK 40,Gunjur,Swiggy,Lunch,COCO,KA,208.0,0.0,9.9,198.0,0,1,0.0,208.0,200-300,0%
Madno,2026-10-01,WK 40,Gunjur,Swiggy,Snacks,COCO,KA,238.0,192.0,10.9,410.0,0,1,46.82926829268293,238.0,200-300,40%-50%
Madno,2026-10-01,WK 40,Gunjur,Zomato,Dinner,COCO,KA,208.0,0.0,10.4,198.0,0,1,0.0,208.0,200-300,0%
Madno,2026-10-01,WK 40,Gunjur,Zomato,Snacks,COCO,KA,408.0,180.0,20.4,558.0,0,1,32.25806451612903,408.0,400-500,30%-40%
Frozen Bottle,2026-10-01,WK 40,Guwahati,In Store,Closing,FOFO,ROI,248.0,0.0,12.4,248.0,0,1,0.0,248.0,200-300,0%
Frozen Bottle,2026-10-01,WK 40,Guwahati,In Store,Dinner,FOFO,ROI,6277.0,0.0,313.96,6277.0,0,21,0.0,298.9047619047619,200-300,0%
Frozen Bottle,2026-10-01,WK 40,Guwahati,In Store,Lunch,FOFO,ROI,1124.0,0.0,56.22,1124.0,0,3,0.0,374.6666666666667,300-400,0%
Frozen Bottle,2026-10-01,WK 40,Guwahati,In Store,Snacks,FOFO,ROI,6304.0,0.0,315.3,6304.0,0,21,0.0,300.1904761904762,300-400,0%
Frozen Bottle,2026-10-01,WK 40,Guwahati,Zomato,Lunch,FOFO,ROI,340.0,0.0,17.0,330.0,0,1,0.0,340.0,300-400,0%
Frozen Bottle,2026-10-01,WK 40,Gwalior,In Store,Dinner,FOFO,ROI,3233.6,0.0,161.7,3233.6,0,11,0.0,293.96363636363634,200-300,0%
Frozen Bottle,2026-10-01,WK 40,Gwalior,In Store,Lunch,FOFO,ROI,1338.25,25.8,66.94,1364.05,0,7,1.891426267365566,191.17857142857142,100-200,1%-10%
Frozen Bottle,2026-10-01,WK 40,Gwalior,In Store,Snacks,FOFO,ROI,1595.3400000000001,0.0,79.78,1595.3400000000001,0,6,0.0,265.89000000000004,200-300,0%
Frozen Bottle,2026-10-01,WK 40,Gwalior,Swiggy,Dinner,FOFO,ROI,451.18,237.82,21.060000000000002,659.0,0,2,36.08801213960546,225.59,200-300,30%-40%
Frozen Bottle,2026-10-01,WK 40,Gwalior,Zomato,Dinner,FOFO,ROI,1192.0,835.0,59.620000000000005,1957.0,0,5,42.6673479816045,238.4,200-300,40%-50%
Frozen Bottle,2026-10-01,WK 40,Gwalior,Zomato,Lunch,FOFO,ROI,882.14,357.86,44.12,1190.0,0,4,30.07226890756303,220.535,200-300,30%-40%
Frozen Bottle,2026-10-01,WK 40,Gwalior,Zomato,Snacks,FOFO,ROI,250.0,199.0,12.5,429.0,0,1,46.386946386946384,250.0,200-300,40%-50%
Boba Bar,2026-10-01,WK 40,HSR Layout,Ownly,Dinner,COCO,KA,596.0,0.0,29.8,596.0,0,2,0.0,298.0,200-300,0%
Boba Bar,2026-10-01,WK 40,HSR Layout,Ownly,Late Night,COCO,KA,149.0,0.0,7.46,149.0,0,1,0.0,149.0,100-200,0%
Frozen Bottle,2026-10-01,WK 40,HSR Layout,In Store,Dinner,COCO,KA,3953.46,143.13,197.74,4096.59,0,13,3.4938814965617744,304.1123076923077,300-400,1%-10%
Frozen Bottle,2026-10-01,WK 40,HSR Layout,In Store,Late Night,COCO,KA,37.14,0.0,1.86,37.14,0,1,0.0,37.14,0-100,0%
Frozen Bottle,2026-10-01,WK 40,HSR Layout,In Store,Lunch,COCO,KA,99.0,0.0,4.96,99.0,0,1,0.0,99.0,0-100,0%
Frozen Bottle,2026-10-01,WK 40,HSR Layout,In Store,Snacks,COCO,KA,977.28,0.0,48.9,977.28,0,6,0.0,162.88,100-200,0%
Frozen Bottle,2026-10-01,WK 40,HSR Layout,Ownly,Dinner,COCO,KA,297.0,0.0,14.86,297.0,0,2,0.0,148.5,100-200,0%
Frozen Bottle,2026-10-01,WK 40,HSR Layout,Ownly,Late Night,COCO,KA,903.98,0.0,45.22,903.98,0,4,0.0,225.995,200-300,0%
Frozen Bottle,2026-10-01,WK 40,HSR Layout,Ownly,Lunch,COCO,KA,477.0,0.0,23.86,477.0,0,2,0.0,238.5,200-300,0%
Frozen Bottle,2026-10-01,WK 40,HSR Layout,Ownly,Snacks,COCO,KA,560.15,0.0,28.0,560.15,0,1,0.0,560.15,500-600,0%
Frozen Bottle,2026-10-01,WK 40,HSR Layout,Swiggy,Breakfast,COCO,KA,357.0,186.0,16.36,513.0,0,2,36.25730994152047,178.5,100-200,30%-40%
Frozen Bottle,2026-10-01,WK 40,HSR Layout,Swiggy,Dinner,COCO,KA,4256.01,1832.63,202.84,5888.64,0,17,31.121447397022063,250.35352941176473,200-300,30%-40%
Frozen Bottle,2026-10-01,WK 40,HSR Layout,Swiggy,Late Night,COCO,KA,4013.0,2244.33,189.24,6027.33,0,17,37.23589051868738,236.05882352941177,200-300,30%-40%
Frozen Bottle,2026-10-01,WK 40,HSR Layout,Swiggy,Lunch,COCO,KA,979.0,841.0,47.46,1790.0,0,5,46.98324022346368,195.8,100-200,40%-50%
Frozen Bottle,2026-10-01,WK 40,HSR Layout,Swiggy,Snacks,COCO,KA,1939.0,1230.33,91.48,3059.33,0,9,40.215668136487395,215.44444444444446,200-300,40%-50%
Frozen Bottle,2026-10-01,WK 40,HSR Layout,Zomato,Breakfast,COCO,KA,781.0,0.0,39.06,741.0,0,2,0.0,390.5,300-400,0%
Frozen Bottle,2026-10-01,WK 40,HSR Layout,Zomato,Dinner,COCO,KA,4255.3,3203.7,212.82,7199.0,0,16,44.50201416863453,265.95625,200-300,40%-50%
Frozen Bottle,2026-10-01,WK 40,HSR Layout,Zomato,Late Night,COCO,KA,3999.58,1857.6,200.02,5647.18,0,16,32.89429414327151,249.97375,200-300,30%-40%
Frozen Bottle,2026-10-01,WK 40,HSR Layout,Zomato,Lunch,COCO,KA,1383.5,905.5,69.18,2219.0,0,5,40.80666967102298,276.7,200-300,40%-50%
Frozen Bottle,2026-10-01,WK 40,HSR Layout,Zomato,Snacks,COCO,KA,2804.3,1994.7,140.26,4629.0,0,11,43.09138042773817,254.93636363636367,200-300,40%-50%
Madno,2026-10-01,WK 40,HSR Layout,Swiggy,Dinner,COCO,KA,578.0,220.0,28.9,798.0,0,2,27.56892230576441,289.0,200-300,20%-30%
Madno,2026-10-01,WK 40,HSR Layout,Swiggy,Late Night,COCO,KA,1257.01,723.84,60.86,1940.85,0,6,37.29499961357138,209.50166666666667,200-300,30%-40%
Madno,2026-10-01,WK 40,HSR Layout,Swiggy,Lunch,COCO,KA,409.0,230.0,19.96,629.0,0,3,36.56597774244833,136.33333333333334,100-200,30%-40%
Madno,2026-10-01,WK 40,HSR Layout,Swiggy,Snacks,COCO,KA,376.0,214.0,18.82,590.0,0,2,36.271186440677965,188.0,100-200,30%-40%
Madno,2026-10-01,WK 40,HSR Layout,Zomato,Dinner,COCO,KA,346.0,105.0,17.3,431.0,0,1,24.361948955916475,346.0,300-400,20%-30%
Madno,2026-10-01,WK 40,HSR Layout,Zomato,Late Night,COCO,KA,226.5,196.5,11.34,393.0,0,1,50.0,226.5,200-300,40%-50%
Madno,2026-10-01,WK 40,HSR Layout,Zomato,Lunch,COCO,KA,687.0,105.0,34.36,762.0,0,2,13.779527559055119,343.5,300-400,10%-20%
Madno,2026-10-01,WK 40,HSR Layout,Zomato,Snacks,COCO,KA,160.5,150.5,8.02,301.0,0,1,50.0,160.5,100-200,40%-50%
Frozen Bottle,2026-10-01,WK 40,Hadapsar,In Store,Dinner,FOFO,MH,715.0,0.0,35.800000000000004,715.0,0,5,0.0,143.0,100-200,0%
Frozen Bottle,2026-10-01,WK 40,Hadapsar,In Store,Lunch,FOFO,MH,1398.0,0.0,69.92,1398.0,0,5,0.0,279.6,200-300,0%
Frozen Bottle,2026-10-01,WK 40,Hadapsar,In Store,Snacks,FOFO,MH,228.0,0.0,11.4,228.0,0,1,0.0,228.0,200-300,0%
Frozen Bottle,2026-10-01,WK 40,Hadapsar,Swiggy,Dinner,FOFO,MH,890.0,0.0,43.0,860.0,0,1,0.0,890.0,600-900,0%
Frozen Bottle,2026-10-01,WK 40,Hadapsar,Swiggy,Late Night,FOFO,MH,340.0,0.0,16.5,330.0,0,1,0.0,340.0,300-400,0%
Frozen Bottle,2026-10-01,WK 40,Hadapsar,Swiggy,Lunch,FOFO,MH,330.0,0.0,16.0,320.0,0,1,0.0,330.0,300-400,0%
Frozen Bottle,2026-10-01,WK 40,Hadapsar,Swiggy,Snacks,FOFO,MH,1538.0,0.0,74.42,1488.0,0,3,0.0,512.6666666666666,500-600,0%
Frozen Bottle,2026-10-01,WK 40,Hadapsar,Zomato,Breakfast,FOFO,MH,502.0,200.0,25.1,682.0,0,1,29.32551319648094,502.0,500-600,20%-30%
Frozen Bottle,2026-10-01,WK 40,Hadapsar,Zomato,Dinner,FOFO,MH,5846.97,2002.04,292.42,7599.0,0,12,26.34609817081195,487.2475,400-500,20%-30%
Frozen Bottle,2026-10-01,WK 40,Hadapsar,Zomato,Late Night,FOFO,MH,250.0,230.0,12.5,460.0,0,1,50.0,250.0,200-300,40%-50%
Frozen Bottle,2026-10-01,WK 40,Hadapsar,Zomato,Lunch,FOFO,MH,1202.0,371.0,60.120000000000005,1513.0,0,2,24.52081956378057,601.0,600-900,20%-30%
Frozen Bottle,2026-10-01,WK 40,Hadapsar,Zomato,Snacks,FOFO,MH,820.0,430.0,41.0,1200.0,0,2,35.833333333333336,410.0,400-500,30%-40%
Madno,2026-10-01,WK 40,Hadapsar,Swiggy,Snacks,FOFO,MH,621.0,0.0,30.06,601.0,0,1,0.0,621.0,600-900,0%
Frozen Bottle,2026-10-01,WK 40,Hafizpet,In Store,Breakfast,FOFO,AP & TL,19.0,0.0,0.96,19.0,0,1,0.0,19.0,0-100,0%
Frozen Bottle,2026-10-01,WK 40,Hafizpet,In Store,Dinner,FOFO,AP & TL,2702.5,0.0,135.22,2702.5,0,14,0.0,193.03571428571428,100-200,0%
Frozen Bottle,2026-10-01,WK 40,Hafizpet,In Store,Late Night,FOFO,AP & TL,226.0,0.0,11.3,226.0,0,1,0.0,226.0,200-300,0%
Frozen Bottle,2026-10-01,WK 40,Hafizpet,In Store,Lunch,FOFO,AP & TL,139.0,0.0,6.96,139.0,0,1,0.0,139.0,100-200,0%
Frozen Bottle,2026-10-01,WK 40,Hafizpet,In Store,Snacks,FOFO,AP & TL,1232.0,0.0,61.660000000000004,1232.0,0,10,0.0,123.2,100-200,0%
Frozen Bottle,2026-10-01,WK 40,Hafizpet,Swiggy,Breakfast,FOFO,AP & TL,573.01,74.99,27.66,628.0,0,1,11.94108280254777,573.01,500-600,10%-20%
Frozen Bottle,2026-10-01,WK 40,Hafizpet,Swiggy,Closing,FOFO,AP & TL,516.01,74.99,24.8,571.0,0,1,13.13309982486865,516.01,500-600,10%-20%
Frozen Bottle,2026-10-01,WK 40,Hafizpet,Swiggy,Dinner,FOFO,AP & TL,2123.01,74.99,102.16,2118.0,0,5,3.540604343720491,424.60200000000003,400-500,1%-10%
Frozen Bottle,2026-10-01,WK 40,Hafizpet,Swiggy,Lunch,FOFO,AP & TL,278.0,24.0,13.9,302.0,0,1,7.9470198675496695,278.0,200-300,1%-10%
Frozen Bottle,2026-10-01,WK 40,Hafizpet,Zomato,Breakfast,FOFO,AP & TL,334.0,75.0,16.7,399.0,0,1,18.796992481203006,334.0,300-400,10%-20%
Frozen Bottle,2026-10-01,WK 40,Hafizpet,Zomato,Closing,FOFO,AP & TL,418.0,0.0,20.92,398.0,0,2,0.0,209.0,200-300,0%
Frozen Bottle,2026-10-01,WK 40,Hafizpet,Zomato,Dinner,FOFO,AP & TL,3976.8,765.2,198.86,4572.0,0,10,16.73665791776028,397.68,300-400,10%-20%
Frozen Bottle,2026-10-01,WK 40,Hafizpet,Zomato,Late Night,FOFO,AP & TL,403.2,95.8,20.16,479.0,0,2,20.0,201.6,200-300,10%-20%
Frozen Bottle,2026-10-01,WK 40,Hafizpet,Zomato,Lunch,FOFO,AP & TL,868.8,207.2,43.44,1036.0,0,4,20.0,217.2,200-300,10%-20%
Frozen Bottle,2026-10-01,WK 40,Hafizpet,Zomato,Snacks,FOFO,AP & TL,783.0,215.99,39.16,958.99,0,2,22.522654042273643,391.5,300-400,20%-30%
Madno,2026-10-01,WK 40,Hafizpet,Swiggy,Dinner,FOFO,AP & TL,580.0,80.0,28.0,640.0,0,1,12.5,580.0,500-600,10%-20%
Madno,2026-10-01,WK 40,Hafizpet,Swiggy,Late Night,FOFO,AP & TL,304.01,44.99,14.2,329.0,0,1,13.674772036474165,304.01,300-400,10%-20%
Madno,2026-10-01,WK 40,Hafizpet,Swiggy,Snacks,FOFO,AP & TL,460.3,77.7,22.02,518.0,0,1,15.0,460.3,400-500,10%-20%
Madno,2026-10-01,WK 40,Hafizpet,Zomato,Late Night,FOFO,AP & TL,326.0,75.0,16.32,381.0,0,1,19.68503937007874,326.0,300-400,10%-20%
Madno,2026-10-01,WK 40,Hafizpet,Zomato,Snacks,FOFO,AP & TL,415.0,75.0,20.74,470.0,0,1,15.957446808510639,415.0,400-500,10%-20%
Frozen Bottle,2026-10-01,WK 40,Hanumakonda,In Store,Dinner,FOFO,AP & TL,1967.0,0.0,98.4,1967.0,0,9,0.0,218.55555555555554,200-300,0%
Frozen Bottle,2026-10-01,WK 40,Hanumakonda,In Store,Lunch,FOFO,AP & TL,813.5,0.0,40.68,813.5,0,4,0.0,203.375,200-300,0%
Frozen Bottle,2026-10-01,WK 40,Hanumakonda,In Store,Snacks,FOFO,AP & TL,1006.5,0.0,50.38,1006.5,0,7,0.0,143.78571428571428,100-200,0%
Frozen Bottle,2026-10-01,WK 40,Hanumakonda,Swiggy,Dinner,FOFO,AP & TL,500.0,0.0,24.0,480.0,0,1,0.0,500.0,400-500,0%
Frozen Bottle,2026-10-01,WK 40,Hanumakonda,Swiggy,Snacks,FOFO,AP & TL,330.0,0.0,16.0,320.0,0,1,0.0,330.0,300-400,0%
Frozen Bottle,2026-10-01,WK 40,Hanumakonda,Zomato,Dinner,FOFO,AP & TL,630.0,0.0,31.5,610.0,0,2,0.0,315.0,300-400,0%
Frozen Bottle,2026-10-01,WK 40,Hanumakonda,Zomato,Snacks,FOFO,AP & TL,340.0,0.0,17.0,330.0,0,1,0.0,340.0,300-400,0%
Frozen Bottle,2026-10-01,WK 40,Harlur Road,In Store,Dinner,COCO,KA,1631.0,0.0,81.6,1631.0,0,6,0.0,271.8333333333333,200-300,0%
Frozen Bottle,2026-10-01,WK 40,Harlur Road,In Store,Late Night,COCO,KA,147.0,0.0,7.36,147.0,0,1,0.0,147.0,100-200,0%
Frozen Bottle,2026-10-01,WK 40,Harlur Road,In Store,Lunch,COCO,KA,258.0,0.0,12.92,258.0,0,2,0.0,129.0,100-200,0%
Frozen Bottle,2026-10-01,WK 40,Harlur Road,In Store,Snacks,COCO,KA,378.0,0.0,18.9,378.0,0,1,0.0,378.0,300-400,0%
Frozen Bottle,2026-10-01,WK 40,Harlur Road,Ownly,Snacks,COCO,KA,178.0,0.0,8.9,178.0,0,1,0.0,178.0,100-200,0%
Frozen Bottle,2026-10-01,WK 40,Harlur Road,Swiggy,Dinner,COCO,KA,6685.04,3492.29,317.32,9837.33,0,20,35.50038475887258,334.252,300-400,30%-40%
Frozen Bottle,2026-10-01,WK 40,Harlur Road,Swiggy,Late Night,COCO,KA,3064.02,1672.98,145.24,4577.0,0,9,36.551889884203625,340.44666666666666,300-400,30%-40%
Frozen Bottle,2026-10-01,WK 40,Harlur Road,Swiggy,Lunch,COCO,KA,960.0,720.0,45.54,1630.0,0,5,44.171779141104295,192.0,100-200,40%-50%
Frozen Bottle,2026-10-01,WK 40,Harlur Road,Swiggy,Snacks,COCO,KA,2469.0,1823.0,115.5,4132.0,0,9,44.1190706679574,274.3333333333333,200-300,40%-50%
Frozen Bottle,2026-10-01,WK 40,Harlur Road,Zomato,Dinner,COCO,KA,1672.0,984.0,83.64,2556.0,0,7,38.497652582159624,238.85714285714286,200-300,30%-40%
Frozen Bottle,2026-10-01,WK 40,Harlur Road,Zomato,Late Night,COCO,KA,801.2,86.8,40.06,868.0,0,1,10.0,801.2,600-900,1%-10%
Frozen Bottle,2026-10-01,WK 40,Harlur Road,Zomato,Lunch,COCO,KA,190.0,0.0,9.5,180.0,0,1,0.0,190.0,100-200,0%
Frozen Bottle,2026-10-01,WK 40,Harlur Road,Zomato,Snacks,COCO,KA,439.0,200.0,21.96,609.0,0,3,32.84072249589491,146.33333333333334,100-200,30%-40%
Madno,2026-10-01,WK 40,Harlur Road,Ownly,Dinner,COCO,KA,477.0,0.0,23.86,477.0,0,2,0.0,238.5,200-300,0%
Madno,2026-10-01,WK 40,Harlur Road,Ownly,Snacks,COCO,KA,468.0,0.0,23.4,468.0,0,1,0.0,468.0,400-500,0%
Madno,2026-10-01,WK 40,Harlur Road,Swiggy,Dinner,COCO,KA,928.01,662.84,43.9,1540.85,0,3,43.01781484245709,309.33666666666664,300-400,40%-50%
Madno,2026-10-01,WK 40,Harlur Road,Swiggy,Lunch,COCO,KA,98.0,140.0,4.4,228.0,0,1,61.40350877192983,98.0,0-100,60%-70%
Madno,2026-10-01,WK 40,Harlur Road,Swiggy,Snacks,COCO,KA,200.0,0.0,9.5,190.0,0,1,0.0,200.0,100-200,0%
Madno,2026-10-01,WK 40,Harlur Road,Zomato,Dinner,COCO,KA,160.5,150.5,8.02,301.0,0,1,50.0,160.5,100-200,40%-50%
Madno,2026-10-01,WK 40,Harlur Road,Zomato,Late Night,COCO,KA,160.5,150.5,8.02,301.0,0,1,50.0,160.5,100-200,40%-50%
Madno,2026-10-01,WK 40,Harlur Road,Zomato,Lunch,COCO,KA,408.0,0.0,20.4,388.0,0,2,0.0,204.0,200-300,0%
Boba Bar,2026-10-01,WK 40,Hinjewadi,Swiggy,Late Night,COCO,MH,97.0,133.0,4.36,220.0,0,1,60.45454545454545,97.0,0-100,60%-70%
Frozen Bottle,2026-10-01,WK 40,Hinjewadi,In Store,Dinner,COCO,MH,2694.96,69.04,134.8,2764.0,0,13,2.4978292329956586,207.30461538461537,200-300,1%-10%
Frozen Bottle,2026-10-01,WK 40,Hinjewadi,In Store,Late Night,COCO,MH,297.0,0.0,14.86,297.0,0,2,0.0,148.5,100-200,0%
Frozen Bottle,2026-10-01,WK 40,Hinjewadi,In Store,Lunch,COCO,MH,1242.0,0.0,62.120000000000005,1242.0,0,5,0.0,248.4,200-300,0%
Frozen Bottle,2026-10-01,WK 40,Hinjewadi,In Store,Snacks,COCO,MH,2231.91,211.78,111.62,2443.69,0,9,8.666402039538566,247.98999999999998,200-300,1%-10%
Frozen Bottle,2026-10-01,WK 40,Hinjewadi,Others,Dinner,COCO,MH,108.45,151.55,5.42,250.0,0,1,60.620000000000005,108.45,100-200,60%-70%
Frozen Bottle,2026-10-01,WK 40,Hinjewadi,Swiggy,Closing,COCO,MH,332.0,248.0,15.6,560.0,0,2,44.285714285714285,166.0,100-200,40%-50%
Frozen Bottle,2026-10-01,WK 40,Hinjewadi,Swiggy,Dinner,COCO,MH,3755.7799999999997,3284.2200000000003,175.34,6790.0,0,22,48.368483063328426,170.71727272727273,100-200,40%-50%
Frozen Bottle,2026-10-01,WK 40,Hinjewadi,Swiggy,Late Night,COCO,MH,3937.65,2452.53,186.44,6180.18,0,14,39.68379561760337,281.2607142857143,200-300,30%-40%
Frozen Bottle,2026-10-01,WK 40,Hinjewadi,Swiggy,Lunch,COCO,MH,1406.63,1123.7,64.88,2420.33,0,7,46.42755326752964,200.94714285714286,200-300,40%-50%
Frozen Bottle,2026-10-01,WK 40,Hinjewadi,Swiggy,Snacks,COCO,MH,1540.0,838.33,72.02,2278.33,0,5,36.79581096680464,308.0,300-400,30%-40%
Frozen Bottle,2026-10-01,WK 40,Hinjewadi,Zomato,Breakfast,COCO,MH,615.0,105.0,30.76,690.0,0,1,15.217391304347828,615.0,600-900,10%-20%
Frozen Bottle,2026-10-01,WK 40,Hinjewadi,Zomato,Closing,COCO,MH,429.0,200.0,21.46,609.0,0,1,32.84072249589491,429.0,400-500,30%-40%
Frozen Bottle,2026-10-01,WK 40,Hinjewadi,Zomato,Dinner,COCO,MH,7280.87,5667.47,364.22,12508.33,0,21,45.30956570541391,346.7080952380952,300-400,40%-50%
Frozen Bottle,2026-10-01,WK 40,Hinjewadi,Zomato,Late Night,COCO,MH,2877.68,1292.68,143.92,4000.36,0,11,32.31409173174414,261.6072727272727,200-300,30%-40%
Frozen Bottle,2026-10-01,WK 40,Hinjewadi,Zomato,Lunch,COCO,MH,735.0,616.0,36.8,1291.0,0,4,47.714949651432995,183.75,100-200,40%-50%
Frozen Bottle,2026-10-01,WK 40,Hinjewadi,Zomato,Snacks,COCO,MH,149.3,59.7,7.46,199.0,0,1,30.0,149.3,100-200,20%-30%
Madno,2026-10-01,WK 40,Hinjewadi,Swiggy,Dinner,COCO,MH,1204.0,1101.0,56.22,2225.0,0,6,49.48314606741573,200.66666666666666,200-300,40%-50%
Madno,2026-10-01,WK 40,Hinjewadi,Swiggy,Late Night,COCO,MH,1839.03,802.8199999999999,86.48,2531.85,0,5,31.7088295120169,367.806,300-400,30%-40%
Madno,2026-10-01,WK 40,Hinjewadi,Swiggy,Lunch,COCO,MH,400.0,0.0,19.0,380.0,0,2,0.0,200.0,100-200,0%
Madno,2026-10-01,WK 40,Hinjewadi,Swiggy,Snacks,COCO,MH,806.0,443.0,37.8,1199.0,0,4,36.94745621351126,201.5,200-300,30%-40%
Madno,2026-10-01,WK 40,Hinjewadi,Zomato,Dinner,COCO,MH,1111.55,542.78,55.6,1584.33,0,5,34.25927679208245,222.31,200-300,30%-40%
Madno,2026-10-01,WK 40,Hinjewadi,Zomato,Late Night,COCO,MH,590.0,131.0,29.52,691.0,0,2,18.958031837916064,295.0,200-300,10%-20%
Madno,2026-10-01,WK 40,Hinjewadi,Zomato,Lunch,COCO,MH,532.4,185.6,26.619999999999997,688.0,0,2,26.97674418604651,266.2,200-300,20%-30%
Madno,2026-10-01,WK 40,Hinjewadi,Zomato,Snacks,COCO,MH,235.9,25.1,11.8,251.0,0,1,10.0,235.9,200-300,1%-10%
Boba Bar,2026-10-01,WK 40,Hinjewadi Phase 3,Zomato,Snacks,COCO,MH,340.0,280.0,17.0,600.0,0,1,46.666666666666664,340.0,300-400,40%-50%
Frozen Bottle,2026-10-01,WK 40,Hinjewadi Phase 3,In Store,Closing,COCO,MH,199.0,0.0,9.96,199.0,0,1,0.0,199.0,100-200,0%
Frozen Bottle,2026-10-01,WK 40,Hinjewadi Phase 3,In Store,Dinner,COCO,MH,1963.2,190.8,98.2,2154.0,0,9,8.857938718662952,218.13333333333333,200-300,1%-10%
Frozen Bottle,2026-10-01,WK 40,Hinjewadi Phase 3,In Store,Lunch,COCO,MH,393.23,53.77,19.68,447.0,0,3,12.029082774049217,131.07666666666668,100-200,10%-20%
Frozen Bottle,2026-10-01,WK 40,Hinjewadi Phase 3,In Store,Snacks,COCO,MH,592.0,0.0,29.6,592.0,0,2,0.0,296.0,200-300,0%
Frozen Bottle,2026-10-01,WK 40,Hinjewadi Phase 3,Swiggy,Dinner,COCO,MH,4890.639999999999,2648.36,232.6,7299.0,0,16,36.28387450335663,305.66499999999996,300-400,30%-40%
Frozen Bottle,2026-10-01,WK 40,Hinjewadi Phase 3,Swiggy,Late Night,COCO,MH,699.52,815.48,31.48,1445.0,0,7,56.43460207612458,99.93142857142857,0-100,50%-60%
Frozen Bottle,2026-10-01,WK 40,Hinjewadi Phase 3,Swiggy,Lunch,COCO,MH,307.01,164.84,14.86,461.85,0,2,35.69124174515535,153.505,100-200,30%-40%
Frozen Bottle,2026-10-01,WK 40,Hinjewadi Phase 3,Swiggy,Snacks,COCO,MH,4059.01,1956.99,192.5,5806.0,0,12,33.706338270754394,338.25083333333333,300-400,30%-40%
Frozen Bottle,2026-10-01,WK 40,Hinjewadi Phase 3,Zomato,Dinner,COCO,MH,5953.5,3837.5,297.78000000000003,9451.0,0,17,40.60416887101894,350.20588235294116,300-400,40%-50%
Frozen Bottle,2026-10-01,WK 40,Hinjewadi Phase 3,Zomato,Late Night,COCO,MH,679.0,630.0,33.980000000000004,1259.0,0,3,50.03971405877681,226.33333333333334,200-300,50%-60%
Frozen Bottle,2026-10-01,WK 40,Hinjewadi Phase 3,Zomato,Lunch,COCO,MH,1393.0,973.0,69.7,2286.0,0,7,42.56342957130359,199.0,100-200,40%-50%
Frozen Bottle,2026-10-01,WK 40,Hinjewadi Phase 3,Zomato,Snacks,COCO,MH,1171.0,990.0,58.58,2091.0,0,4,47.34576757532281,292.75,200-300,40%-50%
Madno,2026-10-01,WK 40,Hinjewadi Phase 3,Swiggy,Dinner,COCO,MH,542.0,600.0,25.119999999999997,1102.0,0,3,54.44646098003629,180.66666666666666,100-200,50%-60%
Madno,2026-10-01,WK 40,Hinjewadi Phase 3,Swiggy,Late Night,COCO,MH,119.0,100.0,5.96,219.0,0,1,45.662100456621005,119.0,100-200,40%-50%
Madno,2026-10-01,WK 40,Hinjewadi Phase 3,Swiggy,Lunch,COCO,MH,468.0,460.0,21.9,898.0,0,2,51.224944320712694,234.0,200-300,50%-60%
Madno,2026-10-01,WK 40,Hinjewadi Phase 3,Swiggy,Snacks,COCO,MH,218.0,182.0,9.9,380.0,0,1,47.89473684210526,218.0,200-300,40%-50%
Madno,2026-10-01,WK 40,Hinjewadi Phase 3,Zomato,Dinner,COCO,MH,1396.1,240.9,69.82,1567.0,0,4,15.373324824505424,349.025,300-400,10%-20%
Madno,2026-10-01,WK 40,Hinjewadi Phase 3,Zomato,Late Night,COCO,MH,633.0,80.0,31.66,673.0,0,2,11.88707280832095,316.5,300-400,10%-20%
Madno,2026-10-01,WK 40,Hinjewadi Phase 3,Zomato,Lunch,COCO,MH,351.0,50.0,17.56,381.0,0,1,13.123359580052494,351.0,300-400,10%-20%
Madno,2026-10-01,WK 40,Hinjewadi Phase 3,Zomato,Snacks,COCO,MH,150.0,80.0,7.5,220.0,0,1,36.36363636363637,150.0,100-200,30%-40%
Frozen Bottle,2026-10-01,WK 40,Hosakote,In Store,Dinner,FOFO,KA,3547.79,0.0,177.42,3547.79,0,9,0.0,394.19888888888886,300-400,0%
Frozen Bottle,2026-10-01,WK 40,Hosakote,In Store,Snacks,FOFO,KA,785.0,0.0,39.28,785.0,0,4,0.0,196.25,100-200,0%
Frozen Bottle,2026-10-01,WK 40,Hosur,In Store,Dinner,FOFO,TN,2979.23,0.0,149.02,2979.23,0,8,0.0,372.40375,300-400,0%
Frozen Bottle,2026-10-01,WK 40,Hosur,In Store,Lunch,FOFO,TN,1247.23,0.0,62.36,1247.23,0,3,0.0,415.74333333333334,400-500,0%
Frozen Bottle,2026-10-01,WK 40,Hosur,In Store,Snacks,FOFO,TN,789.23,0.0,39.480000000000004,789.23,0,4,0.0,197.3075,100-200,0%
Frozen Bottle,2026-10-01,WK 40,Hosur,Swiggy,Dinner,FOFO,TN,486.0,135.0,23.299999999999997,601.0,0,2,22.462562396006653,243.0,200-300,20%-30%
Frozen Bottle,2026-10-01,WK 40,Hosur,Swiggy,Snacks,FOFO,TN,673.0,135.0,32.16,778.0,0,3,17.35218508997429,224.33333333333334,200-300,10%-20%
Frozen Bottle,2026-10-01,WK 40,Hosur,Zomato,Dinner,FOFO,TN,1135.3,255.7,56.8,1331.0,0,3,19.211119459053343,378.43333333333334,300-400,10%-20%
Frozen Bottle,2026-10-01,WK 40,Hosur,Zomato,Lunch,FOFO,TN,1272.0,225.0,63.64,1437.0,0,4,15.657620041753653,318.0,300-400,10%-20%
Frozen Bottle,2026-10-01,WK 40,Hosur,Zomato,Snacks,FOFO,TN,3028.6,679.4,151.5,3558.0,0,11,19.094997189432263,275.3272727272727,200-300,10%-20%
Frozen Bottle,2026-10-01,WK 40,ITPL,In Store,Dinner,COCO,KA,1847.96,69.04,92.42,1917.0,0,6,3.6014606155451228,307.99333333333334,300-400,1%-10%
Frozen Bottle,2026-10-01,WK 40,ITPL,In Store,Lunch,COCO,KA,852.0,0.0,42.620000000000005,852.0,0,4,0.0,213.0,200-300,0%
Frozen Bottle,2026-10-01,WK 40,ITPL,In Store,Snacks,COCO,KA,1002.0,0.0,50.120000000000005,1002.0,0,5,0.0,200.4,200-300,0%
Frozen Bottle,2026-10-01,WK 40,ITPL,Ownly,Dinner,COCO,KA,348.0,0.0,17.42,348.0,0,2,0.0,174.0,100-200,0%
Frozen Bottle,2026-10-01,WK 40,ITPL,Ownly,Late Night,COCO,KA,367.0,0.0,18.380000000000003,367.0,0,3,0.0,122.33333333333333,100-200,0%
Frozen Bottle,2026-10-01,WK 40,ITPL,Ownly,Lunch,COCO,KA,381.5,0.0,19.1,381.5,0,3,0.0,127.16666666666667,100-200,0%
Frozen Bottle,2026-10-01,WK 40,ITPL,Ownly,Snacks,COCO,KA,168.0,0.0,8.4,168.0,0,1,0.0,168.0,100-200,0%
Frozen Bottle,2026-10-01,WK 40,ITPL,Swiggy,Dinner,COCO,KA,2071.88,1285.1200000000001,97.62,3237.0,0,8,39.70095767686129,258.985,200-300,30%-40%
Frozen Bottle,2026-10-01,WK 40,ITPL,Swiggy,Late Night,COCO,KA,2243.64,1398.02,106.2,3521.66,0,8,39.697756171805345,280.455,200-300,30%-40%
Frozen Bottle,2026-10-01,WK 40,ITPL,Swiggy,Lunch,COCO,KA,83.63,125.37,3.68,199.0,0,1,63.0,83.63,0-100,60%-70%
Frozen Bottle,2026-10-01,WK 40,ITPL,Swiggy,Snacks,COCO,KA,678.64,441.69,31.46,1070.33,0,3,41.266712135509614,226.21333333333334,200-300,40%-50%
Frozen Bottle,2026-10-01,WK 40,ITPL,Zomato,Dinner,COCO,KA,1422.3,898.7,71.16,2221.0,0,8,40.46375506528591,177.7875,100-200,40%-50%
Frozen Bottle,2026-10-01,WK 40,ITPL,Zomato,Late Night,COCO,KA,1834.0,905.0,91.7,2649.0,0,5,34.16383540958852,366.8,300-400,30%-40%
Frozen Bottle,2026-10-01,WK 40,ITPL,Zomato,Lunch,COCO,KA,1499.8,1546.2,75.06,2936.0,0,8,52.663487738419626,187.475,100-200,50%-60%
Frozen Bottle,2026-10-01,WK 40,ITPL,Zomato,Snacks,COCO,KA,464.0,434.0,23.22,868.0,0,2,50.0,232.0,200-300,40%-50%
Madno,2026-10-01,WK 40,ITPL,Ownly,Dinner,COCO,KA,159.0,0.0,7.96,159.0,0,1,0.0,159.0,100-200,0%
Madno,2026-10-01,WK 40,ITPL,Ownly,Late Night,COCO,KA,255.0,0.0,12.76,255.0,0,2,0.0,127.5,100-200,0%
Madno,2026-10-01,WK 40,ITPL,Swiggy,Dinner,COCO,KA,366.0,203.32999999999998,16.8,539.3299999999999,0,2,37.700480225464936,183.0,100-200,30%-40%
Madno,2026-10-01,WK 40,ITPL,Swiggy,Late Night,COCO,KA,229.0,280.0,10.46,489.0,0,2,57.259713701431494,114.5,100-200,50%-60%
Madno,2026-10-01,WK 40,ITPL,Swiggy,Snacks,COCO,KA,812.0,722.85,37.120000000000005,1464.85,0,2,49.34634945557566,406.0,400-500,40%-50%
Madno,2026-10-01,WK 40,ITPL,Zomato,Dinner,COCO,KA,492.1,274.9,24.62,737.0,0,3,37.29986431478968,164.03333333333333,100-200,30%-40%
Madno,2026-10-01,WK 40,ITPL,Zomato,Late Night,COCO,KA,459.55,177.45,22.98,607.0,0,2,29.233937397034595,229.775,200-300,20%-30%
Boba Bar,2026-10-01,WK 40,Indiranagar - CK,Swiggy,Dinner,COCO,KA,208.0,195.33,8.9,373.33,0,1,52.32100286609702,208.0,200-300,50%-60%
Boba Bar,2026-10-01,WK 40,Indiranagar - CK,Swiggy,Lunch,COCO,KA,730.0,711.85,33.0,1371.85,0,1,51.88978386849875,730.0,600-900,50%-60%
Frozen Bottle,2026-10-01,WK 40,Indiranagar - CK,Ownly,Dinner,COCO,KA,448.45,0.0,22.42,448.45,0,1,0.0,448.45,400-500,0%
Frozen Bottle,2026-10-01,WK 40,Indiranagar - CK,Swiggy,Dinner,COCO,KA,3797.0,2474.0,182.38,6121.0,0,11,40.41823231498121,345.1818181818182,300-400,40%-50%
Frozen Bottle,2026-10-01,WK 40,Indiranagar - CK,Swiggy,Late Night,COCO,KA,190.0,0.0,9.0,180.0,0,1,0.0,190.0,100-200,0%
Frozen Bottle,2026-10-01,WK 40,Indiranagar - CK,Swiggy,Lunch,COCO,KA,1417.0,1143.0,67.38,2490.0,0,6,45.903614457831324,236.16666666666666,200-300,40%-50%
Frozen Bottle,2026-10-01,WK 40,Indiranagar - CK,Swiggy,Snacks,COCO,KA,2204.0,463.0,105.72,2577.0,0,5,17.96662786185487,440.8,400-500,10%-20%
Frozen Bottle,2026-10-01,WK 40,Indiranagar - CK,Zomato,Dinner,COCO,KA,2416.0,1785.0,120.84,4061.0,0,9,43.95469096281704,268.44444444444446,200-300,40%-50%
Frozen Bottle,2026-10-01,WK 40,Indiranagar - CK,Zomato,Late Night,COCO,KA,1479.0,411.0,73.96000000000001,1840.0,0,2,22.33695652173913,739.5,600-900,20%-30%
Frozen Bottle,2026-10-01,WK 40,Indiranagar - CK,Zomato,Lunch,COCO,KA,1528.0,873.0,76.44,2311.0,0,6,37.77585460839463,254.66666666666666,200-300,30%-40%
Frozen Bottle,2026-10-01,WK 40,Indiranagar - CK,Zomato,Snacks,COCO,KA,2261.0,971.0,113.10000000000001,3112.0,0,6,31.20179948586118,376.8333333333333,300-400,30%-40%
Madno,2026-10-01,WK 40,Indiranagar - CK,Ownly,Dinner,COCO,KA,370.35,0.0,18.520000000000003,370.35,0,2,0.0,185.175,100-200,0%
Madno,2026-10-01,WK 40,Indiranagar - CK,Swiggy,Dinner,COCO,KA,181.0,0.0,8.56,171.0,0,1,0.0,181.0,100-200,0%
Madno,2026-10-01,WK 40,Indiranagar - CK,Swiggy,Lunch,COCO,KA,586.0,658.85,26.8,1194.85,0,2,55.14081265430808,293.0,200-300,50%-60%
Madno,2026-10-01,WK 40,Indiranagar - CK,Swiggy,Snacks,COCO,KA,223.0,98.0,11.16,321.0,0,1,30.529595015576323,223.0,200-300,30%-40%
Frozen Bottle,2026-10-01,WK 40,Iyyappanthangal - CK,Swiggy,Dinner,COCO,TN,4428.65,2500.35,208.96,6679.0,0,14,37.43599341218745,316.33214285714286,300-400,30%-40%
Frozen Bottle,2026-10-01,WK 40,Iyyappanthangal - CK,Swiggy,Late Night,COCO,TN,1065.0,486.0,51.26,1511.0,0,4,32.16412971542025,266.25,200-300,30%-40%
Frozen Bottle,2026-10-01,WK 40,Iyyappanthangal - CK,Swiggy,Lunch,COCO,TN,1652.6399999999999,251.36,79.14,1834.0,0,3,13.705561613958562,550.88,500-600,10%-20%
Frozen Bottle,2026-10-01,WK 40,Iyyappanthangal - CK,Swiggy,Snacks,COCO,TN,83.63,125.37,3.68,199.0,0,1,63.0,83.63,0-100,60%-70%
Frozen Bottle,2026-10-01,WK 40,Iyyappanthangal - CK,Zomato,Breakfast,COCO,TN,265.0,75.0,13.26,330.0,0,1,22.727272727272727,265.0,200-300,20%-30%
Frozen Bottle,2026-10-01,WK 40,Iyyappanthangal - CK,Zomato,Dinner,COCO,TN,2643.0,1952.0,132.18,4445.0,0,6,43.914510686164235,440.5,400-500,40%-50%
Frozen Bottle,2026-10-01,WK 40,Iyyappanthangal - CK,Zomato,Late Night,COCO,TN,1872.4,857.6,93.64,2640.0,0,4,32.484848484848484,468.1,400-500,30%-40%
Frozen Bottle,2026-10-01,WK 40,Iyyappanthangal - CK,Zomato,Lunch,COCO,TN,478.0,398.0,23.92,836.0,0,2,47.60765550239234,239.0,200-300,40%-50%
Frozen Bottle,2026-10-01,WK 40,Iyyappanthangal - CK,Zomato,Snacks,COCO,TN,301.0,270.0,15.06,551.0,0,1,49.00181488203267,301.0,300-400,40%-50%
Madno,2026-10-01,WK 40,Iyyappanthangal - CK,Swiggy,Dinner,COCO,TN,2033.02,1067.98,95.18,2971.0,0,7,35.94681925277685,290.43142857142857,200-300,30%-40%
Madno,2026-10-01,WK 40,Iyyappanthangal - CK,Swiggy,Late Night,COCO,TN,1216.0,598.0,57.8,1754.0,0,3,34.09350057012543,405.3333333333333,400-500,30%-40%
Madno,2026-10-01,WK 40,Iyyappanthangal - CK,Swiggy,Lunch,COCO,TN,191.0,140.0,9.06,321.0,0,1,43.613707165109034,191.0,100-200,40%-50%
Madno,2026-10-01,WK 40,Iyyappanthangal - CK,Swiggy,Snacks,COCO,TN,1713.02,646.98,79.68,2240.0,0,5,28.883035714285715,342.604,300-400,20%-30%
Madno,2026-10-01,WK 40,Iyyappanthangal - CK,Zomato,Dinner,COCO,TN,1907.05,1117.95,95.36,2895.0,0,6,38.616580310880835,317.84166666666664,300-400,30%-40%
Madno,2026-10-01,WK 40,Iyyappanthangal - CK,Zomato,Late Night,COCO,TN,549.0,271.0,27.46,790.0,0,2,34.30379746835443,274.5,200-300,30%-40%
Madno,2026-10-01,WK 40,Iyyappanthangal - CK,Zomato,Lunch,COCO,TN,1240.0,140.0,62.0,1320.0,0,1,10.606060606060606,1240.0,>900,10%-20%
Madno,2026-10-01,WK 40,Iyyappanthangal - CK,Zomato,Snacks,COCO,TN,536.0,25.0,26.82,541.0,0,2,4.621072088724584,268.0,200-300,1%-10%
Boba Bar,2026-10-01,WK 40,JP Nagar,Zomato,Dinner,COCO,KA,191.0,100.0,9.56,281.0,0,1,35.587188612099645,191.0,100-200,30%-40%
Frozen Bottle,2026-10-01,WK 40,JP Nagar,In Store,Dinner,COCO,KA,2024.85,144.51999999999998,101.32000000000001,2169.37,0,12,6.661841917238645,168.73749999999998,100-200,1%-10%
Frozen Bottle,2026-10-01,WK 40,JP Nagar,In Store,Lunch,COCO,KA,927.45,0.0,46.38,927.45,0,1,0.0,927.45,>900,0%
Frozen Bottle,2026-10-01,WK 40,JP Nagar,In Store,Snacks,COCO,KA,257.0,0.0,12.86,257.0,0,2,0.0,128.5,100-200,0%
Frozen Bottle,2026-10-01,WK 40,JP Nagar,Ownly,Dinner,COCO,KA,398.0,0.0,19.92,398.0,0,2,0.0,199.0,100-200,0%
Frozen Bottle,2026-10-01,WK 40,JP Nagar,Ownly,Lunch,COCO,KA,1164.9,0.0,58.260000000000005,1164.9,0,3,0.0,388.3,300-400,0%
Frozen Bottle,2026-10-01,WK 40,JP Nagar,Ownly,Snacks,COCO,KA,418.0,0.0,20.9,418.0,0,1,0.0,418.0,400-500,0%
Frozen Bottle,2026-10-01,WK 40,JP Nagar,Swiggy,Breakfast,COCO,KA,650.0,362.0,31.52,992.0,0,3,36.49193548387097,216.66666666666666,200-300,30%-40%
Frozen Bottle,2026-10-01,WK 40,JP Nagar,Swiggy,Dinner,COCO,KA,3332.01,1816.32,160.64,5028.33,0,12,36.12173425371843,277.6675,200-300,30%-40%
Frozen Bottle,2026-10-01,WK 40,JP Nagar,Swiggy,Lunch,COCO,KA,1944.0,1117.0,94.24,3001.0,0,7,37.22092635788071,277.7142857142857,200-300,30%-40%
Frozen Bottle,2026-10-01,WK 40,JP Nagar,Swiggy,Snacks,COCO,KA,2335.02,1130.98,112.28,3376.0,0,7,33.50059241706161,333.57428571428574,300-400,30%-40%
Frozen Bottle,2026-10-01,WK 40,JP Nagar,Zomato,Dinner,COCO,KA,2564.9,2178.1,128.28,4573.0,0,8,47.62956483708725,320.6125,300-400,40%-50%
Frozen Bottle,2026-10-01,WK 40,JP Nagar,Zomato,Lunch,COCO,KA,149.5,170.5,7.48,310.0,0,1,55.00000000000001,149.5,100-200,50%-60%
Frozen Bottle,2026-10-01,WK 40,JP Nagar,Zomato,Snacks,COCO,KA,1260.1,857.9,63.019999999999996,2038.0,0,3,42.09519136408243,420.0333333333333,400-500,40%-50%
Madno,2026-10-01,WK 40,JP Nagar,Swiggy,Dinner,COCO,KA,349.0,140.0,16.46,469.0,0,2,29.850746268656714,174.5,100-200,20%-30%
Madno,2026-10-01,WK 40,JP Nagar,Swiggy,Lunch,COCO,KA,108.0,140.0,4.9,238.0,0,1,58.82352941176471,108.0,100-200,50%-60%
Madno,2026-10-01,WK 40,JP Nagar,Swiggy,Snacks,COCO,KA,389.0,251.0,19.46,640.0,0,1,39.21875,389.0,300-400,30%-40%
Madno,2026-10-01,WK 40,JP Nagar,Zomato,Lunch,COCO,KA,208.0,0.0,10.4,198.0,0,1,0.0,208.0,200-300,0%
Frozen Bottle,2026-10-01,WK 40,Jalna,Zomato,Lunch,FOFO,MH,281.0,0.0,14.06,271.0,0,1,0.0,281.0,200-300,0%
Frozen Bottle,2026-10-01,WK 40,Jamshedpur,In Store,Dinner,FOFO,ROI,2095.0,0.0,104.75999999999999,2095.0,0,6,0.0,349.1666666666667,300-400,0%
Frozen Bottle,2026-10-01,WK 40,Jamshedpur,In Store,Lunch,FOFO,ROI,1143.0,0.0,57.16,1143.0,0,3,0.0,381.0,300-400,0%
Frozen Bottle,2026-10-01,WK 40,Jamshedpur,In Store,Snacks,FOFO,ROI,1332.0,0.0,66.60000000000001,1332.0,0,4,0.0,333.0,300-400,0%
Frozen Bottle,2026-10-01,WK 40,Jamshedpur,Zomato,Breakfast,FOFO,ROI,325.0,75.0,16.26,390.0,0,1,19.230769230769234,325.0,300-400,10%-20%
Frozen Bottle,2026-10-01,WK 40,Jamshedpur,Zomato,Dinner,FOFO,ROI,1811.3,434.7,90.6,2166.0,0,6,20.06925207756233,301.8833333333333,300-400,20%-30%
Frozen Bottle,2026-10-01,WK 40,Jamshedpur,Zomato,Snacks,FOFO,ROI,477.0,75.0,23.86,532.0,0,2,14.097744360902256,238.5,200-300,10%-20%
Madno,2026-10-01,WK 40,Jamshedpur,Zomato,Snacks,FOFO,ROI,611.0,189.0,30.56,760.0,0,3,24.86842105263158,203.66666666666666,200-300,20%-30%
Frozen Bottle,2026-10-01,WK 40,Jim Corbett,In Store,Breakfast,FOFO,ROI,527.0,0.0,26.36,527.0,0,1,0.0,527.0,500-600,0%
Frozen Bottle,2026-10-01,WK 40,Jim Corbett,In Store,Dinner,FOFO,ROI,169.0,0.0,8.46,169.0,0,1,0.0,169.0,100-200,0%
Frozen Bottle,2026-10-01,WK 40,Jim Corbett,Zomato,Dinner,FOFO,ROI,190.0,0.0,9.5,180.0,0,1,0.0,190.0,100-200,0%
Frozen Bottle,2026-10-01,WK 40,Jubilee Hills,In Store,Closing,FOFO,AP & TL,239.0,0.0,11.96,239.0,0,1,0.0,239.0,200-300,0%
Frozen Bottle,2026-10-01,WK 40,Jubilee Hills,In Store,Dinner,FOFO,AP & TL,2923.0,0.0,146.24,2923.0,0,16,0.0,182.6875,100-200,0%
Frozen Bottle,2026-10-01,WK 40,Jubilee Hills,In Store,Late Night,FOFO,AP & TL,408.0,0.0,20.4,408.0,0,1,0.0,408.0,400-500,0%
Frozen Bottle,2026-10-01,WK 40,Jubilee Hills,In Store,Lunch,FOFO,AP & TL,1011.0,0.0,50.58,1011.0,0,4,0.0,252.75,200-300,0%
Frozen Bottle,2026-10-01,WK 40,Jubilee Hills,In Store,Snacks,FOFO,AP & TL,1269.0,0.0,63.48,1269.0,0,6,0.0,211.5,200-300,0%
Frozen Bottle,2026-10-01,WK 40,Jubilee Hills,Swiggy,Closing,FOFO,AP & TL,800.8,190.2,38.04,951.0,0,1,20.0,800.8,600-900,10%-20%
Frozen Bottle,2026-10-01,WK 40,Jubilee Hills,Swiggy,Dinner,FOFO,AP & TL,430.0,199.0,20.0,599.0,0,1,33.2220367278798,430.0,400-500,30%-40%
Frozen Bottle,2026-10-01,WK 40,Jubilee Hills,Swiggy,Late Night,FOFO,AP & TL,248.0,42.0,11.9,280.0,0,1,15.0,248.0,200-300,10%-20%
Frozen Bottle,2026-10-01,WK 40,Jubilee Hills,Swiggy,Lunch,FOFO,AP & TL,768.0,329.0,36.9,1067.0,0,1,30.834114339268982,768.0,600-900,30%-40%
Frozen Bottle,2026-10-01,WK 40,Jubilee Hills,Swiggy,Snacks,FOFO,AP & TL,4562.5,1907.5,214.64,6200.0,0,4,30.766129032258068,1140.625,>900,30%-40%
Frozen Bottle,2026-10-01,WK 40,Jubilee Hills,Zomato,Dinner,FOFO,AP & TL,2626.3,209.7,131.36,2736.0,0,5,7.6644736842105265,525.26,500-600,1%-10%
Frozen Bottle,2026-10-01,WK 40,Jubilee Hills,Zomato,Lunch,FOFO,AP & TL,456.3,182.7,22.8,609.0,0,3,30.0,152.1,100-200,20%-30%
Frozen Bottle,2026-10-01,WK 40,Jubilee Hills,Zomato,Snacks,FOFO,AP & TL,456.3,182.7,22.8,609.0,0,3,30.0,152.1,100-200,20%-30%
Frozen Bottle,2026-10-01,WK 40,Kadubisanahalli - CF CK,Ownly,Dinner,COCO,KA,477.0,0.0,23.86,477.0,0,2,0.0,238.5,200-300,0%
Frozen Bottle,2026-10-01,WK 40,Kadubisanahalli - CF CK,Ownly,Snacks,COCO,KA,331.5,0.0,16.58,331.5,0,2,0.0,165.75,100-200,0%
Frozen Bottle,2026-10-01,WK 40,Kadubisanahalli - CF CK,Swiggy,Dinner,COCO,KA,3977.64,3170.36,185.94,6888.0,0,13,46.027293844367016,305.9723076923077,300-400,40%-50%
Frozen Bottle,2026-10-01,WK 40,Kadubisanahalli - CF CK,Swiggy,Late Night,COCO,KA,763.0,506.0,36.660000000000004,1239.0,0,3,40.839386602098465,254.33333333333334,200-300,40%-50%
Frozen Bottle,2026-10-01,WK 40,Kadubisanahalli - CF CK,Swiggy,Snacks,COCO,KA,278.0,291.0,13.919999999999998,569.0,0,2,51.14235500878734,139.0,100-200,50%-60%
Frozen Bottle,2026-10-01,WK 40,Kadubisanahalli - CF CK,Zomato,Dinner,COCO,KA,1624.3,1060.69,81.26,2574.99,0,7,41.19200462914419,232.04285714285714,200-300,40%-50%
Frozen Bottle,2026-10-01,WK 40,Kadubisanahalli - CF CK,Zomato,Late Night,COCO,KA,1015.9,540.1,50.8,1486.0,0,3,36.34589502018843,338.6333333333333,300-400,30%-40%
Frozen Bottle,2026-10-01,WK 40,Kadubisanahalli - CF CK,Zomato,Lunch,COCO,KA,491.0,442.0,24.560000000000002,893.0,0,2,49.496080627099666,245.5,200-300,40%-50%
Frozen Bottle,2026-10-01,WK 40,Kadubisanahalli - CF CK,Zomato,Snacks,COCO,KA,359.0,330.0,17.96,659.0,0,2,50.07587253414264,179.5,100-200,50%-60%
Madno,2026-10-01,WK 40,Kadubisanahalli - CF CK,Ownly,Late Night,COCO,KA,138.0,0.0,6.9,138.0,0,1,0.0,138.0,100-200,0%
Madno,2026-10-01,WK 40,Kadubisanahalli - CF CK,Swiggy,Dinner,COCO,KA,983.0,960.85,45.160000000000004,1863.85,0,3,51.55189527054216,327.6666666666667,300-400,50%-60%
Madno,2026-10-01,WK 40,Kadubisanahalli - CF CK,Swiggy,Late Night,COCO,KA,672.0,318.0,32.1,960.0,0,3,33.125,224.0,200-300,30%-40%
Madno,2026-10-01,WK 40,Kadubisanahalli - CF CK,Zomato,Dinner,COCO,KA,734.4,366.6,36.739999999999995,1061.0,0,3,34.55230914231857,244.79999999999998,200-300,30%-40%
Boba Bar,2026-10-01,WK 40,Kakkanad,Swiggy,Dinner,COCO,Kerela,1162.0,977.0,54.620000000000005,2069.0,0,6,47.2208796520058,193.66666666666666,100-200,40%-50%
Boba Bar,2026-10-01,WK 40,Kakkanad,Swiggy,Snacks,COCO,Kerela,405.0,356.0,18.759999999999998,731.0,0,2,48.700410396716826,202.5,200-300,40%-50%
Frozen Bottle,2026-10-01,WK 40,Kakkanad,In Store,Dinner,COCO,Kerela,1400.0,0.0,70.04,1400.0,0,5,0.0,280.0,200-300,0%
Frozen Bottle,2026-10-01,WK 40,Kakkanad,In Store,Lunch,COCO,Kerela,615.0,0.0,30.76,615.0,0,3,0.0,205.0,200-300,0%
Frozen Bottle,2026-10-01,WK 40,Kakkanad,In Store,Snacks,COCO,Kerela,607.0,0.0,30.36,607.0,0,1,0.0,607.0,600-900,0%
Frozen Bottle,2026-10-01,WK 40,Kakkanad,Swiggy,Closing,COCO,Kerela,513.0,387.0,24.16,870.0,0,2,44.48275862068966,256.5,200-300,40%-50%
Frozen Bottle,2026-10-01,WK 40,Kakkanad,Swiggy,Dinner,COCO,Kerela,5271.02,2409.98,249.1,7391.0,0,16,32.606954404004874,329.43875,300-400,30%-40%
Frozen Bottle,2026-10-01,WK 40,Kakkanad,Swiggy,Late Night,COCO,Kerela,4251.01,1021.99,203.58,5093.0,0,9,20.06656194777145,472.33444444444444,400-500,20%-30%
Frozen Bottle,2026-10-01,WK 40,Kakkanad,Swiggy,Lunch,COCO,Kerela,3918.0,1506.65,184.44,5194.65,0,11,29.003878990884857,356.1818181818182,300-400,20%-30%
Frozen Bottle,2026-10-01,WK 40,Kakkanad,Swiggy,Snacks,COCO,Kerela,4137.0,1802.0,197.9,5759.0,0,10,31.290154540718873,413.7,400-500,30%-40%
Frozen Bottle,2026-10-01,WK 40,Kakkanad,Zomato,Breakfast,COCO,Kerela,506.0,254.0,25.3,740.0,0,1,34.32432432432432,506.0,500-600,30%-40%
Frozen Bottle,2026-10-01,WK 40,Kakkanad,Zomato,Dinner,COCO,Kerela,3010.2200000000003,2315.8,150.6,5176.0,0,7,44.74111282843895,430.0314285714286,400-500,40%-50%
Frozen Bottle,2026-10-01,WK 40,Kakkanad,Zomato,Lunch,COCO,Kerela,698.0,271.0,34.92,929.0,0,3,29.171151776103336,232.66666666666666,200-300,20%-30%
Frozen Bottle,2026-10-01,WK 40,Kakkanad,Zomato,Snacks,COCO,Kerela,851.5,367.5,42.58,1169.0,0,4,31.437125748502993,212.875,200-300,30%-40%
Madno,2026-10-01,WK 40,Kakkanad,Swiggy,Breakfast,COCO,Kerela,129.0,100.0,5.96,219.0,0,1,45.662100456621005,129.0,100-200,40%-50%
Madno,2026-10-01,WK 40,Kakkanad,Swiggy,Closing,COCO,Kerela,98.0,140.0,4.4,228.0,0,1,61.40350877192983,98.0,0-100,60%-70%
Madno,2026-10-01,WK 40,Kakkanad,Swiggy,Dinner,COCO,Kerela,1910.0,1055.0,89.03999999999999,2835.0,0,7,37.213403880070544,272.85714285714283,200-300,30%-40%
Madno,2026-10-01,WK 40,Kakkanad,Swiggy,Late Night,COCO,Kerela,867.01,601.99,40.36,1409.0,0,4,42.72462739531583,216.7525,200-300,40%-50%
Madno,2026-10-01,WK 40,Kakkanad,Swiggy,Lunch,COCO,Kerela,1763.0,916.0,83.16,2579.0,0,7,35.51764249709189,251.85714285714286,200-300,30%-40%
Madno,2026-10-01,WK 40,Kakkanad,Swiggy,Snacks,COCO,Kerela,844.0,601.66,38.22,1365.66,0,4,44.05635370443595,211.0,200-300,40%-50%
Madno,2026-10-01,WK 40,Kakkanad,Zomato,Closing,COCO,Kerela,481.0,140.0,24.06,601.0,0,1,23.294509151414307,481.0,400-500,20%-30%
Madno,2026-10-01,WK 40,Kakkanad,Zomato,Dinner,COCO,Kerela,622.55,517.45,31.119999999999997,1100.0,0,2,47.040909090909096,311.275,300-400,40%-50%
Madno,2026-10-01,WK 40,Kakkanad,Zomato,Late Night,COCO,Kerela,396.0,105.0,19.8,481.0,0,1,21.82952182952183,396.0,300-400,20%-30%
Madno,2026-10-01,WK 40,Kakkanad,Zomato,Snacks,COCO,Kerela,536.5,506.5,26.839999999999996,1013.0,0,2,50.0,268.25,200-300,40%-50%
Frozen Bottle,2026-10-01,WK 40,Kakkanad-2,In Store,Dinner,FOFO,Kerela,2138.0,0.0,106.98,2138.0,0,9,0.0,237.55555555555554,200-300,0%
Frozen Bottle,2026-10-01,WK 40,Kakkanad-2,In Store,Lunch,FOFO,Kerela,684.0,0.0,34.199999999999996,684.0,0,3,0.0,228.0,200-300,0%
Frozen Bottle,2026-10-01,WK 40,Kakkanad-2,In Store,Snacks,FOFO,Kerela,1034.0,0.0,51.699999999999996,1034.0,0,3,0.0,344.6666666666667,300-400,0%
Frozen Bottle,2026-10-01,WK 40,Kakkanad-2,Swiggy,Dinner,FOFO,Kerela,809.0,0.0,38.959999999999994,779.0,0,2,0.0,404.5,400-500,0%
Frozen Bottle,2026-10-01,WK 40,Kakkanad-2,Swiggy,Lunch,FOFO,Kerela,1077.0,182.0,52.86,1239.0,0,3,14.689265536723164,359.0,300-400,10%-20%
Frozen Bottle,2026-10-01,WK 40,Kakkanad-2,Swiggy,Snacks,FOFO,Kerela,1567.0,0.0,75.86,1517.0,0,1,0.0,1567.0,>900,0%
Frozen Bottle,2026-10-01,WK 40,Kakkanad-2,Zomato,Dinner,FOFO,Kerela,989.0,0.0,49.46,959.0,0,1,0.0,989.0,>900,0%
Frozen Bottle,2026-10-01,WK 40,Kakkanad-2,Zomato,Snacks,FOFO,Kerela,209.0,0.0,10.46,199.0,0,1,0.0,209.0,200-300,0%
Boba Bar,2026-10-01,WK 40,Kalyan,Zomato,Dinner,COCO,MH,220.75,70.25,11.04,281.0,0,1,25.0,220.75,200-300,20%-30%
Boba Bar,2026-10-01,WK 40,Kalyan,Zomato,Late Night,COCO,MH,246.66,0.0,12.34,226.66,0,1,0.0,246.66,200-300,0%
Frozen Bottle,2026-10-01,WK 40,Kalyan,In Store,Dinner,COCO,MH,3134.0299999999997,247.97,156.72,3382.0,0,7,7.332052040212892,447.7185714285714,400-500,1%-10%
Frozen Bottle,2026-10-01,WK 40,Kalyan,In Store,Lunch,COCO,MH,397.0,0.0,19.86,397.0,0,2,0.0,198.5,100-200,0%
Frozen Bottle,2026-10-01,WK 40,Kalyan,In Store,Snacks,COCO,MH,1926.91,74.09,96.34,2001.0,0,5,3.7026486756621693,385.382,300-400,1%-10%
Frozen Bottle,2026-10-01,WK 40,Kalyan,Swiggy,Dinner,COCO,MH,2280.01,638.99,110.04,2839.0,0,6,22.507573089115887,380.0016666666667,300-400,20%-30%
Frozen Bottle,2026-10-01,WK 40,Kalyan,Swiggy,Late Night,COCO,MH,912.85,798.3299999999999,41.660000000000004,1631.18,0,4,48.9418703024804,228.2125,200-300,40%-50%
Frozen Bottle,2026-10-01,WK 40,Kalyan,Swiggy,Lunch,COCO,MH,1175.0,387.0,55.760000000000005,1502.0,0,2,25.76564580559254,587.5,500-600,20%-30%
Frozen Bottle,2026-10-01,WK 40,Kalyan,Swiggy,Snacks,COCO,MH,397.0,303.0,19.36,690.0,0,2,43.913043478260875,198.5,100-200,40%-50%
Frozen Bottle,2026-10-01,WK 40,Kalyan,Zomato,Dinner,COCO,MH,7013.0,4588.0,350.78,11211.0,0,18,40.92409240924093,389.6111111111111,300-400,40%-50%
Frozen Bottle,2026-10-01,WK 40,Kalyan,Zomato,Late Night,COCO,MH,2571.0,1051.0,128.56,3512.0,0,6,29.925968109339408,428.5,400-500,20%-30%
Frozen Bottle,2026-10-01,WK 40,Kalyan,Zomato,Lunch,COCO,MH,2920.0,1800.0,146.04,4540.0,0,10,39.647577092511014,292.0,200-300,30%-40%
Frozen Bottle,2026-10-01,WK 40,Kalyan,Zomato,Snacks,COCO,MH,4087.0,1886.0,204.4,5743.0,0,10,32.83997910499738,408.7,400-500,30%-40%
Madno,2026-10-01,WK 40,Kalyan,Swiggy,Dinner,COCO,MH,724.0,411.0,34.7,1105.0,0,3,37.19457013574661,241.33333333333334,200-300,30%-40%
Madno,2026-10-01,WK 40,Kalyan,Swiggy,Snacks,COCO,MH,170.0,140.0,8.0,300.0,0,1,46.666666666666664,170.0,100-200,40%-50%
Madno,2026-10-01,WK 40,Kalyan,Zomato,Dinner,COCO,MH,206.0,75.0,10.3,271.0,0,1,27.67527675276753,206.0,200-300,20%-30%
Boba Bar,2026-10-01,WK 40,Kammanhalli,Swiggy,Dinner,COCO,KA,284.5,255.5,13.72,530.0,0,2,48.20754716981132,142.25,100-200,40%-50%
Frozen Bottle,2026-10-01,WK 40,Kammanhalli,In Store,Dinner,COCO,KA,5738.05,0.0,287.02,5738.05,0,22,0.0,260.82045454545454,200-300,0%
Frozen Bottle,2026-10-01,WK 40,Kammanhalli,In Store,Late Night,COCO,KA,1442.51,0.0,72.14,1442.51,0,4,0.0,360.6275,300-400,0%
Frozen Bottle,2026-10-01,WK 40,Kammanhalli,In Store,Lunch,COCO,KA,179.0,0.0,8.96,179.0,0,1,0.0,179.0,100-200,0%
Frozen Bottle,2026-10-01,WK 40,Kammanhalli,In Store,Snacks,COCO,KA,3844.26,676.0,192.26,4520.26,0,11,14.954891975240361,349.47818181818184,300-400,10%-20%
Frozen Bottle,2026-10-01,WK 40,Kammanhalli,Ownly,Lunch,COCO,KA,149.0,0.0,7.46,149.0,0,1,0.0,149.0,100-200,0%
Frozen Bottle,2026-10-01,WK 40,Kammanhalli,Swiggy,Breakfast,COCO,KA,111.0,119.0,5.56,230.0,0,1,51.73913043478261,111.0,100-200,50%-60%
Frozen Bottle,2026-10-01,WK 40,Kammanhalli,Swiggy,Dinner,COCO,KA,5348.36,2651.97,254.48,7740.33,0,19,34.26171752367147,281.49263157894734,200-300,30%-40%
Frozen Bottle,2026-10-01,WK 40,Kammanhalli,Swiggy,Late Night,COCO,KA,2392.58,1916.42,111.67999999999999,4149.0,0,11,46.18992528320077,217.50727272727272,200-300,40%-50%
Frozen Bottle,2026-10-01,WK 40,Kammanhalli,Swiggy,Lunch,COCO,KA,1463.0,1074.0,68.66,2447.0,0,5,43.89047813649366,292.6,200-300,40%-50%
Frozen Bottle,2026-10-01,WK 40,Kammanhalli,Swiggy,Snacks,COCO,KA,4271.01,2098.99,206.64000000000001,6230.0,0,14,33.69165329052969,305.07214285714286,300-400,30%-40%
Frozen Bottle,2026-10-01,WK 40,Kammanhalli,Zomato,Breakfast,COCO,KA,956.0,200.0,47.82,1116.0,0,3,17.921146953405017,318.6666666666667,300-400,10%-20%
Frozen Bottle,2026-10-01,WK 40,Kammanhalli,Zomato,Dinner,COCO,KA,4186.92,2669.08,209.4,6626.0,0,11,40.281919710232415,380.6290909090909,300-400,40%-50%
Frozen Bottle,2026-10-01,WK 40,Kammanhalli,Zomato,Late Night,COCO,KA,1467.9,690.1,73.44,2078.0,0,6,33.209817131857555,244.65,200-300,30%-40%
Frozen Bottle,2026-10-01,WK 40,Kammanhalli,Zomato,Lunch,COCO,KA,930.0,810.0,46.5,1680.0,0,3,48.214285714285715,310.0,300-400,40%-50%
Madno,2026-10-01,WK 40,Kammanhalli,Ownly,Late Night,COCO,KA,99.0,0.0,4.96,99.0,0,1,0.0,99.0,0-100,0%
Madno,2026-10-01,WK 40,Kammanhalli,Ownly,Snacks,COCO,KA,457.85,0.0,22.92,457.85,0,3,0.0,152.61666666666667,100-200,0%
Madno,2026-10-01,WK 40,Kammanhalli,Swiggy,Dinner,COCO,KA,2032.0,702.0,96.1,2624.0,0,6,26.753048780487802,338.6666666666667,300-400,20%-30%
Madno,2026-10-01,WK 40,Kammanhalli,Swiggy,Late Night,COCO,KA,515.0,383.0,24.76,878.0,0,2,43.62186788154897,257.5,200-300,40%-50%
Madno,2026-10-01,WK 40,Kammanhalli,Swiggy,Lunch,COCO,KA,130.0,130.0,6.0,250.0,0,1,52.0,130.0,100-200,50%-60%
Madno,2026-10-01,WK 40,Kammanhalli,Swiggy,Snacks,COCO,KA,425.0,284.0,20.759999999999998,699.0,0,3,40.629470672389125,141.66666666666666,100-200,40%-50%
Madno,2026-10-01,WK 40,Kammanhalli,Zomato,Late Night,COCO,KA,208.0,0.0,10.4,198.0,0,1,0.0,208.0,200-300,0%
Madno,2026-10-01,WK 40,Kammanhalli,Zomato,Lunch,COCO,KA,643.0,200.0,32.14,813.0,0,2,24.600246002460025,321.5,300-400,20%-30%
Madno,2026-10-01,WK 40,Kammanhalli,Zomato,Snacks,COCO,KA,208.0,0.0,10.4,198.0,0,1,0.0,208.0,200-300,0%
Boba Bar,2026-10-01,WK 40,Kamothe,Swiggy,Late Night,COCO,MH,158.0,133.0,7.4,281.0,0,1,47.330960854092524,158.0,100-200,40%-50%
Frozen Bottle,2026-10-01,WK 40,Kamothe,In Store,Dinner,COCO,MH,1998.0,0.0,99.94,1998.0,0,6,0.0,333.0,300-400,0%
Frozen Bottle,2026-10-01,WK 40,Kamothe,In Store,Snacks,COCO,MH,257.0,0.0,12.88,257.0,0,3,0.0,85.66666666666667,0-100,0%
Frozen Bottle,2026-10-01,WK 40,Kamothe,Swiggy,Dinner,COCO,MH,2273.0299999999997,1174.3,106.68,3307.33,0,8,35.50598216688386,284.12874999999997,200-300,30%-40%
Frozen Bottle,2026-10-01,WK 40,Kamothe,Swiggy,Late Night,COCO,MH,736.0,613.0,34.82,1309.0,0,3,46.829640947288006,245.33333333333334,200-300,40%-50%
Frozen Bottle,2026-10-01,WK 40,Kamothe,Swiggy,Lunch,COCO,MH,773.0,378.0,37.18,1121.0,0,3,33.719892952720784,257.6666666666667,200-300,30%-40%
Frozen Bottle,2026-10-01,WK 40,Kamothe,Swiggy,Snacks,COCO,MH,838.01,448.99,39.42,1237.0,0,3,36.296685529506874,279.33666666666664,200-300,30%-40%
Frozen Bottle,2026-10-01,WK 40,Kamothe,Zomato,Dinner,COCO,MH,2593.02,2161.0,129.72,4634.0,0,5,46.633577902460075,518.604,500-600,40%-50%
Frozen Bottle,2026-10-01,WK 40,Kamothe,Zomato,Lunch,COCO,MH,1006.0,953.0,50.32,1889.0,0,3,50.44997353096876,335.3333333333333,300-400,50%-60%
Frozen Bottle,2026-10-01,WK 40,Kamothe,Zomato,Snacks,COCO,MH,426.0,385.0,21.32,781.0,0,2,49.29577464788733,213.0,200-300,40%-50%
Madno,2026-10-01,WK 40,Kamothe,Swiggy,Dinner,COCO,MH,340.0,320.0,16.0,640.0,0,1,50.0,340.0,300-400,40%-50%
Madno,2026-10-01,WK 40,Kamothe,Swiggy,Snacks,COCO,MH,538.0,704.85,24.9,1202.85,0,2,58.59832896869934,269.0,200-300,50%-60%
Madno,2026-10-01,WK 40,Kamothe,Zomato,Dinner,COCO,MH,160.5,150.5,8.02,301.0,0,1,50.0,160.5,100-200,40%-50%
Boba Bar,2026-10-01,WK 40,Kanakapura,Zomato,Late Night,COCO,KA,300.0,260.0,15.0,540.0,0,1,48.148148148148145,300.0,200-300,40%-50%
Frozen Bottle,2026-10-01,WK 40,Kanakapura,In Store,Dinner,COCO,KA,2256.96,372.64000000000004,112.9,2629.6,0,12,14.170976574383939,188.08,100-200,10%-20%
Frozen Bottle,2026-10-01,WK 40,Kanakapura,In Store,Lunch,COCO,KA,1479.0,0.0,73.98,1479.0,0,7,0.0,211.28571428571428,200-300,0%
Frozen Bottle,2026-10-01,WK 40,Kanakapura,In Store,Snacks,COCO,KA,783.99,0.0,39.22,783.99,0,4,0.0,195.9975,100-200,0%
Frozen Bottle,2026-10-01,WK 40,Kanakapura,Ownly,Dinner,COCO,KA,267.0,0.0,13.36,267.0,0,1,0.0,267.0,200-300,0%
Frozen Bottle,2026-10-01,WK 40,Kanakapura,Swiggy,Dinner,COCO,KA,3649.04,1589.93,173.98,5068.97,0,11,31.36593824780971,331.7309090909091,300-400,30%-40%
Frozen Bottle,2026-10-01,WK 40,Kanakapura,Swiggy,Late Night,COCO,KA,1886.01,446.32,89.82,2242.33,0,4,19.904295977844473,471.5025,400-500,10%-20%
Frozen Bottle,2026-10-01,WK 40,Kanakapura,Swiggy,Lunch,COCO,KA,1232.0,711.33,59.12,1893.33,0,5,37.57031262378984,246.4,200-300,30%-40%
Frozen Bottle,2026-10-01,WK 40,Kanakapura,Swiggy,Snacks,COCO,KA,1043.0,477.0,49.68,1470.0,0,4,32.44897959183673,260.75,200-300,30%-40%
Frozen Bottle,2026-10-01,WK 40,Kanakapura,Zomato,Dinner,COCO,KA,2867.0,2014.0,143.4,4731.0,0,7,42.570281124497996,409.57142857142856,400-500,40%-50%
Frozen Bottle,2026-10-01,WK 40,Kanakapura,Zomato,Late Night,COCO,KA,808.15,238.01,40.42,996.1600000000001,0,3,23.89274815290716,269.3833333333333,200-300,20%-30%
Frozen Bottle,2026-10-01,WK 40,Kanakapura,Zomato,Lunch,COCO,KA,2601.3,2130.7,130.1,4572.0,0,9,46.60323709536308,289.03333333333336,200-300,40%-50%
Frozen Bottle,2026-10-01,WK 40,Kanakapura,Zomato,Snacks,COCO,KA,2558.64,1838.0,127.96000000000001,4246.64,0,9,43.281276491532125,284.2933333333333,200-300,40%-50%
Madno,2026-10-01,WK 40,Kanakapura,Ownly,Dinner,COCO,KA,189.0,0.0,9.46,189.0,0,1,0.0,189.0,100-200,0%
Madno,2026-10-01,WK 40,Kanakapura,Ownly,Lunch,COCO,KA,448.25,0.0,22.42,448.25,0,1,0.0,448.25,400-500,0%
Madno,2026-10-01,WK 40,Kanakapura,Swiggy,Dinner,COCO,KA,576.01,332.69,28.799999999999997,908.7,0,2,36.61164300649279,288.005,200-300,30%-40%
Madno,2026-10-01,WK 40,Kanakapura,Swiggy,Late Night,COCO,KA,504.0,221.0,24.22,705.0,0,3,31.347517730496456,168.0,100-200,30%-40%
Madno,2026-10-01,WK 40,Kanakapura,Swiggy,Snacks,COCO,KA,160.0,38.0,8.0,198.0,0,1,19.19191919191919,160.0,100-200,10%-20%
Madno,2026-10-01,WK 40,Kanakapura,Zomato,Dinner,COCO,KA,1870.0,365.0,93.5,2135.0,0,8,17.096018735362996,233.75,200-300,10%-20%
Madno,2026-10-01,WK 40,Kanakapura,Zomato,Late Night,COCO,KA,311.0,271.0,15.56,562.0,0,1,48.220640569395016,311.0,300-400,40%-50%
Madno,2026-10-01,WK 40,Kanakapura,Zomato,Lunch,COCO,KA,521.0,271.0,26.06,762.0,0,2,35.56430446194226,260.5,200-300,30%-40%
Madno,2026-10-01,WK 40,Kanakapura,Zomato,Snacks,COCO,KA,783.0,44.0,39.160000000000004,787.0,0,4,5.5908513341804325,195.75,100-200,1%-10%
Frozen Bottle,2026-10-01,WK 40,Kancheepuram,In Store,Dinner,FOFO,TN,2713.33,0.0,135.7,2713.33,0,11,0.0,246.66636363636363,200-300,0%
Frozen Bottle,2026-10-01,WK 40,Kancheepuram,In Store,Snacks,FOFO,TN,674.0,0.0,33.74,674.0,0,4,0.0,168.5,100-200,0%
Frozen Bottle,2026-10-01,WK 40,Kancheepuram,Swiggy,Dinner,FOFO,TN,1310.0,0.0,64.0,1280.0,0,2,0.0,655.0,600-900,0%
Frozen Bottle,2026-10-01,WK 40,Kancheepuram,Swiggy,Lunch,FOFO,TN,741.0,0.0,36.06,721.0,0,2,0.0,370.5,300-400,0%
Frozen Bottle,2026-10-01,WK 40,Kancheepuram,Swiggy,Snacks,FOFO,TN,240.0,0.0,11.5,230.0,0,1,0.0,240.0,200-300,0%
Frozen Bottle,2026-10-01,WK 40,Kancheepuram,Zomato,Lunch,FOFO,TN,340.0,0.0,17.0,330.0,0,1,0.0,340.0,300-400,0%
Frozen Bottle,2026-10-01,WK 40,Kancheepuram,Zomato,Snacks,FOFO,TN,631.0,0.0,31.56,611.0,0,1,0.0,631.0,600-900,0%
Frozen Bottle,2026-10-01,WK 40,Kanuru,In Store,Breakfast,FOFO,AP & TL,139.0,0.0,6.96,139.0,0,1,0.0,139.0,100-200,0%
Frozen Bottle,2026-10-01,WK 40,Kanuru,In Store,Dinner,FOFO,AP & TL,1256.0,0.0,62.8,1256.0,0,3,0.0,418.6666666666667,400-500,0%
Frozen Bottle,2026-10-01,WK 40,Kanuru,In Store,Snacks,FOFO,AP & TL,198.0,0.0,9.9,198.0,0,1,0.0,198.0,100-200,0%
Frozen Bottle,2026-10-01,WK 40,Kanuru,Swiggy,Dinner,FOFO,AP & TL,977.0,0.0,46.86,937.0,0,2,0.0,488.5,400-500,0%
Frozen Bottle,2026-10-01,WK 40,Kanuru,Swiggy,Late Night,FOFO,AP & TL,291.0,0.0,14.06,281.0,0,1,0.0,291.0,200-300,0%
Frozen Bottle,2026-10-01,WK 40,Kanuru,Swiggy,Lunch,FOFO,AP & TL,291.0,0.0,14.06,281.0,0,1,0.0,291.0,200-300,0%
Frozen Bottle,2026-10-01,WK 40,Kanuru,Swiggy,Snacks,FOFO,AP & TL,129.0,101.0,6.46,230.0,0,1,43.913043478260875,129.0,100-200,40%-50%
Frozen Bottle,2026-10-01,WK 40,Kanuru,Zomato,Dinner,FOFO,AP & TL,309.0,0.0,15.46,299.0,0,1,0.0,309.0,300-400,0%
Frozen Bottle,2026-10-01,WK 40,Kanuru,Zomato,Snacks,FOFO,AP & TL,838.0,100.0,41.9,908.0,0,1,11.013215859030836,838.0,600-900,10%-20%
Madno,2026-10-01,WK 40,Kanuru,Swiggy,Dinner,FOFO,AP & TL,589.0,2.0,28.96,581.0,0,2,0.34423407917383825,294.5,200-300,1%-10%
Madno,2026-10-01,WK 40,Kanuru,Swiggy,Late Night,FOFO,AP & TL,178.0,104.0,8.9,282.0,0,1,36.87943262411347,178.0,100-200,30%-40%
Madno,2026-10-01,WK 40,Kanuru,Zomato,Dinner,FOFO,AP & TL,736.0,0.0,36.8,706.0,0,2,0.0,368.0,300-400,0%
Madno,2026-10-01,WK 40,Kanuru,Zomato,Lunch,FOFO,AP & TL,498.0,0.0,24.9,478.0,0,1,0.0,498.0,400-500,0%
Frozen Bottle,2026-10-01,WK 40,Karaikal,In Store,Dinner,FOFO,TN,1363.23,0.0,68.17999999999999,1363.23,0,4,0.0,340.8075,300-400,0%
Frozen Bottle,2026-10-01,WK 40,Karaikal,In Store,Lunch,FOFO,TN,865.0,0.0,43.26,865.0,0,2,0.0,432.5,400-500,0%
Frozen Bottle,2026-10-01,WK 40,Karaikal,In Store,Snacks,FOFO,TN,1132.0,0.0,56.64,1132.0,0,4,0.0,283.0,200-300,0%
Frozen Bottle,2026-10-01,WK 40,Karaikal,Swiggy,Dinner,FOFO,TN,550.0,0.0,26.5,530.0,0,1,0.0,550.0,500-600,0%
Frozen Bottle,2026-10-01,WK 40,Karaikal,Swiggy,Lunch,FOFO,TN,291.0,0.0,14.06,281.0,0,1,0.0,291.0,200-300,0%
Frozen Bottle,2026-10-01,WK 40,Karaikal,Swiggy,Snacks,FOFO,TN,1390.0,0.0,67.02,1340.0,0,4,0.0,347.5,300-400,0%
Frozen Bottle,2026-10-01,WK 40,Karaikal,Zomato,Dinner,FOFO,TN,341.0,0.0,17.06,331.0,0,1,0.0,341.0,300-400,0%
Frozen Bottle,2026-10-01,WK 40,Karur,In Store,Breakfast,FOFO,TN,226.66,0.0,11.34,226.66,0,1,0.0,226.66,200-300,0%
Frozen Bottle,2026-10-01,WK 40,Karur,In Store,Dinner,FOFO,TN,3112.0,0.0,155.68,3112.0,0,12,0.0,259.3333333333333,200-300,0%
Frozen Bottle,2026-10-01,WK 40,Karur,In Store,Lunch,FOFO,TN,1143.0,0.0,57.16,1143.0,0,3,0.0,381.0,300-400,0%
Frozen Bottle,2026-10-01,WK 40,Karur,In Store,Snacks,FOFO,TN,1032.0,0.0,51.620000000000005,1032.0,0,3,0.0,344.0,300-400,0%
Frozen Bottle,2026-10-01,WK 40,Karur,Swiggy,Dinner,FOFO,TN,570.0,0.0,27.520000000000003,550.0,0,2,0.0,285.0,200-300,0%
Frozen Bottle,2026-10-01,WK 40,Karur,Swiggy,Snacks,FOFO,TN,842.0,0.0,40.62,812.0,0,2,0.0,421.0,400-500,0%
Frozen Bottle,2026-10-01,WK 40,Kazhakkoottam,In Store,Dinner,FOFO,Kerela,1820.0,0.0,91.06,1820.0,0,8,0.0,227.5,200-300,0%
Frozen Bottle,2026-10-01,WK 40,Kazhakkoottam,In Store,Late Night,FOFO,Kerela,397.0,0.0,19.86,397.0,0,1,0.0,397.0,300-400,0%
Frozen Bottle,2026-10-01,WK 40,Kazhakkoottam,In Store,Snacks,FOFO,Kerela,337.0,0.0,16.86,337.0,0,2,0.0,168.5,100-200,0%
Frozen Bottle,2026-10-01,WK 40,Kazhakkoottam,Swiggy,Dinner,FOFO,Kerela,209.0,0.0,9.96,199.0,0,1,0.0,209.0,200-300,0%
Frozen Bottle,2026-10-01,WK 40,Kazhakkoottam,Swiggy,Snacks,FOFO,Kerela,879.0,0.0,42.46,849.0,0,2,0.0,439.5,400-500,0%
Frozen Bottle,2026-10-01,WK 40,Kazhakkoottam,Zomato,Dinner,FOFO,Kerela,1354.0,257.0,67.74000000000001,1551.0,0,5,16.569954867827207,270.8,200-300,10%-20%
Frozen Bottle,2026-10-01,WK 40,Kazhakkoottam,Zomato,Late Night,FOFO,Kerela,474.0,125.0,23.7,569.0,0,1,21.968365553602812,474.0,400-500,20%-30%
Madno,2026-10-01,WK 40,Kazhakkoottam,Swiggy,Lunch,FOFO,Kerela,458.0,0.0,21.9,438.0,0,1,0.0,458.0,400-500,0%
Frozen Bottle,2026-10-01,WK 40,Kempfort,In Store,Breakfast,COCO,KA,69.0,0.0,3.46,69.0,0,1,0.0,69.0,0-100,0%
Frozen Bottle,2026-10-01,WK 40,Kempfort,In Store,Dinner,COCO,KA,1124.33,0.0,56.22,1124.33,0,5,0.0,224.86599999999999,200-300,0%
Frozen Bottle,2026-10-01,WK 40,Kempfort,In Store,Snacks,COCO,KA,279.0,0.0,13.96,279.0,0,1,0.0,279.0,200-300,0%
Frozen Bottle,2026-10-01,WK 40,Kempfort,Ownly,Late Night,COCO,KA,693.0,0.0,34.66,693.0,0,2,0.0,346.5,300-400,0%
Frozen Bottle,2026-10-01,WK 40,Kempfort,Ownly,Snacks,COCO,KA,267.0,0.0,13.36,267.0,0,1,0.0,267.0,200-300,0%
Frozen Bottle,2026-10-01,WK 40,Kempfort,Swiggy,Dinner,COCO,KA,2116.0,1620.0,98.32,3586.0,0,11,45.17568321249303,192.36363636363637,100-200,40%-50%
Frozen Bottle,2026-10-01,WK 40,Kempfort,Swiggy,Late Night,COCO,KA,1460.0,910.0,71.02,2330.0,0,7,39.05579399141631,208.57142857142858,200-300,30%-40%
Frozen Bottle,2026-10-01,WK 40,Kempfort,Swiggy,Lunch,COCO,KA,443.0,317.0,20.66,730.0,0,3,43.42465753424658,147.66666666666666,100-200,40%-50%
Frozen Bottle,2026-10-01,WK 40,Kempfort,Swiggy,Snacks,COCO,KA,236.0,244.0,10.8,460.0,0,2,53.04347826086957,118.0,100-200,50%-60%
Frozen Bottle,2026-10-01,WK 40,Kempfort,Zomato,Breakfast,COCO,KA,315.0,115.0,15.76,410.0,0,2,28.04878048780488,157.5,100-200,20%-30%
Frozen Bottle,2026-10-01,WK 40,Kempfort,Zomato,Dinner,COCO,KA,2086.0,1254.0,104.32000000000001,3220.0,0,8,38.94409937888199,260.75,200-300,30%-40%
Frozen Bottle,2026-10-01,WK 40,Kempfort,Zomato,Late Night,COCO,KA,1338.1,749.9,66.94,2008.0,0,6,37.34561752988048,223.01666666666665,200-300,30%-40%
Frozen Bottle,2026-10-01,WK 40,Kempfort,Zomato,Lunch,COCO,KA,199.0,0.0,9.96,189.0,0,1,0.0,199.0,100-200,0%
Frozen Bottle,2026-10-01,WK 40,Kempfort,Zomato,Snacks,COCO,KA,183.6,74.4,9.18,248.0,0,1,30.000000000000004,183.6,100-200,30%-40%
Madno,2026-10-01,WK 40,Kempfort,Swiggy,Dinner,COCO,KA,464.0,164.0,22.700000000000003,618.0,0,2,26.537216828478964,232.0,200-300,20%-30%
Madno,2026-10-01,WK 40,Kempfort,Swiggy,Late Night,COCO,KA,824.0,338.0,38.7,1112.0,0,3,30.39568345323741,274.6666666666667,200-300,30%-40%
Madno,2026-10-01,WK 40,Kempfort,Swiggy,Snacks,COCO,KA,218.0,104.0,9.9,302.0,0,1,34.437086092715234,218.0,200-300,30%-40%
Madno,2026-10-01,WK 40,Kempfort,Zomato,Dinner,COCO,KA,1070.5,731.5,53.540000000000006,1742.0,0,3,41.991963260619976,356.8333333333333,300-400,40%-50%
Madno,2026-10-01,WK 40,Kempfort,Zomato,Late Night,COCO,KA,546.0,160.0,27.3,676.0,0,2,23.668639053254438,273.0,200-300,20%-30%
Madno,2026-10-01,WK 40,Kempfort,Zomato,Lunch,COCO,KA,418.0,80.0,20.9,478.0,0,2,16.736401673640167,209.0,200-300,10%-20%
Frozen Bottle,2026-10-01,WK 40,Kengeri,In Store,Dinner,FOFO,KA,496.0,0.0,24.82,496.0,0,2,0.0,248.0,200-300,0%
Frozen Bottle,2026-10-01,WK 40,Kengeri,Swiggy,Dinner,FOFO,KA,1978.6,815.4,96.96000000000001,2754.0,0,7,29.607843137254903,282.65714285714284,200-300,20%-30%
Frozen Bottle,2026-10-01,WK 40,Kengeri,Swiggy,Late Night,FOFO,KA,201.0,228.0,10.06,429.0,0,1,53.14685314685315,201.0,200-300,50%-60%
Frozen Bottle,2026-10-01,WK 40,Kengeri,Swiggy,Lunch,FOFO,KA,625.5,305.5,30.78,921.0,0,2,33.17046688382193,312.75,300-400,30%-40%
Frozen Bottle,2026-10-01,WK 40,Kengeri,Swiggy,Snacks,FOFO,KA,478.0,460.0,23.9,938.0,0,2,49.040511727078886,239.0,200-300,40%-50%
Frozen Bottle,2026-10-01,WK 40,Kengeri,Zomato,Dinner,FOFO,KA,1016.3,359.7,50.82,1326.0,0,4,27.126696832579185,254.075,200-300,20%-30%
Frozen Bottle,2026-10-01,WK 40,Kengeri,Zomato,Late Night,FOFO,KA,215.0,75.0,10.76,280.0,0,1,26.785714285714285,215.0,200-300,20%-30%
Frozen Bottle,2026-10-01,WK 40,Kengeri,Zomato,Lunch,FOFO,KA,430.3,228.7,21.520000000000003,629.0,0,3,36.35930047694753,143.43333333333334,100-200,30%-40%
Frozen Bottle,2026-10-01,WK 40,Kengeri,Zomato,Snacks,FOFO,KA,427.0,200.0,21.36,597.0,0,2,33.50083752093803,213.5,200-300,30%-40%
Frozen Bottle,2026-10-01,WK 40,Khar,Swiggy,Dinner,COCO,MH,3316.01,1680.99,157.34,4827.0,0,11,34.82473586078309,301.4554545454546,300-400,30%-40%
Frozen Bottle,2026-10-01,WK 40,Khar,Swiggy,Lunch,COCO,MH,372.0,328.0,18.1,690.0,0,2,47.53623188405797,186.0,100-200,40%-50%
Frozen Bottle,2026-10-01,WK 40,Khar,Swiggy,Snacks,COCO,MH,319.0,0.0,15.46,309.0,0,1,0.0,319.0,300-400,0%
Frozen Bottle,2026-10-01,WK 40,Khar,Zomato,Dinner,COCO,MH,8067.12,6040.89,403.54,13657.99,0,19,44.22971462125833,424.58526315789476,400-500,40%-50%
Frozen Bottle,2026-10-01,WK 40,Khar,Zomato,Lunch,COCO,MH,422.33000000000004,200.0,21.14,592.3299999999999,0,2,33.76496209883005,211.16500000000002,200-300,30%-40%
Frozen Bottle,2026-10-01,WK 40,Khar,Zomato,Snacks,COCO,MH,2864.7,2184.3,143.28,4859.0,0,9,44.95369417575633,318.29999999999995,300-400,40%-50%
Madno,2026-10-01,WK 40,Khar,Swiggy,Dinner,COCO,MH,330.0,212.0,16.02,532.0,0,2,39.849624060150376,165.0,100-200,30%-40%
Madno,2026-10-01,WK 40,Khar,Swiggy,Lunch,COCO,MH,545.0,487.0,24.76,982.0,0,3,49.59266802443992,181.66666666666666,100-200,40%-50%
Madno,2026-10-01,WK 40,Khar,Swiggy,Snacks,COCO,MH,238.0,202.0,11.42,430.0,0,2,46.97674418604651,119.0,100-200,40%-50%
Madno,2026-10-01,WK 40,Khar,Zomato,Dinner,COCO,MH,160.5,150.5,8.02,301.0,0,1,50.0,160.5,100-200,40%-50%
Madno,2026-10-01,WK 40,Khar,Zomato,Lunch,COCO,MH,261.0,50.0,13.06,301.0,0,1,16.611295681063122,261.0,200-300,10%-20%
Madno,2026-10-01,WK 40,Khar,Zomato,Snacks,COCO,MH,148.6,169.4,7.44,308.0,0,1,55.00000000000001,148.6,100-200,50%-60%
Boba Bar,2026-10-01,WK 40,Kharghar,Swiggy,Dinner,FOFO,MH,225.0,56.0,11.26,281.0,0,1,19.9288256227758,225.0,200-300,10%-20%
Frozen Bottle,2026-10-01,WK 40,Kharghar,Swiggy,Closing,FOFO,MH,139.0,101.0,6.46,230.0,0,1,43.913043478260875,139.0,100-200,40%-50%
Frozen Bottle,2026-10-01,WK 40,Kharghar,Swiggy,Dinner,FOFO,MH,2043.0,436.0,98.18,2399.0,0,5,18.174239266360985,408.6,400-500,10%-20%
Frozen Bottle,2026-10-01,WK 40,Kharghar,Swiggy,Lunch,FOFO,MH,1935.0,484.0,93.26,2349.0,0,4,20.604512558535546,483.75,400-500,20%-30%
Frozen Bottle,2026-10-01,WK 40,Kharghar,Swiggy,Snacks,FOFO,MH,119.0,121.0,5.46,230.0,0,1,52.60869565217391,119.0,100-200,50%-60%
Frozen Bottle,2026-10-01,WK 40,Kharghar,Zomato,Closing,FOFO,MH,469.0,50.0,23.46,499.0,0,1,10.02004008016032,469.0,400-500,10%-20%
Frozen Bottle,2026-10-01,WK 40,Kharghar,Zomato,Dinner,FOFO,MH,911.0,475.0,45.6,1336.0,0,5,35.55389221556886,182.2,100-200,30%-40%
Frozen Bottle,2026-10-01,WK 40,Kharghar,Zomato,Lunch,FOFO,MH,330.0,100.0,16.5,410.0,0,1,24.390243902439025,330.0,300-400,20%-30%
Frozen Bottle,2026-10-01,WK 40,Kharghar,Zomato,Snacks,FOFO,MH,190.0,0.0,9.5,180.0,0,1,0.0,190.0,100-200,0%
Madno,2026-10-01,WK 40,Kharghar,Swiggy,Closing,FOFO,MH,80.0,120.0,3.5,190.0,0,1,63.1578947368421,80.0,0-100,60%-70%
Frozen Bottle,2026-10-01,WK 40,Kolar- Highway Star,In Store,Dinner,COCO,KA,1284.0,0.0,64.24,1284.0,0,4,0.0,321.0,300-400,0%
Frozen Bottle,2026-10-01,WK 40,Kolar- Highway Star,In Store,Lunch,COCO,KA,1493.0,0.0,74.7,1493.0,0,6,0.0,248.83333333333334,200-300,0%
Frozen Bottle,2026-10-01,WK 40,Kolar- Highway Star,In Store,Snacks,COCO,KA,2678.0,249.0,133.96,2927.0,0,8,8.50700375811411,334.75,300-400,1%-10%
Frozen Bottle,2026-10-01,WK 40,Kolar- Highway Star,Swiggy,Lunch,COCO,KA,480.0,460.0,23.0,920.0,0,1,50.0,480.0,400-500,40%-50%
Frozen Bottle,2026-10-01,WK 40,Kolar- Highway Star,Swiggy,Snacks,COCO,KA,554.0,489.0,25.72,1003.0,0,2,48.753738783649055,277.0,200-300,40%-50%
Madno,2026-10-01,WK 40,Kolar- Highway Star,Swiggy,Dinner,COCO,KA,558.0,518.0,25.9,1036.0,0,2,50.0,279.0,200-300,40%-50%
Madno,2026-10-01,WK 40,Kolar- Highway Star,Swiggy,Lunch,COCO,KA,218.0,198.0,9.9,396.0,0,1,50.0,218.0,200-300,40%-50%
Madno,2026-10-01,WK 40,Kolar- Highway Star,Swiggy,Snacks,COCO,KA,217.0,184.0,9.86,381.0,0,1,48.29396325459317,217.0,200-300,40%-50%
Madno,2026-10-01,WK 40,Kolar- Highway Star,Zomato,Dinner,COCO,KA,208.0,0.0,10.4,198.0,0,1,0.0,208.0,200-300,0%
Madno,2026-10-01,WK 40,Kolar- Highway Star,Zomato,Snacks,COCO,KA,481.5,230.5,24.06,682.0,0,1,33.79765395894428,481.5,400-500,30%-40%
Boba Bar,2026-10-01,WK 40,Kolathur,Swiggy,Snacks,COCO,TN,167.0,133.0,7.86,290.0,0,1,45.86206896551724,167.0,100-200,40%-50%
Boba Bar,2026-10-01,WK 40,Kolathur,Zomato,Dinner,COCO,TN,400.0,380.0,20.0,760.0,0,1,50.0,400.0,300-400,40%-50%
Frozen Bottle,2026-10-01,WK 40,Kolathur,Swiggy,Dinner,COCO,TN,1666.01,800.99,80.32,2407.0,0,5,33.27752388865808,333.202,300-400,30%-40%
Frozen Bottle,2026-10-01,WK 40,Kolathur,Swiggy,Late Night,COCO,TN,236.0,244.0,10.8,460.0,0,1,53.04347826086957,236.0,200-300,50%-60%
Frozen Bottle,2026-10-01,WK 40,Kolathur,Swiggy,Lunch,COCO,TN,1301.01,689.99,61.08,1911.0,0,3,36.10622710622711,433.67,400-500,30%-40%
Frozen Bottle,2026-10-01,WK 40,Kolathur,Swiggy,Snacks,COCO,TN,1669.0,1060.0,79.98,2659.0,0,7,39.86461075592328,238.42857142857142,200-300,30%-40%
Frozen Bottle,2026-10-01,WK 40,Kolathur,Zomato,Dinner,COCO,TN,5080.8,4131.2,254.1,8912.0,0,12,46.35547576301616,423.40000000000003,400-500,40%-50%
Frozen Bottle,2026-10-01,WK 40,Kolathur,Zomato,Late Night,COCO,TN,638.0,352.0,31.9,960.0,0,2,36.666666666666664,319.0,300-400,30%-40%
Frozen Bottle,2026-10-01,WK 40,Kolathur,Zomato,Lunch,COCO,TN,1795.0,1141.0,89.80000000000001,2856.0,0,5,39.950980392156865,359.0,300-400,30%-40%
Frozen Bottle,2026-10-01,WK 40,Kolathur,Zomato,Snacks,COCO,TN,2735.0,2571.0,136.8,5126.0,0,8,50.1560671088568,341.875,300-400,50%-60%
Madno,2026-10-01,WK 40,Kolathur,Swiggy,Dinner,COCO,TN,846.0,833.0,38.32,1599.0,0,5,52.095059412132585,169.2,100-200,50%-60%
Madno,2026-10-01,WK 40,Kolathur,Swiggy,Late Night,COCO,TN,308.0,243.0,14.4,531.0,0,1,45.76271186440678,308.0,300-400,40%-50%
Madno,2026-10-01,WK 40,Kolathur,Swiggy,Lunch,COCO,TN,445.0,422.0,20.26,827.0,0,2,51.027811366384526,222.5,200-300,50%-60%
Madno,2026-10-01,WK 40,Kolathur,Swiggy,Snacks,COCO,TN,438.0,140.0,20.9,558.0,0,2,25.089605734767023,219.0,200-300,20%-30%
Madno,2026-10-01,WK 40,Kolathur,Zomato,Dinner,COCO,TN,425.0,105.0,21.24,510.0,0,1,20.588235294117645,425.0,400-500,20%-30%
Madno,2026-10-01,WK 40,Kolathur,Zomato,Late Night,COCO,TN,126.55,142.45,6.32,259.0,0,1,54.99999999999999,126.55,100-200,50%-60%
Frozen Bottle,2026-10-01,WK 40,Kollur,In Store,Closing,FOFO,AP & TL,229.0,0.0,11.46,229.0,0,1,0.0,229.0,200-300,0%
Frozen Bottle,2026-10-01,WK 40,Kollur,In Store,Dinner,FOFO,AP & TL,12935.0,0.0,646.92,12935.0,0,33,0.0,391.969696969697,300-400,0%
Frozen Bottle,2026-10-01,WK 40,Kollur,In Store,Late Night,FOFO,AP & TL,378.0,0.0,18.9,378.0,0,1,0.0,378.0,300-400,0%
Frozen Bottle,2026-10-01,WK 40,Kollur,In Store,Lunch,FOFO,AP & TL,1489.0,0.0,74.48,1489.0,0,5,0.0,297.8,200-300,0%
Frozen Bottle,2026-10-01,WK 40,Kollur,In Store,Snacks,FOFO,AP & TL,2875.0,0.0,143.82,2875.0,0,9,0.0,319.44444444444446,300-400,0%
Frozen Bottle,2026-10-01,WK 40,Kollur,Swiggy,Dinner,FOFO,AP & TL,4324.0,0.0,208.22,4164.0,0,7,0.0,617.7142857142857,600-900,0%
Frozen Bottle,2026-10-01,WK 40,Kollur,Swiggy,Lunch,FOFO,AP & TL,400.0,0.0,19.5,390.0,0,1,0.0,400.0,300-400,0%
Frozen Bottle,2026-10-01,WK 40,Kollur,Zomato,Dinner,FOFO,AP & TL,1956.0,175.01,97.82,2051.01,0,3,8.532869171773905,652.0,600-900,1%-10%
Frozen Bottle,2026-10-01,WK 40,Kollur,Zomato,Lunch,FOFO,AP & TL,970.0,0.0,48.5,940.0,0,2,0.0,485.0,400-500,0%
Frozen Bottle,2026-10-01,WK 40,Kollur,Zomato,Snacks,FOFO,AP & TL,658.0,0.0,32.9,628.0,0,2,0.0,329.0,300-400,0%
Frozen Bottle,2026-10-01,WK 40,Kondhwa,In Store,Dinner,FOFO,MH,2281.0,0.0,114.1,2281.0,0,9,0.0,253.44444444444446,200-300,0%
Frozen Bottle,2026-10-01,WK 40,Kondhwa,In Store,Lunch,FOFO,MH,894.0,0.0,44.72,894.0,0,4,0.0,223.5,200-300,0%
Frozen Bottle,2026-10-01,WK 40,Kondhwa,In Store,Snacks,FOFO,MH,1371.0,0.0,68.58,1371.0,0,6,0.0,228.5,200-300,0%
Frozen Bottle,2026-10-01,WK 40,Kondhwa,Swiggy,Dinner,FOFO,MH,1100.0,80.0,53.5,1150.0,0,2,6.956521739130435,550.0,500-600,1%-10%
Frozen Bottle,2026-10-01,WK 40,Kondhwa,Swiggy,Late Night,FOFO,MH,683.0,69.0,34.16,752.0,0,2,9.175531914893616,341.5,300-400,1%-10%
Frozen Bottle,2026-10-01,WK 40,Kondhwa,Swiggy,Lunch,FOFO,MH,517.8,54.2,24.4,542.0,0,2,10.0,258.9,200-300,1%-10%
Frozen Bottle,2026-10-01,WK 40,Kondhwa,Zomato,Dinner,FOFO,MH,1218.0,60.0,60.9,1238.0,0,2,4.846526655896607,609.0,600-900,1%-10%
Frozen Bottle,2026-10-01,WK 40,Kondhwa,Zomato,Snacks,FOFO,MH,321.0,0.0,16.06,311.0,0,1,0.0,321.0,300-400,0%
Madno,2026-10-01,WK 40,Kondhwa,Swiggy,Dinner,FOFO,MH,188.2,19.8,8.92,198.0,0,1,10.0,188.2,100-200,1%-10%
Madno,2026-10-01,WK 40,Kondhwa,Swiggy,Late Night,FOFO,MH,239.0,82.0,11.96,321.0,0,1,25.54517133956386,239.0,200-300,20%-30%
Madno,2026-10-01,WK 40,Kondhwa,Swiggy,Lunch,FOFO,MH,181.0,19.0,8.56,190.0,0,1,10.0,181.0,100-200,1%-10%
Boba Bar,2026-10-01,WK 40,Koramangala,Swiggy,Snacks,COCO,KA,198.0,182.0,9.9,380.0,0,1,47.89473684210526,198.0,100-200,40%-50%
Frozen Bottle,2026-10-01,WK 40,Koramangala,In Store,Dinner,COCO,KA,5586.2,262.13,279.4,5848.33,0,23,4.482134216092457,242.8782608695652,200-300,1%-10%
Frozen Bottle,2026-10-01,WK 40,Koramangala,In Store,Late Night,COCO,KA,1484.4,127.6,74.24,1612.0,0,4,7.915632754342432,371.1,300-400,1%-10%
Frozen Bottle,2026-10-01,WK 40,Koramangala,In Store,Lunch,COCO,KA,438.0,0.0,21.92,438.0,0,2,0.0,219.0,200-300,0%
Frozen Bottle,2026-10-01,WK 40,Koramangala,In Store,Snacks,COCO,KA,1620.82,148.18,81.08,1769.0,0,9,8.376483889202941,180.0911111111111,100-200,1%-10%
Frozen Bottle,2026-10-01,WK 40,Koramangala,Ownly,Dinner,COCO,KA,119.0,0.0,5.96,119.0,0,1,0.0,119.0,100-200,0%
Frozen Bottle,2026-10-01,WK 40,Koramangala,Ownly,Late Night,COCO,KA,1092.0,0.0,54.64,1092.0,0,6,0.0,182.0,100-200,0%
Frozen Bottle,2026-10-01,WK 40,Koramangala,Ownly,Snacks,COCO,KA,99.0,0.0,4.96,99.0,0,1,0.0,99.0,0-100,0%
Frozen Bottle,2026-10-01,WK 40,Koramangala,Swiggy,Breakfast,COCO,KA,551.0,449.0,25.56,960.0,0,1,46.770833333333336,551.0,500-600,40%-50%
Frozen Bottle,2026-10-01,WK 40,Koramangala,Swiggy,Dinner,COCO,KA,4962.58,2330.42,237.68,7083.0,0,14,32.90159536919385,354.46999999999997,300-400,30%-40%
Frozen Bottle,2026-10-01,WK 40,Koramangala,Swiggy,Late Night,COCO,KA,1091.63,697.37,51.08,1719.0,0,5,40.568353694008145,218.32600000000002,200-300,40%-50%
Frozen Bottle,2026-10-01,WK 40,Koramangala,Swiggy,Lunch,COCO,KA,2294.0,1886.0,114.24000000000001,4170.0,0,7,45.22781774580336,327.7142857142857,300-400,40%-50%
Frozen Bottle,2026-10-01,WK 40,Koramangala,Swiggy,Snacks,COCO,KA,1739.63,1271.37,82.52,2921.0,0,8,43.52516261554262,217.45375,200-300,40%-50%
Frozen Bottle,2026-10-01,WK 40,Koramangala,Zomato,Breakfast,COCO,KA,563.0,215.0,28.18,748.0,0,2,28.74331550802139,281.5,200-300,20%-30%
Frozen Bottle,2026-10-01,WK 40,Koramangala,Zomato,Dinner,COCO,KA,4550.7,3354.3,227.6,7625.0,0,15,43.990819672131146,303.38,300-400,40%-50%
Frozen Bottle,2026-10-01,WK 40,Koramangala,Zomato,Late Night,COCO,KA,2122.0,975.0,106.16,2977.0,0,9,32.751091703056765,235.77777777777777,200-300,30%-40%
Frozen Bottle,2026-10-01,WK 40,Koramangala,Zomato,Lunch,COCO,KA,983.6,347.4,49.18000000000001,1271.0,0,4,27.332808811959087,245.9,200-300,20%-30%
Frozen Bottle,2026-10-01,WK 40,Koramangala,Zomato,Snacks,COCO,KA,1094.95,667.05,54.78,1702.0,0,3,39.19212690951821,364.98333333333335,300-400,30%-40%
Madno,2026-10-01,WK 40,Koramangala,Ownly,Dinner,COCO,KA,99.0,0.0,4.96,99.0,0,1,0.0,99.0,0-100,0%
Madno,2026-10-01,WK 40,Koramangala,Ownly,Late Night,COCO,KA,596.0,0.0,29.840000000000003,596.0,0,4,0.0,149.0,100-200,0%
Madno,2026-10-01,WK 40,Koramangala,Ownly,Snacks,COCO,KA,159.0,0.0,7.96,159.0,0,1,0.0,159.0,100-200,0%
Madno,2026-10-01,WK 40,Koramangala,Swiggy,Dinner,COCO,KA,1171.0,853.0,57.06,1994.0,0,5,42.778335005015045,234.2,200-300,40%-50%
Madno,2026-10-01,WK 40,Koramangala,Swiggy,Late Night,COCO,KA,198.0,182.0,9.9,380.0,0,1,47.89473684210526,198.0,100-200,40%-50%
Madno,2026-10-01,WK 40,Koramangala,Swiggy,Lunch,COCO,KA,129.0,100.0,5.96,219.0,0,1,45.662100456621005,129.0,100-200,40%-50%
Madno,2026-10-01,WK 40,Koramangala,Swiggy,Snacks,COCO,KA,218.0,198.0,9.9,396.0,0,1,50.0,218.0,200-300,40%-50%
Madno,2026-10-01,WK 40,Koramangala,Zomato,Dinner,COCO,KA,1069.05,185.95,53.46,1195.0,0,4,15.560669456066945,267.2625,200-300,10%-20%
Madno,2026-10-01,WK 40,Koramangala,Zomato,Late Night,COCO,KA,2117.6,443.39,105.88,2460.99,0,7,18.01673310334459,302.5142857142857,300-400,10%-20%
Madno,2026-10-01,WK 40,Koramangala,Zomato,Snacks,COCO,KA,160.5,150.5,8.02,301.0,0,1,50.0,160.5,100-200,40%-50%
Boba Bar,2026-10-01,WK 40,Koregaon Park - Pune,Zomato,Dinner,COCO,MH,300.0,280.0,15.0,560.0,0,1,50.0,300.0,200-300,40%-50%
Frozen Bottle,2026-10-01,WK 40,Koregaon Park - Pune,In Store,Lunch,COCO,MH,283.87,143.13,14.200000000000001,427.0,0,3,33.51990632318501,94.62333333333333,0-100,30%-40%
Frozen Bottle,2026-10-01,WK 40,Koregaon Park - Pune,In Store,Snacks,COCO,MH,1224.87,572.13,61.24,1797.0,0,4,31.838063439065106,306.2175,300-400,30%-40%
Frozen Bottle,2026-10-01,WK 40,Koregaon Park - Pune,Others,Dinner,COCO,MH,115.4,193.6,5.76,299.0,0,1,64.74916387959865,115.4,100-200,60%-70%
Frozen Bottle,2026-10-01,WK 40,Koregaon Park - Pune,Swiggy,Closing,COCO,MH,68.0,91.0,3.4,159.0,0,1,57.23270440251572,68.0,0-100,50%-60%
Frozen Bottle,2026-10-01,WK 40,Koregaon Park - Pune,Swiggy,Dinner,COCO,MH,2312.27,1224.73,110.16,3427.0,0,10,35.73767143274001,231.227,200-300,30%-40%
Frozen Bottle,2026-10-01,WK 40,Koregaon Park - Pune,Swiggy,Late Night,COCO,MH,1973.0,1126.0,93.7,2999.0,0,9,37.545848616205404,219.22222222222223,200-300,30%-40%
Frozen Bottle,2026-10-01,WK 40,Koregaon Park - Pune,Swiggy,Lunch,COCO,MH,1698.0,1179.0,81.42,2807.0,0,5,42.00213751335946,339.6,300-400,40%-50%
Frozen Bottle,2026-10-01,WK 40,Koregaon Park - Pune,Swiggy,Snacks,COCO,MH,1078.0,768.0,50.42,1776.0,0,5,43.24324324324324,215.6,200-300,40%-50%
Frozen Bottle,2026-10-01,WK 40,Koregaon Park - Pune,Zomato,Closing,COCO,MH,140.0,130.0,7.0,260.0,0,1,50.0,140.0,100-200,40%-50%
Frozen Bottle,2026-10-01,WK 40,Koregaon Park - Pune,Zomato,Dinner,COCO,MH,1030.0,710.0,51.5,1690.0,0,3,42.01183431952663,343.3333333333333,300-400,40%-50%
Frozen Bottle,2026-10-01,WK 40,Koregaon Park - Pune,Zomato,Late Night,COCO,MH,2343.49,839.5,117.22,3062.99,0,7,27.40785964041672,334.78428571428566,300-400,20%-30%
Frozen Bottle,2026-10-01,WK 40,Koregaon Park - Pune,Zomato,Lunch,COCO,MH,3251.5,2251.5,162.62,5313.0,0,10,42.377188029361946,325.15,300-400,40%-50%
Frozen Bottle,2026-10-01,WK 40,Koregaon Park - Pune,Zomato,Snacks,COCO,MH,1424.0,955.0,71.22,2299.0,0,5,41.53979991300565,284.8,200-300,40%-50%
Madno,2026-10-01,WK 40,Koregaon Park - Pune,Swiggy,Dinner,COCO,MH,2168.01,723.3199999999999,102.92,2781.33,0,7,26.006263190631817,309.71571428571434,300-400,20%-30%
Madno,2026-10-01,WK 40,Koregaon Park - Pune,Swiggy,Late Night,COCO,MH,69.0,72.0,3.46,141.0,0,1,51.06382978723404,69.0,0-100,50%-60%
Madno,2026-10-01,WK 40,Koregaon Park - Pune,Swiggy,Snacks,COCO,MH,316.0,265.0,14.3,551.0,0,1,48.09437386569873,316.0,300-400,40%-50%
Madno,2026-10-01,WK 40,Koregaon Park - Pune,Zomato,Breakfast,COCO,MH,356.5,316.5,17.84,633.0,0,1,50.0,356.5,300-400,40%-50%
Madno,2026-10-01,WK 40,Koregaon Park - Pune,Zomato,Dinner,COCO,MH,270.0,50.0,13.5,310.0,0,1,16.129032258064516,270.0,200-300,10%-20%
Madno,2026-10-01,WK 40,Koregaon Park - Pune,Zomato,Late Night,COCO,MH,340.0,50.0,17.0,380.0,0,1,13.157894736842104,340.0,300-400,10%-20%
Madno,2026-10-01,WK 40,Koregaon Park - Pune,Zomato,Snacks,COCO,MH,208.0,0.0,10.4,198.0,0,1,0.0,208.0,200-300,0%
Frozen Bottle,2026-10-01,WK 40,Kothanur,In Store,Closing,FOFO,KA,627.0,0.0,31.36,627.0,0,1,0.0,627.0,600-900,0%
Frozen Bottle,2026-10-01,WK 40,Kothanur,In Store,Dinner,FOFO,KA,2012.0,0.0,100.68,2012.0,0,11,0.0,182.9090909090909,100-200,0%
Frozen Bottle,2026-10-01,WK 40,Kothanur,In Store,Late Night,FOFO,KA,525.0,0.0,26.28,525.0,0,3,0.0,175.0,100-200,0%
Frozen Bottle,2026-10-01,WK 40,Kothanur,In Store,Lunch,FOFO,KA,406.0,0.0,20.32,406.0,0,3,0.0,135.33333333333334,100-200,0%
Frozen Bottle,2026-10-01,WK 40,Kothanur,In Store,Snacks,FOFO,KA,376.0,0.0,18.82,376.0,0,3,0.0,125.33333333333333,100-200,0%
Frozen Bottle,2026-10-01,WK 40,Kothanur,Ownly,Dinner,FOFO,KA,264.0,0.0,13.2,264.0,0,1,0.0,264.0,200-300,0%
Frozen Bottle,2026-10-01,WK 40,Kothanur,Ownly,Lunch,FOFO,KA,281.0,0.0,14.06,281.0,0,1,0.0,281.0,200-300,0%
Frozen Bottle,2026-10-01,WK 40,Kothanur,Swiggy,Closing,FOFO,KA,1122.0,509.0,53.12,1571.0,0,2,32.39974538510503,561.0,500-600,30%-40%
Frozen Bottle,2026-10-01,WK 40,Kothanur,Swiggy,Dinner,FOFO,KA,945.01,134.99,45.760000000000005,1050.0,0,2,12.856190476190477,472.505,400-500,10%-20%
Frozen Bottle,2026-10-01,WK 40,Kothanur,Swiggy,Late Night,FOFO,KA,1864.52,989.84,86.74000000000001,2724.3599999999997,0,4,36.33293690995317,466.13,400-500,30%-40%
Frozen Bottle,2026-10-01,WK 40,Kothanur,Swiggy,Snacks,FOFO,KA,119.0,121.0,5.46,230.0,0,1,52.60869565217391,119.0,100-200,50%-60%
Frozen Bottle,2026-10-01,WK 40,Kothanur,Zomato,Breakfast,FOFO,KA,366.5,163.5,18.34,510.0,0,1,32.05882352941177,366.5,300-400,30%-40%
Frozen Bottle,2026-10-01,WK 40,Kothanur,Zomato,Closing,FOFO,KA,340.0,0.0,17.0,330.0,0,1,0.0,340.0,300-400,0%
Frozen Bottle,2026-10-01,WK 40,Kothanur,Zomato,Dinner,FOFO,KA,1630.9,659.1,81.53999999999999,2210.0,0,6,29.823529411764703,271.81666666666666,200-300,20%-30%
Frozen Bottle,2026-10-01,WK 40,Kothanur,Zomato,Lunch,FOFO,KA,619.28,100.0,30.96,689.28,0,3,14.507892293407615,206.42666666666665,200-300,10%-20%
Madno,2026-10-01,WK 40,Kothanur,Swiggy,Dinner,FOFO,KA,394.01,124.99,18.7,499.0,0,1,25.048096192384765,394.01,300-400,20%-30%
Madno,2026-10-01,WK 40,Kothanur,Swiggy,Snacks,FOFO,KA,181.0,129.0,9.06,310.0,0,1,41.612903225806456,181.0,100-200,40%-50%
Madno,2026-10-01,WK 40,Kothanur,Zomato,Dinner,FOFO,KA,398.0,140.0,19.9,518.0,0,1,27.027027027027028,398.0,300-400,20%-30%
Madno,2026-10-01,WK 40,Kothanur,Zomato,Lunch,FOFO,KA,210.0,80.0,10.5,280.0,0,1,28.57142857142857,210.0,200-300,20%-30%
Madno,2026-10-01,WK 40,Kothanur,Zomato,Snacks,FOFO,KA,289.0,31.0,14.46,310.0,0,1,10.0,289.0,200-300,1%-10%
Frozen Bottle,2026-10-01,WK 40,Kotturpuram,In Store,Breakfast,FOFO,TN,229.0,0.0,11.46,229.0,0,1,0.0,229.0,200-300,0%
Frozen Bottle,2026-10-01,WK 40,Kotturpuram,In Store,Closing,FOFO,TN,636.0,0.0,31.799999999999997,636.0,0,2,0.0,318.0,300-400,0%
Frozen Bottle,2026-10-01,WK 40,Kotturpuram,In Store,Dinner,FOFO,TN,2584.0,0.0,129.26,2584.0,0,10,0.0,258.4,200-300,0%
Frozen Bottle,2026-10-01,WK 40,Kotturpuram,In Store,Late Night,FOFO,TN,237.0,0.0,11.86,237.0,0,1,0.0,237.0,200-300,0%
Frozen Bottle,2026-10-01,WK 40,Kotturpuram,In Store,Lunch,FOFO,TN,338.0,0.0,16.9,338.0,0,1,0.0,338.0,300-400,0%
Frozen Bottle,2026-10-01,WK 40,Kotturpuram,In Store,Snacks,FOFO,TN,1194.0,0.0,59.72,1194.0,0,4,0.0,298.5,200-300,0%
Frozen Bottle,2026-10-01,WK 40,Kotturpuram,Swiggy,Dinner,FOFO,TN,698.51,163.34,33.44,831.85,0,3,19.63575163791549,232.83666666666667,200-300,10%-20%
Frozen Bottle,2026-10-01,WK 40,Kotturpuram,Swiggy,Late Night,FOFO,TN,375.5,64.5,18.28,430.0,0,1,15.0,375.5,300-400,10%-20%
Frozen Bottle,2026-10-01,WK 40,Kotturpuram,Zomato,Dinner,FOFO,TN,782.3,95.7,39.120000000000005,848.0,0,3,11.285377358490567,260.76666666666665,200-300,10%-20%
Frozen Bottle,2026-10-01,WK 40,Kotturpuram,Zomato,Lunch,FOFO,TN,510.0,150.0,25.5,640.0,0,1,23.4375,510.0,500-600,20%-30%
Frozen Bottle,2026-10-01,WK 40,Kotturpuram,Zomato,Snacks,FOFO,TN,700.7,249.3,35.04,920.0,0,2,27.097826086956523,350.35,300-400,20%-30%
Frozen Bottle,2026-10-01,WK 40,Kurnool,In Store,Breakfast,FOFO,AP & TL,169.0,0.0,8.46,169.0,0,1,0.0,169.0,100-200,0%
Frozen Bottle,2026-10-01,WK 40,Kurnool,In Store,Dinner,FOFO,AP & TL,3169.88,0.0,158.51999999999998,3169.88,0,12,0.0,264.1566666666667,200-300,0%
Frozen Bottle,2026-10-01,WK 40,Kurnool,In Store,Lunch,FOFO,AP & TL,1312.0,0.0,65.64,1312.0,0,4,0.0,328.0,300-400,0%
Frozen Bottle,2026-10-01,WK 40,Kurnool,In Store,Snacks,FOFO,AP & TL,539.85,0.0,27.02,539.85,0,3,0.0,179.95000000000002,100-200,0%
Frozen Bottle,2026-10-01,WK 40,Lakshmi Mills,In Store,Dinner,FOFO,TN,1814.0,0.0,90.72,1814.0,0,5,0.0,362.8,300-400,0%
Frozen Bottle,2026-10-01,WK 40,Lakshmi Mills,In Store,Lunch,FOFO,TN,486.05,0.0,24.3,486.05,0,1,0.0,486.05,400-500,0%
Frozen Bottle,2026-10-01,WK 40,Lakshmi Mills,In Store,Snacks,FOFO,TN,634.1,0.0,31.700000000000003,634.1,0,2,0.0,317.05,300-400,0%
Frozen Bottle,2026-10-01,WK 40,Lakshmi Mills,Swiggy,Dinner,FOFO,TN,2529.5,169.5,122.0,2609.0,0,7,6.496742046761211,361.35714285714283,300-400,1%-10%
Frozen Bottle,2026-10-01,WK 40,Lakshmi Mills,Swiggy,Late Night,FOFO,TN,2230.77,524.23,107.06,2665.0,0,5,19.670919324577863,446.154,400-500,10%-20%
Frozen Bottle,2026-10-01,WK 40,Lakshmi Mills,Swiggy,Lunch,FOFO,TN,939.0,0.0,45.46,909.0,0,3,0.0,313.0,300-400,0%
Frozen Bottle,2026-10-01,WK 40,Lakshmi Mills,Swiggy,Snacks,FOFO,TN,641.0,0.0,31.06,621.0,0,2,0.0,320.5,300-400,0%
Frozen Bottle,2026-10-01,WK 40,Lakshmi Mills,Zomato,Dinner,FOFO,TN,1851.0,300.0,92.58,2081.0,0,6,14.416146083613649,308.5,300-400,10%-20%
Frozen Bottle,2026-10-01,WK 40,Lakshmi Mills,Zomato,Late Night,FOFO,TN,1728.1,606.9,86.42,2255.0,0,5,26.91352549889135,345.62,300-400,20%-30%
Frozen Bottle,2026-10-01,WK 40,Lakshmi Mills,Zomato,Lunch,FOFO,TN,657.9,269.1,32.88,897.0,0,1,30.000000000000004,657.9,600-900,30%-40%
Frozen Bottle,2026-10-01,WK 40,Latur,In Store,Dinner,FOFO,MH,199.0,0.0,9.96,199.0,0,1,0.0,199.0,100-200,0%
Frozen Bottle,2026-10-01,WK 40,Latur,In Store,Snacks,FOFO,MH,1025.0,0.0,51.26,1025.0,0,3,0.0,341.6666666666667,300-400,0%
Boba Bar,2026-10-01,WK 40,Lokhandwala,Swiggy,Late Night,COCO,MH,291.0,0.0,14.06,281.0,0,1,0.0,291.0,200-300,0%
Boba Bar,2026-10-01,WK 40,Lokhandwala,Swiggy,Lunch,COCO,MH,169.0,112.0,8.46,281.0,0,1,39.8576512455516,169.0,100-200,30%-40%
Frozen Bottle,2026-10-01,WK 40,Lokhandwala,In Store,Dinner,COCO,MH,1751.96,69.04,87.62,1821.0,0,4,3.7913234486545857,437.99,400-500,1%-10%
Frozen Bottle,2026-10-01,WK 40,Lokhandwala,In Store,Late Night,COCO,MH,0.0,545.0,0.0,545.0,0,1,100.0,0.0,,90%-100%
Frozen Bottle,2026-10-01,WK 40,Lokhandwala,In Store,Lunch,COCO,MH,996.0,0.0,49.82,996.0,0,3,0.0,332.0,300-400,0%
Frozen Bottle,2026-10-01,WK 40,Lokhandwala,In Store,Snacks,COCO,MH,471.14,341.86,23.560000000000002,813.0,0,2,42.04920049200492,235.57,200-300,40%-50%
Frozen Bottle,2026-10-01,WK 40,Lokhandwala,Swiggy,Closing,COCO,MH,243.0,217.0,11.16,440.0,0,2,49.31818181818181,121.5,100-200,40%-50%
Frozen Bottle,2026-10-01,WK 40,Lokhandwala,Swiggy,Dinner,COCO,MH,5930.02,2373.98,282.56,8024.0,0,19,29.585992023928213,312.1063157894737,300-400,20%-30%
Frozen Bottle,2026-10-01,WK 40,Lokhandwala,Swiggy,Late Night,COCO,MH,2498.0,1395.33,118.92,3773.33,0,9,36.978742914083846,277.55555555555554,200-300,30%-40%
Frozen Bottle,2026-10-01,WK 40,Lokhandwala,Swiggy,Lunch,COCO,MH,1692.0,1105.0,80.66,2717.0,0,8,40.66985645933015,211.5,200-300,40%-50%
Frozen Bottle,2026-10-01,WK 40,Lokhandwala,Swiggy,Snacks,COCO,MH,1541.0,1215.0,72.58,2666.0,0,7,45.573893473368344,220.14285714285714,200-300,40%-50%
Frozen Bottle,2026-10-01,WK 40,Lokhandwala,Zomato,Dinner,COCO,MH,3102.49,2353.17,155.14,5255.66,0,11,44.77401506185713,282.0445454545454,200-300,40%-50%
Frozen Bottle,2026-10-01,WK 40,Lokhandwala,Zomato,Late Night,COCO,MH,1563.9,1208.1,78.24,2672.0,0,6,45.21332335329341,260.65000000000003,200-300,40%-50%
Frozen Bottle,2026-10-01,WK 40,Lokhandwala,Zomato,Lunch,COCO,MH,1775.1399999999999,1223.87,88.82,2889.01,0,5,42.36295478381867,355.02799999999996,300-400,40%-50%
Frozen Bottle,2026-10-01,WK 40,Lokhandwala,Zomato,Snacks,COCO,MH,2796.1,2603.9,139.88,5210.0,0,8,49.978886756238005,349.5125,300-400,40%-50%
Madno,2026-10-01,WK 40,Lokhandwala,Swiggy,Dinner,COCO,MH,743.0,737.6600000000001,34.66,1430.6599999999999,0,3,51.56081808396126,247.66666666666666,200-300,50%-60%
Madno,2026-10-01,WK 40,Lokhandwala,Swiggy,Late Night,COCO,MH,296.0,212.0,13.82,488.0,0,2,43.44262295081967,148.0,100-200,40%-50%
Madno,2026-10-01,WK 40,Lokhandwala,Swiggy,Lunch,COCO,MH,488.0,100.0,22.9,558.0,0,2,17.921146953405017,244.0,200-300,10%-20%
Madno,2026-10-01,WK 40,Lokhandwala,Swiggy,Snacks,COCO,MH,634.0,476.0,29.200000000000003,1060.0,0,2,44.905660377358494,317.0,300-400,40%-50%
Madno,2026-10-01,WK 40,Lokhandwala,Zomato,Dinner,COCO,MH,1126.5,686.5,56.339999999999996,1753.0,0,4,39.161437535653164,281.625,200-300,30%-40%
Madno,2026-10-01,WK 40,Lokhandwala,Zomato,Late Night,COCO,MH,136.5,127.83,6.84,244.33,0,1,52.31858551958417,136.5,100-200,50%-60%
Madno,2026-10-01,WK 40,Lokhandwala,Zomato,Lunch,COCO,MH,804.0,145.0,40.22,919.0,0,2,15.778019586507073,402.0,400-500,10%-20%
Madno,2026-10-01,WK 40,Lokhandwala,Zomato,Snacks,COCO,MH,1042.5,451.5,52.14,1444.0,0,3,31.26731301939058,347.5,300-400,30%-40%
Lubov,2026-10-01,WK 40,Lubov Store,Others,Lunch,COCO,KA,8393.060000000001,756.96,436.06,9150.02,0,3,8.272768802691141,2797.686666666667,>900,1%-10%
Lubov,2026-10-01,WK 40,Lubov Store,Swiggy,Dinner,COCO,KA,929.0,0.0,45.46,909.0,0,1,0.0,929.0,>900,0%
Lubov,2026-10-01,WK 40,Lubov Store,Zomato,Breakfast,COCO,KA,318.0,280.0,15.920000000000002,578.0,0,2,48.44290657439446,159.0,100-200,40%-50%
Lubov,2026-10-01,WK 40,Lubov Store,Zomato,Dinner,COCO,KA,9683.2,3810.79,484.32,13153.99,0,26,28.970601315646434,372.4307692307693,300-400,20%-30%
Lubov,2026-10-01,WK 40,Lubov Store,Zomato,Lunch,COCO,KA,2303.3,950.7,115.19999999999999,3194.0,0,5,29.76518472135254,460.66,400-500,20%-30%
Lubov,2026-10-01,WK 40,Lubov Store,Zomato,Snacks,COCO,KA,2043.3999999999999,742.5999999999999,102.16,2746.0,0,3,27.042971595047337,681.1333333333333,600-900,20%-30%
Madno,2026-10-01,WK 40,Madno - Akshay Nagar,In Store,Closing,FOFO,KA,237.0,0.0,11.86,237.0,0,1,0.0,237.0,200-300,0%
Madno,2026-10-01,WK 40,Madno - Akshay Nagar,In Store,Dinner,FOFO,KA,2318.83,98.57,115.96000000000001,2417.4,0,7,4.077521303880202,331.26142857142855,300-400,1%-10%
Madno,2026-10-01,WK 40,Madno - Akshay Nagar,In Store,Late Night,FOFO,KA,415.6,117.57,20.8,533.17,0,3,22.051128157998388,138.53333333333333,100-200,20%-30%
Madno,2026-10-01,WK 40,Madno - Akshay Nagar,In Store,Lunch,FOFO,KA,98.0,0.0,4.9,98.0,0,1,0.0,98.0,0-100,0%
Madno,2026-10-01,WK 40,Madno - Akshay Nagar,In Store,Snacks,FOFO,KA,1152.51,0.0,57.64,1152.51,0,4,0.0,288.1275,200-300,0%
Madno,2026-10-01,WK 40,Madno - Akshay Nagar,Swiggy,Dinner,FOFO,KA,3042.01,1969.8400000000001,142.12,4811.85,0,11,40.937269449380175,276.54636363636365,200-300,40%-50%
Madno,2026-10-01,WK 40,Madno - Akshay Nagar,Swiggy,Late Night,FOFO,KA,1659.01,1509.69,76.98,3048.7,0,7,49.51913930527766,237.00142857142856,200-300,40%-50%
Madno,2026-10-01,WK 40,Madno - Akshay Nagar,Swiggy,Lunch,FOFO,KA,1191.0,321.85,57.04,1462.85,0,2,22.00157227330212,595.5,500-600,20%-30%
Madno,2026-10-01,WK 40,Madno - Akshay Nagar,Swiggy,Snacks,FOFO,KA,180.0,202.0,9.0,382.0,0,1,52.879581151832454,180.0,100-200,50%-60%
Madno,2026-10-01,WK 40,Madno - Akshay Nagar,Zomato,Dinner,FOFO,KA,1169.0,491.0,58.459999999999994,1590.0,0,4,30.880503144654085,292.25,200-300,30%-40%
Madno,2026-10-01,WK 40,Madno - Akshay Nagar,Zomato,Late Night,FOFO,KA,580.05,551.95,29.0,1082.0,0,3,51.012014787430694,193.35,100-200,50%-60%
Madno,2026-10-01,WK 40,Madno - Akshay Nagar,Zomato,Lunch,FOFO,KA,250.0,80.0,12.5,320.0,0,1,25.0,250.0,200-300,20%-30%
Madno,2026-10-01,WK 40,Madno - Akshay Nagar,Zomato,Snacks,FOFO,KA,415.0,105.0,20.74,500.0,0,1,21.0,415.0,400-500,20%-30%
Madno,2026-10-01,WK 40,Madno - Basaveshwaranagar,In Store,Dinner,FOFO,KA,966.69,0.0,48.36,966.69,0,5,0.0,193.33800000000002,100-200,0%
Madno,2026-10-01,WK 40,Madno - Basaveshwaranagar,In Store,Lunch,FOFO,KA,238.0,0.0,11.9,238.0,0,1,0.0,238.0,200-300,0%
Madno,2026-10-01,WK 40,Madno - Basaveshwaranagar,In Store,Snacks,FOFO,KA,984.0,0.0,49.22,984.0,0,5,0.0,196.8,100-200,0%
Madno,2026-10-01,WK 40,Madno - Basaveshwaranagar,Swiggy,Dinner,FOFO,KA,885.75,253.25,41.8,1089.0,0,4,23.255280073461893,221.4375,200-300,20%-30%
Madno,2026-10-01,WK 40,Madno - Basaveshwaranagar,Swiggy,Late Night,FOFO,KA,452.85,0.0,21.64,432.85,0,2,0.0,226.425,200-300,0%
Madno,2026-10-01,WK 40,Madno - Basaveshwaranagar,Swiggy,Lunch,FOFO,KA,775.0,548.0,38.78,1323.0,0,4,41.42101284958428,193.75,100-200,40%-50%
Madno,2026-10-01,WK 40,Madno - Basaveshwaranagar,Swiggy,Snacks,FOFO,KA,90.0,100.0,4.5,190.0,0,1,52.63157894736842,90.0,0-100,50%-60%
Madno,2026-10-01,WK 40,Madno - Basaveshwaranagar,Zomato,Closing,FOFO,KA,461.0,50.0,23.060000000000002,491.0,0,2,10.183299389002038,230.5,200-300,10%-20%
Madno,2026-10-01,WK 40,Madno - Basaveshwaranagar,Zomato,Dinner,FOFO,KA,965.0,50.0,48.28,965.0,0,4,5.181347150259067,241.25,200-300,1%-10%
Madno,2026-10-01,WK 40,Madno - Basaveshwaranagar,Zomato,Late Night,FOFO,KA,1272.0,350.0,63.620000000000005,1572.0,0,4,22.264631043256998,318.0,300-400,20%-30%
Madno,2026-10-01,WK 40,Madno - Basaveshwaranagar,Zomato,Lunch,FOFO,KA,851.7,319.3,42.6,1121.0,0,4,28.48349687778769,212.925,200-300,20%-30%
Madno,2026-10-01,WK 40,Madno - Eluru,In Store,Dinner,FOFO,AP & TL,616.0,0.0,30.799999999999997,616.0,0,2,0.0,308.0,300-400,0%
Madno,2026-10-01,WK 40,Madno - Eluru,In Store,Lunch,FOFO,AP & TL,128.0,0.0,6.4,128.0,0,1,0.0,128.0,100-200,0%
Madno,2026-10-01,WK 40,Madno - Eluru,In Store,Snacks,FOFO,AP & TL,1221.0,89.0,61.08,1310.0,0,6,6.793893129770992,203.5,200-300,1%-10%
Madno,2026-10-01,WK 40,Madno - Eluru,Swiggy,Dinner,FOFO,AP & TL,1030.9099999999999,183.94,49.56,1174.85,0,2,15.656466782993576,515.4549999999999,500-600,10%-20%
Madno,2026-10-01,WK 40,Madno - Eluru,Zomato,Dinner,FOFO,AP & TL,762.0,130.0,38.1,852.0,0,3,15.258215962441316,254.0,200-300,10%-20%
Madno,2026-10-01,WK 40,Madno - Eluru,Zomato,Lunch,FOFO,AP & TL,2051.0,160.0,102.58,2121.0,0,6,7.543611504007544,341.8333333333333,300-400,1%-10%
Madno,2026-10-01,WK 40,Madno - Eluru,Zomato,Snacks,FOFO,AP & TL,418.0,50.0,20.9,448.0,0,2,11.160714285714286,209.0,200-300,10%-20%
Madno,2026-10-01,WK 40,Madno - Gandipet,In Store,Closing,FOFO,AP & TL,98.0,0.0,4.9,98.0,0,1,0.0,98.0,0-100,0%
Madno,2026-10-01,WK 40,Madno - Gandipet,In Store,Dinner,FOFO,AP & TL,3812.28,0.0,190.7,3812.28,0,14,0.0,272.3057142857143,200-300,0%
Madno,2026-10-01,WK 40,Madno - Gandipet,In Store,Lunch,FOFO,AP & TL,514.0,0.0,25.740000000000002,514.0,0,5,0.0,102.8,100-200,0%
Madno,2026-10-01,WK 40,Madno - Gandipet,In Store,Snacks,FOFO,AP & TL,1204.0,0.0,60.24,1204.0,0,9,0.0,133.77777777777777,100-200,0%
Madno,2026-10-01,WK 40,Madno - Gandipet,Swiggy,Dinner,FOFO,AP & TL,849.0,1.0,41.46,830.0,0,3,0.12048192771084339,283.0,200-300,1%-10%
Madno,2026-10-01,WK 40,Madno - Gandipet,Zomato,Dinner,FOFO,AP & TL,201.0,0.0,10.06,191.0,0,1,0.0,201.0,200-300,0%
Madno,2026-10-01,WK 40,Madno - Gandipet,Zomato,Snacks,FOFO,AP & TL,307.9,33.1,15.4,331.0,0,1,10.0,307.9,300-400,1%-10%
Madno,2026-10-01,WK 40,Madno - Hadapsar,In Store,Dinner,FOFO,MH,229.0,0.0,11.46,229.0,0,1,0.0,229.0,200-300,0%
Madno,2026-10-01,WK 40,Madno - Hadapsar,In Store,Snacks,FOFO,MH,535.0,0.0,26.76,535.0,0,1,0.0,535.0,500-600,0%
Madno,2026-10-01,WK 40,Madno - Hadapsar,Swiggy,Dinner,FOFO,MH,311.0,0.0,15.06,301.0,0,1,0.0,311.0,300-400,0%
Madno,2026-10-01,WK 40,Madno - Hadapsar,Zomato,Dinner,FOFO,MH,181.0,0.0,9.06,171.0,0,1,0.0,181.0,100-200,0%
Madno,2026-10-01,WK 40,Madno - Hadapsar,Zomato,Snacks,FOFO,MH,200.0,0.0,10.0,190.0,0,1,0.0,200.0,100-200,0%
Frozen Bottle,2026-10-01,WK 40,Madno - Hinjewadi,Swiggy,Dinner,FOFO,MH,488.02,131.98,23.4,600.0,0,1,21.996666666666663,488.02,400-500,20%-30%
Frozen Bottle,2026-10-01,WK 40,Madno - Hinjewadi,Swiggy,Lunch,FOFO,MH,1157.03,282.97,55.36,1390.0,0,2,20.357553956834533,578.515,500-600,20%-30%
Frozen Bottle,2026-10-01,WK 40,Madno - Hinjewadi,Zomato,Dinner,FOFO,MH,1637.0,924.0,81.88,2481.0,0,6,37.24304715840387,272.8333333333333,200-300,30%-40%
Frozen Bottle,2026-10-01,WK 40,Madno - Hinjewadi,Zomato,Lunch,FOFO,MH,2481.0,1340.0,124.08,3691.0,0,5,36.30452451910052,496.2,400-500,30%-40%
Frozen Bottle,2026-10-01,WK 40,Madno - Hinjewadi,Zomato,Snacks,FOFO,MH,1268.0,919.0,63.42,2107.0,0,3,43.61651637399146,422.6666666666667,400-500,40%-50%
Madno,2026-10-01,WK 40,Madno - Hinjewadi,Zomato,Dinner,FOFO,MH,769.0,175.0,38.46,904.0,0,2,19.358407079646017,384.5,300-400,10%-20%
Madno,2026-10-01,WK 40,Madno - Kasavanahalli,Swiggy,Dinner,FOFO,KA,132.0,58.0,6.6,190.0,0,1,30.526315789473685,132.0,100-200,30%-40%
Madno,2026-10-01,WK 40,Madno - Kasavanahalli,Swiggy,Snacks,FOFO,KA,446.0,162.0,20.8,578.0,0,2,28.027681660899656,223.0,200-300,20%-30%
Madno,2026-10-01,WK 40,Madno - Kasavanahalli,Zomato,Dinner,FOFO,KA,1545.0,250.0,77.28,1725.0,0,5,14.492753623188406,309.0,300-400,10%-20%
Madno,2026-10-01,WK 40,Madno - Kondapur,In Store,Dinner,FOFO,AP & TL,1261.0,0.0,63.08,1261.0,0,4,0.0,315.25,300-400,0%
Madno,2026-10-01,WK 40,Madno - Kondapur,In Store,Late Night,FOFO,AP & TL,702.23,0.0,35.120000000000005,702.23,0,2,0.0,351.115,300-400,0%
Madno,2026-10-01,WK 40,Madno - Kondapur,In Store,Lunch,FOFO,AP & TL,149.0,0.0,7.46,149.0,0,1,0.0,149.0,100-200,0%
Madno,2026-10-01,WK 40,Madno - Kondapur,In Store,Snacks,FOFO,AP & TL,576.0,0.0,28.8,576.0,0,2,0.0,288.0,200-300,0%
Madno,2026-10-01,WK 40,Madno - Kondapur,Swiggy,Dinner,FOFO,AP & TL,917.7,178.3,43.9,1056.0,0,3,16.8844696969697,305.90000000000003,300-400,10%-20%
Madno,2026-10-01,WK 40,Madno - Kondapur,Swiggy,Late Night,FOFO,AP & TL,253.95,43.05,12.2,287.0,0,1,15.0,253.95,200-300,10%-20%
Madno,2026-10-01,WK 40,Madno - Kondapur,Swiggy,Lunch,FOFO,AP & TL,212.3,77.7,10.12,280.0,0,1,27.750000000000004,212.3,200-300,20%-30%
Madno,2026-10-01,WK 40,Madno - Kondapur,Swiggy,Snacks,FOFO,AP & TL,212.3,77.7,10.12,280.0,0,1,27.750000000000004,212.3,200-300,20%-30%
Madno,2026-10-01,WK 40,Madno - Kondapur,Zomato,Breakfast,FOFO,AP & TL,651.0,0.0,32.56,621.0,0,1,0.0,651.0,600-900,0%
Madno,2026-10-01,WK 40,Madno - Kondapur,Zomato,Dinner,FOFO,AP & TL,208.0,0.0,10.4,198.0,0,1,0.0,208.0,200-300,0%
Madno,2026-10-01,WK 40,Madno - Kondapur,Zomato,Late Night,FOFO,AP & TL,181.0,0.0,9.06,171.0,0,1,0.0,181.0,100-200,0%
Madno,2026-10-01,WK 40,Madno - Kondapur,Zomato,Lunch,FOFO,AP & TL,201.0,0.0,10.06,191.0,0,1,0.0,201.0,200-300,0%
Madno,2026-10-01,WK 40,Madno - Shivamogga,In Store,Dinner,FOFO,KA,3474.23,0.0,173.76,3474.23,0,12,0.0,289.51916666666665,200-300,0%
Madno,2026-10-01,WK 40,Madno - Shivamogga,In Store,Lunch,FOFO,KA,1794.0,0.0,89.72,1794.0,0,5,0.0,358.8,300-400,0%
Madno,2026-10-01,WK 40,Madno - Shivamogga,In Store,Snacks,FOFO,KA,3248.33,0.0,162.5,3248.33,0,16,0.0,203.020625,200-300,0%
Madno,2026-10-01,WK 40,Madno - Shivamogga,Swiggy,Dinner,FOFO,KA,975.0,76.0,46.26,1001.0,0,2,7.592407592407592,487.5,400-500,1%-10%
Madno,2026-10-01,WK 40,Madno - Shivamogga,Swiggy,Lunch,FOFO,KA,431.01,49.99,20.56,461.0,0,1,10.843817787418656,431.01,400-500,10%-20%
Madno,2026-10-01,WK 40,Madno - Shivamogga,Zomato,Dinner,FOFO,KA,660.0,0.0,33.0,640.0,0,1,0.0,660.0,600-900,0%
Madno,2026-10-01,WK 40,Madno - Shivamogga,Zomato,Lunch,FOFO,KA,260.0,0.0,13.0,250.0,0,1,0.0,260.0,200-300,0%
Madno,2026-10-01,WK 40,Madno - Shivamogga,Zomato,Snacks,FOFO,KA,401.0,0.0,20.060000000000002,381.0,0,2,0.0,200.5,200-300,0%
Frozen Bottle,2026-10-01,WK 40,Madno - Thane,Swiggy,Closing,FOFO,MH,599.0,0.0,28.96,579.0,0,1,0.0,599.0,500-600,0%
Frozen Bottle,2026-10-01,WK 40,Madno - Thane,Swiggy,Dinner,FOFO,MH,2411.85,100.0,116.6,2431.85,0,5,4.112095729588585,482.37,400-500,1%-10%
Frozen Bottle,2026-10-01,WK 40,Madno - Thane,Swiggy,Snacks,FOFO,MH,1160.0,0.0,56.0,1120.0,0,1,0.0,1160.0,>900,0%
Frozen Bottle,2026-10-01,WK 40,Madno - Thane,Zomato,Closing,FOFO,MH,240.0,100.0,12.0,330.0,0,1,30.303030303030305,240.0,200-300,30%-40%
Frozen Bottle,2026-10-01,WK 40,Madno - Thane,Zomato,Dinner,FOFO,MH,702.75,224.25,35.14,897.0,0,1,25.0,702.75,600-900,20%-30%
Frozen Bottle,2026-10-01,WK 40,Madno - Thane,Zomato,Lunch,FOFO,MH,582.5,187.5,29.12,750.0,0,1,25.0,582.5,500-600,20%-30%
Frozen Bottle,2026-10-01,WK 40,Madno - Thane,Zomato,Snacks,FOFO,MH,400.0,200.0,20.020000000000003,580.0,0,2,34.48275862068966,200.0,100-200,30%-40%
Madno,2026-10-01,WK 40,Madno - Thane,In Store,Dinner,FOFO,MH,357.0,0.0,17.86,357.0,0,2,0.0,178.5,100-200,0%
Madno,2026-10-01,WK 40,Madno - Thane,In Store,Lunch,FOFO,MH,358.0,0.0,17.9,358.0,0,1,0.0,358.0,300-400,0%
Madno,2026-10-01,WK 40,Madno - Thane,In Store,Snacks,FOFO,MH,444.0,0.0,22.240000000000002,444.0,0,5,0.0,88.8,0-100,0%
Frozen Bottle,2026-10-01,WK 40,Madurai Bypass,In Store,Dinner,FOFO,TN,10319.23,0.0,516.02,10319.23,0,22,0.0,469.0559090909091,400-500,0%
Frozen Bottle,2026-10-01,WK 40,Madurai Bypass,In Store,Late Night,FOFO,TN,931.23,0.0,46.58,931.23,0,2,0.0,465.615,400-500,0%
Frozen Bottle,2026-10-01,WK 40,Madurai Bypass,In Store,Lunch,FOFO,TN,1294.0,0.0,64.7,1294.0,0,3,0.0,431.3333333333333,400-500,0%
Frozen Bottle,2026-10-01,WK 40,Madurai Bypass,In Store,Snacks,FOFO,TN,2385.0,0.0,119.30000000000001,2385.0,0,10,0.0,238.5,200-300,0%
Frozen Bottle,2026-10-01,WK 40,Madurai Bypass,Swiggy,Breakfast,FOFO,TN,226.0,65.0,10.8,281.0,0,1,23.131672597864767,226.0,200-300,20%-30%
Frozen Bottle,2026-10-01,WK 40,Madurai Bypass,Swiggy,Closing,FOFO,TN,842.02,124.98,40.1,927.0,0,1,13.48220064724919,842.02,600-900,10%-20%
Frozen Bottle,2026-10-01,WK 40,Madurai Bypass,Swiggy,Dinner,FOFO,TN,2514.51,487.49,120.28,2892.0,0,8,16.856500691562932,314.31375,300-400,10%-20%
Frozen Bottle,2026-10-01,WK 40,Madurai Bypass,Swiggy,Late Night,FOFO,TN,1379.01,189.99,65.98,1509.0,0,3,12.590457256461232,459.67,400-500,10%-20%
Frozen Bottle,2026-10-01,WK 40,Madurai Bypass,Swiggy,Lunch,FOFO,TN,851.01,184.99,41.56,1016.0,0,2,18.207677165354333,425.505,400-500,10%-20%
Frozen Bottle,2026-10-01,WK 40,Madurai Bypass,Swiggy,Snacks,FOFO,TN,3318.5299999999997,799.47,159.98000000000002,3998.0,0,10,19.996748374187096,331.85299999999995,300-400,10%-20%
Frozen Bottle,2026-10-01,WK 40,Madurai Bypass,Zomato,Breakfast,FOFO,TN,1407.4499999999998,239.54999999999998,70.36,1597.0,0,2,15.0,703.7249999999999,600-900,10%-20%
Frozen Bottle,2026-10-01,WK 40,Madurai Bypass,Zomato,Dinner,FOFO,TN,5776.52,982.33,288.82,6548.85,0,13,15.00003817464135,444.34769230769234,400-500,10%-20%
Frozen Bottle,2026-10-01,WK 40,Madurai Bypass,Zomato,Late Night,FOFO,TN,248.0,42.0,12.4,280.0,0,1,15.0,248.0,200-300,10%-20%
Frozen Bottle,2026-10-01,WK 40,Madurai Bypass,Zomato,Lunch,FOFO,TN,783.9499999999999,133.05,39.2,887.0,0,2,15.000000000000002,391.97499999999997,300-400,10%-20%
Frozen Bottle,2026-10-01,WK 40,Madurai Bypass,Zomato,Snacks,FOFO,TN,990.3,167.7,49.519999999999996,1118.0,0,3,15.0,330.09999999999997,300-400,10%-20%
Frozen Bottle,2026-10-01,WK 40,Mahalunge,In Store,Dinner,FOFO,MH,1419.05,0.0,70.96,1419.05,0,5,0.0,283.81,200-300,0%
Frozen Bottle,2026-10-01,WK 40,Mahalunge,In Store,Lunch,FOFO,MH,129.0,0.0,6.46,129.0,0,1,0.0,129.0,100-200,0%
Frozen Bottle,2026-10-01,WK 40,Mahalunge,In Store,Snacks,FOFO,MH,1600.46,0.0,80.06,1600.46,0,7,0.0,228.63714285714286,200-300,0%
Frozen Bottle,2026-10-01,WK 40,Malad - CF - CK,Swiggy,Closing,COCO,MH,274.0,126.0,13.2,390.0,0,1,32.30769230769231,274.0,200-300,30%-40%
Frozen Bottle,2026-10-01,WK 40,Malad - CF - CK,Swiggy,Dinner,COCO,MH,5150.03,2804.82,243.58,7674.85,0,18,36.5456002397441,286.11277777777775,200-300,30%-40%
Frozen Bottle,2026-10-01,WK 40,Malad - CF - CK,Swiggy,Late Night,COCO,MH,1389.0,1167.0,64.98,2466.0,0,7,47.323600973236005,198.42857142857142,100-200,40%-50%
Frozen Bottle,2026-10-01,WK 40,Malad - CF - CK,Zomato,Closing,COCO,MH,977.5,988.49,48.879999999999995,1895.99,0,2,52.135823501178805,488.75,400-500,50%-60%
Frozen Bottle,2026-10-01,WK 40,Malad - CF - CK,Zomato,Dinner,COCO,MH,6950.7,5588.3099999999995,347.66,12109.01,0,23,46.15001556692083,302.204347826087,300-400,40%-50%
Frozen Bottle,2026-10-01,WK 40,Malad - CF - CK,Zomato,Late Night,COCO,MH,953.0,317.0,47.66,1230.0,0,3,25.772357723577237,317.6666666666667,300-400,20%-30%
Frozen Bottle,2026-10-01,WK 40,Malad - CF - CK,Zomato,Lunch,COCO,MH,749.2,419.8,37.46,1129.0,0,3,37.18334809565988,249.73333333333335,200-300,30%-40%
Frozen Bottle,2026-10-01,WK 40,Malad - CF - CK,Zomato,Snacks,COCO,MH,1926.0,1546.0,96.32,3352.0,0,6,46.12171837708831,321.0,300-400,40%-50%
Madno,2026-10-01,WK 40,Malad - CF - CK,Swiggy,Dinner,COCO,MH,436.0,518.85,19.8,914.85,0,1,56.71421544515495,436.0,400-500,50%-60%
Madno,2026-10-01,WK 40,Malad - CF - CK,Swiggy,Lunch,COCO,MH,288.0,202.0,14.4,490.0,0,1,41.224489795918366,288.0,200-300,40%-50%
Madno,2026-10-01,WK 40,Malad - CF - CK,Zomato,Dinner,COCO,MH,2230.5,565.5,111.53999999999999,2666.0,0,6,21.211552888222055,371.75,300-400,20%-30%
Boba Bar,2026-10-01,WK 40,Malleswaram,Swiggy,Lunch,FOFO,KA,300.0,0.0,14.5,290.0,0,1,0.0,300.0,200-300,0%
Frozen Bottle,2026-10-01,WK 40,Malleswaram,In Store,Dinner,FOFO,KA,1846.0,0.0,92.36,1846.0,0,13,0.0,142.0,100-200,0%
Frozen Bottle,2026-10-01,WK 40,Malleswaram,In Store,Late Night,FOFO,KA,3184.0,0.0,159.26,3184.0,0,9,0.0,353.77777777777777,300-400,0%
Frozen Bottle,2026-10-01,WK 40,Malleswaram,In Store,Lunch,FOFO,KA,546.0,0.0,27.3,546.0,0,1,0.0,546.0,500-600,0%
Frozen Bottle,2026-10-01,WK 40,Malleswaram,In Store,Snacks,FOFO,KA,1658.0,0.0,82.94,1658.0,0,6,0.0,276.3333333333333,200-300,0%
Frozen Bottle,2026-10-01,WK 40,Malleswaram,Swiggy,Closing,FOFO,KA,349.15,59.85,16.96,399.0,0,1,15.0,349.15,300-400,10%-20%
Frozen Bottle,2026-10-01,WK 40,Malleswaram,Swiggy,Dinner,FOFO,KA,249.0,261.0,12.46,510.0,0,1,51.17647058823529,249.0,200-300,50%-60%
Frozen Bottle,2026-10-01,WK 40,Malleswaram,Swiggy,Late Night,FOFO,KA,1698.1299999999999,1245.87,81.92,2884.0,0,7,43.19937586685159,242.58999999999997,200-300,40%-50%
Frozen Bottle,2026-10-01,WK 40,Malleswaram,Swiggy,Lunch,FOFO,KA,384.0,294.0,19.22,678.0,0,2,43.36283185840708,192.0,100-200,40%-50%
Frozen Bottle,2026-10-01,WK 40,Malleswaram,Swiggy,Snacks,FOFO,KA,1108.67,730.33,53.44,1799.0,0,4,40.5964424680378,277.1675,200-300,40%-50%
Frozen Bottle,2026-10-01,WK 40,Malleswaram,Zomato,Breakfast,FOFO,KA,229.0,80.0,11.46,299.0,0,1,26.755852842809364,229.0,200-300,20%-30%
Frozen Bottle,2026-10-01,WK 40,Malleswaram,Zomato,Dinner,FOFO,KA,780.3,434.7,39.04,1165.0,0,5,37.31330472103004,156.06,100-200,30%-40%
Frozen Bottle,2026-10-01,WK 40,Malleswaram,Zomato,Late Night,FOFO,KA,510.6,315.4,25.560000000000002,786.0,0,4,40.12722646310432,127.65,100-200,40%-50%
Frozen Bottle,2026-10-01,WK 40,Malleswaram,Zomato,Lunch,FOFO,KA,1998.8000000000002,642.21,99.96,2531.01,0,6,25.373665058612964,333.1333333333334,300-400,20%-30%
Madno,2026-10-01,WK 40,Malleswaram,Swiggy,Dinner,FOFO,KA,583.02,201.98,27.16,745.0,0,1,27.11140939597315,583.02,500-600,20%-30%
Madno,2026-10-01,WK 40,Malleswaram,Zomato,Dinner,FOFO,KA,208.0,0.0,10.4,198.0,0,1,0.0,208.0,200-300,0%
Madno,2026-10-01,WK 40,Malleswaram,Zomato,Late Night,FOFO,KA,546.0,100.0,27.299999999999997,616.0,0,2,16.233766233766232,273.0,200-300,10%-20%
Madno,2026-10-01,WK 40,Malleswaram,Zomato,Lunch,FOFO,KA,408.0,0.0,20.4,388.0,0,2,0.0,204.0,200-300,0%
Frozen Bottle,2026-10-01,WK 40,Mangalore,Swiggy,Dinner,FOFO,KA,1823.81,115.19,87.72,1869.0,0,5,6.1631888710540395,364.762,300-400,1%-10%
Frozen Bottle,2026-10-01,WK 40,Mangalore,Swiggy,Lunch,FOFO,KA,280.0,0.0,13.5,270.0,0,1,0.0,280.0,200-300,0%
Frozen Bottle,2026-10-01,WK 40,Mangalore,Zomato,Dinner,FOFO,KA,1381.0,600.0,69.08,1911.0,0,6,31.39717425431711,230.16666666666666,200-300,30%-40%
Frozen Bottle,2026-10-01,WK 40,Mangalore,Zomato,Late Night,FOFO,KA,481.0,100.0,24.060000000000002,561.0,0,2,17.825311942959,240.5,200-300,10%-20%
Frozen Bottle,2026-10-01,WK 40,Mangalore,Zomato,Snacks,FOFO,KA,825.0,275.0,41.26,1060.0,0,2,25.943396226415093,412.5,400-500,20%-30%
Frozen Bottle,2026-10-01,WK 40,Manikonda,In Store,Closing,FOFO,AP & TL,357.0,0.0,17.84,357.0,0,1,0.0,357.0,300-400,0%
Frozen Bottle,2026-10-01,WK 40,Manikonda,In Store,Dinner,FOFO,AP & TL,1459.0,0.0,72.96000000000001,1459.0,0,3,0.0,486.3333333333333,400-500,0%
Frozen Bottle,2026-10-01,WK 40,Manikonda,In Store,Lunch,FOFO,AP & TL,279.0,0.0,13.96,279.0,0,1,0.0,279.0,200-300,0%
Frozen Bottle,2026-10-01,WK 40,Manikonda,Swiggy,Dinner,FOFO,AP & TL,1479.0,0.0,71.46000000000001,1429.0,0,3,0.0,493.0,400-500,0%
Frozen Bottle,2026-10-01,WK 40,Manikonda,Swiggy,Lunch,FOFO,AP & TL,909.0,0.0,43.96,879.0,0,2,0.0,454.5,400-500,0%
Frozen Bottle,2026-10-01,WK 40,Manikonda,Zomato,Dinner,FOFO,AP & TL,1291.0,0.0,64.56,1241.0,0,3,0.0,430.3333333333333,400-500,0%
Boba Bar,2026-10-01,WK 40,Manipal,Swiggy,Snacks,COCO,KA,157.0,133.0,7.36,280.0,0,1,47.5,157.0,100-200,40%-50%
Frozen Bottle,2026-10-01,WK 40,Manipal,In Store,Breakfast,COCO,KA,488.0,0.0,24.42,488.0,0,2,0.0,244.0,200-300,0%
Frozen Bottle,2026-10-01,WK 40,Manipal,In Store,Dinner,COCO,KA,6115.23,0.0,305.96,6115.23,0,28,0.0,218.4010714285714,200-300,0%
Frozen Bottle,2026-10-01,WK 40,Manipal,In Store,Lunch,COCO,KA,892.0,0.0,44.64,892.0,0,5,0.0,178.4,100-200,0%
Frozen Bottle,2026-10-01,WK 40,Manipal,In Store,Snacks,COCO,KA,2829.23,507.0,141.57999999999998,3336.23,0,19,15.196793986026144,148.90684210526317,100-200,10%-20%
Frozen Bottle,2026-10-01,WK 40,Manipal,Swiggy,Breakfast,COCO,KA,622.0,378.0,29.12,960.0,0,3,39.375,207.33333333333334,200-300,30%-40%
Frozen Bottle,2026-10-01,WK 40,Manipal,Swiggy,Dinner,COCO,KA,2313.0,1386.0,109.67999999999999,3579.0,0,11,38.725901089689856,210.27272727272728,200-300,30%-40%
Frozen Bottle,2026-10-01,WK 40,Manipal,Swiggy,Lunch,COCO,KA,714.0,572.0,33.2,1236.0,0,4,46.27831715210356,178.5,100-200,40%-50%
Frozen Bottle,2026-10-01,WK 40,Manipal,Swiggy,Snacks,COCO,KA,1294.0,1056.0,61.22,2280.0,0,6,46.31578947368421,215.66666666666666,200-300,40%-50%
Frozen Bottle,2026-10-01,WK 40,Manipal,Zomato,Dinner,COCO,KA,4120.0,2479.0,206.01999999999998,6379.0,0,11,38.861890578460574,374.54545454545456,300-400,30%-40%
Frozen Bottle,2026-10-01,WK 40,Manipal,Zomato,Lunch,COCO,KA,1055.1,855.9,52.78,1841.0,0,4,46.491037479630634,263.775,200-300,40%-50%
Frozen Bottle,2026-10-01,WK 40,Manipal,Zomato,Snacks,COCO,KA,2368.5,1794.5,118.46000000000001,4023.0,0,8,44.60601541138453,296.0625,200-300,40%-50%
Madno,2026-10-01,WK 40,Manipal,Swiggy,Breakfast,COCO,KA,218.0,143.0,9.9,341.0,0,1,41.935483870967744,218.0,200-300,40%-50%
Madno,2026-10-01,WK 40,Manipal,Swiggy,Snacks,COCO,KA,259.0,231.0,11.96,470.0,0,2,49.148936170212764,129.5,100-200,40%-50%
Boba Bar,2026-10-01,WK 40,Manpada - CF CK,Swiggy,Snacks,COCO,MH,256.0,264.0,12.8,520.0,0,1,50.76923076923077,256.0,200-300,50%-60%
Boba Bar,2026-10-01,WK 40,Manpada - CF CK,Zomato,Dinner,COCO,MH,542.0,0.0,27.12,522.0,0,1,0.0,542.0,500-600,0%
Frozen Bottle,2026-10-01,WK 40,Manpada - CF CK,Swiggy,Closing,COCO,MH,222.63,226.37,10.14,429.0,0,2,52.76689976689977,111.315,100-200,50%-60%
Frozen Bottle,2026-10-01,WK 40,Manpada - CF CK,Swiggy,Dinner,COCO,MH,4565.0,3283.0,213.82,7558.0,0,15,43.437417306165656,304.3333333333333,300-400,40%-50%
Frozen Bottle,2026-10-01,WK 40,Manpada - CF CK,Swiggy,Late Night,COCO,MH,1310.0,628.0,62.019999999999996,1868.0,0,5,33.61884368308351,262.0,200-300,30%-40%
Frozen Bottle,2026-10-01,WK 40,Manpada - CF CK,Swiggy,Lunch,COCO,MH,488.0,461.0,22.4,909.0,0,2,50.71507150715071,244.0,200-300,50%-60%
Frozen Bottle,2026-10-01,WK 40,Manpada - CF CK,Swiggy,Snacks,COCO,MH,3195.63,1576.7,151.32,4602.33,0,9,34.258734162913136,355.07,300-400,30%-40%
Frozen Bottle,2026-10-01,WK 40,Manpada - CF CK,Zomato,Dinner,COCO,MH,2051.8,2139.2,102.6,4071.0,0,5,52.5472856791943,410.36,400-500,50%-60%
Frozen Bottle,2026-10-01,WK 40,Manpada - CF CK,Zomato,Lunch,COCO,MH,1236.9,793.1,61.88,1960.0,0,3,40.464285714285715,412.3,400-500,40%-50%
Frozen Bottle,2026-10-01,WK 40,Manpada - CF CK,Zomato,Snacks,COCO,MH,4789.0,3238.0,239.56,7767.0,0,9,41.68919788850264,532.1111111111111,500-600,40%-50%
Madno,2026-10-01,WK 40,Manpada - CF CK,Swiggy,Dinner,COCO,MH,218.0,198.0,9.9,396.0,0,1,50.0,218.0,200-300,40%-50%
Madno,2026-10-01,WK 40,Manpada - CF CK,Swiggy,Snacks,COCO,MH,200.0,130.0,9.5,320.0,0,1,40.625,200.0,100-200,40%-50%
Madno,2026-10-01,WK 40,Manpada - CF CK,Zomato,Dinner,COCO,MH,692.47,130.0,34.62,792.47,0,2,16.404406475954925,346.235,300-400,10%-20%
Madno,2026-10-01,WK 40,Manpada - CF CK,Zomato,Lunch,COCO,MH,536.5,306.5,26.840000000000003,803.0,0,2,38.16936488169365,268.25,200-300,30%-40%
Madno,2026-10-01,WK 40,Manpada - CF CK,Zomato,Snacks,COCO,MH,231.0,50.0,11.56,271.0,0,1,18.45018450184502,231.0,200-300,10%-20%
Frozen Bottle,2026-10-01,WK 40,Mansarovar,In Store,Dinner,FOFO,ROI,2497.0,0.0,124.88,2497.0,0,3,0.0,832.3333333333334,600-900,0%
Frozen Bottle,2026-10-01,WK 40,Mansarovar,In Store,Snacks,FOFO,ROI,874.0,0.0,43.74,874.0,0,4,0.0,218.5,200-300,0%
Frozen Bottle,2026-10-01,WK 40,Mansarovar,Swiggy,Dinner,FOFO,ROI,1715.8899999999999,1620.1100000000001,79.34,3206.0,0,10,50.53368683718029,171.589,100-200,50%-60%
Frozen Bottle,2026-10-01,WK 40,Mansarovar,Swiggy,Late Night,FOFO,ROI,2427.5299999999997,2117.31,113.4,4384.84,0,11,48.28705266326707,220.68454545454543,200-300,40%-50%
Frozen Bottle,2026-10-01,WK 40,Mansarovar,Swiggy,Lunch,FOFO,ROI,662.0,623.0,30.12,1225.0,0,3,50.857142857142854,220.66666666666666,200-300,50%-60%
Frozen Bottle,2026-10-01,WK 40,Mansarovar,Swiggy,Snacks,FOFO,ROI,1604.01,1159.17,75.22,2663.18,0,7,43.52578496384022,229.1442857142857,200-300,40%-50%
Frozen Bottle,2026-10-01,WK 40,Mansarovar,Zomato,Dinner,FOFO,ROI,109.0,100.0,5.46,199.0,0,1,50.25125628140703,109.0,100-200,50%-60%
Frozen Bottle,2026-10-01,WK 40,Mansarovar,Zomato,Late Night,FOFO,ROI,930.0,200.0,46.519999999999996,1090.0,0,3,18.34862385321101,310.0,300-400,10%-20%
Frozen Bottle,2026-10-01,WK 40,Marathahalli,In Store,Dinner,FOFO,KA,5023.55,99.5,251.32,5123.05,0,21,1.942202398961556,239.21666666666667,200-300,1%-10%
Frozen Bottle,2026-10-01,WK 40,Marathahalli,In Store,Late Night,FOFO,KA,1595.2,0.0,79.82000000000001,1595.2,0,9,0.0,177.24444444444444,100-200,0%
Frozen Bottle,2026-10-01,WK 40,Marathahalli,In Store,Lunch,FOFO,KA,238.0,0.0,11.92,238.0,0,2,0.0,119.0,100-200,0%
Frozen Bottle,2026-10-01,WK 40,Marathahalli,In Store,Snacks,FOFO,KA,316.0,0.0,15.82,316.0,0,2,0.0,158.0,100-200,0%
Frozen Bottle,2026-10-01,WK 40,Marathahalli,Swiggy,Dinner,FOFO,KA,5202.12,889.52,248.1,5851.64,0,19,15.201208550081684,273.7957894736842,200-300,10%-20%
Frozen Bottle,2026-10-01,WK 40,Marathahalli,Swiggy,Late Night,FOFO,KA,2877.36,466.64,136.9,3204.0,0,12,14.56429463171036,239.78,200-300,10%-20%
Frozen Bottle,2026-10-01,WK 40,Marathahalli,Swiggy,Lunch,FOFO,KA,191.04,66.96,9.06,248.0,0,1,26.999999999999996,191.04,100-200,20%-30%
Frozen Bottle,2026-10-01,WK 40,Marathahalli,Swiggy,Snacks,FOFO,KA,222.5,67.5,10.62,280.0,0,1,24.107142857142858,222.5,200-300,20%-30%
Frozen Bottle,2026-10-01,WK 40,Marathahalli,Zomato,Dinner,FOFO,KA,2310.4,440.6,115.54,2661.0,0,7,16.557685080796695,330.0571428571429,300-400,10%-20%
Frozen Bottle,2026-10-01,WK 40,Marathahalli,Zomato,Late Night,FOFO,KA,1989.8,328.2,99.52,2238.0,0,4,14.664879356568363,497.45,400-500,10%-20%
Frozen Bottle,2026-10-01,WK 40,Marathahalli,Zomato,Lunch,FOFO,KA,500.8,120.2,25.04,601.0,0,1,20.0,500.8,500-600,10%-20%
Frozen Bottle,2026-10-01,WK 40,Marathahalli,Zomato,Snacks,FOFO,KA,274.0,66.0,13.7,330.0,0,1,20.0,274.0,200-300,10%-20%
Frozen Bottle,2026-10-01,WK 40,Margaon- Goa,In Store,Dinner,FOFO,ROI,1302.05,0.0,65.14,1302.05,0,4,0.0,325.5125,300-400,0%
Frozen Bottle,2026-10-01,WK 40,Margaon- Goa,In Store,Lunch,FOFO,ROI,1293.0,0.0,64.66,1293.0,0,3,0.0,431.0,400-500,0%
Frozen Bottle,2026-10-01,WK 40,Margaon- Goa,In Store,Snacks,FOFO,ROI,2041.0,0.0,102.03999999999999,2041.0,0,4,0.0,510.25,500-600,0%
Frozen Bottle,2026-10-01,WK 40,Margaon- Goa,Swiggy,Dinner,FOFO,ROI,310.3,29.7,15.02,330.0,0,1,9.0,310.3,300-400,1%-10%
Frozen Bottle,2026-10-01,WK 40,Margaon- Goa,Swiggy,Lunch,FOFO,ROI,862.0,0.0,41.6,832.0,0,1,0.0,862.0,600-900,0%
Frozen Bottle,2026-10-01,WK 40,Margaon- Goa,Swiggy,Snacks,FOFO,ROI,2147.68,148.32,102.88,2206.0,0,5,6.72348141432457,429.53599999999994,400-500,1%-10%
Frozen Bottle,2026-10-01,WK 40,Margaon- Goa,Zomato,Dinner,FOFO,ROI,240.0,100.0,12.0,330.0,0,1,30.303030303030305,240.0,200-300,30%-40%
Frozen Bottle,2026-10-01,WK 40,Margaon- Goa,Zomato,Lunch,FOFO,ROI,518.0,100.0,25.9,588.0,0,2,17.006802721088434,259.0,200-300,10%-20%
Frozen Bottle,2026-10-01,WK 40,Margaon- Goa,Zomato,Snacks,FOFO,ROI,1170.0,50.0,58.519999999999996,1160.0,0,2,4.310344827586207,585.0,500-600,1%-10%
Frozen Bottle,2026-10-01,WK 40,Marol - CF CK,Swiggy,Closing,COCO,MH,236.0,244.0,10.8,460.0,0,1,53.04347826086957,236.0,200-300,50%-60%
Frozen Bottle,2026-10-01,WK 40,Marol - CF CK,Swiggy,Dinner,COCO,MH,356.0,313.0,16.3,639.0,0,1,48.98278560250392,356.0,300-400,40%-50%
Frozen Bottle,2026-10-01,WK 40,Marol - CF CK,Swiggy,Late Night,COCO,MH,749.0,252.0,35.96,971.0,0,2,25.952626158599383,374.5,300-400,20%-30%
Frozen Bottle,2026-10-01,WK 40,Marol - CF CK,Swiggy,Lunch,COCO,MH,1547.01,1092.99,72.38,2540.0,0,6,43.03110236220473,257.835,200-300,40%-50%
Frozen Bottle,2026-10-01,WK 40,Marol - CF CK,Swiggy,Snacks,COCO,MH,874.0,715.0,42.22,1559.0,0,3,45.86273252084669,291.3333333333333,200-300,40%-50%
Frozen Bottle,2026-10-01,WK 40,Marol - CF CK,Zomato,Closing,COCO,MH,600.0,560.0,30.0,1120.0,0,2,50.0,300.0,200-300,40%-50%
Frozen Bottle,2026-10-01,WK 40,Marol - CF CK,Zomato,Dinner,COCO,MH,3207.2,2485.8,160.46,5473.0,0,11,45.41933126256167,291.56363636363636,200-300,40%-50%
Frozen Bottle,2026-10-01,WK 40,Marol - CF CK,Zomato,Lunch,COCO,MH,1023.0,664.0,51.18,1627.0,0,4,40.811309157959435,255.75,200-300,40%-50%
Frozen Bottle,2026-10-01,WK 40,Marol - CF CK,Zomato,Snacks,COCO,MH,2985.05,2518.8,149.32,5303.85,0,9,47.49003082666365,331.6722222222222,300-400,40%-50%
Madno,2026-10-01,WK 40,Marol - CF CK,Swiggy,Dinner,COCO,MH,2556.0299999999997,1216.52,121.30000000000001,3642.5499999999997,0,4,33.397482532841,639.0074999999999,600-900,30%-40%
Madno,2026-10-01,WK 40,Marol - CF CK,Swiggy,Late Night,COCO,MH,276.0,140.0,12.8,396.0,0,1,35.35353535353536,276.0,200-300,30%-40%
Madno,2026-10-01,WK 40,Marol - CF CK,Swiggy,Lunch,COCO,MH,320.0,140.0,15.0,440.0,0,1,31.818181818181817,320.0,300-400,30%-40%
Madno,2026-10-01,WK 40,Marol - CF CK,Swiggy,Snacks,COCO,MH,337.0,291.0,16.86,628.0,0,1,46.33757961783439,337.0,300-400,40%-50%
Madno,2026-10-01,WK 40,Marol - CF CK,Zomato,Late Night,COCO,MH,888.0,818.0,44.42,1636.0,0,2,50.0,444.0,400-500,40%-50%
Madno,2026-10-01,WK 40,Marol - CF CK,Zomato,Snacks,COCO,MH,538.0,0.0,26.9,518.0,0,1,0.0,538.0,500-600,0%
Frozen Bottle,2026-10-01,WK 40,Mathura,In Store,Dinner,FOFO,ROI,882.0,460.0,44.120000000000005,1342.0,0,5,34.277198211624444,176.4,100-200,30%-40%
Frozen Bottle,2026-10-01,WK 40,Mathura,In Store,Late Night,FOFO,ROI,99.0,70.0,4.96,169.0,0,1,41.42011834319527,99.0,0-100,40%-50%
Frozen Bottle,2026-10-01,WK 40,Mathura,In Store,Lunch,FOFO,ROI,719.23,240.0,35.980000000000004,959.23,0,3,25.02006817968579,239.74333333333334,200-300,20%-30%
Frozen Bottle,2026-10-01,WK 40,Mathura,In Store,Snacks,FOFO,ROI,594.0,390.0,29.720000000000002,984.0,0,2,39.63414634146341,297.0,200-300,30%-40%
Frozen Bottle,2026-10-01,WK 40,Mathura,Swiggy,Breakfast,FOFO,ROI,156.73,54.27,7.34,201.0,0,1,27.0,156.73,100-200,20%-30%
Frozen Bottle,2026-10-01,WK 40,Mathura,Swiggy,Late Night,FOFO,ROI,1235.78,292.22,59.3,1478.0,0,3,19.77131258457375,411.9266666666667,400-500,10%-20%
Frozen Bottle,2026-10-01,WK 40,Mathura,Swiggy,Lunch,FOFO,ROI,520.0,0.0,25.0,500.0,0,1,0.0,520.0,500-600,0%
Frozen Bottle,2026-10-01,WK 40,Mathura,Swiggy,Snacks,FOFO,ROI,304.0,45.0,14.7,339.0,0,1,13.274336283185843,304.0,300-400,10%-20%
Frozen Bottle,2026-10-01,WK 40,Mathura,Zomato,Dinner,FOFO,ROI,733.0,514.0,36.68,1187.0,0,3,43.30244313395114,244.33333333333334,200-300,40%-50%
Frozen Bottle,2026-10-01,WK 40,Mathura,Zomato,Late Night,FOFO,ROI,125.0,115.0,6.26,230.0,0,1,50.0,125.0,100-200,40%-50%
Frozen Bottle,2026-10-01,WK 40,Mathura,Zomato,Lunch,FOFO,ROI,441.0,397.0,22.06,808.0,0,2,49.133663366336634,220.5,200-300,40%-50%
Frozen Bottle,2026-10-01,WK 40,Medavakkam,In Store,Dinner,FOFO,TN,3257.33,0.0,162.96,3257.33,0,17,0.0,191.60764705882352,100-200,0%
Frozen Bottle,2026-10-01,WK 40,Medavakkam,In Store,Lunch,FOFO,TN,169.0,0.0,8.46,169.0,0,1,0.0,169.0,100-200,0%
Frozen Bottle,2026-10-01,WK 40,Medavakkam,In Store,Snacks,FOFO,TN,2898.18,0.0,144.94,2898.18,0,7,0.0,414.0257142857143,400-500,0%
Frozen Bottle,2026-10-01,WK 40,Medavakkam,Swiggy,Breakfast,FOFO,TN,661.0,180.0,31.54,811.0,0,2,22.19482120838471,330.5,300-400,20%-30%
Frozen Bottle,2026-10-01,WK 40,Medavakkam,Swiggy,Dinner,FOFO,TN,5230.17,657.8299999999999,251.52,5688.0,0,11,11.565225035161744,475.47,400-500,10%-20%
Frozen Bottle,2026-10-01,WK 40,Medavakkam,Swiggy,Late Night,FOFO,TN,3970.01,224.99,191.01999999999998,4045.0,0,6,5.562175525339926,661.6683333333334,600-900,1%-10%
Frozen Bottle,2026-10-01,WK 40,Medavakkam,Swiggy,Lunch,FOFO,TN,1242.51,247.49,59.64,1440.0,0,3,17.186805555555555,414.17,400-500,10%-20%
Frozen Bottle,2026-10-01,WK 40,Medavakkam,Swiggy,Snacks,FOFO,TN,1599.52,247.48,76.48,1777.0,0,3,13.92684299380979,533.1733333333333,500-600,10%-20%
Frozen Bottle,2026-10-01,WK 40,Medavakkam,Zomato,Closing,FOFO,TN,397.0,125.0,19.84,502.0,0,1,24.900398406374503,397.0,300-400,20%-30%
Frozen Bottle,2026-10-01,WK 40,Medavakkam,Zomato,Dinner,FOFO,TN,2159.9,738.1,108.03999999999999,2788.0,0,5,26.474175035868008,431.98,400-500,20%-30%
Frozen Bottle,2026-10-01,WK 40,Meenakshi Mall,In Store,Dinner,COCO,KA,1636.26,0.0,81.86,1636.26,0,7,0.0,233.75142857142856,200-300,0%
Frozen Bottle,2026-10-01,WK 40,Meenakshi Mall,In Store,Lunch,COCO,KA,565.14,0.0,28.26,565.14,0,2,0.0,282.57,200-300,0%
Frozen Bottle,2026-10-01,WK 40,Meenakshi Mall,In Store,Snacks,COCO,KA,1674.44,0.0,83.72,1674.44,0,6,0.0,279.0733333333333,200-300,0%
Frozen Bottle,2026-10-01,WK 40,Meenakshi Mall,Ownly,Lunch,COCO,KA,168.0,0.0,8.4,168.0,0,1,0.0,168.0,100-200,0%
Frozen Bottle,2026-10-01,WK 40,Meenakshi Mall,Swiggy,Breakfast,COCO,KA,203.0,126.0,9.66,319.0,0,1,39.49843260188088,203.0,200-300,30%-40%
Frozen Bottle,2026-10-01,WK 40,Meenakshi Mall,Swiggy,Dinner,COCO,KA,2977.0,538.3299999999999,142.88,3395.33,0,6,15.855012620275494,496.1666666666667,400-500,10%-20%
Frozen Bottle,2026-10-01,WK 40,Meenakshi Mall,Swiggy,Lunch,COCO,KA,454.0,126.0,21.7,560.0,0,1,22.5,454.0,400-500,20%-30%
Frozen Bottle,2026-10-01,WK 40,Meenakshi Mall,Swiggy,Snacks,COCO,KA,547.0,160.0,26.36,687.0,0,2,23.28966521106259,273.5,200-300,20%-30%
Frozen Bottle,2026-10-01,WK 40,Meenakshi Mall,Zomato,Dinner,COCO,KA,3234.74,1834.91,161.74,4909.65,0,6,37.37353986536719,539.1233333333333,500-600,30%-40%
Frozen Bottle,2026-10-01,WK 40,Meenakshi Mall,Zomato,Lunch,COCO,KA,667.0,571.0,33.379999999999995,1188.0,0,4,48.063973063973066,166.75,100-200,40%-50%
Frozen Bottle,2026-10-01,WK 40,Meenakshi Mall,Zomato,Snacks,COCO,KA,1494.9,1221.1,74.78,2626.0,0,6,46.5003808073115,249.15,200-300,40%-50%
Boba Bar,2026-10-01,WK 40,Mira Road,Swiggy,Dinner,COCO,MH,100.0,126.66,5.0,226.66,0,1,55.88105532515662,100.0,0-100,50%-60%
Boba Bar,2026-10-01,WK 40,Mira Road,Swiggy,Lunch,COCO,MH,60.0,63.33,2.5,113.33,0,1,55.88105532515662,60.0,0-100,50%-60%
Frozen Bottle,2026-10-01,WK 40,Mira Road,In Store,Dinner,COCO,MH,59.96,69.04,3.0,129.0,0,1,53.51937984496124,59.96,0-100,50%-60%
Frozen Bottle,2026-10-01,WK 40,Mira Road,In Store,Snacks,COCO,MH,1915.23,0.0,95.78,1915.23,0,4,0.0,478.8075,400-500,0%
Frozen Bottle,2026-10-01,WK 40,Mira Road,Swiggy,Closing,COCO,MH,762.01,357.99,36.120000000000005,1080.0,0,3,33.147222222222226,254.00333333333333,200-300,30%-40%
Frozen Bottle,2026-10-01,WK 40,Mira Road,Swiggy,Dinner,COCO,MH,1661.01,1075.17,79.06,2656.18,0,8,40.47805495109519,207.62625,200-300,40%-50%
Frozen Bottle,2026-10-01,WK 40,Mira Road,Swiggy,Late Night,COCO,MH,1100.0,441.0,53.519999999999996,1511.0,0,3,29.185969556585047,366.6666666666667,300-400,20%-30%
Frozen Bottle,2026-10-01,WK 40,Mira Road,Swiggy,Lunch,COCO,MH,303.0,227.0,14.16,510.0,0,2,44.509803921568626,151.5,100-200,40%-50%
Frozen Bottle,2026-10-01,WK 40,Mira Road,Swiggy,Snacks,COCO,MH,1976.01,1558.17,94.8,3454.18,0,7,45.10969318333151,282.28714285714284,200-300,40%-50%
Frozen Bottle,2026-10-01,WK 40,Mira Road,Zomato,Closing,COCO,MH,998.49,1170.5,49.94,2129.0,0,1,54.978863316110846,998.49,>900,50%-60%
Frozen Bottle,2026-10-01,WK 40,Mira Road,Zomato,Dinner,COCO,MH,3971.09,2596.12,198.64,6307.21,0,13,41.16114732187449,305.46846153846155,300-400,40%-50%
Frozen Bottle,2026-10-01,WK 40,Mira Road,Zomato,Late Night,COCO,MH,1645.92,466.93,82.32000000000001,2042.85,0,4,22.85679320557065,411.48,400-500,20%-30%
Frozen Bottle,2026-10-01,WK 40,Mira Road,Zomato,Lunch,COCO,MH,923.5,713.5,46.2,1577.0,0,4,45.24413443246671,230.875,200-300,40%-50%
Frozen Bottle,2026-10-01,WK 40,Mira Road,Zomato,Snacks,COCO,MH,3694.5,2065.5,184.74,5570.0,0,10,37.08258527827648,369.45,300-400,30%-40%
Madno,2026-10-01,WK 40,Mira Road,Swiggy,Dinner,COCO,MH,1028.0,1044.18,47.42,1992.18,0,5,52.413938499533174,205.6,200-300,50%-60%
Madno,2026-10-01,WK 40,Mira Road,Zomato,Dinner,COCO,MH,557.5,386.5,27.9,904.0,0,2,42.75442477876106,278.75,200-300,40%-50%
Madno,2026-10-01,WK 40,Mira Road,Zomato,Late Night,COCO,MH,245.0,75.0,12.26,310.0,0,1,24.193548387096776,245.0,200-300,20%-30%
Madno,2026-10-01,WK 40,Mira Road,Zomato,Lunch,COCO,MH,679.0,0.0,33.96,649.0,0,1,0.0,679.0,600-900,0%
Madno,2026-10-01,WK 40,Mira Road,Zomato,Snacks,COCO,MH,403.0,140.0,20.16,513.0,0,1,27.29044834307992,403.0,400-500,20%-30%
Frozen Bottle,2026-10-01,WK 40,Miraya Rose,In Store,Dinner,COCO,KA,4076.85,0.0,203.9,4076.85,0,14,0.0,291.2035714285714,200-300,0%
Frozen Bottle,2026-10-01,WK 40,Miraya Rose,In Store,Lunch,COCO,KA,845.0,0.0,42.3,845.0,0,5,0.0,169.0,100-200,0%
Frozen Bottle,2026-10-01,WK 40,Miraya Rose,In Store,Snacks,COCO,KA,1868.0,0.0,93.46000000000001,1868.0,0,8,0.0,233.5,200-300,0%
Frozen Bottle,2026-10-01,WK 40,Miraya Rose,Ownly,Late Night,COCO,KA,239.0,0.0,11.96,239.0,0,1,0.0,239.0,200-300,0%
Frozen Bottle,2026-10-01,WK 40,Miraya Rose,Ownly,Lunch,COCO,KA,188.0,0.0,9.4,188.0,0,1,0.0,188.0,100-200,0%
Frozen Bottle,2026-10-01,WK 40,Miraya Rose,Swiggy,Dinner,COCO,KA,1895.0,1535.0,89.8,3330.0,0,11,46.0960960960961,172.27272727272728,100-200,40%-50%
Frozen Bottle,2026-10-01,WK 40,Miraya Rose,Swiggy,Late Night,COCO,KA,589.0,551.0,27.96,1110.0,0,2,49.63963963963964,294.5,200-300,40%-50%
Frozen Bottle,2026-10-01,WK 40,Miraya Rose,Swiggy,Lunch,COCO,KA,501.0,370.0,23.560000000000002,841.0,0,2,43.99524375743163,250.5,200-300,40%-50%
Frozen Bottle,2026-10-01,WK 40,Miraya Rose,Swiggy,Snacks,COCO,KA,336.0,364.0,16.3,690.0,0,2,52.7536231884058,168.0,100-200,50%-60%
Frozen Bottle,2026-10-01,WK 40,Miraya Rose,Zomato,Dinner,COCO,KA,1499.0,888.0,74.96,2297.0,0,4,38.659120592076626,374.75,300-400,30%-40%
Frozen Bottle,2026-10-01,WK 40,Miraya Rose,Zomato,Late Night,COCO,KA,225.0,75.0,11.26,290.0,0,1,25.862068965517242,225.0,200-300,20%-30%
Frozen Bottle,2026-10-01,WK 40,Miraya Rose,Zomato,Lunch,COCO,KA,320.0,80.0,16.0,390.0,0,1,20.51282051282051,320.0,300-400,20%-30%
Frozen Bottle,2026-10-01,WK 40,Miraya Rose,Zomato,Snacks,COCO,KA,740.0,550.0,37.0,1250.0,0,1,44.0,740.0,600-900,40%-50%
Madno,2026-10-01,WK 40,Miraya Rose,Ownly,Dinner,COCO,KA,159.0,0.0,7.96,159.0,0,1,0.0,159.0,100-200,0%
Madno,2026-10-01,WK 40,Miraya Rose,Swiggy,Dinner,COCO,KA,411.0,38.0,20.060000000000002,439.0,0,2,8.656036446469248,205.5,200-300,1%-10%
Madno,2026-10-01,WK 40,Miraya Rose,Swiggy,Late Night,COCO,KA,1166.0,378.0,55.8,1494.0,0,4,25.301204819277107,291.5,200-300,20%-30%
Madno,2026-10-01,WK 40,Miraya Rose,Swiggy,Lunch,COCO,KA,251.0,172.0,11.06,393.0,0,1,43.765903307888046,251.0,200-300,40%-50%
Frozen Bottle,2026-10-01,WK 40,Mirzapur,In Store,Dinner,FOFO,ROI,467.0,0.0,23.36,467.0,0,1,0.0,467.0,400-500,0%
Frozen Bottle,2026-10-01,WK 40,Mirzapur,In Store,Lunch,FOFO,ROI,465.0,0.0,23.26,465.0,0,2,0.0,232.5,200-300,0%
Frozen Bottle,2026-10-01,WK 40,Mirzapur,In Store,Snacks,FOFO,ROI,337.0,0.0,16.86,337.0,0,2,0.0,168.5,100-200,0%
Frozen Bottle,2026-10-01,WK 40,Mirzapur,Swiggy,Lunch,FOFO,ROI,401.0,0.0,19.06,381.0,0,1,0.0,401.0,400-500,0%
Frozen Bottle,2026-10-01,WK 40,Mirzapur,Zomato,Breakfast,FOFO,ROI,240.0,0.0,12.0,230.0,0,1,0.0,240.0,200-300,0%
Boba Bar,2026-10-01,WK 40,Mogappair,Swiggy,Dinner,COCO,TN,898.0,182.0,42.9,1040.0,0,1,17.5,898.0,600-900,10%-20%
Boba Bar,2026-10-01,WK 40,Mogappair,Swiggy,Snacks,COCO,TN,434.0,346.0,20.200000000000003,750.0,0,2,46.13333333333333,217.0,200-300,40%-50%
Boba Bar,2026-10-01,WK 40,Mogappair,Zomato,Snacks,COCO,TN,485.75,155.25,24.3,621.0,0,1,25.0,485.75,400-500,20%-30%
Frozen Bottle,2026-10-01,WK 40,Mogappair,In Store,Dinner,COCO,TN,1414.83,0.0,70.8,1414.83,0,9,0.0,157.20333333333332,100-200,0%
Frozen Bottle,2026-10-01,WK 40,Mogappair,In Store,Lunch,COCO,TN,1042.0,0.0,52.12,1042.0,0,3,0.0,347.3333333333333,300-400,0%
Frozen Bottle,2026-10-01,WK 40,Mogappair,In Store,Snacks,COCO,TN,1749.0,0.0,87.5,1749.0,0,7,0.0,249.85714285714286,200-300,0%
Frozen Bottle,2026-10-01,WK 40,Mogappair,Swiggy,Dinner,COCO,TN,3327.54,2344.46,155.42,5452.0,0,15,43.00183418928833,221.83599999999998,200-300,40%-50%
Frozen Bottle,2026-10-01,WK 40,Mogappair,Swiggy,Late Night,COCO,TN,1790.6399999999999,1469.21,84.06,3149.85,0,7,46.64380843532232,255.80571428571426,200-300,40%-50%
Frozen Bottle,2026-10-01,WK 40,Mogappair,Swiggy,Lunch,COCO,TN,957.0,440.0,44.86,1337.0,0,5,32.909498878085266,191.4,100-200,30%-40%
Frozen Bottle,2026-10-01,WK 40,Mogappair,Swiggy,Snacks,COCO,TN,1696.0,791.0,80.32,2397.0,0,6,32.99958281184814,282.6666666666667,200-300,30%-40%
Frozen Bottle,2026-10-01,WK 40,Mogappair,Zomato,Dinner,COCO,TN,4540.4,3866.6,227.1,8117.0,0,11,47.63582604410496,412.76363636363635,400-500,40%-50%
Frozen Bottle,2026-10-01,WK 40,Mogappair,Zomato,Late Night,COCO,TN,1060.0,300.0,53.019999999999996,1310.0,0,4,22.900763358778626,265.0,200-300,20%-30%
Frozen Bottle,2026-10-01,WK 40,Mogappair,Zomato,Lunch,COCO,TN,1333.0,1057.0,66.68,2300.0,0,4,45.95652173913044,333.25,300-400,40%-50%
Frozen Bottle,2026-10-01,WK 40,Mogappair,Zomato,Snacks,COCO,TN,674.0,343.0,33.72,977.0,0,3,35.107471852610026,224.66666666666666,200-300,30%-40%
Madno,2026-10-01,WK 40,Mogappair,Swiggy,Dinner,COCO,TN,663.0,517.0,30.68,1130.0,0,4,45.75221238938053,165.75,100-200,40%-50%
Madno,2026-10-01,WK 40,Mogappair,Swiggy,Late Night,COCO,TN,349.0,560.0,15.46,869.0,0,4,64.44188722669736,87.25,0-100,60%-70%
Madno,2026-10-01,WK 40,Mogappair,Swiggy,Lunch,COCO,TN,466.0,383.0,21.8,819.0,0,3,46.76434676434676,155.33333333333334,100-200,40%-50%
Madno,2026-10-01,WK 40,Mogappair,Swiggy,Snacks,COCO,TN,236.0,206.0,10.8,422.0,0,1,48.81516587677725,236.0,200-300,40%-50%
Madno,2026-10-01,WK 40,Mogappair,Zomato,Dinner,COCO,TN,2040.55,771.45,102.02,2712.0,0,5,28.445796460176993,408.11,400-500,20%-30%
Madno,2026-10-01,WK 40,Mogappair,Zomato,Lunch,COCO,TN,592.0,262.0,29.619999999999997,804.0,0,2,32.58706467661692,296.0,200-300,30%-40%
Madno,2026-10-01,WK 40,Mogappair,Zomato,Snacks,COCO,TN,341.0,321.0,17.06,642.0,0,1,50.0,341.0,300-400,40%-50%
Boba Bar,2026-10-01,WK 40,Mulund,Swiggy,Snacks,COCO,MH,89.0,70.0,4.46,159.0,0,1,44.0251572327044,89.0,0-100,40%-50%
Frozen Bottle,2026-10-01,WK 40,Mulund,In Store,Dinner,COCO,MH,4289.15,138.08,214.54,4427.23,0,16,3.1188802027452835,268.071875,200-300,1%-10%
Frozen Bottle,2026-10-01,WK 40,Mulund,In Store,Late Night,COCO,MH,0.0,792.0,0.0,792.0,0,2,100.0,0.0,,90%-100%
Frozen Bottle,2026-10-01,WK 40,Mulund,In Store,Lunch,COCO,MH,0.0,1417.15,0.0,1417.15,0,1,100.0,0.0,,90%-100%
Frozen Bottle,2026-10-01,WK 40,Mulund,Swiggy,Dinner,COCO,MH,3825.0299999999997,2191.66,180.8,5806.6900000000005,0,12,37.74370596673836,318.7525,300-400,30%-40%
Frozen Bottle,2026-10-01,WK 40,Mulund,Swiggy,Late Night,COCO,MH,1396.01,555.8199999999999,65.82000000000001,1871.83,0,3,29.693935880929356,465.33666666666664,400-500,20%-30%
Frozen Bottle,2026-10-01,WK 40,Mulund,Swiggy,Lunch,COCO,MH,401.0,349.0,19.56,740.0,0,2,47.16216216216216,200.5,200-300,40%-50%
Frozen Bottle,2026-10-01,WK 40,Mulund,Swiggy,Snacks,COCO,MH,1398.0,1113.0,65.42,2421.0,0,6,45.9727385377943,233.0,200-300,40%-50%
Frozen Bottle,2026-10-01,WK 40,Mulund,Zomato,Closing,COCO,MH,715.0,395.0,35.760000000000005,1070.0,0,2,36.915887850467286,357.5,300-400,30%-40%
Frozen Bottle,2026-10-01,WK 40,Mulund,Zomato,Dinner,COCO,MH,4690.1,3224.9,234.57999999999998,7655.0,0,11,42.128020901371656,426.37272727272733,400-500,40%-50%
Frozen Bottle,2026-10-01,WK 40,Mulund,Zomato,Late Night,COCO,MH,1925.1,643.9,96.25999999999999,2489.0,0,5,25.869827239855365,385.02,300-400,20%-30%
Frozen Bottle,2026-10-01,WK 40,Mulund,Zomato,Lunch,COCO,MH,930.0,550.0,46.519999999999996,1430.0,0,4,38.46153846153847,232.5,200-300,30%-40%
Frozen Bottle,2026-10-01,WK 40,Mulund,Zomato,Snacks,COCO,MH,1406.0,967.0,70.34,2273.0,0,5,42.542894852617685,281.2,200-300,40%-50%
Madno,2026-10-01,WK 40,Mulund,Swiggy,Dinner,COCO,MH,2012.01,1343.99,93.1,3206.0,0,7,41.92108546475359,287.43,200-300,40%-50%
Madno,2026-10-01,WK 40,Mulund,Swiggy,Snacks,COCO,MH,248.0,228.0,11.4,456.0,0,1,50.0,248.0,200-300,40%-50%
Madno,2026-10-01,WK 40,Mulund,Zomato,Closing,COCO,MH,208.0,0.0,10.4,198.0,0,1,0.0,208.0,200-300,0%
Madno,2026-10-01,WK 40,Mulund,Zomato,Dinner,COCO,MH,151.0,131.0,7.56,262.0,0,1,50.0,151.0,100-200,40%-50%
Madno,2026-10-01,WK 40,Mulund,Zomato,Snacks,COCO,MH,160.5,150.5,8.02,301.0,0,1,50.0,160.5,100-200,40%-50%
Boba Bar,2026-10-01,WK 40,Nagadevanahally,Swiggy,Dinner,FOFO,KA,262.0,228.0,12.120000000000001,470.0,0,2,48.51063829787234,131.0,100-200,40%-50%
Frozen Bottle,2026-10-01,WK 40,Nagadevanahally,In Store,Closing,FOFO,KA,209.0,0.0,10.46,209.0,0,1,0.0,209.0,200-300,0%
Frozen Bottle,2026-10-01,WK 40,Nagadevanahally,In Store,Dinner,FOFO,KA,1399.0,0.0,70.0,1399.0,0,7,0.0,199.85714285714286,100-200,0%
Frozen Bottle,2026-10-01,WK 40,Nagadevanahally,In Store,Late Night,FOFO,KA,187.0,0.0,9.36,187.0,0,1,0.0,187.0,100-200,0%
Frozen Bottle,2026-10-01,WK 40,Nagadevanahally,In Store,Lunch,FOFO,KA,415.0,0.0,20.78,415.0,0,3,0.0,138.33333333333334,100-200,0%
Frozen Bottle,2026-10-01,WK 40,Nagadevanahally,In Store,Snacks,FOFO,KA,117.0,0.0,5.86,117.0,0,1,0.0,117.0,100-200,0%
Frozen Bottle,2026-10-01,WK 40,Nagadevanahally,Swiggy,Breakfast,FOFO,KA,180.0,141.0,8.5,311.0,0,1,45.337620578778136,180.0,100-200,40%-50%
Frozen Bottle,2026-10-01,WK 40,Nagadevanahally,Swiggy,Dinner,FOFO,KA,390.0,270.0,19.5,660.0,0,2,40.909090909090914,195.0,100-200,40%-50%
Frozen Bottle,2026-10-01,WK 40,Nagadevanahally,Swiggy,Lunch,FOFO,KA,628.0,402.0,30.92,1020.0,0,2,39.411764705882355,314.0,300-400,30%-40%
Frozen Bottle,2026-10-01,WK 40,Nagadevanahally,Zomato,Dinner,FOFO,KA,929.83,339.51,46.519999999999996,1219.3400000000001,0,3,27.84375153771712,309.9433333333333,300-400,20%-30%
Frozen Bottle,2026-10-01,WK 40,Nagadevanahally,Zomato,Lunch,FOFO,KA,109.5,99.5,5.48,199.0,0,1,50.0,109.5,100-200,40%-50%
Frozen Bottle,2026-10-01,WK 40,Nagadevanahally,Zomato,Snacks,FOFO,KA,155.0,125.0,7.76,270.0,0,1,46.2962962962963,155.0,100-200,40%-50%
Madno,2026-10-01,WK 40,Nagadevanahally,Swiggy,Lunch,FOFO,KA,109.0,99.0,4.96,198.0,0,1,50.0,109.0,100-200,40%-50%
Madno,2026-10-01,WK 40,Nagadevanahally,Zomato,Dinner,FOFO,KA,852.0,140.0,42.62,942.0,0,2,14.8619957537155,426.0,400-500,10%-20%
Frozen Bottle,2026-10-01,WK 40,Nagarbhavi,In Store,Dinner,FOFO,KA,3254.02,0.0,162.72,3254.02,0,8,0.0,406.7525,400-500,0%
Frozen Bottle,2026-10-01,WK 40,Nagarbhavi,In Store,Late Night,FOFO,KA,207.0,0.0,10.36,207.0,0,2,0.0,103.5,100-200,0%
Frozen Bottle,2026-10-01,WK 40,Nagarbhavi,In Store,Snacks,FOFO,KA,1885.23,0.0,94.25999999999999,1885.23,0,5,0.0,377.046,300-400,0%
Frozen Bottle,2026-10-01,WK 40,Nagarbhavi,Swiggy,Dinner,FOFO,KA,290.0,0.0,14.0,280.0,0,1,0.0,290.0,200-300,0%
Frozen Bottle,2026-10-01,WK 40,Nagarbhavi,Swiggy,Lunch,FOFO,KA,589.0,0.0,27.96,559.0,0,2,0.0,294.5,200-300,0%
Frozen Bottle,2026-10-01,WK 40,Nagarbhavi,Swiggy,Snacks,FOFO,KA,222.0,238.0,11.1,460.0,0,1,51.73913043478261,222.0,200-300,50%-60%
Frozen Bottle,2026-10-01,WK 40,Nagarbhavi,Zomato,Dinner,FOFO,KA,2433.0,149.99,121.69999999999999,2492.99,0,6,6.016470182391426,405.5,400-500,1%-10%
Frozen Bottle,2026-10-01,WK 40,Nagarbhavi,Zomato,Late Night,FOFO,KA,2144.0,222.0,107.24000000000001,2286.0,0,7,9.711286089238845,306.2857142857143,300-400,1%-10%
Frozen Bottle,2026-10-01,WK 40,Nagarbhavi,Zomato,Snacks,FOFO,KA,918.0,40.0,45.92,918.0,0,3,4.357298474945534,306.0,300-400,1%-10%
Boba Bar,2026-10-01,WK 40,Nagavara,Ownly,Late Night,COCO,KA,169.0,0.0,8.46,169.0,0,1,0.0,169.0,100-200,0%
Boba Bar,2026-10-01,WK 40,Nagavara,Swiggy,Dinner,COCO,KA,158.0,133.0,7.4,281.0,0,1,47.330960854092524,158.0,100-200,40%-50%
Frozen Bottle,2026-10-01,WK 40,Nagavara,In Store,Dinner,COCO,KA,3444.5299999999997,82.8,172.38,3527.33,0,27,2.3473845656629804,127.57518518518518,100-200,1%-10%
Frozen Bottle,2026-10-01,WK 40,Nagavara,In Store,Late Night,COCO,KA,286.0,0.0,14.3,286.0,0,1,0.0,286.0,200-300,0%
Frozen Bottle,2026-10-01,WK 40,Nagavara,In Store,Lunch,COCO,KA,386.5,0.0,19.340000000000003,386.5,0,3,0.0,128.83333333333334,100-200,0%
Frozen Bottle,2026-10-01,WK 40,Nagavara,In Store,Snacks,COCO,KA,2877.62,0.0,143.94,2877.62,0,15,0.0,191.84133333333332,100-200,0%
Frozen Bottle,2026-10-01,WK 40,Nagavara,Ownly,Dinner,COCO,KA,794.0,0.0,39.72,794.0,0,3,0.0,264.6666666666667,200-300,0%
Frozen Bottle,2026-10-01,WK 40,Nagavara,Ownly,Snacks,COCO,KA,223.2,0.0,11.16,223.2,0,1,0.0,223.2,200-300,0%
Frozen Bottle,2026-10-01,WK 40,Nagavara,Swiggy,Dinner,COCO,KA,3418.65,1562.35,162.48,4811.0,0,11,32.47453751818748,310.78636363636366,300-400,30%-40%
Frozen Bottle,2026-10-01,WK 40,Nagavara,Swiggy,Late Night,COCO,KA,517.0,244.0,24.36,731.0,0,2,33.378932968536255,258.5,200-300,30%-40%
Frozen Bottle,2026-10-01,WK 40,Nagavara,Swiggy,Lunch,COCO,KA,649.0,261.0,30.96,880.0,0,2,29.659090909090907,324.5,300-400,20%-30%
Frozen Bottle,2026-10-01,WK 40,Nagavara,Swiggy,Snacks,COCO,KA,1099.01,598.99,52.980000000000004,1658.0,0,4,36.127261761158024,274.7525,200-300,30%-40%
Frozen Bottle,2026-10-01,WK 40,Nagavara,Zomato,Dinner,COCO,KA,10580.41,9712.6,529.18,19953.0,0,17,48.67739187089661,622.3770588235294,600-900,40%-50%
Frozen Bottle,2026-10-01,WK 40,Nagavara,Zomato,Late Night,COCO,KA,280.0,100.0,14.02,360.0,0,2,27.77777777777778,140.0,100-200,20%-30%
Frozen Bottle,2026-10-01,WK 40,Nagavara,Zomato,Lunch,COCO,KA,300.0,280.0,15.0,560.0,0,1,50.0,300.0,200-300,40%-50%
Frozen Bottle,2026-10-01,WK 40,Nagavara,Zomato,Snacks,COCO,KA,2776.0,1540.0,138.88,4156.0,0,9,37.05486044273339,308.44444444444446,300-400,30%-40%
Madno,2026-10-01,WK 40,Nagavara,Ownly,Dinner,COCO,KA,527.0,0.0,26.36,527.0,0,2,0.0,263.5,200-300,0%
Madno,2026-10-01,WK 40,Nagavara,Swiggy,Breakfast,COCO,KA,1101.0,42.33,53.56,1113.33,0,2,3.8021071919377003,550.5,500-600,1%-10%
Madno,2026-10-01,WK 40,Nagavara,Swiggy,Dinner,COCO,KA,708.34,461.99,32.42,1110.33,0,4,41.60835067052138,177.085,100-200,40%-50%
Madno,2026-10-01,WK 40,Nagavara,Swiggy,Late Night,COCO,KA,174.0,76.0,8.7,250.0,0,1,30.4,174.0,100-200,30%-40%
Madno,2026-10-01,WK 40,Nagavara,Swiggy,Lunch,COCO,KA,326.0,324.0,14.8,620.0,0,2,52.25806451612903,163.0,100-200,50%-60%
Madno,2026-10-01,WK 40,Nagavara,Swiggy,Snacks,COCO,KA,617.0,190.0,30.88,807.0,0,4,23.543990086741015,154.25,100-200,20%-30%
Madno,2026-10-01,WK 40,Nagavara,Zomato,Dinner,COCO,KA,356.6,59.4,17.84,396.0,0,2,15.0,178.3,100-200,10%-20%
Madno,2026-10-01,WK 40,Nagavara,Zomato,Snacks,COCO,KA,208.0,0.0,10.4,198.0,0,1,0.0,208.0,200-300,0%
Frozen Bottle,2026-10-01,WK 40,Nalanchira,In Store,Dinner,FOFO,Kerela,1320.5,0.0,66.06,1320.5,0,5,0.0,264.1,200-300,0%
Frozen Bottle,2026-10-01,WK 40,Nalanchira,In Store,Lunch,FOFO,Kerela,1259.0,0.0,62.980000000000004,1259.0,0,5,0.0,251.8,200-300,0%
Frozen Bottle,2026-10-01,WK 40,Nalanchira,In Store,Snacks,FOFO,Kerela,2669.0,0.0,133.48000000000002,2669.0,0,7,0.0,381.2857142857143,300-400,0%
Frozen Bottle,2026-10-01,WK 40,Nalanchira,Swiggy,Breakfast,FOFO,Kerela,290.0,0.0,14.0,280.0,0,1,0.0,290.0,200-300,0%
Frozen Bottle,2026-10-01,WK 40,Nalanchira,Swiggy,Dinner,FOFO,Kerela,1715.01,523.99,81.75999999999999,2159.0,0,3,24.270032422417785,571.67,500-600,20%-30%
Frozen Bottle,2026-10-01,WK 40,Nalanchira,Swiggy,Lunch,FOFO,Kerela,708.0,120.0,33.4,788.0,0,2,15.228426395939088,354.0,300-400,10%-20%
Frozen Bottle,2026-10-01,WK 40,Nalanchira,Zomato,Dinner,FOFO,Kerela,4597.0,2843.0,229.96,7170.0,0,13,39.651324965132495,353.61538461538464,300-400,30%-40%
Frozen Bottle,2026-10-01,WK 40,Nalanchira,Zomato,Lunch,FOFO,Kerela,109.0,222.0,5.46,321.0,0,1,69.1588785046729,109.0,100-200,60%-70%
Frozen Bottle,2026-10-01,WK 40,Nalanchira,Zomato,Snacks,FOFO,Kerela,654.0,1099.0,32.74,1693.0,0,5,64.91435321913762,130.8,100-200,60%-70%
Madno,2026-10-01,WK 40,Nalanchira,Zomato,Breakfast,FOFO,Kerela,732.9,78.1,35.14,781.0,0,1,10.0,732.9,600-900,1%-10%
Madno,2026-10-01,WK 40,Nalanchira,Zomato,Dinner,FOFO,Kerela,1664.0,2.0,82.24,1616.0,0,5,0.12376237623762376,332.8,300-400,1%-10%
Boba Bar,2026-10-01,WK 40,Namakkal,Swiggy,Lunch,FOFO,TN,431.0,0.0,20.56,411.0,0,1,0.0,431.0,400-500,0%
Boba Bar,2026-10-01,WK 40,Namakkal,Zomato,Lunch,FOFO,TN,311.0,0.0,15.56,301.0,0,1,0.0,311.0,300-400,0%
Frozen Bottle,2026-10-01,WK 40,Namakkal,In Store,Dinner,FOFO,TN,1602.0,0.0,80.12,1602.0,0,4,0.0,400.5,400-500,0%
Frozen Bottle,2026-10-01,WK 40,Namakkal,In Store,Lunch,FOFO,TN,39.0,0.0,1.96,39.0,0,1,0.0,39.0,0-100,0%
Frozen Bottle,2026-10-01,WK 40,Namakkal,In Store,Snacks,FOFO,TN,437.0,0.0,21.86,437.0,0,1,0.0,437.0,400-500,0%
Frozen Bottle,2026-10-01,WK 40,Namakkal,Swiggy,Dinner,FOFO,TN,449.0,0.0,21.46,429.0,0,1,0.0,449.0,400-500,0%
Frozen Bottle,2026-10-01,WK 40,Namakkal,Zomato,Dinner,FOFO,TN,2049.0,0.0,102.46000000000001,1979.0,0,3,0.0,683.0,600-900,0%
Frozen Bottle,2026-10-01,WK 40,Namakkal,Zomato,Lunch,FOFO,TN,340.0,0.0,17.0,330.0,0,1,0.0,340.0,300-400,0%
Frozen Bottle,2026-10-01,WK 40,Namakkal,Zomato,Snacks,FOFO,TN,1188.0,0.0,59.42,1148.0,0,2,0.0,594.0,500-600,0%
Boba Bar,2026-10-01,WK 40,Nanganallur CK,Zomato,Dinner,COCO,TN,227.5,72.5,11.38,290.0,0,1,25.0,227.5,200-300,20%-30%
Frozen Bottle,2026-10-01,WK 40,Nanganallur CK,Swiggy,Dinner,COCO,TN,4710.26,2809.74,221.62,7240.0,0,16,38.8085635359116,294.39125,200-300,30%-40%
Frozen Bottle,2026-10-01,WK 40,Nanganallur CK,Swiggy,Late Night,COCO,TN,512.0,206.0,24.1,688.0,0,2,29.941860465116278,256.0,200-300,20%-30%
Frozen Bottle,2026-10-01,WK 40,Nanganallur CK,Swiggy,Lunch,COCO,TN,1848.02,960.98,86.42,2689.0,0,5,35.73744886574935,369.604,300-400,30%-40%
Frozen Bottle,2026-10-01,WK 40,Nanganallur CK,Swiggy,Snacks,COCO,TN,3124.91,1652.0900000000001,147.26,4597.0,0,9,35.938438111812054,347.2122222222222,300-400,30%-40%
Frozen Bottle,2026-10-01,WK 40,Nanganallur CK,Zomato,Dinner,COCO,TN,1618.5,1435.5,80.98,2934.0,0,7,48.92638036809816,231.21428571428572,200-300,40%-50%
Frozen Bottle,2026-10-01,WK 40,Nanganallur CK,Zomato,Late Night,COCO,TN,2300.5,575.5,115.03999999999999,2756.0,0,7,20.881712626995647,328.64285714285717,300-400,20%-30%
Frozen Bottle,2026-10-01,WK 40,Nanganallur CK,Zomato,Lunch,COCO,TN,2002.51,1334.5,100.18,3247.0,0,5,41.09947643979058,400.502,400-500,40%-50%
Frozen Bottle,2026-10-01,WK 40,Nanganallur CK,Zomato,Snacks,COCO,TN,300.0,280.0,15.0,560.0,0,1,50.0,300.0,200-300,40%-50%
Madno,2026-10-01,WK 40,Nanganallur CK,Swiggy,Dinner,COCO,TN,796.02,279.98,37.8,1036.0,0,2,27.025096525096526,398.01,300-400,20%-30%
Madno,2026-10-01,WK 40,Nanganallur CK,Swiggy,Late Night,COCO,TN,509.0,380.0,23.48,849.0,0,4,44.7585394581861,127.25,100-200,40%-50%
Madno,2026-10-01,WK 40,Nanganallur CK,Swiggy,Lunch,COCO,TN,98.0,140.0,4.4,228.0,0,1,61.40350877192983,98.0,0-100,60%-70%
Madno,2026-10-01,WK 40,Nanganallur CK,Swiggy,Snacks,COCO,TN,258.0,200.0,11.9,438.0,0,1,45.662100456621005,258.0,200-300,40%-50%
Frozen Bottle,2026-10-01,WK 40,Nungambakkam - CK,Swiggy,Dinner,COCO,TN,4994.0,2561.33,234.78,7255.33,0,15,35.30273605749152,332.93333333333334,300-400,30%-40%
Frozen Bottle,2026-10-01,WK 40,Nungambakkam - CK,Swiggy,Late Night,COCO,TN,1584.0,949.0,74.22,2433.0,0,7,39.005343197698316,226.28571428571428,200-300,30%-40%
Frozen Bottle,2026-10-01,WK 40,Nungambakkam - CK,Swiggy,Lunch,COCO,TN,1920.0,812.0,90.53999999999999,2622.0,0,7,30.968726163234173,274.2857142857143,200-300,30%-40%
Frozen Bottle,2026-10-01,WK 40,Nungambakkam - CK,Swiggy,Snacks,COCO,TN,1799.0,1599.0,83.0,3258.0,0,10,49.079189686924494,179.9,100-200,40%-50%
Frozen Bottle,2026-10-01,WK 40,Nungambakkam - CK,Zomato,Late Night,COCO,TN,631.5,678.5,31.6,1270.0,0,3,53.4251968503937,210.5,200-300,50%-60%
Frozen Bottle,2026-10-01,WK 40,Nungambakkam - CK,Zomato,Lunch,COCO,TN,3315.84,1325.1599999999999,165.82,4561.0,0,4,29.05415479061609,828.96,600-900,20%-30%
Madno,2026-10-01,WK 40,Nungambakkam - CK,Swiggy,Dinner,COCO,TN,2978.0,1117.7,141.42,3945.7,0,8,28.327039562054896,372.25,300-400,20%-30%
Madno,2026-10-01,WK 40,Nungambakkam - CK,Swiggy,Late Night,COCO,TN,106.66,140.0,4.34,226.66,0,1,61.766522544780734,106.66,100-200,60%-70%
Madno,2026-10-01,WK 40,Nungambakkam - CK,Swiggy,Lunch,COCO,TN,647.0,372.0,30.36,979.0,0,3,37.99795709908069,215.66666666666666,200-300,30%-40%
Madno,2026-10-01,WK 40,Nungambakkam - CK,Swiggy,Snacks,COCO,TN,289.0,243.0,13.46,512.0,0,2,47.4609375,144.5,100-200,40%-50%
Madno,2026-10-01,WK 40,Nungambakkam - CK,Zomato,Late Night,COCO,TN,602.5,276.5,30.14,829.0,0,2,33.35343787696019,301.25,300-400,30%-40%
Frozen Bottle,2026-10-01,WK 40,OMR,In Store,Dinner,COCO,TN,1199.0,0.0,59.980000000000004,1199.0,0,6,0.0,199.83333333333334,100-200,0%
Frozen Bottle,2026-10-01,WK 40,OMR,In Store,Lunch,COCO,TN,456.0,0.0,22.8,456.0,0,2,0.0,228.0,200-300,0%
Frozen Bottle,2026-10-01,WK 40,OMR,In Store,Snacks,COCO,TN,819.87,143.13,41.0,963.0,0,4,14.862928348909657,204.9675,200-300,10%-20%
Frozen Bottle,2026-10-01,WK 40,OMR,Swiggy,Dinner,COCO,TN,4117.0,2305.0,194.0,6182.0,0,16,37.28566806858622,257.3125,200-300,30%-40%
Frozen Bottle,2026-10-01,WK 40,OMR,Swiggy,Late Night,COCO,TN,673.0,378.0,32.18,1021.0,0,3,37.02252693437806,224.33333333333334,200-300,30%-40%
Frozen Bottle,2026-10-01,WK 40,OMR,Swiggy,Lunch,COCO,TN,1007.0,495.0,48.36,1462.0,0,4,33.85772913816689,251.75,200-300,30%-40%
Frozen Bottle,2026-10-01,WK 40,OMR,Swiggy,Snacks,COCO,TN,1303.0,500.0,62.16,1743.0,0,4,28.68617326448652,325.75,300-400,20%-30%
Frozen Bottle,2026-10-01,WK 40,OMR,Zomato,Dinner,COCO,TN,2599.1,1944.9,130.01999999999998,4374.0,0,8,44.46502057613169,324.8875,300-400,40%-50%
Frozen Bottle,2026-10-01,WK 40,OMR,Zomato,Late Night,COCO,TN,356.5,354.5,17.84,681.0,0,2,52.05580029368576,178.25,100-200,50%-60%
Frozen Bottle,2026-10-01,WK 40,OMR,Zomato,Lunch,COCO,TN,960.0,542.0,48.02,1452.0,0,2,37.327823691460054,480.0,400-500,30%-40%
Frozen Bottle,2026-10-01,WK 40,OMR,Zomato,Snacks,COCO,TN,426.0,386.0,21.32,782.0,0,1,49.36061381074169,426.0,400-500,40%-50%
Madno,2026-10-01,WK 40,OMR,Swiggy,Dinner,COCO,TN,865.0,547.0,39.78,1342.0,0,4,40.76005961251863,216.25,200-300,40%-50%
Madno,2026-10-01,WK 40,OMR,Swiggy,Late Night,COCO,TN,276.0,140.0,12.8,396.0,0,1,35.35353535353536,276.0,200-300,30%-40%
Madno,2026-10-01,WK 40,OMR,Swiggy,Lunch,COCO,TN,98.0,140.0,4.4,228.0,0,1,61.40350877192983,98.0,0-100,60%-70%
Madno,2026-10-01,WK 40,OMR,Swiggy,Snacks,COCO,TN,101.0,140.0,4.56,231.0,0,1,60.60606060606061,101.0,100-200,60%-70%
Boba Bar,2026-10-01,WK 40,Pallikaranai,Swiggy,Late Night,COCO,TN,158.0,61.0,7.9,219.0,0,1,27.85388127853881,158.0,100-200,20%-30%
Boba Bar,2026-10-01,WK 40,Pallikaranai,Swiggy,Lunch,COCO,TN,167.0,133.0,7.86,290.0,0,1,45.86206896551724,167.0,100-200,40%-50%
Boba Bar,2026-10-01,WK 40,Pallikaranai,Zomato,Dinner,COCO,TN,300.0,280.0,15.0,560.0,0,1,50.0,300.0,200-300,40%-50%
Frozen Bottle,2026-10-01,WK 40,Pallikaranai,In Store,Dinner,COCO,TN,3999.46,0.0,199.96,3999.46,0,10,0.0,399.946,300-400,0%
Frozen Bottle,2026-10-01,WK 40,Pallikaranai,In Store,Lunch,COCO,TN,249.0,0.0,12.46,249.0,0,1,0.0,249.0,200-300,0%
Frozen Bottle,2026-10-01,WK 40,Pallikaranai,In Store,Snacks,COCO,TN,229.0,0.0,11.46,229.0,0,1,0.0,229.0,200-300,0%
Frozen Bottle,2026-10-01,WK 40,Pallikaranai,Swiggy,Dinner,COCO,TN,816.0,542.0,38.32000000000001,1308.0,0,3,41.437308868501525,272.0,200-300,40%-50%
Frozen Bottle,2026-10-01,WK 40,Pallikaranai,Swiggy,Late Night,COCO,TN,1459.0,1174.0,68.44,2543.0,0,5,46.16594573338577,291.8,200-300,40%-50%
Frozen Bottle,2026-10-01,WK 40,Pallikaranai,Swiggy,Lunch,COCO,TN,1260.0,557.0,59.52,1747.0,0,4,31.883228391528334,315.0,300-400,30%-40%
Frozen Bottle,2026-10-01,WK 40,Pallikaranai,Swiggy,Snacks,COCO,TN,313.0,248.0,14.66,541.0,0,2,45.84103512014787,156.5,100-200,40%-50%
Frozen Bottle,2026-10-01,WK 40,Pallikaranai,Zomato,Dinner,COCO,TN,2864.5,2207.5,143.28,4912.0,0,6,44.94096091205212,477.4166666666667,400-500,40%-50%
Frozen Bottle,2026-10-01,WK 40,Pallikaranai,Zomato,Late Night,COCO,TN,355.5,205.5,17.78,541.0,0,2,37.985212569316076,177.75,100-200,30%-40%
Frozen Bottle,2026-10-01,WK 40,Pallikaranai,Zomato,Lunch,COCO,TN,3491.0,2449.0,174.62,5750.0,0,9,42.59130434782609,387.8888888888889,300-400,40%-50%
Frozen Bottle,2026-10-01,WK 40,Pallikaranai,Zomato,Snacks,COCO,TN,341.0,321.0,17.06,642.0,0,1,50.0,341.0,300-400,40%-50%
Madno,2026-10-01,WK 40,Pallikaranai,Swiggy,Dinner,COCO,TN,1506.0,1042.85,69.8,2438.85,0,4,42.759907333374336,376.5,300-400,40%-50%
Madno,2026-10-01,WK 40,Pallikaranai,Swiggy,Lunch,COCO,TN,460.0,202.0,21.52,632.0,0,2,31.962025316455694,230.0,200-300,30%-40%
Madno,2026-10-01,WK 40,Pallikaranai,Zomato,Dinner,COCO,TN,497.55,200.45,24.880000000000003,668.0,0,2,30.007485029940117,248.775,200-300,30%-40%
Madno,2026-10-01,WK 40,Pallikaranai,Zomato,Late Night,COCO,TN,320.0,80.0,16.0,380.0,0,1,21.052631578947366,320.0,300-400,20%-30%
Madno,2026-10-01,WK 40,Pallikaranai,Zomato,Lunch,COCO,TN,158.0,80.0,7.9,228.0,0,1,35.08771929824561,158.0,100-200,30%-40%
Madno,2026-10-01,WK 40,Pallikaranai,Zomato,Snacks,COCO,TN,535.5,205.5,26.78,701.0,0,1,29.315263908701855,535.5,500-600,20%-30%
Frozen Bottle,2026-10-01,WK 40,Parbhani,In Store,Dinner,FOFO,MH,1064.0,0.0,53.24,1064.0,0,5,0.0,212.8,200-300,0%
Frozen Bottle,2026-10-01,WK 40,Parbhani,In Store,Late Night,FOFO,MH,169.0,0.0,8.46,169.0,0,1,0.0,169.0,100-200,0%
Frozen Bottle,2026-10-01,WK 40,Parbhani,In Store,Lunch,FOFO,MH,1979.0,0.0,98.98,1979.0,0,6,0.0,329.8333333333333,300-400,0%
Frozen Bottle,2026-10-01,WK 40,Parbhani,In Store,Snacks,FOFO,MH,1431.5,0.0,71.62,1431.5,0,7,0.0,204.5,200-300,0%
Frozen Bottle,2026-10-01,WK 40,Parbhani,Swiggy,Dinner,FOFO,MH,3568.04,221.96,172.44,3670.0,0,6,6.0479564032697555,594.6733333333333,500-600,1%-10%
Frozen Bottle,2026-10-01,WK 40,Parbhani,Swiggy,Late Night,FOFO,MH,636.0,45.0,30.82,661.0,0,2,6.80786686838124,318.0,300-400,1%-10%
Frozen Bottle,2026-10-01,WK 40,Parbhani,Swiggy,Lunch,FOFO,MH,457.0,42.0,21.86,479.0,0,2,8.768267223382047,228.5,200-300,1%-10%
Frozen Bottle,2026-10-01,WK 40,Parbhani,Swiggy,Snacks,FOFO,MH,1348.01,48.99,65.4,1357.0,0,3,3.610169491525424,449.33666666666664,400-500,1%-10%
Frozen Bottle,2026-10-01,WK 40,Parbhani,Zomato,Dinner,FOFO,MH,4249.0,1410.0,212.54,5469.0,0,11,25.78167855183763,386.27272727272725,300-400,20%-30%
Frozen Bottle,2026-10-01,WK 40,Parbhani,Zomato,Late Night,FOFO,MH,1729.0,190.0,86.46000000000001,1849.0,0,4,10.275824770146025,432.25,400-500,10%-20%
Frozen Bottle,2026-10-01,WK 40,Parbhani,Zomato,Snacks,FOFO,MH,1209.0,459.0,60.46,1608.0,0,3,28.544776119402986,403.0,400-500,20%-30%
Boba Bar,2026-10-01,WK 40,Perambur - CK,Swiggy,Snacks,COCO,TN,300.0,0.0,14.5,290.0,0,1,0.0,300.0,200-300,0%
Frozen Bottle,2026-10-01,WK 40,Perambur - CK,Swiggy,Dinner,COCO,TN,6669.65,2882.2,316.54,9211.85,0,17,31.287960615945764,392.33235294117645,300-400,30%-40%
Frozen Bottle,2026-10-01,WK 40,Perambur - CK,Swiggy,Late Night,COCO,TN,2023.02,1466.23,92.66,3319.25,0,7,44.17353317767568,289.0028571428571,200-300,40%-50%
Frozen Bottle,2026-10-01,WK 40,Perambur - CK,Swiggy,Lunch,COCO,TN,369.0,252.0,17.46,601.0,0,2,41.930116472545755,184.5,100-200,40%-50%
Frozen Bottle,2026-10-01,WK 40,Perambur - CK,Swiggy,Snacks,COCO,TN,1268.63,710.37,59.46,1899.0,0,5,37.40758293838863,253.72600000000003,200-300,30%-40%
Frozen Bottle,2026-10-01,WK 40,Perambur - CK,Zomato,Dinner,COCO,TN,1133.0,765.0,56.68000000000001,1828.0,0,4,41.84901531728665,283.25,200-300,40%-50%
Frozen Bottle,2026-10-01,WK 40,Perambur - CK,Zomato,Lunch,COCO,TN,299.0,199.0,14.96,478.0,0,1,41.63179916317992,299.0,200-300,40%-50%
Frozen Bottle,2026-10-01,WK 40,Perambur - CK,Zomato,Snacks,COCO,TN,869.0,799.0,43.46,1608.0,0,2,49.68905472636816,434.5,400-500,40%-50%
Madno,2026-10-01,WK 40,Perambur - CK,Swiggy,Dinner,COCO,TN,208.0,0.0,9.9,198.0,0,1,0.0,208.0,200-300,0%
Madno,2026-10-01,WK 40,Perambur - CK,Swiggy,Late Night,COCO,TN,806.0,420.0,37.8,1176.0,0,4,35.714285714285715,201.5,200-300,30%-40%
Madno,2026-10-01,WK 40,Perambur - CK,Swiggy,Snacks,COCO,TN,2416.01,1109.99,113.36,3376.0,0,6,32.87885071090047,402.66833333333335,400-500,30%-40%
Madno,2026-10-01,WK 40,Perambur - CK,Zomato,Lunch,COCO,TN,755.5,205.51,37.78,911.01,0,1,22.55847905072392,755.5,600-900,20%-30%
Madno,2026-10-01,WK 40,Perambur - CK,Zomato,Snacks,COCO,TN,313.55,315.45,15.68,609.0,0,1,51.79802955665025,313.55,300-400,50%-60%
Frozen Bottle,2026-10-01,WK 40,Pimple Saudagar,In Store,Snacks,FOFO,MH,169.0,0.0,8.46,169.0,0,1,0.0,169.0,100-200,0%
Frozen Bottle,2026-10-01,WK 40,Pimple Saudagar,Swiggy,Dinner,FOFO,MH,2317.01,314.99,111.84,2552.0,0,6,12.342868338557993,386.16833333333335,300-400,10%-20%
Frozen Bottle,2026-10-01,WK 40,Pimple Saudagar,Swiggy,Late Night,FOFO,MH,1442.1100000000001,288.89,69.12,1671.0,0,3,17.2884500299222,480.7033333333334,400-500,10%-20%
Frozen Bottle,2026-10-01,WK 40,Pimple Saudagar,Swiggy,Lunch,FOFO,MH,464.0,45.0,22.22,489.0,0,2,9.202453987730062,232.0,200-300,1%-10%
Frozen Bottle,2026-10-01,WK 40,Pimple Saudagar,Swiggy,Snacks,FOFO,MH,340.0,0.0,16.5,330.0,0,1,0.0,340.0,300-400,0%
Frozen Bottle,2026-10-01,WK 40,Pimple Saudagar,Zomato,Closing,FOFO,MH,295.0,75.0,14.76,360.0,0,1,20.833333333333336,295.0,200-300,20%-30%
Frozen Bottle,2026-10-01,WK 40,Pimple Saudagar,Zomato,Dinner,FOFO,MH,1874.0,375.0,93.72,2179.0,0,6,17.20972923359339,312.3333333333333,300-400,10%-20%
Frozen Bottle,2026-10-01,WK 40,Pimple Saudagar,Zomato,Late Night,FOFO,MH,645.0,125.0,32.26,750.0,0,2,16.666666666666664,322.5,300-400,10%-20%
Frozen Bottle,2026-10-01,WK 40,Pimple Saudagar,Zomato,Lunch,FOFO,MH,206.0,75.0,10.3,271.0,0,1,27.67527675276753,206.0,200-300,20%-30%
Frozen Bottle,2026-10-01,WK 40,Pimple Saudagar,Zomato,Snacks,FOFO,MH,1224.0,344.0,61.22,1508.0,0,3,22.811671087533156,408.0,400-500,20%-30%
Madno,2026-10-01,WK 40,Pimple Saudagar,Swiggy,Dinner,FOFO,MH,388.76,71.24,18.44,440.0,0,1,16.190909090909088,388.76,300-400,10%-20%
Boba Bar,2026-10-01,WK 40,Pimpri Chinchwad,Swiggy,Lunch,FOFO,MH,99.0,91.0,4.96,190.0,0,1,47.89473684210526,99.0,0-100,40%-50%
Frozen Bottle,2026-10-01,WK 40,Pimpri Chinchwad,In Store,Dinner,FOFO,MH,99.0,0.0,4.96,99.0,0,1,0.0,99.0,0-100,0%
Frozen Bottle,2026-10-01,WK 40,Pimpri Chinchwad,Swiggy,Dinner,FOFO,MH,1029.0,0.0,49.96,999.0,0,1,0.0,1029.0,>900,0%
Frozen Bottle,2026-10-01,WK 40,Pimpri Chinchwad,Swiggy,Lunch,FOFO,MH,1629.0,0.0,78.46000000000001,1569.0,0,3,0.0,543.0,500-600,0%
Frozen Bottle,2026-10-01,WK 40,Pimpri Chinchwad,Swiggy,Snacks,FOFO,MH,561.0,0.0,26.56,531.0,0,1,0.0,561.0,500-600,0%
Frozen Bottle,2026-10-01,WK 40,Pimpri Chinchwad,Zomato,Dinner,FOFO,MH,299.0,0.0,14.96,289.0,0,1,0.0,299.0,200-300,0%
Frozen Bottle,2026-10-01,WK 40,Poonamalle,In Store,Dinner,FOFO,TN,2907.1,0.0,145.42,2907.1,0,14,0.0,207.65,200-300,0%
Frozen Bottle,2026-10-01,WK 40,Poonamalle,In Store,Lunch,FOFO,TN,982.0,0.0,49.1,982.0,0,2,0.0,491.0,400-500,0%
Frozen Bottle,2026-10-01,WK 40,Poonamalle,In Store,Snacks,FOFO,TN,3242.0,0.0,162.14,3242.0,0,8,0.0,405.25,400-500,0%
Frozen Bottle,2026-10-01,WK 40,Poonamalle,Swiggy,Dinner,FOFO,TN,477.51,112.49,22.38,560.0,0,1,20.0875,477.51,400-500,20%-30%
Frozen Bottle,2026-10-01,WK 40,Poonamalle,Swiggy,Snacks,FOFO,TN,537.9,62.1,24.9,560.0,0,2,11.089285714285714,268.95,200-300,10%-20%
Frozen Bottle,2026-10-01,WK 40,Poonamalle,Zomato,Dinner,FOFO,TN,1129.7,331.3,56.480000000000004,1411.0,0,4,23.479801559177886,282.425,200-300,20%-30%
Frozen Bottle,2026-10-01,WK 40,Poonamalle,Zomato,Lunch,FOFO,TN,200.0,100.0,10.0,290.0,0,1,34.48275862068966,200.0,100-200,30%-40%
Frozen Bottle,2026-10-01,WK 40,Poonamalle,Zomato,Snacks,FOFO,TN,820.0,360.0,41.019999999999996,1140.0,0,4,31.57894736842105,205.0,200-300,30%-40%
Madno,2026-10-01,WK 40,Poonamalle,Swiggy,Snacks,FOFO,TN,216.34,21.66,10.32,228.0,0,1,9.5,216.34,200-300,1%-10%
Madno,2026-10-01,WK 40,Poonamalle,Zomato,Dinner,FOFO,TN,339.0,152.0,16.96,471.0,0,2,32.27176220806794,169.5,100-200,30%-40%
Boba Bar,2026-10-01,WK 40,Powai- CF - CK,Swiggy,Dinner,COCO,MH,50.0,63.33,2.5,113.33,0,1,55.88105532515662,50.0,0-100,50%-60%
Frozen Bottle,2026-10-01,WK 40,Powai- CF - CK,Swiggy,Closing,COCO,MH,215.0,126.0,10.26,331.0,0,1,38.066465256797585,215.0,200-300,30%-40%
Frozen Bottle,2026-10-01,WK 40,Powai- CF - CK,Swiggy,Dinner,COCO,MH,4205.02,1852.98,203.28,5918.0,0,10,31.310915849949307,420.50200000000007,400-500,30%-40%
Frozen Bottle,2026-10-01,WK 40,Powai- CF - CK,Swiggy,Late Night,COCO,MH,450.0,430.0,21.5,860.0,0,1,50.0,450.0,400-500,40%-50%
Frozen Bottle,2026-10-01,WK 40,Powai- CF - CK,Swiggy,Lunch,COCO,MH,750.0,237.33,34.5,927.33,0,1,25.592831031024556,750.0,600-900,20%-30%
Frozen Bottle,2026-10-01,WK 40,Powai- CF - CK,Swiggy,Snacks,COCO,MH,429.0,393.33,20.48,802.3299999999999,0,3,49.02346914611195,143.0,100-200,40%-50%
Frozen Bottle,2026-10-01,WK 40,Powai- CF - CK,Zomato,Dinner,COCO,MH,897.9,934.1,44.9,1782.0,0,3,52.41863075196409,299.3,200-300,50%-60%
Frozen Bottle,2026-10-01,WK 40,Powai- CF - CK,Zomato,Lunch,COCO,MH,1556.1,1113.9,77.86,2580.0,0,5,43.174418604651166,311.21999999999997,300-400,40%-50%
Frozen Bottle,2026-10-01,WK 40,Powai- CF - CK,Zomato,Snacks,COCO,MH,1113.5,1116.5,55.7,2160.0,0,3,51.68981481481482,371.1666666666667,300-400,50%-60%
Madno,2026-10-01,WK 40,Powai- CF - CK,Swiggy,Late Night,COCO,MH,170.0,140.0,8.0,300.0,0,1,46.666666666666664,170.0,100-200,40%-50%
Madno,2026-10-01,WK 40,Powai- CF - CK,Swiggy,Lunch,COCO,MH,139.0,91.0,6.46,220.0,0,1,41.36363636363637,139.0,100-200,40%-50%
Madno,2026-10-01,WK 40,Powai- CF - CK,Zomato,Dinner,COCO,MH,341.0,271.0,17.06,592.0,0,1,45.77702702702703,341.0,300-400,40%-50%
Madno,2026-10-01,WK 40,Powai- CF - CK,Zomato,Late Night,COCO,MH,221.5,212.83,11.08,414.33,0,1,51.36726763690779,221.5,200-300,50%-60%
Madno,2026-10-01,WK 40,Powai- CF - CK,Zomato,Lunch,COCO,MH,682.0,642.0,34.12,1284.0,0,2,50.0,341.0,300-400,40%-50%
Madno,2026-10-01,WK 40,Powai- CF - CK,Zomato,Snacks,COCO,MH,291.0,271.0,14.56,542.0,0,1,50.0,291.0,200-300,40%-50%
Frozen Bottle,2026-10-01,WK 40,Prabhadevi,Swiggy,Dinner,COCO,MH,2701.0,992.0,129.06,3573.0,0,7,27.76378393506857,385.85714285714283,300-400,20%-30%
Frozen Bottle,2026-10-01,WK 40,Prabhadevi,Swiggy,Late Night,COCO,MH,78.0,91.0,3.4,159.0,0,1,57.23270440251572,78.0,0-100,50%-60%
Frozen Bottle,2026-10-01,WK 40,Prabhadevi,Swiggy,Lunch,COCO,MH,527.0,374.0,24.86,871.0,0,3,42.93915040183697,175.66666666666666,100-200,40%-50%
Frozen Bottle,2026-10-01,WK 40,Prabhadevi,Swiggy,Snacks,COCO,MH,580.0,450.0,27.52,1000.0,0,4,45.0,145.0,100-200,40%-50%
Frozen Bottle,2026-10-01,WK 40,Prabhadevi,Zomato,Closing,COCO,MH,754.0,736.0,37.72,1440.0,0,2,51.11111111111111,377.0,300-400,50%-60%
Frozen Bottle,2026-10-01,WK 40,Prabhadevi,Zomato,Dinner,COCO,MH,3040.9,2711.1,152.08,5552.0,0,9,48.831051873198845,337.8777777777778,300-400,40%-50%
Frozen Bottle,2026-10-01,WK 40,Prabhadevi,Zomato,Late Night,COCO,MH,320.0,0.0,16.0,310.0,0,1,0.0,320.0,300-400,0%
Frozen Bottle,2026-10-01,WK 40,Prabhadevi,Zomato,Lunch,COCO,MH,710.0,630.0,35.519999999999996,1290.0,0,4,48.837209302325576,177.5,100-200,40%-50%
Frozen Bottle,2026-10-01,WK 40,Prabhadevi,Zomato,Snacks,COCO,MH,2038.4,1853.6,102.0,3772.0,0,6,49.141039236479315,339.73333333333335,300-400,40%-50%
Madno,2026-10-01,WK 40,Prabhadevi,Swiggy,Closing,COCO,MH,98.0,140.0,4.4,228.0,0,1,61.40350877192983,98.0,0-100,60%-70%
Madno,2026-10-01,WK 40,Prabhadevi,Swiggy,Dinner,COCO,MH,528.0,282.0,24.42,770.0,0,3,36.62337662337662,176.0,100-200,30%-40%
Madno,2026-10-01,WK 40,Prabhadevi,Swiggy,Snacks,COCO,MH,230.0,0.0,11.0,220.0,0,1,0.0,230.0,200-300,0%
Madno,2026-10-01,WK 40,Prabhadevi,Zomato,Dinner,COCO,MH,341.0,321.0,17.06,642.0,0,1,50.0,341.0,300-400,40%-50%
Frozen Bottle,2026-10-01,WK 40,Puducherry,In Store,Dinner,FOFO,TN,418.0,0.0,20.9,418.0,0,1,0.0,418.0,400-500,0%
Frozen Bottle,2026-10-01,WK 40,Puducherry,In Store,Lunch,FOFO,TN,677.0,0.0,33.86,677.0,0,1,0.0,677.0,600-900,0%
Frozen Bottle,2026-10-01,WK 40,Puducherry,Zomato,Dinner,FOFO,TN,568.0,40.0,28.4,588.0,0,1,6.802721088435375,568.0,500-600,1%-10%
Frozen Bottle,2026-10-01,WK 40,RT Nagar,In Store,Dinner,FOFO,KA,3169.46,0.0,158.54,3169.46,0,11,0.0,288.13272727272727,200-300,0%
Frozen Bottle,2026-10-01,WK 40,RT Nagar,In Store,Lunch,FOFO,KA,488.0,0.0,24.42,488.0,0,2,0.0,244.0,200-300,0%
Frozen Bottle,2026-10-01,WK 40,RT Nagar,In Store,Snacks,FOFO,KA,576.0,0.0,28.82,576.0,0,2,0.0,288.0,200-300,0%
Frozen Bottle,2026-10-01,WK 40,RT Nagar,Swiggy,Dinner,FOFO,KA,753.45,235.55,35.68,949.0,0,4,24.82086406743941,188.3625,100-200,20%-30%
Frozen Bottle,2026-10-01,WK 40,RT Nagar,Swiggy,Lunch,FOFO,KA,614.1800000000001,463.82,30.240000000000002,1068.0,0,4,43.42883895131086,153.54500000000002,100-200,40%-50%
Frozen Bottle,2026-10-01,WK 40,RT Nagar,Swiggy,Snacks,FOFO,KA,691.0,369.0,33.58,1040.0,0,4,35.48076923076923,172.75,100-200,30%-40%
Boba Bar,2026-10-01,WK 40,Race Course Road,Zomato,Lunch,COCO,TN,329.64,103.21,16.48,412.85,0,1,24.99939445319123,329.64,300-400,20%-30%
Frozen Bottle,2026-10-01,WK 40,Race Course Road,In Store,Dinner,COCO,TN,3593.19,0.0,179.7,3593.19,0,13,0.0,276.39923076923077,200-300,0%
Frozen Bottle,2026-10-01,WK 40,Race Course Road,In Store,Lunch,COCO,TN,688.85,0.0,34.44,688.85,0,2,0.0,344.425,300-400,0%
Frozen Bottle,2026-10-01,WK 40,Race Course Road,In Store,Snacks,COCO,TN,1039.71,0.0,52.02,1039.71,0,5,0.0,207.942,200-300,0%
Frozen Bottle,2026-10-01,WK 40,Race Course Road,Swiggy,Dinner,COCO,TN,8219.67,4443.33,386.58,12173.0,0,29,36.50151975683891,283.43689655172415,200-300,30%-40%
Frozen Bottle,2026-10-01,WK 40,Race Course Road,Swiggy,Late Night,COCO,TN,1795.26,1479.74,83.8,3155.0,0,9,46.901426307448496,199.47333333333333,100-200,40%-50%
Frozen Bottle,2026-10-01,WK 40,Race Course Road,Swiggy,Lunch,COCO,TN,4456.01,2412.99,209.85999999999999,6609.0,0,14,36.510667271901944,318.2864285714286,300-400,30%-40%
Frozen Bottle,2026-10-01,WK 40,Race Course Road,Swiggy,Snacks,COCO,TN,3335.0,1529.0,157.8,4684.0,0,15,32.643040136635356,222.33333333333334,200-300,30%-40%
Frozen Bottle,2026-10-01,WK 40,Race Course Road,Zomato,Dinner,COCO,TN,3507.3,2396.7,175.4,5704.0,0,10,42.01788218793829,350.73,300-400,40%-50%
Frozen Bottle,2026-10-01,WK 40,Race Course Road,Zomato,Late Night,COCO,TN,799.0,550.0,39.96,1299.0,0,2,42.34026173979984,399.5,300-400,40%-50%
Frozen Bottle,2026-10-01,WK 40,Race Course Road,Zomato,Lunch,COCO,TN,740.0,310.0,37.0,1020.0,0,2,30.392156862745097,370.0,300-400,30%-40%
Frozen Bottle,2026-10-01,WK 40,Race Course Road,Zomato,Snacks,COCO,TN,1805.5,1578.5,90.3,3264.0,0,5,48.3609068627451,361.1,300-400,40%-50%
Madno,2026-10-01,WK 40,Race Course Road,Swiggy,Dinner,COCO,TN,3683.38,2372.65,172.7,5826.03,0,14,40.7249876845811,263.09857142857146,200-300,40%-50%
Madno,2026-10-01,WK 40,Race Course Road,Swiggy,Late Night,COCO,TN,1187.0,1169.7,54.36,2256.7,0,4,51.83232153143972,296.75,200-300,50%-60%
Madno,2026-10-01,WK 40,Race Course Road,Swiggy,Lunch,COCO,TN,1040.0,839.0,48.019999999999996,1799.0,0,6,46.637020566981654,173.33333333333334,100-200,40%-50%
Madno,2026-10-01,WK 40,Race Course Road,Swiggy,Snacks,COCO,TN,766.0,462.85,35.8,1178.85,0,2,39.262840904271116,383.0,300-400,30%-40%
Madno,2026-10-01,WK 40,Race Course Road,Zomato,Dinner,COCO,TN,761.0,571.0,38.06,1292.0,0,2,44.195046439628484,380.5,300-400,40%-50%
Madno,2026-10-01,WK 40,Race Course Road,Zomato,Late Night,COCO,TN,1263.5,832.5,63.18,2016.0,0,3,41.294642857142854,421.1666666666667,400-500,40%-50%
Madno,2026-10-01,WK 40,Race Course Road,Zomato,Lunch,COCO,TN,105.5,95.5,5.28,191.0,0,1,50.0,105.5,100-200,40%-50%
Frozen Bottle,2026-10-01,WK 40,Raipur-1,In Store,Dinner,FOFO,ROI,418.0,0.0,20.9,418.0,0,1,0.0,418.0,400-500,0%
Frozen Bottle,2026-10-01,WK 40,Raipur-1,Zomato,Dinner,FOFO,ROI,230.0,60.0,11.5,280.0,0,1,21.428571428571427,230.0,200-300,20%-30%
Frozen Bottle,2026-10-01,WK 40,Raipur-1,Zomato,Late Night,FOFO,ROI,806.0,320.0,40.34,1076.0,0,4,29.739776951672862,201.5,200-300,20%-30%
Frozen Bottle,2026-10-01,WK 40,Raipur-1,Zomato,Lunch,FOFO,ROI,719.9,439.1,36.02,1119.0,0,1,39.24039320822163,719.9,600-900,30%-40%
Madno,2026-10-01,WK 40,Raipur-1,Zomato,Dinner,FOFO,ROI,171.5,28.5,8.58,190.0,0,1,15.0,171.5,100-200,10%-20%
Madno,2026-10-01,WK 40,Raipur-1,Zomato,Late Night,FOFO,ROI,451.0,0.0,22.56,431.0,0,2,0.0,225.5,200-300,0%
Frozen Bottle,2026-10-01,WK 40,Raipur-2,Zomato,Dinner,FOFO,ROI,259.0,50.0,12.96,299.0,0,1,16.722408026755854,259.0,200-300,10%-20%
Frozen Bottle,2026-10-01,WK 40,Raipur-2,Zomato,Late Night,FOFO,ROI,391.0,0.0,19.56,381.0,0,1,0.0,391.0,300-400,0%
Frozen Bottle,2026-10-01,WK 40,Raipur-2,Zomato,Lunch,FOFO,ROI,479.0,50.0,23.96,509.0,0,2,9.823182711198427,239.5,200-300,1%-10%
Frozen Bottle,2026-10-01,WK 40,Raipur-2,Zomato,Snacks,FOFO,ROI,732.8199999999999,79.51,36.66,772.3299999999999,0,2,10.294822161511274,366.40999999999997,300-400,10%-20%
Madno,2026-10-01,WK 40,Raipur-2,Zomato,Snacks,FOFO,ROI,161.0,0.0,8.06,151.0,0,1,0.0,161.0,100-200,0%
Frozen Bottle,2026-10-01,WK 40,Ramanathapuram,In Store,Dinner,FOFO,TN,2951.0,0.0,147.6,2951.0,0,10,0.0,295.1,200-300,0%
Frozen Bottle,2026-10-01,WK 40,Ramanathapuram,In Store,Lunch,FOFO,TN,1937.0,0.0,96.88,1937.0,0,7,0.0,276.7142857142857,200-300,0%
Frozen Bottle,2026-10-01,WK 40,Ramanathapuram,In Store,Snacks,FOFO,TN,2047.0,0.0,102.38,2047.0,0,5,0.0,409.4,400-500,0%
Frozen Bottle,2026-10-01,WK 40,Ramanathapuram,Swiggy,Dinner,FOFO,TN,691.0,0.0,33.56,671.0,0,2,0.0,345.5,300-400,0%
Frozen Bottle,2026-10-01,WK 40,Ramanathapuram,Zomato,Lunch,FOFO,TN,664.0,125.0,33.22,759.0,0,2,16.469038208168644,332.0,300-400,10%-20%
Frozen Bottle,2026-10-01,WK 40,Ramanathapuram,Zomato,Snacks,FOFO,TN,350.5,107.5,17.52,438.0,0,2,24.54337899543379,175.25,100-200,20%-30%
Frozen Bottle,2026-10-01,WK 40,Ranchi,In Store,Dinner,FOFO,ROI,1835.0,0.0,91.8,1835.0,0,7,0.0,262.14285714285717,200-300,0%
Frozen Bottle,2026-10-01,WK 40,Ranchi,In Store,Lunch,FOFO,ROI,257.0,0.0,12.86,257.0,0,2,0.0,128.5,100-200,0%
Frozen Bottle,2026-10-01,WK 40,Ranchi,In Store,Snacks,FOFO,ROI,1610.0,0.0,80.56,1610.0,0,8,0.0,201.25,200-300,0%
Frozen Bottle,2026-10-01,WK 40,Ranchi,Swiggy,Dinner,FOFO,ROI,273.5,67.5,13.18,331.0,0,1,20.39274924471299,273.5,200-300,20%-30%
Frozen Bottle,2026-10-01,WK 40,Ranchi,Zomato,Dinner,FOFO,ROI,298.0,32.0,14.9,320.0,0,1,10.0,298.0,200-300,1%-10%
Frozen Bottle,2026-10-01,WK 40,Ranchi,Zomato,Lunch,FOFO,ROI,109.0,100.0,5.46,199.0,0,1,50.25125628140703,109.0,100-200,50%-60%
Boba Bar,2026-10-01,WK 40,Ravipuram,Swiggy,Dinner,COCO,Kerela,218.0,183.0,9.9,381.0,0,1,48.031496062992126,218.0,200-300,40%-50%
Boba Bar,2026-10-01,WK 40,Ravipuram,Swiggy,Lunch,COCO,Kerela,246.0,133.0,11.8,369.0,0,1,36.043360433604335,246.0,200-300,30%-40%
Frozen Bottle,2026-10-01,WK 40,Ravipuram,In Store,Dinner,COCO,Kerela,983.0,0.0,49.16,983.0,0,4,0.0,245.75,200-300,0%
Frozen Bottle,2026-10-01,WK 40,Ravipuram,In Store,Lunch,COCO,Kerela,229.0,0.0,11.46,229.0,0,1,0.0,229.0,200-300,0%
Frozen Bottle,2026-10-01,WK 40,Ravipuram,In Store,Snacks,COCO,Kerela,2417.39,463.61,120.88,2881.0,0,6,16.09198195071156,402.8983333333333,400-500,10%-20%
Frozen Bottle,2026-10-01,WK 40,Ravipuram,Swiggy,Breakfast,COCO,Kerela,446.0,243.0,21.3,669.0,0,2,36.32286995515695,223.0,200-300,30%-40%
Frozen Bottle,2026-10-01,WK 40,Ravipuram,Swiggy,Closing,COCO,Kerela,578.0,440.33,26.42,968.33,0,2,45.47313415880949,289.0,200-300,40%-50%
Frozen Bottle,2026-10-01,WK 40,Ravipuram,Swiggy,Dinner,COCO,Kerela,4682.65,2625.35,221.68,7058.0,0,18,37.19679795976197,260.1472222222222,200-300,30%-40%
Frozen Bottle,2026-10-01,WK 40,Ravipuram,Swiggy,Late Night,COCO,Kerela,1790.0,1246.0,84.03999999999999,2926.0,0,8,42.58373205741627,223.75,200-300,40%-50%
Frozen Bottle,2026-10-01,WK 40,Ravipuram,Swiggy,Lunch,COCO,Kerela,3431.63,2101.37,163.14000000000001,5363.0,0,13,39.182733544657836,263.97153846153844,200-300,30%-40%
Frozen Bottle,2026-10-01,WK 40,Ravipuram,Swiggy,Snacks,COCO,Kerela,3615.0,2121.0,170.3,5526.0,0,9,38.382193268186754,401.6666666666667,400-500,30%-40%
Frozen Bottle,2026-10-01,WK 40,Ravipuram,Zomato,Breakfast,COCO,Kerela,416.5,252.5,20.84,639.0,0,2,39.51486697965571,208.25,200-300,30%-40%
Frozen Bottle,2026-10-01,WK 40,Ravipuram,Zomato,Dinner,COCO,Kerela,2594.5,1111.5,129.76,3576.0,0,7,31.08221476510067,370.64285714285717,300-400,30%-40%
Frozen Bottle,2026-10-01,WK 40,Ravipuram,Zomato,Late Night,COCO,Kerela,218.0,200.0,10.92,398.0,0,2,50.25125628140703,109.0,100-200,50%-60%
Frozen Bottle,2026-10-01,WK 40,Ravipuram,Zomato,Lunch,COCO,Kerela,2178.2,1091.81,108.96000000000001,3140.01,0,6,34.770908372903264,363.0333333333333,300-400,30%-40%
Frozen Bottle,2026-10-01,WK 40,Ravipuram,Zomato,Snacks,COCO,Kerela,2333.3,1527.7,116.72,3721.0,0,8,41.05616769685568,291.6625,200-300,40%-50%
Madno,2026-10-01,WK 40,Ravipuram,Swiggy,Closing,COCO,Kerela,241.0,0.0,11.56,231.0,0,1,0.0,241.0,200-300,0%
Madno,2026-10-01,WK 40,Ravipuram,Swiggy,Dinner,COCO,Kerela,864.0,866.0,39.74,1660.0,0,6,52.16867469879518,144.0,100-200,50%-60%
Madno,2026-10-01,WK 40,Ravipuram,Swiggy,Late Night,COCO,Kerela,774.01,464.99,36.2,1189.0,0,2,39.10765349032801,387.005,300-400,30%-40%
Madno,2026-10-01,WK 40,Ravipuram,Swiggy,Lunch,COCO,Kerela,199.0,130.0,9.46,319.0,0,1,40.75235109717868,199.0,100-200,40%-50%
Madno,2026-10-01,WK 40,Ravipuram,Swiggy,Snacks,COCO,Kerela,180.0,140.0,8.5,310.0,0,1,45.16129032258064,180.0,100-200,40%-50%
Madno,2026-10-01,WK 40,Ravipuram,Zomato,Dinner,COCO,Kerela,320.5,300.5,16.02,601.0,0,1,50.0,320.5,300-400,40%-50%
Boba Bar,2026-10-01,WK 40,SEAWOOD,Swiggy,Dinner,COCO,MH,387.03,321.51,19.36,708.54,0,2,45.37640782454061,193.515,100-200,40%-50%
Boba Bar,2026-10-01,WK 40,SEAWOOD,Swiggy,Late Night,COCO,MH,150.0,189.99,7.5,339.99,0,1,55.88105532515662,150.0,100-200,50%-60%
Frozen Bottle,2026-10-01,WK 40,SEAWOOD,In Store,Dinner,COCO,MH,2777.73,237.82,138.94,3015.55,0,12,7.8864552071761365,231.4775,200-300,1%-10%
Frozen Bottle,2026-10-01,WK 40,SEAWOOD,In Store,Late Night,COCO,MH,486.15999999999997,485.84000000000003,24.299999999999997,972.0,0,2,49.98353909465021,243.07999999999998,200-300,40%-50%
Frozen Bottle,2026-10-01,WK 40,SEAWOOD,Swiggy,Dinner,COCO,MH,4775.64,3077.36,225.32,7583.0,0,13,40.58235526836344,367.3569230769231,300-400,40%-50%
Frozen Bottle,2026-10-01,WK 40,SEAWOOD,Swiggy,Late Night,COCO,MH,1469.0,1148.99,67.98,2507.99,0,8,45.81318107328977,183.625,100-200,40%-50%
Frozen Bottle,2026-10-01,WK 40,SEAWOOD,Swiggy,Lunch,COCO,MH,526.0,492.0,24.299999999999997,978.0,0,2,50.306748466257666,263.0,200-300,50%-60%
Frozen Bottle,2026-10-01,WK 40,SEAWOOD,Swiggy,Snacks,COCO,MH,1740.0,1037.0,82.53999999999999,2687.0,0,8,38.59322664681801,217.5,200-300,30%-40%
Frozen Bottle,2026-10-01,WK 40,SEAWOOD,Zomato,Closing,COCO,MH,350.0,280.0,17.5,610.0,0,1,45.90163934426229,350.0,300-400,40%-50%
Frozen Bottle,2026-10-01,WK 40,SEAWOOD,Zomato,Dinner,COCO,MH,2914.5,1939.5,145.76,4684.0,0,6,41.4069171648164,485.75,400-500,40%-50%
Frozen Bottle,2026-10-01,WK 40,SEAWOOD,Zomato,Late Night,COCO,MH,2109.0,430.0,105.47999999999999,2459.0,0,3,17.486783245221634,703.0,600-900,10%-20%
Frozen Bottle,2026-10-01,WK 40,SEAWOOD,Zomato,Lunch,COCO,MH,876.33,585.0,43.82,1411.33,0,3,41.45026322688528,292.11,200-300,40%-50%
Frozen Bottle,2026-10-01,WK 40,SEAWOOD,Zomato,Snacks,COCO,MH,680.5,200.5,34.06,841.0,0,2,23.840665873959573,340.25,300-400,20%-30%
Madno,2026-10-01,WK 40,SEAWOOD,Swiggy,Dinner,COCO,MH,1065.0,966.1800000000001,48.76,1941.18,0,4,49.77281859487528,266.25,200-300,40%-50%
Madno,2026-10-01,WK 40,SEAWOOD,Swiggy,Late Night,COCO,MH,397.0,162.0,19.86,559.0,0,1,28.980322003577818,397.0,300-400,20%-30%
Madno,2026-10-01,WK 40,SEAWOOD,Zomato,Late Night,COCO,MH,529.0,301.0,26.46,800.0,0,2,37.625,264.5,200-300,30%-40%
Madno,2026-10-01,WK 40,SEAWOOD,Zomato,Lunch,COCO,MH,210.0,50.0,10.5,250.0,0,1,20.0,210.0,200-300,10%-20%
Madno,2026-10-01,WK 40,SEAWOOD,Zomato,Snacks,COCO,MH,200.0,0.0,10.0,190.0,0,1,0.0,200.0,100-200,0%
Frozen Bottle,2026-10-01,WK 40,Sahakarnagar,In Store,Dinner,FOFO,KA,4569.55,0.0,228.54,4569.55,0,13,0.0,351.50384615384615,300-400,0%
Frozen Bottle,2026-10-01,WK 40,Sahakarnagar,In Store,Late Night,FOFO,KA,368.0,0.0,18.4,368.0,0,1,0.0,368.0,300-400,0%
Frozen Bottle,2026-10-01,WK 40,Sahakarnagar,In Store,Lunch,FOFO,KA,597.0,0.0,29.86,597.0,0,2,0.0,298.5,200-300,0%
Frozen Bottle,2026-10-01,WK 40,Sahakarnagar,In Store,Snacks,FOFO,KA,39.0,0.0,1.96,39.0,0,1,0.0,39.0,0-100,0%
Frozen Bottle,2026-10-01,WK 40,Sahakarnagar,Swiggy,Closing,FOFO,KA,320.0,0.0,15.5,310.0,0,1,0.0,320.0,300-400,0%
Frozen Bottle,2026-10-01,WK 40,Sahakarnagar,Swiggy,Dinner,FOFO,KA,3040.0,912.0,149.54000000000002,3902.0,0,6,23.37262942080984,506.6666666666667,500-600,20%-30%
Frozen Bottle,2026-10-01,WK 40,Sahakarnagar,Swiggy,Lunch,FOFO,KA,880.0,0.0,43.0,860.0,0,1,0.0,880.0,600-900,0%
Frozen Bottle,2026-10-01,WK 40,Sahakarnagar,Swiggy,Snacks,FOFO,KA,610.0,0.0,29.0,580.0,0,1,0.0,610.0,600-900,0%
Frozen Bottle,2026-10-01,WK 40,Sahakarnagar,Zomato,Dinner,FOFO,KA,691.0,69.0,34.56,740.0,0,1,9.324324324324325,691.0,600-900,1%-10%
Frozen Bottle,2026-10-01,WK 40,Saharanpur,Swiggy,Lunch,FOFO,ROI,989.0,0.0,47.96,959.0,0,1,0.0,989.0,>900,0%
Frozen Bottle,2026-10-01,WK 40,Salem,In Store,Dinner,FOFO,TN,3215.69,0.0,160.88,3215.69,0,13,0.0,247.36076923076922,200-300,0%
Frozen Bottle,2026-10-01,WK 40,Salem,In Store,Lunch,FOFO,TN,2899.69,0.0,145.0,2899.69,0,6,0.0,483.2816666666667,400-500,0%
Frozen Bottle,2026-10-01,WK 40,Salem,In Store,Snacks,FOFO,TN,1278.23,0.0,63.96,1278.23,0,6,0.0,213.03833333333333,200-300,0%
Frozen Bottle,2026-10-01,WK 40,Salem,Swiggy,Dinner,FOFO,TN,1150.0,0.0,56.0,1120.0,0,2,0.0,575.0,500-600,0%
Frozen Bottle,2026-10-01,WK 40,Salem,Swiggy,Lunch,FOFO,TN,1140.0,0.0,55.02,1100.0,0,2,0.0,570.0,500-600,0%
Frozen Bottle,2026-10-01,WK 40,Salem,Swiggy,Snacks,FOFO,TN,1011.0,0.0,49.06,981.0,0,2,0.0,505.5,500-600,0%
Frozen Bottle,2026-10-01,WK 40,Salem,Zomato,Dinner,FOFO,TN,1702.0,165.0,85.14,1797.0,0,4,9.181969949916526,425.5,400-500,1%-10%
Frozen Bottle,2026-10-01,WK 40,Sambalpur,Zomato,Lunch,FOFO,ROI,261.0,0.0,13.06,251.0,0,1,0.0,261.0,200-300,0%
Frozen Bottle,2026-10-01,WK 40,Sambalpur,Zomato,Snacks,FOFO,ROI,240.0,0.0,12.0,230.0,0,1,0.0,240.0,200-300,0%
Frozen Bottle,2026-10-01,WK 40,Saravanampatti,In Store,Dinner,FOFO,TN,1499.05,0.0,75.0,1499.05,0,8,0.0,187.38125,100-200,0%
Frozen Bottle,2026-10-01,WK 40,Saravanampatti,In Store,Lunch,FOFO,TN,763.0,0.0,38.2,763.0,0,6,0.0,127.16666666666667,100-200,0%
Frozen Bottle,2026-10-01,WK 40,Saravanampatti,In Store,Snacks,FOFO,TN,2502.0,0.0,125.24000000000001,2502.0,0,14,0.0,178.71428571428572,100-200,0%
Frozen Bottle,2026-10-01,WK 40,Saravanampatti,Swiggy,Dinner,FOFO,TN,1248.26,182.74,59.94,1381.0,0,4,13.232440260680667,312.065,300-400,10%-20%
Frozen Bottle,2026-10-01,WK 40,Saravanampatti,Swiggy,Lunch,FOFO,TN,216.0,65.0,10.3,271.0,0,1,23.985239852398525,216.0,200-300,20%-30%
Frozen Bottle,2026-10-01,WK 40,Saravanampatti,Swiggy,Snacks,FOFO,TN,2757.01,276.99,132.9,2934.0,0,9,9.440695296523517,306.33444444444444,300-400,1%-10%
Frozen Bottle,2026-10-01,WK 40,Saravanampatti,Zomato,Dinner,FOFO,TN,639.0,0.0,31.96,619.0,0,2,0.0,319.5,300-400,0%
Frozen Bottle,2026-10-01,WK 40,Saravanampatti,Zomato,Snacks,FOFO,TN,209.0,0.0,10.46,199.0,0,1,0.0,209.0,200-300,0%
Boba Bar,2026-10-01,WK 40,Sarjapur Road,Swiggy,Dinner,COCO,KA,109.0,91.0,4.96,190.0,0,1,47.89473684210526,109.0,100-200,40%-50%
Boba Bar,2026-10-01,WK 40,Sarjapur Road,Swiggy,Late Night,COCO,KA,166.5,123.5,7.82,280.0,0,1,44.107142857142854,166.5,100-200,40%-50%
Frozen Bottle,2026-10-01,WK 40,Sarjapur Road,Ownly,Dinner,COCO,KA,437.4,0.0,21.88,437.4,0,1,0.0,437.4,400-500,0%
Frozen Bottle,2026-10-01,WK 40,Sarjapur Road,Ownly,Snacks,COCO,KA,351.5,0.0,17.6,351.5,0,3,0.0,117.16666666666667,100-200,0%
Frozen Bottle,2026-10-01,WK 40,Sarjapur Road,Swiggy,Dinner,COCO,KA,4726.01,3040.99,222.84,7497.0,0,16,40.562758436708016,295.375625,200-300,40%-50%
Frozen Bottle,2026-10-01,WK 40,Sarjapur Road,Swiggy,Late Night,COCO,KA,3348.0299999999997,982.97,160.96,4201.0,0,9,23.39847655320162,372.00333333333333,300-400,20%-30%
Frozen Bottle,2026-10-01,WK 40,Sarjapur Road,Swiggy,Lunch,COCO,KA,299.0,329.0,13.96,608.0,0,3,54.11184210526315,99.66666666666667,0-100,50%-60%
Frozen Bottle,2026-10-01,WK 40,Sarjapur Road,Swiggy,Snacks,COCO,KA,1645.0,913.0,79.78,2508.0,0,6,36.40350877192983,274.1666666666667,200-300,30%-40%
Frozen Bottle,2026-10-01,WK 40,Sarjapur Road,Zomato,Dinner,COCO,KA,931.0,420.0,46.56,1311.0,0,3,32.036613272311214,310.3333333333333,300-400,30%-40%
Frozen Bottle,2026-10-01,WK 40,Sarjapur Road,Zomato,Late Night,COCO,KA,2370.9,1030.1,118.58,3291.0,0,8,31.300516560316012,296.3625,200-300,30%-40%
Frozen Bottle,2026-10-01,WK 40,Sarjapur Road,Zomato,Lunch,COCO,KA,300.0,280.0,15.0,560.0,0,1,50.0,300.0,200-300,40%-50%
Frozen Bottle,2026-10-01,WK 40,Sarjapur Road,Zomato,Snacks,COCO,KA,324.0,175.0,16.22,479.0,0,2,36.53444676409186,162.0,100-200,30%-40%
Madno,2026-10-01,WK 40,Sarjapur Road,Swiggy,Dinner,COCO,KA,752.0,304.0,35.62,1016.0,0,3,29.92125984251969,250.66666666666666,200-300,20%-30%
Madno,2026-10-01,WK 40,Sarjapur Road,Swiggy,Snacks,COCO,KA,575.0,72.0,27.76,627.0,0,2,11.483253588516746,287.5,200-300,10%-20%
Madno,2026-10-01,WK 40,Sarjapur Road,Zomato,Dinner,COCO,KA,208.0,0.0,10.4,198.0,0,1,0.0,208.0,200-300,0%
Madno,2026-10-01,WK 40,Sarjapur Road,Zomato,Late Night,COCO,KA,380.0,80.0,19.0,440.0,0,2,18.181818181818183,190.0,100-200,10%-20%
Frozen Bottle,2026-10-01,WK 40,Sarjapura 3,In Store,Dinner,FOFO,KA,2375.0,0.0,118.78,2375.0,0,7,0.0,339.2857142857143,300-400,0%
Frozen Bottle,2026-10-01,WK 40,Sarjapura 3,In Store,Lunch,FOFO,KA,625.0,0.0,31.28,625.0,0,3,0.0,208.33333333333334,200-300,0%
Frozen Bottle,2026-10-01,WK 40,Sarjapura 3,In Store,Snacks,FOFO,KA,981.0,0.0,49.06,981.0,0,4,0.0,245.25,200-300,0%
Frozen Bottle,2026-10-01,WK 40,Sarjapura 3,Swiggy,Dinner,FOFO,KA,1225.8,593.2,60.32,1799.0,0,4,32.97387437465259,306.45,300-400,30%-40%
Frozen Bottle,2026-10-01,WK 40,Sarjapura 3,Swiggy,Lunch,FOFO,KA,1533.01,224.99,73.66,1698.0,0,2,13.250294464075383,766.505,600-900,10%-20%
Frozen Bottle,2026-10-01,WK 40,Sarjapura 3,Swiggy,Snacks,FOFO,KA,1073.8700000000001,194.13,51.7,1228.0,0,4,15.808631921824103,268.46750000000003,200-300,10%-20%
Frozen Bottle,2026-10-01,WK 40,Sarjapura 3,Zomato,Dinner,FOFO,KA,3166.0,799.99,158.3,3845.99,0,5,20.800626106672144,633.2,600-900,20%-30%
Frozen Bottle,2026-10-01,WK 40,Sarjapura 3,Zomato,Lunch,FOFO,KA,443.0,75.0,22.16,498.0,0,1,15.060240963855422,443.0,400-500,10%-20%
Frozen Bottle,2026-10-01,WK 40,Sarjapura 3,Zomato,Snacks,FOFO,KA,2500.7200000000003,675.28,125.06,3046.0,0,6,22.16940249507551,416.7866666666667,400-500,20%-30%
Madno,2026-10-01,WK 40,Sarjapura 3,Swiggy,Dinner,FOFO,KA,417.1,20.9,19.86,418.0,0,2,5.0,208.55,200-300,1%-10%
Madno,2026-10-01,WK 40,Sarjapura 3,Swiggy,Late Night,FOFO,KA,268.75,71.25,12.94,330.0,0,1,21.59090909090909,268.75,200-300,20%-30%
Madno,2026-10-01,WK 40,Sarjapura 3,Swiggy,Lunch,FOFO,KA,790.02,189.98,38.0,950.0,0,1,19.997894736842103,790.02,600-900,10%-20%
Madno,2026-10-01,WK 40,Sarjapura 3,Swiggy,Snacks,FOFO,KA,418.2,41.8,19.92,440.0,0,2,9.499999999999998,209.1,200-300,1%-10%
Madno,2026-10-01,WK 40,Sarjapura 3,Zomato,Dinner,FOFO,KA,312.0,50.0,15.6,342.0,0,1,14.619883040935672,312.0,300-400,10%-20%
Madno,2026-10-01,WK 40,Sarjapura 3,Zomato,Snacks,FOFO,KA,200.0,0.0,10.0,190.0,0,1,0.0,200.0,100-200,0%
Frozen Bottle,2026-10-01,WK 40,Sathanur,In Store,Dinner,FOFO,KA,4098.0,0.0,204.92,4098.0,0,14,0.0,292.7142857142857,200-300,0%
Frozen Bottle,2026-10-01,WK 40,Sathanur,In Store,Lunch,FOFO,KA,293.23,0.0,14.68,293.23,0,2,0.0,146.615,100-200,0%
Frozen Bottle,2026-10-01,WK 40,Sathanur,In Store,Snacks,FOFO,KA,237.0,0.0,11.86,237.0,0,2,0.0,118.5,100-200,0%
Frozen Bottle,2026-10-01,WK 40,Sathanur,Swiggy,Dinner,FOFO,KA,4175.82,2019.18,201.32,6045.0,0,16,33.40248138957816,260.98875,200-300,30%-40%
Frozen Bottle,2026-10-01,WK 40,Sathanur,Swiggy,Late Night,FOFO,KA,7536.15,1365.85,365.4,8672.0,0,15,15.750115313653135,502.40999999999997,500-600,10%-20%
Frozen Bottle,2026-10-01,WK 40,Sathanur,Swiggy,Lunch,FOFO,KA,960.5,405.5,47.04,1346.0,0,4,30.12630014858841,240.125,200-300,30%-40%
Frozen Bottle,2026-10-01,WK 40,Sathanur,Swiggy,Snacks,FOFO,KA,1660.55,563.45,78.52,2134.0,0,6,26.40346766635427,276.7583333333333,200-300,20%-30%
Frozen Bottle,2026-10-01,WK 40,Sathanur,Zomato,Breakfast,FOFO,KA,140.0,100.0,7.0,230.0,0,1,43.47826086956522,140.0,100-200,40%-50%
Frozen Bottle,2026-10-01,WK 40,Sathanur,Zomato,Closing,FOFO,KA,505.0,175.0,25.259999999999998,660.0,0,2,26.515151515151516,252.5,200-300,20%-30%
Frozen Bottle,2026-10-01,WK 40,Sathanur,Zomato,Dinner,FOFO,KA,3147.3,1223.7,157.44,4171.0,0,15,29.338288180292498,209.82000000000002,200-300,20%-30%
Frozen Bottle,2026-10-01,WK 40,Sathanur,Zomato,Late Night,FOFO,KA,3169.5,799.5,158.5,3809.0,0,11,20.989761092150168,288.1363636363636,200-300,20%-30%
Frozen Bottle,2026-10-01,WK 40,Sathanur,Zomato,Lunch,FOFO,KA,793.3,334.7,39.68,1078.0,0,5,31.048237476808904,158.66,100-200,30%-40%
Frozen Bottle,2026-10-01,WK 40,Sathanur,Zomato,Snacks,FOFO,KA,3156.3,877.71,157.84,3854.01,0,13,22.77394194618073,242.7923076923077,200-300,20%-30%
Frozen Bottle,2026-10-01,WK 40,Seegehalli,In Store,Closing,FOFO,KA,756.0,0.0,37.8,756.0,0,1,0.0,756.0,600-900,0%
Frozen Bottle,2026-10-01,WK 40,Seegehalli,In Store,Dinner,FOFO,KA,2107.0,0.0,105.4,2107.0,0,9,0.0,234.11111111111111,200-300,0%
Frozen Bottle,2026-10-01,WK 40,Seegehalli,In Store,Lunch,FOFO,KA,398.0,0.0,19.92,398.0,0,2,0.0,199.0,100-200,0%
Frozen Bottle,2026-10-01,WK 40,Seegehalli,In Store,Snacks,FOFO,KA,198.0,0.0,9.9,198.0,0,1,0.0,198.0,100-200,0%
Frozen Bottle,2026-10-01,WK 40,Seegehalli,Swiggy,Dinner,FOFO,KA,2397.02,440.98,115.38,2748.0,0,5,16.04730713245997,479.404,400-500,10%-20%
Frozen Bottle,2026-10-01,WK 40,Seegehalli,Swiggy,Lunch,FOFO,KA,727.51,449.49,35.38,1157.0,0,2,38.84961106309421,363.755,300-400,30%-40%
Frozen Bottle,2026-10-01,WK 40,Seegehalli,Swiggy,Snacks,FOFO,KA,149.0,50.0,7.46,199.0,0,1,25.125628140703515,149.0,100-200,20%-30%
Frozen Bottle,2026-10-01,WK 40,Seegehalli,Zomato,Dinner,FOFO,KA,404.0,175.0,20.22,559.0,0,2,31.305903398926656,202.0,200-300,30%-40%
Boba Bar,2026-10-01,WK 40,Selaiyur,Swiggy,Breakfast,FOFO,TN,70.0,61.0,3.5,131.0,0,1,46.56488549618321,70.0,0-100,40%-50%
Boba Bar,2026-10-01,WK 40,Selaiyur,Swiggy,Dinner,FOFO,TN,391.0,411.0,18.060000000000002,772.0,0,2,53.23834196891192,195.5,100-200,50%-60%
Boba Bar,2026-10-01,WK 40,Selaiyur,Swiggy,Lunch,FOFO,TN,109.0,181.0,4.96,280.0,0,1,64.64285714285715,109.0,100-200,60%-70%
Frozen Bottle,2026-10-01,WK 40,Selaiyur,In Store,Dinner,FOFO,TN,1448.0,0.0,72.44,1448.0,0,5,0.0,289.6,200-300,0%
Frozen Bottle,2026-10-01,WK 40,Selaiyur,In Store,Snacks,FOFO,TN,934.0,0.0,46.72,934.0,0,4,0.0,233.5,200-300,0%
Frozen Bottle,2026-10-01,WK 40,Selaiyur,Swiggy,Closing,FOFO,TN,279.0,1.0,13.96,280.0,0,1,0.35714285714285715,279.0,200-300,1%-10%
Frozen Bottle,2026-10-01,WK 40,Selaiyur,Swiggy,Dinner,FOFO,TN,2383.13,423.87,113.68,2697.0,0,7,15.716351501668521,340.44714285714286,300-400,10%-20%
Frozen Bottle,2026-10-01,WK 40,Selaiyur,Swiggy,Late Night,FOFO,TN,2889.01,260.99,139.46,3050.0,0,5,8.55704918032787,577.802,500-600,1%-10%
Frozen Bottle,2026-10-01,WK 40,Selaiyur,Swiggy,Lunch,FOFO,TN,3076.88,644.12,146.84,3581.0,0,8,17.98715442613795,384.61,300-400,10%-20%
Frozen Bottle,2026-10-01,WK 40,Selaiyur,Swiggy,Snacks,FOFO,TN,1047.51,112.49,50.379999999999995,1120.0,0,3,10.04375,349.17,300-400,10%-20%
Frozen Bottle,2026-10-01,WK 40,Selaiyur,Zomato,Breakfast,FOFO,TN,180.0,100.0,9.0,270.0,0,1,37.03703703703704,180.0,100-200,30%-40%
Frozen Bottle,2026-10-01,WK 40,Selaiyur,Zomato,Dinner,FOFO,TN,1388.4,422.6,69.44,1751.0,0,5,24.13478012564249,277.68,200-300,20%-30%
Frozen Bottle,2026-10-01,WK 40,Selaiyur,Zomato,Late Night,FOFO,TN,160.0,100.0,8.0,250.0,0,1,40.0,160.0,100-200,30%-40%
Frozen Bottle,2026-10-01,WK 40,Selaiyur,Zomato,Lunch,FOFO,TN,1074.3,387.7,53.7,1402.0,0,2,27.653352353780313,537.15,500-600,20%-30%
Frozen Bottle,2026-10-01,WK 40,Selaiyur,Zomato,Snacks,FOFO,TN,280.0,0.0,14.0,270.0,0,1,0.0,280.0,200-300,0%
Madno,2026-10-01,WK 40,Selaiyur,Swiggy,Dinner,FOFO,TN,370.0,76.0,17.5,426.0,0,2,17.84037558685446,185.0,100-200,10%-20%
Madno,2026-10-01,WK 40,Selaiyur,Swiggy,Late Night,FOFO,TN,214.0,76.0,10.2,280.0,0,1,27.142857142857142,214.0,200-300,20%-30%
Frozen Bottle,2026-10-01,WK 40,Sher- E-Punjab,Swiggy,Dinner,COCO,MH,3367.0299999999997,1605.82,159.38,4792.85,0,10,33.5044910648153,336.703,300-400,30%-40%
Frozen Bottle,2026-10-01,WK 40,Sher- E-Punjab,Swiggy,Late Night,COCO,MH,1559.02,882.49,72.5,2331.51,0,6,37.85057752272132,259.83666666666664,200-300,30%-40%
Frozen Bottle,2026-10-01,WK 40,Sher- E-Punjab,Swiggy,Lunch,COCO,MH,1072.01,920.35,50.64,1932.3600000000001,0,5,47.62828872466828,214.402,200-300,40%-50%
Frozen Bottle,2026-10-01,WK 40,Sher- E-Punjab,Swiggy,Snacks,COCO,MH,508.99,208.01,23.96,687.0,0,1,30.27802037845706,508.99,500-600,30%-40%
Frozen Bottle,2026-10-01,WK 40,Sher- E-Punjab,Zomato,Dinner,COCO,MH,3754.3,2980.7,187.76,6515.0,0,10,45.75134305448964,375.43,300-400,40%-50%
Frozen Bottle,2026-10-01,WK 40,Sher- E-Punjab,Zomato,Late Night,COCO,MH,1913.14,927.37,95.74,2720.51,0,8,34.08809377653454,239.1425,200-300,30%-40%
Frozen Bottle,2026-10-01,WK 40,Sher- E-Punjab,Zomato,Lunch,COCO,MH,1754.0,1103.0,87.74,2757.0,0,7,40.007254261878856,250.57142857142858,200-300,40%-50%
Madno,2026-10-01,WK 40,Sher- E-Punjab,Swiggy,Dinner,COCO,MH,1197.03,476.82,56.86,1613.85,0,3,29.545496793382288,399.01,300-400,20%-30%
Madno,2026-10-01,WK 40,Sher- E-Punjab,Swiggy,Late Night,COCO,MH,567.0,424.0,26.880000000000003,961.0,0,3,44.1207075962539,189.0,100-200,40%-50%
Madno,2026-10-01,WK 40,Sher- E-Punjab,Swiggy,Lunch,COCO,MH,208.0,0.0,9.9,198.0,0,1,0.0,208.0,200-300,0%
Madno,2026-10-01,WK 40,Sher- E-Punjab,Zomato,Dinner,COCO,MH,807.0,537.0,40.36,1294.0,0,3,41.49922720247295,269.0,200-300,40%-50%
Madno,2026-10-01,WK 40,Sher- E-Punjab,Zomato,Late Night,COCO,MH,850.0,140.0,42.5,960.0,0,2,14.583333333333334,425.0,400-500,10%-20%
Frozen Bottle,2026-10-01,WK 40,Shivamogga,In Store,Dinner,COCO,KA,707.46,0.0,35.4,707.46,0,3,0.0,235.82000000000002,200-300,0%
Frozen Bottle,2026-10-01,WK 40,Shivamogga,In Store,Lunch,COCO,KA,553.05,0.0,27.66,553.05,0,2,0.0,276.525,200-300,0%
Frozen Bottle,2026-10-01,WK 40,Shivamogga,In Store,Snacks,COCO,KA,1218.23,0.0,60.94,1218.23,0,5,0.0,243.64600000000002,200-300,0%
Frozen Bottle,2026-10-01,WK 40,Shivamogga,Swiggy,Dinner,COCO,KA,2521.65,1664.99,118.64,4036.64,0,11,41.246928138253594,229.2409090909091,200-300,40%-50%
Frozen Bottle,2026-10-01,WK 40,Shivamogga,Swiggy,Lunch,COCO,KA,1665.01,947.99,79.28,2533.0,0,5,37.4255823134623,333.002,300-400,30%-40%
Frozen Bottle,2026-10-01,WK 40,Shivamogga,Swiggy,Snacks,COCO,KA,283.0,248.0,13.16,511.0,0,2,48.53228962818004,141.5,100-200,40%-50%
Frozen Bottle,2026-10-01,WK 40,Shivamogga,Zomato,Dinner,COCO,KA,509.0,409.0,25.46,888.0,0,2,46.05855855855856,254.5,200-300,40%-50%
Frozen Bottle,2026-10-01,WK 40,Shivamogga,Zomato,Lunch,COCO,KA,300.0,280.0,15.0,560.0,0,1,50.0,300.0,200-300,40%-50%
Frozen Bottle,2026-10-01,WK 40,Shivamogga,Zomato,Snacks,COCO,KA,1358.9,1380.1,67.98,2649.0,0,4,52.09890524726312,339.725,300-400,50%-60%
Frozen Bottle,2026-10-01,WK 40,Sholinganallur,In Store,Breakfast,FOFO,TN,507.0,0.0,25.36,507.0,0,1,0.0,507.0,500-600,0%
Frozen Bottle,2026-10-01,WK 40,Sholinganallur,In Store,Dinner,FOFO,TN,1889.33,0.0,94.5,1889.33,0,9,0.0,209.92555555555555,200-300,0%
Frozen Bottle,2026-10-01,WK 40,Sholinganallur,In Store,Lunch,FOFO,TN,1500.0,0.0,75.04,1500.0,0,7,0.0,214.28571428571428,200-300,0%
Frozen Bottle,2026-10-01,WK 40,Sholinganallur,In Store,Snacks,FOFO,TN,1112.0,0.0,55.62,1112.0,0,5,0.0,222.4,200-300,0%
Frozen Bottle,2026-10-01,WK 40,Sholinganallur,Swiggy,Dinner,FOFO,TN,1712.0,386.0,81.6,2018.0,0,4,19.127849355797817,428.0,400-500,10%-20%
Frozen Bottle,2026-10-01,WK 40,Sholinganallur,Swiggy,Lunch,FOFO,TN,268.0,90.0,12.4,338.0,0,1,26.627218934911244,268.0,200-300,20%-30%
Frozen Bottle,2026-10-01,WK 40,Sholinganallur,Swiggy,Snacks,FOFO,TN,1180.92,438.08000000000004,57.06,1579.0,0,3,27.744141861937937,393.64000000000004,300-400,20%-30%
Frozen Bottle,2026-10-01,WK 40,Sholinganallur,Zomato,Dinner,FOFO,TN,1347.0,200.0,67.38,1487.0,0,3,13.449899125756556,449.0,400-500,10%-20%
Frozen Bottle,2026-10-01,WK 40,Sholinganallur,Zomato,Lunch,FOFO,TN,563.33,150.0,28.16,683.33,0,1,21.95132659183703,563.33,500-600,20%-30%
Frozen Bottle,2026-10-01,WK 40,Sholinganallur,Zomato,Snacks,FOFO,TN,240.0,50.0,12.0,280.0,0,1,17.857142857142858,240.0,200-300,10%-20%
Frozen Bottle,2026-10-01,WK 40,Silchar,In Store,Snacks,FOFO,ROI,69.0,0.0,3.46,69.0,0,1,0.0,69.0,0-100,0%
Frozen Bottle,2026-10-01,WK 40,Silchar,Swiggy,Dinner,FOFO,ROI,549.5,112.5,26.48,642.0,0,2,17.523364485981308,274.75,200-300,10%-20%
Madno,2026-10-01,WK 40,Silchar,Swiggy,Dinner,FOFO,ROI,613.4,418.6,28.18,982.0,0,2,42.62729124236253,306.7,300-400,40%-50%
Boba Bar,2026-10-01,WK 40,Sinhagad,Swiggy,Dinner,COCO,MH,889.5,598.5,41.480000000000004,1428.0,0,2,41.911764705882355,444.75,400-500,40%-50%
Boba Bar,2026-10-01,WK 40,Sinhagad,Swiggy,Lunch,COCO,MH,169.0,112.0,8.46,281.0,0,1,39.8576512455516,169.0,100-200,30%-40%
Boba Bar,2026-10-01,WK 40,Sinhagad,Zomato,Dinner,COCO,MH,300.0,280.0,15.0,560.0,0,1,50.0,300.0,200-300,40%-50%
Boba Bar,2026-10-01,WK 40,Sinhagad,Zomato,Lunch,COCO,MH,929.0,300.0,46.46,1179.0,0,1,25.44529262086514,929.0,>900,20%-30%
Frozen Bottle,2026-10-01,WK 40,Sinhagad,In Store,Dinner,COCO,MH,1404.0,0.0,70.24000000000001,1404.0,0,5,0.0,280.8,200-300,0%
Frozen Bottle,2026-10-01,WK 40,Sinhagad,In Store,Lunch,COCO,MH,309.0,0.0,15.46,309.0,0,1,0.0,309.0,300-400,0%
Frozen Bottle,2026-10-01,WK 40,Sinhagad,In Store,Snacks,COCO,MH,756.0,507.0,37.82,1263.0,0,4,40.142517814726844,189.0,100-200,40%-50%
Frozen Bottle,2026-10-01,WK 40,Sinhagad,Swiggy,Breakfast,COCO,MH,357.0,186.0,16.36,513.0,0,1,36.25730994152047,357.0,300-400,30%-40%
Frozen Bottle,2026-10-01,WK 40,Sinhagad,Swiggy,Closing,COCO,MH,165.0,126.0,7.76,281.0,0,1,44.83985765124555,165.0,100-200,40%-50%
Frozen Bottle,2026-10-01,WK 40,Sinhagad,Swiggy,Dinner,COCO,MH,2544.26,1502.74,120.24,3907.0,0,10,38.46275915024315,254.42600000000002,200-300,30%-40%
Frozen Bottle,2026-10-01,WK 40,Sinhagad,Swiggy,Late Night,COCO,MH,497.26,558.74,22.36,1006.0,0,4,55.540755467196824,124.315,100-200,50%-60%
Frozen Bottle,2026-10-01,WK 40,Sinhagad,Swiggy,Lunch,COCO,MH,1488.0,1297.0,69.96000000000001,2695.0,0,9,48.12615955473098,165.33333333333334,100-200,40%-50%
Frozen Bottle,2026-10-01,WK 40,Sinhagad,Swiggy,Snacks,COCO,MH,365.0,324.0,16.759999999999998,659.0,0,2,49.165402124430955,182.5,100-200,40%-50%
Frozen Bottle,2026-10-01,WK 40,Sinhagad,Zomato,Dinner,COCO,MH,7543.5,5281.5,377.26,12365.0,0,22,42.7133036797412,342.8863636363636,300-400,40%-50%
Frozen Bottle,2026-10-01,WK 40,Sinhagad,Zomato,Late Night,COCO,MH,1034.0,645.0,51.72,1619.0,0,2,39.839407041383566,517.0,500-600,30%-40%
Frozen Bottle,2026-10-01,WK 40,Sinhagad,Zomato,Lunch,COCO,MH,1339.0,1040.0,66.97999999999999,2289.0,0,5,45.4346876365225,267.8,200-300,40%-50%
Frozen Bottle,2026-10-01,WK 40,Sinhagad,Zomato,Snacks,COCO,MH,2798.3,2468.7,139.92000000000002,5087.0,0,9,48.52958521722036,310.9222222222222,300-400,40%-50%
Madno,2026-10-01,WK 40,Sinhagad,Swiggy,Dinner,COCO,MH,1472.03,876.97,70.64,2289.0,0,5,38.312363477501094,294.406,200-300,30%-40%
Madno,2026-10-01,WK 40,Sinhagad,Swiggy,Late Night,COCO,MH,99.0,92.0,4.96,191.0,0,1,48.167539267015705,99.0,0-100,40%-50%
Madno,2026-10-01,WK 40,Sinhagad,Swiggy,Snacks,COCO,MH,575.0,482.0,26.26,1007.0,0,3,47.86494538232373,191.66666666666666,100-200,40%-50%
Madno,2026-10-01,WK 40,Sinhagad,Zomato,Dinner,COCO,MH,541.0,140.0,27.06,651.0,0,1,21.50537634408602,541.0,500-600,20%-30%
Madno,2026-10-01,WK 40,Sinhagad,Zomato,Late Night,COCO,MH,215.0,75.0,10.76,280.0,0,1,26.785714285714285,215.0,200-300,20%-30%
Madno,2026-10-01,WK 40,Sinhagad,Zomato,Lunch,COCO,MH,305.5,95.5,15.28,381.0,0,1,25.065616797900265,305.5,300-400,20%-30%
Boba Bar,2026-10-01,WK 40,Tata Sherwood,Ownly,Snacks,COCO,KA,268.0,0.0,13.4,268.0,0,1,0.0,268.0,200-300,0%
Boba Bar,2026-10-01,WK 40,Tata Sherwood,Swiggy,Late Night,COCO,KA,137.0,133.0,6.36,260.0,0,1,51.153846153846146,137.0,100-200,50%-60%
Frozen Bottle,2026-10-01,WK 40,Tata Sherwood,In Store,Dinner,COCO,KA,5251.2,31.9,262.7,5283.1,0,24,0.6038121557418938,218.79999999999998,200-300,1%-10%
Frozen Bottle,2026-10-01,WK 40,Tata Sherwood,In Store,Late Night,COCO,KA,187.0,0.0,9.36,187.0,0,2,0.0,93.5,0-100,0%
Frozen Bottle,2026-10-01,WK 40,Tata Sherwood,In Store,Lunch,COCO,KA,1030.14,0.0,51.54,1030.14,0,6,0.0,171.69000000000003,100-200,0%
Frozen Bottle,2026-10-01,WK 40,Tata Sherwood,In Store,Snacks,COCO,KA,5420.89,1094.0,271.1,6514.89,0,15,16.79230194216633,361.3926666666667,300-400,10%-20%
Frozen Bottle,2026-10-01,WK 40,Tata Sherwood,Ownly,Dinner,COCO,KA,842.4,0.0,42.14,842.4,0,3,0.0,280.8,200-300,0%
Frozen Bottle,2026-10-01,WK 40,Tata Sherwood,Ownly,Late Night,COCO,KA,297.0,0.0,14.86,297.0,0,2,0.0,148.5,100-200,0%
Frozen Bottle,2026-10-01,WK 40,Tata Sherwood,Swiggy,Breakfast,COCO,KA,544.0,227.0,26.220000000000002,751.0,0,2,30.22636484687084,272.0,200-300,30%-40%
Frozen Bottle,2026-10-01,WK 40,Tata Sherwood,Swiggy,Dinner,COCO,KA,6487.58,4010.42,307.46,10158.0,0,23,39.48040952943493,282.0686956521739,200-300,30%-40%
Frozen Bottle,2026-10-01,WK 40,Tata Sherwood,Swiggy,Late Night,COCO,KA,1546.0,457.0,74.34,1943.0,0,5,23.520329387545033,309.2,300-400,20%-30%
Frozen Bottle,2026-10-01,WK 40,Tata Sherwood,Swiggy,Lunch,COCO,KA,2128.0,1056.0,100.94,3074.0,0,7,34.35263500325309,304.0,300-400,30%-40%
Frozen Bottle,2026-10-01,WK 40,Tata Sherwood,Swiggy,Snacks,COCO,KA,2956.0,1721.0,139.88,4517.0,0,10,38.100509187513836,295.6,200-300,30%-40%
Frozen Bottle,2026-10-01,WK 40,Tata Sherwood,Zomato,Dinner,COCO,KA,5030.9,4381.1,251.64000000000001,9072.0,0,19,48.292548500881836,264.78421052631575,200-300,40%-50%
Frozen Bottle,2026-10-01,WK 40,Tata Sherwood,Zomato,Late Night,COCO,KA,1545.5,803.5,77.28,2269.0,0,7,35.41207580431908,220.78571428571428,200-300,30%-40%
Frozen Bottle,2026-10-01,WK 40,Tata Sherwood,Zomato,Lunch,COCO,KA,1891.5,1506.5,94.62,3258.0,0,9,46.240024554941684,210.16666666666666,200-300,40%-50%
Frozen Bottle,2026-10-01,WK 40,Tata Sherwood,Zomato,Snacks,COCO,KA,2484.2,2227.8,124.26,4542.0,0,9,49.04887714663144,276.0222222222222,200-300,40%-50%
Madno,2026-10-01,WK 40,Tata Sherwood,Ownly,Dinner,COCO,KA,357.0,0.0,17.88,357.0,0,3,0.0,119.0,100-200,0%
Madno,2026-10-01,WK 40,Tata Sherwood,Swiggy,Dinner,COCO,KA,978.01,544.99,45.94,1463.0,0,4,37.251537935748466,244.5025,200-300,30%-40%
Madno,2026-10-01,WK 40,Tata Sherwood,Swiggy,Late Night,COCO,KA,524.0,130.0,24.700000000000003,624.0,0,3,20.833333333333336,174.66666666666666,100-200,20%-30%
Madno,2026-10-01,WK 40,Tata Sherwood,Swiggy,Lunch,COCO,KA,380.0,76.0,19.0,456.0,0,1,16.666666666666664,380.0,300-400,10%-20%
Madno,2026-10-01,WK 40,Tata Sherwood,Zomato,Dinner,COCO,KA,2068.2,390.46000000000004,103.48,2318.66,0,9,16.839898907127395,229.79999999999998,200-300,10%-20%
Madno,2026-10-01,WK 40,Tata Sherwood,Zomato,Late Night,COCO,KA,566.0,50.0,28.299999999999997,586.0,0,2,8.532423208191126,283.0,200-300,1%-10%
Madno,2026-10-01,WK 40,Tata Sherwood,Zomato,Lunch,COCO,KA,536.0,80.0,26.8,586.0,0,2,13.651877133105803,268.0,200-300,10%-20%
Boba Bar,2026-10-01,WK 40,Thakur Village,Zomato,Snacks,COCO,MH,240.0,50.0,12.0,280.0,0,1,17.857142857142858,240.0,200-300,10%-20%
Frozen Bottle,2026-10-01,WK 40,Thakur Village,In Store,Dinner,COCO,MH,181.02,175.98000000000002,9.04,357.0,0,3,49.294117647058826,60.34,0-100,40%-50%
Frozen Bottle,2026-10-01,WK 40,Thakur Village,In Store,Lunch,COCO,MH,1809.0,0.0,90.47999999999999,1809.0,0,4,0.0,452.25,400-500,0%
Frozen Bottle,2026-10-01,WK 40,Thakur Village,In Store,Snacks,COCO,MH,407.0,0.0,20.380000000000003,407.0,0,3,0.0,135.66666666666666,100-200,0%
Frozen Bottle,2026-10-01,WK 40,Thakur Village,Others,Snacks,COCO,MH,480.0,0.0,24.0,460.0,0,1,0.0,480.0,400-500,0%
Frozen Bottle,2026-10-01,WK 40,Thakur Village,Swiggy,Closing,COCO,MH,524.01,134.99,25.2,639.0,0,1,21.125195618153366,524.01,500-600,20%-30%
Frozen Bottle,2026-10-01,WK 40,Thakur Village,Swiggy,Dinner,COCO,MH,2272.0,1580.0,108.1,3742.0,0,6,42.22340994120791,378.6666666666667,300-400,40%-50%
Frozen Bottle,2026-10-01,WK 40,Thakur Village,Swiggy,Late Night,COCO,MH,416.0,225.0,19.799999999999997,621.0,0,2,36.231884057971016,208.0,200-300,30%-40%
Frozen Bottle,2026-10-01,WK 40,Thakur Village,Swiggy,Lunch,COCO,MH,1095.0,573.0,53.26,1638.0,0,4,34.98168498168498,273.75,200-300,30%-40%
Frozen Bottle,2026-10-01,WK 40,Thakur Village,Swiggy,Snacks,COCO,MH,1515.01,427.99,73.26,1893.0,0,3,22.60908610670893,505.00333333333333,500-600,20%-30%
Frozen Bottle,2026-10-01,WK 40,Thakur Village,Zomato,Closing,COCO,MH,300.0,280.0,15.0,560.0,0,1,50.0,300.0,200-300,40%-50%
Frozen Bottle,2026-10-01,WK 40,Thakur Village,Zomato,Dinner,COCO,MH,7138.02,5446.98,356.98,12175.0,0,19,44.739055441478435,375.6852631578948,300-400,40%-50%
Frozen Bottle,2026-10-01,WK 40,Thakur Village,Zomato,Late Night,COCO,MH,938.3299999999999,425.0,46.92,1313.33,0,4,32.3604882245894,234.58249999999998,200-300,30%-40%
Frozen Bottle,2026-10-01,WK 40,Thakur Village,Zomato,Lunch,COCO,MH,1261.0,858.0,63.08,2049.0,0,4,41.874084919472914,315.25,300-400,40%-50%
Frozen Bottle,2026-10-01,WK 40,Thakur Village,Zomato,Snacks,COCO,MH,2655.0,2093.0,132.78,4568.0,0,9,45.81873905429072,295.0,200-300,40%-50%
Madno,2026-10-01,WK 40,Thakur Village,Swiggy,Dinner,COCO,MH,1268.01,470.99,60.42,1679.0,0,3,28.05181655747469,422.67,400-500,20%-30%
Madno,2026-10-01,WK 40,Thakur Village,Swiggy,Late Night,COCO,MH,715.0,624.0,32.760000000000005,1279.0,0,3,48.78811571540266,238.33333333333334,200-300,40%-50%
Madno,2026-10-01,WK 40,Thakur Village,Swiggy,Lunch,COCO,MH,270.0,100.0,12.5,350.0,0,1,28.57142857142857,270.0,200-300,20%-30%
Madno,2026-10-01,WK 40,Thakur Village,Swiggy,Snacks,COCO,MH,90.0,140.0,4.0,220.0,0,1,63.63636363636363,90.0,0-100,60%-70%
Madno,2026-10-01,WK 40,Thakur Village,Zomato,Snacks,COCO,MH,311.0,291.0,15.56,582.0,0,1,50.0,311.0,300-400,40%-50%
Frozen Bottle,2026-10-01,WK 40,Thanjavur,In Store,Dinner,FOFO,TN,5162.74,0.0,258.15999999999997,5162.74,0,11,0.0,469.34,400-500,0%
Frozen Bottle,2026-10-01,WK 40,Thanjavur,In Store,Lunch,FOFO,TN,2113.0,0.0,105.66,2113.0,0,5,0.0,422.6,400-500,0%
Frozen Bottle,2026-10-01,WK 40,Thanjavur,In Store,Snacks,FOFO,TN,1565.0,0.0,78.26,1565.0,0,2,0.0,782.5,600-900,0%
Frozen Bottle,2026-10-01,WK 40,Thanjavur,Swiggy,Breakfast,FOFO,TN,159.25,49.75,7.46,199.0,0,1,25.0,159.25,100-200,20%-30%
Frozen Bottle,2026-10-01,WK 40,Thanjavur,Swiggy,Closing,FOFO,TN,235.0,65.0,11.26,290.0,0,1,22.413793103448278,235.0,200-300,20%-30%
Frozen Bottle,2026-10-01,WK 40,Thanjavur,Swiggy,Dinner,FOFO,TN,2246.06,520.9399999999999,107.82000000000001,2677.0,0,5,19.459843107956665,449.212,400-500,10%-20%
Frozen Bottle,2026-10-01,WK 40,Thanjavur,Swiggy,Lunch,FOFO,TN,1104.0,305.0,52.7,1359.0,0,4,22.442972774098603,276.0,200-300,20%-30%
Frozen Bottle,2026-10-01,WK 40,Thanjavur,Swiggy,Snacks,FOFO,TN,2085.76,422.24,99.82000000000001,2418.0,0,7,17.462365591397848,297.96571428571434,200-300,10%-20%
Frozen Bottle,2026-10-01,WK 40,Thanjavur,Zomato,Dinner,FOFO,TN,894.8,216.2,44.739999999999995,1081.0,0,2,20.0,447.4,400-500,10%-20%
Frozen Bottle,2026-10-01,WK 40,Thanjavur,Zomato,Snacks,FOFO,TN,1297.4,259.6,64.88000000000001,1497.0,0,3,17.341349365397463,432.4666666666667,400-500,10%-20%
Frozen Bottle,2026-10-01,WK 40,Thiruvalla,In Store,Dinner,COCO,Kerela,943.0,0.0,47.18,943.0,0,4,0.0,235.75,200-300,0%
Frozen Bottle,2026-10-01,WK 40,Thiruvalla,In Store,Lunch,COCO,Kerela,2127.0,0.0,106.4,2127.0,0,7,0.0,303.85714285714283,300-400,0%
Frozen Bottle,2026-10-01,WK 40,Thiruvalla,In Store,Snacks,COCO,Kerela,1674.23,0.0,83.74,1674.23,0,7,0.0,239.1757142857143,200-300,0%
Frozen Bottle,2026-10-01,WK 40,Thiruvalla,Swiggy,Dinner,COCO,Kerela,2197.0,845.0,103.38,2912.0,0,5,29.017857142857146,439.4,400-500,20%-30%
Frozen Bottle,2026-10-01,WK 40,Thiruvalla,Swiggy,Lunch,COCO,Kerela,1116.0,781.0,51.82,1817.0,0,4,42.98293891029169,279.0,200-300,40%-50%
Frozen Bottle,2026-10-01,WK 40,Thiruvalla,Swiggy,Snacks,COCO,Kerela,1059.26,1022.74,47.980000000000004,1982.0,0,6,51.60141271442987,176.54333333333332,100-200,50%-60%
Frozen Bottle,2026-10-01,WK 40,Thiruvalla,Zomato,Dinner,COCO,Kerela,880.0,662.0,44.0,1482.0,0,3,44.6693657219973,293.3333333333333,200-300,40%-50%
Frozen Bottle,2026-10-01,WK 40,Thiruvalla,Zomato,Lunch,COCO,Kerela,1389.0,801.0,69.48,2110.0,0,4,37.96208530805687,347.25,300-400,30%-40%
Frozen Bottle,2026-10-01,WK 40,Thiruvalla,Zomato,Snacks,COCO,Kerela,875.0,105.0,43.74,950.0,0,1,11.052631578947368,875.0,600-900,10%-20%
Madno,2026-10-01,WK 40,Thiruvalla,Swiggy,Dinner,COCO,Kerela,1263.0,846.0,58.660000000000004,2019.0,0,6,41.90193164933135,210.5,200-300,40%-50%
Madno,2026-10-01,WK 40,Thiruvalla,Swiggy,Lunch,COCO,Kerela,3078.04,1511.96,141.94,4350.0,0,8,34.75770114942529,384.755,300-400,30%-40%
Madno,2026-10-01,WK 40,Thiruvalla,Swiggy,Snacks,COCO,Kerela,1036.0,873.0,47.3,1819.0,0,5,47.9934029686641,207.2,200-300,40%-50%
Madno,2026-10-01,WK 40,Thiruvalla,Zomato,Dinner,COCO,Kerela,820.55,560.45,41.02,1331.0,0,3,42.10743801652893,273.51666666666665,200-300,40%-50%
Madno,2026-10-01,WK 40,Thiruvalla,Zomato,Lunch,COCO,Kerela,131.0,80.0,6.56,201.0,0,1,39.800995024875625,131.0,100-200,30%-40%
Madno,2026-10-01,WK 40,Thiruvalla,Zomato,Snacks,COCO,Kerela,305.0,105.0,15.26,400.0,0,1,26.25,305.0,300-400,20%-30%
Boba Bar,2026-10-01,WK 40,Thiruvananthpuram,Swiggy,Dinner,FOFO,Kerela,291.0,0.0,14.06,281.0,0,1,0.0,291.0,200-300,0%
Frozen Bottle,2026-10-01,WK 40,Thiruvananthpuram,In Store,Breakfast,FOFO,Kerela,189.0,0.0,9.46,189.0,0,1,0.0,189.0,100-200,0%
Frozen Bottle,2026-10-01,WK 40,Thiruvananthpuram,In Store,Dinner,FOFO,Kerela,2192.5,0.0,109.68,2192.5,0,10,0.0,219.25,200-300,0%
Frozen Bottle,2026-10-01,WK 40,Thiruvananthpuram,In Store,Late Night,FOFO,Kerela,685.0,0.0,34.260000000000005,685.0,0,3,0.0,228.33333333333334,200-300,0%
Frozen Bottle,2026-10-01,WK 40,Thiruvananthpuram,In Store,Lunch,FOFO,Kerela,517.0,0.0,25.880000000000003,517.0,0,3,0.0,172.33333333333334,100-200,0%
Frozen Bottle,2026-10-01,WK 40,Thiruvananthpuram,In Store,Snacks,FOFO,Kerela,527.0,0.0,26.380000000000003,527.0,0,3,0.0,175.66666666666666,100-200,0%
Frozen Bottle,2026-10-01,WK 40,Thiruvananthpuram,Swiggy,Breakfast,FOFO,Kerela,321.0,0.0,15.56,311.0,0,1,0.0,321.0,300-400,0%
Frozen Bottle,2026-10-01,WK 40,Thiruvananthpuram,Swiggy,Dinner,FOFO,Kerela,3102.0,717.0,148.16,3679.0,0,10,19.488991573797225,310.2,300-400,10%-20%
Frozen Bottle,2026-10-01,WK 40,Thiruvananthpuram,Swiggy,Late Night,FOFO,Kerela,1918.0,243.0,91.92,2081.0,0,4,11.677078327727054,479.5,400-500,10%-20%
Frozen Bottle,2026-10-01,WK 40,Thiruvananthpuram,Swiggy,Lunch,FOFO,Kerela,2030.0,1310.0,95.52000000000001,3220.0,0,8,40.683229813664596,253.75,200-300,40%-50%
Frozen Bottle,2026-10-01,WK 40,Thiruvananthpuram,Swiggy,Snacks,FOFO,Kerela,1216.0,382.0,57.84,1538.0,0,5,24.83745123537061,243.2,200-300,20%-30%
Frozen Bottle,2026-10-01,WK 40,Thiruvananthpuram,Zomato,Breakfast,FOFO,Kerela,309.0,0.0,15.46,299.0,0,1,0.0,309.0,300-400,0%
Frozen Bottle,2026-10-01,WK 40,Thiruvananthpuram,Zomato,Dinner,FOFO,Kerela,240.0,0.0,12.0,230.0,0,1,0.0,240.0,200-300,0%
Frozen Bottle,2026-10-01,WK 40,Thiruvananthpuram,Zomato,Lunch,FOFO,Kerela,190.0,0.0,9.5,180.0,0,1,0.0,190.0,100-200,0%
Frozen Bottle,2026-10-01,WK 40,Thiruvananthpuram,Zomato,Snacks,FOFO,Kerela,589.0,0.0,29.46,569.0,0,2,0.0,294.5,200-300,0%
Madno,2026-10-01,WK 40,Thiruvananthpuram,Swiggy,Dinner,FOFO,Kerela,298.0,82.0,14.9,380.0,0,1,21.578947368421055,298.0,200-300,20%-30%
Madno,2026-10-01,WK 40,Thiruvananthpuram,Swiggy,Late Night,FOFO,Kerela,1757.0,81.0,83.86,1758.0,0,4,4.607508532423208,439.25,400-500,1%-10%
Madno,2026-10-01,WK 40,Thiruvananthpuram,Swiggy,Snacks,FOFO,Kerela,828.0,81.0,39.42,869.0,0,2,9.321058688147296,414.0,400-500,1%-10%
Madno,2026-10-01,WK 40,Thiruvananthpuram,Zomato,Snacks,FOFO,Kerela,402.0,0.0,20.12,382.0,0,2,0.0,201.0,200-300,0%
Frozen Bottle,2026-10-01,WK 40,Thoraipakkam,In Store,Dinner,COCO,TN,1063.0,0.0,53.18,1063.0,0,5,0.0,212.6,200-300,0%
Frozen Bottle,2026-10-01,WK 40,Thoraipakkam,In Store,Lunch,COCO,TN,964.0,0.0,48.22,964.0,0,3,0.0,321.3333333333333,300-400,0%
Frozen Bottle,2026-10-01,WK 40,Thoraipakkam,In Store,Snacks,COCO,TN,485.0,0.0,24.259999999999998,485.0,0,3,0.0,161.66666666666666,100-200,0%
Frozen Bottle,2026-10-01,WK 40,Thoraipakkam,Swiggy,Dinner,COCO,TN,3505.02,1852.98,164.78,5148.0,0,10,35.994172494172496,350.502,300-400,30%-40%
Frozen Bottle,2026-10-01,WK 40,Thoraipakkam,Swiggy,Lunch,COCO,TN,1289.01,722.99,60.98,1942.0,0,5,37.22914521112256,257.802,200-300,30%-40%
Frozen Bottle,2026-10-01,WK 40,Thoraipakkam,Swiggy,Snacks,COCO,TN,955.0,801.0,44.26,1686.0,0,5,47.50889679715303,191.0,100-200,40%-50%
Frozen Bottle,2026-10-01,WK 40,Thoraipakkam,Zomato,Dinner,COCO,TN,1749.9,1488.1,87.53999999999999,3128.0,0,5,47.5735294117647,349.98,300-400,40%-50%
Frozen Bottle,2026-10-01,WK 40,Thoraipakkam,Zomato,Lunch,COCO,TN,2312.0,1225.0,115.66,3427.0,0,6,35.745550043770066,385.3333333333333,300-400,30%-40%
Frozen Bottle,2026-10-01,WK 40,Thoraipakkam,Zomato,Snacks,COCO,TN,1468.0,855.0,73.42,2233.0,0,5,38.28929690998656,293.6,200-300,30%-40%
Madno,2026-10-01,WK 40,Thoraipakkam,Swiggy,Late Night,COCO,TN,98.0,140.0,4.4,228.0,0,1,61.40350877192983,98.0,0-100,60%-70%
Frozen Bottle,2026-10-01,WK 40,Tirunelveli,In Store,Dinner,FOFO,TN,4361.0,0.0,218.1,4361.0,0,14,0.0,311.5,300-400,0%
Frozen Bottle,2026-10-01,WK 40,Tirunelveli,In Store,Lunch,FOFO,TN,1596.46,0.0,79.84,1596.46,0,7,0.0,228.06571428571428,200-300,0%
Frozen Bottle,2026-10-01,WK 40,Tirunelveli,In Store,Snacks,FOFO,TN,3667.0,0.0,183.4,3667.0,0,10,0.0,366.7,300-400,0%
Frozen Bottle,2026-10-01,WK 40,Tirunelveli,Swiggy,Dinner,FOFO,TN,649.0,0.0,31.46,629.0,0,2,0.0,324.5,300-400,0%
Frozen Bottle,2026-10-01,WK 40,Tirunelveli,Swiggy,Lunch,FOFO,TN,560.0,0.0,27.0,540.0,0,1,0.0,560.0,500-600,0%
Frozen Bottle,2026-10-01,WK 40,Tirunelveli,Swiggy,Snacks,FOFO,TN,1307.0,0.0,62.86,1257.0,0,2,0.0,653.5,600-900,0%
Frozen Bottle,2026-10-01,WK 40,Tirunelveli,Zomato,Dinner,FOFO,TN,567.0,0.0,28.36,547.0,0,1,0.0,567.0,500-600,0%
Frozen Bottle,2026-10-01,WK 40,Tirunelveli,Zomato,Snacks,FOFO,TN,1644.0,0.0,82.26,1574.0,0,4,0.0,411.0,400-500,0%
Frozen Bottle,2026-10-01,WK 40,Tirupati,In Store,Breakfast,FOFO,AP & TL,428.0,0.0,21.4,428.0,0,1,0.0,428.0,400-500,0%
Frozen Bottle,2026-10-01,WK 40,Tirupati,In Store,Dinner,FOFO,AP & TL,7218.05,0.0,360.98,7218.05,0,19,0.0,379.89736842105265,300-400,0%
Frozen Bottle,2026-10-01,WK 40,Tirupati,In Store,Lunch,FOFO,AP & TL,1845.23,0.0,92.3,1845.23,0,7,0.0,263.6042857142857,200-300,0%
Frozen Bottle,2026-10-01,WK 40,Tirupati,In Store,Snacks,FOFO,AP & TL,2165.23,0.0,108.3,2165.23,0,10,0.0,216.523,200-300,0%
Frozen Bottle,2026-10-01,WK 40,Tirupati,Swiggy,Dinner,FOFO,AP & TL,1110.1,118.9,53.52,1189.0,0,3,10.0,370.0333333333333,300-400,1%-10%
Frozen Bottle,2026-10-01,WK 40,Tirupati,Swiggy,Lunch,FOFO,AP & TL,614.0,66.0,29.7,660.0,0,1,10.0,614.0,600-900,1%-10%
Frozen Bottle,2026-10-01,WK 40,Tirupati,Swiggy,Snacks,FOFO,AP & TL,628.9,33.1,30.46,642.0,0,2,5.15576323987539,314.45,300-400,1%-10%
Frozen Bottle,2026-10-01,WK 40,Tirupati,Zomato,Dinner,FOFO,AP & TL,541.1,57.9,27.060000000000002,579.0,0,2,10.0,270.55,200-300,1%-10%
Frozen Bottle,2026-10-01,WK 40,Tirupati,Zomato,Lunch,FOFO,AP & TL,307.0,33.0,15.36,330.0,0,1,10.0,307.0,300-400,1%-10%
Frozen Bottle,2026-10-01,WK 40,Tirupati,Zomato,Snacks,FOFO,AP & TL,253.0,27.0,12.66,270.0,0,1,10.0,253.0,200-300,1%-10%
Frozen Bottle,2026-10-01,WK 40,Tirupati-2,In Store,Dinner,FOFO,AP & TL,4399.23,0.0,220.06,4399.23,0,14,0.0,314.23071428571427,300-400,0%
Frozen Bottle,2026-10-01,WK 40,Tirupati-2,In Store,Lunch,FOFO,AP & TL,2640.0,0.0,132.04,2640.0,0,11,0.0,240.0,200-300,0%
Frozen Bottle,2026-10-01,WK 40,Tirupati-2,In Store,Snacks,FOFO,AP & TL,1916.0,0.0,95.88,1916.0,0,9,0.0,212.88888888888889,200-300,0%
Frozen Bottle,2026-10-01,WK 40,Tirupati-2,Swiggy,Dinner,FOFO,AP & TL,793.2,84.8,38.18,848.0,0,3,10.0,264.40000000000003,200-300,1%-10%
Frozen Bottle,2026-10-01,WK 40,Tirupati-2,Swiggy,Lunch,FOFO,AP & TL,1048.1,79.9,50.92,1098.0,0,3,7.276867030965392,349.3666666666666,300-400,1%-10%
Frozen Bottle,2026-10-01,WK 40,Tirupati-2,Swiggy,Snacks,FOFO,AP & TL,1375.6,96.4,66.28,1422.0,0,2,6.779184247538677,687.8,600-900,1%-10%
Frozen Bottle,2026-10-01,WK 40,Tirupati-2,Zomato,Dinner,FOFO,AP & TL,1911.8,148.2,95.62,1990.0,0,3,7.447236180904522,637.2666666666667,600-900,1%-10%
Frozen Bottle,2026-10-01,WK 40,Tirupati-2,Zomato,Lunch,FOFO,AP & TL,551.0,59.0,27.560000000000002,590.0,0,2,10.0,275.5,200-300,1%-10%
Frozen Bottle,2026-10-01,WK 40,Tirupati-2,Zomato,Snacks,FOFO,AP & TL,538.4,57.6,26.92,576.0,0,1,10.0,538.4,500-600,1%-10%
Frozen Bottle,2026-10-01,WK 40,Tiruvallur,In Store,Dinner,FOFO,TN,837.23,0.0,41.88,837.23,0,5,0.0,167.446,100-200,0%
Frozen Bottle,2026-10-01,WK 40,Tiruvallur,In Store,Lunch,FOFO,TN,525.0,0.0,26.259999999999998,525.0,0,2,0.0,262.5,200-300,0%
Frozen Bottle,2026-10-01,WK 40,Tiruvallur,In Store,Snacks,FOFO,TN,1580.0,0.0,79.0,1580.0,0,3,0.0,526.6666666666666,500-600,0%
Frozen Bottle,2026-10-01,WK 40,Tiruvallur,Swiggy,Dinner,FOFO,TN,209.0,0.0,9.96,199.0,0,1,0.0,209.0,200-300,0%
Frozen Bottle,2026-10-01,WK 40,Tiruvallur,Zomato,Dinner,FOFO,TN,787.0,150.01,39.38,897.01,0,2,16.723336417654206,393.5,300-400,10%-20%
Frozen Bottle,2026-10-01,WK 40,Tiruvallur,Zomato,Lunch,FOFO,TN,1568.0,0.0,78.42,1508.0,0,4,0.0,392.0,300-400,0%
Frozen Bottle,2026-10-01,WK 40,Tiruvallur,Zomato,Snacks,FOFO,TN,699.2,139.8,34.980000000000004,809.0,0,3,17.28059332509271,233.0666666666667,200-300,10%-20%
Frozen Bottle,2026-10-01,WK 40,Trichy,In Store,Breakfast,FOFO,TN,268.0,0.0,13.4,268.0,0,1,0.0,268.0,200-300,0%
Frozen Bottle,2026-10-01,WK 40,Trichy,In Store,Dinner,FOFO,TN,6475.23,0.0,323.8,6475.23,0,11,0.0,588.6572727272727,500-600,0%
Frozen Bottle,2026-10-01,WK 40,Trichy,In Store,Late Night,FOFO,TN,129.0,0.0,6.46,129.0,0,1,0.0,129.0,100-200,0%
Frozen Bottle,2026-10-01,WK 40,Trichy,In Store,Lunch,FOFO,TN,1015.0,0.0,50.76,1015.0,0,2,0.0,507.5,500-600,0%
Frozen Bottle,2026-10-01,WK 40,Trichy,In Store,Snacks,FOFO,TN,3539.46,0.0,177.0,3539.46,0,6,0.0,589.91,500-600,0%
Frozen Bottle,2026-10-01,WK 40,Trichy,Swiggy,Dinner,FOFO,TN,1594.02,359.98,76.22,1884.0,0,4,19.107218683651805,398.505,300-400,10%-20%
Frozen Bottle,2026-10-01,WK 40,Trichy,Swiggy,Late Night,FOFO,TN,182.5,57.5,8.62,230.0,0,1,25.0,182.5,100-200,20%-30%
Frozen Bottle,2026-10-01,WK 40,Trichy,Swiggy,Lunch,FOFO,TN,426.5,122.5,20.32,529.0,0,2,23.15689981096408,213.25,200-300,20%-30%
Frozen Bottle,2026-10-01,WK 40,Trichy,Swiggy,Snacks,FOFO,TN,2103.25,534.75,101.16,2558.0,0,5,20.905003909304142,420.65,400-500,20%-30%
Frozen Bottle,2026-10-01,WK 40,Trichy,Zomato,Dinner,FOFO,TN,1980.8,475.2,99.04,2376.0,0,5,20.0,396.15999999999997,300-400,10%-20%
Frozen Bottle,2026-10-01,WK 40,Trichy,Zomato,Late Night,FOFO,TN,984.0,236.0,49.2,1180.0,0,2,20.0,492.0,400-500,10%-20%
Frozen Bottle,2026-10-01,WK 40,Trichy,Zomato,Lunch,FOFO,TN,598.0,142.0,29.900000000000002,710.0,0,2,20.0,299.0,200-300,10%-20%
Frozen Bottle,2026-10-01,WK 40,Trichy,Zomato,Snacks,FOFO,TN,821.5999999999999,195.39999999999998,41.08,977.0,0,2,20.0,410.79999999999995,400-500,10%-20%
Frozen Bottle,2026-10-01,WK 40,Tumkur,In Store,Dinner,COCO,KA,229.0,0.0,11.46,229.0,0,1,0.0,229.0,200-300,0%
Frozen Bottle,2026-10-01,WK 40,Tumkur,In Store,Lunch,COCO,KA,766.0,0.0,38.32,766.0,0,3,0.0,255.33333333333334,200-300,0%
Frozen Bottle,2026-10-01,WK 40,Tumkur,In Store,Snacks,COCO,KA,617.0,0.0,30.86,617.0,0,2,0.0,308.5,300-400,0%
Frozen Bottle,2026-10-01,WK 40,Tumkur,Swiggy,Dinner,COCO,KA,1175.0,845.0,55.260000000000005,1950.0,0,5,43.333333333333336,235.0,200-300,40%-50%
Frozen Bottle,2026-10-01,WK 40,Tumkur,Swiggy,Lunch,COCO,KA,443.0,126.0,21.16,549.0,0,2,22.950819672131146,221.5,200-300,20%-30%
Frozen Bottle,2026-10-01,WK 40,Tumkur,Zomato,Breakfast,COCO,KA,317.0,133.0,15.86,430.0,0,1,30.930232558139537,317.0,300-400,30%-40%
Frozen Bottle,2026-10-01,WK 40,Tumkur,Zomato,Dinner,COCO,KA,2285.5,2036.5,113.8,4172.0,0,8,48.81351869606903,285.6875,200-300,40%-50%
Frozen Bottle,2026-10-01,WK 40,Tumkur,Zomato,Lunch,COCO,KA,420.0,330.0,21.02,720.0,0,2,45.83333333333333,210.0,200-300,40%-50%
Frozen Bottle,2026-10-01,WK 40,Tumkur,Zomato,Snacks,COCO,KA,590.0,550.0,29.5,1100.0,0,2,50.0,295.0,200-300,40%-50%
Madno,2026-10-01,WK 40,Tumkur,Swiggy,Dinner,COCO,KA,414.0,462.0,18.700000000000003,836.0,0,3,55.26315789473685,138.0,100-200,50%-60%
Madno,2026-10-01,WK 40,Tumkur,Swiggy,Lunch,COCO,KA,807.66,879.0,36.38,1606.66,0,5,54.70977057996092,161.53199999999998,100-200,50%-60%
Madno,2026-10-01,WK 40,Tumkur,Zomato,Lunch,COCO,KA,151.0,131.0,7.56,262.0,0,1,50.0,151.0,100-200,40%-50%
Frozen Bottle,2026-10-01,WK 40,Ujjain,In Store,Dinner,FOFO,ROI,3169.0,0.0,158.48000000000002,3169.0,0,7,0.0,452.7142857142857,400-500,0%
Frozen Bottle,2026-10-01,WK 40,Ujjain,In Store,Lunch,FOFO,ROI,79.0,0.0,3.96,79.0,0,1,0.0,79.0,0-100,0%
Frozen Bottle,2026-10-01,WK 40,Ujjain,In Store,Snacks,FOFO,ROI,558.0,0.0,27.9,558.0,0,1,0.0,558.0,500-600,0%
Frozen Bottle,2026-10-01,WK 40,Ujjain,Swiggy,Closing,FOFO,ROI,590.0,0.0,28.5,570.0,0,1,0.0,590.0,500-600,0%
Frozen Bottle,2026-10-01,WK 40,Ujjain,Swiggy,Dinner,FOFO,ROI,1570.0,0.0,76.02000000000001,1520.0,0,3,0.0,523.3333333333334,500-600,0%
Frozen Bottle,2026-10-01,WK 40,Ujjain,Swiggy,Late Night,FOFO,ROI,1328.6399999999999,0.0,63.44,1268.6399999999999,0,4,0.0,332.15999999999997,300-400,0%
Frozen Bottle,2026-10-01,WK 40,Ujjain,Swiggy,Lunch,FOFO,ROI,1018.0,0.0,48.9,978.0,0,1,0.0,1018.0,>900,0%
Frozen Bottle,2026-10-01,WK 40,Ujjain,Zomato,Dinner,FOFO,ROI,1605.0,365.0,80.28,1890.0,0,6,19.31216931216931,267.5,200-300,10%-20%
Frozen Bottle,2026-10-01,WK 40,Ujjain,Zomato,Snacks,FOFO,ROI,918.4,319.6,45.92,1188.0,0,4,26.902356902356907,229.6,200-300,20%-30%
Frozen Bottle,2026-10-01,WK 40,Ulwe,Swiggy,Lunch,FOFO,MH,248.0,121.0,11.9,359.0,0,1,33.70473537604457,248.0,200-300,30%-40%
Frozen Bottle,2026-10-01,WK 40,Ulwe,Swiggy,Snacks,FOFO,MH,367.0,242.0,17.36,589.0,0,2,41.08658743633276,183.5,100-200,40%-50%
Frozen Bottle,2026-10-01,WK 40,Ulwe,Zomato,Dinner,FOFO,MH,245.0,75.0,12.26,310.0,0,1,24.193548387096776,245.0,200-300,20%-30%
Frozen Bottle,2026-10-01,WK 40,Ulwe,Zomato,Late Night,FOFO,MH,476.4,195.6,23.82,652.0,0,1,30.0,476.4,400-500,20%-30%
Frozen Bottle,2026-10-01,WK 40,Ulwe,Zomato,Snacks,FOFO,MH,266.0,175.0,13.3,421.0,0,1,41.56769596199525,266.0,200-300,40%-50%
Madno,2026-10-01,WK 40,Ulwe,Zomato,Closing,FOFO,MH,322.0,80.0,16.12,382.0,0,1,20.94240837696335,322.0,300-400,20%-30%
Madno,2026-10-01,WK 40,Ulwe,Zomato,Lunch,FOFO,MH,124.0,76.0,6.2,190.0,0,1,40.0,124.0,100-200,30%-40%
Madno,2026-10-01,WK 40,Ulwe,Zomato,Snacks,FOFO,MH,161.0,80.0,8.06,231.0,0,1,34.63203463203463,161.0,100-200,30%-40%
Frozen Bottle,2026-10-01,WK 40,Undri,In Store,Snacks,FOFO,MH,296.0,0.0,14.8,296.0,0,1,0.0,296.0,200-300,0%
Frozen Bottle,2026-10-01,WK 40,Undri,Swiggy,Dinner,FOFO,MH,701.51,148.49,33.58,820.0,0,2,18.108536585365854,350.755,300-400,10%-20%
Frozen Bottle,2026-10-01,WK 40,Undri,Swiggy,Lunch,FOFO,MH,507.49,112.51,24.38,600.0,0,1,18.751666666666665,507.49,500-600,10%-20%
Frozen Bottle,2026-10-01,WK 40,Undri,Zomato,Breakfast,FOFO,MH,627.0,0.0,31.38,597.0,0,1,0.0,627.0,600-900,0%
Frozen Bottle,2026-10-01,WK 40,Undri,Zomato,Dinner,FOFO,MH,2771.3,514.7,138.58,3176.0,0,6,16.205919395465994,461.8833333333334,400-500,10%-20%
Frozen Bottle,2026-10-01,WK 40,Undri,Zomato,Lunch,FOFO,MH,240.0,0.0,12.0,230.0,0,1,0.0,240.0,200-300,0%
Frozen Bottle,2026-10-01,WK 40,Undri,Zomato,Snacks,FOFO,MH,200.0,100.0,10.0,290.0,0,1,34.48275862068966,200.0,100-200,30%-40%
Madno,2026-10-01,WK 40,Undri,Swiggy,Dinner,FOFO,MH,258.0,44.0,12.9,302.0,0,1,14.56953642384106,258.0,200-300,10%-20%
Frozen Bottle,2026-10-01,WK 40,Urapakkam CK,Swiggy,Dinner,COCO,TN,2402.0,1370.0,114.14,3652.0,0,8,37.513691128148956,300.25,300-400,30%-40%
Frozen Bottle,2026-10-01,WK 40,Urapakkam CK,Swiggy,Late Night,COCO,TN,134.0,126.0,6.2,250.0,0,1,50.4,134.0,100-200,50%-60%
Frozen Bottle,2026-10-01,WK 40,Urapakkam CK,Swiggy,Lunch,COCO,TN,409.0,351.0,18.96,730.0,0,2,48.08219178082192,204.5,200-300,40%-50%
Frozen Bottle,2026-10-01,WK 40,Urapakkam CK,Swiggy,Snacks,COCO,TN,204.0,126.0,9.7,320.0,0,1,39.375,204.0,200-300,30%-40%
Frozen Bottle,2026-10-01,WK 40,Urapakkam CK,Zomato,Dinner,COCO,TN,2041.0,1882.0,102.06,3783.0,0,7,49.748876553000265,291.57142857142856,200-300,40%-50%
Frozen Bottle,2026-10-01,WK 40,Urapakkam CK,Zomato,Lunch,COCO,TN,442.5,437.5,22.12,850.0,0,2,51.470588235294116,221.25,200-300,50%-60%
Frozen Bottle,2026-10-01,WK 40,Urapakkam CK,Zomato,Snacks,COCO,TN,350.0,321.0,17.5,651.0,0,1,49.30875576036866,350.0,300-400,40%-50%
Madno,2026-10-01,WK 40,Urapakkam CK,Swiggy,Dinner,COCO,TN,366.0,140.0,17.3,486.0,0,2,28.80658436213992,183.0,100-200,20%-30%
Madno,2026-10-01,WK 40,Urapakkam CK,Swiggy,Lunch,COCO,TN,326.0,103.0,15.3,409.0,0,1,25.183374083129586,326.0,300-400,20%-30%
Madno,2026-10-01,WK 40,Urapakkam CK,Zomato,Dinner,COCO,TN,308.0,90.0,15.4,378.0,0,1,23.809523809523807,308.0,300-400,20%-30%
Boba Bar,2026-10-01,WK 40,Vadapalani,Swiggy,Dinner,FOFO,TN,1050.51,1042.49,49.019999999999996,2023.0,0,3,51.53188334157193,350.17,300-400,50%-60%
Boba Bar,2026-10-01,WK 40,Vadapalani,Swiggy,Lunch,FOFO,TN,564.35,607.65,27.22,1152.0,0,2,52.747395833333336,282.175,200-300,50%-60%
Frozen Bottle,2026-10-01,WK 40,Vadapalani,In Store,Dinner,FOFO,TN,814.0,0.0,40.72,814.0,0,3,0.0,271.3333333333333,200-300,0%
Frozen Bottle,2026-10-01,WK 40,Vadapalani,In Store,Lunch,FOFO,TN,1691.33,0.0,84.6,1691.33,0,6,0.0,281.8883333333333,200-300,0%
Frozen Bottle,2026-10-01,WK 40,Vadapalani,In Store,Snacks,FOFO,TN,2097.0,0.0,104.88,2097.0,0,6,0.0,349.5,300-400,0%
Frozen Bottle,2026-10-01,WK 40,Vadapalani,Swiggy,Breakfast,FOFO,TN,404.01,44.99,19.2,429.0,0,1,10.487179487179487,404.01,400-500,10%-20%
Frozen Bottle,2026-10-01,WK 40,Vadapalani,Swiggy,Closing,FOFO,TN,232.5,67.5,11.12,290.0,0,1,23.275862068965516,232.5,200-300,20%-30%
Frozen Bottle,2026-10-01,WK 40,Vadapalani,Swiggy,Dinner,FOFO,TN,4419.84,337.49,213.04000000000002,4597.33,0,9,7.341000102233252,491.09333333333336,400-500,1%-10%
Frozen Bottle,2026-10-01,WK 40,Vadapalani,Swiggy,Late Night,FOFO,TN,364.9,35.1,17.74,390.0,0,1,9.000000000000002,364.9,300-400,1%-10%
Frozen Bottle,2026-10-01,WK 40,Vadapalani,Swiggy,Lunch,FOFO,TN,984.01,44.99,47.22,989.0,0,2,4.549039433771487,492.005,400-500,1%-10%
Frozen Bottle,2026-10-01,WK 40,Vadapalani,Swiggy,Snacks,FOFO,TN,1085.79,212.21,51.8,1248.0,0,4,17.004006410256412,271.4475,200-300,10%-20%
Frozen Bottle,2026-10-01,WK 40,Vadapalani,Zomato,Breakfast,FOFO,TN,109.0,100.0,5.46,199.0,0,1,50.25125628140703,109.0,100-200,50%-60%
Frozen Bottle,2026-10-01,WK 40,Vadapalani,Zomato,Dinner,FOFO,TN,2303.0,655.0,115.18,2848.0,0,8,22.998595505617978,287.875,200-300,20%-30%
Frozen Bottle,2026-10-01,WK 40,Vadapalani,Zomato,Late Night,FOFO,TN,200.0,100.0,10.0,290.0,0,1,34.48275862068966,200.0,100-200,30%-40%
Frozen Bottle,2026-10-01,WK 40,Vadapalani,Zomato,Lunch,FOFO,TN,1439.36,519.64,71.96,1909.0,0,2,27.220534311157675,719.68,600-900,20%-30%
Frozen Bottle,2026-10-01,WK 40,Vadapalani,Zomato,Snacks,FOFO,TN,844.0,275.0,42.2,1079.0,0,2,25.486561631139942,422.0,400-500,20%-30%
Madno,2026-10-01,WK 40,Vadapalani,Swiggy,Breakfast,FOFO,TN,485.01,115.99,22.76,571.0,0,1,20.313485113835377,485.01,400-500,20%-30%
Madno,2026-10-01,WK 40,Vadapalani,Swiggy,Dinner,FOFO,TN,1241.31,512.54,59.06,1693.85,0,3,30.258877704637367,413.77,400-500,30%-40%
Madno,2026-10-01,WK 40,Vadapalani,Swiggy,Lunch,FOFO,TN,621.3,144.7,29.560000000000002,736.0,0,3,19.66032608695652,207.1,200-300,10%-20%
Madno,2026-10-01,WK 40,Vadapalani,Swiggy,Snacks,FOFO,TN,386.2,173.8,18.32,540.0,0,2,32.18518518518519,193.1,100-200,30%-40%
Madno,2026-10-01,WK 40,Vadapalani,Zomato,Dinner,FOFO,TN,927.0,95.0,46.379999999999995,972.0,0,2,9.77366255144033,463.5,400-500,1%-10%
Madno,2026-10-01,WK 40,Vadapalani,Zomato,Late Night,FOFO,TN,208.0,0.0,10.4,198.0,0,1,0.0,208.0,200-300,0%
Madno,2026-10-01,WK 40,Vadapalani,Zomato,Lunch,FOFO,TN,577.0,225.0,28.86,772.0,0,2,29.14507772020725,288.5,200-300,20%-30%
Madno,2026-10-01,WK 40,Vadapalani,Zomato,Snacks,FOFO,TN,1340.0,680.0,67.06,1930.0,0,7,35.233160621761655,191.42857142857142,100-200,30%-40%
Boba Bar,2026-10-01,WK 40,Valsarvakkam,Swiggy,Late Night,COCO,TN,464.0,363.0,22.200000000000003,807.0,0,2,44.98141263940521,232.0,200-300,40%-50%
Boba Bar,2026-10-01,WK 40,Valsarvakkam,Swiggy,Lunch,COCO,TN,655.01,265.99,31.259999999999998,891.0,0,2,29.852974186307517,327.505,300-400,20%-30%
Boba Bar,2026-10-01,WK 40,Valsarvakkam,Swiggy,Snacks,COCO,TN,158.0,133.0,7.4,281.0,0,1,47.330960854092524,158.0,100-200,40%-50%
Frozen Bottle,2026-10-01,WK 40,Valsarvakkam,In Store,Dinner,COCO,TN,3626.46,0.0,181.35999999999999,3626.46,0,14,0.0,259.03285714285715,200-300,0%
Frozen Bottle,2026-10-01,WK 40,Valsarvakkam,In Store,Late Night,COCO,TN,138.0,0.0,6.9,138.0,0,1,0.0,138.0,100-200,0%
Frozen Bottle,2026-10-01,WK 40,Valsarvakkam,In Store,Lunch,COCO,TN,1440.0,0.0,72.04,1440.0,0,7,0.0,205.71428571428572,200-300,0%
Frozen Bottle,2026-10-01,WK 40,Valsarvakkam,In Store,Snacks,COCO,TN,2815.26,247.97,140.82,3063.23,0,14,8.095049996245793,201.09,200-300,1%-10%
Frozen Bottle,2026-10-01,WK 40,Valsarvakkam,Swiggy,Dinner,COCO,TN,11544.07,6247.93,548.84,17222.0,0,37,36.278771338985024,312.0018918918919,300-400,30%-40%
Frozen Bottle,2026-10-01,WK 40,Valsarvakkam,Swiggy,Late Night,COCO,TN,4014.0,2474.0,189.78,6268.0,0,18,39.47032546266752,223.0,200-300,30%-40%
Frozen Bottle,2026-10-01,WK 40,Valsarvakkam,Swiggy,Lunch,COCO,TN,2096.01,1132.99,98.84,3109.0,0,7,36.44226439369572,299.43,200-300,30%-40%
Frozen Bottle,2026-10-01,WK 40,Valsarvakkam,Swiggy,Snacks,COCO,TN,4038.0,2024.0,192.46,5872.0,0,13,34.468664850136236,310.61538461538464,300-400,30%-40%
Frozen Bottle,2026-10-01,WK 40,Valsarvakkam,Zomato,Dinner,COCO,TN,10862.4,9097.6,543.3,19300.0,0,28,47.137823834196894,387.9428571428571,300-400,40%-50%
Frozen Bottle,2026-10-01,WK 40,Valsarvakkam,Zomato,Late Night,COCO,TN,1721.3,435.7,86.06,2087.0,0,4,20.876856732151413,430.325,400-500,20%-30%
Frozen Bottle,2026-10-01,WK 40,Valsarvakkam,Zomato,Lunch,COCO,TN,1947.0,1350.0,97.4,3187.0,0,6,42.35958581738311,324.5,300-400,40%-50%
Frozen Bottle,2026-10-01,WK 40,Valsarvakkam,Zomato,Snacks,COCO,TN,5353.4,2764.6,267.7,7928.0,0,8,34.87134207870837,669.175,600-900,30%-40%
Madno,2026-10-01,WK 40,Valsarvakkam,Swiggy,Dinner,COCO,TN,1850.0,1313.0,86.02000000000001,3033.0,0,10,43.29047148038246,185.0,100-200,40%-50%
Madno,2026-10-01,WK 40,Valsarvakkam,Swiggy,Late Night,COCO,TN,1099.0,795.0,50.96,1814.0,0,5,43.8257993384785,219.8,200-300,40%-50%
Madno,2026-10-01,WK 40,Valsarvakkam,Swiggy,Snacks,COCO,TN,590.0,130.0,28.0,690.0,0,2,18.84057971014493,295.0,200-300,10%-20%
Madno,2026-10-01,WK 40,Valsarvakkam,Zomato,Dinner,COCO,TN,924.5,115.5,46.24,990.0,0,2,11.666666666666666,462.25,400-500,10%-20%
Madno,2026-10-01,WK 40,Valsarvakkam,Zomato,Late Night,COCO,TN,926.5,687.5,46.32,1554.0,0,3,44.24066924066924,308.8333333333333,300-400,40%-50%
Madno,2026-10-01,WK 40,Valsarvakkam,Zomato,Snacks,COCO,TN,358.0,50.0,17.9,388.0,0,1,12.886597938144329,358.0,300-400,10%-20%
Boba Bar,2026-10-01,WK 40,Vashi,Swiggy,Dinner,FOFO,MH,219.75,71.25,10.48,281.0,0,1,25.355871886120994,219.75,200-300,20%-30%
Frozen Bottle,2026-10-01,WK 40,Vashi,Swiggy,Dinner,FOFO,MH,933.0,827.0,44.66,1720.0,0,3,48.081395348837205,311.0,300-400,40%-50%
Frozen Bottle,2026-10-01,WK 40,Vashi,Swiggy,Late Night,FOFO,MH,434.01,44.99,20.7,459.0,0,1,9.801742919389978,434.01,400-500,1%-10%
Frozen Bottle,2026-10-01,WK 40,Vashi,Swiggy,Snacks,FOFO,MH,1486.21,499.79,70.82000000000001,1916.0,0,5,26.08507306889353,297.242,200-300,20%-30%
Frozen Bottle,2026-10-01,WK 40,Vashi,Zomato,Dinner,FOFO,MH,1691.5,574.5,84.6,2186.0,0,6,26.280878316559924,281.9166666666667,200-300,20%-30%
Frozen Bottle,2026-10-01,WK 40,Vashi,Zomato,Late Night,FOFO,MH,231.0,100.0,11.56,321.0,0,1,31.15264797507788,231.0,200-300,30%-40%
Frozen Bottle,2026-10-01,WK 40,Vashi,Zomato,Snacks,FOFO,MH,764.0,375.0,38.22,1099.0,0,3,34.121929026387626,254.66666666666666,200-300,30%-40%
Boba Bar,2026-10-01,WK 40,Velachery,Swiggy,Dinner,COCO,TN,453.0,399.33000000000004,21.68,832.3299999999999,0,3,47.97736474715558,151.0,100-200,40%-50%
Boba Bar,2026-10-01,WK 40,Velachery,Swiggy,Lunch,COCO,TN,129.0,143.33,6.46,272.33,0,1,52.63099915543643,129.0,100-200,50%-60%
Frozen Bottle,2026-10-01,WK 40,Velachery,In Store,Dinner,COCO,TN,817.98,245.02,40.92,1063.0,0,4,23.04985888993415,204.495,200-300,20%-30%
Frozen Bottle,2026-10-01,WK 40,Velachery,In Store,Lunch,COCO,TN,738.85,0.0,36.980000000000004,738.85,0,4,0.0,184.7125,100-200,0%
Frozen Bottle,2026-10-01,WK 40,Velachery,In Store,Snacks,COCO,TN,1441.0,0.0,72.1,1441.0,0,5,0.0,288.2,200-300,0%
Frozen Bottle,2026-10-01,WK 40,Velachery,Swiggy,Dinner,COCO,TN,6074.67,3083.66,289.36,8868.33,0,19,34.77159735823994,319.7194736842105,300-400,30%-40%
Frozen Bottle,2026-10-01,WK 40,Velachery,Swiggy,Late Night,COCO,TN,3106.0,1506.33,145.84,4422.33,0,14,34.061908541425,221.85714285714286,200-300,30%-40%
Frozen Bottle,2026-10-01,WK 40,Velachery,Swiggy,Lunch,COCO,TN,1645.0,1011.0,77.28,2556.0,0,8,39.55399061032864,205.625,200-300,30%-40%
Frozen Bottle,2026-10-01,WK 40,Velachery,Swiggy,Snacks,COCO,TN,1049.0,571.0,49.96,1570.0,0,3,36.36942675159236,349.6666666666667,300-400,30%-40%
Frozen Bottle,2026-10-01,WK 40,Velachery,Zomato,Dinner,COCO,TN,3011.2,2003.8000000000002,150.6,4855.0,0,8,41.272914521112256,376.4,300-400,40%-50%
Frozen Bottle,2026-10-01,WK 40,Velachery,Zomato,Late Night,COCO,TN,1063.43,397.9,53.18,1401.33,0,4,28.394453840280303,265.8575,200-300,20%-30%
Frozen Bottle,2026-10-01,WK 40,Velachery,Zomato,Lunch,COCO,TN,1370.0,940.0,68.5,2230.0,0,4,42.152466367713004,342.5,300-400,40%-50%
Frozen Bottle,2026-10-01,WK 40,Velachery,Zomato,Snacks,COCO,TN,695.5,474.5,34.78,1140.0,0,2,41.62280701754386,347.75,300-400,40%-50%
Madno,2026-10-01,WK 40,Velachery,Swiggy,Dinner,COCO,TN,495.0,440.0,23.76,915.0,0,3,48.08743169398907,165.0,100-200,40%-50%
Madno,2026-10-01,WK 40,Velachery,Swiggy,Late Night,COCO,TN,1038.0,660.0,48.9,1638.0,0,4,40.29304029304029,259.5,200-300,40%-50%
Madno,2026-10-01,WK 40,Velachery,Swiggy,Lunch,COCO,TN,276.0,140.0,12.8,396.0,0,1,35.35353535353536,276.0,200-300,30%-40%
Madno,2026-10-01,WK 40,Velachery,Swiggy,Snacks,COCO,TN,290.0,142.0,14.02,422.0,0,2,33.649289099526065,145.0,100-200,30%-40%
Madno,2026-10-01,WK 40,Velachery,Zomato,Dinner,COCO,TN,171.0,0.0,8.56,161.0,0,1,0.0,171.0,100-200,0%
Boba Bar,2026-10-01,WK 40,Vellore,Swiggy,Late Night,COCO,TN,168.0,141.0,7.4,289.0,0,1,48.78892733564014,168.0,100-200,40%-50%
Boba Bar,2026-10-01,WK 40,Vellore,Swiggy,Snacks,COCO,TN,157.0,133.0,7.36,280.0,0,1,47.5,157.0,100-200,40%-50%
Frozen Bottle,2026-10-01,WK 40,Vellore,In Store,Dinner,COCO,TN,4232.46,107.54,211.62,4340.0,0,9,2.4778801843317972,470.2733333333333,400-500,1%-10%
Frozen Bottle,2026-10-01,WK 40,Vellore,In Store,Late Night,COCO,TN,726.0,0.0,36.3,726.0,0,1,0.0,726.0,600-900,0%
Frozen Bottle,2026-10-01,WK 40,Vellore,In Store,Lunch,COCO,TN,1540.0,0.0,77.02,1540.0,0,5,0.0,308.0,300-400,0%
Frozen Bottle,2026-10-01,WK 40,Vellore,In Store,Snacks,COCO,TN,3591.4,444.59999999999997,179.66,4036.0,0,17,11.01585728444004,211.25882352941176,200-300,10%-20%
Frozen Bottle,2026-10-01,WK 40,Vellore,Swiggy,Dinner,COCO,TN,3182.02,1918.49,148.16,4880.51,0,10,39.309211537318845,318.202,300-400,30%-40%
Frozen Bottle,2026-10-01,WK 40,Vellore,Swiggy,Late Night,COCO,TN,1025.0,926.0,46.760000000000005,1861.0,0,6,49.758194519075765,170.83333333333334,100-200,40%-50%
Frozen Bottle,2026-10-01,WK 40,Vellore,Swiggy,Lunch,COCO,TN,1958.02,720.98,92.94,2579.0,0,6,27.95579682047305,326.33666666666664,300-400,20%-30%
Frozen Bottle,2026-10-01,WK 40,Vellore,Swiggy,Snacks,COCO,TN,1007.0,639.0,46.879999999999995,1576.0,0,3,40.545685279187815,335.6666666666667,300-400,40%-50%
Frozen Bottle,2026-10-01,WK 40,Vellore,Zomato,Dinner,COCO,TN,1885.0,1745.0,94.28,3500.0,0,5,49.857142857142854,377.0,300-400,40%-50%
Frozen Bottle,2026-10-01,WK 40,Vellore,Zomato,Lunch,COCO,TN,1579.0,1036.0,78.98,2525.0,0,4,41.02970297029703,394.75,300-400,40%-50%
Frozen Bottle,2026-10-01,WK 40,Vellore,Zomato,Snacks,COCO,TN,1157.0,828.0,57.88,1915.0,0,3,43.237597911227155,385.6666666666667,300-400,40%-50%
Madno,2026-10-01,WK 40,Vellore,Swiggy,Dinner,COCO,TN,1672.01,1244.8400000000001,77.62,2796.85,0,5,44.5086436526807,334.402,300-400,40%-50%
Madno,2026-10-01,WK 40,Vellore,Swiggy,Late Night,COCO,TN,388.01,191.99,17.92,550.0,0,2,34.90727272727273,194.005,100-200,30%-40%
Madno,2026-10-01,WK 40,Vellore,Swiggy,Lunch,COCO,TN,139.0,62.0,6.46,191.0,0,1,32.460732984293195,139.0,100-200,30%-40%
Madno,2026-10-01,WK 40,Vellore,Swiggy,Snacks,COCO,TN,78.0,73.0,3.4,141.0,0,1,51.77304964539007,78.0,0-100,50%-60%
Madno,2026-10-01,WK 40,Vellore,Zomato,Dinner,COCO,TN,180.0,80.0,9.0,250.0,0,1,32.0,180.0,100-200,30%-40%
Madno,2026-10-01,WK 40,Vellore,Zomato,Lunch,COCO,TN,231.0,0.0,11.56,221.0,0,1,0.0,231.0,200-300,0%
Frozen Bottle,2026-10-01,WK 40,Vidyaranyapura,In Store,Dinner,FOFO,KA,3109.56,0.0,155.52,3109.56,0,12,0.0,259.13,200-300,0%
Frozen Bottle,2026-10-01,WK 40,Vidyaranyapura,In Store,Late Night,FOFO,KA,49.0,0.0,2.46,49.0,0,1,0.0,49.0,0-100,0%
Frozen Bottle,2026-10-01,WK 40,Vidyaranyapura,In Store,Lunch,FOFO,KA,1075.55,0.0,53.760000000000005,1075.55,0,2,0.0,537.775,500-600,0%
Frozen Bottle,2026-10-01,WK 40,Vidyaranyapura,In Store,Snacks,FOFO,KA,1221.0,0.0,61.06,1221.0,0,5,0.0,244.2,200-300,0%
Frozen Bottle,2026-10-01,WK 40,Vidyaranyapura,Swiggy,Closing,FOFO,KA,640.0,0.0,31.0,620.0,0,1,0.0,640.0,600-900,0%
Frozen Bottle,2026-10-01,WK 40,Vidyaranyapura,Swiggy,Dinner,FOFO,KA,3291.34,675.8399999999999,160.06,3877.1800000000003,0,7,17.431225787814853,470.1914285714286,400-500,10%-20%
Frozen Bottle,2026-10-01,WK 40,Vidyaranyapura,Swiggy,Snacks,FOFO,KA,1160.0,0.0,56.0,1120.0,0,2,0.0,580.0,500-600,0%
Frozen Bottle,2026-10-01,WK 40,Vidyaranyapura,Zomato,Dinner,FOFO,KA,3071.0,390.0,153.6,3331.0,0,6,11.708195737015911,511.8333333333333,500-600,10%-20%
Frozen Bottle,2026-10-01,WK 40,Vidyaranyapura,Zomato,Lunch,FOFO,KA,2031.0,325.01,101.56,2266.01,0,4,14.342831673293585,507.75,500-600,10%-20%
Frozen Bottle,2026-10-01,WK 40,Vidyaranyapura,Zomato,Snacks,FOFO,KA,289.0,160.0,14.46,429.0,0,2,37.2960372960373,144.5,100-200,30%-40%
Boba Bar,2026-10-01,WK 40,Vijaywada,In Store,Dinner,FOFO,AP & TL,249.0,0.0,12.46,249.0,0,1,0.0,249.0,200-300,0%
Boba Bar,2026-10-01,WK 40,Vijaywada,Swiggy,Dinner,FOFO,AP & TL,294.0,137.0,14.2,421.0,0,2,32.541567695961994,147.0,100-200,30%-40%
Boba Bar,2026-10-01,WK 40,Vijaywada,Swiggy,Late Night,FOFO,AP & TL,628.02,82.97999999999999,29.92,681.0,0,2,12.185022026431716,314.01,300-400,10%-20%
Boba Bar,2026-10-01,WK 40,Vijaywada,Swiggy,Snacks,FOFO,AP & TL,456.75,71.25,22.34,518.0,0,1,13.754826254826256,456.75,400-500,10%-20%
Boba Bar,2026-10-01,WK 40,Vijaywada,Zomato,Breakfast,FOFO,AP & TL,280.0,0.0,14.0,260.0,0,1,0.0,280.0,200-300,0%
Boba Bar,2026-10-01,WK 40,Vijaywada,Zomato,Dinner,FOFO,AP & TL,169.0,0.0,8.46,159.0,0,1,0.0,169.0,100-200,0%
Boba Bar,2026-10-01,WK 40,Vijaywada,Zomato,Lunch,FOFO,AP & TL,390.0,50.0,19.5,420.0,0,1,11.904761904761903,390.0,300-400,10%-20%
Frozen Bottle,2026-10-01,WK 40,Vijaywada,In Store,Closing,FOFO,AP & TL,736.0,0.0,36.8,736.0,0,2,0.0,368.0,300-400,0%
Frozen Bottle,2026-10-01,WK 40,Vijaywada,In Store,Dinner,FOFO,AP & TL,4004.0,0.0,200.24,4004.0,0,11,0.0,364.0,300-400,0%
Frozen Bottle,2026-10-01,WK 40,Vijaywada,In Store,Late Night,FOFO,AP & TL,2777.0,0.0,138.9,2777.0,0,7,0.0,396.7142857142857,300-400,0%
Frozen Bottle,2026-10-01,WK 40,Vijaywada,In Store,Lunch,FOFO,AP & TL,298.0,0.0,14.9,298.0,0,1,0.0,298.0,200-300,0%
Frozen Bottle,2026-10-01,WK 40,Vijaywada,In Store,Snacks,FOFO,AP & TL,2208.0,0.0,110.42,2208.0,0,7,0.0,315.42857142857144,300-400,0%
Frozen Bottle,2026-10-01,WK 40,Vijaywada,Swiggy,Breakfast,FOFO,AP & TL,797.0,33.0,38.36,800.0,0,2,4.125,398.5,300-400,1%-10%
Frozen Bottle,2026-10-01,WK 40,Vijaywada,Swiggy,Closing,FOFO,AP & TL,390.0,138.0,18.0,498.0,0,2,27.710843373493976,195.0,100-200,20%-30%
Frozen Bottle,2026-10-01,WK 40,Vijaywada,Swiggy,Dinner,FOFO,AP & TL,3812.21,504.78999999999996,183.66,4177.0,0,11,12.08498922671774,346.56454545454545,300-400,10%-20%
Frozen Bottle,2026-10-01,WK 40,Vijaywada,Swiggy,Late Night,FOFO,AP & TL,4144.23,365.77,199.24,4350.0,0,8,8.408505747126437,518.02875,500-600,1%-10%
Frozen Bottle,2026-10-01,WK 40,Vijaywada,Swiggy,Lunch,FOFO,AP & TL,1778.1100000000001,189.89000000000001,84.94,1888.0,0,5,10.057733050847459,355.622,300-400,10%-20%
Frozen Bottle,2026-10-01,WK 40,Vijaywada,Swiggy,Snacks,FOFO,AP & TL,2411.14,177.85999999999999,115.58,2489.0,0,5,7.145841703495378,482.22799999999995,400-500,1%-10%
Frozen Bottle,2026-10-01,WK 40,Vijaywada,Zomato,Dinner,FOFO,AP & TL,891.0,200.0,44.56,1061.0,0,2,18.85014137606032,445.5,400-500,10%-20%
Frozen Bottle,2026-10-01,WK 40,Vijaywada,Zomato,Late Night,FOFO,AP & TL,580.0,150.0,29.0,710.0,0,1,21.12676056338028,580.0,500-600,20%-30%
Frozen Bottle,2026-10-01,WK 40,Vijaywada,Zomato,Lunch,FOFO,AP & TL,509.0,100.0,25.46,589.0,0,2,16.97792869269949,254.5,200-300,10%-20%
Frozen Bottle,2026-10-01,WK 40,Vijaywada,Zomato,Snacks,FOFO,AP & TL,558.0,100.0,27.92,638.0,0,2,15.673981191222571,279.0,200-300,10%-20%
Madno,2026-10-01,WK 40,Vijaywada,Swiggy,Closing,FOFO,AP & TL,1211.01,229.99,57.58,1381.0,0,5,16.65387400434468,242.202,200-300,10%-20%
Madno,2026-10-01,WK 40,Vijaywada,Swiggy,Dinner,FOFO,AP & TL,2737.02,729.98,130.86,3347.0,0,10,21.80997908574843,273.702,200-300,20%-30%
Madno,2026-10-01,WK 40,Vijaywada,Swiggy,Late Night,FOFO,AP & TL,1647.0,466.0,77.86,2023.0,0,7,23.035096391497774,235.28571428571428,200-300,20%-30%
Madno,2026-10-01,WK 40,Vijaywada,Zomato,Closing,FOFO,AP & TL,782.4,145.6,39.12,888.0,0,2,16.396396396396394,391.2,300-400,10%-20%
Madno,2026-10-01,WK 40,Vijaywada,Zomato,Lunch,FOFO,AP & TL,200.0,0.0,10.0,190.0,0,1,0.0,200.0,100-200,0%
Madno,2026-10-01,WK 40,Vijaywada,Zomato,Snacks,FOFO,AP & TL,400.4,45.6,20.02,426.0,0,2,10.704225352112678,200.2,200-300,10%-20%
Frozen Bottle,2026-10-01,WK 40,Vikhroli,In Store,Dinner,FOFO,MH,872.0,0.0,43.68,872.0,0,8,0.0,109.0,100-200,0%
Frozen Bottle,2026-10-01,WK 40,Vikhroli,In Store,Snacks,FOFO,MH,228.0,0.0,11.42,228.0,0,2,0.0,114.0,100-200,0%
Frozen Bottle,2026-10-01,WK 40,Vimannagar,In Store,Closing,FOFO,MH,448.0,0.0,22.4,448.0,0,1,0.0,448.0,400-500,0%
Frozen Bottle,2026-10-01,WK 40,Vimannagar,In Store,Dinner,FOFO,MH,696.0,0.0,34.82,696.0,0,2,0.0,348.0,300-400,0%
Frozen Bottle,2026-10-01,WK 40,Vimannagar,In Store,Late Night,FOFO,MH,249.0,0.0,12.46,249.0,0,1,0.0,249.0,200-300,0%
Frozen Bottle,2026-10-01,WK 40,Vimannagar,In Store,Snacks,FOFO,MH,756.0,0.0,37.8,756.0,0,1,0.0,756.0,600-900,0%
Frozen Bottle,2026-10-01,WK 40,Vimannagar,Swiggy,Dinner,FOFO,MH,1519.0,0.0,73.46000000000001,1469.0,0,3,0.0,506.3333333333333,500-600,0%
Frozen Bottle,2026-10-01,WK 40,Vimannagar,Swiggy,Late Night,FOFO,MH,240.0,0.0,11.5,230.0,0,1,0.0,240.0,200-300,0%
Frozen Bottle,2026-10-01,WK 40,Vimannagar,Zomato,Dinner,FOFO,MH,1172.0,78.0,58.6,1210.0,0,3,6.446280991735537,390.6666666666667,300-400,1%-10%
Frozen Bottle,2026-10-01,WK 40,Vimannagar,Zomato,Late Night,FOFO,MH,534.0,46.0,26.7,560.0,0,2,8.214285714285714,267.0,200-300,1%-10%
Frozen Bottle,2026-10-01,WK 40,Vimannagar,Zomato,Snacks,FOFO,MH,250.0,50.0,12.5,290.0,0,1,17.24137931034483,250.0,200-300,10%-20%
Madno,2026-10-01,WK 40,Vimannagar,Zomato,Snacks,FOFO,MH,245.0,75.0,12.26,310.0,0,1,24.193548387096776,245.0,200-300,20%-30%
Boba Bar,2026-10-01,WK 40,Virar,Swiggy,Dinner,COCO,MH,100.0,126.66,5.0,226.66,0,1,55.88105532515662,100.0,0-100,50%-60%
Boba Bar,2026-10-01,WK 40,Virar,Swiggy,Lunch,COCO,MH,99.0,91.0,4.96,190.0,0,1,47.89473684210526,99.0,0-100,40%-50%
Frozen Bottle,2026-10-01,WK 40,Virar,In Store,Closing,COCO,MH,338.0,0.0,16.9,338.0,0,1,0.0,338.0,300-400,0%
Frozen Bottle,2026-10-01,WK 40,Virar,In Store,Dinner,COCO,MH,4087.65,7.35,204.48,4095.0,0,19,0.1794871794871795,215.13947368421054,200-300,1%-10%
Frozen Bottle,2026-10-01,WK 40,Virar,In Store,Late Night,COCO,MH,413.23,0.0,20.68,413.23,0,2,0.0,206.615,200-300,0%
Frozen Bottle,2026-10-01,WK 40,Virar,In Store,Lunch,COCO,MH,328.0,0.0,16.4,328.0,0,1,0.0,328.0,300-400,0%
Frozen Bottle,2026-10-01,WK 40,Virar,In Store,Snacks,COCO,MH,1206.23,0.0,60.339999999999996,1206.23,0,5,0.0,241.246,200-300,0%
Frozen Bottle,2026-10-01,WK 40,Virar,Swiggy,Dinner,COCO,MH,1610.48,969.85,75.04,2470.33,0,8,39.259936931503084,201.31,200-300,30%-40%
Frozen Bottle,2026-10-01,WK 40,Virar,Swiggy,Late Night,COCO,MH,214.0,126.0,10.2,330.0,0,1,38.18181818181819,214.0,200-300,30%-40%
Frozen Bottle,2026-10-01,WK 40,Virar,Swiggy,Snacks,COCO,MH,236.0,244.0,10.8,460.0,0,2,53.04347826086957,118.0,100-200,50%-60%
Frozen Bottle,2026-10-01,WK 40,Virar,Zomato,Dinner,COCO,MH,1955.4099999999999,1555.92,97.8,3371.33,0,8,46.15151883677955,244.42624999999998,200-300,40%-50%
Frozen Bottle,2026-10-01,WK 40,Virar,Zomato,Late Night,COCO,MH,784.0,535.0,39.22,1259.0,0,3,42.49404289118348,261.3333333333333,200-300,40%-50%
Frozen Bottle,2026-10-01,WK 40,Virar,Zomato,Lunch,COCO,MH,965.0,406.0,48.28,1321.0,0,3,30.734292202876606,321.6666666666667,300-400,30%-40%
Frozen Bottle,2026-10-01,WK 40,Virar,Zomato,Snacks,COCO,MH,1929.0,1320.0,96.48,3129.0,0,6,42.18600191754554,321.5,300-400,40%-50%
Madno,2026-10-01,WK 40,Virar,Swiggy,Dinner,COCO,MH,320.01,139.99,15.0,440.0,0,1,31.815909090909095,320.01,300-400,30%-40%
Madno,2026-10-01,WK 40,Virar,Zomato,Dinner,COCO,MH,122.0,124.66,6.12,226.66,0,1,54.99867643165975,122.0,100-200,50%-60%
Madno,2026-10-01,WK 40,Virar,Zomato,Late Night,COCO,MH,697.98,578.6600000000001,34.9,1186.6399999999999,0,2,48.76457897930292,348.99,300-400,40%-50%
Boba Bar,2026-10-01,WK 40,Wagholi - CF CK,Swiggy,Dinner,COCO,MH,485.0,316.0,22.26,761.0,0,1,41.52431011826544,485.0,400-500,40%-50%
Boba Bar,2026-10-01,WK 40,Wagholi - CF CK,Swiggy,Late Night,COCO,MH,327.0,231.0,14.86,528.0,0,1,43.75,327.0,300-400,40%-50%
Boba Bar,2026-10-01,WK 40,Wagholi - CF CK,Swiggy,Snacks,COCO,MH,158.0,133.0,7.4,281.0,0,1,47.330960854092524,158.0,100-200,40%-50%
Frozen Bottle,2026-10-01,WK 40,Wagholi - CF CK,Swiggy,Dinner,COCO,MH,3463.64,2288.36,164.20000000000002,5572.0,0,13,41.0689160086145,266.43384615384616,200-300,40%-50%
Frozen Bottle,2026-10-01,WK 40,Wagholi - CF CK,Swiggy,Late Night,COCO,MH,716.0,454.0,33.82,1130.0,0,4,40.176991150442475,179.0,100-200,40%-50%
Frozen Bottle,2026-10-01,WK 40,Wagholi - CF CK,Swiggy,Lunch,COCO,MH,841.0,404.0,39.56,1195.0,0,2,33.80753138075313,420.5,400-500,30%-40%
Frozen Bottle,2026-10-01,WK 40,Wagholi - CF CK,Swiggy,Snacks,COCO,MH,1368.0,569.0,65.92,1887.0,0,5,30.153683094859566,273.6,200-300,30%-40%
Frozen Bottle,2026-10-01,WK 40,Wagholi - CF CK,Zomato,Dinner,COCO,MH,4948.0,4781.0,247.46,9429.0,0,13,50.705270972531544,380.61538461538464,300-400,50%-60%
Frozen Bottle,2026-10-01,WK 40,Wagholi - CF CK,Zomato,Late Night,COCO,MH,439.5,409.5,21.98,819.0,0,1,50.0,439.5,400-500,40%-50%
Frozen Bottle,2026-10-01,WK 40,Wagholi - CF CK,Zomato,Lunch,COCO,MH,1835.99,1638.0,91.80000000000001,3374.0,0,4,48.54771784232365,458.9975,400-500,40%-50%
Frozen Bottle,2026-10-01,WK 40,Wagholi - CF CK,Zomato,Snacks,COCO,MH,1011.5,865.5,50.58,1807.0,0,5,47.89706696181516,202.3,200-300,40%-50%
Madno,2026-10-01,WK 40,Wagholi - CF CK,Swiggy,Dinner,COCO,MH,906.01,707.99,41.82,1544.0,0,4,45.854274611398964,226.5025,200-300,40%-50%
Madno,2026-10-01,WK 40,Wagholi - CF CK,Swiggy,Late Night,COCO,MH,288.0,280.0,13.4,548.0,0,2,51.09489051094891,144.0,100-200,50%-60%
Madno,2026-10-01,WK 40,Wagholi - CF CK,Swiggy,Lunch,COCO,MH,412.0,429.0,20.1,831.0,0,2,51.624548736462096,206.0,200-300,50%-60%
Madno,2026-10-01,WK 40,Wagholi - CF CK,Swiggy,Snacks,COCO,MH,109.0,91.0,4.96,190.0,0,1,47.89473684210526,109.0,100-200,40%-50%
Madno,2026-10-01,WK 40,Wagholi - CF CK,Zomato,Dinner,COCO,MH,924.7,454.3,46.239999999999995,1319.0,0,5,34.442759666413956,184.94,100-200,30%-40%
Madno,2026-10-01,WK 40,Wagholi - CF CK,Zomato,Late Night,COCO,MH,1114.55,495.45,55.739999999999995,1550.0,0,4,31.964516129032255,278.6375,200-300,30%-40%
Madno,2026-10-01,WK 40,Wagholi - CF CK,Zomato,Lunch,COCO,MH,341.0,321.0,17.06,642.0,0,1,50.0,341.0,300-400,40%-50%
Frozen Bottle,2026-10-01,WK 40,Wakad 2,In Store,Dinner,FOFO,MH,5228.26,0.0,261.58,5228.26,0,23,0.0,227.31565217391307,200-300,0%
Frozen Bottle,2026-10-01,WK 40,Wakad 2,In Store,Lunch,FOFO,MH,1233.0,0.0,61.66,1233.0,0,3,0.0,411.0,400-500,0%
Frozen Bottle,2026-10-01,WK 40,Wakad 2,In Store,Snacks,FOFO,MH,2527.0,338.0,126.38,2865.0,0,5,11.797556719022689,505.4,500-600,10%-20%
Frozen Bottle,2026-10-01,WK 40,Wakad 2,Swiggy,Dinner,FOFO,MH,398.0,0.0,18.92,378.0,0,2,0.0,199.0,100-200,0%
Frozen Bottle,2026-10-01,WK 40,Wakad 2,Swiggy,Lunch,FOFO,MH,911.0,0.0,44.06,881.0,0,2,0.0,455.5,400-500,0%
Frozen Bottle,2026-10-01,WK 40,Wakad 2,Zomato,Snacks,FOFO,MH,209.0,0.0,10.46,199.0,0,1,0.0,209.0,200-300,0%
Boba Bar,2026-10-01,WK 40,Whitefield,Ownly,Dinner,COCO,KA,189.0,0.0,9.46,189.0,0,1,0.0,189.0,100-200,0%
Boba Bar,2026-10-01,WK 40,Whitefield,Swiggy,Dinner,COCO,KA,79.0,80.0,3.96,159.0,0,1,50.314465408805034,79.0,0-100,50%-60%
Frozen Bottle,2026-10-01,WK 40,Whitefield,In Store,Breakfast,COCO,KA,19.05,0.0,0.96,19.05,0,1,0.0,19.05,0-100,0%
Frozen Bottle,2026-10-01,WK 40,Whitefield,In Store,Dinner,COCO,KA,3564.38,106.94,178.28,3671.32,0,17,2.9128487846333195,209.6694117647059,200-300,1%-10%
Frozen Bottle,2026-10-01,WK 40,Whitefield,In Store,Lunch,COCO,KA,881.15,138.08,44.08,1019.23,0,5,13.547481922627865,176.23,100-200,10%-20%
Frozen Bottle,2026-10-01,WK 40,Whitefield,In Store,Snacks,COCO,KA,657.0,0.0,32.88,657.0,0,3,0.0,219.0,200-300,0%
Frozen Bottle,2026-10-01,WK 40,Whitefield,Ownly,Dinner,COCO,KA,321.5,0.0,16.1,321.5,0,3,0.0,107.16666666666667,100-200,0%
Frozen Bottle,2026-10-01,WK 40,Whitefield,Ownly,Late Night,COCO,KA,263.2,0.0,13.16,263.2,0,1,0.0,263.2,200-300,0%
Frozen Bottle,2026-10-01,WK 40,Whitefield,Swiggy,Breakfast,COCO,KA,257.0,243.0,11.86,480.0,0,1,50.625,257.0,200-300,50%-60%
Frozen Bottle,2026-10-01,WK 40,Whitefield,Swiggy,Dinner,COCO,KA,5929.03,2777.97,284.02,8457.0,0,16,32.84817311103228,370.564375,300-400,30%-40%
Frozen Bottle,2026-10-01,WK 40,Whitefield,Swiggy,Late Night,COCO,KA,2013.0,1358.0,94.16,3241.0,0,8,41.90064794816415,251.625,200-300,40%-50%
Frozen Bottle,2026-10-01,WK 40,Whitefield,Swiggy,Lunch,COCO,KA,1570.0,871.0,74.56,2361.0,0,7,36.89114781872088,224.28571428571428,200-300,30%-40%
Frozen Bottle,2026-10-01,WK 40,Whitefield,Swiggy,Snacks,COCO,KA,2968.64,2340.0,139.96,5138.64,0,11,45.537340619307834,269.87636363636364,200-300,40%-50%
Frozen Bottle,2026-10-01,WK 40,Whitefield,Zomato,Breakfast,COCO,KA,230.0,100.0,11.5,320.0,0,1,31.25,230.0,200-300,30%-40%
Frozen Bottle,2026-10-01,WK 40,Whitefield,Zomato,Dinner,COCO,KA,4528.0,3009.0,226.48,7267.0,0,16,41.406357506536395,283.0,200-300,40%-50%
Frozen Bottle,2026-10-01,WK 40,Whitefield,Zomato,Late Night,COCO,KA,1493.9,737.1,74.72,2161.0,0,4,34.109208699676074,373.475,300-400,30%-40%
Frozen Bottle,2026-10-01,WK 40,Whitefield,Zomato,Lunch,COCO,KA,189.64,0.0,9.48,179.64,0,1,0.0,189.64,100-200,0%
Frozen Bottle,2026-10-01,WK 40,Whitefield,Zomato,Snacks,COCO,KA,1520.0,1369.0,76.02,2789.0,0,5,49.085693797059875,304.0,300-400,40%-50%
Madno,2026-10-01,WK 40,Whitefield,Ownly,Late Night,COCO,KA,159.0,0.0,7.96,159.0,0,1,0.0,159.0,100-200,0%
Madno,2026-10-01,WK 40,Whitefield,Swiggy,Dinner,COCO,KA,686.0,370.0,32.32,1016.0,0,3,36.417322834645674,228.66666666666666,200-300,30%-40%
Madno,2026-10-01,WK 40,Whitefield,Swiggy,Snacks,COCO,KA,128.0,140.0,5.9,258.0,0,1,54.263565891472865,128.0,100-200,50%-60%
Madno,2026-10-01,WK 40,Whitefield,Zomato,Dinner,COCO,KA,1033.05,314.28,51.66,1277.33,0,6,24.604448341462266,172.17499999999998,100-200,20%-30%
Madno,2026-10-01,WK 40,Whitefield,Zomato,Late Night,COCO,KA,341.0,105.0,17.06,426.0,0,1,24.647887323943664,341.0,300-400,20%-30%
Madno,2026-10-01,WK 40,Whitefield,Zomato,Lunch,COCO,KA,208.0,0.0,10.4,198.0,0,1,0.0,208.0,200-300,0%
Boba Bar,2026-10-01,WK 40,Yelahanka,Swiggy,Dinner,COCO,KA,79.0,61.0,3.46,130.0,0,1,46.92307692307692,79.0,0-100,40%-50%
Boba Bar,2026-10-01,WK 40,Yelahanka,Swiggy,Snacks,COCO,KA,276.0,264.0,12.8,520.0,0,1,50.76923076923077,276.0,200-300,50%-60%
Frozen Bottle,2026-10-01,WK 40,Yelahanka,In Store,Dinner,COCO,KA,4365.15,779.64,218.28,5144.79,0,12,15.15397129912008,363.7625,300-400,10%-20%
Frozen Bottle,2026-10-01,WK 40,Yelahanka,In Store,Snacks,COCO,KA,596.0,0.0,29.8,596.0,0,2,0.0,298.0,200-300,0%
Frozen Bottle,2026-10-01,WK 40,Yelahanka,Ownly,Dinner,COCO,KA,209.0,0.0,10.46,209.0,0,1,0.0,209.0,200-300,0%
Frozen Bottle,2026-10-01,WK 40,Yelahanka,Swiggy,Breakfast,COCO,KA,386.0,244.0,17.82,600.0,0,2,40.666666666666664,193.0,100-200,40%-50%
Frozen Bottle,2026-10-01,WK 40,Yelahanka,Swiggy,Dinner,COCO,KA,1741.0,1038.0,82.08,2679.0,0,8,38.745800671892496,217.625,200-300,30%-40%
Frozen Bottle,2026-10-01,WK 40,Yelahanka,Swiggy,Late Night,COCO,KA,388.0,252.0,18.42,620.0,0,2,40.64516129032258,194.0,100-200,40%-50%
Frozen Bottle,2026-10-01,WK 40,Yelahanka,Swiggy,Lunch,COCO,KA,561.0,408.0,26.560000000000002,939.0,0,3,43.45047923322684,187.0,100-200,40%-50%
Frozen Bottle,2026-10-01,WK 40,Yelahanka,Swiggy,Snacks,COCO,KA,3141.9,1948.1,147.14,4890.0,0,12,39.83844580777096,261.825,200-300,30%-40%
Frozen Bottle,2026-10-01,WK 40,Yelahanka,Zomato,Dinner,COCO,KA,2462.8,2605.2,123.17999999999999,4898.0,0,8,53.18905675786034,307.85,300-400,50%-60%
Frozen Bottle,2026-10-01,WK 40,Yelahanka,Zomato,Lunch,COCO,KA,1006.58,295.06,50.34,1251.6399999999999,0,3,23.573871081141544,335.5266666666667,300-400,20%-30%
Frozen Bottle,2026-10-01,WK 40,Yelahanka,Zomato,Snacks,COCO,KA,845.3,413.7,42.28,1219.0,0,2,33.93765381460213,422.65,400-500,30%-40%
Madno,2026-10-01,WK 40,Yelahanka,Ownly,Dinner,COCO,KA,430.0,0.0,21.5,430.0,0,3,0.0,143.33333333333334,100-200,0%
Madno,2026-10-01,WK 40,Yelahanka,Ownly,Snacks,COCO,KA,156.0,0.0,7.8,156.0,0,1,0.0,156.0,100-200,0%
Madno,2026-10-01,WK 40,Yelahanka,Swiggy,Dinner,COCO,KA,2200.73,1163.82,102.53999999999999,3214.55,0,8,36.20475649779907,275.09125,200-300,30%-40%
Madno,2026-10-01,WK 40,Yelahanka,Swiggy,Lunch,COCO,KA,316.0,322.0,14.3,608.0,0,2,52.960526315789465,158.0,100-200,50%-60%
Madno,2026-10-01,WK 40,Yelahanka,Swiggy,Snacks,COCO,KA,603.0,0.0,28.66,573.0,0,1,0.0,603.0,600-900,0%
Madno,2026-10-01,WK 40,Yelahanka,Zomato,Dinner,COCO,KA,1001.05,265.95,50.06,1207.0,0,4,22.033968516984256,250.2625,200-300,20%-30%
Madno,2026-10-01,WK 40,Yelahanka,Zomato,Lunch,COCO,KA,478.9,141.1,23.96,590.0,0,3,23.915254237288135,159.63333333333333,100-200,20%-30%
Madno,2026-10-01,WK 40,Yelahanka,Zomato,Snacks,COCO,KA,1984.8,947.21,99.26,2742.01,0,3,34.544367088376774,661.6,600-900,30%-40%
Frozen Bottle,2026-10-01,WK 40,Yemalur,In Store,Dinner,COCO,KA,1968.51,0.0,98.48,1968.51,0,11,0.0,178.95545454545456,100-200,0%
Frozen Bottle,2026-10-01,WK 40,Yemalur,In Store,Late Night,COCO,KA,963.0,0.0,48.18,963.0,0,4,0.0,240.75,200-300,0%
Frozen Bottle,2026-10-01,WK 40,Yemalur,In Store,Lunch,COCO,KA,383.23,0.0,19.18,383.23,0,2,0.0,191.615,100-200,0%
Frozen Bottle,2026-10-01,WK 40,Yemalur,In Store,Snacks,COCO,KA,1560.8899999999999,0.0,78.1,1560.8899999999999,0,9,0.0,173.4322222222222,100-200,0%
Frozen Bottle,2026-10-01,WK 40,Yemalur,Swiggy,Dinner,COCO,KA,300.0,0.0,14.5,290.0,0,1,0.0,300.0,200-300,0%
Frozen Bottle,2026-10-01,WK 40,Yemalur,Swiggy,Lunch,COCO,KA,772.0,0.0,37.6,752.0,0,1,0.0,772.0,600-900,0%
Frozen Bottle,2026-10-01,WK 40,Yemalur,Zomato,Dinner,COCO,KA,1688.0,180.0,84.42,1798.0,0,4,10.011123470522804,422.0,400-500,10%-20%
Frozen Bottle,2026-10-01,WK 40,Yemalur,Zomato,Lunch,COCO,KA,280.0,50.0,14.0,320.0,0,1,15.625,280.0,200-300,10%-20%
Frozen Bottle,2026-10-01,WK 40,Yemalur,Zomato,Snacks,COCO,KA,585.0,125.0,29.24,680.0,0,2,18.38235294117647,292.5,200-300,10%-20%
Madno,2026-10-01,WK 40,Yemalur,Swiggy,Lunch,COCO,KA,301.0,0.0,14.56,291.0,0,1,0.0,301.0,300-400,0%
Boba Bar,2026-10-01,WK 40,Zamin Pallavaram,Swiggy,Dinner,COCO,TN,546.0,224.0,26.32,750.0,0,2,29.86666666666667,273.0,200-300,20%-30%
Boba Bar,2026-10-01,WK 40,Zamin Pallavaram,Swiggy,Late Night,COCO,TN,100.0,126.66,5.0,226.66,0,1,55.88105532515662,100.0,0-100,50%-60%
Boba Bar,2026-10-01,WK 40,Zamin Pallavaram,Swiggy,Lunch,COCO,TN,168.0,132.0,8.4,300.0,0,1,44.0,168.0,100-200,40%-50%
Boba Bar,2026-10-01,WK 40,Zamin Pallavaram,Swiggy,Snacks,COCO,TN,208.0,161.0,9.4,349.0,0,1,46.13180515759313,208.0,200-300,40%-50%
Frozen Bottle,2026-10-01,WK 40,Zamin Pallavaram,In Store,Dinner,COCO,TN,2216.65,203.58,110.83999999999999,2420.23,0,11,8.411597244889949,201.51363636363638,200-300,1%-10%
Frozen Bottle,2026-10-01,WK 40,Zamin Pallavaram,In Store,Lunch,COCO,TN,99.0,0.0,4.96,99.0,0,1,0.0,99.0,0-100,0%
Frozen Bottle,2026-10-01,WK 40,Zamin Pallavaram,In Store,Snacks,COCO,TN,1143.0,0.0,57.18,1143.0,0,4,0.0,285.75,200-300,0%
Frozen Bottle,2026-10-01,WK 40,Zamin Pallavaram,Swiggy,Dinner,COCO,TN,1996.96,1373.37,93.4,3240.33,0,9,42.38364611011841,221.88444444444445,200-300,40%-50%
Frozen Bottle,2026-10-01,WK 40,Zamin Pallavaram,Swiggy,Late Night,COCO,TN,1353.01,714.99,64.17999999999999,1998.0,0,5,35.78528528528528,270.602,200-300,30%-40%
Frozen Bottle,2026-10-01,WK 40,Zamin Pallavaram,Swiggy,Lunch,COCO,TN,2741.99,1494.01,128.64,4066.0,0,10,36.7439744220364,274.19899999999996,200-300,30%-40%
Frozen Bottle,2026-10-01,WK 40,Zamin Pallavaram,Swiggy,Snacks,COCO,TN,2193.0,1162.33,102.18,3205.33,0,9,36.26241291848265,243.66666666666666,200-300,30%-40%
Frozen Bottle,2026-10-01,WK 40,Zamin Pallavaram,Zomato,Dinner,COCO,TN,3697.0,2646.0,184.92000000000002,6133.0,0,10,43.143649111364745,369.7,300-400,40%-50%
Frozen Bottle,2026-10-01,WK 40,Zamin Pallavaram,Zomato,Late Night,COCO,TN,1064.0,405.0,53.2,1419.0,0,3,28.541226215644823,354.6666666666667,300-400,20%-30%
Frozen Bottle,2026-10-01,WK 40,Zamin Pallavaram,Zomato,Lunch,COCO,TN,955.5,715.5,47.8,1611.0,0,3,44.41340782122905,318.5,300-400,40%-50%
Frozen Bottle,2026-10-01,WK 40,Zamin Pallavaram,Zomato,Snacks,COCO,TN,1394.0,1150.0,69.76,2444.0,0,6,47.05400981996727,232.33333333333334,200-300,40%-50%
Madno,2026-10-01,WK 40,Zamin Pallavaram,Swiggy,Dinner,COCO,TN,1707.01,637.84,80.86,2254.85,0,4,28.287469232986677,426.7525,400-500,20%-30%
Madno,2026-10-01,WK 40,Zamin Pallavaram,Swiggy,Late Night,COCO,TN,771.0,578.0,35.56,1289.0,0,4,44.84096198603569,192.75,100-200,40%-50%
Madno,2026-10-01,WK 40,Zamin Pallavaram,Swiggy,Lunch,COCO,TN,218.0,184.0,9.9,382.0,0,1,48.167539267015705,218.0,200-300,40%-50%
Boba Bar,2026-10-02,WK 40,AECS Layout,Zomato,Snacks,COCO,KA,300.0,280.0,15.0,560.0,0,1,50.0,300.0,200-300,40%-50%
Frozen Bottle,2026-10-02,WK 40,AECS Layout,In Store,Dinner,COCO,KA,13197.8,448.37,660.16,13646.17,0,73,3.285683821907539,180.7917808219178,100-200,1%-10%
Frozen Bottle,2026-10-02,WK 40,AECS Layout,In Store,Late Night,COCO,KA,3561.01,0.0,178.12,3561.01,0,13,0.0,273.92384615384617,200-300,0%
Frozen Bottle,2026-10-02,WK 40,AECS Layout,In Store,Lunch,COCO,KA,1988.46,130.54000000000002,99.46000000000001,2119.0,0,5,6.160453043888628,397.692,300-400,1%-10%
Frozen Bottle,2026-10-02,WK 40,AECS Layout,In Store,Snacks,COCO,KA,2638.9,0.0,131.98,2638.9,0,10,0.0,263.89,200-300,0%
Frozen Bottle,2026-10-02,WK 40,AECS Layout,Ownly,Dinner,COCO,KA,790.65,0.0,39.54,790.65,0,2,0.0,395.325,300-400,0%
Frozen Bottle,2026-10-02,WK 40,AECS Layout,Ownly,Late Night,COCO,KA,198.0,0.0,9.9,198.0,0,1,0.0,198.0,100-200,0%
Frozen Bottle,2026-10-02,WK 40,AECS Layout,Ownly,Lunch,COCO,KA,271.2,0.0,13.56,271.2,0,1,0.0,271.2,200-300,0%
Frozen Bottle,2026-10-02,WK 40,AECS Layout,Ownly,Snacks,COCO,KA,370.2,0.0,18.52,370.2,0,2,0.0,185.1,100-200,0%
Frozen Bottle,2026-10-02,WK 40,AECS Layout,Swiggy,Breakfast,COCO,KA,445.0,226.0,21.759999999999998,661.0,0,2,34.190620272314675,222.5,200-300,30%-40%
Frozen Bottle,2026-10-02,WK 40,AECS Layout,Swiggy,Dinner,COCO,KA,2879.0,2308.33,135.02,5007.33,0,14,46.09901883838293,205.64285714285714,200-300,40%-50%
Frozen Bottle,2026-10-02,WK 40,AECS Layout,Swiggy,Late Night,COCO,KA,3351.02,1624.6399999999999,160.14,4825.66,0,12,33.66669015222788,279.25166666666667,200-300,30%-40%
Frozen Bottle,2026-10-02,WK 40,AECS Layout,Swiggy,Lunch,COCO,KA,804.0,588.0,38.72,1362.0,0,4,43.17180616740088,201.0,200-300,40%-50%
Frozen Bottle,2026-10-02,WK 40,AECS Layout,Swiggy,Snacks,COCO,KA,1932.0,1439.0,93.12,3301.0,0,5,43.59285065131778,386.4,300-400,40%-50%
Frozen Bottle,2026-10-02,WK 40,AECS Layout,Zomato,Dinner,COCO,KA,3483.0,2169.0,174.22,5462.0,0,14,39.71072867081655,248.78571428571428,200-300,30%-40%
Frozen Bottle,2026-10-02,WK 40,AECS Layout,Zomato,Late Night,COCO,KA,2006.0,1460.0,100.36,3336.0,0,9,43.76498800959233,222.88888888888889,200-300,40%-50%
Frozen Bottle,2026-10-02,WK 40,AECS Layout,Zomato,Lunch,COCO,KA,295.0,155.0,14.76,430.0,0,2,36.04651162790697,147.5,100-200,30%-40%
Frozen Bottle,2026-10-02,WK 40,AECS Layout,Zomato,Snacks,COCO,KA,1831.7,531.3,91.6,2273.0,0,6,23.374395072591287,305.28333333333336,300-400,20%-30%
Madno,2026-10-02,WK 40,AECS Layout,Ownly,Dinner,COCO,KA,983.0,0.0,49.16,983.0,0,3,0.0,327.6666666666667,300-400,0%
Madno,2026-10-02,WK 40,AECS Layout,Ownly,Snacks,COCO,KA,118.0,0.0,5.9,118.0,0,1,0.0,118.0,100-200,0%
Madno,2026-10-02,WK 40,AECS Layout,Swiggy,Dinner,COCO,KA,1798.02,957.8299999999999,83.92,2635.85,0,5,36.33856251304133,359.604,300-400,30%-40%
Madno,2026-10-02,WK 40,AECS Layout,Swiggy,Late Night,COCO,KA,689.5,265.35,32.48,914.85,0,1,29.004754877848832,689.5,600-900,20%-30%
Madno,2026-10-02,WK 40,AECS Layout,Swiggy,Lunch,COCO,KA,565.0,240.0,27.26,785.0,0,3,30.573248407643312,188.33333333333334,100-200,30%-40%
Madno,2026-10-02,WK 40,AECS Layout,Swiggy,Snacks,COCO,KA,486.0,0.0,23.3,466.0,0,2,0.0,243.0,200-300,0%
Madno,2026-10-02,WK 40,AECS Layout,Zomato,Dinner,COCO,KA,1057.2,643.8,52.879999999999995,1631.0,0,4,39.47271612507664,264.3,200-300,30%-40%
Madno,2026-10-02,WK 40,AECS Layout,Zomato,Late Night,COCO,KA,226.5,196.5,11.32,393.0,0,1,50.0,226.5,200-300,40%-50%
Madno,2026-10-02,WK 40,AECS Layout,Zomato,Snacks,COCO,KA,151.5,142.83,7.58,274.33,0,1,52.06503116684286,151.5,100-200,50%-60%
Frozen Bottle,2026-10-02,WK 40,Adoor,In Store,Breakfast,FOFO,Kerela,199.0,0.0,9.96,199.0,0,1,0.0,199.0,100-200,0%
Frozen Bottle,2026-10-02,WK 40,Adoor,In Store,Dinner,FOFO,Kerela,1706.0,0.0,85.32,1706.0,0,5,0.0,341.2,300-400,0%
Frozen Bottle,2026-10-02,WK 40,Adoor,In Store,Lunch,FOFO,Kerela,902.0,0.0,45.12,902.0,0,3,0.0,300.6666666666667,300-400,0%
Frozen Bottle,2026-10-02,WK 40,Adoor,In Store,Snacks,FOFO,Kerela,636.0,0.0,31.8,636.0,0,1,0.0,636.0,600-900,0%
Frozen Bottle,2026-10-02,WK 40,Adoor,Swiggy,Breakfast,FOFO,Kerela,249.0,0.0,11.96,239.0,0,1,0.0,249.0,200-300,0%
Frozen Bottle,2026-10-02,WK 40,Adoor,Swiggy,Dinner,FOFO,Kerela,2717.0,0.0,130.38,2607.0,0,4,0.0,679.25,600-900,0%
Frozen Bottle,2026-10-02,WK 40,Adoor,Swiggy,Lunch,FOFO,Kerela,289.0,0.0,13.96,279.0,0,1,0.0,289.0,200-300,0%
Frozen Bottle,2026-10-02,WK 40,Adoor,Swiggy,Snacks,FOFO,Kerela,1188.18,0.0,55.900000000000006,1118.18,0,2,0.0,594.09,500-600,0%
Frozen Bottle,2026-10-02,WK 40,Adoor,Zomato,Lunch,FOFO,Kerela,799.0,200.0,39.96,959.0,0,2,20.855057351407716,399.5,300-400,20%-30%
Frozen Bottle,2026-10-02,WK 40,Agra,In Store,Dinner,FOFO,ROI,567.0,0.0,28.36,567.0,0,2,0.0,283.5,200-300,0%
Frozen Bottle,2026-10-02,WK 40,Agra,In Store,Lunch,FOFO,ROI,276.0,0.0,13.8,276.0,0,1,0.0,276.0,200-300,0%
Frozen Bottle,2026-10-02,WK 40,Agra,In Store,Snacks,FOFO,ROI,658.3299999999999,0.0,32.92,658.3299999999999,0,3,0.0,219.4433333333333,200-300,0%
Frozen Bottle,2026-10-02,WK 40,Agra,Zomato,Snacks,FOFO,ROI,194.0,46.0,9.7,230.0,0,1,20.0,194.0,100-200,10%-20%
Boba Bar,2026-10-02,WK 40,Akshay Nagar,Swiggy,Late Night,FOFO,KA,138.0,122.0,6.9,260.0,0,1,46.92307692307692,138.0,100-200,40%-50%
Boba Bar,2026-10-02,WK 40,Akshay Nagar,Swiggy,Lunch,FOFO,KA,606.0,154.0,28.8,730.0,0,1,21.095890410958905,606.0,600-900,20%-30%
Frozen Bottle,2026-10-02,WK 40,Akshay Nagar,In Store,Dinner,FOFO,KA,1440.0,0.0,72.04,1440.0,0,7,0.0,205.71428571428572,200-300,0%
Frozen Bottle,2026-10-02,WK 40,Akshay Nagar,In Store,Lunch,FOFO,KA,806.0,0.0,40.3,806.0,0,2,0.0,403.0,400-500,0%
Frozen Bottle,2026-10-02,WK 40,Akshay Nagar,Ownly,Snacks,FOFO,KA,278.0,0.0,13.920000000000002,278.0,0,2,0.0,139.0,100-200,0%
Frozen Bottle,2026-10-02,WK 40,Akshay Nagar,Swiggy,Dinner,FOFO,KA,3218.0,301.0,155.44,3409.0,0,7,8.829568788501026,459.7142857142857,400-500,1%-10%
Frozen Bottle,2026-10-02,WK 40,Akshay Nagar,Swiggy,Late Night,FOFO,KA,957.0,44.0,46.36,971.0,0,3,4.531410916580844,319.0,300-400,1%-10%
Frozen Bottle,2026-10-02,WK 40,Akshay Nagar,Swiggy,Lunch,FOFO,KA,2380.02,159.98,115.0,2460.0,0,3,6.503252032520325,793.34,600-900,1%-10%
Frozen Bottle,2026-10-02,WK 40,Akshay Nagar,Swiggy,Snacks,FOFO,KA,966.01,149.99,46.8,1086.0,0,2,13.81123388581952,483.005,400-500,10%-20%
Frozen Bottle,2026-10-02,WK 40,Akshay Nagar,Zomato,Dinner,FOFO,KA,3730.0,211.0,186.54,3811.0,0,8,5.536604565730779,466.25,400-500,1%-10%
Frozen Bottle,2026-10-02,WK 40,Akshay Nagar,Zomato,Late Night,FOFO,KA,1027.0,0.0,51.36,987.0,0,3,0.0,342.3333333333333,300-400,0%
Frozen Bottle,2026-10-02,WK 40,Akshay Nagar,Zomato,Lunch,FOFO,KA,1490.0,171.0,74.52,1601.0,0,5,10.680824484697064,298.0,200-300,10%-20%
Frozen Bottle,2026-10-02,WK 40,Akshay Nagar,Zomato,Snacks,FOFO,KA,1161.0,171.0,58.06,1282.0,0,2,13.338533541341654,580.5,500-600,10%-20%
Frozen Bottle,2026-10-02,WK 40,Aluva,In Store,Dinner,FOFO,Kerela,1510.0,0.0,75.52,1510.0,0,5,0.0,302.0,300-400,0%
Frozen Bottle,2026-10-02,WK 40,Aluva,In Store,Lunch,FOFO,Kerela,1303.0,0.0,65.18,1303.0,0,5,0.0,260.6,200-300,0%
Frozen Bottle,2026-10-02,WK 40,Aluva,In Store,Snacks,FOFO,Kerela,2732.0,0.0,136.64,2732.0,0,7,0.0,390.2857142857143,300-400,0%
Frozen Bottle,2026-10-02,WK 40,Aluva,Swiggy,Dinner,FOFO,Kerela,1089.0,0.0,52.46,1049.0,0,2,0.0,544.5,500-600,0%
Frozen Bottle,2026-10-02,WK 40,Aluva,Swiggy,Lunch,FOFO,Kerela,1317.0,0.0,63.36,1267.0,0,3,0.0,439.0,400-500,0%
Frozen Bottle,2026-10-02,WK 40,Aluva,Swiggy,Snacks,FOFO,Kerela,448.0,0.0,21.4,428.0,0,1,0.0,448.0,400-500,0%
Frozen Bottle,2026-10-02,WK 40,Aluva,Zomato,Dinner,FOFO,Kerela,832.5,257.5,41.64,1050.0,0,2,24.523809523809522,416.25,400-500,20%-30%
Frozen Bottle,2026-10-02,WK 40,Aluva,Zomato,Snacks,FOFO,Kerela,418.0,0.0,20.92,398.0,0,1,0.0,418.0,400-500,0%
Boba Bar,2026-10-02,WK 40,Alwarpet,Swiggy,Snacks,COCO,TN,218.0,183.0,9.9,381.0,0,1,48.031496062992126,218.0,200-300,40%-50%
Frozen Bottle,2026-10-02,WK 40,Alwarpet,In Store,Dinner,COCO,TN,726.0,0.0,36.32,726.0,0,2,0.0,363.0,300-400,0%
Frozen Bottle,2026-10-02,WK 40,Alwarpet,In Store,Snacks,COCO,TN,396.0,0.0,19.8,396.0,0,1,0.0,396.0,300-400,0%
Frozen Bottle,2026-10-02,WK 40,Alwarpet,Swiggy,Dinner,COCO,TN,4955.0,2774.0,233.84,7449.0,0,14,37.23989797288227,353.92857142857144,300-400,30%-40%
Frozen Bottle,2026-10-02,WK 40,Alwarpet,Swiggy,Lunch,COCO,TN,605.0,437.0,28.759999999999998,1012.0,0,2,43.18181818181818,302.5,300-400,40%-50%
Frozen Bottle,2026-10-02,WK 40,Alwarpet,Swiggy,Snacks,COCO,TN,195.0,126.0,9.26,311.0,0,1,40.51446945337621,195.0,100-200,40%-50%
Frozen Bottle,2026-10-02,WK 40,Alwarpet,Zomato,Dinner,COCO,TN,425.0,395.0,21.28,790.0,0,2,50.0,212.5,200-300,40%-50%
Frozen Bottle,2026-10-02,WK 40,Alwarpet,Zomato,Lunch,COCO,TN,551.0,290.0,27.560000000000002,811.0,0,3,35.75832305795315,183.66666666666666,100-200,30%-40%
Frozen Bottle,2026-10-02,WK 40,Alwarpet,Zomato,Snacks,COCO,TN,1192.1,377.9,59.64,1510.0,0,3,25.026490066225165,397.3666666666666,300-400,20%-30%
Madno,2026-10-02,WK 40,Alwarpet,Swiggy,Dinner,COCO,TN,1788.01,933.99,83.92,2612.0,0,5,35.75765696784073,357.602,300-400,30%-40%
Madno,2026-10-02,WK 40,Alwarpet,Swiggy,Lunch,COCO,TN,738.0,140.0,35.4,848.0,0,3,16.50943396226415,246.0,200-300,10%-20%
Madno,2026-10-02,WK 40,Alwarpet,Swiggy,Snacks,COCO,TN,435.0,298.0,20.26,703.0,0,1,42.38975817923186,435.0,400-500,40%-50%
Madno,2026-10-02,WK 40,Alwarpet,Zomato,Snacks,COCO,TN,546.1,535.9,27.32,1022.0,0,2,52.43639921722113,273.05,200-300,50%-60%
Frozen Bottle,2026-10-02,WK 40,Ambattur,In Store,Closing,FOFO,TN,355.0,0.0,17.76,355.0,0,1,0.0,355.0,300-400,0%
Frozen Bottle,2026-10-02,WK 40,Ambattur,In Store,Dinner,FOFO,TN,7240.0,0.0,362.12,7240.0,0,25,0.0,289.6,200-300,0%
Frozen Bottle,2026-10-02,WK 40,Ambattur,In Store,Snacks,FOFO,TN,2963.0,0.0,148.18,2963.0,0,8,0.0,370.375,300-400,0%
Frozen Bottle,2026-10-02,WK 40,Ambattur,Swiggy,Dinner,FOFO,TN,2977.0299999999997,881.97,142.38,3729.0,0,7,23.651649235720033,425.28999999999996,400-500,20%-30%
Frozen Bottle,2026-10-02,WK 40,Ambattur,Swiggy,Snacks,FOFO,TN,366.0,252.0,17.32,598.0,0,2,42.14046822742475,183.0,100-200,40%-50%
Boba Bar,2026-10-02,WK 40,Ananth Nagar,Zomato,Snacks,COCO,KA,440.0,140.0,22.0,560.0,0,1,25.0,440.0,400-500,20%-30%
Frozen Bottle,2026-10-02,WK 40,Ananth Nagar,In Store,Dinner,COCO,KA,1848.0,0.0,92.44,1848.0,0,6,0.0,308.0,300-400,0%
Frozen Bottle,2026-10-02,WK 40,Ananth Nagar,In Store,Lunch,COCO,KA,2276.31,0.0,113.84,2276.31,0,9,0.0,252.92333333333332,200-300,0%
Frozen Bottle,2026-10-02,WK 40,Ananth Nagar,In Store,Snacks,COCO,KA,1467.19,0.0,73.38,1467.19,0,5,0.0,293.438,200-300,0%
Frozen Bottle,2026-10-02,WK 40,Ananth Nagar,Swiggy,Dinner,COCO,KA,568.0,492.0,26.4,1020.0,0,2,48.23529411764706,284.0,200-300,40%-50%
Frozen Bottle,2026-10-02,WK 40,Ananth Nagar,Swiggy,Lunch,COCO,KA,913.0,568.0,42.68,1421.0,0,4,39.971850809289236,228.25,200-300,30%-40%
Frozen Bottle,2026-10-02,WK 40,Ananth Nagar,Swiggy,Snacks,COCO,KA,1386.0,814.0,66.8,2150.0,0,6,37.860465116279066,231.0,200-300,30%-40%
Frozen Bottle,2026-10-02,WK 40,Ananth Nagar,Zomato,Dinner,COCO,KA,2037.0,352.0,101.86,2299.0,0,3,15.311004784688995,679.0,600-900,10%-20%
Frozen Bottle,2026-10-02,WK 40,Ananth Nagar,Zomato,Lunch,COCO,KA,381.0,180.0,19.06,541.0,0,2,33.271719038817004,190.5,100-200,30%-40%
Frozen Bottle,2026-10-02,WK 40,Ananth Nagar,Zomato,Snacks,COCO,KA,1523.5,838.5,76.18,2282.0,0,4,36.74408413672217,380.875,300-400,30%-40%
Madno,2026-10-02,WK 40,Ananth Nagar,Swiggy,Lunch,COCO,KA,180.0,140.0,8.5,310.0,0,1,45.16129032258064,180.0,100-200,40%-50%
Madno,2026-10-02,WK 40,Ananth Nagar,Zomato,Breakfast,COCO,KA,366.0,80.0,18.3,426.0,0,2,18.779342723004692,183.0,100-200,10%-20%
Madno,2026-10-02,WK 40,Ananth Nagar,Zomato,Dinner,COCO,KA,911.0,240.0,45.56,1111.0,0,4,21.602160216021602,227.75,200-300,20%-30%
Madno,2026-10-02,WK 40,Ananth Nagar,Zomato,Snacks,COCO,KA,160.5,150.5,8.02,301.0,0,1,50.0,160.5,100-200,40%-50%
Frozen Bottle,2026-10-02,WK 40,Annanagar,In Store,Breakfast,COCO,TN,426.0,0.0,21.3,426.0,0,1,0.0,426.0,400-500,0%
Frozen Bottle,2026-10-02,WK 40,Annanagar,In Store,Dinner,COCO,TN,12587.75,286.26,629.62,12874.01,0,44,2.2235496166307156,286.08522727272725,200-300,1%-10%
Frozen Bottle,2026-10-02,WK 40,Annanagar,In Store,Late Night,COCO,TN,5806.0,0.0,290.46000000000004,5806.0,0,20,0.0,290.3,200-300,0%
Frozen Bottle,2026-10-02,WK 40,Annanagar,In Store,Lunch,COCO,TN,1073.46,0.0,53.7,1073.46,0,4,0.0,268.365,200-300,0%
Frozen Bottle,2026-10-02,WK 40,Annanagar,In Store,Snacks,COCO,TN,3290.25,30.75,164.58,3321.0,0,13,0.9259259259259258,253.09615384615384,200-300,1%-10%
Frozen Bottle,2026-10-02,WK 40,Annanagar,Swiggy,Breakfast,COCO,TN,173.0,117.0,8.16,280.0,0,1,41.785714285714285,173.0,100-200,40%-50%
Frozen Bottle,2026-10-02,WK 40,Annanagar,Swiggy,Dinner,COCO,TN,3606.66,1628.3400000000001,170.88,5045.0,0,13,32.27631318136769,277.4353846153846,200-300,30%-40%
Frozen Bottle,2026-10-02,WK 40,Annanagar,Swiggy,Late Night,COCO,TN,829.0,431.0,38.96,1210.0,0,3,35.6198347107438,276.3333333333333,200-300,30%-40%
Frozen Bottle,2026-10-02,WK 40,Annanagar,Swiggy,Lunch,COCO,TN,2864.01,1343.99,135.74,4058.0,0,10,33.11951700344998,286.401,200-300,30%-40%
Frozen Bottle,2026-10-02,WK 40,Annanagar,Swiggy,Snacks,COCO,TN,1670.01,984.99,79.02,2565.0,0,7,38.40116959064328,238.57285714285715,200-300,30%-40%
Frozen Bottle,2026-10-02,WK 40,Annanagar,Zomato,Dinner,COCO,TN,1693.2,674.8,84.7,2268.0,0,6,29.75308641975308,282.2,200-300,20%-30%
Frozen Bottle,2026-10-02,WK 40,Annanagar,Zomato,Late Night,COCO,TN,1336.5,762.5,66.86,2019.0,0,4,37.766220901436355,334.125,300-400,30%-40%
Frozen Bottle,2026-10-02,WK 40,Annanagar,Zomato,Lunch,COCO,TN,675.6,474.41,33.8,1100.01,0,2,43.12778974736594,337.8,300-400,40%-50%
Frozen Bottle,2026-10-02,WK 40,Annanagar,Zomato,Snacks,COCO,TN,1635.48,1054.52,81.8,2610.0,0,4,40.40306513409961,408.87,400-500,40%-50%
Madno,2026-10-02,WK 40,Annanagar,Swiggy,Dinner,COCO,TN,1202.0,925.0,56.120000000000005,2047.0,0,7,45.18808011724475,171.71428571428572,100-200,40%-50%
Madno,2026-10-02,WK 40,Annanagar,Swiggy,Late Night,COCO,TN,191.0,140.0,9.06,321.0,0,1,43.613707165109034,191.0,100-200,40%-50%
Madno,2026-10-02,WK 40,Annanagar,Swiggy,Snacks,COCO,TN,657.49,142.51,30.88,760.0,0,1,18.751315789473683,657.49,600-900,10%-20%
Madno,2026-10-02,WK 40,Annanagar,Zomato,Dinner,COCO,TN,269.05,270.95,13.44,520.0,0,1,52.105769230769226,269.05,200-300,50%-60%
Madno,2026-10-02,WK 40,Annanagar,Zomato,Snacks,COCO,TN,776.0,0.0,38.8,746.0,0,1,0.0,776.0,600-900,0%
Frozen Bottle,2026-10-02,WK 40,Attibele,In Store,Dinner,FOFO,KA,4444.32,0.0,222.26,4444.32,0,16,0.0,277.77,200-300,0%
Frozen Bottle,2026-10-02,WK 40,Attibele,In Store,Lunch,FOFO,KA,3166.71,0.0,158.38,3166.71,0,9,0.0,351.8566666666667,300-400,0%
Frozen Bottle,2026-10-02,WK 40,Attibele,In Store,Snacks,FOFO,KA,2070.23,0.0,103.56,2070.23,0,11,0.0,188.2027272727273,100-200,0%
Frozen Bottle,2026-10-02,WK 40,Attibele,Swiggy,Lunch,FOFO,KA,1446.0,540.0,70.82,1956.0,0,4,27.607361963190186,361.5,300-400,20%-30%
Frozen Bottle,2026-10-02,WK 40,Attibele,Swiggy,Snacks,FOFO,KA,1298.0,990.0,63.440000000000005,2258.0,0,5,43.844109831709474,259.6,200-300,40%-50%
Frozen Bottle,2026-10-02,WK 40,Attibele,Zomato,Dinner,FOFO,KA,3924.0,475.0,196.22,4229.0,0,5,11.231969732797351,784.8,600-900,10%-20%
Frozen Bottle,2026-10-02,WK 40,Attibele,Zomato,Lunch,FOFO,KA,1851.33,299.99,92.6,2061.32,0,6,14.553295946286845,308.555,300-400,10%-20%
Frozen Bottle,2026-10-02,WK 40,Attibele,Zomato,Snacks,FOFO,KA,1615.3,209.7,80.8,1755.0,0,3,11.948717948717947,538.4333333333333,500-600,10%-20%
Frozen Bottle,2026-10-02,WK 40,Aundh,Zomato,Late Night,FOFO,MH,119.0,100.0,5.96,209.0,0,1,47.84688995215311,119.0,100-200,40%-50%
Boba Bar,2026-10-02,WK 40,Aurangabad- 1,Swiggy,Lunch,FOFO,MH,99.0,91.0,4.96,190.0,0,1,47.89473684210526,99.0,0-100,40%-50%
Frozen Bottle,2026-10-02,WK 40,Aurangabad- 1,In Store,Dinner,FOFO,MH,4013.0,0.0,200.68,4013.0,0,11,0.0,364.8181818181818,300-400,0%
Frozen Bottle,2026-10-02,WK 40,Aurangabad- 1,In Store,Lunch,FOFO,MH,657.0,0.0,32.86,657.0,0,2,0.0,328.5,300-400,0%
Frozen Bottle,2026-10-02,WK 40,Aurangabad- 1,In Store,Snacks,FOFO,MH,2633.0,0.0,131.68,2633.0,0,6,0.0,438.8333333333333,400-500,0%
Frozen Bottle,2026-10-02,WK 40,Aurangabad- 1,Swiggy,Dinner,FOFO,MH,1190.0,0.0,57.5,1150.0,0,2,0.0,595.0,500-600,0%
Frozen Bottle,2026-10-02,WK 40,Aurangabad- 1,Swiggy,Late Night,FOFO,MH,1111.0,0.0,53.56,1071.0,0,3,0.0,370.3333333333333,300-400,0%
Frozen Bottle,2026-10-02,WK 40,Aurangabad- 1,Swiggy,Lunch,FOFO,MH,820.0,0.0,39.5,790.0,0,2,0.0,410.0,400-500,0%
Frozen Bottle,2026-10-02,WK 40,Aurangabad- 1,Swiggy,Snacks,FOFO,MH,960.0,0.0,46.0,920.0,0,2,0.0,480.0,400-500,0%
Frozen Bottle,2026-10-02,WK 40,Aurangabad- 1,Zomato,Dinner,FOFO,MH,2196.5,171.5,109.84,2278.0,0,6,7.528533801580334,366.0833333333333,300-400,1%-10%
Frozen Bottle,2026-10-02,WK 40,Aurangabad- 1,Zomato,Late Night,FOFO,MH,1878.8,150.2,94.0,1939.0,0,6,7.7462609592573495,313.1333333333333,300-400,1%-10%
Frozen Bottle,2026-10-02,WK 40,Aurangabad- 1,Zomato,Lunch,FOFO,MH,638.0,0.0,31.92,618.0,0,2,0.0,319.0,300-400,0%
Frozen Bottle,2026-10-02,WK 40,Aurangabad- 1,Zomato,Snacks,FOFO,MH,829.7,157.3,41.480000000000004,947.0,0,2,16.610348468848997,414.85,400-500,10%-20%
Madno,2026-10-02,WK 40,Aurangabad- 1,Swiggy,Snacks,FOFO,MH,371.01,49.99,17.56,401.0,0,1,12.46633416458853,371.01,300-400,10%-20%
Madno,2026-10-02,WK 40,Aurangabad- 1,Zomato,Late Night,FOFO,MH,282.0,0.0,14.1,262.0,0,1,0.0,282.0,200-300,0%
Madno,2026-10-02,WK 40,Aurangabad- 1,Zomato,Lunch,FOFO,MH,490.0,150.0,24.5,620.0,0,1,24.193548387096776,490.0,400-500,20%-30%
Madno,2026-10-02,WK 40,Aurangabad- 1,Zomato,Snacks,FOFO,MH,371.0,0.0,18.56,361.0,0,1,0.0,371.0,300-400,0%
Boba Bar,2026-10-02,WK 40,Avadi,Zomato,Lunch,FOFO,TN,200.0,0.0,10.0,190.0,0,1,0.0,200.0,100-200,0%
Frozen Bottle,2026-10-02,WK 40,Avadi,In Store,Closing,FOFO,TN,467.0,0.0,23.36,467.0,0,1,0.0,467.0,400-500,0%
Frozen Bottle,2026-10-02,WK 40,Avadi,In Store,Dinner,FOFO,TN,7229.88,0.0,361.64,7229.88,0,25,0.0,289.1952,200-300,0%
Frozen Bottle,2026-10-02,WK 40,Avadi,In Store,Lunch,FOFO,TN,1010.0,0.0,50.519999999999996,1010.0,0,3,0.0,336.6666666666667,300-400,0%
Frozen Bottle,2026-10-02,WK 40,Avadi,In Store,Snacks,FOFO,TN,2679.85,0.0,134.04,2679.85,0,10,0.0,267.985,200-300,0%
Frozen Bottle,2026-10-02,WK 40,Avadi,Swiggy,Dinner,FOFO,TN,1745.66,0.0,83.78,1675.66,0,1,0.0,1745.66,>900,0%
Frozen Bottle,2026-10-02,WK 40,Avadi,Swiggy,Lunch,FOFO,TN,3491.0,0.0,167.06,3341.0,0,5,0.0,698.2,600-900,0%
Frozen Bottle,2026-10-02,WK 40,Avadi,Swiggy,Snacks,FOFO,TN,300.0,0.0,14.5,290.0,0,1,0.0,300.0,200-300,0%
Madno,2026-10-02,WK 40,Avadi,Swiggy,Dinner,FOFO,TN,473.85,0.0,22.2,443.85,0,2,0.0,236.925,200-300,0%
Madno,2026-10-02,WK 40,Avadi,Zomato,Dinner,FOFO,TN,540.0,100.0,27.0,620.0,0,2,16.129032258064516,270.0,200-300,10%-20%
Madno,2026-10-02,WK 40,Avadi,Zomato,Snacks,FOFO,TN,1364.88,455.12,68.26,1710.0,0,2,26.615204678362574,682.44,600-900,20%-30%
Frozen Bottle,2026-10-02,WK 40,Ayyappa Nagar,In Store,Breakfast,FOFO,KA,447.0,0.0,22.36,447.0,0,1,0.0,447.0,400-500,0%
Frozen Bottle,2026-10-02,WK 40,Ayyappa Nagar,In Store,Dinner,FOFO,KA,4796.32,17.6,239.84,4813.92,0,11,0.3656064080832253,436.0290909090909,400-500,1%-10%
Frozen Bottle,2026-10-02,WK 40,Ayyappa Nagar,In Store,Lunch,FOFO,KA,1610.0,0.0,80.52,1610.0,0,5,0.0,322.0,300-400,0%
Frozen Bottle,2026-10-02,WK 40,Ayyappa Nagar,In Store,Snacks,FOFO,KA,1311.0,0.0,65.58,1311.0,0,6,0.0,218.5,200-300,0%
Frozen Bottle,2026-10-02,WK 40,Ayyappa Nagar,Swiggy,Dinner,FOFO,KA,2097.6,989.4,101.42,3017.0,0,9,32.794166390454095,233.06666666666666,200-300,30%-40%
Frozen Bottle,2026-10-02,WK 40,Ayyappa Nagar,Swiggy,Late Night,FOFO,KA,1700.01,366.99,82.04,2007.0,0,5,18.285500747384155,340.002,300-400,10%-20%
Frozen Bottle,2026-10-02,WK 40,Ayyappa Nagar,Swiggy,Lunch,FOFO,KA,245.0,45.0,11.76,280.0,0,1,16.071428571428573,245.0,200-300,10%-20%
Frozen Bottle,2026-10-02,WK 40,Ayyappa Nagar,Swiggy,Snacks,FOFO,KA,651.0,478.0,31.56,1109.0,0,3,43.10189359783589,217.0,200-300,40%-50%
Frozen Bottle,2026-10-02,WK 40,Ayyappa Nagar,Zomato,Breakfast,FOFO,KA,190.0,0.0,9.5,180.0,0,1,0.0,190.0,100-200,0%
Frozen Bottle,2026-10-02,WK 40,Ayyappa Nagar,Zomato,Dinner,FOFO,KA,2156.5,656.5,107.9,2703.0,0,9,24.287828338882722,239.61111111111111,200-300,20%-30%
Frozen Bottle,2026-10-02,WK 40,Ayyappa Nagar,Zomato,Late Night,FOFO,KA,800.3,669.7,40.019999999999996,1420.0,0,3,47.16197183098592,266.76666666666665,200-300,40%-50%
Frozen Bottle,2026-10-02,WK 40,Ayyappa Nagar,Zomato,Lunch,FOFO,KA,2621.3,884.71,131.08,3396.01,0,6,26.051454501017368,436.8833333333334,400-500,20%-30%
Frozen Bottle,2026-10-02,WK 40,Ayyappa Nagar,Zomato,Snacks,FOFO,KA,601.7,210.3,30.1,782.0,0,3,26.892583120204606,200.5666666666667,200-300,20%-30%
Boba Bar,2026-10-02,WK 40,BTM Layout,Swiggy,Dinner,COCO,KA,180.0,189.99,7.5,339.99,0,1,55.88105532515662,180.0,100-200,50%-60%
Boba Bar,2026-10-02,WK 40,BTM Layout,Swiggy,Late Night,COCO,KA,903.0,598.0,41.660000000000004,1431.0,0,4,41.788958770090844,225.75,200-300,40%-50%
Boba Bar,2026-10-02,WK 40,BTM Layout,Swiggy,Snacks,COCO,KA,139.0,124.33,5.96,243.33,0,1,51.09522048247236,139.0,100-200,50%-60%
Boba Bar,2026-10-02,WK 40,BTM Layout,Zomato,Snacks,COCO,KA,400.0,380.0,20.0,760.0,0,1,50.0,400.0,300-400,40%-50%
Frozen Bottle,2026-10-02,WK 40,BTM Layout,In Store,Dinner,COCO,KA,2084.01,69.04,104.26,2153.05,0,12,3.2066138733424676,173.66750000000002,100-200,1%-10%
Frozen Bottle,2026-10-02,WK 40,BTM Layout,In Store,Snacks,COCO,KA,1467.29,69.04,73.4,1536.33,0,7,4.493826196194829,209.61285714285714,200-300,1%-10%
Frozen Bottle,2026-10-02,WK 40,BTM Layout,Ownly,Dinner,COCO,KA,231.2,0.0,11.56,231.2,0,1,0.0,231.2,200-300,0%
Frozen Bottle,2026-10-02,WK 40,BTM Layout,Ownly,Late Night,COCO,KA,1039.5,0.0,51.98,1039.5,0,3,0.0,346.5,300-400,0%
Frozen Bottle,2026-10-02,WK 40,BTM Layout,Ownly,Lunch,COCO,KA,99.0,0.0,4.96,99.0,0,1,0.0,99.0,0-100,0%
Frozen Bottle,2026-10-02,WK 40,BTM Layout,Ownly,Snacks,COCO,KA,277.0,0.0,13.86,277.0,0,2,0.0,138.5,100-200,0%
Frozen Bottle,2026-10-02,WK 40,BTM Layout,Swiggy,Dinner,COCO,KA,3955.0299999999997,2397.9700000000003,188.82,6173.0,0,15,38.84610400129597,263.66866666666664,200-300,30%-40%
Frozen Bottle,2026-10-02,WK 40,BTM Layout,Swiggy,Late Night,COCO,KA,5427.63,3543.37,260.48,8751.0,0,22,40.49102959661753,246.71045454545455,200-300,40%-50%
Frozen Bottle,2026-10-02,WK 40,BTM Layout,Swiggy,Lunch,COCO,KA,108.0,122.0,5.4,230.0,0,1,53.04347826086957,108.0,100-200,50%-60%
Frozen Bottle,2026-10-02,WK 40,BTM Layout,Swiggy,Snacks,COCO,KA,3978.02,2381.98,189.44,6170.0,0,14,38.60583468395462,284.14428571428573,200-300,30%-40%
Frozen Bottle,2026-10-02,WK 40,BTM Layout,Zomato,Dinner,COCO,KA,2801.7,1469.3,140.16,4111.0,0,12,35.740695694478234,233.475,200-300,30%-40%
Frozen Bottle,2026-10-02,WK 40,BTM Layout,Zomato,Late Night,COCO,KA,7524.43,5647.9,376.3,12732.33,0,24,44.35873088429219,313.5179166666667,300-400,40%-50%
Frozen Bottle,2026-10-02,WK 40,BTM Layout,Zomato,Lunch,COCO,KA,863.0,249.0,43.160000000000004,1072.0,0,3,23.227611940298505,287.6666666666667,200-300,20%-30%
Frozen Bottle,2026-10-02,WK 40,BTM Layout,Zomato,Snacks,COCO,KA,1304.2,825.8,65.24000000000001,2070.0,0,4,39.893719806763286,326.05,300-400,30%-40%
Madno,2026-10-02,WK 40,BTM Layout,Ownly,Dinner,COCO,KA,388.0,0.0,19.42,388.0,0,2,0.0,194.0,100-200,0%
Madno,2026-10-02,WK 40,BTM Layout,Ownly,Snacks,COCO,KA,931.33,0.0,46.56,931.33,0,1,0.0,931.33,>900,0%
Madno,2026-10-02,WK 40,BTM Layout,Swiggy,Dinner,COCO,KA,1603.51,871.3399999999999,77.7,2424.85,0,6,35.93376909911953,267.25166666666667,200-300,30%-40%
Madno,2026-10-02,WK 40,BTM Layout,Swiggy,Late Night,COCO,KA,2234.54,829.46,106.72,2964.0,0,6,27.98448043184885,372.42333333333335,300-400,20%-30%
Madno,2026-10-02,WK 40,BTM Layout,Swiggy,Lunch,COCO,KA,456.0,398.0,21.8,834.0,0,2,47.721822541966425,228.0,200-300,40%-50%
Madno,2026-10-02,WK 40,BTM Layout,Swiggy,Snacks,COCO,KA,288.0,280.0,13.4,548.0,0,2,51.09489051094891,144.0,100-200,50%-60%
Madno,2026-10-02,WK 40,BTM Layout,Zomato,Dinner,COCO,KA,2715.4,1019.93,135.82,3605.33,0,8,28.289504705533197,339.425,300-400,20%-30%
Madno,2026-10-02,WK 40,BTM Layout,Zomato,Late Night,COCO,KA,2171.5,852.5,108.6,2894.0,0,8,29.45749827228749,271.4375,200-300,20%-30%
Madno,2026-10-02,WK 40,BTM Layout,Zomato,Lunch,COCO,KA,888.5,220.5,44.44,1059.0,0,5,20.821529745042493,177.7,100-200,20%-30%
Madno,2026-10-02,WK 40,BTM Layout,Zomato,Snacks,COCO,KA,548.0,0.0,27.4,528.0,0,1,0.0,548.0,500-600,0%
Boba Bar,2026-10-02,WK 40,Badlapur,Zomato,Dinner,COCO,MH,300.0,280.0,15.0,560.0,0,1,50.0,300.0,200-300,40%-50%
Frozen Bottle,2026-10-02,WK 40,Badlapur,In Store,Dinner,COCO,MH,1738.0,0.0,86.94,1738.0,0,6,0.0,289.6666666666667,200-300,0%
Frozen Bottle,2026-10-02,WK 40,Badlapur,In Store,Snacks,COCO,MH,2573.0,0.0,128.7,2573.0,0,9,0.0,285.8888888888889,200-300,0%
Frozen Bottle,2026-10-02,WK 40,Badlapur,Swiggy,Dinner,COCO,MH,1943.85,969.33,92.24,2813.18,0,7,34.456735793657,277.6928571428571,200-300,30%-40%
Frozen Bottle,2026-10-02,WK 40,Badlapur,Swiggy,Late Night,COCO,MH,118.0,122.0,5.4,230.0,0,1,53.04347826086957,118.0,100-200,50%-60%
Frozen Bottle,2026-10-02,WK 40,Badlapur,Swiggy,Lunch,COCO,MH,118.0,122.0,5.4,230.0,0,1,53.04347826086957,118.0,100-200,50%-60%
Frozen Bottle,2026-10-02,WK 40,Badlapur,Swiggy,Snacks,COCO,MH,1204.01,686.99,56.72,1821.0,0,4,37.72597473915431,301.0025,300-400,30%-40%
Frozen Bottle,2026-10-02,WK 40,Badlapur,Zomato,Dinner,COCO,MH,1770.42,1031.43,88.53999999999999,2721.85,0,6,37.89444679170417,295.07,200-300,30%-40%
Frozen Bottle,2026-10-02,WK 40,Badlapur,Zomato,Lunch,COCO,MH,1430.4,530.6,71.56,1891.0,0,4,28.059227921734532,357.6,300-400,20%-30%
Frozen Bottle,2026-10-02,WK 40,Badlapur,Zomato,Snacks,COCO,MH,1448.42,856.4300000000001,72.46,2204.85,0,7,38.84300519309704,206.91714285714286,200-300,30%-40%
Madno,2026-10-02,WK 40,Badlapur,Others,Dinner,COCO,MH,153.95,246.06,7.68,380.01,0,1,64.75092760716822,153.95,100-200,60%-70%
Madno,2026-10-02,WK 40,Badlapur,Swiggy,Dinner,COCO,MH,121.0,140.0,5.56,251.0,0,1,55.77689243027888,121.0,100-200,50%-60%
Madno,2026-10-02,WK 40,Badlapur,Swiggy,Late Night,COCO,MH,276.0,140.0,12.8,396.0,0,1,35.35353535353536,276.0,200-300,30%-40%
Madno,2026-10-02,WK 40,Badlapur,Zomato,Lunch,COCO,MH,90.5,80.5,4.52,161.0,0,1,50.0,90.5,0-100,40%-50%
Boba Bar,2026-10-02,WK 40,Banashankari,Swiggy,Dinner,COCO,KA,218.0,182.0,9.9,380.0,0,1,47.89473684210526,218.0,200-300,40%-50%
Frozen Bottle,2026-10-02,WK 40,Banashankari,In Store,Dinner,COCO,KA,7508.72,0.0,375.5,7508.72,0,14,0.0,536.3371428571429,500-600,0%
Frozen Bottle,2026-10-02,WK 40,Banashankari,In Store,Late Night,COCO,KA,217.0,0.0,10.86,217.0,0,1,0.0,217.0,200-300,0%
Frozen Bottle,2026-10-02,WK 40,Banashankari,In Store,Lunch,COCO,KA,1547.23,0.0,77.39999999999999,1547.23,0,5,0.0,309.446,300-400,0%
Frozen Bottle,2026-10-02,WK 40,Banashankari,In Store,Snacks,COCO,KA,676.0,0.0,33.84,676.0,0,4,0.0,169.0,100-200,0%
Frozen Bottle,2026-10-02,WK 40,Banashankari,Ownly,Dinner,COCO,KA,645.0,0.0,32.260000000000005,645.0,0,2,0.0,322.5,300-400,0%
Frozen Bottle,2026-10-02,WK 40,Banashankari,Ownly,Late Night,COCO,KA,99.0,0.0,4.96,99.0,0,1,0.0,99.0,0-100,0%
Frozen Bottle,2026-10-02,WK 40,Banashankari,Ownly,Lunch,COCO,KA,194.25,0.0,9.72,194.25,0,1,0.0,194.25,100-200,0%
Frozen Bottle,2026-10-02,WK 40,Banashankari,Swiggy,Dinner,COCO,KA,3989.0,1450.0,190.51999999999998,5259.0,0,13,27.571781707548965,306.84615384615387,300-400,20%-30%
Frozen Bottle,2026-10-02,WK 40,Banashankari,Swiggy,Late Night,COCO,KA,675.0,475.0,31.28,1100.0,0,5,43.18181818181818,135.0,100-200,40%-50%
Frozen Bottle,2026-10-02,WK 40,Banashankari,Swiggy,Lunch,COCO,KA,1876.0,681.0,90.34,2487.0,0,7,27.38238841978287,268.0,200-300,20%-30%
Frozen Bottle,2026-10-02,WK 40,Banashankari,Swiggy,Snacks,COCO,KA,2808.0,1341.99,135.42000000000002,4049.99,0,9,33.135637371944135,312.0,300-400,30%-40%
Frozen Bottle,2026-10-02,WK 40,Banashankari,Zomato,Dinner,COCO,KA,3492.84,1493.8,174.7,4816.639999999999,0,8,31.01332048897157,436.605,400-500,30%-40%
Frozen Bottle,2026-10-02,WK 40,Banashankari,Zomato,Late Night,COCO,KA,896.8299999999999,664.5,44.86,1501.33,0,4,44.26075546348904,224.20749999999998,200-300,40%-50%
Frozen Bottle,2026-10-02,WK 40,Banashankari,Zomato,Lunch,COCO,KA,3341.4,1027.6,167.12,4209.0,0,8,24.414350201948203,417.675,400-500,20%-30%
Frozen Bottle,2026-10-02,WK 40,Banashankari,Zomato,Snacks,COCO,KA,4599.2300000000005,532.8,230.06,4982.0,0,7,10.6945002007226,657.0328571428572,600-900,10%-20%
Madno,2026-10-02,WK 40,Banashankari,Ownly,Late Night,COCO,KA,299.25,0.0,14.96,299.25,0,1,0.0,299.25,200-300,0%
Madno,2026-10-02,WK 40,Banashankari,Swiggy,Dinner,COCO,KA,1062.0,409.0,50.6,1421.0,0,6,28.782547501759325,177.0,100-200,20%-30%
Madno,2026-10-02,WK 40,Banashankari,Swiggy,Lunch,COCO,KA,318.01,171.99,14.4,460.0,0,1,37.38913043478261,318.01,300-400,30%-40%
Madno,2026-10-02,WK 40,Banashankari,Swiggy,Snacks,COCO,KA,528.0,480.0,25.42,988.0,0,4,48.582995951417004,132.0,100-200,40%-50%
Madno,2026-10-02,WK 40,Banashankari,Zomato,Dinner,COCO,KA,564.8,162.20000000000002,28.240000000000002,697.0,0,3,23.271162123385942,188.26666666666665,100-200,20%-30%
Madno,2026-10-02,WK 40,Banashankari,Zomato,Snacks,COCO,KA,371.0,105.0,18.56,456.0,0,1,23.026315789473685,371.0,300-400,20%-30%
Boba Bar,2026-10-02,WK 40,Baner Road - Pune,Swiggy,Dinner,COCO,MH,138.0,133.0,6.4,261.0,0,1,50.95785440613027,138.0,100-200,50%-60%
Boba Bar,2026-10-02,WK 40,Baner Road - Pune,Swiggy,Lunch,COCO,MH,676.01,355.99,31.8,992.0,0,1,35.88608870967742,676.01,600-900,30%-40%
Frozen Bottle,2026-10-02,WK 40,Baner Road - Pune,In Store,Dinner,COCO,MH,4450.04,1374.19,222.6,5824.23,0,18,23.594363546769276,247.22444444444443,200-300,20%-30%
Frozen Bottle,2026-10-02,WK 40,Baner Road - Pune,In Store,Lunch,COCO,MH,606.0,0.0,30.32,606.0,0,3,0.0,202.0,200-300,0%
Frozen Bottle,2026-10-02,WK 40,Baner Road - Pune,In Store,Snacks,COCO,MH,1857.0,0.0,92.9,1857.0,0,7,0.0,265.2857142857143,200-300,0%
Frozen Bottle,2026-10-02,WK 40,Baner Road - Pune,Swiggy,Closing,COCO,MH,164.0,126.0,7.7,280.0,0,1,45.0,164.0,100-200,40%-50%
Frozen Bottle,2026-10-02,WK 40,Baner Road - Pune,Swiggy,Dinner,COCO,MH,6282.01,3652.99,299.65999999999997,9645.0,0,20,37.87444271643338,314.1005,300-400,30%-40%
Frozen Bottle,2026-10-02,WK 40,Baner Road - Pune,Swiggy,Late Night,COCO,MH,1551.02,976.98,74.08,2458.0,0,6,39.746948738812044,258.50333333333333,200-300,30%-40%
Frozen Bottle,2026-10-02,WK 40,Baner Road - Pune,Swiggy,Lunch,COCO,MH,1779.0,1182.0,82.96000000000001,2841.0,0,6,41.60506863780359,296.5,200-300,40%-50%
Frozen Bottle,2026-10-02,WK 40,Baner Road - Pune,Swiggy,Snacks,COCO,MH,2986.0,2565.0,139.34,5351.0,0,12,47.93496542702299,248.83333333333334,200-300,40%-50%
Frozen Bottle,2026-10-02,WK 40,Baner Road - Pune,Zomato,Dinner,COCO,MH,6663.0,2020.0,333.2,8393.0,0,15,24.067675443822235,444.2,400-500,20%-30%
Frozen Bottle,2026-10-02,WK 40,Baner Road - Pune,Zomato,Late Night,COCO,MH,2771.0,2311.0,138.62,4912.0,0,8,47.04804560260587,346.375,300-400,40%-50%
Frozen Bottle,2026-10-02,WK 40,Baner Road - Pune,Zomato,Lunch,COCO,MH,1331.0,320.0,66.58,1581.0,0,4,20.240354206198607,332.75,300-400,20%-30%
Frozen Bottle,2026-10-02,WK 40,Baner Road - Pune,Zomato,Snacks,COCO,MH,911.0,758.0,45.58,1609.0,0,3,47.11000621504039,303.6666666666667,300-400,40%-50%
Madno,2026-10-02,WK 40,Baner Road - Pune,Swiggy,Dinner,COCO,MH,1016.02,499.98,47.300000000000004,1446.0,0,4,34.57676348547718,254.005,200-300,30%-40%
Madno,2026-10-02,WK 40,Baner Road - Pune,Swiggy,Late Night,COCO,MH,589.0,478.0,27.46,1027.0,0,3,46.54333008763388,196.33333333333334,100-200,40%-50%
Madno,2026-10-02,WK 40,Baner Road - Pune,Swiggy,Lunch,COCO,MH,2094.0,722.0,98.72,2696.0,0,8,26.780415430267063,261.75,200-300,20%-30%
Madno,2026-10-02,WK 40,Baner Road - Pune,Swiggy,Snacks,COCO,MH,968.0,260.0,46.42,1188.0,0,3,21.885521885521886,322.6666666666667,300-400,20%-30%
Madno,2026-10-02,WK 40,Baner Road - Pune,Zomato,Dinner,COCO,MH,1158.0,596.0,57.92,1674.0,0,3,35.603345280764636,386.0,300-400,30%-40%
Madno,2026-10-02,WK 40,Baner Road - Pune,Zomato,Lunch,COCO,MH,1036.5,275.5,51.84,1252.0,0,4,22.004792332268373,259.125,200-300,20%-30%
Frozen Bottle,2026-10-02,WK 40,Banjara Hills,In Store,Dinner,FOFO,AP & TL,2788.25,0.0,139.58,2788.25,0,21,0.0,132.77380952380952,100-200,0%
Frozen Bottle,2026-10-02,WK 40,Banjara Hills,In Store,Late Night,FOFO,AP & TL,420.0,0.0,21.0,420.0,0,2,0.0,210.0,200-300,0%
Frozen Bottle,2026-10-02,WK 40,Banjara Hills,In Store,Lunch,FOFO,AP & TL,1368.0,0.0,68.46000000000001,1368.0,0,8,0.0,171.0,100-200,0%
Frozen Bottle,2026-10-02,WK 40,Banjara Hills,In Store,Snacks,FOFO,AP & TL,1044.05,0.0,52.28,1044.05,0,11,0.0,94.91363636363636,0-100,0%
Frozen Bottle,2026-10-02,WK 40,Banjara Hills,Swiggy,Snacks,FOFO,AP & TL,1181.0,0.0,57.08,1141.0,0,3,0.0,393.6666666666667,300-400,0%
Frozen Bottle,2026-10-02,WK 40,Banjara Hills,Zomato,Dinner,FOFO,AP & TL,555.0,225.0,27.76,750.0,0,3,30.0,185.0,100-200,20%-30%
Frozen Bottle,2026-10-02,WK 40,Banjara Hills,Zomato,Lunch,FOFO,AP & TL,240.0,100.0,12.0,330.0,0,1,30.303030303030305,240.0,200-300,30%-40%
Frozen Bottle,2026-10-02,WK 40,Banjara Hills,Zomato,Snacks,FOFO,AP & TL,272.0,108.0,13.6,360.0,0,2,30.0,136.0,100-200,20%-30%
Boba Bar,2026-10-02,WK 40,Basaveshwarnagar,Ownly,Snacks,COCO,KA,149.0,0.0,7.46,149.0,0,1,0.0,149.0,100-200,0%
Boba Bar,2026-10-02,WK 40,Basaveshwarnagar,Swiggy,Late Night,COCO,KA,247.0,202.0,10.86,419.0,0,1,48.21002386634845,247.0,200-300,40%-50%
Boba Bar,2026-10-02,WK 40,Basaveshwarnagar,Swiggy,Snacks,COCO,KA,236.0,194.0,10.8,410.0,0,1,47.3170731707317,236.0,200-300,40%-50%
Boba Bar,2026-10-02,WK 40,Basaveshwarnagar,Zomato,Late Night,COCO,KA,171.0,100.0,8.56,261.0,0,1,38.31417624521073,171.0,100-200,30%-40%
Boba Bar,2026-10-02,WK 40,Basaveshwarnagar,Zomato,Lunch,COCO,KA,220.75,70.25,11.04,281.0,0,1,25.0,220.75,200-300,20%-30%
Frozen Bottle,2026-10-02,WK 40,Basaveshwarnagar,In Store,Dinner,COCO,KA,4399.0,0.0,220.08,4399.0,0,19,0.0,231.52631578947367,200-300,0%
Frozen Bottle,2026-10-02,WK 40,Basaveshwarnagar,In Store,Late Night,COCO,KA,258.0,0.0,12.92,258.0,0,2,0.0,129.0,100-200,0%
Frozen Bottle,2026-10-02,WK 40,Basaveshwarnagar,In Store,Lunch,COCO,KA,1120.0,0.0,56.0,1120.0,0,5,0.0,224.0,200-300,0%
Frozen Bottle,2026-10-02,WK 40,Basaveshwarnagar,In Store,Snacks,COCO,KA,979.8,143.2,49.040000000000006,1123.0,0,6,12.751558325912733,163.29999999999998,100-200,10%-20%
Frozen Bottle,2026-10-02,WK 40,Basaveshwarnagar,Ownly,Lunch,COCO,KA,1215.2,0.0,60.76,1215.2,0,3,0.0,405.06666666666666,400-500,0%
Frozen Bottle,2026-10-02,WK 40,Basaveshwarnagar,Ownly,Snacks,COCO,KA,1003.28,0.0,50.16,1003.28,0,3,0.0,334.4266666666667,300-400,0%
Frozen Bottle,2026-10-02,WK 40,Basaveshwarnagar,Swiggy,Dinner,COCO,KA,4044.01,2236.99,194.26,6121.0,0,15,36.546152589446166,269.60066666666665,200-300,30%-40%
Frozen Bottle,2026-10-02,WK 40,Basaveshwarnagar,Swiggy,Late Night,COCO,KA,1699.0,1278.0,79.47999999999999,2867.0,0,6,44.57621206836414,283.1666666666667,200-300,40%-50%
Frozen Bottle,2026-10-02,WK 40,Basaveshwarnagar,Swiggy,Lunch,COCO,KA,2114.63,1321.37,99.76,3316.0,0,8,39.84831121833534,264.32875,200-300,30%-40%
Frozen Bottle,2026-10-02,WK 40,Basaveshwarnagar,Swiggy,Snacks,COCO,KA,3585.02,1797.31,170.8,5212.33,0,11,34.48189197537378,325.9109090909091,300-400,30%-40%
Frozen Bottle,2026-10-02,WK 40,Basaveshwarnagar,Zomato,Breakfast,COCO,KA,190.0,0.0,9.5,180.0,0,1,0.0,190.0,100-200,0%
Frozen Bottle,2026-10-02,WK 40,Basaveshwarnagar,Zomato,Dinner,COCO,KA,2015.3,1204.7,100.82,3090.0,0,9,38.98705501618123,223.92222222222222,200-300,30%-40%
Frozen Bottle,2026-10-02,WK 40,Basaveshwarnagar,Zomato,Late Night,COCO,KA,1660.0,1321.0,83.02000000000001,2881.0,0,5,45.85213467545991,332.0,300-400,40%-50%
Frozen Bottle,2026-10-02,WK 40,Basaveshwarnagar,Zomato,Lunch,COCO,KA,1695.9,643.1,84.82,2249.0,0,6,28.59493108048021,282.65000000000003,200-300,20%-30%
Frozen Bottle,2026-10-02,WK 40,Basaveshwarnagar,Zomato,Snacks,COCO,KA,1228.0,1061.0,61.42,2209.0,0,4,48.03078315980082,307.0,300-400,40%-50%
Madno,2026-10-02,WK 40,Basaveshwarnagar,Ownly,Dinner,COCO,KA,476.0,0.0,23.8,476.0,0,1,0.0,476.0,400-500,0%
Madno,2026-10-02,WK 40,Basaveshwarnagar,Ownly,Late Night,COCO,KA,156.0,0.0,7.8,156.0,0,1,0.0,156.0,100-200,0%
Frozen Bottle,2026-10-02,WK 40,Bavdhan,In Store,Dinner,FOFO,MH,711.23,0.0,35.58,711.23,0,3,0.0,237.07666666666668,200-300,0%
Frozen Bottle,2026-10-02,WK 40,Bavdhan,Swiggy,Dinner,FOFO,MH,827.51,103.49000000000001,39.88,901.0,0,2,11.486126526082131,413.755,400-500,10%-20%
Frozen Bottle,2026-10-02,WK 40,Bavdhan,Swiggy,Snacks,FOFO,MH,821.52,157.48,39.08,939.0,0,2,16.771033013844512,410.76,400-500,10%-20%
Frozen Bottle,2026-10-02,WK 40,Bavdhan,Zomato,Dinner,FOFO,MH,989.92,371.08,49.5,1311.0,0,2,28.305110602593437,494.96,400-500,20%-30%
Frozen Bottle,2026-10-02,WK 40,Bavdhan,Zomato,Snacks,FOFO,MH,499.0,50.0,24.96,529.0,0,1,9.45179584120983,499.0,400-500,1%-10%
Boba Bar,2026-10-02,WK 40,Bel Road,Ownly,Snacks,COCO,KA,218.0,0.0,10.92,218.0,0,2,0.0,109.0,100-200,0%
Boba Bar,2026-10-02,WK 40,Bel Road,Swiggy,Dinner,COCO,KA,97.0,133.0,4.36,220.0,0,1,60.45454545454545,97.0,0-100,60%-70%
Boba Bar,2026-10-02,WK 40,Bel Road,Zomato,Lunch,COCO,KA,760.0,140.0,38.0,870.0,0,1,16.091954022988507,760.0,600-900,10%-20%
Frozen Bottle,2026-10-02,WK 40,Bel Road,In Store,Breakfast,COCO,KA,617.0,0.0,30.86,617.0,0,2,0.0,308.5,300-400,0%
Frozen Bottle,2026-10-02,WK 40,Bel Road,In Store,Dinner,COCO,KA,6757.28,0.0,337.94,6757.28,0,24,0.0,281.55333333333334,200-300,0%
Frozen Bottle,2026-10-02,WK 40,Bel Road,In Store,Lunch,COCO,KA,1923.28,0.0,96.2,1923.28,0,9,0.0,213.6977777777778,200-300,0%
Frozen Bottle,2026-10-02,WK 40,Bel Road,In Store,Snacks,COCO,KA,5314.08,0.0,265.84,5314.08,0,24,0.0,221.42,200-300,0%
Frozen Bottle,2026-10-02,WK 40,Bel Road,Ownly,Dinner,COCO,KA,468.0,0.0,23.4,468.0,0,1,0.0,468.0,400-500,0%
Frozen Bottle,2026-10-02,WK 40,Bel Road,Swiggy,Breakfast,COCO,KA,347.0,309.0,16.86,646.0,0,2,47.8328173374613,173.5,100-200,40%-50%
Frozen Bottle,2026-10-02,WK 40,Bel Road,Swiggy,Dinner,COCO,KA,2165.0,1117.0,102.3,3162.0,0,9,35.32574320050601,240.55555555555554,200-300,30%-40%
Frozen Bottle,2026-10-02,WK 40,Bel Road,Swiggy,Late Night,COCO,KA,1466.01,1092.99,68.36,2459.0,0,6,44.44855632370883,244.335,200-300,40%-50%
Frozen Bottle,2026-10-02,WK 40,Bel Road,Swiggy,Lunch,COCO,KA,890.0,506.0,43.040000000000006,1366.0,0,6,37.042459736456806,148.33333333333334,100-200,30%-40%
Frozen Bottle,2026-10-02,WK 40,Bel Road,Swiggy,Snacks,COCO,KA,1568.01,947.99,75.42,2456.0,0,6,38.59894136807818,261.335,200-300,30%-40%
Frozen Bottle,2026-10-02,WK 40,Bel Road,Zomato,Breakfast,COCO,KA,265.0,75.0,13.26,330.0,0,1,22.727272727272727,265.0,200-300,20%-30%
Frozen Bottle,2026-10-02,WK 40,Bel Road,Zomato,Dinner,COCO,KA,1625.7,692.3,81.36,2218.0,0,8,31.212804328223626,203.2125,200-300,30%-40%
Frozen Bottle,2026-10-02,WK 40,Bel Road,Zomato,Late Night,COCO,KA,509.0,300.0,25.46,779.0,0,3,38.51091142490372,169.66666666666666,100-200,30%-40%
Frozen Bottle,2026-10-02,WK 40,Bel Road,Zomato,Lunch,COCO,KA,109.0,100.0,5.46,199.0,0,1,50.25125628140703,109.0,100-200,50%-60%
Frozen Bottle,2026-10-02,WK 40,Bel Road,Zomato,Snacks,COCO,KA,1125.0,775.0,56.28,1840.0,0,5,42.119565217391305,225.0,200-300,40%-50%
Madno,2026-10-02,WK 40,Bel Road,Ownly,Dinner,COCO,KA,312.0,0.0,15.6,312.0,0,1,0.0,312.0,300-400,0%
Madno,2026-10-02,WK 40,Bel Road,Swiggy,Dinner,COCO,KA,2170.01,1261.83,104.02000000000001,3341.84,0,7,37.758540205395825,310.0014285714286,300-400,30%-40%
Madno,2026-10-02,WK 40,Bel Road,Swiggy,Late Night,COCO,KA,108.0,140.0,4.9,238.0,0,1,58.82352941176471,108.0,100-200,50%-60%
Madno,2026-10-02,WK 40,Bel Road,Swiggy,Lunch,COCO,KA,1412.0,361.85,68.10000000000001,1723.85,0,4,20.990805464512576,353.0,300-400,20%-30%
Madno,2026-10-02,WK 40,Bel Road,Swiggy,Snacks,COCO,KA,666.0,544.0,32.3,1190.0,0,4,45.714285714285715,166.5,100-200,40%-50%
Madno,2026-10-02,WK 40,Bel Road,Zomato,Breakfast,COCO,KA,181.0,0.0,9.06,171.0,0,1,0.0,181.0,100-200,0%
Madno,2026-10-02,WK 40,Bel Road,Zomato,Dinner,COCO,KA,1565.0,762.0,78.24,2227.0,0,4,34.216434665469244,391.25,300-400,30%-40%
Madno,2026-10-02,WK 40,Bel Road,Zomato,Lunch,COCO,KA,416.0,0.0,20.8,396.0,0,2,0.0,208.0,200-300,0%
Madno,2026-10-02,WK 40,Bel Road,Zomato,Snacks,COCO,KA,349.0,80.0,17.46,409.0,0,2,19.559902200489,174.5,100-200,10%-20%
Boba Bar,2026-10-02,WK 40,Berhampur,Swiggy,Snacks,FOFO,ROI,169.0,120.0,7.96,279.0,0,1,43.01075268817204,169.0,100-200,40%-50%
Boba Bar,2026-10-02,WK 40,Berhampur,Zomato,Snacks,FOFO,ROI,399.0,0.0,19.96,389.0,0,1,0.0,399.0,300-400,0%
Frozen Bottle,2026-10-02,WK 40,Berhampur,Swiggy,Snacks,FOFO,ROI,1412.0,260.0,67.6,1612.0,0,3,16.129032258064516,470.6666666666667,400-500,10%-20%
Frozen Bottle,2026-10-02,WK 40,Berhampur,Zomato,Dinner,FOFO,ROI,240.0,0.0,12.0,230.0,0,1,0.0,240.0,200-300,0%
Frozen Bottle,2026-10-02,WK 40,Berhampur,Zomato,Lunch,FOFO,ROI,290.0,0.0,14.5,280.0,0,1,0.0,290.0,200-300,0%
Frozen Bottle,2026-10-02,WK 40,Berhampur,Zomato,Snacks,FOFO,ROI,610.0,0.0,30.5,590.0,0,2,0.0,305.0,300-400,0%
Madno,2026-10-02,WK 40,Berhampur,Swiggy,Late Night,FOFO,ROI,311.0,291.0,14.56,582.0,0,1,50.0,311.0,300-400,40%-50%
Boba Bar,2026-10-02,WK 40,Besant Nagar,Swiggy,Lunch,COCO,TN,218.0,182.0,9.9,380.0,0,1,47.89473684210526,218.0,200-300,40%-50%
Boba Bar,2026-10-02,WK 40,Besant Nagar,Zomato,Snacks,COCO,TN,502.0,100.0,25.1,582.0,0,1,17.18213058419244,502.0,500-600,10%-20%
Frozen Bottle,2026-10-02,WK 40,Besant Nagar,In Store,Dinner,COCO,TN,12896.92,138.08,645.14,13035.0,0,50,1.0593018795550442,257.9384,200-300,1%-10%
Frozen Bottle,2026-10-02,WK 40,Besant Nagar,In Store,Lunch,COCO,TN,824.0,0.0,41.22,824.0,0,3,0.0,274.6666666666667,200-300,0%
Frozen Bottle,2026-10-02,WK 40,Besant Nagar,In Store,Snacks,COCO,TN,7994.97,286.26,399.9,8281.23,0,27,3.4567328766378904,296.11,200-300,1%-10%
Frozen Bottle,2026-10-02,WK 40,Besant Nagar,Swiggy,Dinner,COCO,TN,6268.05,3142.95,297.96,9101.0,0,21,34.53411712998572,298.47857142857146,200-300,30%-40%
Frozen Bottle,2026-10-02,WK 40,Besant Nagar,Swiggy,Late Night,COCO,TN,1637.01,762.99,77.88,2320.0,0,4,32.8875,409.2525,400-500,30%-40%
Frozen Bottle,2026-10-02,WK 40,Besant Nagar,Swiggy,Lunch,COCO,TN,3616.01,1244.99,171.32,4671.0,0,9,26.653607364590027,401.7788888888889,400-500,20%-30%
Frozen Bottle,2026-10-02,WK 40,Besant Nagar,Swiggy,Snacks,COCO,TN,986.0,404.0,46.82,1340.0,0,4,30.149253731343283,246.5,200-300,30%-40%
Frozen Bottle,2026-10-02,WK 40,Besant Nagar,Zomato,Dinner,COCO,TN,595.0,425.0,29.78,980.0,0,3,43.36734693877551,198.33333333333334,100-200,40%-50%
Frozen Bottle,2026-10-02,WK 40,Besant Nagar,Zomato,Late Night,COCO,TN,979.0,828.0,48.96,1737.0,0,4,47.66839378238342,244.75,200-300,40%-50%
Frozen Bottle,2026-10-02,WK 40,Besant Nagar,Zomato,Lunch,COCO,TN,480.0,330.0,24.02,780.0,0,3,42.30769230769231,160.0,100-200,40%-50%
Frozen Bottle,2026-10-02,WK 40,Besant Nagar,Zomato,Snacks,COCO,TN,937.0,370.0,46.879999999999995,1257.0,0,2,29.4351630867144,468.5,400-500,20%-30%
Madno,2026-10-02,WK 40,Besant Nagar,Swiggy,Dinner,COCO,TN,557.0,280.0,25.86,797.0,0,3,35.131744040150565,185.66666666666666,100-200,30%-40%
Madno,2026-10-02,WK 40,Besant Nagar,Swiggy,Lunch,COCO,TN,218.0,182.0,9.9,380.0,0,1,47.89473684210526,218.0,200-300,40%-50%
Madno,2026-10-02,WK 40,Besant Nagar,Zomato,Dinner,COCO,TN,366.0,80.0,18.3,426.0,0,1,18.779342723004692,366.0,300-400,10%-20%
Madno,2026-10-02,WK 40,Besant Nagar,Zomato,Late Night,COCO,TN,340.0,0.0,17.0,330.0,0,1,0.0,340.0,300-400,0%
Madno,2026-10-02,WK 40,Besant Nagar,Zomato,Snacks,COCO,TN,694.0,405.0,34.7,1049.0,0,4,38.608198284080075,173.5,100-200,30%-40%
Boba Bar,2026-10-02,WK 40,Bhavanipuram,Zomato,Lunch,FOFO,AP & TL,600.0,0.0,30.0,580.0,0,1,0.0,600.0,500-600,0%
Frozen Bottle,2026-10-02,WK 40,Bhavanipuram,Swiggy,Dinner,FOFO,AP & TL,934.01,224.99,44.72,1119.0,0,3,20.10634495084897,311.33666666666664,300-400,20%-30%
Frozen Bottle,2026-10-02,WK 40,Bhavanipuram,Swiggy,Late Night,FOFO,AP & TL,840.3,209.7,40.02,1010.0,0,3,20.762376237623762,280.09999999999997,200-300,20%-30%
Frozen Bottle,2026-10-02,WK 40,Bhavanipuram,Swiggy,Lunch,FOFO,AP & TL,1427.01,149.99,68.86,1527.0,0,2,9.822527832351016,713.505,600-900,1%-10%
Frozen Bottle,2026-10-02,WK 40,Bhavanipuram,Swiggy,Snacks,FOFO,AP & TL,1490.0,129.0,71.52000000000001,1559.0,0,4,8.274534958306607,372.5,300-400,1%-10%
Frozen Bottle,2026-10-02,WK 40,Bhavanipuram,Zomato,Dinner,FOFO,AP & TL,1420.0,556.0,71.04,1906.0,0,5,29.1710388247639,284.0,200-300,20%-30%
Frozen Bottle,2026-10-02,WK 40,Bhavanipuram,Zomato,Late Night,FOFO,AP & TL,345.0,75.0,17.26,400.0,0,1,18.75,345.0,300-400,10%-20%
Frozen Bottle,2026-10-02,WK 40,Bhavanipuram,Zomato,Lunch,FOFO,AP & TL,325.0,175.0,16.26,480.0,0,2,36.45833333333333,162.5,100-200,30%-40%
Frozen Bottle,2026-10-02,WK 40,Bhavanipuram,Zomato,Snacks,FOFO,AP & TL,109.0,100.0,5.46,199.0,0,1,50.25125628140703,109.0,100-200,50%-60%
Frozen Bottle,2026-10-02,WK 40,Bhopal,Zomato,Dinner,FOFO,ROI,364.0,175.0,18.22,519.0,0,2,33.71868978805395,182.0,100-200,30%-40%
Frozen Bottle,2026-10-02,WK 40,Bhopal,Zomato,Late Night,FOFO,ROI,109.0,100.0,5.46,199.0,0,1,50.25125628140703,109.0,100-200,50%-60%
Frozen Bottle,2026-10-02,WK 40,Bhopal,Zomato,Lunch,FOFO,ROI,109.0,100.0,5.46,199.0,0,1,50.25125628140703,109.0,100-200,50%-60%
Frozen Bottle,2026-10-02,WK 40,Bhopal,Zomato,Snacks,FOFO,ROI,527.0,200.0,26.36,697.0,0,2,28.694404591104732,263.5,200-300,20%-30%
Frozen Bottle,2026-10-02,WK 40,Bhubaneswar 3,In Store,Dinner,FOFO,ROI,467.0,0.0,23.380000000000003,467.0,0,3,0.0,155.66666666666666,100-200,0%
Frozen Bottle,2026-10-02,WK 40,Bhubaneswar 3,Swiggy,Dinner,FOFO,ROI,488.9,151.1,22.96,610.0,0,2,24.770491803278688,244.45,200-300,20%-30%
Frozen Bottle,2026-10-02,WK 40,Bhubaneswar 3,Swiggy,Snacks,FOFO,ROI,378.0,262.0,17.9,620.0,0,1,42.25806451612903,378.0,300-400,40%-50%
Frozen Bottle,2026-10-02,WK 40,Bhubaneswar 3,Zomato,Dinner,FOFO,ROI,909.1,29.9,45.480000000000004,899.0,0,4,3.3259176863181312,227.275,200-300,1%-10%
Frozen Bottle,2026-10-02,WK 40,Bhubaneswar 3,Zomato,Lunch,FOFO,ROI,315.1,33.9,15.76,339.0,0,1,10.0,315.1,300-400,1%-10%
Madno,2026-10-02,WK 40,Bhubaneswar 3,Swiggy,Dinner,FOFO,ROI,268.3,28.7,12.92,287.0,0,1,10.0,268.3,200-300,1%-10%
Madno,2026-10-02,WK 40,Bhubaneswar 3,Swiggy,Late Night,FOFO,ROI,99.0,32.0,4.96,131.0,0,1,24.427480916030532,99.0,0-100,20%-30%
Boba Bar,2026-10-02,WK 40,Boba Bar - Salem,In Store,Dinner,FOFO,TN,2433.46,0.0,121.7,2433.46,0,8,0.0,304.1825,300-400,0%
Boba Bar,2026-10-02,WK 40,Boba Bar - Salem,In Store,Lunch,FOFO,TN,547.46,0.0,27.38,547.46,0,1,0.0,547.46,500-600,0%
Boba Bar,2026-10-02,WK 40,Boba Bar - Salem,In Store,Snacks,FOFO,TN,1253.0,0.0,62.66,1253.0,0,3,0.0,417.6666666666667,400-500,0%
Frozen Bottle,2026-10-02,WK 40,Budigere,In Store,Dinner,FOFO,KA,1537.2,0.0,76.88,1537.2,0,7,0.0,219.6,200-300,0%
Frozen Bottle,2026-10-02,WK 40,Budigere,In Store,Lunch,FOFO,KA,2573.66,0.0,128.67999999999998,2573.66,0,7,0.0,367.6657142857143,300-400,0%
Frozen Bottle,2026-10-02,WK 40,Budigere,In Store,Snacks,FOFO,KA,1842.0,0.0,92.12,1842.0,0,5,0.0,368.4,300-400,0%
Frozen Bottle,2026-10-02,WK 40,Budigere,Swiggy,Lunch,FOFO,KA,443.5,156.5,21.68,590.0,0,2,26.525423728813557,221.75,200-300,20%-30%
Frozen Bottle,2026-10-02,WK 40,Budigere,Zomato,Dinner,FOFO,KA,1158.33,149.34,57.92,1257.67,0,3,11.874339055555113,386.10999999999996,300-400,10%-20%
Frozen Bottle,2026-10-02,WK 40,Budigere,Zomato,Lunch,FOFO,KA,169.0,80.0,8.46,239.0,0,1,33.47280334728033,169.0,100-200,30%-40%
Boba Bar,2026-10-02,WK 40,Byculla,Swiggy,Closing,COCO,MH,100.0,126.66,5.0,226.66,0,1,55.88105532515662,100.0,0-100,50%-60%
Boba Bar,2026-10-02,WK 40,Byculla,Swiggy,Dinner,COCO,MH,308.0,322.99,14.9,620.99,0,2,52.012109695808306,154.0,100-200,50%-60%
Boba Bar,2026-10-02,WK 40,Byculla,Zomato,Late Night,COCO,MH,660.0,140.0,33.02,760.0,0,1,18.421052631578945,660.0,600-900,10%-20%
Frozen Bottle,2026-10-02,WK 40,Byculla,In Store,Dinner,COCO,MH,1413.0,0.0,70.7,1413.0,0,6,0.0,235.5,200-300,0%
Frozen Bottle,2026-10-02,WK 40,Byculla,In Store,Lunch,COCO,MH,169.0,0.0,8.46,169.0,0,1,0.0,169.0,100-200,0%
Frozen Bottle,2026-10-02,WK 40,Byculla,In Store,Snacks,COCO,MH,626.0,0.0,31.32,626.0,0,3,0.0,208.66666666666666,200-300,0%
Frozen Bottle,2026-10-02,WK 40,Byculla,Swiggy,Closing,COCO,MH,109.0,99.0,4.96,198.0,0,1,50.0,109.0,100-200,40%-50%
Frozen Bottle,2026-10-02,WK 40,Byculla,Swiggy,Dinner,COCO,MH,3127.0,1952.0,145.9,4869.0,0,9,40.09036763195728,347.44444444444446,300-400,40%-50%
Frozen Bottle,2026-10-02,WK 40,Byculla,Swiggy,Late Night,COCO,MH,1865.0,1037.0,89.76,2832.0,0,8,36.617231638418076,233.125,200-300,30%-40%
Frozen Bottle,2026-10-02,WK 40,Byculla,Swiggy,Lunch,COCO,MH,903.0,656.0,42.160000000000004,1499.0,0,3,43.762508338892594,301.0,300-400,40%-50%
Frozen Bottle,2026-10-02,WK 40,Byculla,Swiggy,Snacks,COCO,MH,707.0,653.0,33.36,1320.0,0,3,49.46969696969697,235.66666666666666,200-300,40%-50%
Frozen Bottle,2026-10-02,WK 40,Byculla,Zomato,Closing,COCO,MH,240.0,100.0,12.0,330.0,0,1,30.303030303030305,240.0,200-300,30%-40%
Frozen Bottle,2026-10-02,WK 40,Byculla,Zomato,Dinner,COCO,MH,4460.7,1544.3,223.08,5815.0,0,14,26.557179707652622,318.62142857142857,300-400,20%-30%
Frozen Bottle,2026-10-02,WK 40,Byculla,Zomato,Late Night,COCO,MH,3822.0,3322.0,191.14,6914.0,0,12,48.04743997685855,318.5,300-400,40%-50%
Frozen Bottle,2026-10-02,WK 40,Byculla,Zomato,Lunch,COCO,MH,1086.3000000000002,290.7,54.32,1337.0,0,3,21.74270755422588,362.1000000000001,300-400,20%-30%
Frozen Bottle,2026-10-02,WK 40,Byculla,Zomato,Snacks,COCO,MH,499.0,150.0,24.96,629.0,0,2,23.84737678855326,249.5,200-300,20%-30%
Madno,2026-10-02,WK 40,Byculla,Swiggy,Dinner,COCO,MH,616.0,204.0,28.8,780.0,0,2,26.153846153846157,308.0,300-400,20%-30%
Madno,2026-10-02,WK 40,Byculla,Swiggy,Snacks,COCO,MH,99.0,91.0,4.96,190.0,0,1,47.89473684210526,99.0,0-100,40%-50%
Madno,2026-10-02,WK 40,Byculla,Zomato,Dinner,COCO,MH,840.0,0.0,42.0,820.0,0,1,0.0,840.0,600-900,0%
Boba Bar,2026-10-02,WK 40,CBD Belapur,Zomato,Dinner,FOFO,MH,456.0,125.0,22.8,561.0,0,1,22.281639928698752,456.0,400-500,20%-30%
Frozen Bottle,2026-10-02,WK 40,CBD Belapur,Swiggy,Snacks,FOFO,MH,357.0,363.0,16.38,690.0,0,3,52.60869565217391,119.0,100-200,50%-60%
Frozen Bottle,2026-10-02,WK 40,CBD Belapur,Zomato,Dinner,FOFO,MH,901.0,300.0,45.06,1161.0,0,2,25.839793281653744,450.5,400-500,20%-30%
Frozen Bottle,2026-10-02,WK 40,CBD Belapur,Zomato,Lunch,FOFO,MH,140.0,100.0,7.0,230.0,0,1,43.47826086956522,140.0,100-200,40%-50%
Frozen Bottle,2026-10-02,WK 40,Chandra Layout,In Store,Dinner,FOFO,KA,1512.28,0.0,75.64,1512.28,0,8,0.0,189.035,100-200,0%
Frozen Bottle,2026-10-02,WK 40,Chandra Layout,In Store,Late Night,FOFO,KA,458.0,0.0,22.9,458.0,0,1,0.0,458.0,400-500,0%
Frozen Bottle,2026-10-02,WK 40,Chandra Layout,In Store,Lunch,FOFO,KA,660.3,202.79999999999998,33.02,863.1,0,4,23.49669794925269,165.075,100-200,20%-30%
Frozen Bottle,2026-10-02,WK 40,Chandra Layout,In Store,Snacks,FOFO,KA,812.0,0.0,40.64,812.0,0,5,0.0,162.4,100-200,0%
Frozen Bottle,2026-10-02,WK 40,Chandra Layout,Swiggy,Closing,FOFO,KA,329.0,101.0,16.46,430.0,0,1,23.488372093023255,329.0,300-400,20%-30%
Frozen Bottle,2026-10-02,WK 40,Chandra Layout,Swiggy,Dinner,FOFO,KA,216.0,214.0,10.8,430.0,0,1,49.76744186046512,216.0,200-300,40%-50%
Frozen Bottle,2026-10-02,WK 40,Chandra Layout,Swiggy,Late Night,FOFO,KA,1089.0,308.0,52.48,1357.0,0,5,22.697126013264555,217.8,200-300,20%-30%
Frozen Bottle,2026-10-02,WK 40,Chandra Layout,Swiggy,Lunch,FOFO,KA,1843.51,543.49,89.22,2327.0,0,5,23.35582294800172,368.702,300-400,20%-30%
Frozen Bottle,2026-10-02,WK 40,Chandra Layout,Swiggy,Snacks,FOFO,KA,749.0,310.0,36.46,1039.0,0,3,29.836381135707413,249.66666666666666,200-300,20%-30%
Frozen Bottle,2026-10-02,WK 40,Chandra Layout,Zomato,Breakfast,FOFO,KA,109.0,100.0,5.46,199.0,0,1,50.25125628140703,109.0,100-200,50%-60%
Frozen Bottle,2026-10-02,WK 40,Chandra Layout,Zomato,Dinner,FOFO,KA,1506.0,865.0,75.34,2281.0,0,7,37.92196405085489,215.14285714285714,200-300,30%-40%
Frozen Bottle,2026-10-02,WK 40,Chandra Layout,Zomato,Lunch,FOFO,KA,771.4,280.6,38.58,1012.0,0,3,27.727272727272727,257.1333333333333,200-300,20%-30%
Frozen Bottle,2026-10-02,WK 40,Chandra Layout,Zomato,Snacks,FOFO,KA,255.0,75.0,12.76,320.0,0,1,23.4375,255.0,200-300,20%-30%
Boba Bar,2026-10-02,WK 40,Channasandra,Zomato,Late Night,COCO,KA,174.25,54.75,8.72,219.0,0,1,25.0,174.25,100-200,20%-30%
Boba Bar,2026-10-02,WK 40,Channasandra,Zomato,Lunch,COCO,KA,933.5,137.5,46.7,1031.0,0,2,13.336566440349177,466.75,400-500,10%-20%
Frozen Bottle,2026-10-02,WK 40,Channasandra,In Store,Dinner,COCO,KA,2401.46,0.0,120.10000000000001,2401.46,0,10,0.0,240.14600000000002,200-300,0%
Frozen Bottle,2026-10-02,WK 40,Channasandra,In Store,Lunch,COCO,KA,340.23,0.0,17.020000000000003,340.23,0,3,0.0,113.41000000000001,100-200,0%
Frozen Bottle,2026-10-02,WK 40,Channasandra,In Store,Snacks,COCO,KA,863.0,0.0,43.18,863.0,0,3,0.0,287.6666666666667,200-300,0%
Frozen Bottle,2026-10-02,WK 40,Channasandra,Ownly,Lunch,COCO,KA,837.0,0.0,41.86,837.0,0,2,0.0,418.5,400-500,0%
Frozen Bottle,2026-10-02,WK 40,Channasandra,Swiggy,Dinner,COCO,KA,3416.89,1881.1100000000001,162.88,5138.0,0,13,36.61171662125341,262.8376923076923,200-300,30%-40%
Frozen Bottle,2026-10-02,WK 40,Channasandra,Swiggy,Late Night,COCO,KA,233.0,126.0,11.16,349.0,0,1,36.10315186246418,233.0,200-300,30%-40%
Frozen Bottle,2026-10-02,WK 40,Channasandra,Swiggy,Lunch,COCO,KA,1266.26,561.74,60.82,1778.0,0,7,31.59392575928009,180.8942857142857,100-200,30%-40%
Frozen Bottle,2026-10-02,WK 40,Channasandra,Swiggy,Snacks,COCO,KA,1874.0,243.0,90.2,2047.0,0,3,11.871030776746458,624.6666666666666,600-900,10%-20%
Frozen Bottle,2026-10-02,WK 40,Channasandra,Zomato,Breakfast,COCO,KA,645.0,309.01,32.26,914.01,0,1,33.80816402446363,645.0,600-900,30%-40%
Frozen Bottle,2026-10-02,WK 40,Channasandra,Zomato,Dinner,COCO,KA,2571.9,886.1,128.66,3338.0,0,8,26.545835829838225,321.4875,300-400,20%-30%
Frozen Bottle,2026-10-02,WK 40,Channasandra,Zomato,Late Night,COCO,KA,109.0,100.0,5.46,199.0,0,1,50.25125628140703,109.0,100-200,50%-60%
Frozen Bottle,2026-10-02,WK 40,Channasandra,Zomato,Lunch,COCO,KA,1185.9,393.09000000000003,59.32000000000001,1518.99,0,4,25.878379712835503,296.475,200-300,20%-30%
Frozen Bottle,2026-10-02,WK 40,Channasandra,Zomato,Snacks,COCO,KA,2942.0,1293.0,147.18,4085.0,0,12,31.65238678090575,245.16666666666666,200-300,30%-40%
Madno,2026-10-02,WK 40,Channasandra,Ownly,Dinner,COCO,KA,160.0,0.0,8.0,160.0,0,1,0.0,160.0,100-200,0%
Madno,2026-10-02,WK 40,Channasandra,Swiggy,Dinner,COCO,KA,818.02,552.98,37.92,1311.0,0,3,42.18001525553013,272.67333333333335,200-300,40%-50%
Madno,2026-10-02,WK 40,Channasandra,Swiggy,Late Night,COCO,KA,417.0,223.0,20.86,640.0,0,2,34.84375,208.5,200-300,30%-40%
Madno,2026-10-02,WK 40,Channasandra,Swiggy,Lunch,COCO,KA,396.0,183.0,19.8,579.0,0,2,31.606217616580313,198.0,100-200,30%-40%
Madno,2026-10-02,WK 40,Channasandra,Swiggy,Snacks,COCO,KA,937.01,409.99,45.86,1327.0,0,3,30.89600602863602,312.33666666666664,300-400,30%-40%
Madno,2026-10-02,WK 40,Channasandra,Zomato,Dinner,COCO,KA,566.15,472.84999999999997,28.32,999.0,0,2,47.33233233233233,283.075,200-300,40%-50%
Madno,2026-10-02,WK 40,Channasandra,Zomato,Lunch,COCO,KA,148.6,59.4,7.44,198.0,0,1,30.0,148.6,100-200,20%-30%
Boba Bar,2026-10-02,WK 40,Chikkabellandur,Swiggy,Dinner,FOFO,KA,99.0,91.0,4.96,190.0,0,1,47.89473684210526,99.0,0-100,40%-50%
Frozen Bottle,2026-10-02,WK 40,Chikkabellandur,In Store,Dinner,FOFO,KA,3076.14,0.0,153.84,3076.14,0,12,0.0,256.34499999999997,200-300,0%
Frozen Bottle,2026-10-02,WK 40,Chikkabellandur,In Store,Late Night,FOFO,KA,127.0,0.0,6.36,127.0,0,1,0.0,127.0,100-200,0%
Frozen Bottle,2026-10-02,WK 40,Chikkabellandur,In Store,Lunch,FOFO,KA,2588.85,0.0,129.52,2588.85,0,9,0.0,287.65,200-300,0%
Frozen Bottle,2026-10-02,WK 40,Chikkabellandur,In Store,Snacks,FOFO,KA,2505.2799999999997,0.0,125.28,2505.2799999999997,0,9,0.0,278.3644444444444,200-300,0%
Frozen Bottle,2026-10-02,WK 40,Chikkabellandur,Swiggy,Dinner,FOFO,KA,928.28,319.71999999999997,43.92,1198.0,0,4,26.687813021702834,232.07,200-300,20%-30%
Frozen Bottle,2026-10-02,WK 40,Chikkabellandur,Swiggy,Late Night,FOFO,KA,787.72,191.28,37.9,949.0,0,2,20.15595363540569,393.86,300-400,20%-30%
Frozen Bottle,2026-10-02,WK 40,Chikkabellandur,Swiggy,Lunch,FOFO,KA,90.0,109.0,4.5,199.0,0,1,54.773869346733676,90.0,0-100,50%-60%
Frozen Bottle,2026-10-02,WK 40,Chikkabellandur,Swiggy,Snacks,FOFO,KA,2130.6800000000003,947.32,102.54,2998.0,0,2,31.598398932621752,1065.3400000000001,>900,30%-40%
Frozen Bottle,2026-10-02,WK 40,Chikkabellandur,Zomato,Dinner,FOFO,KA,1467.2,237.8,73.38,1635.0,0,6,14.544342507645261,244.53333333333333,200-300,10%-20%
Frozen Bottle,2026-10-02,WK 40,Chikkabellandur,Zomato,Late Night,FOFO,KA,918.0,150.0,45.92,1028.0,0,3,14.591439688715955,306.0,300-400,10%-20%
Frozen Bottle,2026-10-02,WK 40,Chikkabellandur,Zomato,Snacks,FOFO,KA,956.4,79.6,47.82,996.0,0,3,7.991967871485943,318.8,300-400,1%-10%
Madno,2026-10-02,WK 40,Chikkabellandur,Swiggy,Dinner,FOFO,KA,192.4,45.6,9.12,228.0,0,1,20.0,192.4,100-200,10%-20%
Madno,2026-10-02,WK 40,Chikkabellandur,Swiggy,Late Night,FOFO,KA,190.0,38.0,9.5,228.0,0,1,16.666666666666664,190.0,100-200,10%-20%
Madno,2026-10-02,WK 40,Chikkabellandur,Swiggy,Lunch,FOFO,KA,180.0,201.0,9.0,381.0,0,1,52.75590551181102,180.0,100-200,50%-60%
Madno,2026-10-02,WK 40,Chikkabellandur,Swiggy,Snacks,FOFO,KA,630.0,706.0,31.5,1336.0,0,2,52.84431137724551,315.0,300-400,50%-60%
Madno,2026-10-02,WK 40,Chikkabellandur,Zomato,Dinner,FOFO,KA,342.0,0.0,17.12,322.0,0,1,0.0,342.0,300-400,0%
Madno,2026-10-02,WK 40,Chikkabellandur,Zomato,Late Night,FOFO,KA,966.8,84.2,48.34,1011.0,0,3,8.328387734915925,322.26666666666665,300-400,1%-10%
Frozen Bottle,2026-10-02,WK 40,Chikkanayakanahalli,In Store,Dinner,FOFO,KA,3333.48,0.0,166.74,3333.48,0,17,0.0,196.08705882352942,100-200,0%
Frozen Bottle,2026-10-02,WK 40,Chikkanayakanahalli,In Store,Lunch,FOFO,KA,1158.23,0.0,57.92,1158.23,0,3,0.0,386.07666666666665,300-400,0%
Frozen Bottle,2026-10-02,WK 40,Chikkanayakanahalli,In Store,Snacks,FOFO,KA,2587.69,0.0,129.48000000000002,2587.69,0,10,0.0,258.769,200-300,0%
Frozen Bottle,2026-10-02,WK 40,Chikkanayakanahalli,Swiggy,Dinner,FOFO,KA,349.0,0.0,16.96,339.0,0,1,0.0,349.0,300-400,0%
Frozen Bottle,2026-10-02,WK 40,Chikkanayakanahalli,Swiggy,Snacks,FOFO,KA,607.0,0.0,28.86,577.0,0,2,0.0,303.5,300-400,0%
Frozen Bottle,2026-10-02,WK 40,Chikkanayakanahalli,Zomato,Lunch,FOFO,KA,1838.0,0.0,91.92,1778.0,0,3,0.0,612.6666666666666,600-900,0%
Frozen Bottle,2026-10-02,WK 40,Chikkanayakanahalli,Zomato,Snacks,FOFO,KA,321.0,0.0,16.06,311.0,0,1,0.0,321.0,300-400,0%
Frozen Bottle,2026-10-02,WK 40,City Mall Kota,In Store,Dinner,FOFO,ROI,2353.1,0.0,117.68,2353.1,0,7,0.0,336.15714285714284,300-400,0%
Frozen Bottle,2026-10-02,WK 40,City Mall Kota,In Store,Lunch,FOFO,ROI,1342.0,0.0,67.14,1342.0,0,6,0.0,223.66666666666666,200-300,0%
Frozen Bottle,2026-10-02,WK 40,City Mall Kota,In Store,Snacks,FOFO,ROI,3745.23,0.0,187.34,3745.23,0,12,0.0,312.1025,300-400,0%
Frozen Bottle,2026-10-02,WK 40,City Mall Kota,Swiggy,Dinner,FOFO,ROI,470.0,0.0,22.5,450.0,0,1,0.0,470.0,400-500,0%
Frozen Bottle,2026-10-02,WK 40,City Mall Kota,Zomato,Lunch,FOFO,ROI,679.0,130.0,33.980000000000004,779.0,0,2,16.68806161745828,339.5,300-400,10%-20%
Frozen Bottle,2026-10-02,WK 40,DLF Gachibowli,In Store,Closing,FOFO,AP & TL,1810.0,0.0,90.52,1810.0,0,2,0.0,905.0,>900,0%
Frozen Bottle,2026-10-02,WK 40,DLF Gachibowli,In Store,Dinner,FOFO,AP & TL,10170.69,0.0,508.68,10170.69,0,28,0.0,363.2389285714286,300-400,0%
Frozen Bottle,2026-10-02,WK 40,DLF Gachibowli,In Store,Late Night,FOFO,AP & TL,1059.23,0.0,53.0,1059.23,0,5,0.0,211.846,200-300,0%
Frozen Bottle,2026-10-02,WK 40,DLF Gachibowli,In Store,Lunch,FOFO,AP & TL,803.0,0.0,40.16,803.0,0,3,0.0,267.6666666666667,200-300,0%
Frozen Bottle,2026-10-02,WK 40,DLF Gachibowli,In Store,Snacks,FOFO,AP & TL,2574.0,0.0,128.72,2574.0,0,6,0.0,429.0,400-500,0%
Frozen Bottle,2026-10-02,WK 40,DLF Gachibowli,Swiggy,Dinner,FOFO,AP & TL,480.0,0.0,23.0,460.0,0,1,0.0,480.0,400-500,0%
Frozen Bottle,2026-10-02,WK 40,DLF Gachibowli,Swiggy,Lunch,FOFO,AP & TL,590.0,0.0,28.5,570.0,0,1,0.0,590.0,500-600,0%
Frozen Bottle,2026-10-02,WK 40,DLF Gachibowli,Swiggy,Snacks,FOFO,AP & TL,340.0,0.0,16.5,330.0,0,1,0.0,340.0,300-400,0%
Frozen Bottle,2026-10-02,WK 40,DLF Gachibowli,Zomato,Dinner,FOFO,AP & TL,695.0,225.0,34.78,890.0,0,3,25.280898876404496,231.66666666666666,200-300,20%-30%
Frozen Bottle,2026-10-02,WK 40,DLF Gachibowli,Zomato,Snacks,FOFO,AP & TL,771.0,150.0,38.56,891.0,0,2,16.835016835016837,385.5,300-400,10%-20%
Boba Bar,2026-10-02,WK 40,Dahisar,Swiggy,Dinner,COCO,MH,179.01,170.5,8.96,349.51,0,1,48.78258132814512,179.01,100-200,40%-50%
Frozen Bottle,2026-10-02,WK 40,Dahisar,In Store,Dinner,COCO,MH,2166.11,101.89,108.32,2268.0,0,8,4.492504409171076,270.76375,200-300,1%-10%
Frozen Bottle,2026-10-02,WK 40,Dahisar,In Store,Late Night,COCO,MH,567.0,0.0,28.36,567.0,0,2,0.0,283.5,200-300,0%
Frozen Bottle,2026-10-02,WK 40,Dahisar,In Store,Snacks,COCO,MH,804.0,0.0,40.22,804.0,0,3,0.0,268.0,200-300,0%
Frozen Bottle,2026-10-02,WK 40,Dahisar,Swiggy,Closing,COCO,MH,466.0,398.0,21.32,824.0,0,2,48.30097087378641,233.0,200-300,40%-50%
Frozen Bottle,2026-10-02,WK 40,Dahisar,Swiggy,Dinner,COCO,MH,2494.0,1588.0,118.74,3962.0,0,7,40.08076728924785,356.2857142857143,300-400,40%-50%
Frozen Bottle,2026-10-02,WK 40,Dahisar,Swiggy,Late Night,COCO,MH,364.01,385.84,16.2,709.85,0,2,54.35514545326476,182.005,100-200,50%-60%
Frozen Bottle,2026-10-02,WK 40,Dahisar,Swiggy,Lunch,COCO,MH,658.0,593.0,30.42,1201.0,0,4,49.37552039966695,164.5,100-200,40%-50%
Frozen Bottle,2026-10-02,WK 40,Dahisar,Swiggy,Snacks,COCO,MH,1369.0,1161.0,63.48,2430.0,0,6,47.77777777777778,228.16666666666666,200-300,40%-50%
Frozen Bottle,2026-10-02,WK 40,Dahisar,Zomato,Closing,COCO,MH,400.0,211.0,20.02,581.0,0,1,36.316695352839936,400.0,300-400,30%-40%
Frozen Bottle,2026-10-02,WK 40,Dahisar,Zomato,Dinner,COCO,MH,3721.32,2013.53,186.12,5524.85,0,11,36.44497135668841,338.3018181818182,300-400,30%-40%
Frozen Bottle,2026-10-02,WK 40,Dahisar,Zomato,Late Night,COCO,MH,1330.0,795.0,66.54,2045.0,0,5,38.87530562347188,266.0,200-300,30%-40%
Frozen Bottle,2026-10-02,WK 40,Dahisar,Zomato,Lunch,COCO,MH,880.0,700.0,44.0,1530.0,0,2,45.751633986928105,440.0,400-500,40%-50%
Frozen Bottle,2026-10-02,WK 40,Dahisar,Zomato,Snacks,COCO,MH,1443.5,442.5,72.18,1816.0,0,4,24.366740088105725,360.875,300-400,20%-30%
Madno,2026-10-02,WK 40,Dahisar,Swiggy,Dinner,COCO,MH,337.0,380.0,15.86,697.0,0,3,54.51936872309899,112.33333333333333,100-200,50%-60%
Madno,2026-10-02,WK 40,Dahisar,Swiggy,Late Night,COCO,MH,357.0,333.0,16.36,660.0,0,1,50.45454545454545,357.0,300-400,50%-60%
Madno,2026-10-02,WK 40,Dahisar,Swiggy,Lunch,COCO,MH,218.0,182.0,9.9,380.0,0,1,47.89473684210526,218.0,200-300,40%-50%
Madno,2026-10-02,WK 40,Dahisar,Swiggy,Snacks,COCO,MH,247.0,203.0,11.36,430.0,0,2,47.20930232558139,123.5,100-200,40%-50%
Madno,2026-10-02,WK 40,Dahisar,Zomato,Dinner,COCO,MH,1609.5,791.5,80.47999999999999,2321.0,0,4,34.101680310211115,402.375,400-500,30%-40%
Madno,2026-10-02,WK 40,Dahisar,Zomato,Late Night,COCO,MH,444.5,115.5,22.240000000000002,540.0,0,2,21.38888888888889,222.25,200-300,20%-30%
Madno,2026-10-02,WK 40,Dahisar,Zomato,Lunch,COCO,MH,842.5,742.5,42.14,1535.0,0,3,48.37133550488599,280.8333333333333,200-300,40%-50%
Madno,2026-10-02,WK 40,Dahisar,Zomato,Snacks,COCO,MH,421.0,401.0,21.04,802.0,0,2,50.0,210.5,200-300,40%-50%
Frozen Bottle,2026-10-02,WK 40,Dhanori,In Store,Breakfast,FOFO,MH,169.0,0.0,8.46,169.0,0,1,0.0,169.0,100-200,0%
Frozen Bottle,2026-10-02,WK 40,Dhanori,In Store,Dinner,FOFO,MH,2377.0,0.0,118.88,2377.0,0,8,0.0,297.125,200-300,0%
Frozen Bottle,2026-10-02,WK 40,Dhanori,In Store,Lunch,FOFO,MH,2049.36,0.0,102.48,2049.36,0,2,0.0,1024.68,>900,0%
Frozen Bottle,2026-10-02,WK 40,Dhanori,In Store,Snacks,FOFO,MH,1123.0,0.0,56.18,1123.0,0,4,0.0,280.75,200-300,0%
Frozen Bottle,2026-10-02,WK 40,Dhanori,Swiggy,Lunch,FOFO,MH,223.5,67.5,10.68,281.0,0,1,24.02135231316726,223.5,200-300,20%-30%
Frozen Bottle,2026-10-02,WK 40,Dhanori,Swiggy,Snacks,FOFO,MH,232.5,67.5,11.12,290.0,0,1,23.275862068965516,232.5,200-300,20%-30%
Frozen Bottle,2026-10-02,WK 40,Dhanori,Zomato,Dinner,FOFO,MH,715.0,225.0,35.76,910.0,0,2,24.725274725274726,357.5,300-400,20%-30%
Frozen Bottle,2026-10-02,WK 40,Dhanori,Zomato,Lunch,FOFO,MH,736.0,125.0,36.8,831.0,0,2,15.042117930204574,368.0,300-400,10%-20%
Frozen Bottle,2026-10-02,WK 40,Dhanori,Zomato,Snacks,FOFO,MH,2240.0,600.01,112.04,2750.01,0,6,21.818466114668674,373.3333333333333,300-400,20%-30%
Frozen Bottle,2026-10-02,WK 40,Dharmapuri,In Store,Breakfast,FOFO,TN,268.0,0.0,13.4,268.0,0,1,0.0,268.0,200-300,0%
Frozen Bottle,2026-10-02,WK 40,Dharmapuri,In Store,Dinner,FOFO,TN,7866.79,0.0,393.48,7866.79,0,29,0.0,271.26862068965517,200-300,0%
Frozen Bottle,2026-10-02,WK 40,Dharmapuri,In Store,Lunch,FOFO,TN,6540.0,0.0,327.02,6540.0,0,15,0.0,436.0,400-500,0%
Frozen Bottle,2026-10-02,WK 40,Dharmapuri,In Store,Snacks,FOFO,TN,9550.41,0.0,477.65999999999997,9550.41,0,30,0.0,318.347,300-400,0%
Frozen Bottle,2026-10-02,WK 40,Dharmapuri,Swiggy,Lunch,FOFO,TN,1820.85,0.0,87.56,1750.85,0,4,0.0,455.2125,400-500,0%
Frozen Bottle,2026-10-02,WK 40,Dharmapuri,Zomato,Dinner,FOFO,TN,1270.0,0.0,63.52,1220.0,0,2,0.0,635.0,600-900,0%
Frozen Bottle,2026-10-02,WK 40,Dharmapuri,Zomato,Lunch,FOFO,TN,1469.0,0.0,73.52,1399.0,0,4,0.0,367.25,300-400,0%
Frozen Bottle,2026-10-02,WK 40,Dindigul,In Store,Breakfast,FOFO,TN,249.0,0.0,12.46,249.0,0,1,0.0,249.0,200-300,0%
Frozen Bottle,2026-10-02,WK 40,Dindigul,In Store,Dinner,FOFO,TN,2014.0,0.0,100.74,2014.0,0,8,0.0,251.75,200-300,0%
Frozen Bottle,2026-10-02,WK 40,Dindigul,In Store,Lunch,FOFO,TN,1630.0,0.0,81.5,1630.0,0,4,0.0,407.5,400-500,0%
Frozen Bottle,2026-10-02,WK 40,Dindigul,In Store,Snacks,FOFO,TN,815.0,0.0,40.76,815.0,0,3,0.0,271.6666666666667,200-300,0%
Frozen Bottle,2026-10-02,WK 40,Dindigul,Swiggy,Lunch,FOFO,TN,1182.0,0.0,57.120000000000005,1142.0,0,2,0.0,591.0,500-600,0%
Frozen Bottle,2026-10-02,WK 40,Dindigul,Swiggy,Snacks,FOFO,TN,501.33,0.0,23.56,471.33,0,1,0.0,501.33,500-600,0%
Frozen Bottle,2026-10-02,WK 40,Dindigul,Zomato,Dinner,FOFO,TN,1478.5,292.5,73.94,1711.0,0,4,17.095265926358856,369.625,300-400,10%-20%
Frozen Bottle,2026-10-02,WK 40,Dindigul,Zomato,Lunch,FOFO,TN,2650.5,438.5,132.58,2959.0,0,8,14.819195674214262,331.3125,300-400,10%-20%
Frozen Bottle,2026-10-02,WK 40,Dindigul,Zomato,Snacks,FOFO,TN,339.2,79.8,16.96,399.0,0,2,20.0,169.6,100-200,10%-20%
Frozen Bottle,2026-10-02,WK 40,Dombivali Experia,In Store,Dinner,FOFO,MH,16198.0,0.0,810.1,16198.0,0,38,0.0,426.2631578947368,400-500,0%
Frozen Bottle,2026-10-02,WK 40,Dombivali Experia,In Store,Lunch,FOFO,MH,5966.23,0.0,298.4,5966.23,0,22,0.0,271.1922727272727,200-300,0%
Frozen Bottle,2026-10-02,WK 40,Dombivali Experia,In Store,Snacks,FOFO,MH,9741.0,0.0,487.22,9741.0,0,36,0.0,270.5833333333333,200-300,0%
Frozen Bottle,2026-10-02,WK 40,Dombivali Experia,Zomato,Closing,FOFO,MH,380.0,200.0,19.0,560.0,0,2,35.714285714285715,190.0,100-200,30%-40%
Frozen Bottle,2026-10-02,WK 40,Edappally,In Store,Closing,FOFO,Kerela,865.0,0.0,43.26,865.0,0,1,0.0,865.0,600-900,0%
Frozen Bottle,2026-10-02,WK 40,Edappally,In Store,Dinner,FOFO,Kerela,1502.0,0.0,75.12,1502.0,0,5,0.0,300.4,300-400,0%
Frozen Bottle,2026-10-02,WK 40,Edappally,In Store,Late Night,FOFO,Kerela,249.0,0.0,12.46,249.0,0,1,0.0,249.0,200-300,0%
Frozen Bottle,2026-10-02,WK 40,Edappally,In Store,Lunch,FOFO,Kerela,823.0,0.0,41.160000000000004,823.0,0,3,0.0,274.3333333333333,200-300,0%
Frozen Bottle,2026-10-02,WK 40,Edappally,In Store,Snacks,FOFO,Kerela,1848.0,0.0,92.42,1848.0,0,7,0.0,264.0,200-300,0%
Frozen Bottle,2026-10-02,WK 40,Edappally,Swiggy,Dinner,FOFO,Kerela,589.0,81.0,28.48,650.0,0,3,12.461538461538462,196.33333333333334,100-200,10%-20%
Frozen Bottle,2026-10-02,WK 40,Edappally,Swiggy,Late Night,FOFO,Kerela,379.0,0.0,17.96,359.0,0,1,0.0,379.0,300-400,0%
Frozen Bottle,2026-10-02,WK 40,Edappally,Swiggy,Lunch,FOFO,Kerela,340.0,0.0,16.5,330.0,0,1,0.0,340.0,300-400,0%
Frozen Bottle,2026-10-02,WK 40,Edappally,Swiggy,Snacks,FOFO,Kerela,556.0,240.0,27.8,796.0,0,1,30.15075376884422,556.0,500-600,30%-40%
Frozen Bottle,2026-10-02,WK 40,Edappally,Zomato,Dinner,FOFO,Kerela,1661.0,0.0,83.06,1601.0,0,5,0.0,332.2,300-400,0%
Frozen Bottle,2026-10-02,WK 40,Edappally,Zomato,Late Night,FOFO,Kerela,627.0,0.0,31.36,597.0,0,1,0.0,627.0,600-900,0%
Frozen Bottle,2026-10-02,WK 40,Edappally,Zomato,Lunch,FOFO,Kerela,948.0,0.0,47.42,918.0,0,3,0.0,316.0,300-400,0%
Boba Bar,2026-10-02,WK 40,Electronic city,Swiggy,Late Night,FOFO,KA,727.0,187.32999999999998,35.36,894.3299999999999,0,2,20.94640680733063,363.5,300-400,20%-30%
Boba Bar,2026-10-02,WK 40,Electronic city,Swiggy,Snacks,FOFO,KA,269.75,134.57999999999998,12.98,394.33,0,2,34.12877539116983,134.875,100-200,30%-40%
Boba Bar,2026-10-02,WK 40,Electronic city,Zomato,Snacks,FOFO,KA,338.0,0.0,16.92,318.0,0,2,0.0,169.0,100-200,0%
Frozen Bottle,2026-10-02,WK 40,Electronic city,In Store,Breakfast,FOFO,KA,39.0,0.0,1.96,39.0,0,1,0.0,39.0,0-100,0%
Frozen Bottle,2026-10-02,WK 40,Electronic city,In Store,Dinner,FOFO,KA,3292.42,0.0,164.66,3292.42,0,9,0.0,365.82444444444445,300-400,0%
Frozen Bottle,2026-10-02,WK 40,Electronic city,In Store,Late Night,FOFO,KA,7285.98,0.0,364.29999999999995,7285.98,0,3,0.0,2428.66,>900,0%
Frozen Bottle,2026-10-02,WK 40,Electronic city,In Store,Lunch,FOFO,KA,1166.1399999999999,0.0,58.32,1166.1399999999999,0,5,0.0,233.22799999999998,200-300,0%
Frozen Bottle,2026-10-02,WK 40,Electronic city,In Store,Snacks,FOFO,KA,4168.5,0.0,208.48000000000002,4168.5,0,10,0.0,416.85,400-500,0%
Frozen Bottle,2026-10-02,WK 40,Electronic city,Ownly,Dinner,FOFO,KA,1209.2,0.0,60.480000000000004,1209.2,0,4,0.0,302.3,300-400,0%
Frozen Bottle,2026-10-02,WK 40,Electronic city,Ownly,Late Night,FOFO,KA,890.75,0.0,44.54,890.75,0,4,0.0,222.6875,200-300,0%
Frozen Bottle,2026-10-02,WK 40,Electronic city,Ownly,Snacks,FOFO,KA,566.4,0.0,28.34,566.4,0,2,0.0,283.2,200-300,0%
Frozen Bottle,2026-10-02,WK 40,Electronic city,Swiggy,Dinner,FOFO,KA,5927.67,530.97,284.44,6218.64,0,15,8.53836208560071,395.178,300-400,1%-10%
Frozen Bottle,2026-10-02,WK 40,Electronic city,Swiggy,Late Night,FOFO,KA,2884.68,550.3199999999999,138.24,3315.0,0,8,16.600904977375563,360.585,300-400,10%-20%
Frozen Bottle,2026-10-02,WK 40,Electronic city,Swiggy,Lunch,FOFO,KA,548.51,112.49,26.42,641.0,0,1,17.54914196567863,548.51,500-600,10%-20%
Frozen Bottle,2026-10-02,WK 40,Electronic city,Swiggy,Snacks,FOFO,KA,1166.88,212.12,55.36,1319.0,0,5,16.081880212282034,233.37600000000003,200-300,10%-20%
Frozen Bottle,2026-10-02,WK 40,Electronic city,Zomato,Dinner,FOFO,KA,4312.4,1396.93,215.68,5499.33,0,16,25.40182167645877,269.525,200-300,20%-30%
Frozen Bottle,2026-10-02,WK 40,Electronic city,Zomato,Late Night,FOFO,KA,2399.9,958.1,120.06,3248.0,0,8,29.498152709359605,299.9875,200-300,20%-30%
Frozen Bottle,2026-10-02,WK 40,Electronic city,Zomato,Lunch,FOFO,KA,891.0,350.0,44.58,1191.0,0,4,29.38706968933669,222.75,200-300,20%-30%
Frozen Bottle,2026-10-02,WK 40,Electronic city,Zomato,Snacks,FOFO,KA,3692.48,954.52,184.62,4497.0,0,9,21.225706026239717,410.27555555555557,400-500,20%-30%
Madno,2026-10-02,WK 40,Electronic city,Zomato,Dinner,FOFO,KA,201.0,0.0,10.06,191.0,0,1,0.0,201.0,200-300,0%
Madno,2026-10-02,WK 40,Electronic city,Zomato,Snacks,FOFO,KA,208.0,0.0,10.4,198.0,0,1,0.0,208.0,200-300,0%
Boba Bar,2026-10-02,WK 40,Erode,Swiggy,Dinner,COCO,TN,89.0,80.0,3.96,159.0,0,1,50.314465408805034,89.0,0-100,50%-60%
Boba Bar,2026-10-02,WK 40,Erode,Swiggy,Late Night,COCO,TN,897.0,503.0,42.36,1350.0,0,3,37.25925925925926,299.0,200-300,30%-40%
Boba Bar,2026-10-02,WK 40,Erode,Zomato,Lunch,COCO,TN,349.25,109.75,17.46,439.0,0,2,25.0,174.625,100-200,20%-30%
Frozen Bottle,2026-10-02,WK 40,Erode,In Store,Dinner,COCO,TN,6395.79,0.0,319.84,6395.79,0,15,0.0,426.386,400-500,0%
Frozen Bottle,2026-10-02,WK 40,Erode,In Store,Lunch,COCO,TN,1325.33,0.0,66.30000000000001,1325.33,0,5,0.0,265.066,200-300,0%
Frozen Bottle,2026-10-02,WK 40,Erode,In Store,Snacks,COCO,TN,1611.0,0.0,80.56,1611.0,0,4,0.0,402.75,400-500,0%
Frozen Bottle,2026-10-02,WK 40,Erode,Swiggy,Breakfast,COCO,TN,293.0,206.0,13.66,479.0,0,1,43.0062630480167,293.0,200-300,40%-50%
Frozen Bottle,2026-10-02,WK 40,Erode,Swiggy,Dinner,COCO,TN,3518.01,1481.99,167.96,4840.0,0,12,30.61962809917355,293.1675,200-300,30%-40%
Frozen Bottle,2026-10-02,WK 40,Erode,Swiggy,Late Night,COCO,TN,614.0,496.0,28.7,1070.0,0,4,46.35514018691589,153.5,100-200,40%-50%
Frozen Bottle,2026-10-02,WK 40,Erode,Swiggy,Lunch,COCO,TN,3549.66,2194.34,167.54,5544.0,0,12,39.580447330447335,295.805,200-300,30%-40%
Frozen Bottle,2026-10-02,WK 40,Erode,Swiggy,Snacks,COCO,TN,2264.0,665.0,107.74000000000001,2819.0,0,7,23.589925505498403,323.42857142857144,300-400,20%-30%
Frozen Bottle,2026-10-02,WK 40,Erode,Zomato,Dinner,COCO,TN,3469.0,1316.0,173.52,4635.0,0,10,28.392664509169364,346.9,300-400,20%-30%
Frozen Bottle,2026-10-02,WK 40,Erode,Zomato,Late Night,COCO,TN,190.0,0.0,9.5,180.0,0,1,0.0,190.0,100-200,0%
Frozen Bottle,2026-10-02,WK 40,Erode,Zomato,Lunch,COCO,TN,2039.0,671.0,102.0,2620.0,0,6,25.610687022900763,339.8333333333333,300-400,20%-30%
Frozen Bottle,2026-10-02,WK 40,Erode,Zomato,Snacks,COCO,TN,3102.98,1106.0,155.18,4089.0,0,6,27.048178038640252,517.1633333333333,500-600,20%-30%
Madno,2026-10-02,WK 40,Erode,Swiggy,Dinner,COCO,TN,1518.0,746.0,71.4,2174.0,0,6,34.314627414903406,253.0,200-300,30%-40%
Madno,2026-10-02,WK 40,Erode,Swiggy,Late Night,COCO,TN,577.0,492.0,26.86,1029.0,0,2,47.8134110787172,288.5,200-300,40%-50%
Madno,2026-10-02,WK 40,Erode,Swiggy,Lunch,COCO,TN,590.0,140.0,28.0,700.0,0,2,20.0,295.0,200-300,10%-20%
Madno,2026-10-02,WK 40,Erode,Swiggy,Snacks,COCO,TN,567.01,279.99,26.36,807.0,0,2,34.69516728624535,283.505,200-300,30%-40%
Madno,2026-10-02,WK 40,Erode,Zomato,Dinner,COCO,TN,1412.65,727.34,70.64,2049.99,0,4,35.480173074015,353.1625,300-400,30%-40%
Madno,2026-10-02,WK 40,Erode,Zomato,Late Night,COCO,TN,1166.0,618.0,58.32,1704.0,0,3,36.267605633802816,388.6666666666667,300-400,30%-40%
Madno,2026-10-02,WK 40,Erode,Zomato,Lunch,COCO,TN,297.55,302.45,14.88,580.0,0,1,52.14655172413792,297.55,200-300,50%-60%
Madno,2026-10-02,WK 40,Erode,Zomato,Snacks,COCO,TN,360.0,150.0,18.0,490.0,0,2,30.612244897959183,180.0,100-200,30%-40%
Boba Bar,2026-10-02,WK 40,Express Avenue Mall,Swiggy,Dinner,COCO,TN,409.0,80.0,19.96,479.0,0,2,16.701461377870565,204.5,200-300,10%-20%
Frozen Bottle,2026-10-02,WK 40,Express Avenue Mall,In Store,Dinner,COCO,TN,11472.46,0.0,573.9,11472.46,0,41,0.0,279.8160975609756,200-300,0%
Frozen Bottle,2026-10-02,WK 40,Express Avenue Mall,In Store,Late Night,COCO,TN,423.69,221.31,21.18,645.0,0,3,34.311627906976746,141.23,100-200,30%-40%
Frozen Bottle,2026-10-02,WK 40,Express Avenue Mall,In Store,Lunch,COCO,TN,8961.23,0.0,448.3,8961.23,0,38,0.0,235.82184210526316,200-300,0%
Frozen Bottle,2026-10-02,WK 40,Express Avenue Mall,In Store,Snacks,COCO,TN,14028.23,0.0,701.76,14028.23,0,57,0.0,246.109298245614,200-300,0%
Frozen Bottle,2026-10-02,WK 40,Express Avenue Mall,Swiggy,Dinner,COCO,TN,1318.0,842.0,62.42,2090.0,0,7,40.28708133971292,188.28571428571428,100-200,40%-50%
Frozen Bottle,2026-10-02,WK 40,Express Avenue Mall,Swiggy,Late Night,COCO,TN,1365.0,764.0,64.25999999999999,2049.0,0,4,37.28648121034651,341.25,300-400,30%-40%
Frozen Bottle,2026-10-02,WK 40,Express Avenue Mall,Swiggy,Lunch,COCO,TN,1770.0,1163.0,83.5,2833.0,0,4,41.05188845746559,442.5,400-500,40%-50%
Frozen Bottle,2026-10-02,WK 40,Express Avenue Mall,Swiggy,Snacks,COCO,TN,804.0,796.0,37.7,1550.0,0,3,51.354838709677416,268.0,200-300,50%-60%
Frozen Bottle,2026-10-02,WK 40,Express Avenue Mall,Zomato,Dinner,COCO,TN,3943.2,2099.8,197.2,5843.0,0,10,35.93701865480062,394.32,300-400,30%-40%
Frozen Bottle,2026-10-02,WK 40,Express Avenue Mall,Zomato,Late Night,COCO,TN,125.0,115.0,6.26,230.0,0,1,50.0,125.0,100-200,40%-50%
Frozen Bottle,2026-10-02,WK 40,Express Avenue Mall,Zomato,Lunch,COCO,TN,1388.0,480.0,69.44,1798.0,0,5,26.696329254727473,277.6,200-300,20%-30%
Frozen Bottle,2026-10-02,WK 40,Express Avenue Mall,Zomato,Snacks,COCO,TN,726.5,385.5,36.32,1072.0,0,2,35.96082089552239,363.25,300-400,30%-40%
Madno,2026-10-02,WK 40,Express Avenue Mall,Swiggy,Dinner,COCO,TN,664.0,228.0,31.200000000000003,852.0,0,3,26.76056338028169,221.33333333333334,200-300,20%-30%
Madno,2026-10-02,WK 40,Express Avenue Mall,Swiggy,Lunch,COCO,TN,1173.0,242.0,55.160000000000004,1345.0,0,4,17.992565055762082,293.25,200-300,10%-20%
Madno,2026-10-02,WK 40,Express Avenue Mall,Swiggy,Snacks,COCO,TN,708.01,295.99,32.9,954.0,0,1,31.02620545073375,708.01,600-900,30%-40%
Madno,2026-10-02,WK 40,Express Avenue Mall,Zomato,Late Night,COCO,TN,311.5,281.5,15.58,563.0,0,2,50.0,155.75,100-200,40%-50%
Madno,2026-10-02,WK 40,Express Avenue Mall,Zomato,Lunch,COCO,TN,320.5,300.5,16.02,601.0,0,1,50.0,320.5,300-400,40%-50%
Madno,2026-10-02,WK 40,Express Avenue Mall,Zomato,Snacks,COCO,TN,806.0,90.0,40.3,856.0,0,1,10.514018691588785,806.0,600-900,10%-20%
Frozen Bottle,2026-10-02,WK 40,FC Road,In Store,Breakfast,FOFO,MH,249.0,0.0,12.46,249.0,0,1,0.0,249.0,200-300,0%
Frozen Bottle,2026-10-02,WK 40,FC Road,In Store,Dinner,FOFO,MH,1522.0,0.0,76.14,1522.0,0,6,0.0,253.66666666666666,200-300,0%
Frozen Bottle,2026-10-02,WK 40,FC Road,In Store,Lunch,FOFO,MH,1300.0,0.0,65.03999999999999,1300.0,0,6,0.0,216.66666666666666,200-300,0%
Frozen Bottle,2026-10-02,WK 40,FC Road,In Store,Snacks,FOFO,MH,2715.0,0.0,135.79999999999998,2715.0,0,8,0.0,339.375,300-400,0%
Frozen Bottle,2026-10-02,WK 40,FC Road,Swiggy,Dinner,FOFO,MH,1860.01,149.99,89.5,1940.0,0,3,7.731443298969072,620.0033333333333,600-900,1%-10%
Frozen Bottle,2026-10-02,WK 40,FC Road,Swiggy,Late Night,FOFO,MH,178.0,2.0,8.9,180.0,0,1,1.1111111111111112,178.0,100-200,1%-10%
Frozen Bottle,2026-10-02,WK 40,FC Road,Swiggy,Snacks,FOFO,MH,180.0,141.0,8.5,311.0,0,1,45.337620578778136,180.0,100-200,40%-50%
Frozen Bottle,2026-10-02,WK 40,FC Road,Zomato,Dinner,FOFO,MH,2626.0,155.0,131.32,2701.0,0,3,5.738615327656423,875.3333333333334,600-900,1%-10%
Frozen Bottle,2026-10-02,WK 40,FC Road,Zomato,Late Night,FOFO,MH,1500.0,709.0,75.03999999999999,2129.0,0,3,33.30201972757163,500.0,400-500,30%-40%
Frozen Bottle,2026-10-02,WK 40,FC Road,Zomato,Snacks,FOFO,MH,1020.0,0.0,51.0,990.0,0,1,0.0,1020.0,>900,0%
Boba Bar,2026-10-02,WK 40,Frazer Town,Swiggy,Snacks,COCO,KA,179.0,206.66,8.96,385.66,0,1,53.586060260332935,179.0,100-200,50%-60%
Frozen Bottle,2026-10-02,WK 40,Frazer Town,In Store,Dinner,COCO,KA,2799.46,0.0,140.04,2799.46,0,10,0.0,279.946,200-300,0%
Frozen Bottle,2026-10-02,WK 40,Frazer Town,In Store,Lunch,COCO,KA,718.71,0.0,35.94,718.71,0,4,0.0,179.6775,100-200,0%
Frozen Bottle,2026-10-02,WK 40,Frazer Town,In Store,Snacks,COCO,KA,506.0,0.0,25.299999999999997,506.0,0,2,0.0,253.0,200-300,0%
Frozen Bottle,2026-10-02,WK 40,Frazer Town,Ownly,Dinner,COCO,KA,99.0,0.0,4.96,99.0,0,1,0.0,99.0,0-100,0%
Frozen Bottle,2026-10-02,WK 40,Frazer Town,Ownly,Lunch,COCO,KA,99.0,0.0,4.96,99.0,0,1,0.0,99.0,0-100,0%
Frozen Bottle,2026-10-02,WK 40,Frazer Town,Swiggy,Dinner,COCO,KA,3551.0,2013.0,172.58,5464.0,0,10,36.841142020497806,355.1,300-400,30%-40%
Frozen Bottle,2026-10-02,WK 40,Frazer Town,Swiggy,Late Night,COCO,KA,831.0,439.0,40.56,1250.0,0,3,35.120000000000005,277.0,200-300,30%-40%
Frozen Bottle,2026-10-02,WK 40,Frazer Town,Swiggy,Lunch,COCO,KA,1260.0,856.0,60.519999999999996,2066.0,0,6,41.43272023233301,210.0,200-300,40%-50%
Frozen Bottle,2026-10-02,WK 40,Frazer Town,Swiggy,Snacks,COCO,KA,934.0,586.0,45.22,1490.0,0,4,39.328859060402685,233.5,200-300,30%-40%
Frozen Bottle,2026-10-02,WK 40,Frazer Town,Zomato,Dinner,COCO,KA,2890.0,1720.99,144.56,4440.99,0,8,38.75239529924634,361.25,300-400,30%-40%
Frozen Bottle,2026-10-02,WK 40,Frazer Town,Zomato,Late Night,COCO,KA,459.0,430.0,22.96,859.0,0,2,50.05820721769499,229.5,200-300,50%-60%
Frozen Bottle,2026-10-02,WK 40,Frazer Town,Zomato,Lunch,COCO,KA,927.0,330.0,46.36,1207.0,0,4,27.340513670256833,231.75,200-300,20%-30%
Frozen Bottle,2026-10-02,WK 40,Frazer Town,Zomato,Snacks,COCO,KA,1675.0,645.0,83.82,2230.0,0,5,28.923766816143498,335.0,300-400,20%-30%
Madno,2026-10-02,WK 40,Frazer Town,Ownly,Dinner,COCO,KA,109.85,0.0,5.5,109.85,0,1,0.0,109.85,100-200,0%
Madno,2026-10-02,WK 40,Frazer Town,Swiggy,Dinner,COCO,KA,1081.0,371.32,52.56,1422.3200000000002,0,4,26.10664266831655,270.25,200-300,20%-30%
Madno,2026-10-02,WK 40,Frazer Town,Swiggy,Late Night,COCO,KA,141.0,140.0,6.56,271.0,0,1,51.66051660516605,141.0,100-200,50%-60%
Madno,2026-10-02,WK 40,Frazer Town,Swiggy,Lunch,COCO,KA,404.0,210.32999999999998,20.22,614.33,0,2,34.23729917145508,202.0,200-300,30%-40%
Madno,2026-10-02,WK 40,Frazer Town,Swiggy,Snacks,COCO,KA,160.0,38.0,8.0,198.0,0,1,19.19191919191919,160.0,100-200,10%-20%
Madno,2026-10-02,WK 40,Frazer Town,Zomato,Dinner,COCO,KA,208.0,0.0,10.4,198.0,0,1,0.0,208.0,200-300,0%
Madno,2026-10-02,WK 40,Frazer Town,Zomato,Lunch,COCO,KA,212.0,193.33,10.62,375.33,0,1,51.5093384488317,212.0,200-300,50%-60%
Frozen Bottle,2026-10-02,WK 40,GIP GOA,In Store,Dinner,FOFO,ROI,1442.0,0.0,72.14,1442.0,0,6,0.0,240.33333333333334,200-300,0%
Frozen Bottle,2026-10-02,WK 40,GIP GOA,In Store,Snacks,FOFO,ROI,1621.0,0.0,81.08,1621.0,0,6,0.0,270.1666666666667,200-300,0%
Frozen Bottle,2026-10-02,WK 40,GIP GOA,Swiggy,Dinner,FOFO,ROI,289.0,1.0,14.46,290.0,0,1,0.3448275862068966,289.0,200-300,1%-10%
Frozen Bottle,2026-10-02,WK 40,Gangadham,In Store,Late Night,FOFO,MH,1054.0,0.0,52.72,1054.0,0,4,0.0,263.5,200-300,0%
Frozen Bottle,2026-10-02,WK 40,Gangadham,In Store,Lunch,FOFO,MH,697.0,0.0,34.86,697.0,0,2,0.0,348.5,300-400,0%
Frozen Bottle,2026-10-02,WK 40,Gangadham,In Store,Snacks,FOFO,MH,498.0,0.0,24.9,498.0,0,1,0.0,498.0,400-500,0%
Frozen Bottle,2026-10-02,WK 40,Gangadham,Swiggy,Dinner,FOFO,MH,109.0,131.0,4.96,230.0,0,1,56.95652173913044,109.0,100-200,50%-60%
Frozen Bottle,2026-10-02,WK 40,Gangadham,Swiggy,Lunch,FOFO,MH,327.0,393.0,14.86,690.0,0,2,56.95652173913044,163.5,100-200,50%-60%
Frozen Bottle,2026-10-02,WK 40,Gangadham,Swiggy,Snacks,FOFO,MH,1111.51,928.49,54.1,2010.0,0,4,46.19353233830846,277.8775,200-300,40%-50%
Frozen Bottle,2026-10-02,WK 40,Gangadham,Zomato,Dinner,FOFO,MH,2058.0,600.0,102.94,2578.0,0,5,23.273855702094647,411.6,400-500,20%-30%
Frozen Bottle,2026-10-02,WK 40,Gangadham,Zomato,Late Night,FOFO,MH,289.0,200.0,14.46,469.0,0,2,42.643923240938165,144.5,100-200,40%-50%
Frozen Bottle,2026-10-02,WK 40,Gangadham,Zomato,Lunch,FOFO,MH,1548.0,200.0,77.4,1698.0,0,2,11.778563015312132,774.0,600-900,10%-20%
Frozen Bottle,2026-10-02,WK 40,Gangadham,Zomato,Snacks,FOFO,MH,1211.0,350.0,60.56,1501.0,0,4,23.317788141239173,302.75,300-400,20%-30%
Frozen Bottle,2026-10-02,WK 40,Ghaziabad-1,Swiggy,Lunch,FOFO,ROI,548.0,41.0,27.4,589.0,0,1,6.960950764006792,548.0,500-600,1%-10%
Frozen Bottle,2026-10-02,WK 40,Ghaziabad-1,Zomato,Lunch,FOFO,ROI,1020.4,240.6,51.0,1221.0,0,2,19.705159705159705,510.2,500-600,10%-20%
Frozen Bottle,2026-10-02,WK 40,Ghaziabad-1,Zomato,Snacks,FOFO,ROI,665.8,66.2,33.28,712.0,0,1,9.297752808988765,665.8,600-900,1%-10%
Boba Bar,2026-10-02,WK 40,Guduvanchery,Swiggy,Dinner,COCO,TN,169.0,0.0,7.96,159.0,0,1,0.0,169.0,100-200,0%
Boba Bar,2026-10-02,WK 40,Guduvanchery,Swiggy,Lunch,COCO,TN,404.5,123.5,19.72,518.0,0,1,23.84169884169884,404.5,400-500,20%-30%
Boba Bar,2026-10-02,WK 40,Guduvanchery,Swiggy,Snacks,COCO,TN,138.0,132.0,6.4,260.0,0,1,50.76923076923077,138.0,100-200,50%-60%
Boba Bar,2026-10-02,WK 40,Guduvanchery,Zomato,Lunch,COCO,TN,300.0,280.0,15.0,560.0,0,1,50.0,300.0,200-300,40%-50%
Frozen Bottle,2026-10-02,WK 40,Guduvanchery,In Store,Dinner,COCO,TN,9289.88,69.04,464.59999999999997,9358.92,0,33,0.7376919559094426,281.51151515151514,200-300,1%-10%
Frozen Bottle,2026-10-02,WK 40,Guduvanchery,In Store,Lunch,COCO,TN,1217.46,0.0,60.900000000000006,1217.46,0,7,0.0,173.92285714285714,100-200,0%
Frozen Bottle,2026-10-02,WK 40,Guduvanchery,In Store,Snacks,COCO,TN,9653.23,1112.0,482.8,10765.23,0,36,10.329551714176102,268.1452777777778,200-300,10%-20%
Frozen Bottle,2026-10-02,WK 40,Guduvanchery,Swiggy,Dinner,COCO,TN,4360.05,1588.95,208.02,5749.0,0,10,27.638719777352584,436.005,400-500,20%-30%
Frozen Bottle,2026-10-02,WK 40,Guduvanchery,Swiggy,Late Night,COCO,TN,503.0,378.0,23.68,851.0,0,3,44.41833137485312,167.66666666666666,100-200,40%-50%
Frozen Bottle,2026-10-02,WK 40,Guduvanchery,Swiggy,Lunch,COCO,TN,1398.0,864.0,65.92,2182.0,0,4,39.59670027497709,349.5,300-400,30%-40%
Frozen Bottle,2026-10-02,WK 40,Guduvanchery,Swiggy,Snacks,COCO,TN,1818.0,1241.0,85.44,2949.0,0,9,42.08206171583588,202.0,200-300,40%-50%
Frozen Bottle,2026-10-02,WK 40,Guduvanchery,Zomato,Dinner,COCO,TN,3608.0,1506.0,180.42000000000002,4944.0,0,9,30.461165048543688,400.8888888888889,400-500,30%-40%
Frozen Bottle,2026-10-02,WK 40,Guduvanchery,Zomato,Late Night,COCO,TN,601.0,561.0,30.060000000000002,1122.0,0,2,50.0,300.5,300-400,40%-50%
Frozen Bottle,2026-10-02,WK 40,Guduvanchery,Zomato,Lunch,COCO,TN,3249.1,1710.9,162.5,4800.0,0,10,35.643750000000004,324.90999999999997,300-400,30%-40%
Frozen Bottle,2026-10-02,WK 40,Guduvanchery,Zomato,Snacks,COCO,TN,3293.4,1836.5900000000001,164.7,4959.99,0,7,37.028098846973485,470.4857142857143,400-500,30%-40%
Madno,2026-10-02,WK 40,Guduvanchery,Others,Snacks,COCO,TN,116.11,194.89,5.8,301.0,0,1,64.74750830564784,116.11,100-200,60%-70%
Madno,2026-10-02,WK 40,Guduvanchery,Swiggy,Dinner,COCO,TN,980.0,586.0,45.5,1496.0,0,6,39.17112299465241,163.33333333333334,100-200,30%-40%
Madno,2026-10-02,WK 40,Guduvanchery,Swiggy,Late Night,COCO,TN,426.0,184.0,19.8,580.0,0,1,31.724137931034484,426.0,400-500,30%-40%
Madno,2026-10-02,WK 40,Guduvanchery,Swiggy,Snacks,COCO,TN,1414.01,659.99,66.24,1984.0,0,6,33.265625,235.66833333333332,200-300,30%-40%
Madno,2026-10-02,WK 40,Guduvanchery,Zomato,Dinner,COCO,TN,1101.0,370.0,55.08,1411.0,0,4,26.222537207654145,275.25,200-300,20%-30%
Madno,2026-10-02,WK 40,Guduvanchery,Zomato,Late Night,COCO,TN,181.0,0.0,9.06,171.0,0,1,0.0,181.0,100-200,0%
Madno,2026-10-02,WK 40,Guduvanchery,Zomato,Lunch,COCO,TN,311.0,291.0,15.56,582.0,0,1,50.0,311.0,300-400,40%-50%
Madno,2026-10-02,WK 40,Guduvanchery,Zomato,Snacks,COCO,TN,200.0,0.0,10.0,190.0,0,1,0.0,200.0,100-200,0%
Frozen Bottle,2026-10-02,WK 40,Gunjur,In Store,Dinner,COCO,KA,3296.17,533.6999999999999,164.9,3829.87,0,16,13.935198844869406,206.010625,200-300,10%-20%
Frozen Bottle,2026-10-02,WK 40,Gunjur,In Store,Lunch,COCO,KA,1154.0,0.0,57.72,1154.0,0,3,0.0,384.6666666666667,300-400,0%
Frozen Bottle,2026-10-02,WK 40,Gunjur,In Store,Snacks,COCO,KA,2855.5299999999997,0.0,142.8,2855.5299999999997,0,8,0.0,356.94124999999997,300-400,0%
Frozen Bottle,2026-10-02,WK 40,Gunjur,Ownly,Snacks,COCO,KA,337.0,0.0,16.86,337.0,0,1,0.0,337.0,300-400,0%
Frozen Bottle,2026-10-02,WK 40,Gunjur,Swiggy,Dinner,COCO,KA,1352.0,818.99,65.14,2120.9900000000002,0,7,38.61357196403566,193.14285714285714,100-200,30%-40%
Frozen Bottle,2026-10-02,WK 40,Gunjur,Swiggy,Late Night,COCO,KA,314.0,126.0,15.2,430.0,0,1,29.30232558139535,314.0,300-400,20%-30%
Frozen Bottle,2026-10-02,WK 40,Gunjur,Swiggy,Lunch,COCO,KA,1454.9,1274.1,67.76,2629.0,0,7,48.46329402814758,207.84285714285716,200-300,40%-50%
Frozen Bottle,2026-10-02,WK 40,Gunjur,Swiggy,Snacks,COCO,KA,2550.01,1293.99,122.03999999999999,3734.0,0,8,34.654258168184256,318.75125,300-400,30%-40%
Frozen Bottle,2026-10-02,WK 40,Gunjur,Zomato,Breakfast,COCO,KA,295.0,75.0,14.76,360.0,0,1,20.833333333333336,295.0,200-300,20%-30%
Frozen Bottle,2026-10-02,WK 40,Gunjur,Zomato,Dinner,COCO,KA,5306.8,2683.2,265.48,7710.0,0,13,34.80155642023346,408.2153846153846,400-500,30%-40%
Frozen Bottle,2026-10-02,WK 40,Gunjur,Zomato,Lunch,COCO,KA,475.5,313.5,23.78,759.0,0,2,41.30434782608695,237.75,200-300,40%-50%
Frozen Bottle,2026-10-02,WK 40,Gunjur,Zomato,Snacks,COCO,KA,2522.3,546.7,126.16,2959.0,0,7,18.475836431226767,360.3285714285715,300-400,10%-20%
Madno,2026-10-02,WK 40,Gunjur,Swiggy,Dinner,COCO,KA,887.0,692.0,41.86,1529.0,0,5,45.258338783518646,177.4,100-200,40%-50%
Madno,2026-10-02,WK 40,Gunjur,Swiggy,Lunch,COCO,KA,219.01,130.5,10.96,349.51,0,1,37.33798746816973,219.01,200-300,30%-40%
Madno,2026-10-02,WK 40,Gunjur,Swiggy,Snacks,COCO,KA,209.0,240.0,9.46,429.0,0,2,55.94405594405595,104.5,100-200,50%-60%
Madno,2026-10-02,WK 40,Gunjur,Zomato,Dinner,COCO,KA,418.0,50.0,20.9,448.0,0,2,11.160714285714286,209.0,200-300,10%-20%
Frozen Bottle,2026-10-02,WK 40,Guwahati,In Store,Dinner,FOFO,ROI,3067.0,0.0,153.46,3067.0,0,17,0.0,180.41176470588235,100-200,0%
Frozen Bottle,2026-10-02,WK 40,Guwahati,In Store,Lunch,FOFO,ROI,633.0,0.0,31.68,633.0,0,4,0.0,158.25,100-200,0%
Frozen Bottle,2026-10-02,WK 40,Guwahati,In Store,Snacks,FOFO,ROI,7559.0,0.0,378.14,7559.0,0,30,0.0,251.96666666666667,200-300,0%
Frozen Bottle,2026-10-02,WK 40,Guwahati,Zomato,Dinner,FOFO,ROI,530.0,0.0,26.52,510.0,0,2,0.0,265.0,200-300,0%
Frozen Bottle,2026-10-02,WK 40,Guwahati,Zomato,Snacks,FOFO,ROI,889.0,0.0,44.46,859.0,0,1,0.0,889.0,600-900,0%
Frozen Bottle,2026-10-02,WK 40,Gwalior,In Store,Dinner,FOFO,ROI,4048.6,0.0,202.48000000000002,4048.6,0,15,0.0,269.90666666666664,200-300,0%
Frozen Bottle,2026-10-02,WK 40,Gwalior,In Store,Lunch,FOFO,ROI,260.85,0.0,13.04,260.85,0,2,0.0,130.425,100-200,0%
Frozen Bottle,2026-10-02,WK 40,Gwalior,In Store,Snacks,FOFO,ROI,3046.6099999999997,495.0,152.35999999999999,3541.6099999999997,0,10,13.976694215342741,304.66099999999994,300-400,10%-20%
Frozen Bottle,2026-10-02,WK 40,Gwalior,Zomato,Dinner,FOFO,ROI,291.0,0.0,14.56,281.0,0,1,0.0,291.0,200-300,0%
Frozen Bottle,2026-10-02,WK 40,Gwalior,Zomato,Late Night,FOFO,ROI,386.66,346.66,19.34,693.32,0,1,50.0,386.66,300-400,40%-50%
Frozen Bottle,2026-10-02,WK 40,Gwalior,Zomato,Lunch,FOFO,ROI,410.0,40.0,20.5,430.0,0,2,9.30232558139535,205.0,200-300,1%-10%
Frozen Bottle,2026-10-02,WK 40,Gwalior,Zomato,Snacks,FOFO,ROI,1641.0,0.0,82.08,1601.0,0,1,0.0,1641.0,>900,0%
Boba Bar,2026-10-02,WK 40,HSR Layout,Ownly,Dinner,COCO,KA,517.0,0.0,25.86,517.0,0,2,0.0,258.5,200-300,0%
Boba Bar,2026-10-02,WK 40,HSR Layout,Swiggy,Dinner,COCO,KA,198.0,133.0,9.4,321.0,0,1,41.43302180685358,198.0,100-200,40%-50%
Boba Bar,2026-10-02,WK 40,HSR Layout,Swiggy,Late Night,COCO,KA,147.0,133.0,6.86,270.0,0,1,49.25925925925926,147.0,100-200,40%-50%
Boba Bar,2026-10-02,WK 40,HSR Layout,Swiggy,Snacks,COCO,KA,128.0,132.0,6.4,260.0,0,1,50.76923076923077,128.0,100-200,50%-60%
Boba Bar,2026-10-02,WK 40,HSR Layout,Zomato,Dinner,COCO,KA,300.0,280.0,15.0,560.0,0,1,50.0,300.0,200-300,40%-50%
Frozen Bottle,2026-10-02,WK 40,HSR Layout,In Store,Breakfast,COCO,KA,428.03,0.0,21.4,428.03,0,1,0.0,428.03,400-500,0%
Frozen Bottle,2026-10-02,WK 40,HSR Layout,In Store,Dinner,COCO,KA,5646.5199999999995,462.24,282.38,6108.76,0,21,7.566838441844172,268.88190476190476,200-300,1%-10%
Frozen Bottle,2026-10-02,WK 40,HSR Layout,In Store,Lunch,COCO,KA,965.42,0.0,48.32,965.42,0,6,0.0,160.90333333333334,100-200,0%
Frozen Bottle,2026-10-02,WK 40,HSR Layout,In Store,Snacks,COCO,KA,4341.64,220.8,217.16,4562.4400000000005,0,17,4.839515697740683,255.39058823529413,200-300,1%-10%
Frozen Bottle,2026-10-02,WK 40,HSR Layout,Ownly,Dinner,COCO,KA,308.0,0.0,15.420000000000002,308.0,0,2,0.0,154.0,100-200,0%
Frozen Bottle,2026-10-02,WK 40,HSR Layout,Ownly,Late Night,COCO,KA,279.0,0.0,13.96,279.0,0,1,0.0,279.0,200-300,0%
Frozen Bottle,2026-10-02,WK 40,HSR Layout,Ownly,Snacks,COCO,KA,1128.2,0.0,56.42,1128.2,0,4,0.0,282.05,200-300,0%
Frozen Bottle,2026-10-02,WK 40,HSR Layout,Swiggy,Breakfast,COCO,KA,362.0,227.0,17.12,569.0,0,2,39.894551845342704,181.0,100-200,30%-40%
Frozen Bottle,2026-10-02,WK 40,HSR Layout,Swiggy,Dinner,COCO,KA,5085.0,2442.0,242.86,7297.0,0,18,33.46580786624641,282.5,200-300,30%-40%
Frozen Bottle,2026-10-02,WK 40,HSR Layout,Swiggy,Late Night,COCO,KA,2296.65,1324.68,107.36,3471.33,0,11,38.16058974514092,208.78636363636363,200-300,30%-40%
Frozen Bottle,2026-10-02,WK 40,HSR Layout,Swiggy,Lunch,COCO,KA,2039.0,1246.0,97.48,3195.0,0,7,38.99843505477308,291.2857142857143,200-300,30%-40%
Frozen Bottle,2026-10-02,WK 40,HSR Layout,Swiggy,Snacks,COCO,KA,3550.0,1803.0,166.54,5133.0,0,12,35.12565751022794,295.8333333333333,200-300,30%-40%
Frozen Bottle,2026-10-02,WK 40,HSR Layout,Zomato,Dinner,COCO,KA,3833.36,1233.34,191.7,4866.7,0,15,25.342429161444098,255.55733333333333,200-300,20%-30%
Frozen Bottle,2026-10-02,WK 40,HSR Layout,Zomato,Late Night,COCO,KA,4105.12,2906.9,205.36,6782.0,0,12,42.861987614273076,342.0933333333333,300-400,40%-50%
Frozen Bottle,2026-10-02,WK 40,HSR Layout,Zomato,Lunch,COCO,KA,4096.52,1675.47,205.02,5601.99,0,9,29.90847895122983,455.16888888888894,400-500,20%-30%
Frozen Bottle,2026-10-02,WK 40,HSR Layout,Zomato,Snacks,COCO,KA,993.8299999999999,419.5,49.72,1353.33,0,5,30.99761329461403,198.766,100-200,30%-40%
Madno,2026-10-02,WK 40,HSR Layout,Swiggy,Breakfast,COCO,KA,301.0,0.0,14.56,291.0,0,1,0.0,301.0,300-400,0%
Madno,2026-10-02,WK 40,HSR Layout,Swiggy,Dinner,COCO,KA,1662.0,796.0,79.12,2378.0,0,8,33.47350714886459,207.75,200-300,30%-40%
Madno,2026-10-02,WK 40,HSR Layout,Swiggy,Late Night,COCO,KA,485.0,193.0,22.76,648.0,0,2,29.78395061728395,242.5,200-300,20%-30%
Madno,2026-10-02,WK 40,HSR Layout,Swiggy,Lunch,COCO,KA,560.0,460.0,26.5,990.0,0,2,46.464646464646464,280.0,200-300,40%-50%
Madno,2026-10-02,WK 40,HSR Layout,Swiggy,Snacks,COCO,KA,1187.0,257.0,57.36,1404.0,0,4,18.304843304843306,296.75,200-300,10%-20%
Madno,2026-10-02,WK 40,HSR Layout,Zomato,Dinner,COCO,KA,330.0,0.0,16.5,320.0,0,1,0.0,330.0,300-400,0%
Madno,2026-10-02,WK 40,HSR Layout,Zomato,Late Night,COCO,KA,979.0,461.0,48.959999999999994,1390.0,0,2,33.16546762589928,489.5,400-500,30%-40%
Madno,2026-10-02,WK 40,HSR Layout,Zomato,Snacks,COCO,KA,238.0,0.0,11.9,228.0,0,1,0.0,238.0,200-300,0%
Frozen Bottle,2026-10-02,WK 40,Hadapsar,In Store,Dinner,FOFO,MH,1622.0,0.0,81.16,1622.0,0,7,0.0,231.71428571428572,200-300,0%
Frozen Bottle,2026-10-02,WK 40,Hadapsar,In Store,Late Night,FOFO,MH,78.0,0.0,3.9,78.0,0,1,0.0,78.0,0-100,0%
Frozen Bottle,2026-10-02,WK 40,Hadapsar,In Store,Lunch,FOFO,MH,548.0,0.0,27.4,548.0,0,1,0.0,548.0,500-600,0%
Frozen Bottle,2026-10-02,WK 40,Hadapsar,In Store,Snacks,FOFO,MH,715.0,0.0,35.76,715.0,0,2,0.0,357.5,300-400,0%
Frozen Bottle,2026-10-02,WK 40,Hadapsar,Swiggy,Dinner,FOFO,MH,518.0,70.0,25.9,588.0,0,1,11.904761904761903,518.0,500-600,10%-20%
Frozen Bottle,2026-10-02,WK 40,Hadapsar,Swiggy,Lunch,FOFO,MH,299.0,0.0,14.46,289.0,0,1,0.0,299.0,200-300,0%
Frozen Bottle,2026-10-02,WK 40,Hadapsar,Swiggy,Snacks,FOFO,MH,651.0,0.0,31.56,631.0,0,1,0.0,651.0,600-900,0%
Frozen Bottle,2026-10-02,WK 40,Hadapsar,Zomato,Closing,FOFO,MH,214.0,75.0,10.7,279.0,0,1,26.881720430107524,214.0,200-300,20%-30%
Frozen Bottle,2026-10-02,WK 40,Hadapsar,Zomato,Dinner,FOFO,MH,6205.9,1473.1,310.36,7409.0,0,16,19.88257524632204,387.86875,300-400,10%-20%
Frozen Bottle,2026-10-02,WK 40,Hadapsar,Zomato,Late Night,FOFO,MH,1066.0,716.0,53.32,1702.0,0,4,42.068155111633374,266.5,200-300,40%-50%
Frozen Bottle,2026-10-02,WK 40,Hadapsar,Zomato,Lunch,FOFO,MH,2031.0,860.0,101.56,2791.0,0,7,30.813328556073095,290.14285714285717,200-300,30%-40%
Frozen Bottle,2026-10-02,WK 40,Hadapsar,Zomato,Snacks,FOFO,MH,2873.0,946.0,143.7,3689.0,0,6,25.64380590946056,478.8333333333333,400-500,20%-30%
Madno,2026-10-02,WK 40,Hadapsar,Swiggy,Dinner,FOFO,MH,662.0,0.0,32.1,642.0,0,1,0.0,662.0,600-900,0%
Frozen Bottle,2026-10-02,WK 40,Hafizpet,In Store,Closing,FOFO,AP & TL,138.0,0.0,6.9,138.0,0,1,0.0,138.0,100-200,0%
Frozen Bottle,2026-10-02,WK 40,Hafizpet,In Store,Dinner,FOFO,AP & TL,6042.46,1750.0,302.16,7792.46,0,19,22.45760645547106,318.0242105263158,300-400,20%-30%
Frozen Bottle,2026-10-02,WK 40,Hafizpet,In Store,Late Night,FOFO,AP & TL,88.0,0.0,4.4,88.0,0,1,0.0,88.0,0-100,0%
Frozen Bottle,2026-10-02,WK 40,Hafizpet,In Store,Lunch,FOFO,AP & TL,1764.23,338.0,88.2,2102.23,0,5,16.078164615670026,352.846,300-400,10%-20%
Frozen Bottle,2026-10-02,WK 40,Hafizpet,In Store,Snacks,FOFO,AP & TL,3539.0,1044.0,176.95999999999998,4583.0,0,10,22.779838533711544,353.9,300-400,20%-30%
Frozen Bottle,2026-10-02,WK 40,Hafizpet,Swiggy,Lunch,FOFO,AP & TL,897.0,0.0,42.86,857.0,0,1,0.0,897.0,600-900,0%
Frozen Bottle,2026-10-02,WK 40,Hafizpet,Swiggy,Snacks,FOFO,AP & TL,1033.81,217.19,49.7,1211.0,0,2,17.934764657308012,516.905,500-600,10%-20%
Frozen Bottle,2026-10-02,WK 40,Hafizpet,Zomato,Closing,FOFO,AP & TL,552.0,75.0,27.6,597.0,0,1,12.562814070351758,552.0,500-600,10%-20%
Frozen Bottle,2026-10-02,WK 40,Hafizpet,Zomato,Dinner,FOFO,AP & TL,1376.2,314.8,68.8,1621.0,0,4,19.42011104256632,344.05,300-400,10%-20%
Frozen Bottle,2026-10-02,WK 40,Hafizpet,Zomato,Late Night,FOFO,AP & TL,685.2,163.8,34.26,819.0,0,3,20.0,228.4,200-300,10%-20%
Frozen Bottle,2026-10-02,WK 40,Hafizpet,Zomato,Lunch,FOFO,AP & TL,1675.2,369.8,83.78,1965.0,0,5,18.81933842239186,335.04,300-400,10%-20%
Frozen Bottle,2026-10-02,WK 40,Hafizpet,Zomato,Snacks,FOFO,AP & TL,1837.2,132.8,91.88000000000001,1910.0,0,3,6.952879581151833,612.4,600-900,1%-10%
Madno,2026-10-02,WK 40,Hafizpet,Swiggy,Dinner,FOFO,AP & TL,574.8,79.2,27.259999999999998,624.0,0,2,12.692307692307692,287.4,200-300,10%-20%
Madno,2026-10-02,WK 40,Hafizpet,Swiggy,Lunch,FOFO,AP & TL,278.0,1.0,13.9,279.0,0,1,0.35842293906810035,278.0,200-300,1%-10%
Madno,2026-10-02,WK 40,Hafizpet,Swiggy,Snacks,FOFO,AP & TL,756.81,121.19,36.36,848.0,0,3,14.291273584905658,252.26999999999998,200-300,10%-20%
Madno,2026-10-02,WK 40,Hafizpet,Zomato,Snacks,FOFO,AP & TL,208.0,0.0,10.4,198.0,0,1,0.0,208.0,200-300,0%
Frozen Bottle,2026-10-02,WK 40,Hanumakonda,In Store,Dinner,FOFO,AP & TL,3732.5,0.0,186.72,3732.5,0,19,0.0,196.44736842105263,100-200,0%
Frozen Bottle,2026-10-02,WK 40,Hanumakonda,In Store,Lunch,FOFO,AP & TL,1673.46,0.0,83.72,1673.46,0,7,0.0,239.06571428571428,200-300,0%
Frozen Bottle,2026-10-02,WK 40,Hanumakonda,In Store,Snacks,FOFO,AP & TL,1765.0,0.0,88.3,1765.0,0,8,0.0,220.625,200-300,0%
Frozen Bottle,2026-10-02,WK 40,Hanumakonda,Swiggy,Dinner,FOFO,AP & TL,240.0,0.0,11.5,230.0,0,1,0.0,240.0,200-300,0%
Frozen Bottle,2026-10-02,WK 40,Hanumakonda,Swiggy,Snacks,FOFO,AP & TL,209.0,0.0,9.96,199.0,0,1,0.0,209.0,200-300,0%
Frozen Bottle,2026-10-02,WK 40,Hanumakonda,Zomato,Dinner,FOFO,AP & TL,802.0,0.0,40.12,782.0,0,2,0.0,401.0,400-500,0%
Frozen Bottle,2026-10-02,WK 40,Hanumakonda,Zomato,Snacks,FOFO,AP & TL,610.0,0.0,30.5,590.0,0,2,0.0,305.0,300-400,0%
Frozen Bottle,2026-10-02,WK 40,Harlur Road,In Store,Dinner,COCO,KA,2990.0,0.0,149.54,2990.0,0,9,0.0,332.22222222222223,300-400,0%
Frozen Bottle,2026-10-02,WK 40,Harlur Road,In Store,Lunch,COCO,KA,1576.23,0.0,78.84,1576.23,0,5,0.0,315.246,300-400,0%
Frozen Bottle,2026-10-02,WK 40,Harlur Road,In Store,Snacks,COCO,KA,1002.96,69.04,50.18,1072.0,0,5,6.440298507462687,200.592,200-300,1%-10%
Frozen Bottle,2026-10-02,WK 40,Harlur Road,Ownly,Breakfast,COCO,KA,129.0,0.0,6.46,129.0,0,1,0.0,129.0,100-200,0%
Frozen Bottle,2026-10-02,WK 40,Harlur Road,Ownly,Dinner,COCO,KA,396.0,0.0,19.8,396.0,0,1,0.0,396.0,300-400,0%
Frozen Bottle,2026-10-02,WK 40,Harlur Road,Ownly,Lunch,COCO,KA,99.0,0.0,4.96,99.0,0,1,0.0,99.0,0-100,0%
Frozen Bottle,2026-10-02,WK 40,Harlur Road,Swiggy,Dinner,COCO,KA,4004.65,2213.01,190.3,6017.66,0,15,36.77525815682508,266.9766666666667,200-300,30%-40%
Frozen Bottle,2026-10-02,WK 40,Harlur Road,Swiggy,Late Night,COCO,KA,471.0,349.0,22.06,790.0,0,3,44.17721518987342,157.0,100-200,40%-50%
Frozen Bottle,2026-10-02,WK 40,Harlur Road,Swiggy,Lunch,COCO,KA,2360.0,2084.0,111.04,4304.0,0,11,48.42007434944237,214.54545454545453,200-300,40%-50%
Frozen Bottle,2026-10-02,WK 40,Harlur Road,Swiggy,Snacks,COCO,KA,1326.63,700.37,62.86,1957.0,0,6,35.78794072560041,221.10500000000002,200-300,30%-40%
Frozen Bottle,2026-10-02,WK 40,Harlur Road,Zomato,Dinner,COCO,KA,1647.6999999999998,611.3,82.44,2169.0,0,7,28.18349469801752,235.38571428571427,200-300,20%-30%
Frozen Bottle,2026-10-02,WK 40,Harlur Road,Zomato,Late Night,COCO,KA,310.0,279.0,15.5,569.0,0,1,49.03339191564148,310.0,300-400,40%-50%
Frozen Bottle,2026-10-02,WK 40,Harlur Road,Zomato,Lunch,COCO,KA,2458.3999999999996,591.6,122.94,2950.0,0,5,20.054237288135592,491.67999999999995,400-500,20%-30%
Frozen Bottle,2026-10-02,WK 40,Harlur Road,Zomato,Snacks,COCO,KA,1368.4,566.5999999999999,68.44,1865.0,0,3,30.38069705093833,456.1333333333334,400-500,30%-40%
Madno,2026-10-02,WK 40,Harlur Road,Ownly,Dinner,COCO,KA,447.0,0.0,22.36,447.0,0,1,0.0,447.0,400-500,0%
Madno,2026-10-02,WK 40,Harlur Road,Ownly,Lunch,COCO,KA,227.85,0.0,11.4,227.85,0,2,0.0,113.925,100-200,0%
Madno,2026-10-02,WK 40,Harlur Road,Ownly,Snacks,COCO,KA,159.0,0.0,7.96,159.0,0,1,0.0,159.0,100-200,0%
Madno,2026-10-02,WK 40,Harlur Road,Swiggy,Dinner,COCO,KA,171.0,140.0,8.06,301.0,0,1,46.51162790697674,171.0,100-200,40%-50%
Madno,2026-10-02,WK 40,Harlur Road,Swiggy,Snacks,COCO,KA,803.0,164.0,37.660000000000004,917.0,0,3,17.884405670665213,267.6666666666667,200-300,10%-20%
Madno,2026-10-02,WK 40,Harlur Road,Zomato,Dinner,COCO,KA,350.0,170.0,17.5,500.0,0,2,34.0,175.0,100-200,30%-40%
Madno,2026-10-02,WK 40,Harlur Road,Zomato,Late Night,COCO,KA,151.0,0.0,7.56,141.0,0,1,0.0,151.0,100-200,0%
Boba Bar,2026-10-02,WK 40,Hinjewadi,Swiggy,Dinner,COCO,MH,158.0,133.0,7.4,281.0,0,1,47.330960854092524,158.0,100-200,40%-50%
Boba Bar,2026-10-02,WK 40,Hinjewadi,Swiggy,Late Night,COCO,MH,187.0,196.32999999999998,8.86,373.33,0,2,52.58886240055715,93.5,0-100,50%-60%
Frozen Bottle,2026-10-02,WK 40,Hinjewadi,In Store,Dinner,COCO,MH,4415.08,0.0,220.86,4415.08,0,21,0.0,210.24190476190475,200-300,0%
Frozen Bottle,2026-10-02,WK 40,Hinjewadi,In Store,Late Night,COCO,MH,647.0,0.0,32.36,647.0,0,2,0.0,323.5,300-400,0%
Frozen Bottle,2026-10-02,WK 40,Hinjewadi,In Store,Lunch,COCO,MH,1820.0,0.0,91.02,1820.0,0,4,0.0,455.0,400-500,0%
Frozen Bottle,2026-10-02,WK 40,Hinjewadi,In Store,Snacks,COCO,MH,2345.08,0.0,117.28,2345.08,0,8,0.0,293.135,200-300,0%
Frozen Bottle,2026-10-02,WK 40,Hinjewadi,Others,Breakfast,COCO,MH,163.71,206.29,8.18,360.0,0,1,57.30277777777778,163.71,100-200,50%-60%
Frozen Bottle,2026-10-02,WK 40,Hinjewadi,Others,Snacks,COCO,MH,181.31,218.69,9.06,390.0,0,1,56.07435897435897,181.31,100-200,50%-60%
Frozen Bottle,2026-10-02,WK 40,Hinjewadi,Swiggy,Closing,COCO,MH,774.0,666.0,38.7,1440.0,0,1,46.25,774.0,600-900,40%-50%
Frozen Bottle,2026-10-02,WK 40,Hinjewadi,Swiggy,Dinner,COCO,MH,1648.35,1265.83,77.97999999999999,2824.18,0,9,44.82115162631277,183.14999999999998,100-200,40%-50%
Frozen Bottle,2026-10-02,WK 40,Hinjewadi,Swiggy,Late Night,COCO,MH,1819.0,1596.0,83.97999999999999,3275.0,0,8,48.732824427480914,227.375,200-300,40%-50%
Frozen Bottle,2026-10-02,WK 40,Hinjewadi,Swiggy,Lunch,COCO,MH,1546.85,1319.0,71.88,2755.85,0,9,47.86182121668451,171.8722222222222,100-200,40%-50%
Frozen Bottle,2026-10-02,WK 40,Hinjewadi,Swiggy,Snacks,COCO,MH,450.0,339.0,22.0,779.0,0,3,43.51732991014121,150.0,100-200,40%-50%
Frozen Bottle,2026-10-02,WK 40,Hinjewadi,Zomato,Breakfast,COCO,MH,375.0,345.0,18.759999999999998,690.0,0,2,50.0,187.5,100-200,40%-50%
Frozen Bottle,2026-10-02,WK 40,Hinjewadi,Zomato,Closing,COCO,MH,1096.0,264.0,54.8,1320.0,0,1,20.0,1096.0,>900,10%-20%
Frozen Bottle,2026-10-02,WK 40,Hinjewadi,Zomato,Dinner,COCO,MH,3344.0,1375.0,167.3,4549.0,0,12,30.22642338975599,278.6666666666667,200-300,30%-40%
Frozen Bottle,2026-10-02,WK 40,Hinjewadi,Zomato,Late Night,COCO,MH,3376.0,2377.0,168.82,5553.0,0,9,42.805690617684135,375.1111111111111,300-400,40%-50%
Frozen Bottle,2026-10-02,WK 40,Hinjewadi,Zomato,Lunch,COCO,MH,125.0,115.0,6.26,230.0,0,1,50.0,125.0,100-200,40%-50%
Frozen Bottle,2026-10-02,WK 40,Hinjewadi,Zomato,Snacks,COCO,MH,570.0,530.0,28.52,1060.0,0,2,50.0,285.0,200-300,40%-50%
Madno,2026-10-02,WK 40,Hinjewadi,Swiggy,Dinner,COCO,MH,542.0,140.0,25.62,652.0,0,3,21.472392638036812,180.66666666666666,100-200,20%-30%
Madno,2026-10-02,WK 40,Hinjewadi,Swiggy,Late Night,COCO,MH,188.01,124.84,9.4,312.85,0,1,39.904107399712316,188.01,100-200,30%-40%
Madno,2026-10-02,WK 40,Hinjewadi,Zomato,Dinner,COCO,MH,867.0,506.0,43.379999999999995,1333.0,0,3,37.95948987246812,289.0,200-300,30%-40%
Frozen Bottle,2026-10-02,WK 40,Hinjewadi Phase 3,In Store,Dinner,COCO,MH,3122.71,103.29,156.20000000000002,3226.0,0,15,3.2017978921264727,208.18066666666667,200-300,1%-10%
Frozen Bottle,2026-10-02,WK 40,Hinjewadi Phase 3,In Store,Lunch,COCO,MH,615.0,0.0,30.759999999999998,615.0,0,2,0.0,307.5,300-400,0%
Frozen Bottle,2026-10-02,WK 40,Hinjewadi Phase 3,In Store,Snacks,COCO,MH,2980.0,0.0,149.08,2980.0,0,13,0.0,229.23076923076923,200-300,0%
Frozen Bottle,2026-10-02,WK 40,Hinjewadi Phase 3,Swiggy,Closing,COCO,MH,336.0,266.0,15.3,572.0,0,1,46.50349650349651,336.0,300-400,40%-50%
Frozen Bottle,2026-10-02,WK 40,Hinjewadi Phase 3,Swiggy,Dinner,COCO,MH,1755.0,923.0,83.28,2588.0,0,7,35.66460587326121,250.71428571428572,200-300,30%-40%
Frozen Bottle,2026-10-02,WK 40,Hinjewadi Phase 3,Swiggy,Late Night,COCO,MH,1328.73,1311.27,61.92,2550.0,0,8,51.42235294117648,166.09125,100-200,50%-60%
Frozen Bottle,2026-10-02,WK 40,Hinjewadi Phase 3,Swiggy,Lunch,COCO,MH,1299.0,101.0,62.46,1350.0,0,2,7.481481481481482,649.5,600-900,1%-10%
Frozen Bottle,2026-10-02,WK 40,Hinjewadi Phase 3,Swiggy,Snacks,COCO,MH,84.0,126.0,3.7,200.0,0,1,63.0,84.0,0-100,60%-70%
Frozen Bottle,2026-10-02,WK 40,Hinjewadi Phase 3,Zomato,Dinner,COCO,MH,3286.0,1640.0,164.38,4756.0,0,7,34.48275862068966,469.42857142857144,400-500,30%-40%
Frozen Bottle,2026-10-02,WK 40,Hinjewadi Phase 3,Zomato,Late Night,COCO,MH,831.0,590.0,41.56,1371.0,0,3,43.034281546316556,277.0,200-300,40%-50%
Frozen Bottle,2026-10-02,WK 40,Hinjewadi Phase 3,Zomato,Lunch,COCO,MH,750.0,690.0,37.54,1380.0,0,3,50.0,250.0,200-300,40%-50%
Frozen Bottle,2026-10-02,WK 40,Hinjewadi Phase 3,Zomato,Snacks,COCO,MH,1110.0,380.0,55.519999999999996,1430.0,0,5,26.573426573426573,222.0,200-300,20%-30%
Madno,2026-10-02,WK 40,Hinjewadi Phase 3,Swiggy,Dinner,COCO,MH,1022.01,601.99,48.1,1564.0,0,5,38.49040920716112,204.402,200-300,30%-40%
Madno,2026-10-02,WK 40,Hinjewadi Phase 3,Swiggy,Late Night,COCO,MH,208.0,0.0,9.9,198.0,0,1,0.0,208.0,200-300,0%
Madno,2026-10-02,WK 40,Hinjewadi Phase 3,Swiggy,Lunch,COCO,MH,340.0,198.0,16.0,518.0,0,1,38.22393822393823,340.0,300-400,30%-40%
Madno,2026-10-02,WK 40,Hinjewadi Phase 3,Swiggy,Snacks,COCO,MH,885.01,591.99,41.260000000000005,1417.0,0,4,41.77769936485533,221.2525,200-300,40%-50%
Madno,2026-10-02,WK 40,Hinjewadi Phase 3,Zomato,Dinner,COCO,MH,551.0,351.0,27.56,872.0,0,2,40.25229357798165,275.5,200-300,40%-50%
Madno,2026-10-02,WK 40,Hinjewadi Phase 3,Zomato,Late Night,COCO,MH,1039.0,140.0,51.980000000000004,1129.0,0,3,12.400354295837024,346.3333333333333,300-400,10%-20%
Madno,2026-10-02,WK 40,Hinjewadi Phase 3,Zomato,Snacks,COCO,MH,641.5,601.5,32.08,1203.0,0,2,50.0,320.75,300-400,40%-50%
Frozen Bottle,2026-10-02,WK 40,Hosakote,In Store,Dinner,FOFO,KA,4765.0,0.0,238.3,4765.0,0,12,0.0,397.0833333333333,300-400,0%
Frozen Bottle,2026-10-02,WK 40,Hosakote,In Store,Snacks,FOFO,KA,3579.5,0.0,178.98,3579.5,0,7,0.0,511.35714285714283,500-600,0%
Frozen Bottle,2026-10-02,WK 40,Hosur,In Store,Dinner,FOFO,TN,6213.23,0.0,310.74,6213.23,0,14,0.0,443.8021428571428,400-500,0%
Frozen Bottle,2026-10-02,WK 40,Hosur,In Store,Lunch,FOFO,TN,4594.56,0.0,229.78,4594.56,0,9,0.0,510.5066666666667,500-600,0%
Frozen Bottle,2026-10-02,WK 40,Hosur,In Store,Snacks,FOFO,TN,2399.28,0.0,120.0,2399.28,0,8,0.0,299.91,200-300,0%
Frozen Bottle,2026-10-02,WK 40,Hosur,Swiggy,Lunch,FOFO,TN,1289.54,247.46,61.48,1477.0,0,2,16.754231550440082,644.77,600-900,10%-20%
Frozen Bottle,2026-10-02,WK 40,Hosur,Swiggy,Snacks,FOFO,TN,839.27,188.73,39.96,988.0,0,2,19.10222672064777,419.635,400-500,10%-20%
Frozen Bottle,2026-10-02,WK 40,Hosur,Zomato,Dinner,FOFO,TN,1203.0,446.0,60.160000000000004,1589.0,0,4,28.067967275015732,300.75,300-400,20%-30%
Frozen Bottle,2026-10-02,WK 40,Hosur,Zomato,Lunch,FOFO,TN,2065.2,363.8,103.28,2339.0,0,7,15.553655408294143,295.0285714285714,200-300,10%-20%
Frozen Bottle,2026-10-02,WK 40,Hosur,Zomato,Snacks,FOFO,TN,2348.2,493.8,117.46000000000001,2722.0,0,7,18.141072740631888,335.45714285714286,300-400,10%-20%
Frozen Bottle,2026-10-02,WK 40,ITPL,In Store,Dinner,COCO,KA,3775.68,143.13,188.88,3918.81,0,19,3.652384269714531,198.72,100-200,1%-10%
Frozen Bottle,2026-10-02,WK 40,ITPL,In Store,Lunch,COCO,KA,2551.23,0.0,127.58000000000001,2551.23,0,7,0.0,364.4614285714286,300-400,0%
Frozen Bottle,2026-10-02,WK 40,ITPL,In Store,Snacks,COCO,KA,1190.1399999999999,0.0,59.56,1190.1399999999999,0,6,0.0,198.35666666666665,100-200,0%
Frozen Bottle,2026-10-02,WK 40,ITPL,Ownly,Lunch,COCO,KA,287.0,0.0,14.36,287.0,0,2,0.0,143.5,100-200,0%
Frozen Bottle,2026-10-02,WK 40,ITPL,Swiggy,Dinner,COCO,KA,1907.9,1006.1,89.9,2804.0,0,9,35.88088445078459,211.9888888888889,200-300,30%-40%
Frozen Bottle,2026-10-02,WK 40,ITPL,Swiggy,Late Night,COCO,KA,1339.01,600.99,63.48,1870.0,0,5,32.13850267379679,267.802,200-300,30%-40%
Frozen Bottle,2026-10-02,WK 40,ITPL,Swiggy,Lunch,COCO,KA,667.0,483.0,32.36,1130.0,0,2,42.743362831858406,333.5,300-400,40%-50%
Frozen Bottle,2026-10-02,WK 40,ITPL,Swiggy,Snacks,COCO,KA,979.0,841.0,45.96,1760.0,0,4,47.78409090909091,244.75,200-300,40%-50%
Frozen Bottle,2026-10-02,WK 40,ITPL,Zomato,Breakfast,COCO,KA,109.0,100.0,5.46,199.0,0,1,50.25125628140703,109.0,100-200,50%-60%
Frozen Bottle,2026-10-02,WK 40,ITPL,Zomato,Dinner,COCO,KA,1898.5,740.5,95.0,2539.0,0,8,29.165025600630166,237.3125,200-300,20%-30%
Frozen Bottle,2026-10-02,WK 40,ITPL,Zomato,Late Night,COCO,KA,1700.5,1232.5,85.08,2813.0,0,7,43.81443298969072,242.92857142857142,200-300,40%-50%
Frozen Bottle,2026-10-02,WK 40,ITPL,Zomato,Lunch,COCO,KA,954.86,858.47,47.76,1743.33,0,3,49.24311518760074,318.2866666666667,300-400,40%-50%
Frozen Bottle,2026-10-02,WK 40,ITPL,Zomato,Snacks,COCO,KA,756.5,709.5,37.86,1416.0,0,5,50.105932203389834,151.3,100-200,50%-60%
Madno,2026-10-02,WK 40,ITPL,Ownly,Late Night,COCO,KA,159.0,0.0,7.96,159.0,0,1,0.0,159.0,100-200,0%
Madno,2026-10-02,WK 40,ITPL,Swiggy,Dinner,COCO,KA,677.01,139.99,31.86,777.0,0,3,18.01673101673102,225.67,200-300,10%-20%
Madno,2026-10-02,WK 40,ITPL,Swiggy,Late Night,COCO,KA,1159.35,341.98,54.480000000000004,1431.33,0,6,23.892463652686665,193.225,100-200,20%-30%
Madno,2026-10-02,WK 40,ITPL,Swiggy,Lunch,COCO,KA,208.0,0.0,9.9,198.0,0,1,0.0,208.0,200-300,0%
Madno,2026-10-02,WK 40,ITPL,Swiggy,Snacks,COCO,KA,99.0,91.0,4.96,190.0,0,1,47.89473684210526,99.0,0-100,40%-50%
Madno,2026-10-02,WK 40,ITPL,Zomato,Dinner,COCO,KA,356.6,59.4,17.84,396.0,0,2,15.0,178.3,100-200,10%-20%
Madno,2026-10-02,WK 40,ITPL,Zomato,Late Night,COCO,KA,707.2,258.8,35.38,936.0,0,3,27.64957264957265,235.73333333333335,200-300,20%-30%
Madno,2026-10-02,WK 40,ITPL,Zomato,Snacks,COCO,KA,224.1,124.9,11.22,329.0,0,1,37.963525835866264,224.1,200-300,30%-40%
Boba Bar,2026-10-02,WK 40,Indiranagar - CK,Swiggy,Dinner,COCO,KA,147.0,133.0,6.36,260.0,0,1,51.153846153846146,147.0,100-200,50%-60%
Frozen Bottle,2026-10-02,WK 40,Indiranagar - CK,Ownly,Dinner,COCO,KA,703.5,0.0,35.2,703.5,0,3,0.0,234.5,200-300,0%
Frozen Bottle,2026-10-02,WK 40,Indiranagar - CK,Ownly,Snacks,COCO,KA,1210.65,0.0,60.540000000000006,1210.65,0,2,0.0,605.325,600-900,0%
Frozen Bottle,2026-10-02,WK 40,Indiranagar - CK,Swiggy,Dinner,COCO,KA,2382.26,1245.74,112.12,3488.0,0,9,35.715022935779814,264.6955555555556,200-300,30%-40%
Frozen Bottle,2026-10-02,WK 40,Indiranagar - CK,Swiggy,Late Night,COCO,KA,225.0,126.0,10.76,341.0,0,1,36.950146627565985,225.0,200-300,30%-40%
Frozen Bottle,2026-10-02,WK 40,Indiranagar - CK,Swiggy,Lunch,COCO,KA,535.0,423.0,25.26,928.0,0,4,45.581896551724135,133.75,100-200,40%-50%
Frozen Bottle,2026-10-02,WK 40,Indiranagar - CK,Swiggy,Snacks,COCO,KA,1797.27,1058.73,86.88,2796.0,0,6,37.86587982832618,299.545,200-300,30%-40%
Frozen Bottle,2026-10-02,WK 40,Indiranagar - CK,Zomato,Dinner,COCO,KA,3613.0,1384.0,180.72,4817.0,0,12,28.73157566950384,301.0833333333333,300-400,20%-30%
Frozen Bottle,2026-10-02,WK 40,Indiranagar - CK,Zomato,Late Night,COCO,KA,149.3,59.7,7.46,199.0,0,1,30.0,149.3,100-200,20%-30%
Frozen Bottle,2026-10-02,WK 40,Indiranagar - CK,Zomato,Snacks,COCO,KA,2049.0,911.0,102.5,2840.0,0,8,32.0774647887324,256.125,200-300,30%-40%
Madno,2026-10-02,WK 40,Indiranagar - CK,Ownly,Dinner,COCO,KA,199.0,0.0,9.96,199.0,0,1,0.0,199.0,100-200,0%
Madno,2026-10-02,WK 40,Indiranagar - CK,Ownly,Snacks,COCO,KA,109.85,0.0,5.5,109.85,0,1,0.0,109.85,100-200,0%
Madno,2026-10-02,WK 40,Indiranagar - CK,Swiggy,Dinner,COCO,KA,1457.0,943.0,69.38,2330.0,0,6,40.472103004291846,242.83333333333334,200-300,40%-50%
Madno,2026-10-02,WK 40,Indiranagar - CK,Swiggy,Snacks,COCO,KA,659.0,505.0,32.96,1164.0,0,3,43.38487972508591,219.66666666666666,200-300,40%-50%
Madno,2026-10-02,WK 40,Indiranagar - CK,Zomato,Dinner,COCO,KA,583.6,143.4,29.18,697.0,0,3,20.573888091822095,194.53333333333333,100-200,20%-30%
Madno,2026-10-02,WK 40,Indiranagar - CK,Zomato,Late Night,COCO,KA,208.0,0.0,10.4,198.0,0,1,0.0,208.0,200-300,0%
Madno,2026-10-02,WK 40,Indiranagar - CK,Zomato,Lunch,COCO,KA,823.0,461.0,41.18,1244.0,0,2,37.057877813504824,411.5,400-500,30%-40%
Boba Bar,2026-10-02,WK 40,Iyyappanthangal - CK,Zomato,Snacks,COCO,TN,966.0,259.0,48.3,1195.0,0,2,21.673640167364017,483.0,400-500,20%-30%
Frozen Bottle,2026-10-02,WK 40,Iyyappanthangal - CK,Swiggy,Dinner,COCO,TN,3198.9,1388.1,151.48,4417.0,0,12,31.426307448494452,266.575,200-300,30%-40%
Frozen Bottle,2026-10-02,WK 40,Iyyappanthangal - CK,Swiggy,Late Night,COCO,TN,616.01,373.99,28.82,950.0,0,3,39.36736842105263,205.33666666666667,200-300,30%-40%
Frozen Bottle,2026-10-02,WK 40,Iyyappanthangal - CK,Swiggy,Lunch,COCO,TN,2480.27,993.73,117.53999999999999,3344.0,0,9,29.71680622009569,275.5855555555556,200-300,20%-30%
Frozen Bottle,2026-10-02,WK 40,Iyyappanthangal - CK,Swiggy,Snacks,COCO,TN,2947.01,1155.99,139.88,3953.0,0,9,29.243359473817353,327.4455555555556,300-400,20%-30%
Frozen Bottle,2026-10-02,WK 40,Iyyappanthangal - CK,Zomato,Dinner,COCO,TN,2577.0,1344.0,128.88,3791.0,0,6,35.452387232920074,429.5,400-500,30%-40%
Frozen Bottle,2026-10-02,WK 40,Iyyappanthangal - CK,Zomato,Late Night,COCO,TN,1855.5,1690.5,92.84,3416.0,0,6,49.48770491803279,309.25,300-400,40%-50%
Frozen Bottle,2026-10-02,WK 40,Iyyappanthangal - CK,Zomato,Lunch,COCO,TN,1402.5,498.5,70.16,1831.0,0,5,27.22555980338613,280.5,200-300,20%-30%
Frozen Bottle,2026-10-02,WK 40,Iyyappanthangal - CK,Zomato,Snacks,COCO,TN,3653.3199999999997,2571.7,182.7,6065.0,0,5,42.40230832646331,730.664,600-900,40%-50%
Madno,2026-10-02,WK 40,Iyyappanthangal - CK,Swiggy,Dinner,COCO,TN,2892.51,1162.49,136.18,3885.0,0,10,29.92252252252252,289.25100000000003,200-300,20%-30%
Madno,2026-10-02,WK 40,Iyyappanthangal - CK,Swiggy,Late Night,COCO,TN,1215.01,573.99,56.78,1709.0,0,6,33.58630778232885,202.50166666666667,200-300,30%-40%
Madno,2026-10-02,WK 40,Iyyappanthangal - CK,Swiggy,Lunch,COCO,TN,2569.0,942.0,119.96000000000001,3341.0,0,10,28.195151152349595,256.9,200-300,20%-30%
Madno,2026-10-02,WK 40,Iyyappanthangal - CK,Swiggy,Snacks,COCO,TN,1404.0,801.0,64.72,2095.0,0,5,38.233890214797135,280.8,200-300,30%-40%
Madno,2026-10-02,WK 40,Iyyappanthangal - CK,Zomato,Dinner,COCO,TN,392.0,50.0,19.6,422.0,0,1,11.848341232227488,392.0,300-400,10%-20%
Madno,2026-10-02,WK 40,Iyyappanthangal - CK,Zomato,Late Night,COCO,TN,371.0,105.0,18.56,456.0,0,1,23.026315789473685,371.0,300-400,20%-30%
Madno,2026-10-02,WK 40,Iyyappanthangal - CK,Zomato,Snacks,COCO,TN,148.6,169.4,7.44,308.0,0,1,55.00000000000001,148.6,100-200,50%-60%
Boba Bar,2026-10-02,WK 40,JP Nagar,Zomato,Dinner,COCO,KA,407.0,175.0,20.36,562.0,0,1,31.13879003558719,407.0,400-500,30%-40%
Frozen Bottle,2026-10-02,WK 40,JP Nagar,In Store,Breakfast,COCO,KA,448.0,0.0,22.42,448.0,0,2,0.0,224.0,200-300,0%
Frozen Bottle,2026-10-02,WK 40,JP Nagar,In Store,Dinner,COCO,KA,4517.14,0.0,226.0,4517.14,0,18,0.0,250.95222222222225,200-300,0%
Frozen Bottle,2026-10-02,WK 40,JP Nagar,In Store,Late Night,COCO,KA,594.03,0.0,29.740000000000002,594.03,0,4,0.0,148.5075,100-200,0%
Frozen Bottle,2026-10-02,WK 40,JP Nagar,In Store,Lunch,COCO,KA,1234.75,0.0,61.78,1234.75,0,8,0.0,154.34375,100-200,0%
Frozen Bottle,2026-10-02,WK 40,JP Nagar,In Store,Snacks,COCO,KA,2780.58,101.89000000000001,139.06,2882.4700000000003,0,9,3.534815626875562,308.9533333333333,300-400,1%-10%
Frozen Bottle,2026-10-02,WK 40,JP Nagar,Ownly,Dinner,COCO,KA,198.0,0.0,9.9,198.0,0,1,0.0,198.0,100-200,0%
Frozen Bottle,2026-10-02,WK 40,JP Nagar,Ownly,Lunch,COCO,KA,643.86,0.0,32.22,643.86,0,3,0.0,214.62,200-300,0%
Frozen Bottle,2026-10-02,WK 40,JP Nagar,Swiggy,Breakfast,COCO,KA,1129.0,750.0,55.46,1859.0,0,3,40.34427111350188,376.3333333333333,300-400,40%-50%
Frozen Bottle,2026-10-02,WK 40,JP Nagar,Swiggy,Dinner,COCO,KA,2123.0,1316.0,100.7,3329.0,0,10,39.53139080805047,212.3,200-300,30%-40%
Frozen Bottle,2026-10-02,WK 40,JP Nagar,Swiggy,Late Night,COCO,KA,571.0,421.0,26.560000000000002,952.0,0,2,44.22268907563025,285.5,200-300,40%-50%
Frozen Bottle,2026-10-02,WK 40,JP Nagar,Swiggy,Lunch,COCO,KA,176.01,126.84,8.8,302.85,0,1,41.88211986131748,176.01,100-200,40%-50%
Frozen Bottle,2026-10-02,WK 40,JP Nagar,Swiggy,Snacks,COCO,KA,2327.0,1510.0,110.9,3727.0,0,9,40.515159645827744,258.55555555555554,200-300,40%-50%
Frozen Bottle,2026-10-02,WK 40,JP Nagar,Zomato,Breakfast,COCO,KA,125.0,115.0,6.26,230.0,0,1,50.0,125.0,100-200,40%-50%
Frozen Bottle,2026-10-02,WK 40,JP Nagar,Zomato,Dinner,COCO,KA,1125.0,275.0,56.26,1360.0,0,4,20.22058823529412,281.25,200-300,20%-30%
Frozen Bottle,2026-10-02,WK 40,JP Nagar,Zomato,Lunch,COCO,KA,132.85,0.0,6.64,122.85,0,1,0.0,132.85,100-200,0%
Frozen Bottle,2026-10-02,WK 40,JP Nagar,Zomato,Snacks,COCO,KA,1553.1,415.9,77.66,1909.0,0,3,21.78627553693033,517.6999999999999,500-600,20%-30%
Madno,2026-10-02,WK 40,JP Nagar,Ownly,Snacks,COCO,KA,455.0,0.0,22.76,455.0,0,3,0.0,151.66666666666666,100-200,0%
Madno,2026-10-02,WK 40,JP Nagar,Swiggy,Dinner,COCO,KA,808.0,292.0,39.9,1090.0,0,3,26.788990825688074,269.3333333333333,200-300,20%-30%
Madno,2026-10-02,WK 40,JP Nagar,Swiggy,Late Night,COCO,KA,159.0,39.0,7.96,198.0,0,1,19.696969696969695,159.0,100-200,10%-20%
Madno,2026-10-02,WK 40,JP Nagar,Swiggy,Lunch,COCO,KA,341.0,55.0,17.060000000000002,396.0,0,2,13.88888888888889,170.5,100-200,10%-20%
Madno,2026-10-02,WK 40,JP Nagar,Swiggy,Snacks,COCO,KA,558.01,139.99,25.9,658.0,0,2,21.275075987841944,279.005,200-300,20%-30%
Madno,2026-10-02,WK 40,JP Nagar,Zomato,Dinner,COCO,KA,1056.0,271.0,52.82000000000001,1267.0,0,3,21.38910812943962,352.0,300-400,20%-30%
Madno,2026-10-02,WK 40,JP Nagar,Zomato,Lunch,COCO,KA,286.0,134.0,14.3,400.0,0,1,33.5,286.0,200-300,30%-40%
Frozen Bottle,2026-10-02,WK 40,Jalna,Zomato,Lunch,FOFO,MH,509.0,0.0,25.46,489.0,0,1,0.0,509.0,500-600,0%
Boba Bar,2026-10-02,WK 40,Jamshedpur,Zomato,Snacks,FOFO,ROI,190.0,100.0,9.5,280.0,0,1,35.714285714285715,190.0,100-200,30%-40%
Frozen Bottle,2026-10-02,WK 40,Jamshedpur,In Store,Dinner,FOFO,ROI,1193.0,0.0,59.66,1193.0,0,3,0.0,397.6666666666667,300-400,0%
Frozen Bottle,2026-10-02,WK 40,Jamshedpur,In Store,Lunch,FOFO,ROI,418.0,0.0,20.9,418.0,0,1,0.0,418.0,400-500,0%
Frozen Bottle,2026-10-02,WK 40,Jamshedpur,In Store,Snacks,FOFO,ROI,1401.0,0.0,70.08,1401.0,0,5,0.0,280.2,200-300,0%
Frozen Bottle,2026-10-02,WK 40,Jamshedpur,Swiggy,Dinner,FOFO,ROI,551.0,0.0,26.560000000000002,531.0,0,2,0.0,275.5,200-300,0%
Frozen Bottle,2026-10-02,WK 40,Jamshedpur,Swiggy,Snacks,FOFO,ROI,290.0,0.0,14.0,280.0,0,1,0.0,290.0,200-300,0%
Frozen Bottle,2026-10-02,WK 40,Jamshedpur,Zomato,Dinner,FOFO,ROI,1687.15,284.7,84.4,1891.85,0,5,15.048761794011153,337.43,300-400,10%-20%
Frozen Bottle,2026-10-02,WK 40,Jamshedpur,Zomato,Lunch,FOFO,ROI,2379.0,350.0,118.96,2639.0,0,5,13.262599469496022,475.8,400-500,10%-20%
Frozen Bottle,2026-10-02,WK 40,Jamshedpur,Zomato,Snacks,FOFO,ROI,171.0,69.0,8.56,230.0,0,1,30.0,171.0,100-200,20%-30%
Madno,2026-10-02,WK 40,Jamshedpur,Swiggy,Snacks,FOFO,ROI,290.0,0.0,14.0,280.0,0,1,0.0,290.0,200-300,0%
Madno,2026-10-02,WK 40,Jamshedpur,Zomato,Dinner,FOFO,ROI,326.0,75.0,16.32,381.0,0,1,19.68503937007874,326.0,300-400,10%-20%
Madno,2026-10-02,WK 40,Jamshedpur,Zomato,Snacks,FOFO,ROI,143.0,57.0,7.16,190.0,0,1,30.0,143.0,100-200,20%-30%
Frozen Bottle,2026-10-02,WK 40,Jim Corbett,In Store,Breakfast,FOFO,ROI,338.0,0.0,16.9,338.0,0,1,0.0,338.0,300-400,0%
Frozen Bottle,2026-10-02,WK 40,Jim Corbett,In Store,Dinner,FOFO,ROI,1052.0,0.0,52.62,1052.0,0,2,0.0,526.0,500-600,0%
Frozen Bottle,2026-10-02,WK 40,Jim Corbett,In Store,Late Night,FOFO,ROI,775.0,0.0,38.76,775.0,0,1,0.0,775.0,600-900,0%
Frozen Bottle,2026-10-02,WK 40,Jim Corbett,In Store,Lunch,FOFO,ROI,1291.0,0.0,64.58,1291.0,0,4,0.0,322.75,300-400,0%
Frozen Bottle,2026-10-02,WK 40,Jim Corbett,In Store,Snacks,FOFO,ROI,1449.0,0.0,72.48,1449.0,0,5,0.0,289.8,200-300,0%
Frozen Bottle,2026-10-02,WK 40,Jim Corbett,Swiggy,Dinner,FOFO,ROI,289.0,0.0,13.96,279.0,0,1,0.0,289.0,200-300,0%
Frozen Bottle,2026-10-02,WK 40,Jubilee Hills,In Store,Closing,FOFO,AP & TL,176.0,0.0,8.8,176.0,0,1,0.0,176.0,100-200,0%
Frozen Bottle,2026-10-02,WK 40,Jubilee Hills,In Store,Dinner,FOFO,AP & TL,2571.0,0.0,128.6,2571.0,0,9,0.0,285.6666666666667,200-300,0%
Frozen Bottle,2026-10-02,WK 40,Jubilee Hills,In Store,Late Night,FOFO,AP & TL,577.0,0.0,28.86,577.0,0,2,0.0,288.5,200-300,0%
Frozen Bottle,2026-10-02,WK 40,Jubilee Hills,In Store,Lunch,FOFO,AP & TL,897.0,0.0,44.879999999999995,897.0,0,4,0.0,224.25,200-300,0%
Frozen Bottle,2026-10-02,WK 40,Jubilee Hills,In Store,Snacks,FOFO,AP & TL,1182.0,0.0,59.12,1182.0,0,5,0.0,236.4,200-300,0%
Frozen Bottle,2026-10-02,WK 40,Jubilee Hills,Swiggy,Closing,FOFO,AP & TL,410.0,100.0,20.0,500.0,0,1,20.0,410.0,400-500,10%-20%
Frozen Bottle,2026-10-02,WK 40,Jubilee Hills,Swiggy,Dinner,FOFO,AP & TL,1959.82,351.18,94.52000000000001,2241.0,0,5,15.670682730923696,391.964,300-400,10%-20%
Frozen Bottle,2026-10-02,WK 40,Jubilee Hills,Swiggy,Lunch,FOFO,AP & TL,240.0,0.0,11.5,230.0,0,1,0.0,240.0,200-300,0%
Frozen Bottle,2026-10-02,WK 40,Jubilee Hills,Swiggy,Snacks,FOFO,AP & TL,620.4,147.6,29.52,738.0,0,1,20.0,620.4,600-900,10%-20%
Frozen Bottle,2026-10-02,WK 40,Jubilee Hills,Zomato,Closing,FOFO,AP & TL,405.3,134.7,20.26,520.0,0,2,25.90384615384615,202.65,200-300,20%-30%
Frozen Bottle,2026-10-02,WK 40,Jubilee Hills,Zomato,Dinner,FOFO,AP & TL,1410.5,481.5,70.54,1822.0,0,7,26.42700329308452,201.5,200-300,20%-30%
Frozen Bottle,2026-10-02,WK 40,Jubilee Hills,Zomato,Late Night,FOFO,AP & TL,1162.6,413.4,58.14,1516.0,0,6,27.269129287598943,193.76666666666665,100-200,20%-30%
Frozen Bottle,2026-10-02,WK 40,Jubilee Hills,Zomato,Lunch,FOFO,AP & TL,575.3,134.7,28.78,680.0,0,3,19.80882352941176,191.76666666666665,100-200,10%-20%
Frozen Bottle,2026-10-02,WK 40,Jubilee Hills,Zomato,Snacks,FOFO,AP & TL,1046.9,329.1,52.32,1316.0,0,5,25.007598784194528,209.38000000000002,200-300,20%-30%
Frozen Bottle,2026-10-02,WK 40,Kadubisanahalli - CF CK,Ownly,Dinner,COCO,KA,240.0,0.0,12.02,240.0,0,2,0.0,120.0,100-200,0%
Frozen Bottle,2026-10-02,WK 40,Kadubisanahalli - CF CK,Swiggy,Dinner,COCO,KA,1506.0,1429.0,72.32,2875.0,0,8,49.70434782608696,188.25,100-200,40%-50%
Frozen Bottle,2026-10-02,WK 40,Kadubisanahalli - CF CK,Swiggy,Late Night,COCO,KA,564.0,304.0,26.2,828.0,0,2,36.71497584541063,282.0,200-300,30%-40%
Frozen Bottle,2026-10-02,WK 40,Kadubisanahalli - CF CK,Swiggy,Snacks,COCO,KA,752.01,346.99,36.1,1069.0,0,2,32.459307764265674,376.005,300-400,30%-40%
Frozen Bottle,2026-10-02,WK 40,Kadubisanahalli - CF CK,Zomato,Dinner,COCO,KA,3277.4,1892.6,163.96,4970.0,0,16,38.08048289738431,204.8375,200-300,30%-40%
Frozen Bottle,2026-10-02,WK 40,Kadubisanahalli - CF CK,Zomato,Late Night,COCO,KA,491.0,270.0,24.560000000000002,731.0,0,2,36.935704514363884,245.5,200-300,30%-40%
Frozen Bottle,2026-10-02,WK 40,Kadubisanahalli - CF CK,Zomato,Lunch,COCO,KA,190.0,0.0,9.5,180.0,0,1,0.0,190.0,100-200,0%
Frozen Bottle,2026-10-02,WK 40,Kadubisanahalli - CF CK,Zomato,Snacks,COCO,KA,2740.5,1106.5,137.07999999999998,3707.0,0,11,29.848934448340973,249.13636363636363,200-300,20%-30%
Madno,2026-10-02,WK 40,Kadubisanahalli - CF CK,Ownly,Dinner,COCO,KA,537.0,0.0,26.86,537.0,0,2,0.0,268.5,200-300,0%
Madno,2026-10-02,WK 40,Kadubisanahalli - CF CK,Swiggy,Dinner,COCO,KA,435.0,243.0,21.259999999999998,668.0,0,3,36.377245508982035,145.0,100-200,30%-40%
Madno,2026-10-02,WK 40,Kadubisanahalli - CF CK,Swiggy,Late Night,COCO,KA,219.0,240.0,9.96,439.0,0,1,54.66970387243736,219.0,200-300,50%-60%
Madno,2026-10-02,WK 40,Kadubisanahalli - CF CK,Swiggy,Lunch,COCO,KA,98.0,140.0,4.4,228.0,0,1,61.40350877192983,98.0,0-100,60%-70%
Madno,2026-10-02,WK 40,Kadubisanahalli - CF CK,Swiggy,Snacks,COCO,KA,120.0,140.0,5.5,250.0,0,1,56.00000000000001,120.0,100-200,50%-60%
Madno,2026-10-02,WK 40,Kadubisanahalli - CF CK,Zomato,Dinner,COCO,KA,1284.0,395.0,64.2,1609.0,0,6,24.54940957116221,214.0,200-300,20%-30%
Madno,2026-10-02,WK 40,Kadubisanahalli - CF CK,Zomato,Late Night,COCO,KA,236.0,216.0,11.8,432.0,0,1,50.0,236.0,200-300,40%-50%
Madno,2026-10-02,WK 40,Kadubisanahalli - CF CK,Zomato,Snacks,COCO,KA,381.0,180.0,19.060000000000002,531.0,0,2,33.89830508474576,190.5,100-200,30%-40%
Boba Bar,2026-10-02,WK 40,Kakkanad,Swiggy,Dinner,COCO,Kerela,218.0,182.0,9.9,380.0,0,1,47.89473684210526,218.0,200-300,40%-50%
Boba Bar,2026-10-02,WK 40,Kakkanad,Swiggy,Lunch,COCO,Kerela,247.0,224.0,11.36,451.0,0,1,49.667405764966745,247.0,200-300,40%-50%
Boba Bar,2026-10-02,WK 40,Kakkanad,Swiggy,Snacks,COCO,Kerela,1318.51,552.49,62.44,1801.0,0,2,30.676846196557467,659.255,600-900,30%-40%
Frozen Bottle,2026-10-02,WK 40,Kakkanad,In Store,Dinner,COCO,Kerela,1746.33,0.0,87.32,1746.33,0,3,0.0,582.11,500-600,0%
Frozen Bottle,2026-10-02,WK 40,Kakkanad,In Store,Late Night,COCO,Kerela,129.0,0.0,6.46,129.0,0,1,0.0,129.0,100-200,0%
Frozen Bottle,2026-10-02,WK 40,Kakkanad,In Store,Lunch,COCO,Kerela,169.0,0.0,8.46,169.0,0,1,0.0,169.0,100-200,0%
Frozen Bottle,2026-10-02,WK 40,Kakkanad,In Store,Snacks,COCO,Kerela,1838.0,0.0,91.92,1838.0,0,5,0.0,367.6,300-400,0%
Frozen Bottle,2026-10-02,WK 40,Kakkanad,Swiggy,Closing,COCO,Kerela,1050.0,0.0,51.0,1020.0,0,1,0.0,1050.0,>900,0%
Frozen Bottle,2026-10-02,WK 40,Kakkanad,Swiggy,Dinner,COCO,Kerela,4301.0,3070.0,202.1,7111.0,0,19,43.172549571087046,226.3684210526316,200-300,40%-50%
Frozen Bottle,2026-10-02,WK 40,Kakkanad,Swiggy,Late Night,COCO,Kerela,2124.01,1428.99,99.22,3413.0,0,11,41.86903017872839,193.0918181818182,100-200,40%-50%
Frozen Bottle,2026-10-02,WK 40,Kakkanad,Swiggy,Lunch,COCO,Kerela,2381.0,1571.0,111.6,3802.0,0,13,41.320357706470276,183.15384615384616,100-200,40%-50%
Frozen Bottle,2026-10-02,WK 40,Kakkanad,Swiggy,Snacks,COCO,Kerela,1318.0,1190.0,61.44,2418.0,0,7,49.21422663358147,188.28571428571428,100-200,40%-50%
Frozen Bottle,2026-10-02,WK 40,Kakkanad,Zomato,Dinner,COCO,Kerela,240.0,100.0,12.0,330.0,0,1,30.303030303030305,240.0,200-300,30%-40%
Frozen Bottle,2026-10-02,WK 40,Kakkanad,Zomato,Late Night,COCO,Kerela,959.3,650.7,47.96,1550.0,0,4,41.980645161290326,239.825,200-300,40%-50%
Frozen Bottle,2026-10-02,WK 40,Kakkanad,Zomato,Lunch,COCO,Kerela,871.0,659.0,43.56,1470.0,0,5,44.82993197278912,174.2,100-200,40%-50%
Frozen Bottle,2026-10-02,WK 40,Kakkanad,Zomato,Snacks,COCO,Kerela,641.0,688.0,32.08,1289.0,0,2,53.374709076803725,320.5,300-400,50%-60%
Madno,2026-10-02,WK 40,Kakkanad,Swiggy,Closing,COCO,Kerela,218.0,198.0,9.9,396.0,0,1,50.0,218.0,200-300,40%-50%
Madno,2026-10-02,WK 40,Kakkanad,Swiggy,Dinner,COCO,Kerela,2226.0,1378.0,104.82,3474.0,0,9,39.66609096142775,247.33333333333334,200-300,30%-40%
Madno,2026-10-02,WK 40,Kakkanad,Swiggy,Late Night,COCO,Kerela,120.0,140.0,5.5,250.0,0,1,56.00000000000001,120.0,100-200,50%-60%
Madno,2026-10-02,WK 40,Kakkanad,Swiggy,Lunch,COCO,Kerela,2175.0,1331.0,102.26,3376.0,0,10,39.425355450236964,217.5,200-300,30%-40%
Madno,2026-10-02,WK 40,Kakkanad,Swiggy,Snacks,COCO,Kerela,797.0,474.0,37.36,1221.0,0,4,38.82063882063882,199.25,100-200,30%-40%
Madno,2026-10-02,WK 40,Kakkanad,Zomato,Closing,COCO,Kerela,310.0,0.0,15.5,300.0,0,1,0.0,310.0,300-400,0%
Madno,2026-10-02,WK 40,Kakkanad,Zomato,Dinner,COCO,Kerela,973.0,913.0,48.66,1826.0,0,4,50.0,243.25,200-300,40%-50%
Madno,2026-10-02,WK 40,Kakkanad,Zomato,Late Night,COCO,Kerela,160.5,150.5,8.02,301.0,0,1,50.0,160.5,100-200,40%-50%
Madno,2026-10-02,WK 40,Kakkanad,Zomato,Lunch,COCO,Kerela,210.0,50.0,10.5,250.0,0,1,20.0,210.0,200-300,10%-20%
Madno,2026-10-02,WK 40,Kakkanad,Zomato,Snacks,COCO,Kerela,531.5,501.5,26.58,1003.0,0,2,50.0,265.75,200-300,40%-50%
Frozen Bottle,2026-10-02,WK 40,Kakkanad-2,In Store,Dinner,FOFO,Kerela,189.0,0.0,9.46,189.0,0,1,0.0,189.0,100-200,0%
Frozen Bottle,2026-10-02,WK 40,Kakkanad-2,In Store,Snacks,FOFO,Kerela,1671.0,0.0,83.58,1671.0,0,6,0.0,278.5,200-300,0%
Frozen Bottle,2026-10-02,WK 40,Kakkanad-2,Swiggy,Dinner,FOFO,Kerela,408.0,70.0,20.4,478.0,0,1,14.644351464435147,408.0,400-500,10%-20%
Frozen Bottle,2026-10-02,WK 40,Kakkanad-2,Swiggy,Lunch,FOFO,Kerela,280.0,0.0,13.5,270.0,0,1,0.0,280.0,200-300,0%
Frozen Bottle,2026-10-02,WK 40,Kakkanad-2,Zomato,Dinner,FOFO,Kerela,788.0,0.0,39.42,758.0,0,2,0.0,394.0,300-400,0%
Frozen Bottle,2026-10-02,WK 40,Kakkanad-2,Zomato,Snacks,FOFO,Kerela,330.0,0.0,16.5,320.0,0,1,0.0,330.0,300-400,0%
Boba Bar,2026-10-02,WK 40,Kalyan,Zomato,Dinner,COCO,MH,99.82,89.82,5.0,179.64,0,1,50.0,99.82,0-100,40%-50%
Boba Bar,2026-10-02,WK 40,Kalyan,Zomato,Snacks,COCO,MH,669.0,213.0,33.46,852.0,0,1,25.0,669.0,600-900,20%-30%
Frozen Bottle,2026-10-02,WK 40,Kalyan,In Store,Dinner,COCO,MH,1429.0,0.0,71.48,1429.0,0,6,0.0,238.16666666666666,200-300,0%
Frozen Bottle,2026-10-02,WK 40,Kalyan,In Store,Late Night,COCO,MH,308.88,207.12,15.44,516.0,0,2,40.13953488372093,154.44,100-200,40%-50%
Frozen Bottle,2026-10-02,WK 40,Kalyan,In Store,Snacks,COCO,MH,2306.0,0.0,115.32,2306.0,0,6,0.0,384.3333333333333,300-400,0%
Frozen Bottle,2026-10-02,WK 40,Kalyan,Swiggy,Dinner,COCO,MH,2767.86,650.65,130.92,3268.5099999999998,0,6,19.906624119246995,461.31,400-500,10%-20%
Frozen Bottle,2026-10-02,WK 40,Kalyan,Swiggy,Late Night,COCO,MH,1072.01,538.99,50.620000000000005,1551.0,0,3,34.75112830431979,357.33666666666664,300-400,30%-40%
Frozen Bottle,2026-10-02,WK 40,Kalyan,Swiggy,Lunch,COCO,MH,2318.01,1387.99,109.4,3576.0,0,6,38.81403803131991,386.33500000000004,300-400,30%-40%
Frozen Bottle,2026-10-02,WK 40,Kalyan,Swiggy,Snacks,COCO,MH,832.01,885.53,39.62,1677.54,0,5,52.78741490515875,166.402,100-200,50%-60%
Frozen Bottle,2026-10-02,WK 40,Kalyan,Zomato,Dinner,COCO,MH,4262.08,2106.1,213.16,6148.18,0,11,34.25566590438145,387.46181818181816,300-400,30%-40%
Frozen Bottle,2026-10-02,WK 40,Kalyan,Zomato,Late Night,COCO,MH,3212.0,2769.0,160.66,5781.0,0,9,47.89828749351323,356.8888888888889,300-400,40%-50%
Frozen Bottle,2026-10-02,WK 40,Kalyan,Zomato,Lunch,COCO,MH,780.0,570.0,39.0,1300.0,0,4,43.84615384615385,195.0,100-200,40%-50%
Frozen Bottle,2026-10-02,WK 40,Kalyan,Zomato,Snacks,COCO,MH,2181.8199999999997,798.8399999999999,109.13999999999999,2850.66,0,7,28.022984151038706,311.6885714285714,300-400,20%-30%
Madno,2026-10-02,WK 40,Kalyan,Swiggy,Dinner,COCO,MH,276.0,140.0,12.8,396.0,0,1,35.35353535353536,276.0,200-300,30%-40%
Madno,2026-10-02,WK 40,Kalyan,Swiggy,Late Night,COCO,MH,515.0,471.0,24.759999999999998,966.0,0,2,48.75776397515528,257.5,200-300,40%-50%
Madno,2026-10-02,WK 40,Kalyan,Swiggy,Snacks,COCO,MH,198.0,91.0,9.4,279.0,0,1,32.61648745519714,198.0,100-200,30%-40%
Madno,2026-10-02,WK 40,Kalyan,Zomato,Dinner,COCO,MH,1402.05,925.28,70.12,2237.33,0,3,41.3564382545266,467.34999999999997,400-500,40%-50%
Madno,2026-10-02,WK 40,Kalyan,Zomato,Lunch,COCO,MH,371.0,321.0,18.56,672.0,0,1,47.767857142857146,371.0,300-400,40%-50%
Madno,2026-10-02,WK 40,Kalyan,Zomato,Snacks,COCO,MH,341.0,271.0,17.06,592.0,0,1,45.77702702702703,341.0,300-400,40%-50%
Boba Bar,2026-10-02,WK 40,Kammanhalli,Ownly,Dinner,COCO,KA,348.0,0.0,17.4,348.0,0,1,0.0,348.0,300-400,0%
Boba Bar,2026-10-02,WK 40,Kammanhalli,Swiggy,Dinner,COCO,KA,676.01,337.32,31.32,963.33,0,2,35.016038117778955,338.005,300-400,30%-40%
Boba Bar,2026-10-02,WK 40,Kammanhalli,Zomato,Dinner,COCO,KA,123.33,0.0,6.16,113.33,0,1,0.0,123.33,100-200,0%
Frozen Bottle,2026-10-02,WK 40,Kammanhalli,In Store,Breakfast,COCO,KA,428.0,0.0,21.4,428.0,0,1,0.0,428.0,400-500,0%
Frozen Bottle,2026-10-02,WK 40,Kammanhalli,In Store,Dinner,COCO,KA,9656.25,0.0,482.94,9656.25,0,30,0.0,321.875,300-400,0%
Frozen Bottle,2026-10-02,WK 40,Kammanhalli,In Store,Late Night,COCO,KA,635.0,0.0,31.76,635.0,0,3,0.0,211.66666666666666,200-300,0%
Frozen Bottle,2026-10-02,WK 40,Kammanhalli,In Store,Lunch,COCO,KA,1024.0,0.0,51.22,1024.0,0,4,0.0,256.0,200-300,0%
Frozen Bottle,2026-10-02,WK 40,Kammanhalli,In Store,Snacks,COCO,KA,4677.92,1183.0,234.04000000000002,5860.92,0,20,20.18454440599769,233.89600000000002,200-300,20%-30%
Frozen Bottle,2026-10-02,WK 40,Kammanhalli,Ownly,Dinner,COCO,KA,1436.2,0.0,71.82,1436.2,0,4,0.0,359.05,300-400,0%
Frozen Bottle,2026-10-02,WK 40,Kammanhalli,Ownly,Late Night,COCO,KA,582.2,0.0,29.12,582.2,0,3,0.0,194.0666666666667,100-200,0%
Frozen Bottle,2026-10-02,WK 40,Kammanhalli,Swiggy,Breakfast,COCO,KA,169.0,139.0,8.46,308.0,0,1,45.12987012987013,169.0,100-200,40%-50%
Frozen Bottle,2026-10-02,WK 40,Kammanhalli,Swiggy,Dinner,COCO,KA,9697.26,4040.07,461.02,13257.33,0,32,30.47423576240465,303.039375,300-400,30%-40%
Frozen Bottle,2026-10-02,WK 40,Kammanhalli,Swiggy,Late Night,COCO,KA,5980.65,3280.35,285.62,8991.0,0,18,36.484818151484816,332.2583333333333,300-400,30%-40%
Frozen Bottle,2026-10-02,WK 40,Kammanhalli,Swiggy,Lunch,COCO,KA,4841.02,2622.98,230.08,7224.0,0,15,36.30924695459579,322.73466666666667,300-400,30%-40%
Frozen Bottle,2026-10-02,WK 40,Kammanhalli,Swiggy,Snacks,COCO,KA,5755.01,4245.99,273.8,9721.0,0,18,43.678531015327636,319.72277777777776,300-400,40%-50%
Frozen Bottle,2026-10-02,WK 40,Kammanhalli,Zomato,Breakfast,COCO,KA,342.2,135.8,17.12,458.0,0,1,29.650655021834066,342.2,300-400,20%-30%
Frozen Bottle,2026-10-02,WK 40,Kammanhalli,Zomato,Dinner,COCO,KA,4654.3,3270.69,232.82,7654.99,0,15,42.72624784617616,310.2866666666667,300-400,40%-50%
Frozen Bottle,2026-10-02,WK 40,Kammanhalli,Zomato,Late Night,COCO,KA,2939.0,2200.0,146.98,4959.0,0,10,44.36378302077031,293.9,200-300,40%-50%
Frozen Bottle,2026-10-02,WK 40,Kammanhalli,Zomato,Lunch,COCO,KA,429.0,50.0,21.46,459.0,0,2,10.893246187363834,214.5,200-300,10%-20%
Frozen Bottle,2026-10-02,WK 40,Kammanhalli,Zomato,Snacks,COCO,KA,568.0,100.0,28.42,638.0,0,3,15.673981191222571,189.33333333333334,100-200,10%-20%
Madno,2026-10-02,WK 40,Kammanhalli,Ownly,Late Night,COCO,KA,159.0,0.0,7.96,159.0,0,1,0.0,159.0,100-200,0%
Madno,2026-10-02,WK 40,Kammanhalli,Swiggy,Breakfast,COCO,KA,216.0,186.0,9.8,382.0,0,1,48.69109947643979,216.0,200-300,40%-50%
Madno,2026-10-02,WK 40,Kammanhalli,Swiggy,Dinner,COCO,KA,2622.0,1676.0,123.12,4138.0,0,10,40.50265828902852,262.2,200-300,40%-50%
Madno,2026-10-02,WK 40,Kammanhalli,Swiggy,Late Night,COCO,KA,666.0,571.0,31.32,1197.0,0,4,47.702589807852966,166.5,100-200,40%-50%
Madno,2026-10-02,WK 40,Kammanhalli,Swiggy,Lunch,COCO,KA,647.0,442.0,30.86,1059.0,0,3,41.73748819641171,215.66666666666666,200-300,40%-50%
Madno,2026-10-02,WK 40,Kammanhalli,Swiggy,Snacks,COCO,KA,1244.0,878.0,58.72,2052.0,0,6,42.787524366471736,207.33333333333334,200-300,40%-50%
Madno,2026-10-02,WK 40,Kammanhalli,Zomato,Dinner,COCO,KA,283.5,65.5,14.18,329.0,0,2,19.908814589665656,141.75,100-200,10%-20%
Madno,2026-10-02,WK 40,Kammanhalli,Zomato,Late Night,COCO,KA,1299.7,575.3,65.02,1795.0,0,5,32.050139275766014,259.94,200-300,30%-40%
Madno,2026-10-02,WK 40,Kammanhalli,Zomato,Lunch,COCO,KA,1241.3,515.7,62.059999999999995,1667.0,0,2,30.935812837432515,620.65,600-900,30%-40%
Boba Bar,2026-10-02,WK 40,Kamothe,Swiggy,Dinner,COCO,MH,1333.53,1171.17,64.2,2454.7,0,6,47.71132928667455,222.255,200-300,40%-50%
Boba Bar,2026-10-02,WK 40,Kamothe,Swiggy,Snacks,COCO,MH,157.0,133.0,7.36,280.0,0,1,47.5,157.0,100-200,40%-50%
Boba Bar,2026-10-02,WK 40,Kamothe,Zomato,Snacks,COCO,MH,1404.0,0.0,70.2,1364.0,0,1,0.0,1404.0,>900,0%
Frozen Bottle,2026-10-02,WK 40,Kamothe,In Store,Dinner,COCO,MH,975.0,0.0,48.78,975.0,0,4,0.0,243.75,200-300,0%
Frozen Bottle,2026-10-02,WK 40,Kamothe,In Store,Lunch,COCO,MH,1213.0,0.0,60.68,1213.0,0,4,0.0,303.25,300-400,0%
Frozen Bottle,2026-10-02,WK 40,Kamothe,In Store,Snacks,COCO,MH,118.0,0.0,5.92,118.0,0,2,0.0,59.0,0-100,0%
Frozen Bottle,2026-10-02,WK 40,Kamothe,Swiggy,Dinner,COCO,MH,1924.0,1441.99,90.22,3245.99,0,7,44.42373513165475,274.85714285714283,200-300,40%-50%
Frozen Bottle,2026-10-02,WK 40,Kamothe,Swiggy,Lunch,COCO,MH,1832.6599999999999,913.49,85.66,2626.15,0,5,34.78438017630371,366.532,300-400,30%-40%
Frozen Bottle,2026-10-02,WK 40,Kamothe,Swiggy,Snacks,COCO,MH,555.0,365.0,26.259999999999998,890.0,0,3,41.01123595505618,185.0,100-200,40%-50%
Frozen Bottle,2026-10-02,WK 40,Kamothe,Zomato,Dinner,COCO,MH,2109.66,1301.6599999999999,105.52,3291.3199999999997,0,7,39.548266349063596,301.38,300-400,30%-40%
Frozen Bottle,2026-10-02,WK 40,Kamothe,Zomato,Late Night,COCO,MH,878.27,506.43,43.94,1324.7,0,3,38.22978787650034,292.75666666666666,200-300,30%-40%
Frozen Bottle,2026-10-02,WK 40,Kamothe,Zomato,Lunch,COCO,MH,2064.55,547.45,103.22,2522.0,0,5,21.706978588421887,412.91,400-500,20%-30%
Frozen Bottle,2026-10-02,WK 40,Kamothe,Zomato,Snacks,COCO,MH,1498.5,499.5,74.96000000000001,1928.0,0,5,25.90767634854772,299.7,200-300,20%-30%
Madno,2026-10-02,WK 40,Kamothe,Swiggy,Dinner,COCO,MH,1108.8600000000001,671.99,51.46,1700.85,0,6,39.50906899491431,184.81000000000003,100-200,30%-40%
Madno,2026-10-02,WK 40,Kamothe,Swiggy,Late Night,COCO,MH,830.0,902.85,39.0,1682.85,0,2,53.65005793742759,415.0,400-500,50%-60%
Madno,2026-10-02,WK 40,Kamothe,Swiggy,Snacks,COCO,MH,638.0,506.65999999999997,30.9,1124.6599999999999,0,3,45.05005957356001,212.66666666666666,200-300,40%-50%
Madno,2026-10-02,WK 40,Kamothe,Zomato,Dinner,COCO,MH,2332.96,754.0400000000001,116.64,2977.0,0,4,25.32885455156198,583.24,500-600,20%-30%
Madno,2026-10-02,WK 40,Kamothe,Zomato,Snacks,COCO,MH,341.0,321.0,17.06,642.0,0,1,50.0,341.0,300-400,40%-50%
Boba Bar,2026-10-02,WK 40,Kanakapura,Swiggy,Late Night,COCO,KA,138.0,122.0,6.9,260.0,0,1,46.92307692307692,138.0,100-200,40%-50%
Frozen Bottle,2026-10-02,WK 40,Kanakapura,In Store,Breakfast,COCO,KA,109.0,0.0,5.46,109.0,0,1,0.0,109.0,100-200,0%
Frozen Bottle,2026-10-02,WK 40,Kanakapura,In Store,Dinner,COCO,KA,4531.4400000000005,0.0,226.66,4531.4400000000005,0,14,0.0,323.67428571428576,300-400,0%
Frozen Bottle,2026-10-02,WK 40,Kanakapura,In Store,Late Night,COCO,KA,397.0,0.0,19.86,397.0,0,2,0.0,198.5,100-200,0%
Frozen Bottle,2026-10-02,WK 40,Kanakapura,In Store,Lunch,COCO,KA,1450.8899999999999,0.0,72.58,1450.8899999999999,0,7,0.0,207.26999999999998,200-300,0%
Frozen Bottle,2026-10-02,WK 40,Kanakapura,In Store,Snacks,COCO,KA,2649.08,0.0,132.5,2649.08,0,10,0.0,264.908,200-300,0%
Frozen Bottle,2026-10-02,WK 40,Kanakapura,Ownly,Dinner,COCO,KA,2067.2,0.0,103.38000000000001,2067.2,0,4,0.0,516.8,500-600,0%
Frozen Bottle,2026-10-02,WK 40,Kanakapura,Swiggy,Dinner,COCO,KA,3766.04,1700.95,176.34,5226.99,0,9,32.54167312353764,418.44888888888886,400-500,30%-40%
Frozen Bottle,2026-10-02,WK 40,Kanakapura,Swiggy,Late Night,COCO,KA,1582.0,894.0,74.12,2376.0,0,3,37.62626262626262,527.3333333333334,500-600,30%-40%
Frozen Bottle,2026-10-02,WK 40,Kanakapura,Swiggy,Lunch,COCO,KA,1295.0,519.0,61.28,1744.0,0,3,29.759174311926607,431.6666666666667,400-500,20%-30%
Frozen Bottle,2026-10-02,WK 40,Kanakapura,Swiggy,Snacks,COCO,KA,639.0,419.0,29.48,1008.0,0,5,41.567460317460316,127.8,100-200,40%-50%
Frozen Bottle,2026-10-02,WK 40,Kanakapura,Zomato,Dinner,COCO,KA,943.0,327.0,47.16,1230.0,0,3,26.585365853658537,314.3333333333333,300-400,20%-30%
Frozen Bottle,2026-10-02,WK 40,Kanakapura,Zomato,Late Night,COCO,KA,812.5,787.5,40.620000000000005,1550.0,0,3,50.806451612903224,270.8333333333333,200-300,50%-60%
Frozen Bottle,2026-10-02,WK 40,Kanakapura,Zomato,Lunch,COCO,KA,250.0,230.0,12.5,460.0,0,1,50.0,250.0,200-300,40%-50%
Madno,2026-10-02,WK 40,Kanakapura,Ownly,Snacks,COCO,KA,159.0,0.0,7.96,159.0,0,1,0.0,159.0,100-200,0%
Madno,2026-10-02,WK 40,Kanakapura,Swiggy,Dinner,COCO,KA,1285.0,200.0,62.260000000000005,1445.0,0,5,13.84083044982699,257.0,200-300,10%-20%
Madno,2026-10-02,WK 40,Kanakapura,Swiggy,Late Night,COCO,KA,276.0,140.0,12.8,396.0,0,1,35.35353535353536,276.0,200-300,30%-40%
Madno,2026-10-02,WK 40,Kanakapura,Swiggy,Lunch,COCO,KA,784.0,38.0,37.7,792.0,0,4,4.797979797979798,196.0,100-200,1%-10%
Madno,2026-10-02,WK 40,Kanakapura,Swiggy,Snacks,COCO,KA,436.0,178.0,20.8,594.0,0,2,29.96632996632997,218.0,200-300,20%-30%
Madno,2026-10-02,WK 40,Kanakapura,Zomato,Breakfast,COCO,KA,208.0,0.0,10.4,198.0,0,1,0.0,208.0,200-300,0%
Madno,2026-10-02,WK 40,Kanakapura,Zomato,Dinner,COCO,KA,908.0,271.0,45.42,1129.0,0,4,24.00354295837024,227.0,200-300,20%-30%
Madno,2026-10-02,WK 40,Kanakapura,Zomato,Late Night,COCO,KA,366.0,80.0,18.3,426.0,0,2,18.779342723004692,183.0,100-200,10%-20%
Madno,2026-10-02,WK 40,Kanakapura,Zomato,Lunch,COCO,KA,707.0,271.0,35.36,938.0,0,3,28.891257995735607,235.66666666666666,200-300,20%-30%
Madno,2026-10-02,WK 40,Kanakapura,Zomato,Snacks,COCO,KA,1533.55,401.45,76.7,1845.0,0,5,21.75880758807588,306.71,300-400,20%-30%
Frozen Bottle,2026-10-02,WK 40,Kancheepuram,In Store,Dinner,FOFO,TN,3867.33,0.0,193.42,3867.33,0,14,0.0,276.23785714285714,200-300,0%
Frozen Bottle,2026-10-02,WK 40,Kancheepuram,In Store,Lunch,FOFO,TN,1917.0,0.0,95.88,1917.0,0,6,0.0,319.5,300-400,0%
Frozen Bottle,2026-10-02,WK 40,Kancheepuram,In Store,Snacks,FOFO,TN,1348.0,0.0,67.44,1348.0,0,7,0.0,192.57142857142858,100-200,0%
Frozen Bottle,2026-10-02,WK 40,Kancheepuram,Swiggy,Dinner,FOFO,TN,258.0,0.0,12.4,248.0,0,1,0.0,258.0,200-300,0%
Frozen Bottle,2026-10-02,WK 40,Kancheepuram,Swiggy,Snacks,FOFO,TN,1218.0,0.0,58.92,1178.0,0,2,0.0,609.0,600-900,0%
Frozen Bottle,2026-10-02,WK 40,Kancheepuram,Zomato,Dinner,FOFO,TN,509.0,0.0,25.46,489.0,0,1,0.0,509.0,500-600,0%
Frozen Bottle,2026-10-02,WK 40,Kancheepuram,Zomato,Lunch,FOFO,TN,1242.0,0.0,62.12,1212.0,0,1,0.0,1242.0,>900,0%
Frozen Bottle,2026-10-02,WK 40,Kancheepuram,Zomato,Snacks,FOFO,TN,920.0,0.0,46.019999999999996,890.0,0,2,0.0,460.0,400-500,0%
Frozen Bottle,2026-10-02,WK 40,Kanuru,Swiggy,Dinner,FOFO,AP & TL,626.0,221.0,30.299999999999997,827.0,0,2,26.723095525997582,313.0,300-400,20%-30%
Frozen Bottle,2026-10-02,WK 40,Kanuru,Swiggy,Late Night,FOFO,AP & TL,278.0,202.0,12.9,460.0,0,1,43.913043478260875,278.0,200-300,40%-50%
Frozen Bottle,2026-10-02,WK 40,Kanuru,Swiggy,Lunch,FOFO,AP & TL,99.0,81.0,4.96,180.0,0,1,45.0,99.0,0-100,40%-50%
Frozen Bottle,2026-10-02,WK 40,Kanuru,Zomato,Dinner,FOFO,AP & TL,290.0,0.0,14.5,280.0,0,1,0.0,290.0,200-300,0%
Frozen Bottle,2026-10-02,WK 40,Kanuru,Zomato,Lunch,FOFO,AP & TL,1379.0,0.0,68.98,1339.0,0,3,0.0,459.6666666666667,400-500,0%
Frozen Bottle,2026-10-02,WK 40,Kanuru,Zomato,Snacks,FOFO,AP & TL,209.0,0.0,10.46,199.0,0,1,0.0,209.0,200-300,0%
Madno,2026-10-02,WK 40,Kanuru,Swiggy,Snacks,FOFO,AP & TL,331.0,0.0,16.06,321.0,0,1,0.0,331.0,300-400,0%
Frozen Bottle,2026-10-02,WK 40,Karaikal,In Store,Dinner,FOFO,TN,5119.0,0.0,256.02,5119.0,0,13,0.0,393.7692307692308,300-400,0%
Frozen Bottle,2026-10-02,WK 40,Karaikal,In Store,Lunch,FOFO,TN,613.0,0.0,30.659999999999997,613.0,0,3,0.0,204.33333333333334,200-300,0%
Frozen Bottle,2026-10-02,WK 40,Karaikal,In Store,Snacks,FOFO,TN,3088.3,0.0,154.45999999999998,3088.3,0,7,0.0,441.1857142857143,400-500,0%
Frozen Bottle,2026-10-02,WK 40,Karaikal,Swiggy,Dinner,FOFO,TN,1189.0,0.0,57.46,1149.0,0,2,0.0,594.5,500-600,0%
Frozen Bottle,2026-10-02,WK 40,Karaikal,Swiggy,Snacks,FOFO,TN,1079.0,0.0,51.959999999999994,1039.0,0,2,0.0,539.5,500-600,0%
Frozen Bottle,2026-10-02,WK 40,Karaikal,Zomato,Dinner,FOFO,TN,1932.0,0.0,96.66,1862.0,0,3,0.0,644.0,600-900,0%
Frozen Bottle,2026-10-02,WK 40,Karur,In Store,Dinner,FOFO,TN,3859.0,0.0,193.0,3859.0,0,11,0.0,350.8181818181818,300-400,0%
Frozen Bottle,2026-10-02,WK 40,Karur,In Store,Lunch,FOFO,TN,2563.0,0.0,128.2,2563.0,0,7,0.0,366.14285714285717,300-400,0%
Frozen Bottle,2026-10-02,WK 40,Karur,In Store,Snacks,FOFO,TN,2355.0,0.0,117.76,2355.0,0,5,0.0,471.0,400-500,0%
Frozen Bottle,2026-10-02,WK 40,Karur,Swiggy,Dinner,FOFO,TN,800.0,0.0,38.519999999999996,770.0,0,2,0.0,400.0,300-400,0%
Frozen Bottle,2026-10-02,WK 40,Karur,Swiggy,Snacks,FOFO,TN,519.0,0.0,24.96,499.0,0,2,0.0,259.5,200-300,0%
Frozen Bottle,2026-10-02,WK 40,Kazhakkoottam,In Store,Dinner,FOFO,Kerela,1243.0,0.0,62.2,1243.0,0,6,0.0,207.16666666666666,200-300,0%
Frozen Bottle,2026-10-02,WK 40,Kazhakkoottam,In Store,Late Night,FOFO,Kerela,506.0,0.0,25.3,506.0,0,1,0.0,506.0,500-600,0%
Frozen Bottle,2026-10-02,WK 40,Kazhakkoottam,In Store,Lunch,FOFO,Kerela,1860.0,0.0,93.03999999999999,1860.0,0,6,0.0,310.0,300-400,0%
Frozen Bottle,2026-10-02,WK 40,Kazhakkoottam,In Store,Snacks,FOFO,Kerela,477.0,0.0,23.86,477.0,0,2,0.0,238.5,200-300,0%
Frozen Bottle,2026-10-02,WK 40,Kazhakkoottam,Swiggy,Dinner,FOFO,Kerela,2239.0,0.0,108.48,2169.0,0,5,0.0,447.8,400-500,0%
Frozen Bottle,2026-10-02,WK 40,Kazhakkoottam,Swiggy,Late Night,FOFO,Kerela,340.0,0.0,16.5,330.0,0,1,0.0,340.0,300-400,0%
Frozen Bottle,2026-10-02,WK 40,Kazhakkoottam,Swiggy,Snacks,FOFO,Kerela,309.0,0.0,14.96,299.0,0,1,0.0,309.0,300-400,0%
Frozen Bottle,2026-10-02,WK 40,Kazhakkoottam,Zomato,Dinner,FOFO,Kerela,3391.0,410.0,169.6,3661.0,0,6,11.199125921879267,565.1666666666666,500-600,10%-20%
Frozen Bottle,2026-10-02,WK 40,Kazhakkoottam,Zomato,Late Night,FOFO,Kerela,194.0,46.0,9.7,230.0,0,1,20.0,194.0,100-200,10%-20%
Frozen Bottle,2026-10-02,WK 40,Kazhakkoottam,Zomato,Lunch,FOFO,Kerela,610.0,150.0,30.5,740.0,0,1,20.27027027027027,610.0,600-900,20%-30%
Frozen Bottle,2026-10-02,WK 40,Kazhakkoottam,Zomato,Snacks,FOFO,Kerela,2202.0,350.0,110.12,2472.0,0,4,14.158576051779937,550.5,500-600,10%-20%
Madno,2026-10-02,WK 40,Kazhakkoottam,Swiggy,Lunch,FOFO,Kerela,801.0,0.0,38.06,761.0,0,1,0.0,801.0,600-900,0%
Frozen Bottle,2026-10-02,WK 40,Kempfort,In Store,Dinner,COCO,KA,1303.23,0.0,65.2,1303.23,0,8,0.0,162.90375,100-200,0%
Frozen Bottle,2026-10-02,WK 40,Kempfort,In Store,Lunch,COCO,KA,244.23,0.0,12.22,244.23,0,1,0.0,244.23,200-300,0%
Frozen Bottle,2026-10-02,WK 40,Kempfort,In Store,Snacks,COCO,KA,357.05,0.0,17.86,357.05,0,2,0.0,178.525,100-200,0%
Frozen Bottle,2026-10-02,WK 40,Kempfort,Ownly,Dinner,COCO,KA,188.0,0.0,9.4,188.0,0,1,0.0,188.0,100-200,0%
Frozen Bottle,2026-10-02,WK 40,Kempfort,Ownly,Late Night,COCO,KA,209.0,0.0,10.46,209.0,0,1,0.0,209.0,200-300,0%
Frozen Bottle,2026-10-02,WK 40,Kempfort,Ownly,Lunch,COCO,KA,338.2,0.0,16.92,338.2,0,1,0.0,338.2,300-400,0%
Frozen Bottle,2026-10-02,WK 40,Kempfort,Ownly,Snacks,COCO,KA,198.0,0.0,9.9,198.0,0,1,0.0,198.0,100-200,0%
Frozen Bottle,2026-10-02,WK 40,Kempfort,Swiggy,Dinner,COCO,KA,1865.0,1303.0,87.78,3058.0,0,7,42.60954872465664,266.42857142857144,200-300,40%-50%
Frozen Bottle,2026-10-02,WK 40,Kempfort,Swiggy,Late Night,COCO,KA,4022.02,2272.98,190.68,6085.0,0,11,37.35382087099425,365.6381818181818,300-400,30%-40%
Frozen Bottle,2026-10-02,WK 40,Kempfort,Swiggy,Lunch,COCO,KA,723.0,378.0,34.66,1071.0,0,3,35.294117647058826,241.0,200-300,30%-40%
Frozen Bottle,2026-10-02,WK 40,Kempfort,Swiggy,Snacks,COCO,KA,514.0,466.0,23.72,940.0,0,3,49.57446808510638,171.33333333333334,100-200,40%-50%
Frozen Bottle,2026-10-02,WK 40,Kempfort,Zomato,Dinner,COCO,KA,1263.4,848.6,63.2,2032.0,0,5,41.761811023622045,252.68,200-300,40%-50%
Frozen Bottle,2026-10-02,WK 40,Kempfort,Zomato,Late Night,COCO,KA,2126.93,1490.25,106.38,3487.18,0,6,42.73510400954353,354.4883333333333,300-400,40%-50%
Frozen Bottle,2026-10-02,WK 40,Kempfort,Zomato,Lunch,COCO,KA,1873.86,507.14,93.72,2291.0,0,6,22.13618507202095,312.31,300-400,20%-30%
Frozen Bottle,2026-10-02,WK 40,Kempfort,Zomato,Snacks,COCO,KA,352.0,271.0,17.62,593.0,0,2,45.699831365935914,176.0,100-200,40%-50%
Madno,2026-10-02,WK 40,Kempfort,Swiggy,Breakfast,COCO,KA,108.0,140.0,4.9,238.0,0,1,58.82352941176471,108.0,100-200,50%-60%
Madno,2026-10-02,WK 40,Kempfort,Swiggy,Dinner,COCO,KA,1261.0,274.33,61.58,1505.33,0,3,18.223911036118327,420.3333333333333,400-500,10%-20%
Madno,2026-10-02,WK 40,Kempfort,Swiggy,Late Night,COCO,KA,746.0,280.0,35.3,986.0,0,4,28.397565922920894,186.5,100-200,20%-30%
Madno,2026-10-02,WK 40,Kempfort,Swiggy,Lunch,COCO,KA,457.0,140.0,21.36,567.0,0,3,24.691358024691358,152.33333333333334,100-200,20%-30%
Madno,2026-10-02,WK 40,Kempfort,Swiggy,Snacks,COCO,KA,746.0,320.85,35.3,1026.85,0,1,31.246043725958035,746.0,600-900,30%-40%
Madno,2026-10-02,WK 40,Kempfort,Zomato,Dinner,COCO,KA,849.5,205.5,42.5,1005.0,0,2,20.44776119402985,424.75,400-500,20%-30%
Madno,2026-10-02,WK 40,Kempfort,Zomato,Late Night,COCO,KA,408.0,130.0,20.4,518.0,0,2,25.096525096525095,204.0,200-300,20%-30%
Madno,2026-10-02,WK 40,Kempfort,Zomato,Lunch,COCO,KA,205.0,195.0,10.26,390.0,0,1,50.0,205.0,200-300,40%-50%
Frozen Bottle,2026-10-02,WK 40,Kengeri,In Store,Dinner,FOFO,KA,674.05,0.0,33.72,674.05,0,3,0.0,224.6833333333333,200-300,0%
Frozen Bottle,2026-10-02,WK 40,Kengeri,In Store,Late Night,FOFO,KA,994.1,0.0,49.699999999999996,994.1,0,2,0.0,497.05,400-500,0%
Frozen Bottle,2026-10-02,WK 40,Kengeri,In Store,Lunch,FOFO,KA,198.0,0.0,9.9,198.0,0,1,0.0,198.0,100-200,0%
Frozen Bottle,2026-10-02,WK 40,Kengeri,Swiggy,Dinner,FOFO,KA,747.5,330.5,36.379999999999995,1058.0,0,2,31.238185255198488,373.75,300-400,30%-40%
Frozen Bottle,2026-10-02,WK 40,Kengeri,Swiggy,Late Night,FOFO,KA,1560.0,1219.0,77.52,2769.0,0,3,44.02311303719754,520.0,500-600,40%-50%
Frozen Bottle,2026-10-02,WK 40,Kengeri,Swiggy,Lunch,FOFO,KA,155.27,53.73,7.26,199.0,0,1,26.999999999999996,155.27,100-200,20%-30%
Frozen Bottle,2026-10-02,WK 40,Kengeri,Swiggy,Snacks,FOFO,KA,1081.0,219.0,53.06,1280.0,0,3,17.109375,360.3333333333333,300-400,10%-20%
Frozen Bottle,2026-10-02,WK 40,Kengeri,Zomato,Closing,FOFO,KA,149.3,59.7,7.46,199.0,0,1,30.0,149.3,100-200,20%-30%
Frozen Bottle,2026-10-02,WK 40,Kengeri,Zomato,Dinner,FOFO,KA,266.0,75.0,13.3,331.0,0,1,22.658610271903324,266.0,200-300,20%-30%
Frozen Bottle,2026-10-02,WK 40,Kengeri,Zomato,Late Night,FOFO,KA,408.0,300.0,20.42,678.0,0,3,44.24778761061947,136.0,100-200,40%-50%
Frozen Bottle,2026-10-02,WK 40,Kengeri,Zomato,Snacks,FOFO,KA,789.0,200.0,39.44,949.0,0,2,21.074815595363543,394.5,300-400,20%-30%
Boba Bar,2026-10-02,WK 40,Khar,Swiggy,Closing,COCO,MH,447.0,223.0,20.86,640.0,0,1,34.84375,447.0,400-500,30%-40%
Frozen Bottle,2026-10-02,WK 40,Khar,Swiggy,Closing,COCO,MH,248.0,114.0,11.4,342.0,0,1,33.33333333333333,248.0,200-300,30%-40%
Frozen Bottle,2026-10-02,WK 40,Khar,Swiggy,Dinner,COCO,MH,2510.0,1560.0,117.56,3910.0,0,7,39.89769820971867,358.57142857142856,300-400,30%-40%
Frozen Bottle,2026-10-02,WK 40,Khar,Swiggy,Late Night,COCO,MH,1170.0,820.0,55.519999999999996,1930.0,0,7,42.487046632124354,167.14285714285714,100-200,40%-50%
Frozen Bottle,2026-10-02,WK 40,Khar,Swiggy,Lunch,COCO,MH,2035.0,1244.0,95.28,3149.0,0,8,39.50460463639251,254.375,200-300,30%-40%
Frozen Bottle,2026-10-02,WK 40,Khar,Swiggy,Snacks,COCO,MH,3100.0,1935.99,146.01999999999998,4855.99,0,7,39.86808045321346,442.85714285714283,400-500,30%-40%
Frozen Bottle,2026-10-02,WK 40,Khar,Zomato,Dinner,COCO,MH,1900.1,799.9,95.04,2610.0,0,5,30.647509578544057,380.02,300-400,30%-40%
Frozen Bottle,2026-10-02,WK 40,Khar,Zomato,Late Night,COCO,MH,2108.9,1767.1,105.48,3766.0,0,5,46.92246415294743,421.78000000000003,400-500,40%-50%
Frozen Bottle,2026-10-02,WK 40,Khar,Zomato,Lunch,COCO,MH,1161.5,760.5,58.12,1842.0,0,6,41.28664495114007,193.58333333333334,100-200,40%-50%
Frozen Bottle,2026-10-02,WK 40,Khar,Zomato,Snacks,COCO,MH,2145.6,1042.3899999999999,107.32,3077.99,0,6,33.86593198808313,357.59999999999997,300-400,30%-40%
Madno,2026-10-02,WK 40,Khar,Swiggy,Dinner,COCO,MH,727.0,680.0,34.38,1367.0,0,5,49.74396488661302,145.4,100-200,40%-50%
Madno,2026-10-02,WK 40,Khar,Swiggy,Late Night,COCO,MH,359.0,0.0,16.96,339.0,0,2,0.0,179.5,100-200,0%
Madno,2026-10-02,WK 40,Khar,Swiggy,Lunch,COCO,MH,528.0,446.0,24.42,934.0,0,2,47.75160599571734,264.0,200-300,40%-50%
Boba Bar,2026-10-02,WK 40,Kharghar,Zomato,Closing,FOFO,MH,141.0,0.0,7.06,131.0,0,1,0.0,141.0,100-200,0%
Frozen Bottle,2026-10-02,WK 40,Kharghar,Swiggy,Dinner,FOFO,MH,3216.02,1097.98,153.34,4164.0,0,10,26.36839577329491,321.602,300-400,20%-30%
Frozen Bottle,2026-10-02,WK 40,Kharghar,Swiggy,Late Night,FOFO,MH,129.0,101.0,6.46,230.0,0,1,43.913043478260875,129.0,100-200,40%-50%
Frozen Bottle,2026-10-02,WK 40,Kharghar,Swiggy,Lunch,FOFO,MH,1964.01,811.99,91.72,2646.0,0,4,30.687452758881328,491.0025,400-500,30%-40%
Frozen Bottle,2026-10-02,WK 40,Kharghar,Swiggy,Snacks,FOFO,MH,2340.01,1248.99,110.56,3459.0,0,7,36.108412836079786,334.2871428571429,300-400,30%-40%
Frozen Bottle,2026-10-02,WK 40,Kharghar,Zomato,Dinner,FOFO,MH,1609.0,399.99,80.46000000000001,1938.99,0,4,20.62878096328501,402.25,400-500,20%-30%
Frozen Bottle,2026-10-02,WK 40,Kharghar,Zomato,Late Night,FOFO,MH,1771.48,508.52,88.58,2210.0,0,3,23.00995475113122,590.4933333333333,500-600,20%-30%
Frozen Bottle,2026-10-02,WK 40,Kharghar,Zomato,Lunch,FOFO,MH,205.0,75.0,10.26,270.0,0,1,27.77777777777778,205.0,200-300,20%-30%
Frozen Bottle,2026-10-02,WK 40,Kharghar,Zomato,Snacks,FOFO,MH,828.0,300.0,41.4,1088.0,0,2,27.573529411764707,414.0,400-500,20%-30%
Madno,2026-10-02,WK 40,Kharghar,Swiggy,Dinner,FOFO,MH,162.0,76.0,7.6,228.0,0,1,33.33333333333333,162.0,100-200,30%-40%
Madno,2026-10-02,WK 40,Kharghar,Swiggy,Lunch,FOFO,MH,357.0,61.0,17.86,418.0,0,1,14.5933014354067,357.0,300-400,10%-20%
Frozen Bottle,2026-10-02,WK 40,Kolar- Highway Star,In Store,Breakfast,COCO,KA,139.0,0.0,6.96,139.0,0,1,0.0,139.0,100-200,0%
Frozen Bottle,2026-10-02,WK 40,Kolar- Highway Star,In Store,Dinner,COCO,KA,3016.99,0.0,150.92000000000002,3016.99,0,11,0.0,274.27181818181816,200-300,0%
Frozen Bottle,2026-10-02,WK 40,Kolar- Highway Star,In Store,Lunch,COCO,KA,8804.05,0.0,440.3,8804.05,0,16,0.0,550.253125,500-600,0%
Frozen Bottle,2026-10-02,WK 40,Kolar- Highway Star,In Store,Snacks,COCO,KA,6418.05,976.0,321.0,7394.05,0,18,13.199802543937356,356.55833333333334,300-400,10%-20%
Frozen Bottle,2026-10-02,WK 40,Kolar- Highway Star,Swiggy,Lunch,COCO,KA,207.0,171.0,9.36,358.0,0,1,47.76536312849162,207.0,200-300,40%-50%
Frozen Bottle,2026-10-02,WK 40,Kolar- Highway Star,Swiggy,Snacks,COCO,KA,571.0,408.0,26.58,939.0,0,3,43.45047923322684,190.33333333333334,100-200,40%-50%
Frozen Bottle,2026-10-02,WK 40,Kolar- Highway Star,Zomato,Dinner,COCO,KA,387.5,382.5,19.38,740.0,0,1,51.689189189189186,387.5,300-400,50%-60%
Frozen Bottle,2026-10-02,WK 40,Kolar- Highway Star,Zomato,Snacks,COCO,KA,613.0,105.0,30.66,698.0,0,1,15.04297994269341,613.0,600-900,10%-20%
Madno,2026-10-02,WK 40,Kolar- Highway Star,Swiggy,Lunch,COCO,KA,298.0,0.0,14.4,288.0,0,1,0.0,298.0,200-300,0%
Boba Bar,2026-10-02,WK 40,Kolathur,Swiggy,Dinner,COCO,TN,962.51,584.49,45.620000000000005,1497.0,0,3,39.0440881763527,320.83666666666664,300-400,30%-40%
Boba Bar,2026-10-02,WK 40,Kolathur,Swiggy,Late Night,COCO,TN,902.5,237.5,43.12,1100.0,0,1,21.59090909090909,902.5,>900,20%-30%
Boba Bar,2026-10-02,WK 40,Kolathur,Swiggy,Lunch,COCO,TN,414.0,398.0,19.200000000000003,782.0,0,2,50.89514066496164,207.0,200-300,50%-60%
Boba Bar,2026-10-02,WK 40,Kolathur,Zomato,Lunch,COCO,TN,611.0,0.0,30.56,591.0,0,1,0.0,611.0,600-900,0%
Frozen Bottle,2026-10-02,WK 40,Kolathur,Swiggy,Dinner,COCO,TN,4284.02,2020.98,204.76,6115.0,0,11,33.04955028618152,389.4563636363637,300-400,30%-40%
Frozen Bottle,2026-10-02,WK 40,Kolathur,Swiggy,Late Night,COCO,TN,1088.0,560.0,51.42,1588.0,0,4,35.26448362720403,272.0,200-300,30%-40%
Frozen Bottle,2026-10-02,WK 40,Kolathur,Swiggy,Lunch,COCO,TN,1108.0,801.0,51.92,1839.0,0,5,43.556280587275694,221.6,200-300,40%-50%
Frozen Bottle,2026-10-02,WK 40,Kolathur,Swiggy,Snacks,COCO,TN,4570.1,1306.9,218.54,5677.0,0,8,23.0209617755857,571.2625,500-600,20%-30%
Frozen Bottle,2026-10-02,WK 40,Kolathur,Zomato,Dinner,COCO,TN,2025.2,972.8,101.26,2888.0,0,6,33.68421052631579,337.53333333333336,300-400,30%-40%
Frozen Bottle,2026-10-02,WK 40,Kolathur,Zomato,Late Night,COCO,TN,2118.0,1813.0,105.92,3801.0,0,5,47.697974217311234,423.6,400-500,40%-50%
Frozen Bottle,2026-10-02,WK 40,Kolathur,Zomato,Snacks,COCO,TN,964.0,355.0,48.22,1279.0,0,4,27.756059421422986,241.0,200-300,20%-30%
Madno,2026-10-02,WK 40,Kolathur,Swiggy,Dinner,COCO,TN,535.0,289.0,24.759999999999998,784.0,0,2,36.86224489795919,267.5,200-300,30%-40%
Madno,2026-10-02,WK 40,Kolathur,Swiggy,Late Night,COCO,TN,327.0,289.0,14.86,586.0,0,2,49.31740614334471,163.5,100-200,40%-50%
Madno,2026-10-02,WK 40,Kolathur,Swiggy,Lunch,COCO,TN,2732.0,402.0,130.12,3004.0,0,3,13.382157123834887,910.6666666666666,>900,10%-20%
Madno,2026-10-02,WK 40,Kolathur,Swiggy,Snacks,COCO,TN,941.0,718.0,43.56,1589.0,0,4,45.185651353052236,235.25,200-300,40%-50%
Madno,2026-10-02,WK 40,Kolathur,Zomato,Dinner,COCO,TN,516.0,125.0,25.82,621.0,0,2,20.128824476650564,258.0,200-300,20%-30%
Madno,2026-10-02,WK 40,Kolathur,Zomato,Late Night,COCO,TN,808.5,500.5,40.42,1269.0,0,3,39.44050433412136,269.5,200-300,30%-40%
Madno,2026-10-02,WK 40,Kolathur,Zomato,Lunch,COCO,TN,250.0,50.0,12.5,290.0,0,1,17.24137931034483,250.0,200-300,10%-20%
Frozen Bottle,2026-10-02,WK 40,Kollur,In Store,Closing,FOFO,AP & TL,477.0,0.0,23.86,477.0,0,1,0.0,477.0,400-500,0%
Frozen Bottle,2026-10-02,WK 40,Kollur,In Store,Dinner,FOFO,AP & TL,11137.23,0.0,557.04,11137.23,0,31,0.0,359.2654838709677,300-400,0%
Frozen Bottle,2026-10-02,WK 40,Kollur,In Store,Lunch,FOFO,AP & TL,3835.0,0.0,191.84,3835.0,0,16,0.0,239.6875,200-300,0%
Frozen Bottle,2026-10-02,WK 40,Kollur,In Store,Snacks,FOFO,AP & TL,6009.0,0.0,300.5,6009.0,0,15,0.0,400.6,400-500,0%
Frozen Bottle,2026-10-02,WK 40,Kollur,Swiggy,Closing,FOFO,AP & TL,891.0,0.0,43.06,861.0,0,2,0.0,445.5,400-500,0%
Frozen Bottle,2026-10-02,WK 40,Kollur,Swiggy,Dinner,FOFO,AP & TL,4786.0,0.0,231.8,4636.0,0,9,0.0,531.7777777777778,500-600,0%
Frozen Bottle,2026-10-02,WK 40,Kollur,Swiggy,Late Night,FOFO,AP & TL,351.0,0.0,16.56,331.0,0,1,0.0,351.0,300-400,0%
Frozen Bottle,2026-10-02,WK 40,Kollur,Swiggy,Snacks,FOFO,AP & TL,2679.0,0.0,129.96,2599.0,0,4,0.0,669.75,600-900,0%
Frozen Bottle,2026-10-02,WK 40,Kollur,Zomato,Dinner,FOFO,AP & TL,5515.0,525.0,275.82,5840.0,0,12,8.98972602739726,459.5833333333333,400-500,1%-10%
Frozen Bottle,2026-10-02,WK 40,Kollur,Zomato,Late Night,FOFO,AP & TL,1277.0,174.99,63.86,1401.99,0,3,12.481544090899364,425.6666666666667,400-500,10%-20%
Frozen Bottle,2026-10-02,WK 40,Kollur,Zomato,Lunch,FOFO,AP & TL,1542.0,0.0,77.14,1492.0,0,2,0.0,771.0,600-900,0%
Boba Bar,2026-10-02,WK 40,Kondhwa,Zomato,Snacks,FOFO,MH,400.0,0.0,20.0,380.0,0,1,0.0,400.0,300-400,0%
Frozen Bottle,2026-10-02,WK 40,Kondhwa,In Store,Dinner,FOFO,MH,4293.0,0.0,214.8,4293.0,0,24,0.0,178.875,100-200,0%
Frozen Bottle,2026-10-02,WK 40,Kondhwa,In Store,Lunch,FOFO,MH,458.0,0.0,22.92,458.0,0,2,0.0,229.0,200-300,0%
Frozen Bottle,2026-10-02,WK 40,Kondhwa,In Store,Snacks,FOFO,MH,2271.23,0.0,113.66,2271.23,0,12,0.0,189.26916666666668,100-200,0%
Frozen Bottle,2026-10-02,WK 40,Kondhwa,Swiggy,Dinner,FOFO,MH,580.0,0.0,28.0,560.0,0,1,0.0,580.0,500-600,0%
Frozen Bottle,2026-10-02,WK 40,Kondhwa,Swiggy,Lunch,FOFO,MH,262.0,28.0,12.6,280.0,0,1,10.0,262.0,200-300,1%-10%
Frozen Bottle,2026-10-02,WK 40,Kondhwa,Swiggy,Snacks,FOFO,MH,569.0,0.0,27.46,549.0,0,1,0.0,569.0,500-600,0%
Frozen Bottle,2026-10-02,WK 40,Kondhwa,Zomato,Closing,FOFO,MH,719.0,0.0,35.96,699.0,0,1,0.0,719.0,600-900,0%
Frozen Bottle,2026-10-02,WK 40,Kondhwa,Zomato,Dinner,FOFO,MH,2853.2,145.8,142.68,2889.0,0,7,5.046728971962617,407.59999999999997,400-500,1%-10%
Frozen Bottle,2026-10-02,WK 40,Kondhwa,Zomato,Late Night,FOFO,MH,858.0,50.0,42.9,878.0,0,1,5.694760820045558,858.0,600-900,1%-10%
Madno,2026-10-02,WK 40,Kondhwa,Swiggy,Closing,FOFO,MH,200.0,0.0,9.5,190.0,0,1,0.0,200.0,100-200,0%
Boba Bar,2026-10-02,WK 40,Koramangala,Swiggy,Late Night,COCO,KA,228.0,91.0,11.4,319.0,0,1,28.526645768025077,228.0,200-300,20%-30%
Frozen Bottle,2026-10-02,WK 40,Koramangala,In Store,Dinner,COCO,KA,9756.0,0.0,488.08,9756.0,0,38,0.0,256.7368421052632,200-300,0%
Frozen Bottle,2026-10-02,WK 40,Koramangala,In Store,Late Night,COCO,KA,2726.2799999999997,141.5,136.34,2867.7799999999997,0,5,4.934130233142012,545.256,500-600,1%-10%
Frozen Bottle,2026-10-02,WK 40,Koramangala,In Store,Lunch,COCO,KA,1006.0,0.0,50.34,1006.0,0,4,0.0,251.5,200-300,0%
Frozen Bottle,2026-10-02,WK 40,Koramangala,In Store,Snacks,COCO,KA,1289.0,0.0,64.48,1289.0,0,7,0.0,184.14285714285714,100-200,0%
Frozen Bottle,2026-10-02,WK 40,Koramangala,Ownly,Dinner,COCO,KA,99.0,0.0,4.96,99.0,0,1,0.0,99.0,0-100,0%
Frozen Bottle,2026-10-02,WK 40,Koramangala,Ownly,Late Night,COCO,KA,319.0,0.0,15.96,319.0,0,1,0.0,319.0,300-400,0%
Frozen Bottle,2026-10-02,WK 40,Koramangala,Ownly,Lunch,COCO,KA,99.0,0.0,4.96,99.0,0,1,0.0,99.0,0-100,0%
Frozen Bottle,2026-10-02,WK 40,Koramangala,Ownly,Snacks,COCO,KA,188.0,0.0,9.4,188.0,0,1,0.0,188.0,100-200,0%
Frozen Bottle,2026-10-02,WK 40,Koramangala,Swiggy,Dinner,COCO,KA,2771.01,1160.99,132.6,3812.0,0,9,30.456190975865688,307.89000000000004,300-400,30%-40%
Frozen Bottle,2026-10-02,WK 40,Koramangala,Swiggy,Late Night,COCO,KA,3249.0,1485.0,156.5,4614.0,0,9,32.184655396618986,361.0,300-400,30%-40%
Frozen Bottle,2026-10-02,WK 40,Koramangala,Swiggy,Lunch,COCO,KA,1269.02,602.98,60.46,1812.0,0,4,33.27704194260485,317.255,300-400,30%-40%
Frozen Bottle,2026-10-02,WK 40,Koramangala,Swiggy,Snacks,COCO,KA,3327.01,973.99,160.38,4181.0,0,7,23.295623056685002,475.2871428571429,400-500,20%-30%
Frozen Bottle,2026-10-02,WK 40,Koramangala,Zomato,Breakfast,COCO,KA,125.0,115.0,6.26,230.0,0,1,50.0,125.0,100-200,40%-50%
Frozen Bottle,2026-10-02,WK 40,Koramangala,Zomato,Dinner,COCO,KA,1696.8,748.2,84.86,2345.0,0,7,31.90618336886994,242.4,200-300,30%-40%
Frozen Bottle,2026-10-02,WK 40,Koramangala,Zomato,Late Night,COCO,KA,2878.0,1848.0,143.96,4556.0,0,11,40.56189640035118,261.6363636363636,200-300,40%-50%
Frozen Bottle,2026-10-02,WK 40,Koramangala,Zomato,Lunch,COCO,KA,383.2,145.8,19.16,509.0,0,2,28.644400785854618,191.6,100-200,20%-30%
Frozen Bottle,2026-10-02,WK 40,Koramangala,Zomato,Snacks,COCO,KA,767.5,252.5,38.4,970.0,0,3,26.03092783505155,255.83333333333334,200-300,20%-30%
Madno,2026-10-02,WK 40,Koramangala,Ownly,Snacks,COCO,KA,357.0,0.0,17.86,357.0,0,2,0.0,178.5,100-200,0%
Madno,2026-10-02,WK 40,Koramangala,Swiggy,Dinner,COCO,KA,732.0,338.0,34.1,1020.0,0,4,33.13725490196078,183.0,100-200,30%-40%
Madno,2026-10-02,WK 40,Koramangala,Swiggy,Late Night,COCO,KA,576.0,38.0,27.8,594.0,0,3,6.397306397306397,192.0,100-200,1%-10%
Madno,2026-10-02,WK 40,Koramangala,Swiggy,Lunch,COCO,KA,787.0,331.0,37.36,1078.0,0,4,30.70500927643785,196.75,100-200,30%-40%
Madno,2026-10-02,WK 40,Koramangala,Swiggy,Snacks,COCO,KA,1042.0,772.0,49.120000000000005,1754.0,0,5,44.013683010262255,208.4,200-300,40%-50%
Madno,2026-10-02,WK 40,Koramangala,Zomato,Dinner,COCO,KA,2039.6,809.4,101.98,2749.0,0,5,29.44343397599127,407.91999999999996,400-500,20%-30%
Madno,2026-10-02,WK 40,Koramangala,Zomato,Late Night,COCO,KA,751.0,180.0,37.56,901.0,0,3,19.97780244173141,250.33333333333334,200-300,10%-20%
Madno,2026-10-02,WK 40,Koramangala,Zomato,Lunch,COCO,KA,687.55,170.45,34.38,818.0,0,4,20.837408312958434,171.8875,100-200,20%-30%
Frozen Bottle,2026-10-02,WK 40,Koregaon Park - Pune,In Store,Dinner,COCO,MH,625.0,0.0,31.259999999999998,625.0,0,2,0.0,312.5,300-400,0%
Frozen Bottle,2026-10-02,WK 40,Koregaon Park - Pune,In Store,Lunch,COCO,MH,576.0,0.0,28.82,576.0,0,3,0.0,192.0,100-200,0%
Frozen Bottle,2026-10-02,WK 40,Koregaon Park - Pune,In Store,Snacks,COCO,MH,2333.32,840.6800000000001,116.72,3174.0,0,8,26.486452425960934,291.665,200-300,20%-30%
Frozen Bottle,2026-10-02,WK 40,Koregaon Park - Pune,Others,Dinner,COCO,MH,306.1,373.9,15.3,660.0,0,1,56.651515151515156,306.1,300-400,50%-60%
Frozen Bottle,2026-10-02,WK 40,Koregaon Park - Pune,Swiggy,Closing,COCO,MH,274.0,126.0,13.2,390.0,0,1,32.30769230769231,274.0,200-300,30%-40%
Frozen Bottle,2026-10-02,WK 40,Koregaon Park - Pune,Swiggy,Dinner,COCO,MH,5980.04,3097.4700000000003,283.06,8757.51,0,18,35.369300177790265,332.22444444444443,300-400,30%-40%
Frozen Bottle,2026-10-02,WK 40,Koregaon Park - Pune,Swiggy,Late Night,COCO,MH,1861.01,718.99,88.08,2480.0,0,5,28.991532258064517,372.202,300-400,20%-30%
Frozen Bottle,2026-10-02,WK 40,Koregaon Park - Pune,Swiggy,Lunch,COCO,MH,2180.0299999999997,1041.97,104.02,3122.0,0,4,33.3750800768738,545.0074999999999,500-600,30%-40%
Frozen Bottle,2026-10-02,WK 40,Koregaon Park - Pune,Swiggy,Snacks,COCO,MH,278.0,202.0,12.9,460.0,0,1,43.913043478260875,278.0,200-300,40%-50%
Frozen Bottle,2026-10-02,WK 40,Koregaon Park - Pune,Zomato,Closing,COCO,MH,329.0,50.0,16.46,369.0,0,1,13.550135501355012,329.0,300-400,10%-20%
Frozen Bottle,2026-10-02,WK 40,Koregaon Park - Pune,Zomato,Dinner,COCO,MH,2019.1599999999999,1112.16,101.0,3021.3199999999997,0,8,36.81040075198921,252.39499999999998,200-300,30%-40%
Frozen Bottle,2026-10-02,WK 40,Koregaon Park - Pune,Zomato,Late Night,COCO,MH,3145.4,2425.6,157.34,5361.0,0,12,45.24529005782503,262.1166666666667,200-300,40%-50%
Frozen Bottle,2026-10-02,WK 40,Koregaon Park - Pune,Zomato,Lunch,COCO,MH,794.0,215.0,39.72,969.0,0,3,22.187822497420022,264.6666666666667,200-300,20%-30%
Frozen Bottle,2026-10-02,WK 40,Koregaon Park - Pune,Zomato,Snacks,COCO,MH,795.6600000000001,246.67000000000002,39.8,992.3299999999999,0,3,24.85765823869076,265.22,200-300,20%-30%
Madno,2026-10-02,WK 40,Koregaon Park - Pune,Swiggy,Dinner,COCO,MH,2717.0299999999997,1681.97,126.88,4219.0,0,12,39.86655605593742,226.41916666666665,200-300,30%-40%
Madno,2026-10-02,WK 40,Koregaon Park - Pune,Swiggy,Late Night,COCO,MH,179.0,19.0,8.96,198.0,0,1,9.595959595959595,179.0,100-200,1%-10%
Madno,2026-10-02,WK 40,Koregaon Park - Pune,Swiggy,Lunch,COCO,MH,660.0,322.0,32.0,962.0,0,2,33.471933471933475,330.0,300-400,30%-40%
Madno,2026-10-02,WK 40,Koregaon Park - Pune,Swiggy,Snacks,COCO,MH,209.0,192.0,9.96,391.0,0,2,49.10485933503836,104.5,100-200,40%-50%
Madno,2026-10-02,WK 40,Koregaon Park - Pune,Zomato,Dinner,COCO,MH,836.0,426.0,41.82,1222.0,0,3,34.86088379705401,278.6666666666667,200-300,30%-40%
Madno,2026-10-02,WK 40,Koregaon Park - Pune,Zomato,Late Night,COCO,MH,182.99,187.0,9.16,339.99,0,1,55.00161769463807,182.99,100-200,50%-60%
Madno,2026-10-02,WK 40,Koregaon Park - Pune,Zomato,Lunch,COCO,MH,1089.0,344.67,54.46,1363.67,0,2,25.275176545645206,544.5,500-600,20%-30%
Frozen Bottle,2026-10-02,WK 40,Kothanur,In Store,Closing,FOFO,KA,417.0,0.0,20.86,417.0,0,1,0.0,417.0,400-500,0%
Frozen Bottle,2026-10-02,WK 40,Kothanur,In Store,Dinner,FOFO,KA,1230.0,0.0,61.54,1230.0,0,7,0.0,175.71428571428572,100-200,0%
Frozen Bottle,2026-10-02,WK 40,Kothanur,In Store,Late Night,FOFO,KA,644.0,0.0,32.22,644.0,0,4,0.0,161.0,100-200,0%
Frozen Bottle,2026-10-02,WK 40,Kothanur,In Store,Lunch,FOFO,KA,715.0,0.0,35.76,715.0,0,3,0.0,238.33333333333334,200-300,0%
Frozen Bottle,2026-10-02,WK 40,Kothanur,In Store,Snacks,FOFO,KA,2556.0,0.0,127.84,2556.0,0,7,0.0,365.14285714285717,300-400,0%
Frozen Bottle,2026-10-02,WK 40,Kothanur,Ownly,Dinner,FOFO,KA,264.0,0.0,13.2,264.0,0,1,0.0,264.0,200-300,0%
Frozen Bottle,2026-10-02,WK 40,Kothanur,Ownly,Lunch,FOFO,KA,575.8,0.0,28.8,575.8,0,1,0.0,575.8,500-600,0%
Frozen Bottle,2026-10-02,WK 40,Kothanur,Ownly,Snacks,FOFO,KA,260.0,0.0,13.0,260.0,0,1,0.0,260.0,200-300,0%
Frozen Bottle,2026-10-02,WK 40,Kothanur,Swiggy,Breakfast,FOFO,KA,364.0,107.0,17.2,451.0,0,1,23.725055432372503,364.0,300-400,20%-30%
Frozen Bottle,2026-10-02,WK 40,Kothanur,Swiggy,Closing,FOFO,KA,671.0,189.0,33.56,860.0,0,1,21.976744186046513,671.0,600-900,20%-30%
Frozen Bottle,2026-10-02,WK 40,Kothanur,Swiggy,Dinner,FOFO,KA,563.0,236.0,27.66,789.0,0,2,29.911280101394173,281.5,200-300,20%-30%
Frozen Bottle,2026-10-02,WK 40,Kothanur,Swiggy,Late Night,FOFO,KA,793.01,304.99,38.66,1078.0,0,2,28.29220779220779,396.505,300-400,20%-30%
Frozen Bottle,2026-10-02,WK 40,Kothanur,Swiggy,Lunch,FOFO,KA,1674.0,680.33,79.72,2274.33,0,5,29.91342505265287,334.8,300-400,20%-30%
Frozen Bottle,2026-10-02,WK 40,Kothanur,Swiggy,Snacks,FOFO,KA,1114.9,506.1,52.26,1551.0,0,4,32.63056092843327,278.725,200-300,30%-40%
Frozen Bottle,2026-10-02,WK 40,Kothanur,Zomato,Dinner,FOFO,KA,2927.2,611.8,146.38,3429.0,0,8,17.84193642461359,365.9,300-400,10%-20%
Frozen Bottle,2026-10-02,WK 40,Kothanur,Zomato,Late Night,FOFO,KA,973.1,236.9,48.68,1170.0,0,3,20.247863247863247,324.3666666666667,300-400,20%-30%
Frozen Bottle,2026-10-02,WK 40,Kothanur,Zomato,Lunch,FOFO,KA,1015.2,362.8,50.78,1328.0,0,4,27.319277108433738,253.8,200-300,20%-30%
Frozen Bottle,2026-10-02,WK 40,Kothanur,Zomato,Snacks,FOFO,KA,598.92,0.0,29.94,568.92,0,3,0.0,199.64,100-200,0%
Madno,2026-10-02,WK 40,Kothanur,Swiggy,Dinner,FOFO,KA,341.0,320.0,16.06,641.0,0,1,49.921996879875195,341.0,300-400,40%-50%
Madno,2026-10-02,WK 40,Kothanur,Swiggy,Late Night,FOFO,KA,100.84,12.49,5.04,113.33,0,1,11.020912379775877,100.84,100-200,10%-20%
Madno,2026-10-02,WK 40,Kothanur,Swiggy,Snacks,FOFO,KA,763.01,151.99,36.16,875.0,0,3,17.370285714285714,254.33666666666667,200-300,10%-20%
Madno,2026-10-02,WK 40,Kothanur,Zomato,Snacks,FOFO,KA,281.0,50.0,14.06,321.0,0,1,15.57632398753894,281.0,200-300,10%-20%
Frozen Bottle,2026-10-02,WK 40,Kothrud - Pune,In Store,Dinner,FOFO,MH,1750.0,0.0,87.52,1750.0,0,6,0.0,291.6666666666667,200-300,0%
Frozen Bottle,2026-10-02,WK 40,Kothrud - Pune,In Store,Snacks,FOFO,MH,258.0,0.0,12.9,258.0,0,1,0.0,258.0,200-300,0%
Frozen Bottle,2026-10-02,WK 40,Kotturpuram,In Store,Dinner,FOFO,TN,2447.0,0.0,122.4,2447.0,0,8,0.0,305.875,300-400,0%
Frozen Bottle,2026-10-02,WK 40,Kotturpuram,In Store,Lunch,FOFO,TN,1025.0,0.0,51.26,1025.0,0,3,0.0,341.6666666666667,300-400,0%
Frozen Bottle,2026-10-02,WK 40,Kotturpuram,In Store,Snacks,FOFO,TN,1231.0,0.0,61.58,1231.0,0,4,0.0,307.75,300-400,0%
Frozen Bottle,2026-10-02,WK 40,Kotturpuram,Swiggy,Dinner,FOFO,TN,2604.66,232.34,125.24,2737.0,0,4,8.488856412130069,651.165,600-900,1%-10%
Frozen Bottle,2026-10-02,WK 40,Kotturpuram,Swiggy,Lunch,FOFO,TN,1737.95,796.05,82.9,2454.0,0,2,32.43887530562347,868.975,600-900,30%-40%
Frozen Bottle,2026-10-02,WK 40,Kotturpuram,Swiggy,Snacks,FOFO,TN,2199.65,810.35,106.47999999999999,2940.0,0,2,27.562925170068027,1099.825,>900,20%-30%
Frozen Bottle,2026-10-02,WK 40,Kotturpuram,Zomato,Dinner,FOFO,TN,647.0,234.0,32.36,851.0,0,2,27.497062279670974,323.5,300-400,20%-30%
Frozen Bottle,2026-10-02,WK 40,Kotturpuram,Zomato,Late Night,FOFO,TN,209.0,0.0,10.46,199.0,0,1,0.0,209.0,200-300,0%
Frozen Bottle,2026-10-02,WK 40,Kotturpuram,Zomato,Lunch,FOFO,TN,415.7,84.3,20.8,480.0,0,2,17.5625,207.85,200-300,10%-20%
Frozen Bottle,2026-10-02,WK 40,Kotturpuram,Zomato,Snacks,FOFO,TN,699.3,239.7,34.96,909.0,0,2,26.36963696369637,349.65,300-400,20%-30%
Frozen Bottle,2026-10-02,WK 40,Kurnool,In Store,Breakfast,FOFO,AP & TL,570.4,0.0,28.54,570.4,0,2,0.0,285.2,200-300,0%
Frozen Bottle,2026-10-02,WK 40,Kurnool,In Store,Closing,FOFO,AP & TL,49.0,0.0,2.46,49.0,0,1,0.0,49.0,0-100,0%
Frozen Bottle,2026-10-02,WK 40,Kurnool,In Store,Dinner,FOFO,AP & TL,2955.0,0.0,147.8,2955.0,0,11,0.0,268.6363636363636,200-300,0%
Frozen Bottle,2026-10-02,WK 40,Kurnool,In Store,Lunch,FOFO,AP & TL,1684.23,0.0,84.24000000000001,1684.23,0,7,0.0,240.6042857142857,200-300,0%
Frozen Bottle,2026-10-02,WK 40,Kurnool,In Store,Snacks,FOFO,AP & TL,2536.7,0.0,126.86,2536.7,0,10,0.0,253.67,200-300,0%
Frozen Bottle,2026-10-02,WK 40,Lakshmi Mills,In Store,Dinner,FOFO,TN,2161.5,0.0,108.12,2161.5,0,11,0.0,196.5,100-200,0%
Frozen Bottle,2026-10-02,WK 40,Lakshmi Mills,In Store,Snacks,FOFO,TN,1846.6,0.0,92.36000000000001,1846.6,0,5,0.0,369.32,300-400,0%
Frozen Bottle,2026-10-02,WK 40,Lakshmi Mills,Swiggy,Dinner,FOFO,TN,2130.0,0.0,103.04,2060.0,0,7,0.0,304.2857142857143,300-400,0%
Frozen Bottle,2026-10-02,WK 40,Lakshmi Mills,Swiggy,Late Night,FOFO,TN,2503.25,297.75,119.68,2691.0,0,6,11.064659977703457,417.2083333333333,400-500,10%-20%
Frozen Bottle,2026-10-02,WK 40,Lakshmi Mills,Swiggy,Lunch,FOFO,TN,2004.53,374.47,95.74,2289.0,0,4,16.359545653123636,501.1325,500-600,10%-20%
Frozen Bottle,2026-10-02,WK 40,Lakshmi Mills,Zomato,Dinner,FOFO,TN,1846.3,701.7,92.34,2458.0,0,6,28.547599674532144,307.71666666666664,300-400,20%-30%
Frozen Bottle,2026-10-02,WK 40,Lakshmi Mills,Zomato,Late Night,FOFO,TN,688.0,150.0,34.42,818.0,0,2,18.337408312958438,344.0,300-400,10%-20%
Frozen Bottle,2026-10-02,WK 40,Lakshmi Mills,Zomato,Lunch,FOFO,TN,429.0,150.0,21.46,559.0,0,2,26.833631484794275,214.5,200-300,20%-30%
Frozen Bottle,2026-10-02,WK 40,Lakshmi Mills,Zomato,Snacks,FOFO,TN,957.0,75.0,47.879999999999995,992.0,0,2,7.560483870967742,478.5,400-500,1%-10%
Frozen Bottle,2026-10-02,WK 40,Latur,In Store,Dinner,FOFO,MH,398.0,0.0,19.9,398.0,0,1,0.0,398.0,300-400,0%
Frozen Bottle,2026-10-02,WK 40,Latur,In Store,Snacks,FOFO,MH,746.0,0.0,37.3,746.0,0,2,0.0,373.0,300-400,0%
Boba Bar,2026-10-02,WK 40,Lokhandwala,Swiggy,Dinner,COCO,MH,299.0,70.0,13.96,349.0,0,2,20.057306590257877,149.5,100-200,20%-30%
Boba Bar,2026-10-02,WK 40,Lokhandwala,Swiggy,Late Night,COCO,MH,146.5,123.5,6.82,260.0,0,1,47.5,146.5,100-200,40%-50%
Boba Bar,2026-10-02,WK 40,Lokhandwala,Swiggy,Lunch,COCO,MH,169.0,112.0,8.46,281.0,0,1,39.8576512455516,169.0,100-200,30%-40%
Frozen Bottle,2026-10-02,WK 40,Lokhandwala,In Store,Dinner,COCO,MH,494.31,101.69,24.72,596.0,0,2,17.062080536912752,247.155,200-300,10%-20%
Frozen Bottle,2026-10-02,WK 40,Lokhandwala,In Store,Snacks,COCO,MH,633.59,150.41,31.68,784.0,0,3,19.184948979591837,211.1966666666667,200-300,10%-20%
Frozen Bottle,2026-10-02,WK 40,Lokhandwala,Swiggy,Dinner,COCO,MH,3917.0,2526.33,183.9,6203.33,0,13,40.72538459182407,301.3076923076923,300-400,40%-50%
Frozen Bottle,2026-10-02,WK 40,Lokhandwala,Swiggy,Late Night,COCO,MH,2642.0,1396.0,125.62,3908.0,0,7,35.72159672466735,377.42857142857144,300-400,30%-40%
Frozen Bottle,2026-10-02,WK 40,Lokhandwala,Swiggy,Lunch,COCO,MH,1906.0,1356.0,89.34,3142.0,0,7,43.157224697644814,272.2857142857143,200-300,40%-50%
Frozen Bottle,2026-10-02,WK 40,Lokhandwala,Swiggy,Snacks,COCO,MH,2251.01,1405.99,105.58000000000001,3517.0,0,7,39.976969007677,321.5728571428572,300-400,30%-40%
Frozen Bottle,2026-10-02,WK 40,Lokhandwala,Zomato,Dinner,COCO,MH,4609.46,1834.79,230.56,6194.25,0,14,29.620858053840255,329.2471428571429,300-400,20%-30%
Frozen Bottle,2026-10-02,WK 40,Lokhandwala,Zomato,Late Night,COCO,MH,1261.0,1171.0,63.06,2352.0,0,4,49.78741496598639,315.25,300-400,40%-50%
Frozen Bottle,2026-10-02,WK 40,Lokhandwala,Zomato,Lunch,COCO,MH,140.0,130.0,7.0,260.0,0,1,50.0,140.0,100-200,40%-50%
Frozen Bottle,2026-10-02,WK 40,Lokhandwala,Zomato,Snacks,COCO,MH,1241.0,731.0,62.08,1902.0,0,5,38.43322818086225,248.2,200-300,30%-40%
Madno,2026-10-02,WK 40,Lokhandwala,Swiggy,Dinner,COCO,MH,821.0,494.0,37.56,1245.0,0,3,39.678714859437754,273.6666666666667,200-300,30%-40%
Madno,2026-10-02,WK 40,Lokhandwala,Swiggy,Late Night,COCO,MH,349.0,240.0,16.46,569.0,0,2,42.1792618629174,174.5,100-200,40%-50%
Madno,2026-10-02,WK 40,Lokhandwala,Swiggy,Lunch,COCO,MH,198.0,182.0,9.9,380.0,0,1,47.89473684210526,198.0,100-200,40%-50%
Madno,2026-10-02,WK 40,Lokhandwala,Swiggy,Snacks,COCO,MH,310.0,140.0,14.5,430.0,0,2,32.55813953488372,155.0,100-200,30%-40%
Madno,2026-10-02,WK 40,Lokhandwala,Zomato,Dinner,COCO,MH,1772.2,1082.8,88.64,2745.0,0,8,39.44626593806922,221.525,200-300,30%-40%
Madno,2026-10-02,WK 40,Lokhandwala,Zomato,Late Night,COCO,MH,780.55,330.45,39.019999999999996,1081.0,0,2,30.56891766882516,390.275,300-400,30%-40%
Madno,2026-10-02,WK 40,Lokhandwala,Zomato,Lunch,COCO,MH,371.0,40.0,18.56,401.0,0,1,9.975062344139651,371.0,300-400,1%-10%
Lubov,2026-10-02,WK 40,Lubov Store,Others,Dinner,COCO,KA,6599.58,0.0,346.38,6599.58,0,3,0.0,2199.86,>900,0%
Lubov,2026-10-02,WK 40,Lubov Store,Swiggy,Dinner,COCO,KA,2826.0,800.0,137.34,3546.0,0,4,22.560631697687537,706.5,600-900,20%-30%
Lubov,2026-10-02,WK 40,Lubov Store,Swiggy,Lunch,COCO,KA,1469.0,200.0,72.46,1649.0,0,1,12.12856276531231,1469.0,>900,10%-20%
Lubov,2026-10-02,WK 40,Lubov Store,Swiggy,Snacks,COCO,KA,2227.01,524.99,105.86000000000001,2642.0,0,3,19.87093111279334,742.3366666666667,600-900,10%-20%
Lubov,2026-10-02,WK 40,Lubov Store,Zomato,Dinner,COCO,KA,7045.2,1529.8,352.36,8375.0,0,13,18.266268656716417,541.9384615384615,500-600,10%-20%
Lubov,2026-10-02,WK 40,Lubov Store,Zomato,Lunch,COCO,KA,1284.1,470.9,64.24000000000001,1705.0,0,5,27.618768328445746,256.82,200-300,20%-30%
Lubov,2026-10-02,WK 40,Lubov Store,Zomato,Snacks,COCO,KA,1610.3,818.7,80.56,2369.0,0,6,34.55888560574082,268.3833333333333,200-300,30%-40%
Madno,2026-10-02,WK 40,Madno - Akshay Nagar,In Store,Dinner,FOFO,KA,2813.39,1541.51,140.72,4354.9,0,9,35.39713885508278,312.5988888888889,300-400,30%-40%
Madno,2026-10-02,WK 40,Madno - Akshay Nagar,In Store,Late Night,FOFO,KA,869.03,378.03,43.46,1247.06,0,3,30.31369781726621,289.6766666666667,200-300,30%-40%
Madno,2026-10-02,WK 40,Madno - Akshay Nagar,In Store,Lunch,FOFO,KA,1162.0700000000002,795.0,58.1,1957.0700000000002,0,3,40.62195016018844,387.35666666666674,300-400,40%-50%
Madno,2026-10-02,WK 40,Madno - Akshay Nagar,In Store,Snacks,FOFO,KA,646.0,457.0,32.32,1103.0,0,3,41.4324569356301,215.33333333333334,200-300,40%-50%
Madno,2026-10-02,WK 40,Madno - Akshay Nagar,Swiggy,Dinner,FOFO,KA,3081.52,1894.33,147.1,4835.85,0,11,39.17263769554473,280.1381818181818,200-300,30%-40%
Madno,2026-10-02,WK 40,Madno - Akshay Nagar,Swiggy,Late Night,FOFO,KA,1054.0,978.0,50.72,1992.0,0,5,49.096385542168676,210.8,200-300,40%-50%
Madno,2026-10-02,WK 40,Madno - Akshay Nagar,Swiggy,Lunch,FOFO,KA,319.0,221.0,15.46,530.0,0,2,41.69811320754717,159.5,100-200,40%-50%
Madno,2026-10-02,WK 40,Madno - Akshay Nagar,Swiggy,Snacks,FOFO,KA,621.0,462.0,30.060000000000002,1063.0,0,3,43.461900282220135,207.0,200-300,40%-50%
Madno,2026-10-02,WK 40,Madno - Akshay Nagar,Zomato,Dinner,FOFO,KA,1962.0,890.0,98.12,2762.0,0,6,32.22302679217958,327.0,300-400,30%-40%
Madno,2026-10-02,WK 40,Madno - Akshay Nagar,Zomato,Late Night,FOFO,KA,1139.0,270.0,56.94,1359.0,0,4,19.867549668874172,284.75,200-300,10%-20%
Madno,2026-10-02,WK 40,Madno - Akshay Nagar,Zomato,Lunch,FOFO,KA,200.0,0.0,10.0,190.0,0,1,0.0,200.0,100-200,0%
Madno,2026-10-02,WK 40,Madno - Akshay Nagar,Zomato,Snacks,FOFO,KA,2349.0,1409.0,117.46,3638.0,0,4,38.73007146783947,587.25,500-600,30%-40%
Madno,2026-10-02,WK 40,Madno - Basaveshwaranagar,In Store,Dinner,FOFO,KA,1109.0,0.0,55.46,1109.0,0,5,0.0,221.8,200-300,0%
Madno,2026-10-02,WK 40,Madno - Basaveshwaranagar,In Store,Lunch,FOFO,KA,139.0,0.0,6.96,139.0,0,1,0.0,139.0,100-200,0%
Madno,2026-10-02,WK 40,Madno - Basaveshwaranagar,In Store,Snacks,FOFO,KA,1680.0,0.0,84.04,1680.0,0,7,0.0,240.0,200-300,0%
Madno,2026-10-02,WK 40,Madno - Basaveshwaranagar,Swiggy,Closing,FOFO,KA,109.0,91.0,4.96,190.0,0,1,47.89473684210526,109.0,100-200,40%-50%
Madno,2026-10-02,WK 40,Madno - Basaveshwaranagar,Swiggy,Dinner,FOFO,KA,2006.0,659.85,97.32000000000001,2605.85,0,7,25.32187194197671,286.57142857142856,200-300,20%-30%
Madno,2026-10-02,WK 40,Madno - Basaveshwaranagar,Swiggy,Late Night,FOFO,KA,840.0,258.0,39.5,1048.0,0,4,24.61832061068702,210.0,200-300,20%-30%
Madno,2026-10-02,WK 40,Madno - Basaveshwaranagar,Swiggy,Snacks,FOFO,KA,1273.0,680.0,62.68000000000001,1933.0,0,5,35.17847904811175,254.6,200-300,30%-40%
Madno,2026-10-02,WK 40,Madno - Basaveshwaranagar,Zomato,Closing,FOFO,KA,570.55,473.78,28.54,1004.33,0,1,47.173737715691054,570.55,500-600,40%-50%
Madno,2026-10-02,WK 40,Madno - Basaveshwaranagar,Zomato,Dinner,FOFO,KA,984.0,0.0,49.22,934.0,0,3,0.0,328.0,300-400,0%
Madno,2026-10-02,WK 40,Madno - Basaveshwaranagar,Zomato,Late Night,FOFO,KA,540.0,100.0,27.0,620.0,0,2,16.129032258064516,270.0,200-300,10%-20%
Madno,2026-10-02,WK 40,Madno - Basaveshwaranagar,Zomato,Lunch,FOFO,KA,803.4,145.6,40.16,909.0,0,3,16.017601760176017,267.8,200-300,10%-20%
Madno,2026-10-02,WK 40,Madno - Basaveshwaranagar,Zomato,Snacks,FOFO,KA,362.0,0.0,18.12,342.0,0,2,0.0,181.0,100-200,0%
Madno,2026-10-02,WK 40,Madno - Eluru,In Store,Dinner,FOFO,AP & TL,2723.8,79.2,136.22,2803.0,0,8,2.825544059935783,340.475,300-400,1%-10%
Madno,2026-10-02,WK 40,Madno - Eluru,In Store,Lunch,FOFO,AP & TL,1122.0,0.0,56.12,1122.0,0,3,0.0,374.0,300-400,0%
Madno,2026-10-02,WK 40,Madno - Eluru,In Store,Snacks,FOFO,AP & TL,1758.6,45.4,87.97999999999999,1804.0,0,8,2.516629711751663,219.825,200-300,1%-10%
Madno,2026-10-02,WK 40,Madno - Eluru,Swiggy,Dinner,FOFO,AP & TL,88.0,120.0,3.9,198.0,0,1,60.60606060606061,88.0,0-100,60%-70%
Madno,2026-10-02,WK 40,Madno - Eluru,Swiggy,Lunch,FOFO,AP & TL,170.0,120.0,8.0,280.0,0,1,42.857142857142854,170.0,100-200,40%-50%
Madno,2026-10-02,WK 40,Madno - Eluru,Swiggy,Snacks,FOFO,AP & TL,811.0,122.85,39.06,903.85,0,1,13.59185705592742,811.0,600-900,10%-20%
Madno,2026-10-02,WK 40,Madno - Eluru,Zomato,Dinner,FOFO,AP & TL,5036.0,820.0,251.86,5616.0,0,14,14.6011396011396,359.7142857142857,300-400,10%-20%
Madno,2026-10-02,WK 40,Madno - Eluru,Zomato,Snacks,FOFO,AP & TL,1506.4,235.6,75.34,1662.0,0,6,14.175691937424789,251.0666666666667,200-300,10%-20%
Madno,2026-10-02,WK 40,Madno - Gandipet,In Store,Dinner,FOFO,AP & TL,1216.0,0.0,60.82,1216.0,0,7,0.0,173.71428571428572,100-200,0%
Madno,2026-10-02,WK 40,Madno - Gandipet,In Store,Lunch,FOFO,AP & TL,451.05,0.0,22.580000000000002,451.05,0,4,0.0,112.7625,100-200,0%
Madno,2026-10-02,WK 40,Madno - Gandipet,In Store,Snacks,FOFO,AP & TL,640.05,0.0,32.04,640.05,0,6,0.0,106.675,100-200,0%
Madno,2026-10-02,WK 40,Madno - Gandipet,Swiggy,Dinner,FOFO,AP & TL,1292.0,326.0,60.599999999999994,1538.0,0,3,21.196358907672302,430.6666666666667,400-500,20%-30%
Madno,2026-10-02,WK 40,Madno - Gandipet,Swiggy,Late Night,FOFO,AP & TL,2346.0,874.0,109.32,3060.0,0,4,28.562091503267972,586.5,500-600,20%-30%
Madno,2026-10-02,WK 40,Madno - Gandipet,Swiggy,Lunch,FOFO,AP & TL,515.0,81.0,25.26,586.0,0,3,13.822525597269625,171.66666666666666,100-200,10%-20%
Madno,2026-10-02,WK 40,Madno - Gandipet,Swiggy,Snacks,FOFO,AP & TL,506.0,285.0,23.82,761.0,0,2,37.450722733245726,253.0,200-300,30%-40%
Madno,2026-10-02,WK 40,Madno - Gandipet,Zomato,Dinner,FOFO,AP & TL,1385.0,175.0,69.26,1500.0,0,4,11.666666666666666,346.25,300-400,10%-20%
Madno,2026-10-02,WK 40,Madno - Gandipet,Zomato,Late Night,FOFO,AP & TL,200.0,0.0,10.0,190.0,0,1,0.0,200.0,100-200,0%
Madno,2026-10-02,WK 40,Madno - Gandipet,Zomato,Lunch,FOFO,AP & TL,361.0,160.0,18.060000000000002,501.0,0,2,31.936127744510976,180.5,100-200,30%-40%
Madno,2026-10-02,WK 40,Madno - Gandipet,Zomato,Snacks,FOFO,AP & TL,178.0,42.0,8.9,210.0,0,1,20.0,178.0,100-200,10%-20%
Madno,2026-10-02,WK 40,Madno - Hadapsar,In Store,Snacks,FOFO,MH,295.05,0.0,14.760000000000002,295.05,0,3,0.0,98.35000000000001,0-100,0%
Madno,2026-10-02,WK 40,Madno - Hadapsar,Swiggy,Dinner,FOFO,MH,172.0,76.0,8.1,238.0,0,1,31.932773109243694,172.0,100-200,30%-40%
Boba Bar,2026-10-02,WK 40,Madno - Hinjewadi,Swiggy,Dinner,FOFO,MH,120.0,29.0,6.0,149.0,0,1,19.463087248322147,120.0,100-200,10%-20%
Frozen Bottle,2026-10-02,WK 40,Madno - Hinjewadi,Swiggy,Dinner,FOFO,MH,2201.02,327.98,105.58,2439.0,0,5,13.447314473144731,440.204,400-500,10%-20%
Frozen Bottle,2026-10-02,WK 40,Madno - Hinjewadi,Swiggy,Lunch,FOFO,MH,290.0,50.0,14.0,330.0,0,1,15.151515151515152,290.0,200-300,10%-20%
Frozen Bottle,2026-10-02,WK 40,Madno - Hinjewadi,Swiggy,Snacks,FOFO,MH,1123.02,166.98000000000002,54.66,1260.0,0,3,13.252380952380955,374.34,300-400,10%-20%
Frozen Bottle,2026-10-02,WK 40,Madno - Hinjewadi,Zomato,Dinner,FOFO,MH,440.0,330.0,22.0,740.0,0,2,44.5945945945946,220.0,200-300,40%-50%
Frozen Bottle,2026-10-02,WK 40,Madno - Hinjewadi,Zomato,Lunch,FOFO,MH,2585.55,873.45,129.3,3329.0,0,4,26.237608891559027,646.3875,600-900,20%-30%
Frozen Bottle,2026-10-02,WK 40,Madno - Hinjewadi,Zomato,Snacks,FOFO,MH,795.0,286.0,39.76,1041.0,0,3,27.473583093179638,265.0,200-300,20%-30%
Madno,2026-10-02,WK 40,Madno - Hinjewadi,Swiggy,Dinner,FOFO,MH,378.0,2.0,18.9,380.0,0,1,0.5263157894736842,378.0,300-400,1%-10%
Madno,2026-10-02,WK 40,Madno - Hinjewadi,Swiggy,Snacks,FOFO,MH,410.0,190.0,19.0,570.0,0,1,33.33333333333333,410.0,400-500,30%-40%
Madno,2026-10-02,WK 40,Madno - Hinjewadi,Zomato,Lunch,FOFO,MH,230.0,0.0,11.5,220.0,0,1,0.0,230.0,200-300,0%
Madno,2026-10-02,WK 40,Madno - Hinjewadi,Zomato,Snacks,FOFO,MH,366.0,50.0,18.32,396.0,0,1,12.626262626262626,366.0,300-400,10%-20%
Madno,2026-10-02,WK 40,Madno - Kasavanahalli,Swiggy,Dinner,FOFO,KA,330.0,0.0,16.0,320.0,0,1,0.0,330.0,300-400,0%
Madno,2026-10-02,WK 40,Madno - Kasavanahalli,Swiggy,Lunch,FOFO,KA,416.0,0.0,19.8,396.0,0,1,0.0,416.0,400-500,0%
Madno,2026-10-02,WK 40,Madno - Kasavanahalli,Zomato,Closing,FOFO,KA,526.0,125.0,26.32,631.0,0,1,19.809825673534075,526.0,500-600,10%-20%
Madno,2026-10-02,WK 40,Madno - Kasavanahalli,Zomato,Dinner,FOFO,KA,480.4,77.6,24.02,538.0,0,2,14.423791821561338,240.2,200-300,10%-20%
Madno,2026-10-02,WK 40,Madno - Kasavanahalli,Zomato,Lunch,FOFO,KA,314.0,75.0,15.7,369.0,0,1,20.32520325203252,314.0,300-400,20%-30%
Madno,2026-10-02,WK 40,Madno - Kasavanahalli,Zomato,Snacks,FOFO,KA,300.0,50.0,15.0,340.0,0,1,14.705882352941178,300.0,200-300,10%-20%
Madno,2026-10-02,WK 40,Madno - Kondapur,In Store,Dinner,FOFO,AP & TL,625.0,0.0,31.28,625.0,0,4,0.0,156.25,100-200,0%
Madno,2026-10-02,WK 40,Madno - Kondapur,In Store,Late Night,FOFO,AP & TL,467.0,0.0,23.36,467.0,0,1,0.0,467.0,400-500,0%
Madno,2026-10-02,WK 40,Madno - Kondapur,In Store,Lunch,FOFO,AP & TL,258.0,0.0,12.92,258.0,0,2,0.0,129.0,100-200,0%
Madno,2026-10-02,WK 40,Madno - Kondapur,In Store,Snacks,FOFO,AP & TL,268.0,0.0,13.42,268.0,0,2,0.0,134.0,100-200,0%
Madno,2026-10-02,WK 40,Madno - Kondapur,Swiggy,Closing,FOFO,AP & TL,178.3,29.7,8.42,198.0,0,1,15.0,178.3,100-200,10%-20%
Madno,2026-10-02,WK 40,Madno - Kondapur,Zomato,Closing,FOFO,AP & TL,208.0,0.0,10.4,198.0,0,1,0.0,208.0,200-300,0%
Madno,2026-10-02,WK 40,Madno - Kondapur,Zomato,Dinner,FOFO,AP & TL,2589.0,0.0,129.46,2469.0,0,10,0.0,258.9,200-300,0%
Madno,2026-10-02,WK 40,Madno - Kondapur,Zomato,Lunch,FOFO,AP & TL,609.0,0.0,30.46,579.0,0,3,0.0,203.0,200-300,0%
Madno,2026-10-02,WK 40,Madno - Kondapur,Zomato,Snacks,FOFO,AP & TL,617.0,0.0,30.86,587.0,0,2,0.0,308.5,300-400,0%
Madno,2026-10-02,WK 40,Madno - Shivamogga,In Store,Dinner,FOFO,KA,7462.61,99.0,373.24,7561.61,0,24,1.3092449888317437,310.9420833333333,300-400,1%-10%
Madno,2026-10-02,WK 40,Madno - Shivamogga,In Store,Lunch,FOFO,KA,1630.0,0.0,81.52,1630.0,0,6,0.0,271.6666666666667,200-300,0%
Madno,2026-10-02,WK 40,Madno - Shivamogga,In Store,Snacks,FOFO,KA,1948.0,0.0,97.44,1948.0,0,7,0.0,278.2857142857143,200-300,0%
Madno,2026-10-02,WK 40,Madno - Shivamogga,Swiggy,Dinner,FOFO,KA,524.0,76.0,25.2,580.0,0,2,13.10344827586207,262.0,200-300,10%-20%
Madno,2026-10-02,WK 40,Madno - Shivamogga,Swiggy,Lunch,FOFO,KA,608.01,200.99,28.4,769.0,0,2,26.13654096228869,304.005,300-400,20%-30%
Madno,2026-10-02,WK 40,Madno - Shivamogga,Swiggy,Snacks,FOFO,KA,1309.75,71.25,62.5,1321.0,0,3,5.3936411809235425,436.5833333333333,400-500,1%-10%
Madno,2026-10-02,WK 40,Madno - Shivamogga,Zomato,Dinner,FOFO,KA,602.0,0.0,30.119999999999997,572.0,0,2,0.0,301.0,300-400,0%
Madno,2026-10-02,WK 40,Madno - Shivamogga,Zomato,Lunch,FOFO,KA,639.0,0.0,31.96,609.0,0,1,0.0,639.0,600-900,0%
Frozen Bottle,2026-10-02,WK 40,Madno - Thane,Swiggy,Dinner,FOFO,MH,762.0,0.0,36.62,732.0,0,2,0.0,381.0,300-400,0%
Frozen Bottle,2026-10-02,WK 40,Madno - Thane,Swiggy,Snacks,FOFO,MH,799.0,0.0,38.46,769.0,0,1,0.0,799.0,600-900,0%
Frozen Bottle,2026-10-02,WK 40,Madno - Thane,Zomato,Dinner,FOFO,MH,110.0,100.0,5.5,200.0,0,1,50.0,110.0,100-200,40%-50%
Frozen Bottle,2026-10-02,WK 40,Madno - Thane,Zomato,Lunch,FOFO,MH,761.5,280.5,38.06,1012.0,0,2,27.717391304347828,380.75,300-400,20%-30%
Frozen Bottle,2026-10-02,WK 40,Madno - Thane,Zomato,Snacks,FOFO,MH,140.0,100.0,7.0,230.0,0,1,43.47826086956522,140.0,100-200,40%-50%
Madno,2026-10-02,WK 40,Madno - Thane,In Store,Dinner,FOFO,MH,346.0,0.0,17.34,346.0,0,4,0.0,86.5,0-100,0%
Madno,2026-10-02,WK 40,Madno - Thane,Swiggy,Dinner,FOFO,MH,650.01,159.99,31.0,780.0,0,2,20.51153846153846,325.005,300-400,20%-30%
Frozen Bottle,2026-10-02,WK 40,Madurai Bypass,In Store,Breakfast,FOFO,TN,427.0,0.0,21.36,427.0,0,2,0.0,213.5,200-300,0%
Frozen Bottle,2026-10-02,WK 40,Madurai Bypass,In Store,Dinner,FOFO,TN,5055.0,0.0,252.8,5055.0,0,13,0.0,388.84615384615387,300-400,0%
Frozen Bottle,2026-10-02,WK 40,Madurai Bypass,In Store,Late Night,FOFO,TN,99.0,0.0,4.96,99.0,0,1,0.0,99.0,0-100,0%
Frozen Bottle,2026-10-02,WK 40,Madurai Bypass,In Store,Lunch,FOFO,TN,2646.46,0.0,132.34,2646.46,0,8,0.0,330.8075,300-400,0%
Frozen Bottle,2026-10-02,WK 40,Madurai Bypass,In Store,Snacks,FOFO,TN,2114.0,0.0,105.74000000000001,2114.0,0,9,0.0,234.88888888888889,200-300,0%
Frozen Bottle,2026-10-02,WK 40,Madurai Bypass,Swiggy,Closing,FOFO,TN,424.01,124.99,20.2,529.0,0,1,23.62759924385633,424.01,400-500,20%-30%
Frozen Bottle,2026-10-02,WK 40,Madurai Bypass,Swiggy,Dinner,FOFO,TN,4145.51,427.49,199.32,4413.0,0,10,9.68706095626558,414.55100000000004,400-500,1%-10%
Frozen Bottle,2026-10-02,WK 40,Madurai Bypass,Swiggy,Lunch,FOFO,TN,1821.03,374.96999999999997,86.56,2106.0,0,3,17.804843304843303,607.01,600-900,10%-20%
Frozen Bottle,2026-10-02,WK 40,Madurai Bypass,Swiggy,Snacks,FOFO,TN,4866.51,1140.49,232.35999999999999,5787.0,0,8,19.707793329877312,608.31375,600-900,10%-20%
Frozen Bottle,2026-10-02,WK 40,Madurai Bypass,Zomato,Dinner,FOFO,TN,2251.75,383.25,112.6,2555.0,0,4,15.0,562.9375,500-600,10%-20%
Frozen Bottle,2026-10-02,WK 40,Madurai Bypass,Zomato,Lunch,FOFO,TN,1823.15,305.85,91.16,2039.0,0,4,15.000000000000002,455.7875,400-500,10%-20%
Frozen Bottle,2026-10-02,WK 40,Madurai Bypass,Zomato,Snacks,FOFO,TN,641.15,107.85,32.08,719.0,0,2,15.0,320.575,300-400,10%-20%
Frozen Bottle,2026-10-02,WK 40,Mahalunge,In Store,Dinner,FOFO,MH,1020.46,680.0,51.04,1700.46,0,4,39.989179398515695,255.115,200-300,30%-40%
Frozen Bottle,2026-10-02,WK 40,Mahalunge,In Store,Lunch,FOFO,MH,1156.1,840.0,57.84,1996.1,0,9,42.08206001703322,128.45555555555555,100-200,40%-50%
Frozen Bottle,2026-10-02,WK 40,Mahalunge,In Store,Snacks,FOFO,MH,2049.9700000000003,1330.0,102.56,3379.9700000000003,0,14,39.34946168161256,146.4264285714286,100-200,30%-40%
Frozen Bottle,2026-10-02,WK 40,Mahalunge,Swiggy,Snacks,FOFO,MH,240.0,0.0,11.5,230.0,0,1,0.0,240.0,200-300,0%
Boba Bar,2026-10-02,WK 40,Malad - CF - CK,Zomato,Snacks,COCO,MH,649.5,272.5,32.48,892.0,0,1,30.549327354260093,649.5,600-900,30%-40%
Frozen Bottle,2026-10-02,WK 40,Malad - CF - CK,Swiggy,Closing,COCO,MH,833.0,618.0,39.16,1401.0,0,4,44.11134903640257,208.25,200-300,40%-50%
Frozen Bottle,2026-10-02,WK 40,Malad - CF - CK,Swiggy,Dinner,COCO,MH,4747.02,2875.83,223.92,7352.85,0,15,39.11177298598502,316.468,300-400,30%-40%
Frozen Bottle,2026-10-02,WK 40,Malad - CF - CK,Swiggy,Late Night,COCO,MH,1520.0,1298.0,72.06,2738.0,0,8,47.406866325785245,190.0,100-200,40%-50%
Frozen Bottle,2026-10-02,WK 40,Malad - CF - CK,Swiggy,Lunch,COCO,MH,3385.02,1597.98,162.8,4853.0,0,11,32.927673603956315,307.7290909090909,300-400,30%-40%
Frozen Bottle,2026-10-02,WK 40,Malad - CF - CK,Swiggy,Snacks,COCO,MH,3632.0,2112.0,172.64000000000001,5564.0,0,12,37.95830337886413,302.6666666666667,300-400,30%-40%
Frozen Bottle,2026-10-02,WK 40,Malad - CF - CK,Zomato,Closing,COCO,MH,320.0,0.0,16.0,310.0,0,1,0.0,320.0,300-400,0%
Frozen Bottle,2026-10-02,WK 40,Malad - CF - CK,Zomato,Dinner,COCO,MH,5052.4,2681.94,252.76000000000002,7434.34,0,17,36.0750248172669,297.2,200-300,30%-40%
Frozen Bottle,2026-10-02,WK 40,Malad - CF - CK,Zomato,Late Night,COCO,MH,5808.4,5018.6,290.5,10467.0,0,17,47.94688067259005,341.6705882352941,300-400,40%-50%
Frozen Bottle,2026-10-02,WK 40,Malad - CF - CK,Zomato,Lunch,COCO,MH,2781.76,2264.24,139.1,4926.0,0,5,45.965083231831095,556.3520000000001,500-600,40%-50%
Frozen Bottle,2026-10-02,WK 40,Malad - CF - CK,Zomato,Snacks,COCO,MH,3480.7,1864.3,174.06,5135.0,0,10,36.30574488802337,348.07,300-400,30%-40%
Madno,2026-10-02,WK 40,Malad - CF - CK,Swiggy,Dinner,COCO,MH,781.0,769.0,36.06,1490.0,0,5,51.61073825503356,156.2,100-200,50%-60%
Madno,2026-10-02,WK 40,Malad - CF - CK,Swiggy,Lunch,COCO,MH,99.0,91.0,4.96,190.0,0,1,47.89473684210526,99.0,0-100,40%-50%
Madno,2026-10-02,WK 40,Malad - CF - CK,Zomato,Dinner,COCO,MH,938.0,321.0,46.92,1209.0,0,3,26.550868486352357,312.6666666666667,300-400,20%-30%
Madno,2026-10-02,WK 40,Malad - CF - CK,Zomato,Late Night,COCO,MH,500.0,130.0,25.0,610.0,0,2,21.311475409836063,250.0,200-300,20%-30%
Madno,2026-10-02,WK 40,Malad - CF - CK,Zomato,Snacks,COCO,MH,471.5,441.5,23.58,883.0,0,2,50.0,235.75,200-300,40%-50%
Boba Bar,2026-10-02,WK 40,Malleswaram,Swiggy,Closing,FOFO,KA,214.0,76.0,10.2,280.0,0,1,27.142857142857142,214.0,200-300,20%-30%
Frozen Bottle,2026-10-02,WK 40,Malleswaram,In Store,Dinner,FOFO,KA,3892.0,0.0,194.68,3892.0,0,14,0.0,278.0,200-300,0%
Frozen Bottle,2026-10-02,WK 40,Malleswaram,In Store,Late Night,FOFO,KA,1522.0,0.0,76.11999999999999,1522.0,0,3,0.0,507.3333333333333,500-600,0%
Frozen Bottle,2026-10-02,WK 40,Malleswaram,In Store,Lunch,FOFO,KA,3332.0,0.0,166.68,3332.0,0,13,0.0,256.3076923076923,200-300,0%
Frozen Bottle,2026-10-02,WK 40,Malleswaram,In Store,Snacks,FOFO,KA,2731.05,0.0,136.62,2731.05,0,15,0.0,182.07000000000002,100-200,0%
Frozen Bottle,2026-10-02,WK 40,Malleswaram,Swiggy,Closing,FOFO,KA,489.45,197.55,22.98,657.0,0,2,30.068493150684933,244.725,200-300,30%-40%
Frozen Bottle,2026-10-02,WK 40,Malleswaram,Swiggy,Dinner,FOFO,KA,1266.97,769.03,60.36,1976.0,0,5,38.91852226720648,253.394,200-300,30%-40%
Frozen Bottle,2026-10-02,WK 40,Malleswaram,Swiggy,Late Night,FOFO,KA,1075.96,875.04,49.3,1861.0,0,6,47.0198817839871,179.32666666666668,100-200,40%-50%
Frozen Bottle,2026-10-02,WK 40,Malleswaram,Swiggy,Lunch,FOFO,KA,238.5,271.5,10.92,490.0,0,2,55.40816326530612,119.25,100-200,50%-60%
Frozen Bottle,2026-10-02,WK 40,Malleswaram,Swiggy,Snacks,FOFO,KA,1558.06,1186.94,74.44,2675.0,0,7,44.371588785046725,222.57999999999998,200-300,40%-50%
Frozen Bottle,2026-10-02,WK 40,Malleswaram,Zomato,Breakfast,FOFO,KA,215.0,125.0,10.76,330.0,0,1,37.878787878787875,215.0,200-300,30%-40%
Frozen Bottle,2026-10-02,WK 40,Malleswaram,Zomato,Dinner,FOFO,KA,836.0,0.0,41.84,796.0,0,1,0.0,836.0,600-900,0%
Frozen Bottle,2026-10-02,WK 40,Malleswaram,Zomato,Late Night,FOFO,KA,492.7,198.3,24.64,661.0,0,2,30.000000000000004,246.35,200-300,30%-40%
Frozen Bottle,2026-10-02,WK 40,Malleswaram,Zomato,Lunch,FOFO,KA,1916.3,469.7,95.84,2306.0,0,6,20.368603642671292,319.3833333333333,300-400,20%-30%
Frozen Bottle,2026-10-02,WK 40,Malleswaram,Zomato,Snacks,FOFO,KA,625.6,419.4,31.3,995.0,0,5,42.15075376884422,125.12,100-200,40%-50%
Madno,2026-10-02,WK 40,Malleswaram,Swiggy,Late Night,FOFO,KA,208.0,0.0,9.9,198.0,0,1,0.0,208.0,200-300,0%
Madno,2026-10-02,WK 40,Malleswaram,Swiggy,Lunch,FOFO,KA,222.0,159.0,11.1,381.0,0,1,41.732283464566926,222.0,200-300,40%-50%
Madno,2026-10-02,WK 40,Malleswaram,Swiggy,Snacks,FOFO,KA,518.0,76.0,25.9,594.0,0,1,12.794612794612794,518.0,500-600,10%-20%
Frozen Bottle,2026-10-02,WK 40,Mangalore,In Store,Dinner,FOFO,KA,1183.5,0.0,59.18,1183.5,0,1,0.0,1183.5,>900,0%
Frozen Bottle,2026-10-02,WK 40,Mangalore,Swiggy,Closing,FOFO,KA,421.5,68.5,20.58,480.0,0,2,14.270833333333332,210.75,200-300,10%-20%
Frozen Bottle,2026-10-02,WK 40,Mangalore,Swiggy,Dinner,FOFO,KA,536.78,121.22,25.339999999999996,628.0,0,2,19.302547770700638,268.39,200-300,10%-20%
Frozen Bottle,2026-10-02,WK 40,Mangalore,Swiggy,Late Night,FOFO,KA,2013.04,156.95999999999998,96.7,2090.0,0,7,7.510047846889951,287.57714285714286,200-300,1%-10%
Frozen Bottle,2026-10-02,WK 40,Mangalore,Swiggy,Snacks,FOFO,KA,3325.01,134.99,160.26,3340.0,0,2,4.041616766467066,1662.505,>900,1%-10%
Frozen Bottle,2026-10-02,WK 40,Mangalore,Zomato,Dinner,FOFO,KA,470.0,100.0,23.5,550.0,0,2,18.181818181818183,235.0,200-300,10%-20%
Frozen Bottle,2026-10-02,WK 40,Mangalore,Zomato,Late Night,FOFO,KA,1979.0,550.0,98.98,2429.0,0,6,22.643062988884314,329.8333333333333,300-400,20%-30%
Frozen Bottle,2026-10-02,WK 40,Mangalore,Zomato,Lunch,FOFO,KA,1162.0,0.0,58.12,1122.0,0,1,0.0,1162.0,>900,0%
Frozen Bottle,2026-10-02,WK 40,Mangalore,Zomato,Snacks,FOFO,KA,320.0,100.0,16.0,400.0,0,1,25.0,320.0,300-400,20%-30%
Frozen Bottle,2026-10-02,WK 40,Manikonda,In Store,Snacks,FOFO,AP & TL,1025.0,0.0,51.26,1025.0,0,2,0.0,512.5,500-600,0%
Frozen Bottle,2026-10-02,WK 40,Manikonda,Swiggy,Dinner,FOFO,AP & TL,1750.0,0.0,84.5,1690.0,0,2,0.0,875.0,600-900,0%
Frozen Bottle,2026-10-02,WK 40,Manikonda,Zomato,Dinner,FOFO,AP & TL,1110.0,0.0,55.52,1070.0,0,4,0.0,277.5,200-300,0%
Boba Bar,2026-10-02,WK 40,Manipal,Swiggy,Dinner,COCO,KA,624.0,516.0,28.200000000000003,1080.0,0,2,47.77777777777778,312.0,300-400,40%-50%
Boba Bar,2026-10-02,WK 40,Manipal,Swiggy,Snacks,COCO,KA,158.0,133.0,7.4,281.0,0,1,47.330960854092524,158.0,100-200,40%-50%
Boba Bar,2026-10-02,WK 40,Manipal,Zomato,Lunch,COCO,KA,200.0,0.0,10.0,190.0,0,1,0.0,200.0,100-200,0%
Boba Bar,2026-10-02,WK 40,Manipal,Zomato,Snacks,COCO,KA,881.5,280.5,44.08,1122.0,0,1,25.0,881.5,600-900,20%-30%
Frozen Bottle,2026-10-02,WK 40,Manipal,In Store,Dinner,COCO,KA,8528.23,0.0,426.68,8528.23,0,42,0.0,203.05309523809524,200-300,0%
Frozen Bottle,2026-10-02,WK 40,Manipal,In Store,Lunch,COCO,KA,4951.23,0.0,247.66,4951.23,0,19,0.0,260.5910526315789,200-300,0%
Frozen Bottle,2026-10-02,WK 40,Manipal,In Store,Snacks,COCO,KA,3524.2,35.8,176.34,3560.0,0,18,1.0056179775280898,195.7888888888889,100-200,1%-10%
Frozen Bottle,2026-10-02,WK 40,Manipal,Swiggy,Breakfast,COCO,KA,950.0,460.0,46.0,1380.0,0,1,33.33333333333333,950.0,>900,30%-40%
Frozen Bottle,2026-10-02,WK 40,Manipal,Swiggy,Dinner,COCO,KA,6136.01,3900.99,288.9,9677.0,0,23,40.31197685233027,266.7830434782609,200-300,40%-50%
Frozen Bottle,2026-10-02,WK 40,Manipal,Swiggy,Lunch,COCO,KA,1398.01,577.99,66.42,1906.0,0,5,30.32476390346275,279.602,200-300,30%-40%
Frozen Bottle,2026-10-02,WK 40,Manipal,Swiggy,Snacks,COCO,KA,1331.0,1071.0,61.58,2302.0,0,7,46.524761077324065,190.14285714285714,100-200,40%-50%
Frozen Bottle,2026-10-02,WK 40,Manipal,Zomato,Breakfast,COCO,KA,115.5,105.5,5.78,211.0,0,1,50.0,115.5,100-200,40%-50%
Frozen Bottle,2026-10-02,WK 40,Manipal,Zomato,Dinner,COCO,KA,2090.4,1168.6,104.56,3139.0,0,7,37.22841669321439,298.62857142857143,200-300,30%-40%
Frozen Bottle,2026-10-02,WK 40,Manipal,Zomato,Lunch,COCO,KA,3449.19,1637.8,172.56,4887.0,0,7,33.5134029056681,492.74142857142857,400-500,30%-40%
Frozen Bottle,2026-10-02,WK 40,Manipal,Zomato,Snacks,COCO,KA,3471.4,1888.6,173.6,5190.0,0,9,36.38921001926782,385.7111111111111,300-400,30%-40%
Madno,2026-10-02,WK 40,Manipal,Swiggy,Dinner,COCO,KA,339.0,322.0,15.46,631.0,0,2,51.03011093502378,169.5,100-200,50%-60%
Madno,2026-10-02,WK 40,Manipal,Swiggy,Snacks,COCO,KA,241.0,280.0,11.059999999999999,501.0,0,2,55.88822355289421,120.5,100-200,50%-60%
Madno,2026-10-02,WK 40,Manipal,Zomato,Dinner,COCO,KA,235.1,262.9,11.74,478.0,0,2,54.99999999999999,117.55,100-200,50%-60%
Boba Bar,2026-10-02,WK 40,Manpada - CF CK,Swiggy,Dinner,COCO,MH,681.0,0.0,33.06,661.0,0,1,0.0,681.0,600-900,0%
Boba Bar,2026-10-02,WK 40,Manpada - CF CK,Zomato,Snacks,COCO,MH,322.14,100.71,16.1,402.85,0,1,24.999379421620947,322.14,300-400,20%-30%
Frozen Bottle,2026-10-02,WK 40,Manpada - CF CK,Swiggy,Dinner,COCO,MH,4358.64,2050.36,206.98,6189.0,0,14,33.1291000161577,311.3314285714286,300-400,30%-40%
Frozen Bottle,2026-10-02,WK 40,Manpada - CF CK,Swiggy,Late Night,COCO,MH,1406.7,1296.0,63.86,2572.7,0,6,50.37509231546624,234.45000000000002,200-300,50%-60%
Frozen Bottle,2026-10-02,WK 40,Manpada - CF CK,Swiggy,Lunch,COCO,MH,1614.01,1489.84,76.22,3013.85,0,7,49.43311710934519,230.57285714285715,200-300,40%-50%
Frozen Bottle,2026-10-02,WK 40,Manpada - CF CK,Swiggy,Snacks,COCO,MH,2640.0,1703.0,125.56,4213.0,0,9,40.42250178020413,293.3333333333333,200-300,40%-50%
Frozen Bottle,2026-10-02,WK 40,Manpada - CF CK,Zomato,Closing,COCO,MH,612.0,198.0,30.6,780.0,0,1,25.384615384615383,612.0,600-900,20%-30%
Frozen Bottle,2026-10-02,WK 40,Manpada - CF CK,Zomato,Dinner,COCO,MH,320.0,300.0,16.0,600.0,0,1,50.0,320.0,300-400,40%-50%
Frozen Bottle,2026-10-02,WK 40,Manpada - CF CK,Zomato,Late Night,COCO,MH,1210.0,847.0,60.5,1987.0,0,4,42.627075993960744,302.5,300-400,40%-50%
Frozen Bottle,2026-10-02,WK 40,Manpada - CF CK,Zomato,Lunch,COCO,MH,1403.0,867.0,70.16,2190.0,0,4,39.58904109589041,350.75,300-400,30%-40%
Frozen Bottle,2026-10-02,WK 40,Manpada - CF CK,Zomato,Snacks,COCO,MH,590.0,251.0,29.52,811.0,0,2,30.949445129469787,295.0,200-300,30%-40%
Madno,2026-10-02,WK 40,Manpada - CF CK,Swiggy,Dinner,COCO,MH,1405.0,564.85,67.26,1909.85,0,4,29.57562112207765,351.25,300-400,20%-30%
Madno,2026-10-02,WK 40,Manpada - CF CK,Swiggy,Late Night,COCO,MH,129.0,100.0,5.96,219.0,0,1,45.662100456621005,129.0,100-200,40%-50%
Madno,2026-10-02,WK 40,Manpada - CF CK,Zomato,Dinner,COCO,MH,1009.6,844.4,50.519999999999996,1784.0,0,3,47.33183856502242,336.53333333333336,300-400,40%-50%
Madno,2026-10-02,WK 40,Manpada - CF CK,Zomato,Late Night,COCO,MH,425.0,175.0,21.26,580.0,0,1,30.17241379310345,425.0,400-500,30%-40%
Frozen Bottle,2026-10-02,WK 40,Mansarovar,In Store,Dinner,FOFO,ROI,79.0,0.0,3.96,79.0,0,1,0.0,79.0,0-100,0%
Frozen Bottle,2026-10-02,WK 40,Mansarovar,In Store,Snacks,FOFO,ROI,1428.0,0.0,71.42,1428.0,0,6,0.0,238.0,200-300,0%
Frozen Bottle,2026-10-02,WK 40,Mansarovar,Swiggy,Closing,FOFO,ROI,631.8100000000001,430.89,30.6,1042.7,0,3,41.32444614941978,210.60333333333335,200-300,40%-50%
Frozen Bottle,2026-10-02,WK 40,Mansarovar,Swiggy,Dinner,FOFO,ROI,1194.26,1152.74,55.28,2257.0,0,8,51.0739920248117,149.2825,100-200,50%-60%
Frozen Bottle,2026-10-02,WK 40,Mansarovar,Swiggy,Late Night,FOFO,ROI,1850.9099999999999,1112.0900000000001,86.06,2833.0,0,6,39.25485351217791,308.48499999999996,300-400,30%-40%
Frozen Bottle,2026-10-02,WK 40,Mansarovar,Swiggy,Lunch,FOFO,ROI,487.64,325.21000000000004,23.400000000000002,792.85,0,3,41.01784700763071,162.54666666666665,100-200,40%-50%
Frozen Bottle,2026-10-02,WK 40,Mansarovar,Swiggy,Snacks,FOFO,ROI,1206.65,512.35,56.84,1649.0,0,4,31.07034566403881,301.6625,300-400,30%-40%
Frozen Bottle,2026-10-02,WK 40,Mansarovar,Zomato,Dinner,FOFO,ROI,489.3,168.7,24.48,628.0,0,3,26.86305732484076,163.1,100-200,20%-30%
Frozen Bottle,2026-10-02,WK 40,Mansarovar,Zomato,Late Night,FOFO,ROI,1230.0,100.0,61.5,1290.0,0,3,7.751937984496124,410.0,400-500,1%-10%
Frozen Bottle,2026-10-02,WK 40,Mansarovar,Zomato,Lunch,FOFO,ROI,109.0,100.0,5.46,199.0,0,1,50.25125628140703,109.0,100-200,50%-60%
Frozen Bottle,2026-10-02,WK 40,Mansarovar,Zomato,Snacks,FOFO,ROI,909.0,280.0,45.480000000000004,1139.0,0,3,24.582967515364356,303.0,300-400,20%-30%
Frozen Bottle,2026-10-02,WK 40,Marathahalli,In Store,Dinner,FOFO,KA,7610.18,385.22,380.68,7995.4,0,36,4.818020361707983,211.3938888888889,200-300,1%-10%
Frozen Bottle,2026-10-02,WK 40,Marathahalli,In Store,Late Night,FOFO,KA,2439.85,0.0,122.06,2439.85,0,11,0.0,221.80454545454543,200-300,0%
Frozen Bottle,2026-10-02,WK 40,Marathahalli,In Store,Lunch,FOFO,KA,2759.0,0.0,138.0,2759.0,0,13,0.0,212.23076923076923,200-300,0%
Frozen Bottle,2026-10-02,WK 40,Marathahalli,In Store,Snacks,FOFO,KA,3980.9,0.0,199.12,3980.9,0,16,0.0,248.80625,200-300,0%
Frozen Bottle,2026-10-02,WK 40,Marathahalli,Swiggy,Dinner,FOFO,KA,2115.0,436.0,101.26,2461.0,0,7,17.716375457131246,302.14285714285717,300-400,10%-20%
Frozen Bottle,2026-10-02,WK 40,Marathahalli,Swiggy,Late Night,FOFO,KA,4186.93,1269.07,198.86,5246.0,0,11,24.19119329012581,380.63000000000005,300-400,20%-30%
Frozen Bottle,2026-10-02,WK 40,Marathahalli,Swiggy,Lunch,FOFO,KA,1578.04,441.96,74.92,1940.0,0,6,22.78144329896907,263.00666666666666,200-300,20%-30%
Frozen Bottle,2026-10-02,WK 40,Marathahalli,Swiggy,Snacks,FOFO,KA,3576.16,511.69000000000005,171.32,3937.85,0,6,12.994146552052518,596.0266666666666,500-600,10%-20%
Frozen Bottle,2026-10-02,WK 40,Marathahalli,Zomato,Dinner,FOFO,KA,2544.4,409.6,127.24000000000001,2844.0,0,4,14.40225035161744,636.1,600-900,10%-20%
Frozen Bottle,2026-10-02,WK 40,Marathahalli,Zomato,Lunch,FOFO,KA,679.8,112.2,34.0,762.0,0,2,14.724409448818898,339.9,300-400,10%-20%
Frozen Bottle,2026-10-02,WK 40,Margaon- Goa,In Store,Dinner,FOFO,ROI,1252.0,0.0,62.62,1252.0,0,4,0.0,313.0,300-400,0%
Frozen Bottle,2026-10-02,WK 40,Margaon- Goa,In Store,Lunch,FOFO,ROI,885.0,0.0,44.26,885.0,0,3,0.0,295.0,200-300,0%
Frozen Bottle,2026-10-02,WK 40,Margaon- Goa,In Store,Snacks,FOFO,ROI,6826.05,0.0,341.36,6826.05,0,13,0.0,525.0807692307692,500-600,0%
Frozen Bottle,2026-10-02,WK 40,Margaon- Goa,Swiggy,Dinner,FOFO,ROI,864.0,180.0,41.2,1004.0,0,1,17.928286852589643,864.0,600-900,10%-20%
Frozen Bottle,2026-10-02,WK 40,Margaon- Goa,Swiggy,Lunch,FOFO,ROI,684.0,75.0,33.22,739.0,0,3,10.148849797023004,228.0,200-300,10%-20%
Frozen Bottle,2026-10-02,WK 40,Margaon- Goa,Swiggy,Snacks,FOFO,ROI,541.5,67.5,26.08,589.0,0,2,11.460101867572156,270.75,200-300,10%-20%
Frozen Bottle,2026-10-02,WK 40,Margaon- Goa,Zomato,Dinner,FOFO,ROI,449.0,169.0,22.48,588.0,0,3,28.741496598639454,149.66666666666666,100-200,20%-30%
Frozen Bottle,2026-10-02,WK 40,Margaon- Goa,Zomato,Lunch,FOFO,ROI,850.0,50.0,42.5,860.0,0,2,5.813953488372093,425.0,400-500,1%-10%
Frozen Bottle,2026-10-02,WK 40,Margaon- Goa,Zomato,Snacks,FOFO,ROI,1220.0,200.0,61.0,1380.0,0,2,14.492753623188406,610.0,600-900,10%-20%
Frozen Bottle,2026-10-02,WK 40,Marol - CF CK,Swiggy,Closing,COCO,MH,223.01,199.84,10.66,412.85,0,2,48.404989705704246,111.505,100-200,40%-50%
Frozen Bottle,2026-10-02,WK 40,Marol - CF CK,Swiggy,Dinner,COCO,MH,2987.0,2050.0,139.4,4837.0,0,10,42.38164151333471,298.7,200-300,40%-50%
Frozen Bottle,2026-10-02,WK 40,Marol - CF CK,Swiggy,Late Night,COCO,MH,724.0,435.0,34.22,1119.0,0,5,38.8739946380697,144.8,100-200,30%-40%
Frozen Bottle,2026-10-02,WK 40,Marol - CF CK,Swiggy,Lunch,COCO,MH,1406.0,962.0,65.32,2268.0,0,6,42.41622574955908,234.33333333333334,200-300,40%-50%
Frozen Bottle,2026-10-02,WK 40,Marol - CF CK,Swiggy,Snacks,COCO,MH,874.0,656.0,40.7,1470.0,0,4,44.625850340136054,218.5,200-300,40%-50%
Frozen Bottle,2026-10-02,WK 40,Marol - CF CK,Zomato,Dinner,COCO,MH,940.9,278.1,47.06,1179.0,0,3,23.587786259541986,313.6333333333333,300-400,20%-30%
Frozen Bottle,2026-10-02,WK 40,Marol - CF CK,Zomato,Late Night,COCO,MH,2586.4,2186.6,129.38,4603.0,0,7,47.50380186834673,369.4857142857143,300-400,40%-50%
Frozen Bottle,2026-10-02,WK 40,Marol - CF CK,Zomato,Lunch,COCO,MH,596.0,360.0,29.8,916.0,0,2,39.30131004366812,298.0,200-300,30%-40%
Frozen Bottle,2026-10-02,WK 40,Marol - CF CK,Zomato,Snacks,COCO,MH,1227.0,323.0,61.36,1500.0,0,3,21.53333333333333,409.0,400-500,20%-30%
Madno,2026-10-02,WK 40,Marol - CF CK,Swiggy,Dinner,COCO,MH,1453.0,879.0,69.16,2262.0,0,4,38.85941644562334,363.25,300-400,30%-40%
Madno,2026-10-02,WK 40,Marol - CF CK,Swiggy,Late Night,COCO,MH,108.0,93.0,4.9,191.0,0,1,48.69109947643979,108.0,100-200,40%-50%
Madno,2026-10-02,WK 40,Marol - CF CK,Swiggy,Lunch,COCO,MH,150.0,140.0,7.0,280.0,0,1,50.0,150.0,100-200,40%-50%
Madno,2026-10-02,WK 40,Marol - CF CK,Zomato,Late Night,COCO,MH,290.0,204.66,14.5,464.65999999999997,0,2,44.04510825119443,145.0,100-200,40%-50%
Madno,2026-10-02,WK 40,Marol - CF CK,Zomato,Lunch,COCO,MH,426.0,175.0,21.3,581.0,0,1,30.120481927710845,426.0,400-500,30%-40%
Madno,2026-10-02,WK 40,Marol - CF CK,Zomato,Snacks,COCO,MH,358.0,50.0,17.9,388.0,0,1,12.886597938144329,358.0,300-400,10%-20%
Frozen Bottle,2026-10-02,WK 40,Mathura,In Store,Dinner,FOFO,ROI,578.85,280.0,28.98,858.85,0,5,32.601734878034584,115.77000000000001,100-200,30%-40%
Frozen Bottle,2026-10-02,WK 40,Mathura,In Store,Late Night,FOFO,ROI,99.0,70.0,4.96,169.0,0,1,41.42011834319527,99.0,0-100,40%-50%
Frozen Bottle,2026-10-02,WK 40,Mathura,In Store,Lunch,FOFO,ROI,495.0,280.0,24.759999999999998,775.0,0,2,36.12903225806451,247.5,200-300,30%-40%
Frozen Bottle,2026-10-02,WK 40,Mathura,In Store,Snacks,FOFO,ROI,545.0,210.0,27.28,755.0,0,4,27.81456953642384,136.25,100-200,20%-30%
Frozen Bottle,2026-10-02,WK 40,Mathura,Swiggy,Dinner,FOFO,ROI,212.5,67.5,10.12,270.0,0,1,25.0,212.5,200-300,20%-30%
Frozen Bottle,2026-10-02,WK 40,Mathura,Zomato,Late Night,FOFO,ROI,1822.0,801.0,91.14,2533.0,0,3,31.62258191867351,607.3333333333334,600-900,30%-40%
Frozen Bottle,2026-10-02,WK 40,Medavakkam,In Store,Dinner,FOFO,TN,4844.0,0.0,242.28,4844.0,0,19,0.0,254.94736842105263,200-300,0%
Frozen Bottle,2026-10-02,WK 40,Medavakkam,In Store,Lunch,FOFO,TN,3581.69,0.0,179.12,3581.69,0,6,0.0,596.9483333333334,500-600,0%
Frozen Bottle,2026-10-02,WK 40,Medavakkam,In Store,Snacks,FOFO,TN,995.0,0.0,49.76,995.0,0,3,0.0,331.6666666666667,300-400,0%
Frozen Bottle,2026-10-02,WK 40,Medavakkam,Swiggy,Closing,FOFO,TN,584.0,45.0,28.200000000000003,609.0,0,2,7.389162561576355,292.0,200-300,1%-10%
Frozen Bottle,2026-10-02,WK 40,Medavakkam,Swiggy,Dinner,FOFO,TN,3607.9,590.1,172.42,4038.0,0,8,14.61367013372957,450.9875,400-500,10%-20%
Frozen Bottle,2026-10-02,WK 40,Medavakkam,Swiggy,Late Night,FOFO,TN,2104.02,359.98,100.72,2374.0,0,5,15.163437236731255,420.804,400-500,10%-20%
Frozen Bottle,2026-10-02,WK 40,Medavakkam,Swiggy,Lunch,FOFO,TN,2354.92,467.08,113.26,2732.0,0,4,17.096632503660324,588.73,500-600,10%-20%
Frozen Bottle,2026-10-02,WK 40,Medavakkam,Swiggy,Snacks,FOFO,TN,4061.04,404.96000000000004,195.58,4316.0,0,8,9.382761816496757,507.63,500-600,1%-10%
Frozen Bottle,2026-10-02,WK 40,Medavakkam,Zomato,Dinner,FOFO,TN,2098.2,821.8,104.92,2820.0,0,5,29.141843971631204,419.64,400-500,20%-30%
Frozen Bottle,2026-10-02,WK 40,Medavakkam,Zomato,Late Night,FOFO,TN,598.3,359.7,29.94,918.0,0,4,39.18300653594771,149.575,100-200,30%-40%
Frozen Bottle,2026-10-02,WK 40,Medavakkam,Zomato,Lunch,FOFO,TN,717.0,200.0,35.86,887.0,0,1,22.547914317925592,717.0,600-900,20%-30%
Frozen Bottle,2026-10-02,WK 40,Meenakshi Mall,In Store,Dinner,COCO,KA,3972.69,123.77,198.72,4096.46,0,16,3.021389199455139,248.293125,200-300,1%-10%
Frozen Bottle,2026-10-02,WK 40,Meenakshi Mall,In Store,Lunch,COCO,KA,1996.0,0.0,99.88,1996.0,0,10,0.0,199.6,100-200,0%
Frozen Bottle,2026-10-02,WK 40,Meenakshi Mall,In Store,Snacks,COCO,KA,4573.33,0.0,228.74,4573.33,0,14,0.0,326.6664285714286,300-400,0%
Frozen Bottle,2026-10-02,WK 40,Meenakshi Mall,Ownly,Snacks,COCO,KA,309.0,0.0,15.46,309.0,0,1,0.0,309.0,300-400,0%
Frozen Bottle,2026-10-02,WK 40,Meenakshi Mall,Swiggy,Dinner,COCO,KA,1194.0,406.0,57.2,1550.0,0,3,26.193548387096776,398.0,300-400,20%-30%
Frozen Bottle,2026-10-02,WK 40,Meenakshi Mall,Swiggy,Lunch,COCO,KA,319.0,0.0,15.46,309.0,0,1,0.0,319.0,300-400,0%
Frozen Bottle,2026-10-02,WK 40,Meenakshi Mall,Swiggy,Snacks,COCO,KA,1796.01,375.99,85.8,2092.0,0,3,17.972753346080307,598.67,500-600,10%-20%
Frozen Bottle,2026-10-02,WK 40,Meenakshi Mall,Zomato,Dinner,COCO,KA,849.9,231.1,42.5,1051.0,0,2,21.988582302568982,424.95,400-500,20%-30%
Frozen Bottle,2026-10-02,WK 40,Meenakshi Mall,Zomato,Lunch,COCO,KA,1378.0,0.0,68.9,1338.0,0,2,0.0,689.0,600-900,0%
Frozen Bottle,2026-10-02,WK 40,Meenakshi Mall,Zomato,Snacks,COCO,KA,265.0,75.0,13.26,330.0,0,1,22.727272727272727,265.0,200-300,20%-30%
Boba Bar,2026-10-02,WK 40,Mira Road,Swiggy,Late Night,COCO,MH,169.0,154.33,7.46,303.33,0,1,50.87858108330862,169.0,100-200,50%-60%
Boba Bar,2026-10-02,WK 40,Mira Road,Swiggy,Snacks,COCO,MH,290.0,0.0,14.0,280.0,0,1,0.0,290.0,200-300,0%
Frozen Bottle,2026-10-02,WK 40,Mira Road,In Store,Dinner,COCO,MH,3258.68,298.32,162.96,3557.0,0,9,8.386842845094181,362.0755555555555,300-400,1%-10%
Frozen Bottle,2026-10-02,WK 40,Mira Road,In Store,Lunch,COCO,MH,731.23,0.0,36.58,731.23,0,2,0.0,365.615,300-400,0%
Frozen Bottle,2026-10-02,WK 40,Mira Road,In Store,Snacks,COCO,MH,1192.0,0.0,59.64,1192.0,0,5,0.0,238.4,200-300,0%
Frozen Bottle,2026-10-02,WK 40,Mira Road,Swiggy,Closing,COCO,MH,139.0,121.0,6.46,250.0,0,1,48.4,139.0,100-200,40%-50%
Frozen Bottle,2026-10-02,WK 40,Mira Road,Swiggy,Dinner,COCO,MH,3083.0,1240.33,148.2,4203.33,0,9,29.508270823370992,342.55555555555554,300-400,20%-30%
Frozen Bottle,2026-10-02,WK 40,Mira Road,Swiggy,Late Night,COCO,MH,1338.01,1040.17,61.42,2268.1800000000003,0,6,45.85923515770353,223.00166666666667,200-300,40%-50%
Frozen Bottle,2026-10-02,WK 40,Mira Road,Swiggy,Lunch,COCO,MH,580.0,450.0,27.5,1000.0,0,2,45.0,290.0,200-300,40%-50%
Frozen Bottle,2026-10-02,WK 40,Mira Road,Swiggy,Snacks,COCO,MH,2490.0,1269.0,120.54,3679.0,0,10,34.49306876868714,249.0,200-300,30%-40%
Frozen Bottle,2026-10-02,WK 40,Mira Road,Zomato,Closing,COCO,MH,906.0,315.0,45.3,1181.0,0,2,26.672311600338695,453.0,400-500,20%-30%
Frozen Bottle,2026-10-02,WK 40,Mira Road,Zomato,Dinner,COCO,MH,2610.0,1140.0,130.54,3620.0,0,8,31.491712707182316,326.25,300-400,30%-40%
Frozen Bottle,2026-10-02,WK 40,Mira Road,Zomato,Late Night,COCO,MH,2701.5,2017.5,135.12,4549.0,0,6,44.35040668278742,450.25,400-500,40%-50%
Frozen Bottle,2026-10-02,WK 40,Mira Road,Zomato,Lunch,COCO,MH,784.9200000000001,265.93,39.28,1000.85,0,3,26.570415147124944,261.64000000000004,200-300,20%-30%
Frozen Bottle,2026-10-02,WK 40,Mira Road,Zomato,Snacks,COCO,MH,3182.5,881.5,159.2,3904.0,0,8,22.57940573770492,397.8125,300-400,20%-30%
Madno,2026-10-02,WK 40,Mira Road,Swiggy,Closing,COCO,MH,278.01,194.35,13.9,472.36,0,1,41.14446608518926,278.01,200-300,40%-50%
Madno,2026-10-02,WK 40,Mira Road,Swiggy,Dinner,COCO,MH,876.0,191.0,43.3,1057.0,0,2,18.07000946073794,438.0,400-500,10%-20%
Madno,2026-10-02,WK 40,Mira Road,Swiggy,Late Night,COCO,MH,89.01,33.84,4.46,122.85,0,1,27.545787545787547,89.01,0-100,20%-30%
Madno,2026-10-02,WK 40,Mira Road,Swiggy,Snacks,COCO,MH,208.0,266.65999999999997,9.9,464.65999999999997,0,2,57.38819782206343,104.0,100-200,50%-60%
Madno,2026-10-02,WK 40,Mira Road,Zomato,Dinner,COCO,MH,661.5,621.5,33.08,1243.0,0,2,50.0,330.75,300-400,40%-50%
Madno,2026-10-02,WK 40,Mira Road,Zomato,Late Night,COCO,MH,341.0,321.0,17.06,642.0,0,1,50.0,341.0,300-400,40%-50%
Madno,2026-10-02,WK 40,Mira Road,Zomato,Snacks,COCO,MH,516.0,90.0,25.8,576.0,0,2,15.625,258.0,200-300,10%-20%
Frozen Bottle,2026-10-02,WK 40,Miraya Rose,In Store,Dinner,COCO,KA,4706.46,148.0,235.44,4854.46,0,18,3.0487428055849675,261.47,200-300,1%-10%
Frozen Bottle,2026-10-02,WK 40,Miraya Rose,In Store,Late Night,COCO,KA,69.0,0.0,3.46,69.0,0,1,0.0,69.0,0-100,0%
Frozen Bottle,2026-10-02,WK 40,Miraya Rose,In Store,Lunch,COCO,KA,1407.23,0.0,70.4,1407.23,0,6,0.0,234.53833333333333,200-300,0%
Frozen Bottle,2026-10-02,WK 40,Miraya Rose,In Store,Snacks,COCO,KA,2653.0,0.0,132.72,2653.0,0,10,0.0,265.3,200-300,0%
Frozen Bottle,2026-10-02,WK 40,Miraya Rose,Ownly,Dinner,COCO,KA,866.4,0.0,43.32,866.4,0,1,0.0,866.4,600-900,0%
Frozen Bottle,2026-10-02,WK 40,Miraya Rose,Ownly,Late Night,COCO,KA,99.0,0.0,4.96,99.0,0,1,0.0,99.0,0-100,0%
Frozen Bottle,2026-10-02,WK 40,Miraya Rose,Swiggy,Dinner,COCO,KA,2648.0,1364.0,126.44,3892.0,0,9,35.04624871531347,294.22222222222223,200-300,30%-40%
Frozen Bottle,2026-10-02,WK 40,Miraya Rose,Swiggy,Late Night,COCO,KA,694.0,558.0,32.7,1212.0,0,2,46.03960396039604,347.0,300-400,40%-50%
Frozen Bottle,2026-10-02,WK 40,Miraya Rose,Swiggy,Lunch,COCO,KA,960.0,902.0,45.52,1812.0,0,3,49.77924944812362,320.0,300-400,40%-50%
Frozen Bottle,2026-10-02,WK 40,Miraya Rose,Swiggy,Snacks,COCO,KA,1381.0,1016.6600000000001,63.559999999999995,2287.66,0,5,44.44104456081761,276.2,200-300,40%-50%
Frozen Bottle,2026-10-02,WK 40,Miraya Rose,Zomato,Breakfast,COCO,KA,165.0,155.0,8.26,310.0,0,1,50.0,165.0,100-200,40%-50%
Frozen Bottle,2026-10-02,WK 40,Miraya Rose,Zomato,Dinner,COCO,KA,2828.0,723.0,141.44,3441.0,0,8,21.01133391455972,353.5,300-400,20%-30%
Frozen Bottle,2026-10-02,WK 40,Miraya Rose,Zomato,Late Night,COCO,KA,746.0,454.0,37.32,1160.0,0,3,39.13793103448276,248.66666666666666,200-300,30%-40%
Frozen Bottle,2026-10-02,WK 40,Miraya Rose,Zomato,Lunch,COCO,KA,627.5,502.5,31.380000000000003,1090.0,0,3,46.10091743119266,209.16666666666666,200-300,40%-50%
Frozen Bottle,2026-10-02,WK 40,Miraya Rose,Zomato,Snacks,COCO,KA,854.0,374.0,42.72,1188.0,0,2,31.48148148148148,427.0,400-500,30%-40%
Madno,2026-10-02,WK 40,Miraya Rose,Ownly,Lunch,COCO,KA,109.85,0.0,5.5,109.85,0,1,0.0,109.85,100-200,0%
Madno,2026-10-02,WK 40,Miraya Rose,Ownly,Snacks,COCO,KA,159.0,0.0,7.96,159.0,0,1,0.0,159.0,100-200,0%
Madno,2026-10-02,WK 40,Miraya Rose,Swiggy,Dinner,COCO,KA,346.0,140.0,16.3,466.0,0,2,30.042918454935624,173.0,100-200,30%-40%
Madno,2026-10-02,WK 40,Miraya Rose,Swiggy,Late Night,COCO,KA,229.0,52.0,10.96,271.0,0,1,19.18819188191882,229.0,200-300,10%-20%
Madno,2026-10-02,WK 40,Miraya Rose,Swiggy,Lunch,COCO,KA,317.0,91.0,14.86,388.0,0,1,23.45360824742268,317.0,300-400,20%-30%
Madno,2026-10-02,WK 40,Miraya Rose,Zomato,Dinner,COCO,KA,585.0,105.0,29.26,660.0,0,1,15.909090909090908,585.0,500-600,10%-20%
Frozen Bottle,2026-10-02,WK 40,Mirzapur,In Store,Dinner,FOFO,ROI,378.0,0.0,18.9,378.0,0,1,0.0,378.0,300-400,0%
Frozen Bottle,2026-10-02,WK 40,Mirzapur,In Store,Lunch,FOFO,ROI,585.0,0.0,29.259999999999998,585.0,0,2,0.0,292.5,200-300,0%
Frozen Bottle,2026-10-02,WK 40,Mirzapur,Zomato,Dinner,FOFO,ROI,240.0,0.0,12.0,230.0,0,1,0.0,240.0,200-300,0%
Frozen Bottle,2026-10-02,WK 40,Mirzapur,Zomato,Lunch,FOFO,ROI,291.0,0.0,14.56,281.0,0,1,0.0,291.0,200-300,0%
Boba Bar,2026-10-02,WK 40,Mogappair,Swiggy,Dinner,COCO,TN,528.0,133.0,25.4,641.0,0,1,20.74882995319813,528.0,500-600,20%-30%
Boba Bar,2026-10-02,WK 40,Mogappair,Swiggy,Late Night,COCO,TN,336.0,122.0,15.8,438.0,0,1,27.85388127853881,336.0,300-400,20%-30%
Boba Bar,2026-10-02,WK 40,Mogappair,Swiggy,Snacks,COCO,TN,2263.5,1243.35,106.72,3376.85,0,6,36.81981728533989,377.25,300-400,30%-40%
Frozen Bottle,2026-10-02,WK 40,Mogappair,In Store,Breakfast,COCO,TN,169.0,0.0,8.46,169.0,0,1,0.0,169.0,100-200,0%
Frozen Bottle,2026-10-02,WK 40,Mogappair,In Store,Dinner,COCO,TN,4330.35,0.0,216.57999999999998,4330.35,0,14,0.0,309.3107142857143,300-400,0%
Frozen Bottle,2026-10-02,WK 40,Mogappair,In Store,Lunch,COCO,TN,596.5,0.0,29.839999999999996,596.5,0,3,0.0,198.83333333333334,100-200,0%
Frozen Bottle,2026-10-02,WK 40,Mogappair,In Store,Snacks,COCO,TN,238.5,0.0,11.940000000000001,238.5,0,2,0.0,119.25,100-200,0%
Frozen Bottle,2026-10-02,WK 40,Mogappair,Swiggy,Dinner,COCO,TN,4504.01,2846.17,211.24,7070.18,0,13,40.25597650979183,346.4623076923077,300-400,40%-50%
Frozen Bottle,2026-10-02,WK 40,Mogappair,Swiggy,Late Night,COCO,TN,2052.0,1336.0,96.62,3268.0,0,5,40.8812729498164,410.4,400-500,40%-50%
Frozen Bottle,2026-10-02,WK 40,Mogappair,Swiggy,Lunch,COCO,TN,4885.26,2052.74,233.32,6718.0,0,14,30.555820184578742,348.94714285714286,300-400,30%-40%
Frozen Bottle,2026-10-02,WK 40,Mogappair,Swiggy,Snacks,COCO,TN,2676.64,1929.3600000000001,124.86,4426.0,0,12,43.59150474469047,223.0533333333333,200-300,40%-50%
Frozen Bottle,2026-10-02,WK 40,Mogappair,Zomato,Dinner,COCO,TN,2997.2,2001.8,149.92000000000002,4829.0,0,7,41.4537171256989,428.1714285714285,400-500,40%-50%
Frozen Bottle,2026-10-02,WK 40,Mogappair,Zomato,Late Night,COCO,TN,1457.7,1176.3,72.92,2544.0,0,4,46.23820754716981,364.425,300-400,40%-50%
Frozen Bottle,2026-10-02,WK 40,Mogappair,Zomato,Lunch,COCO,TN,1311.0,969.0,65.58,2220.0,0,3,43.648648648648646,437.0,400-500,40%-50%
Frozen Bottle,2026-10-02,WK 40,Mogappair,Zomato,Snacks,COCO,TN,901.0,550.0,45.08,1401.0,0,4,39.25767309064953,225.25,200-300,30%-40%
Madno,2026-10-02,WK 40,Mogappair,Swiggy,Dinner,COCO,TN,825.01,717.99,37.78,1473.0,0,5,48.74338085539715,165.002,100-200,40%-50%
Madno,2026-10-02,WK 40,Mogappair,Swiggy,Late Night,COCO,TN,1413.0,570.0,65.16,1873.0,0,5,30.43246129204485,282.6,200-300,30%-40%
Madno,2026-10-02,WK 40,Mogappair,Swiggy,Lunch,COCO,TN,1357.0,380.0,63.86,1657.0,0,7,22.933011466505736,193.85714285714286,100-200,20%-30%
Madno,2026-10-02,WK 40,Mogappair,Swiggy,Snacks,COCO,TN,1358.0,955.0,64.4,2243.0,0,5,42.57690592955863,271.6,200-300,40%-50%
Madno,2026-10-02,WK 40,Mogappair,Zomato,Dinner,COCO,TN,921.5,212.83,46.08,1094.33,0,2,19.448429632743323,460.75,400-500,10%-20%
Madno,2026-10-02,WK 40,Mogappair,Zomato,Snacks,COCO,TN,671.0,361.0,33.56,992.0,0,2,36.391129032258064,335.5,300-400,30%-40%
Frozen Bottle,2026-10-02,WK 40,Mulund,In Store,Dinner,COCO,MH,14068.48,276.16,703.6600000000001,14344.64,0,54,1.9251790215718207,260.5274074074074,200-300,1%-10%
Frozen Bottle,2026-10-02,WK 40,Mulund,In Store,Late Night,COCO,MH,0.0,645.0,0.0,645.0,0,1,100.0,0.0,,90%-100%
Frozen Bottle,2026-10-02,WK 40,Mulund,In Store,Lunch,COCO,MH,695.0,0.0,34.800000000000004,695.0,0,5,0.0,139.0,100-200,0%
Frozen Bottle,2026-10-02,WK 40,Mulund,In Store,Snacks,COCO,MH,4051.91,83.6,202.7,4135.51,0,21,2.0215160887048995,192.94809523809522,100-200,1%-10%
Frozen Bottle,2026-10-02,WK 40,Mulund,Swiggy,Dinner,COCO,MH,3709.0299999999997,2005.82,175.46,5514.85,0,12,36.3712521646101,309.0858333333333,300-400,30%-40%
Frozen Bottle,2026-10-02,WK 40,Mulund,Swiggy,Late Night,COCO,MH,1101.0,718.0,52.08,1759.0,0,5,40.81864695849915,220.2,200-300,40%-50%
Frozen Bottle,2026-10-02,WK 40,Mulund,Swiggy,Lunch,COCO,MH,2317.02,1332.98,110.9,3550.0,0,8,37.5487323943662,289.6275,200-300,30%-40%
Frozen Bottle,2026-10-02,WK 40,Mulund,Swiggy,Snacks,COCO,MH,4104.02,1800.98,195.26,5705.0,0,12,31.56844872918493,342.0016666666667,300-400,30%-40%
Frozen Bottle,2026-10-02,WK 40,Mulund,Zomato,Dinner,COCO,MH,3372.6,1707.4,168.66,4910.0,0,11,34.77393075356416,306.59999999999997,300-400,30%-40%
Frozen Bottle,2026-10-02,WK 40,Mulund,Zomato,Late Night,COCO,MH,1236.0,976.0,61.82,2142.0,0,4,45.564892623716155,309.0,300-400,40%-50%
Frozen Bottle,2026-10-02,WK 40,Mulund,Zomato,Lunch,COCO,MH,366.5,213.5,18.32,560.0,0,1,38.125,366.5,300-400,30%-40%
Frozen Bottle,2026-10-02,WK 40,Mulund,Zomato,Snacks,COCO,MH,1274.2,343.8,63.72,1568.0,0,3,21.926020408163264,424.73333333333335,400-500,20%-30%
Madno,2026-10-02,WK 40,Mulund,Swiggy,Dinner,COCO,MH,644.0,380.0,30.200000000000003,984.0,0,3,38.61788617886179,214.66666666666666,200-300,30%-40%
Madno,2026-10-02,WK 40,Mulund,Swiggy,Snacks,COCO,MH,116.19,139.99,4.8,236.18,0,1,59.272588703531206,116.19,100-200,50%-60%
Madno,2026-10-02,WK 40,Mulund,Zomato,Dinner,COCO,MH,320.0,300.0,16.0,600.0,0,2,50.0,160.0,100-200,40%-50%
Madno,2026-10-02,WK 40,Mulund,Zomato,Late Night,COCO,MH,1362.5,872.5,68.12,2135.0,0,4,40.866510538641684,340.625,300-400,40%-50%
Boba Bar,2026-10-02,WK 40,Nagadevanahally,Swiggy,Late Night,FOFO,KA,85.0,45.0,4.26,130.0,0,1,34.61538461538461,85.0,0-100,30%-40%
Boba Bar,2026-10-02,WK 40,Nagadevanahally,Swiggy,Lunch,FOFO,KA,96.0,133.0,4.3,219.0,0,1,60.73059360730594,96.0,0-100,60%-70%
Boba Bar,2026-10-02,WK 40,Nagadevanahally,Zomato,Breakfast,FOFO,KA,151.0,0.0,7.56,141.0,0,1,0.0,151.0,100-200,0%
Boba Bar,2026-10-02,WK 40,Nagadevanahally,Zomato,Closing,FOFO,KA,318.0,0.0,15.9,308.0,0,1,0.0,318.0,300-400,0%
Frozen Bottle,2026-10-02,WK 40,Nagadevanahally,In Store,Dinner,FOFO,KA,2547.0,0.0,127.4,2547.0,0,9,0.0,283.0,200-300,0%
Frozen Bottle,2026-10-02,WK 40,Nagadevanahally,In Store,Lunch,FOFO,KA,1248.0,0.0,62.44,1248.0,0,6,0.0,208.0,200-300,0%
Frozen Bottle,2026-10-02,WK 40,Nagadevanahally,In Store,Snacks,FOFO,KA,731.5,0.0,36.620000000000005,731.5,0,5,0.0,146.3,100-200,0%
Frozen Bottle,2026-10-02,WK 40,Nagadevanahally,Swiggy,Dinner,FOFO,KA,258.0,172.0,12.92,430.0,0,2,40.0,129.0,100-200,30%-40%
Frozen Bottle,2026-10-02,WK 40,Nagadevanahally,Swiggy,Lunch,FOFO,KA,1041.1100000000001,676.89,50.06,1678.0,0,2,40.339094159713945,520.5550000000001,500-600,40%-50%
Frozen Bottle,2026-10-02,WK 40,Nagadevanahally,Swiggy,Snacks,FOFO,KA,530.4,318.6,25.02,819.0,0,1,38.901098901098905,530.4,500-600,30%-40%
Frozen Bottle,2026-10-02,WK 40,Nagadevanahally,Zomato,Dinner,FOFO,KA,470.0,250.0,23.52,700.0,0,2,35.714285714285715,235.0,200-300,30%-40%
Frozen Bottle,2026-10-02,WK 40,Nagadevanahally,Zomato,Late Night,FOFO,KA,181.0,0.0,9.06,171.0,0,1,0.0,181.0,100-200,0%
Frozen Bottle,2026-10-02,WK 40,Nagadevanahally,Zomato,Lunch,FOFO,KA,165.0,125.0,8.26,280.0,0,1,44.642857142857146,165.0,100-200,40%-50%
Frozen Bottle,2026-10-02,WK 40,Nagadevanahally,Zomato,Snacks,FOFO,KA,275.0,125.0,13.76,390.0,0,1,32.05128205128205,275.0,200-300,30%-40%
Madno,2026-10-02,WK 40,Nagadevanahally,Swiggy,Closing,FOFO,KA,190.0,100.0,9.0,280.0,0,1,35.714285714285715,190.0,100-200,30%-40%
Madno,2026-10-02,WK 40,Nagadevanahally,Swiggy,Dinner,FOFO,KA,340.0,280.0,16.0,600.0,0,2,46.666666666666664,170.0,100-200,40%-50%
Madno,2026-10-02,WK 40,Nagadevanahally,Swiggy,Late Night,FOFO,KA,218.0,198.0,9.92,396.0,0,2,50.0,109.0,100-200,40%-50%
Madno,2026-10-02,WK 40,Nagadevanahally,Swiggy,Lunch,FOFO,KA,271.0,229.0,13.56,500.0,0,1,45.800000000000004,271.0,200-300,40%-50%
Madno,2026-10-02,WK 40,Nagadevanahally,Swiggy,Snacks,FOFO,KA,195.0,85.0,9.76,280.0,0,1,30.357142857142854,195.0,100-200,30%-40%
Madno,2026-10-02,WK 40,Nagadevanahally,Zomato,Lunch,FOFO,KA,1091.0,140.0,54.56,1191.0,0,2,11.754827875734676,545.5,500-600,10%-20%
Frozen Bottle,2026-10-02,WK 40,Nagarbhavi,In Store,Dinner,FOFO,KA,1741.92,0.0,87.1,1741.92,0,4,0.0,435.48,400-500,0%
Frozen Bottle,2026-10-02,WK 40,Nagarbhavi,In Store,Late Night,FOFO,KA,1146.28,0.0,57.31999999999999,1146.28,0,3,0.0,382.0933333333333,300-400,0%
Frozen Bottle,2026-10-02,WK 40,Nagarbhavi,In Store,Snacks,FOFO,KA,404.0,0.0,20.22,404.0,0,2,0.0,202.0,200-300,0%
Frozen Bottle,2026-10-02,WK 40,Nagarbhavi,Swiggy,Closing,FOFO,KA,1181.0,0.0,57.56,1151.0,0,1,0.0,1181.0,>900,0%
Frozen Bottle,2026-10-02,WK 40,Nagarbhavi,Swiggy,Dinner,FOFO,KA,1160.0,0.0,56.0,1120.0,0,2,0.0,580.0,500-600,0%
Frozen Bottle,2026-10-02,WK 40,Nagarbhavi,Swiggy,Lunch,FOFO,KA,420.0,109.0,20.5,519.0,0,2,21.001926782273603,210.0,200-300,20%-30%
Frozen Bottle,2026-10-02,WK 40,Nagarbhavi,Swiggy,Snacks,FOFO,KA,130.0,109.0,6.5,239.0,0,1,45.60669456066946,130.0,100-200,40%-50%
Frozen Bottle,2026-10-02,WK 40,Nagarbhavi,Zomato,Dinner,FOFO,KA,1196.1,52.9,59.82,1209.0,0,3,4.375516956162118,398.7,300-400,1%-10%
Frozen Bottle,2026-10-02,WK 40,Nagarbhavi,Zomato,Late Night,FOFO,KA,169.0,0.0,8.46,159.0,0,1,0.0,169.0,100-200,0%
Frozen Bottle,2026-10-02,WK 40,Nagarbhavi,Zomato,Snacks,FOFO,KA,1700.0,0.0,85.0,1650.0,0,2,0.0,850.0,600-900,0%
Boba Bar,2026-10-02,WK 40,Nagavara,Swiggy,Breakfast,COCO,KA,109.0,80.0,4.96,179.0,0,1,44.6927374301676,109.0,100-200,40%-50%
Frozen Bottle,2026-10-02,WK 40,Nagavara,In Store,Dinner,COCO,KA,5151.07,143.13,257.65999999999997,5294.2,0,24,2.7035246118393714,214.62791666666666,200-300,1%-10%
Frozen Bottle,2026-10-02,WK 40,Nagavara,In Store,Lunch,COCO,KA,1374.69,0.0,68.78,1374.69,0,8,0.0,171.83625,100-200,0%
Frozen Bottle,2026-10-02,WK 40,Nagavara,In Store,Snacks,COCO,KA,1686.18,0.0,84.34,1686.18,0,8,0.0,210.7725,200-300,0%
Frozen Bottle,2026-10-02,WK 40,Nagavara,Ownly,Dinner,COCO,KA,1164.75,0.0,58.239999999999995,1164.75,0,4,0.0,291.1875,200-300,0%
Frozen Bottle,2026-10-02,WK 40,Nagavara,Ownly,Snacks,COCO,KA,522.2,0.0,26.12,522.2,0,2,0.0,261.1,200-300,0%
Frozen Bottle,2026-10-02,WK 40,Nagavara,Swiggy,Breakfast,COCO,KA,236.0,244.0,10.8,460.0,0,1,53.04347826086957,236.0,200-300,50%-60%
Frozen Bottle,2026-10-02,WK 40,Nagavara,Swiggy,Dinner,COCO,KA,4436.26,3522.74,209.4,7709.0,0,20,45.696458684654296,221.81300000000002,200-300,40%-50%
Frozen Bottle,2026-10-02,WK 40,Nagavara,Swiggy,Late Night,COCO,KA,263.0,217.0,12.66,470.0,0,2,46.170212765957444,131.5,100-200,40%-50%
Frozen Bottle,2026-10-02,WK 40,Nagavara,Swiggy,Lunch,COCO,KA,2793.02,1130.98,133.7,3804.0,0,6,29.731335436382757,465.50333333333333,400-500,20%-30%
Frozen Bottle,2026-10-02,WK 40,Nagavara,Swiggy,Snacks,COCO,KA,3123.0299999999997,1824.97,149.7,4818.0,0,13,37.87816521378165,240.2330769230769,200-300,30%-40%
Frozen Bottle,2026-10-02,WK 40,Nagavara,Zomato,Dinner,COCO,KA,5662.0,1449.99,283.12,6841.99,0,16,21.192518550889435,353.875,300-400,20%-30%
Frozen Bottle,2026-10-02,WK 40,Nagavara,Zomato,Late Night,COCO,KA,1031.0,603.0,51.58,1564.0,0,3,38.55498721227622,343.6666666666667,300-400,30%-40%
Frozen Bottle,2026-10-02,WK 40,Nagavara,Zomato,Lunch,COCO,KA,2869.0,2479.0,143.5,5248.0,0,7,47.23704268292683,409.85714285714283,400-500,40%-50%
Frozen Bottle,2026-10-02,WK 40,Nagavara,Zomato,Snacks,COCO,KA,2081.0,875.0,104.08,2846.0,0,8,30.744905130007027,260.125,200-300,30%-40%
Madno,2026-10-02,WK 40,Nagavara,Ownly,Late Night,COCO,KA,159.0,0.0,7.96,159.0,0,1,0.0,159.0,100-200,0%
Madno,2026-10-02,WK 40,Nagavara,Swiggy,Dinner,COCO,KA,1813.02,1019.98,87.18,2763.0,0,8,36.91567137169743,226.6275,200-300,30%-40%
Madno,2026-10-02,WK 40,Nagavara,Swiggy,Late Night,COCO,KA,288.0,283.0,14.4,571.0,0,1,49.56217162872154,288.0,200-300,40%-50%
Madno,2026-10-02,WK 40,Nagavara,Swiggy,Lunch,COCO,KA,271.0,140.0,13.06,401.0,0,1,34.91271820448878,271.0,200-300,30%-40%
Madno,2026-10-02,WK 40,Nagavara,Swiggy,Snacks,COCO,KA,545.0,455.0,24.76,950.0,0,1,47.89473684210526,545.0,500-600,40%-50%
Madno,2026-10-02,WK 40,Nagavara,Zomato,Dinner,COCO,KA,1260.6,663.73,63.08,1834.33,0,3,36.18378372484777,420.2,400-500,30%-40%
Madno,2026-10-02,WK 40,Nagavara,Zomato,Late Night,COCO,KA,444.55,252.45,22.240000000000002,667.0,0,2,37.848575712143926,222.275,200-300,30%-40%
Madno,2026-10-02,WK 40,Nagavara,Zomato,Lunch,COCO,KA,514.0,185.0,25.700000000000003,669.0,0,2,27.65321375186846,257.0,200-300,20%-30%
Madno,2026-10-02,WK 40,Nagavara,Zomato,Snacks,COCO,KA,870.7,178.3,43.54,999.0,0,4,17.84784784784785,217.675,200-300,10%-20%
Boba Bar,2026-10-02,WK 40,Nalanchira,Swiggy,Breakfast,FOFO,Kerela,290.0,0.0,14.0,280.0,0,1,0.0,290.0,200-300,0%
Boba Bar,2026-10-02,WK 40,Nalanchira,Swiggy,Snacks,FOFO,Kerela,169.0,0.0,7.96,159.0,0,1,0.0,169.0,100-200,0%
Frozen Bottle,2026-10-02,WK 40,Nalanchira,In Store,Breakfast,FOFO,Kerela,179.0,0.0,8.96,179.0,0,1,0.0,179.0,100-200,0%
Frozen Bottle,2026-10-02,WK 40,Nalanchira,In Store,Dinner,FOFO,Kerela,1169.0,0.0,58.5,1169.0,0,6,0.0,194.83333333333334,100-200,0%
Frozen Bottle,2026-10-02,WK 40,Nalanchira,In Store,Lunch,FOFO,Kerela,1630.0,0.0,81.52,1630.0,0,5,0.0,326.0,300-400,0%
Frozen Bottle,2026-10-02,WK 40,Nalanchira,In Store,Snacks,FOFO,Kerela,447.0,0.0,22.380000000000003,447.0,0,3,0.0,149.0,100-200,0%
Frozen Bottle,2026-10-02,WK 40,Nalanchira,Swiggy,Dinner,FOFO,Kerela,1844.0,81.0,89.22,1865.0,0,3,4.343163538873995,614.6666666666666,600-900,1%-10%
Frozen Bottle,2026-10-02,WK 40,Nalanchira,Swiggy,Snacks,FOFO,Kerela,309.0,0.0,14.96,299.0,0,1,0.0,309.0,300-400,0%
Frozen Bottle,2026-10-02,WK 40,Nalanchira,Zomato,Dinner,FOFO,Kerela,1585.0,713.0,79.3,2218.0,0,4,32.14607754733995,396.25,300-400,30%-40%
Frozen Bottle,2026-10-02,WK 40,Nalanchira,Zomato,Snacks,FOFO,Kerela,691.0,0.0,34.56,671.0,0,2,0.0,345.5,300-400,0%
Boba Bar,2026-10-02,WK 40,Namakkal,In Store,Dinner,FOFO,TN,747.0,0.0,37.38,747.0,0,3,0.0,249.0,200-300,0%
Boba Bar,2026-10-02,WK 40,Namakkal,In Store,Lunch,FOFO,TN,617.0,0.0,30.86,617.0,0,2,0.0,308.5,300-400,0%
Frozen Bottle,2026-10-02,WK 40,Namakkal,In Store,Dinner,FOFO,TN,3959.0,0.0,198.01999999999998,3959.0,0,8,0.0,494.875,400-500,0%
Frozen Bottle,2026-10-02,WK 40,Namakkal,In Store,Lunch,FOFO,TN,993.0,0.0,49.68,993.0,0,5,0.0,198.6,100-200,0%
Frozen Bottle,2026-10-02,WK 40,Namakkal,In Store,Snacks,FOFO,TN,2086.0,0.0,104.32,2086.0,0,6,0.0,347.6666666666667,300-400,0%
Frozen Bottle,2026-10-02,WK 40,Namakkal,Swiggy,Dinner,FOFO,TN,960.0,0.0,46.5,930.0,0,2,0.0,480.0,400-500,0%
Frozen Bottle,2026-10-02,WK 40,Namakkal,Swiggy,Lunch,FOFO,TN,321.0,0.0,15.56,311.0,0,1,0.0,321.0,300-400,0%
Frozen Bottle,2026-10-02,WK 40,Namakkal,Swiggy,Snacks,FOFO,TN,2221.0,0.0,107.58,2151.0,0,4,0.0,555.25,500-600,0%
Frozen Bottle,2026-10-02,WK 40,Namakkal,Zomato,Dinner,FOFO,TN,1201.0,0.0,60.06,1161.0,0,3,0.0,400.3333333333333,400-500,0%
Frozen Bottle,2026-10-02,WK 40,Namakkal,Zomato,Lunch,FOFO,TN,1171.0,0.0,58.580000000000005,1131.0,0,3,0.0,390.3333333333333,300-400,0%
Frozen Bottle,2026-10-02,WK 40,Namakkal,Zomato,Snacks,FOFO,TN,2298.0,0.0,114.96000000000001,2218.0,0,5,0.0,459.6,400-500,0%
Frozen Bottle,2026-10-02,WK 40,Nanganallur CK,Swiggy,Dinner,COCO,TN,4769.65,2946.35,223.1,7406.0,0,19,39.783283823926546,251.03421052631577,200-300,30%-40%
Frozen Bottle,2026-10-02,WK 40,Nanganallur CK,Swiggy,Late Night,COCO,TN,2710.0,1790.0,128.04,4350.0,0,7,41.14942528735632,387.14285714285717,300-400,40%-50%
Frozen Bottle,2026-10-02,WK 40,Nanganallur CK,Swiggy,Lunch,COCO,TN,2250.01,1455.99,106.52,3586.0,0,9,40.602063580591185,250.00111111111113,200-300,40%-50%
Frozen Bottle,2026-10-02,WK 40,Nanganallur CK,Swiggy,Snacks,COCO,TN,5837.01,2216.99,277.44,7764.0,0,12,28.55473982483256,486.4175,400-500,20%-30%
Frozen Bottle,2026-10-02,WK 40,Nanganallur CK,Zomato,Dinner,COCO,TN,2277.5,1075.5,113.88,3253.0,0,6,33.061789117737476,379.5833333333333,300-400,30%-40%
Frozen Bottle,2026-10-02,WK 40,Nanganallur CK,Zomato,Late Night,COCO,TN,1063.5,554.5,53.18,1568.0,0,4,35.36352040816326,265.875,200-300,30%-40%
Frozen Bottle,2026-10-02,WK 40,Nanganallur CK,Zomato,Lunch,COCO,TN,1377.5,555.5,68.9,1863.0,0,4,29.817498658078367,344.375,300-400,20%-30%
Frozen Bottle,2026-10-02,WK 40,Nanganallur CK,Zomato,Snacks,COCO,TN,350.0,50.0,17.5,390.0,0,1,12.82051282051282,350.0,300-400,10%-20%
Madno,2026-10-02,WK 40,Nanganallur CK,Swiggy,Dinner,COCO,TN,2054.55,1121.45,95.24000000000001,3026.0,0,7,37.060475875743556,293.50714285714287,200-300,30%-40%
Madno,2026-10-02,WK 40,Nanganallur CK,Swiggy,Late Night,COCO,TN,866.0,705.0,39.82,1501.0,0,4,46.96868754163891,216.5,200-300,40%-50%
Madno,2026-10-02,WK 40,Nanganallur CK,Swiggy,Lunch,COCO,TN,515.0,295.0,25.26,800.0,0,3,36.875,171.66666666666666,100-200,30%-40%
Madno,2026-10-02,WK 40,Nanganallur CK,Zomato,Lunch,COCO,TN,376.4,39.6,18.82,396.0,0,1,10.0,376.4,300-400,1%-10%
Madno,2026-10-02,WK 40,Nanganallur CK,Zomato,Snacks,COCO,TN,441.0,50.0,22.060000000000002,471.0,0,2,10.615711252653929,220.5,200-300,10%-20%
Boba Bar,2026-10-02,WK 40,Nungambakkam - CK,Swiggy,Dinner,COCO,TN,388.0,150.0,17.9,508.0,0,2,29.527559055118108,194.0,100-200,20%-30%
Frozen Bottle,2026-10-02,WK 40,Nungambakkam - CK,Swiggy,Breakfast,COCO,TN,190.0,0.0,9.0,180.0,0,1,0.0,190.0,100-200,0%
Frozen Bottle,2026-10-02,WK 40,Nungambakkam - CK,Swiggy,Dinner,COCO,TN,5668.89,2901.44,266.0,8220.33,0,24,35.29590661202166,236.20375,200-300,30%-40%
Frozen Bottle,2026-10-02,WK 40,Nungambakkam - CK,Swiggy,Late Night,COCO,TN,2674.63,1433.37,126.26,3958.0,0,8,36.214502273875695,334.32875,300-400,30%-40%
Frozen Bottle,2026-10-02,WK 40,Nungambakkam - CK,Swiggy,Lunch,COCO,TN,1982.8600000000001,957.99,94.17999999999999,2840.85,0,7,33.721949416547865,283.2657142857143,200-300,30%-40%
Frozen Bottle,2026-10-02,WK 40,Nungambakkam - CK,Swiggy,Snacks,COCO,TN,1452.01,1165.99,67.64,2518.0,0,7,46.30619539316918,207.43,200-300,40%-50%
Frozen Bottle,2026-10-02,WK 40,Nungambakkam - CK,Zomato,Dinner,COCO,TN,1694.02,1231.31,84.72,2815.33,0,6,43.73590307352957,282.33666666666664,200-300,40%-50%
Frozen Bottle,2026-10-02,WK 40,Nungambakkam - CK,Zomato,Late Night,COCO,TN,1678.0,1347.0,83.94,2905.0,0,5,46.36833046471601,335.6,300-400,40%-50%
Frozen Bottle,2026-10-02,WK 40,Nungambakkam - CK,Zomato,Lunch,COCO,TN,1362.0,1240.0,68.12,2532.0,0,4,48.973143759873615,340.5,300-400,40%-50%
Frozen Bottle,2026-10-02,WK 40,Nungambakkam - CK,Zomato,Snacks,COCO,TN,122.5,137.5,6.12,250.0,0,1,55.00000000000001,122.5,100-200,50%-60%
Madno,2026-10-02,WK 40,Nungambakkam - CK,Swiggy,Breakfast,COCO,TN,460.01,139.99,22.0,580.0,0,1,24.136206896551727,460.01,400-500,20%-30%
Madno,2026-10-02,WK 40,Nungambakkam - CK,Swiggy,Dinner,COCO,TN,957.01,678.99,44.86,1576.0,0,5,43.08312182741117,191.402,100-200,40%-50%
Madno,2026-10-02,WK 40,Nungambakkam - CK,Swiggy,Late Night,COCO,TN,387.0,290.0,17.86,647.0,0,2,44.822256568778975,193.5,100-200,40%-50%
Madno,2026-10-02,WK 40,Nungambakkam - CK,Swiggy,Lunch,COCO,TN,470.01,139.99,22.0,580.0,0,1,24.136206896551727,470.01,400-500,20%-30%
Madno,2026-10-02,WK 40,Nungambakkam - CK,Swiggy,Snacks,COCO,TN,944.0,466.0,44.199999999999996,1350.0,0,3,34.51851851851852,314.6666666666667,300-400,30%-40%
Madno,2026-10-02,WK 40,Nungambakkam - CK,Zomato,Dinner,COCO,TN,580.05,551.95,29.0,1082.0,0,3,51.012014787430694,193.35,100-200,50%-60%
Madno,2026-10-02,WK 40,Nungambakkam - CK,Zomato,Late Night,COCO,TN,390.0,140.0,19.5,510.0,0,1,27.450980392156865,390.0,300-400,20%-30%
Madno,2026-10-02,WK 40,Nungambakkam - CK,Zomato,Lunch,COCO,TN,160.5,150.5,8.02,301.0,0,1,50.0,160.5,100-200,40%-50%
Madno,2026-10-02,WK 40,Nungambakkam - CK,Zomato,Snacks,COCO,TN,235.0,25.0,11.76,250.0,0,1,10.0,235.0,200-300,1%-10%
Boba Bar,2026-10-02,WK 40,OMR,Swiggy,Lunch,COCO,TN,327.0,273.0,14.86,570.0,0,1,47.89473684210526,327.0,300-400,40%-50%
Frozen Bottle,2026-10-02,WK 40,OMR,In Store,Dinner,COCO,TN,1658.92,138.08,82.98,1797.0,0,8,7.683917640511965,207.365,200-300,1%-10%
Frozen Bottle,2026-10-02,WK 40,OMR,In Store,Late Night,COCO,TN,99.0,0.0,4.96,99.0,0,1,0.0,99.0,0-100,0%
Frozen Bottle,2026-10-02,WK 40,OMR,In Store,Lunch,COCO,TN,319.0,0.0,15.96,319.0,0,1,0.0,319.0,300-400,0%
Frozen Bottle,2026-10-02,WK 40,OMR,In Store,Snacks,COCO,TN,1068.33,0.0,53.42,1068.33,0,3,0.0,356.10999999999996,300-400,0%
Frozen Bottle,2026-10-02,WK 40,OMR,Swiggy,Dinner,COCO,TN,9850.57,4669.43,467.64,14020.0,0,27,33.305492154065625,364.8359259259259,300-400,30%-40%
Frozen Bottle,2026-10-02,WK 40,OMR,Swiggy,Late Night,COCO,TN,1387.6399999999999,834.36,64.9,2132.0,0,4,39.13508442776735,346.90999999999997,300-400,30%-40%
Frozen Bottle,2026-10-02,WK 40,OMR,Swiggy,Lunch,COCO,TN,5123.03,2353.9700000000003,244.2,7237.0,0,12,32.52687577725577,426.9191666666666,400-500,30%-40%
Frozen Bottle,2026-10-02,WK 40,OMR,Swiggy,Snacks,COCO,TN,4125.63,2508.37,193.82,6384.0,0,10,39.29151002506266,412.563,400-500,30%-40%
Frozen Bottle,2026-10-02,WK 40,OMR,Zomato,Dinner,COCO,TN,3316.2,1398.8,165.86,4545.0,0,9,30.776677667766776,368.46666666666664,300-400,30%-40%
Frozen Bottle,2026-10-02,WK 40,OMR,Zomato,Late Night,COCO,TN,109.0,100.0,5.46,199.0,0,1,50.25125628140703,109.0,100-200,50%-60%
Frozen Bottle,2026-10-02,WK 40,OMR,Zomato,Lunch,COCO,TN,431.0,329.0,21.560000000000002,730.0,0,3,45.06849315068493,143.66666666666666,100-200,40%-50%
Frozen Bottle,2026-10-02,WK 40,OMR,Zomato,Snacks,COCO,TN,1029.0,730.0,51.46,1699.0,0,4,42.9664508534432,257.25,200-300,40%-50%
Madno,2026-10-02,WK 40,OMR,Swiggy,Dinner,COCO,TN,1493.01,736.99,69.16,2120.0,0,7,34.76367924528302,213.28714285714287,200-300,30%-40%
Madno,2026-10-02,WK 40,OMR,Swiggy,Late Night,COCO,TN,218.0,198.0,9.9,396.0,0,1,50.0,218.0,200-300,40%-50%
Madno,2026-10-02,WK 40,OMR,Swiggy,Lunch,COCO,TN,1176.0,583.0,55.8,1699.0,0,7,34.314302530900534,168.0,100-200,30%-40%
Madno,2026-10-02,WK 40,OMR,Swiggy,Snacks,COCO,TN,540.01,371.99,25.02,872.0,0,3,42.659403669724774,180.00333333333333,100-200,40%-50%
Madno,2026-10-02,WK 40,OMR,Zomato,Dinner,COCO,TN,351.0,50.0,17.56,381.0,0,1,13.123359580052494,351.0,300-400,10%-20%
Madno,2026-10-02,WK 40,OMR,Zomato,Lunch,COCO,TN,240.0,50.0,12.0,280.0,0,1,17.857142857142858,240.0,200-300,10%-20%
Frozen Bottle,2026-10-02,WK 40,Pallikaranai,In Store,Dinner,COCO,TN,4570.02,0.0,228.54,4570.02,0,15,0.0,304.668,300-400,0%
Frozen Bottle,2026-10-02,WK 40,Pallikaranai,In Store,Lunch,COCO,TN,1307.23,0.0,65.38,1307.23,0,5,0.0,261.446,200-300,0%
Frozen Bottle,2026-10-02,WK 40,Pallikaranai,In Store,Snacks,COCO,TN,1931.92,138.08,96.62,2070.0,0,6,6.670531400966184,321.9866666666667,300-400,1%-10%
Frozen Bottle,2026-10-02,WK 40,Pallikaranai,Swiggy,Dinner,COCO,TN,5222.9,3040.1,245.68,7953.0,0,20,38.2258267320508,261.145,200-300,30%-40%
Frozen Bottle,2026-10-02,WK 40,Pallikaranai,Swiggy,Late Night,COCO,TN,1542.0,1114.33,72.64,2566.33,0,7,43.42115004695421,220.28571428571428,200-300,40%-50%
Frozen Bottle,2026-10-02,WK 40,Pallikaranai,Swiggy,Lunch,COCO,TN,936.63,739.37,43.38,1606.0,0,5,46.03798256537983,187.326,100-200,40%-50%
Frozen Bottle,2026-10-02,WK 40,Pallikaranai,Swiggy,Snacks,COCO,TN,2125.27,1250.73,99.78,3246.0,0,7,38.53142329020333,303.61,300-400,30%-40%
Frozen Bottle,2026-10-02,WK 40,Pallikaranai,Zomato,Dinner,COCO,TN,3530.33,1330.01,176.56,4690.34,0,8,28.35636648942294,441.29125,400-500,20%-30%
Frozen Bottle,2026-10-02,WK 40,Pallikaranai,Zomato,Late Night,COCO,TN,3308.0,2029.0,165.44,5187.0,0,8,39.117023327549646,413.5,400-500,30%-40%
Frozen Bottle,2026-10-02,WK 40,Pallikaranai,Zomato,Lunch,COCO,TN,360.5,259.5,18.04,600.0,0,2,43.25,180.25,100-200,40%-50%
Frozen Bottle,2026-10-02,WK 40,Pallikaranai,Zomato,Snacks,COCO,TN,410.0,121.0,20.5,511.0,0,2,23.679060665362034,205.0,200-300,20%-30%
Madno,2026-10-02,WK 40,Pallikaranai,Swiggy,Dinner,COCO,TN,1901.0,1439.85,88.08,3200.85,0,5,44.98336379399222,380.2,300-400,40%-50%
Madno,2026-10-02,WK 40,Pallikaranai,Swiggy,Late Night,COCO,TN,129.0,100.0,5.96,219.0,0,1,45.662100456621005,129.0,100-200,40%-50%
Madno,2026-10-02,WK 40,Pallikaranai,Swiggy,Snacks,COCO,TN,677.0,55.0,33.36,722.0,0,2,7.617728531855955,338.5,300-400,1%-10%
Madno,2026-10-02,WK 40,Pallikaranai,Zomato,Dinner,COCO,TN,683.0,200.0,34.16,843.0,0,1,23.72479240806643,683.0,600-900,20%-30%
Madno,2026-10-02,WK 40,Pallikaranai,Zomato,Snacks,COCO,TN,1914.75,1313.24,95.76,3107.99,0,3,42.25367520487518,638.25,600-900,40%-50%
Frozen Bottle,2026-10-02,WK 40,Parbhani,In Store,Dinner,FOFO,MH,3342.0,0.0,167.18,3342.0,0,11,0.0,303.8181818181818,300-400,0%
Frozen Bottle,2026-10-02,WK 40,Parbhani,In Store,Snacks,FOFO,MH,1004.96,0.0,50.260000000000005,1004.96,0,3,0.0,334.9866666666667,300-400,0%
Frozen Bottle,2026-10-02,WK 40,Parbhani,Swiggy,Dinner,FOFO,MH,2293.01,89.99000000000001,110.18,2293.0,0,5,3.924552987352813,458.60200000000003,400-500,1%-10%
Frozen Bottle,2026-10-02,WK 40,Parbhani,Swiggy,Late Night,FOFO,MH,635.85,75.15,30.299999999999997,681.0,0,3,11.035242290748899,211.95000000000002,200-300,10%-20%
Frozen Bottle,2026-10-02,WK 40,Parbhani,Swiggy,Lunch,FOFO,MH,880.01,48.99,43.0,909.0,0,2,5.3894389438943895,440.005,400-500,1%-10%
Frozen Bottle,2026-10-02,WK 40,Parbhani,Swiggy,Snacks,FOFO,MH,1138.5,172.5,54.940000000000005,1271.0,0,4,13.571990558615262,284.625,200-300,10%-20%
Frozen Bottle,2026-10-02,WK 40,Parbhani,Zomato,Dinner,FOFO,MH,1954.0,46.0,97.74000000000001,1920.0,0,5,2.3958333333333335,390.8,300-400,1%-10%
Frozen Bottle,2026-10-02,WK 40,Parbhani,Zomato,Late Night,FOFO,MH,1569.0,180.0,78.44,1679.0,0,5,10.72066706372841,313.8,300-400,10%-20%
Frozen Bottle,2026-10-02,WK 40,Parbhani,Zomato,Lunch,FOFO,MH,2200.0,221.0,110.04,2331.0,0,6,9.480909480909482,366.6666666666667,300-400,1%-10%
Frozen Bottle,2026-10-02,WK 40,Parbhani,Zomato,Snacks,FOFO,MH,471.0,171.0,23.560000000000002,612.0,0,2,27.941176470588236,235.5,200-300,20%-30%
Boba Bar,2026-10-02,WK 40,Perambur - CK,Swiggy,Dinner,COCO,TN,604.0,465.0,27.700000000000003,1019.0,0,3,45.63297350343474,201.33333333333334,200-300,40%-50%
Boba Bar,2026-10-02,WK 40,Perambur - CK,Swiggy,Late Night,COCO,TN,138.0,133.0,6.4,261.0,0,1,50.95785440613027,138.0,100-200,50%-60%
Boba Bar,2026-10-02,WK 40,Perambur - CK,Zomato,Lunch,COCO,TN,250.0,80.0,12.5,320.0,0,1,25.0,250.0,200-300,20%-30%
Frozen Bottle,2026-10-02,WK 40,Perambur - CK,Swiggy,Dinner,COCO,TN,3535.65,1571.01,166.86,4906.66,0,10,32.01791035042167,353.565,300-400,30%-40%
Frozen Bottle,2026-10-02,WK 40,Perambur - CK,Swiggy,Late Night,COCO,TN,2174.02,1113.83,102.22,3157.85,0,7,35.27178301692607,310.57428571428574,300-400,30%-40%
Frozen Bottle,2026-10-02,WK 40,Perambur - CK,Swiggy,Lunch,COCO,TN,987.0,487.0,46.36,1414.0,0,3,34.44130127298444,329.0,300-400,30%-40%
Frozen Bottle,2026-10-02,WK 40,Perambur - CK,Swiggy,Snacks,COCO,TN,2143.63,983.37,101.72,3017.0,0,6,32.59429897248923,357.2716666666667,300-400,30%-40%
Frozen Bottle,2026-10-02,WK 40,Perambur - CK,Zomato,Dinner,COCO,TN,2887.0,1500.0,144.4,4277.0,0,6,35.07131166705635,481.1666666666667,400-500,30%-40%
Frozen Bottle,2026-10-02,WK 40,Perambur - CK,Zomato,Late Night,COCO,TN,354.0,287.0,17.72,621.0,0,2,46.2157809983897,177.0,100-200,40%-50%
Frozen Bottle,2026-10-02,WK 40,Perambur - CK,Zomato,Snacks,COCO,TN,1717.92,1180.93,85.92,2798.85,0,6,42.19340086106794,286.32,200-300,40%-50%
Madno,2026-10-02,WK 40,Perambur - CK,Swiggy,Dinner,COCO,TN,208.0,0.0,9.9,198.0,0,1,0.0,208.0,200-300,0%
Madno,2026-10-02,WK 40,Perambur - CK,Swiggy,Late Night,COCO,TN,487.0,338.0,22.86,795.0,0,2,42.515723270440255,243.5,200-300,40%-50%
Madno,2026-10-02,WK 40,Perambur - CK,Swiggy,Lunch,COCO,TN,1094.0,459.0,51.22,1483.0,0,4,30.950775455158464,273.5,200-300,30%-40%
Madno,2026-10-02,WK 40,Perambur - CK,Swiggy,Snacks,COCO,TN,1351.54,517.46,63.58,1789.0,0,3,28.924538848518726,450.5133333333333,400-500,20%-30%
Madno,2026-10-02,WK 40,Perambur - CK,Zomato,Snacks,COCO,TN,108.55,120.45,5.42,219.0,0,1,55.00000000000001,108.55,100-200,50%-60%
Frozen Bottle,2026-10-02,WK 40,Pimple Saudagar,Swiggy,Dinner,FOFO,MH,1262.5,298.5,61.14,1521.0,0,4,19.62524654832347,315.625,300-400,10%-20%
Frozen Bottle,2026-10-02,WK 40,Pimple Saudagar,Swiggy,Lunch,FOFO,MH,1300.0,90.0,62.519999999999996,1340.0,0,3,6.7164179104477615,433.3333333333333,400-500,1%-10%
Frozen Bottle,2026-10-02,WK 40,Pimple Saudagar,Zomato,Dinner,FOFO,MH,981.0,200.0,49.06,1141.0,0,3,17.5284837861525,327.0,300-400,10%-20%
Frozen Bottle,2026-10-02,WK 40,Pimple Saudagar,Zomato,Lunch,FOFO,MH,140.0,100.0,7.0,230.0,0,1,43.47826086956522,140.0,100-200,40%-50%
Frozen Bottle,2026-10-02,WK 40,Pimple Saudagar,Zomato,Snacks,FOFO,MH,1528.0,375.0,76.4,1843.0,0,3,20.347259902333153,509.3333333333333,500-600,20%-30%
Frozen Bottle,2026-10-02,WK 40,Pimpri Chinchwad,In Store,Dinner,FOFO,MH,666.0,0.0,33.3,666.0,0,2,0.0,333.0,300-400,0%
Frozen Bottle,2026-10-02,WK 40,Pimpri Chinchwad,Swiggy,Dinner,FOFO,MH,340.0,0.0,16.5,330.0,0,1,0.0,340.0,300-400,0%
Frozen Bottle,2026-10-02,WK 40,Pimpri Chinchwad,Swiggy,Snacks,FOFO,MH,561.0,0.0,27.060000000000002,541.0,0,2,0.0,280.5,200-300,0%
Frozen Bottle,2026-10-02,WK 40,Pimpri Chinchwad,Zomato,Dinner,FOFO,MH,2035.6,843.39,101.8,2788.99,0,4,30.23997934736231,508.9,500-600,30%-40%
Frozen Bottle,2026-10-02,WK 40,Pimpri Chinchwad,Zomato,Snacks,FOFO,MH,1284.9,456.1,64.28,1681.0,0,2,27.132659131469367,642.45,600-900,20%-30%
Madno,2026-10-02,WK 40,Pimpri Chinchwad,Zomato,Snacks,FOFO,MH,158.0,80.0,7.9,228.0,0,1,35.08771929824561,158.0,100-200,30%-40%
Frozen Bottle,2026-10-02,WK 40,Poonamalle,In Store,Dinner,FOFO,TN,1946.56,0.0,97.36,1946.56,0,7,0.0,278.08,200-300,0%
Frozen Bottle,2026-10-02,WK 40,Poonamalle,In Store,Lunch,FOFO,TN,1280.46,0.0,64.04,1280.46,0,6,0.0,213.41,200-300,0%
Frozen Bottle,2026-10-02,WK 40,Poonamalle,In Store,Snacks,FOFO,TN,4361.45,0.0,218.12,4361.45,0,10,0.0,436.145,400-500,0%
Frozen Bottle,2026-10-02,WK 40,Poonamalle,Swiggy,Lunch,FOFO,TN,334.0,45.0,15.7,359.0,0,1,12.534818941504177,334.0,300-400,10%-20%
Frozen Bottle,2026-10-02,WK 40,Poonamalle,Swiggy,Snacks,FOFO,TN,581.0,0.0,27.56,551.0,0,1,0.0,581.0,500-600,0%
Frozen Bottle,2026-10-02,WK 40,Poonamalle,Zomato,Dinner,FOFO,TN,1975.7,815.3,98.8,2711.0,0,5,30.073773515308005,395.14,300-400,30%-40%
Frozen Bottle,2026-10-02,WK 40,Poonamalle,Zomato,Snacks,FOFO,TN,616.7,224.3,30.84,811.0,0,2,27.657213316892726,308.35,300-400,20%-30%
Boba Bar,2026-10-02,WK 40,Powai- CF - CK,Swiggy,Late Night,COCO,MH,69.0,61.0,3.46,130.0,0,1,46.92307692307692,69.0,0-100,40%-50%
Frozen Bottle,2026-10-02,WK 40,Powai- CF - CK,Swiggy,Closing,COCO,MH,164.0,126.0,7.7,280.0,0,1,45.0,164.0,100-200,40%-50%
Frozen Bottle,2026-10-02,WK 40,Powai- CF - CK,Swiggy,Dinner,COCO,MH,4847.01,3449.31,225.4,7956.32,0,20,43.353082832264164,242.3505,200-300,40%-50%
Frozen Bottle,2026-10-02,WK 40,Powai- CF - CK,Swiggy,Late Night,COCO,MH,567.0,364.0,26.86,901.0,0,2,40.399556048834626,283.5,200-300,40%-50%
Frozen Bottle,2026-10-02,WK 40,Powai- CF - CK,Swiggy,Lunch,COCO,MH,215.0,126.0,10.26,331.0,0,1,38.066465256797585,215.0,200-300,30%-40%
Frozen Bottle,2026-10-02,WK 40,Powai- CF - CK,Swiggy,Snacks,COCO,MH,632.0,539.0,29.62,1131.0,0,3,47.65694076038904,210.66666666666666,200-300,40%-50%
Frozen Bottle,2026-10-02,WK 40,Powai- CF - CK,Zomato,Closing,COCO,MH,462.9,248.1,23.14,681.0,0,1,36.431718061674005,462.9,400-500,30%-40%
Frozen Bottle,2026-10-02,WK 40,Powai- CF - CK,Zomato,Dinner,COCO,MH,1823.96,966.3699999999999,91.24,2690.33,0,6,35.920128757438675,303.99333333333334,300-400,30%-40%
Frozen Bottle,2026-10-02,WK 40,Powai- CF - CK,Zomato,Late Night,COCO,MH,1937.16,1794.17,96.88,3611.33,0,5,49.681696217183145,387.432,300-400,40%-50%
Frozen Bottle,2026-10-02,WK 40,Powai- CF - CK,Zomato,Lunch,COCO,MH,1086.3,406.7,54.34,1443.0,0,2,28.18433818433818,543.15,500-600,20%-30%
Frozen Bottle,2026-10-02,WK 40,Powai- CF - CK,Zomato,Snacks,COCO,MH,1565.6599999999999,588.6700000000001,78.3,2084.33,0,6,28.242648716853864,260.9433333333333,200-300,20%-30%
Madno,2026-10-02,WK 40,Powai- CF - CK,Swiggy,Dinner,COCO,MH,500.0,478.0,23.02,938.0,0,3,50.95948827292111,166.66666666666666,100-200,50%-60%
Madno,2026-10-02,WK 40,Powai- CF - CK,Swiggy,Lunch,COCO,MH,281.01,203.32,13.06,464.33,0,2,43.78782331531454,140.505,100-200,40%-50%
Madno,2026-10-02,WK 40,Powai- CF - CK,Swiggy,Snacks,COCO,MH,985.51,713.3399999999999,46.78,1648.85,0,4,43.26288018922279,246.3775,200-300,40%-50%
Madno,2026-10-02,WK 40,Powai- CF - CK,Zomato,Dinner,COCO,MH,881.0,381.0,44.06,1222.0,0,2,31.178396072013093,440.5,400-500,30%-40%
Madno,2026-10-02,WK 40,Powai- CF - CK,Zomato,Lunch,COCO,MH,166.0,146.0,8.3,292.0,0,1,50.0,166.0,100-200,40%-50%
Frozen Bottle,2026-10-02,WK 40,Prabhadevi,Swiggy,Closing,COCO,MH,396.0,324.0,18.3,690.0,0,1,46.95652173913044,396.0,300-400,40%-50%
Frozen Bottle,2026-10-02,WK 40,Prabhadevi,Swiggy,Dinner,COCO,MH,2788.0,1454.0,132.92000000000002,4112.0,0,9,35.35992217898833,309.77777777777777,300-400,30%-40%
Frozen Bottle,2026-10-02,WK 40,Prabhadevi,Swiggy,Lunch,COCO,MH,2883.04,1381.96,136.68,4115.0,0,7,33.58347509113001,411.86285714285714,400-500,30%-40%
Frozen Bottle,2026-10-02,WK 40,Prabhadevi,Swiggy,Snacks,COCO,MH,2965.01,1303.99,143.28,4169.0,0,9,31.278244183257375,329.4455555555556,300-400,30%-40%
Frozen Bottle,2026-10-02,WK 40,Prabhadevi,Zomato,Dinner,COCO,MH,2398.2,1013.8,119.96000000000001,3292.0,0,9,30.7958687727825,266.46666666666664,200-300,30%-40%
Frozen Bottle,2026-10-02,WK 40,Prabhadevi,Zomato,Lunch,COCO,MH,241.0,50.0,12.06,281.0,0,1,17.793594306049823,241.0,200-300,10%-20%
Frozen Bottle,2026-10-02,WK 40,Prabhadevi,Zomato,Snacks,COCO,MH,316.0,215.0,15.82,511.0,0,1,42.07436399217221,316.0,300-400,40%-50%
Madno,2026-10-02,WK 40,Prabhadevi,Swiggy,Dinner,COCO,MH,793.0,498.0,37.660000000000004,1251.0,0,4,39.80815347721823,198.25,100-200,30%-40%
Madno,2026-10-02,WK 40,Prabhadevi,Swiggy,Snacks,COCO,MH,180.0,140.0,8.5,310.0,0,1,45.16129032258064,180.0,100-200,40%-50%
Madno,2026-10-02,WK 40,Prabhadevi,Zomato,Dinner,COCO,MH,341.0,321.0,17.06,642.0,0,1,50.0,341.0,300-400,40%-50%
Madno,2026-10-02,WK 40,Prabhadevi,Zomato,Late Night,COCO,MH,217.1,240.9,10.86,438.0,0,1,55.00000000000001,217.1,200-300,50%-60%
Madno,2026-10-02,WK 40,Prabhadevi,Zomato,Snacks,COCO,MH,289.55,200.45,14.48,470.0,0,1,42.648936170212764,289.55,200-300,40%-50%
Frozen Bottle,2026-10-02,WK 40,Puducherry,In Store,Dinner,FOFO,TN,1522.0,0.0,76.12,1522.0,0,5,0.0,304.4,300-400,0%
Frozen Bottle,2026-10-02,WK 40,Puducherry,In Store,Lunch,FOFO,TN,944.0,0.0,47.199999999999996,944.0,0,2,0.0,472.0,400-500,0%
Frozen Bottle,2026-10-02,WK 40,Puducherry,In Store,Snacks,FOFO,TN,209.0,0.0,10.46,209.0,0,1,0.0,209.0,200-300,0%
Frozen Bottle,2026-10-02,WK 40,Puducherry,Swiggy,Dinner,FOFO,TN,1260.0,0.0,61.0,1220.0,0,2,0.0,630.0,600-900,0%
Frozen Bottle,2026-10-02,WK 40,Puducherry,Swiggy,Lunch,FOFO,TN,2060.0,0.0,100.0,2000.0,0,2,0.0,1030.0,>900,0%
Frozen Bottle,2026-10-02,WK 40,Puducherry,Swiggy,Snacks,FOFO,TN,582.0,0.0,28.1,562.0,0,1,0.0,582.0,500-600,0%
Frozen Bottle,2026-10-02,WK 40,Puducherry,Zomato,Lunch,FOFO,TN,440.0,0.0,22.0,430.0,0,1,0.0,440.0,400-500,0%
Frozen Bottle,2026-10-02,WK 40,RT Nagar,In Store,Dinner,FOFO,KA,1661.0,0.0,83.08,1661.0,0,6,0.0,276.8333333333333,200-300,0%
Frozen Bottle,2026-10-02,WK 40,RT Nagar,In Store,Lunch,FOFO,KA,348.0,0.0,17.42,348.0,0,2,0.0,174.0,100-200,0%
Frozen Bottle,2026-10-02,WK 40,RT Nagar,In Store,Snacks,FOFO,KA,1426.23,0.0,71.36,1426.23,0,6,0.0,237.705,200-300,0%
Frozen Bottle,2026-10-02,WK 40,RT Nagar,Swiggy,Dinner,FOFO,KA,658.0,482.33,31.9,1120.33,0,3,43.05249346174788,219.33333333333334,200-300,40%-50%
Frozen Bottle,2026-10-02,WK 40,RT Nagar,Swiggy,Lunch,FOFO,KA,594.01,134.99,28.7,709.0,0,1,19.039492242595205,594.01,500-600,10%-20%
Frozen Bottle,2026-10-02,WK 40,RT Nagar,Swiggy,Snacks,FOFO,KA,2390.01,830.99,114.04,3111.0,0,5,26.71134683381549,478.00200000000007,400-500,20%-30%
Frozen Bottle,2026-10-02,WK 40,RT Nagar,Zomato,Dinner,FOFO,KA,1378.0,0.0,68.92,1328.0,0,3,0.0,459.3333333333333,400-500,0%
Frozen Bottle,2026-10-02,WK 40,RT Nagar,Zomato,Snacks,FOFO,KA,1298.0,0.0,64.92,1238.0,0,2,0.0,649.0,600-900,0%
Boba Bar,2026-10-02,WK 40,Race Course Road,Zomato,Snacks,COCO,TN,220.0,70.0,11.0,280.0,0,1,25.0,220.0,200-300,20%-30%
Frozen Bottle,2026-10-02,WK 40,Race Course Road,In Store,Dinner,COCO,TN,4412.0,0.0,220.66,4412.0,0,11,0.0,401.09090909090907,400-500,0%
Frozen Bottle,2026-10-02,WK 40,Race Course Road,In Store,Lunch,COCO,TN,2222.6,349.86,111.16,2572.46,0,7,13.600211470732296,317.5142857142857,300-400,10%-20%
Frozen Bottle,2026-10-02,WK 40,Race Course Road,In Store,Snacks,COCO,TN,1683.0,0.0,84.18,1683.0,0,6,0.0,280.5,200-300,0%
Frozen Bottle,2026-10-02,WK 40,Race Course Road,Swiggy,Dinner,COCO,TN,11036.66,5236.52,522.4399999999999,15683.18,0,33,33.38940189425869,334.4442424242424,300-400,30%-40%
Frozen Bottle,2026-10-02,WK 40,Race Course Road,Swiggy,Late Night,COCO,TN,1911.01,918.99,90.06,2720.0,0,5,33.78639705882353,382.202,300-400,30%-40%
Frozen Bottle,2026-10-02,WK 40,Race Course Road,Swiggy,Lunch,COCO,TN,2216.63,1666.37,101.88,3703.0,0,10,45.000540102619496,221.663,200-300,40%-50%
Frozen Bottle,2026-10-02,WK 40,Race Course Road,Swiggy,Snacks,COCO,TN,3921.63,2469.37,185.66,6181.0,0,19,39.95097880601845,206.40157894736842,200-300,30%-40%
Frozen Bottle,2026-10-02,WK 40,Race Course Road,Zomato,Dinner,COCO,TN,2562.6,1517.4,128.2,3940.0,0,10,38.51269035532995,256.26,200-300,30%-40%
Frozen Bottle,2026-10-02,WK 40,Race Course Road,Zomato,Late Night,COCO,TN,1544.0,1275.0,77.22,2729.0,0,4,46.720410406742396,386.0,300-400,40%-50%
Frozen Bottle,2026-10-02,WK 40,Race Course Road,Zomato,Lunch,COCO,TN,553.5,285.5,27.700000000000003,799.0,0,4,35.732165206508135,138.375,100-200,30%-40%
Frozen Bottle,2026-10-02,WK 40,Race Course Road,Zomato,Snacks,COCO,TN,291.0,0.0,14.56,281.0,0,1,0.0,291.0,200-300,0%
Madno,2026-10-02,WK 40,Race Course Road,Swiggy,Dinner,COCO,TN,1434.0,826.0,67.22,2170.0,0,6,38.064516129032256,239.0,200-300,30%-40%
Madno,2026-10-02,WK 40,Race Course Road,Swiggy,Late Night,COCO,TN,544.0,301.0,25.200000000000003,805.0,0,2,37.391304347826086,272.0,200-300,30%-40%
Madno,2026-10-02,WK 40,Race Course Road,Swiggy,Lunch,COCO,TN,1013.0,935.85,46.66,1868.85,0,4,50.07625010032908,253.25,200-300,50%-60%
Madno,2026-10-02,WK 40,Race Course Road,Swiggy,Snacks,COCO,TN,554.0,483.0,26.200000000000003,1007.0,0,3,47.96425024826216,184.66666666666666,100-200,40%-50%
Madno,2026-10-02,WK 40,Race Course Road,Zomato,Dinner,COCO,TN,739.1,561.9,36.98,1251.0,0,3,44.91606714628297,246.36666666666667,200-300,40%-50%
Madno,2026-10-02,WK 40,Race Course Road,Zomato,Late Night,COCO,TN,244.1,273.9,12.2,498.0,0,1,54.99999999999999,244.1,200-300,50%-60%
Madno,2026-10-02,WK 40,Race Course Road,Zomato,Lunch,COCO,TN,417.1,240.9,20.86,628.0,0,2,38.359872611464965,208.55,200-300,30%-40%
Madno,2026-10-02,WK 40,Race Course Road,Zomato,Snacks,COCO,TN,791.0,342.34000000000003,39.58,1083.3400000000001,0,2,31.600420920486645,395.5,300-400,30%-40%
Frozen Bottle,2026-10-02,WK 40,Raichur,Swiggy,Dinner,FOFO,KA,2552.51,217.49,126.67999999999999,2660.0,0,4,8.176315789473684,638.1275,600-900,1%-10%
Boba Bar,2026-10-02,WK 40,Raipur-1,Zomato,Late Night,FOFO,ROI,1260.0,0.0,63.0,1220.0,0,1,0.0,1260.0,>900,0%
Boba Bar,2026-10-02,WK 40,Raipur-1,Zomato,Snacks,FOFO,ROI,265.0,45.0,13.26,300.0,0,1,15.0,265.0,200-300,10%-20%
Frozen Bottle,2026-10-02,WK 40,Raipur-1,In Store,Snacks,FOFO,ROI,477.0,0.0,23.86,477.0,0,1,0.0,477.0,400-500,0%
Frozen Bottle,2026-10-02,WK 40,Raipur-1,Swiggy,Dinner,FOFO,ROI,929.0,0.0,44.96,899.0,0,3,0.0,309.6666666666667,300-400,0%
Frozen Bottle,2026-10-02,WK 40,Raipur-1,Swiggy,Late Night,FOFO,ROI,362.0,0.0,17.1,342.0,0,1,0.0,362.0,300-400,0%
Frozen Bottle,2026-10-02,WK 40,Raipur-1,Zomato,Dinner,FOFO,ROI,719.0,80.0,35.96,769.0,0,2,10.403120936280883,359.5,300-400,10%-20%
Frozen Bottle,2026-10-02,WK 40,Raipur-1,Zomato,Late Night,FOFO,ROI,129.0,80.0,6.46,199.0,0,1,40.20100502512563,129.0,100-200,40%-50%
Frozen Bottle,2026-10-02,WK 40,Raipur-1,Zomato,Snacks,FOFO,ROI,675.0,135.0,33.760000000000005,780.0,0,2,17.307692307692307,337.5,300-400,10%-20%
Madno,2026-10-02,WK 40,Raipur-1,Zomato,Lunch,FOFO,ROI,171.5,28.5,8.58,190.0,0,1,15.0,171.5,100-200,10%-20%
Boba Bar,2026-10-02,WK 40,Raipur-2,Swiggy,Snacks,FOFO,ROI,478.01,189.99,22.4,638.0,0,1,29.778996865203762,478.01,400-500,20%-30%
Frozen Bottle,2026-10-02,WK 40,Raipur-2,In Store,Dinner,FOFO,ROI,933.0,0.0,46.66,933.0,0,3,0.0,311.0,300-400,0%
Frozen Bottle,2026-10-02,WK 40,Raipur-2,Swiggy,Dinner,FOFO,ROI,169.0,0.0,7.96,159.0,0,1,0.0,169.0,100-200,0%
Frozen Bottle,2026-10-02,WK 40,Raipur-2,Swiggy,Lunch,FOFO,ROI,157.7,63.3,7.38,211.0,0,1,30.0,157.7,100-200,20%-30%
Frozen Bottle,2026-10-02,WK 40,Raipur-2,Swiggy,Snacks,FOFO,ROI,414.3,134.7,19.72,529.0,0,2,25.46313799621928,207.15,200-300,20%-30%
Frozen Bottle,2026-10-02,WK 40,Raipur-2,Zomato,Dinner,FOFO,ROI,2539.1,328.9,126.97999999999999,2818.0,0,2,11.67139815471966,1269.55,>900,10%-20%
Frozen Bottle,2026-10-02,WK 40,Raipur-2,Zomato,Lunch,FOFO,ROI,550.0,50.0,27.5,580.0,0,2,8.620689655172415,275.0,200-300,1%-10%
Frozen Bottle,2026-10-02,WK 40,Raipur-2,Zomato,Snacks,FOFO,ROI,363.33,0.0,18.16,343.33,0,2,0.0,181.665,100-200,0%
Madno,2026-10-02,WK 40,Raipur-2,Swiggy,Dinner,FOFO,ROI,259.0,0.0,12.46,249.0,0,1,0.0,259.0,200-300,0%
Frozen Bottle,2026-10-02,WK 40,Ramanathapuram,In Store,Dinner,FOFO,TN,2363.0,0.0,118.18,2363.0,0,6,0.0,393.8333333333333,300-400,0%
Frozen Bottle,2026-10-02,WK 40,Ramanathapuram,In Store,Lunch,FOFO,TN,2298.0,0.0,114.94,2298.0,0,5,0.0,459.6,400-500,0%
Frozen Bottle,2026-10-02,WK 40,Ramanathapuram,In Store,Snacks,FOFO,TN,3310.0,0.0,165.51999999999998,3310.0,0,7,0.0,472.85714285714283,400-500,0%
Frozen Bottle,2026-10-02,WK 40,Ramanathapuram,Swiggy,Dinner,FOFO,TN,1070.0,0.0,52.0,1040.0,0,2,0.0,535.0,500-600,0%
Frozen Bottle,2026-10-02,WK 40,Ramanathapuram,Swiggy,Lunch,FOFO,TN,888.66,0.0,42.44,848.66,0,2,0.0,444.33,400-500,0%
Frozen Bottle,2026-10-02,WK 40,Ramanathapuram,Swiggy,Snacks,FOFO,TN,1137.0,0.0,54.34,1087.0,0,1,0.0,1137.0,>900,0%
Frozen Bottle,2026-10-02,WK 40,Ramanathapuram,Zomato,Breakfast,FOFO,TN,478.0,0.0,23.9,458.0,0,1,0.0,478.0,400-500,0%
Frozen Bottle,2026-10-02,WK 40,Ramanathapuram,Zomato,Dinner,FOFO,TN,563.3,134.7,28.16,668.0,0,2,20.16467065868263,281.65,200-300,20%-30%
Frozen Bottle,2026-10-02,WK 40,Ramanathapuram,Zomato,Lunch,FOFO,TN,2046.0,571.02,102.32,2517.02,0,5,22.686351320211994,409.2,400-500,20%-30%
Frozen Bottle,2026-10-02,WK 40,Ramanathapuram,Zomato,Snacks,FOFO,TN,1813.0,500.0,90.68,2233.0,0,4,22.39140170174653,453.25,400-500,20%-30%
Frozen Bottle,2026-10-02,WK 40,Ranchi,In Store,Dinner,FOFO,ROI,3302.0,0.0,165.14,3302.0,0,13,0.0,254.0,200-300,0%
Frozen Bottle,2026-10-02,WK 40,Ranchi,In Store,Lunch,FOFO,ROI,268.0,0.0,13.420000000000002,268.0,0,2,0.0,134.0,100-200,0%
Frozen Bottle,2026-10-02,WK 40,Ranchi,In Store,Snacks,FOFO,ROI,891.0,0.0,44.6,891.0,0,5,0.0,178.2,100-200,0%
Frozen Bottle,2026-10-02,WK 40,Ranchi,Swiggy,Snacks,FOFO,ROI,225.0,45.0,10.76,260.0,0,1,17.307692307692307,225.0,200-300,10%-20%
Frozen Bottle,2026-10-02,WK 40,Ranchi,Zomato,Lunch,FOFO,ROI,551.0,150.0,27.56,671.0,0,1,22.35469448584203,551.0,500-600,20%-30%
Frozen Bottle,2026-10-02,WK 40,Ranchi,Zomato,Snacks,FOFO,ROI,711.0,269.0,35.56,940.0,0,2,28.617021276595743,355.5,300-400,20%-30%
Madno,2026-10-02,WK 40,Ranchi,Swiggy,Snacks,FOFO,ROI,294.0,76.0,14.2,360.0,0,1,21.11111111111111,294.0,200-300,20%-30%
Boba Bar,2026-10-02,WK 40,Ravipuram,Swiggy,Dinner,COCO,Kerela,217.0,212.0,10.36,419.0,0,2,50.59665871121718,108.5,100-200,50%-60%
Boba Bar,2026-10-02,WK 40,Ravipuram,Zomato,Late Night,COCO,Kerela,321.0,0.0,16.06,311.0,0,1,0.0,321.0,300-400,0%
Boba Bar,2026-10-02,WK 40,Ravipuram,Zomato,Lunch,COCO,Kerela,250.0,80.0,12.5,320.0,0,1,25.0,250.0,200-300,20%-30%
Frozen Bottle,2026-10-02,WK 40,Ravipuram,In Store,Dinner,COCO,Kerela,1874.87,143.13,93.78,2018.0,0,5,7.092666005946481,374.974,300-400,1%-10%
Frozen Bottle,2026-10-02,WK 40,Ravipuram,In Store,Lunch,COCO,Kerela,824.0,0.0,41.22,824.0,0,3,0.0,274.6666666666667,200-300,0%
Frozen Bottle,2026-10-02,WK 40,Ravipuram,In Store,Snacks,COCO,Kerela,2069.0,0.0,103.48,2069.0,0,6,0.0,344.8333333333333,300-400,0%
Frozen Bottle,2026-10-02,WK 40,Ravipuram,Swiggy,Closing,COCO,Kerela,217.0,133.0,9.86,330.0,0,1,40.303030303030305,217.0,200-300,40%-50%
Frozen Bottle,2026-10-02,WK 40,Ravipuram,Swiggy,Dinner,COCO,Kerela,6148.01,2424.32,290.48,8232.33,0,22,29.448770882605537,279.455,200-300,20%-30%
Frozen Bottle,2026-10-02,WK 40,Ravipuram,Swiggy,Late Night,COCO,Kerela,1251.0,858.0,58.08,2019.0,0,6,42.4962852897474,208.5,200-300,40%-50%
Frozen Bottle,2026-10-02,WK 40,Ravipuram,Swiggy,Lunch,COCO,Kerela,4507.01,2511.99,212.94,6769.0,0,13,37.11020830255576,346.69307692307694,300-400,30%-40%
Frozen Bottle,2026-10-02,WK 40,Ravipuram,Swiggy,Snacks,COCO,Kerela,2514.02,1681.98,118.26,4046.0,0,11,41.57142857142857,228.5472727272727,200-300,40%-50%
Frozen Bottle,2026-10-02,WK 40,Ravipuram,Zomato,Dinner,COCO,Kerela,1517.53,931.8,75.92,2349.33,0,6,39.66237182515866,252.92166666666665,200-300,30%-40%
Frozen Bottle,2026-10-02,WK 40,Ravipuram,Zomato,Late Night,COCO,Kerela,1858.0,1489.0,92.92,3227.0,0,6,46.14192748682988,309.6666666666667,300-400,40%-50%
Frozen Bottle,2026-10-02,WK 40,Ravipuram,Zomato,Lunch,COCO,Kerela,1555.5,1194.5,77.8,2660.0,0,6,44.90601503759398,259.25,200-300,40%-50%
Frozen Bottle,2026-10-02,WK 40,Ravipuram,Zomato,Snacks,COCO,Kerela,1160.5,137.5,58.019999999999996,1258.0,0,3,10.930047694753577,386.8333333333333,300-400,10%-20%
Madno,2026-10-02,WK 40,Ravipuram,Swiggy,Dinner,COCO,Kerela,925.0,298.0,43.76,1173.0,0,3,25.404944586530263,308.3333333333333,300-400,20%-30%
Madno,2026-10-02,WK 40,Ravipuram,Swiggy,Late Night,COCO,Kerela,1213.03,939.97,56.160000000000004,2063.0,0,3,45.563257392147364,404.3433333333333,400-500,40%-50%
Madno,2026-10-02,WK 40,Ravipuram,Swiggy,Lunch,COCO,Kerela,280.0,280.0,13.0,540.0,0,2,51.85185185185185,140.0,100-200,50%-60%
Madno,2026-10-02,WK 40,Ravipuram,Swiggy,Snacks,COCO,Kerela,907.01,419.99,42.86,1277.0,0,3,32.88880187940485,302.33666666666664,300-400,30%-40%
Madno,2026-10-02,WK 40,Ravipuram,Zomato,Dinner,COCO,Kerela,300.0,280.0,15.0,560.0,0,1,50.0,300.0,200-300,40%-50%
Madno,2026-10-02,WK 40,Ravipuram,Zomato,Lunch,COCO,Kerela,410.55,120.45,20.54,501.0,0,2,24.04191616766467,205.275,200-300,20%-30%
Madno,2026-10-02,WK 40,Ravipuram,Zomato,Snacks,COCO,Kerela,1272.05,136.95,63.6,1349.0,0,4,10.151964418087472,318.0125,300-400,10%-20%
Boba Bar,2026-10-02,WK 40,SEAWOOD,Swiggy,Snacks,COCO,MH,308.0,163.0,15.4,471.0,0,1,34.6072186836518,308.0,300-400,30%-40%
Boba Bar,2026-10-02,WK 40,SEAWOOD,Zomato,Dinner,COCO,MH,105.0,95.0,5.26,190.0,0,1,50.0,105.0,100-200,40%-50%
Frozen Bottle,2026-10-02,WK 40,SEAWOOD,In Store,Dinner,COCO,MH,1836.3600000000001,271.87,91.84,2108.23,0,11,12.89565180269705,166.9418181818182,100-200,10%-20%
Frozen Bottle,2026-10-02,WK 40,SEAWOOD,In Store,Late Night,COCO,MH,2286.73,0.0,114.38,2286.73,0,7,0.0,326.67571428571426,300-400,0%
Frozen Bottle,2026-10-02,WK 40,SEAWOOD,In Store,Snacks,COCO,MH,526.0,0.0,26.3,526.0,0,2,0.0,263.0,200-300,0%
Frozen Bottle,2026-10-02,WK 40,SEAWOOD,Others,Dinner,COCO,MH,231.13,310.87,11.56,522.0,0,1,59.5536398467433,231.13,200-300,50%-60%
Frozen Bottle,2026-10-02,WK 40,SEAWOOD,Swiggy,Closing,COCO,MH,129.0,121.0,6.46,250.0,0,1,48.4,129.0,100-200,40%-50%
Frozen Bottle,2026-10-02,WK 40,SEAWOOD,Swiggy,Dinner,COCO,MH,3597.01,1919.99,171.9,5357.0,0,13,35.84076908717566,276.69307692307694,200-300,30%-40%
Frozen Bottle,2026-10-02,WK 40,SEAWOOD,Swiggy,Late Night,COCO,MH,1282.0,566.0,61.1,1788.0,0,5,31.655480984340045,256.4,200-300,30%-40%
Frozen Bottle,2026-10-02,WK 40,SEAWOOD,Swiggy,Lunch,COCO,MH,270.0,250.0,12.5,500.0,0,1,50.0,270.0,200-300,40%-50%
Frozen Bottle,2026-10-02,WK 40,SEAWOOD,Swiggy,Snacks,COCO,MH,2235.0,1411.0,104.75999999999999,3506.0,0,7,40.24529378208785,319.2857142857143,300-400,40%-50%
Frozen Bottle,2026-10-02,WK 40,SEAWOOD,Zomato,Dinner,COCO,MH,4040.5,2221.5,202.1,6052.0,0,8,36.70687376074025,505.0625,500-600,30%-40%
Frozen Bottle,2026-10-02,WK 40,SEAWOOD,Zomato,Late Night,COCO,MH,820.0,707.0,41.02,1467.0,0,3,48.19359236537151,273.3333333333333,200-300,40%-50%
Frozen Bottle,2026-10-02,WK 40,SEAWOOD,Zomato,Lunch,COCO,MH,560.0,300.0,28.0,830.0,0,2,36.144578313253014,280.0,200-300,30%-40%
Frozen Bottle,2026-10-02,WK 40,SEAWOOD,Zomato,Snacks,COCO,MH,2149.5,1292.5,107.52,3312.0,0,6,39.024758454106276,358.25,300-400,30%-40%
Madno,2026-10-02,WK 40,SEAWOOD,Swiggy,Dinner,COCO,MH,208.0,0.0,9.9,198.0,0,1,0.0,208.0,200-300,0%
Madno,2026-10-02,WK 40,SEAWOOD,Swiggy,Late Night,COCO,MH,218.01,133.84,10.42,341.85,0,2,39.15167471113061,109.005,100-200,30%-40%
Madno,2026-10-02,WK 40,SEAWOOD,Swiggy,Lunch,COCO,MH,665.0,684.85,31.759999999999998,1319.85,0,2,51.88847217486836,332.5,300-400,50%-60%
Madno,2026-10-02,WK 40,SEAWOOD,Swiggy,Snacks,COCO,MH,730.0,908.1800000000001,34.519999999999996,1598.18,0,4,56.82588944924852,182.5,100-200,50%-60%
Madno,2026-10-02,WK 40,SEAWOOD,Zomato,Dinner,COCO,MH,335.55,153.45,16.78,469.0,0,2,32.718550106609804,167.775,100-200,30%-40%
Madno,2026-10-02,WK 40,SEAWOOD,Zomato,Late Night,COCO,MH,208.0,0.0,10.4,198.0,0,1,0.0,208.0,200-300,0%
Frozen Bottle,2026-10-02,WK 40,Sahakarnagar,In Store,Closing,FOFO,KA,1234.0,0.0,61.699999999999996,1234.0,0,3,0.0,411.3333333333333,400-500,0%
Frozen Bottle,2026-10-02,WK 40,Sahakarnagar,In Store,Dinner,FOFO,KA,5895.0,0.0,294.86,5895.0,0,16,0.0,368.4375,300-400,0%
Frozen Bottle,2026-10-02,WK 40,Sahakarnagar,In Store,Late Night,FOFO,KA,446.1,0.0,22.3,446.1,0,1,0.0,446.1,400-500,0%
Frozen Bottle,2026-10-02,WK 40,Sahakarnagar,In Store,Lunch,FOFO,KA,1998.0,0.0,99.89999999999999,1998.0,0,3,0.0,666.0,600-900,0%
Frozen Bottle,2026-10-02,WK 40,Sahakarnagar,In Store,Snacks,FOFO,KA,1258.0,0.0,62.940000000000005,1258.0,0,5,0.0,251.6,200-300,0%
Frozen Bottle,2026-10-02,WK 40,Sahakarnagar,Swiggy,Dinner,FOFO,KA,2232.0,297.0,108.62,2469.0,0,6,12.029161603888214,372.0,300-400,10%-20%
Frozen Bottle,2026-10-02,WK 40,Sahakarnagar,Swiggy,Late Night,FOFO,KA,240.0,0.0,11.5,230.0,0,1,0.0,240.0,200-300,0%
Frozen Bottle,2026-10-02,WK 40,Sahakarnagar,Swiggy,Lunch,FOFO,KA,450.0,0.0,21.5,430.0,0,2,0.0,225.0,200-300,0%
Frozen Bottle,2026-10-02,WK 40,Sahakarnagar,Swiggy,Snacks,FOFO,KA,2010.0,0.0,97.0,1940.0,0,5,0.0,402.0,400-500,0%
Frozen Bottle,2026-10-02,WK 40,Sahakarnagar,Zomato,Dinner,FOFO,KA,221.0,0.0,11.06,211.0,0,1,0.0,221.0,200-300,0%
Frozen Bottle,2026-10-02,WK 40,Sahakarnagar,Zomato,Lunch,FOFO,KA,309.0,0.0,15.46,299.0,0,1,0.0,309.0,300-400,0%
Frozen Bottle,2026-10-02,WK 40,Sahakarnagar,Zomato,Snacks,FOFO,KA,898.5,223.5,44.94,1082.0,0,2,20.65619223659889,449.25,400-500,20%-30%
Frozen Bottle,2026-10-02,WK 40,Saharanpur,In Store,Dinner,FOFO,ROI,881.0,0.0,44.08,881.0,0,6,0.0,146.83333333333334,100-200,0%
Frozen Bottle,2026-10-02,WK 40,Saharanpur,Zomato,Dinner,FOFO,ROI,351.0,0.0,17.56,331.0,0,1,0.0,351.0,300-400,0%
Boba Bar,2026-10-02,WK 40,Salem,In Store,Dinner,FOFO,TN,229.0,0.0,11.46,229.0,0,1,0.0,229.0,200-300,0%
Boba Bar,2026-10-02,WK 40,Salem,In Store,Snacks,FOFO,TN,249.0,0.0,12.46,249.0,0,1,0.0,249.0,200-300,0%
Boba Bar,2026-10-02,WK 40,Salem,Zomato,Lunch,FOFO,TN,300.0,100.0,15.0,380.0,0,1,26.31578947368421,300.0,200-300,20%-30%
Frozen Bottle,2026-10-02,WK 40,Salem,In Store,Dinner,FOFO,TN,10834.92,0.0,541.88,10834.92,0,33,0.0,328.3309090909091,300-400,0%
Frozen Bottle,2026-10-02,WK 40,Salem,In Store,Lunch,FOFO,TN,1423.0,0.0,71.16,1423.0,0,3,0.0,474.3333333333333,400-500,0%
Frozen Bottle,2026-10-02,WK 40,Salem,In Store,Snacks,FOFO,TN,4103.0,957.0,205.22,5060.0,0,8,18.913043478260867,512.875,500-600,10%-20%
Frozen Bottle,2026-10-02,WK 40,Salem,Swiggy,Lunch,FOFO,TN,449.0,0.0,21.46,429.0,0,1,0.0,449.0,400-500,0%
Frozen Bottle,2026-10-02,WK 40,Salem,Swiggy,Snacks,FOFO,TN,400.0,0.0,19.5,390.0,0,1,0.0,400.0,300-400,0%
Frozen Bottle,2026-10-02,WK 40,Salem,Zomato,Dinner,FOFO,TN,721.0,0.0,36.08,691.0,0,2,0.0,360.5,300-400,0%
Frozen Bottle,2026-10-02,WK 40,Salem,Zomato,Lunch,FOFO,TN,189.1,19.9,9.46,199.0,0,1,10.0,189.1,100-200,1%-10%
Frozen Bottle,2026-10-02,WK 40,Sambalpur,Zomato,Dinner,FOFO,ROI,300.0,0.0,15.0,290.0,0,1,0.0,300.0,200-300,0%
Frozen Bottle,2026-10-02,WK 40,Sambalpur,Zomato,Lunch,FOFO,ROI,1309.0,0.0,65.46,1259.0,0,3,0.0,436.3333333333333,400-500,0%
Frozen Bottle,2026-10-02,WK 40,Sambalpur,Zomato,Snacks,FOFO,ROI,1835.99,0.0,91.78,1786.0,0,2,0.0,917.995,>900,0%
Frozen Bottle,2026-10-02,WK 40,Saravanampatti,In Store,Dinner,FOFO,TN,3813.05,0.0,190.78,3813.05,0,17,0.0,224.29705882352943,200-300,0%
Frozen Bottle,2026-10-02,WK 40,Saravanampatti,In Store,Lunch,FOFO,TN,4860.0,0.0,243.07999999999998,4860.0,0,16,0.0,303.75,300-400,0%
Frozen Bottle,2026-10-02,WK 40,Saravanampatti,In Store,Snacks,FOFO,TN,5450.25,0.0,272.68,5450.25,0,27,0.0,201.86111111111111,200-300,0%
Frozen Bottle,2026-10-02,WK 40,Saravanampatti,Swiggy,Dinner,FOFO,TN,2340.11,220.89,112.52000000000001,2471.0,0,5,8.939295831647105,468.02200000000005,400-500,1%-10%
Frozen Bottle,2026-10-02,WK 40,Saravanampatti,Swiggy,Lunch,FOFO,TN,3497.01,489.99,167.88,3847.0,0,7,12.736937873667795,499.5728571428572,400-500,10%-20%
Frozen Bottle,2026-10-02,WK 40,Saravanampatti,Swiggy,Snacks,FOFO,TN,1119.0,130.0,53.96,1209.0,0,4,10.75268817204301,279.75,200-300,10%-20%
Frozen Bottle,2026-10-02,WK 40,Saravanampatti,Zomato,Dinner,FOFO,TN,1157.2,49.8,57.88,1157.0,0,3,4.304235090751944,385.73333333333335,300-400,1%-10%
Frozen Bottle,2026-10-02,WK 40,Saravanampatti,Zomato,Lunch,FOFO,TN,1349.0,0.0,67.48,1309.0,0,1,0.0,1349.0,>900,0%
Frozen Bottle,2026-10-02,WK 40,Saravanampatti,Zomato,Snacks,FOFO,TN,885.0,95.0,44.26,950.0,0,2,10.0,442.5,400-500,1%-10%
Boba Bar,2026-10-02,WK 40,Sarjapur Road,Swiggy,Late Night,COCO,KA,334.0,266.0,15.72,580.0,0,2,45.86206896551724,167.0,100-200,40%-50%
Boba Bar,2026-10-02,WK 40,Sarjapur Road,Swiggy,Lunch,COCO,KA,157.0,133.0,7.36,280.0,0,1,47.5,157.0,100-200,40%-50%
Frozen Bottle,2026-10-02,WK 40,Sarjapur Road,Swiggy,Dinner,COCO,KA,4755.0,2837.33,225.78,7352.33,0,15,38.590895675248525,317.0,300-400,30%-40%
Frozen Bottle,2026-10-02,WK 40,Sarjapur Road,Swiggy,Late Night,COCO,KA,2032.0,1448.0,95.62,3360.0,0,11,43.095238095238095,184.72727272727272,100-200,40%-50%
Frozen Bottle,2026-10-02,WK 40,Sarjapur Road,Swiggy,Lunch,COCO,KA,333.0,227.0,15.66,540.0,0,2,42.03703703703704,166.5,100-200,40%-50%
Frozen Bottle,2026-10-02,WK 40,Sarjapur Road,Swiggy,Snacks,COCO,KA,1059.0,803.0,48.980000000000004,1782.0,0,3,45.06172839506173,353.0,300-400,40%-50%
Frozen Bottle,2026-10-02,WK 40,Sarjapur Road,Zomato,Dinner,COCO,KA,1006.0,536.0,50.36,1472.0,0,4,36.41304347826087,251.5,200-300,30%-40%
Frozen Bottle,2026-10-02,WK 40,Sarjapur Road,Zomato,Late Night,COCO,KA,1498.0,1309.0,74.92,2717.0,0,5,48.178137651821864,299.6,200-300,40%-50%
Frozen Bottle,2026-10-02,WK 40,Sarjapur Road,Zomato,Lunch,COCO,KA,291.0,100.0,14.56,381.0,0,1,26.246719160104988,291.0,200-300,20%-30%
Frozen Bottle,2026-10-02,WK 40,Sarjapur Road,Zomato,Snacks,COCO,KA,305.8,233.2,15.3,519.0,0,2,44.93256262042389,152.9,100-200,40%-50%
Madno,2026-10-02,WK 40,Sarjapur Road,Swiggy,Dinner,COCO,KA,98.0,140.0,4.4,228.0,0,1,61.40350877192983,98.0,0-100,60%-70%
Madno,2026-10-02,WK 40,Sarjapur Road,Swiggy,Late Night,COCO,KA,487.0,312.0,22.36,759.0,0,3,41.10671936758894,162.33333333333334,100-200,40%-50%
Madno,2026-10-02,WK 40,Sarjapur Road,Swiggy,Lunch,COCO,KA,414.01,242.99,19.700000000000003,637.0,0,2,38.14599686028258,207.005,200-300,30%-40%
Madno,2026-10-02,WK 40,Sarjapur Road,Swiggy,Snacks,COCO,KA,1092.0,480.0,53.620000000000005,1552.0,0,5,30.927835051546392,218.4,200-300,30%-40%
Madno,2026-10-02,WK 40,Sarjapur Road,Zomato,Lunch,COCO,KA,208.0,0.0,10.4,198.0,0,1,0.0,208.0,200-300,0%
Madno,2026-10-02,WK 40,Sarjapur Road,Zomato,Snacks,COCO,KA,296.55,200.45,14.82,477.0,0,2,42.0230607966457,148.275,100-200,40%-50%
Boba Bar,2026-10-02,WK 40,Sarjapura 3,Swiggy,Snacks,FOFO,KA,508.74,71.26,24.44,560.0,0,1,12.725,508.74,500-600,10%-20%
Frozen Bottle,2026-10-02,WK 40,Sarjapura 3,In Store,Dinner,FOFO,KA,1527.0,0.0,76.36,1527.0,0,6,0.0,254.5,200-300,0%
Frozen Bottle,2026-10-02,WK 40,Sarjapura 3,In Store,Lunch,FOFO,KA,645.0,0.0,32.26,645.0,0,1,0.0,645.0,600-900,0%
Frozen Bottle,2026-10-02,WK 40,Sarjapura 3,In Store,Snacks,FOFO,KA,1312.0,0.0,65.6,1312.0,0,4,0.0,328.0,300-400,0%
Frozen Bottle,2026-10-02,WK 40,Sarjapura 3,Swiggy,Dinner,FOFO,KA,1726.54,382.46,82.34,2029.0,0,3,18.84967964514539,575.5133333333333,500-600,10%-20%
Frozen Bottle,2026-10-02,WK 40,Sarjapura 3,Swiggy,Late Night,FOFO,KA,421.51,67.49,20.08,469.0,0,1,14.390191897654583,421.51,400-500,10%-20%
Frozen Bottle,2026-10-02,WK 40,Sarjapura 3,Swiggy,Lunch,FOFO,KA,600.0,519.0,30.0,1119.0,0,2,46.38069705093834,300.0,200-300,40%-50%
Frozen Bottle,2026-10-02,WK 40,Sarjapura 3,Swiggy,Snacks,FOFO,KA,468.6,368.4,22.939999999999998,827.0,0,2,44.546553808948005,234.3,200-300,40%-50%
Frozen Bottle,2026-10-02,WK 40,Sarjapura 3,Zomato,Dinner,FOFO,KA,3061.63,735.7,153.14,3647.33,0,10,20.170919549368993,306.163,300-400,20%-30%
Frozen Bottle,2026-10-02,WK 40,Sarjapura 3,Zomato,Lunch,FOFO,KA,1546.4,431.6,77.32,1908.0,0,4,22.620545073375265,386.6,300-400,20%-30%
Madno,2026-10-02,WK 40,Sarjapura 3,Swiggy,Dinner,FOFO,KA,1009.1,20.9,47.96,980.0,0,3,2.13265306122449,336.3666666666667,300-400,1%-10%
Madno,2026-10-02,WK 40,Sarjapura 3,Swiggy,Late Night,FOFO,KA,250.0,139.0,12.5,389.0,0,1,35.732647814910024,250.0,200-300,30%-40%
Madno,2026-10-02,WK 40,Sarjapura 3,Swiggy,Lunch,FOFO,KA,209.1,20.9,9.96,220.0,0,1,9.499999999999998,209.1,200-300,1%-10%
Madno,2026-10-02,WK 40,Sarjapura 3,Swiggy,Snacks,FOFO,KA,416.0,0.0,19.8,396.0,0,2,0.0,208.0,200-300,0%
Madno,2026-10-02,WK 40,Sarjapura 3,Zomato,Dinner,FOFO,KA,200.0,0.0,10.0,190.0,0,1,0.0,200.0,100-200,0%
Madno,2026-10-02,WK 40,Sarjapura 3,Zomato,Lunch,FOFO,KA,176.6,71.4,8.84,238.0,0,1,30.000000000000004,176.6,100-200,30%-40%
Madno,2026-10-02,WK 40,Sarjapura 3,Zomato,Snacks,FOFO,KA,260.0,50.0,13.0,300.0,0,1,16.666666666666664,260.0,200-300,10%-20%
Frozen Bottle,2026-10-02,WK 40,Sathanur,In Store,Dinner,FOFO,KA,2018.0,0.0,100.92,2018.0,0,8,0.0,252.25,200-300,0%
Frozen Bottle,2026-10-02,WK 40,Sathanur,In Store,Lunch,FOFO,KA,596.0,0.0,29.82,596.0,0,2,0.0,298.0,200-300,0%
Frozen Bottle,2026-10-02,WK 40,Sathanur,In Store,Snacks,FOFO,KA,1301.0,0.0,65.08,1301.0,0,6,0.0,216.83333333333334,200-300,0%
Frozen Bottle,2026-10-02,WK 40,Sathanur,Swiggy,Breakfast,FOFO,KA,396.0,432.0,19.8,828.0,0,2,52.17391304347826,198.0,100-200,50%-60%
Frozen Bottle,2026-10-02,WK 40,Sathanur,Swiggy,Closing,FOFO,KA,173.18,35.82,8.16,199.0,0,1,18.0,173.18,100-200,10%-20%
Frozen Bottle,2026-10-02,WK 40,Sathanur,Swiggy,Dinner,FOFO,KA,2039.18,1014.8199999999999,99.0,2994.0,0,8,33.89512358049432,254.8975,200-300,30%-40%
Frozen Bottle,2026-10-02,WK 40,Sathanur,Swiggy,Late Night,FOFO,KA,2746.18,1249.82,133.36,3916.0,0,10,31.915730337078653,274.618,200-300,30%-40%
Frozen Bottle,2026-10-02,WK 40,Sathanur,Swiggy,Lunch,FOFO,KA,1889.79,916.21,91.52,2746.0,0,7,33.36525855790241,269.96999999999997,200-300,30%-40%
Frozen Bottle,2026-10-02,WK 40,Sathanur,Swiggy,Snacks,FOFO,KA,1535.58,910.42,73.28,2376.0,0,6,38.31734006734007,255.92999999999998,200-300,30%-40%
Frozen Bottle,2026-10-02,WK 40,Sathanur,Zomato,Dinner,FOFO,KA,1736.6,594.4,86.84,2241.0,0,8,26.52387327086122,217.075,200-300,20%-30%
Frozen Bottle,2026-10-02,WK 40,Sathanur,Zomato,Late Night,FOFO,KA,480.7,260.3,24.04,711.0,0,3,36.61040787623066,160.23333333333332,100-200,30%-40%
Frozen Bottle,2026-10-02,WK 40,Sathanur,Zomato,Lunch,FOFO,KA,1200.0,475.0,60.04,1605.0,0,6,29.595015576323984,200.0,100-200,20%-30%
Frozen Bottle,2026-10-02,WK 40,Sathanur,Zomato,Snacks,FOFO,KA,4067.9,929.1,203.42000000000002,4797.0,0,13,19.368355222013758,312.9153846153846,300-400,10%-20%
Frozen Bottle,2026-10-02,WK 40,Seegehalli,In Store,Dinner,FOFO,KA,993.0,0.0,49.720000000000006,993.0,0,7,0.0,141.85714285714286,100-200,0%
Frozen Bottle,2026-10-02,WK 40,Seegehalli,In Store,Lunch,FOFO,KA,487.0,0.0,24.36,487.0,0,2,0.0,243.5,200-300,0%
Frozen Bottle,2026-10-02,WK 40,Seegehalli,In Store,Snacks,FOFO,KA,1272.0,0.0,63.62,1272.0,0,4,0.0,318.0,300-400,0%
Frozen Bottle,2026-10-02,WK 40,Seegehalli,Swiggy,Dinner,FOFO,KA,836.01,322.99,40.82,1139.0,0,2,28.357330992098333,418.005,400-500,20%-30%
Frozen Bottle,2026-10-02,WK 40,Seegehalli,Swiggy,Lunch,FOFO,KA,325.0,45.0,15.76,360.0,0,1,12.5,325.0,300-400,10%-20%
Frozen Bottle,2026-10-02,WK 40,Seegehalli,Swiggy,Snacks,FOFO,KA,231.0,109.0,11.059999999999999,330.0,0,2,33.03030303030303,115.5,100-200,30%-40%
Frozen Bottle,2026-10-02,WK 40,Seegehalli,Zomato,Dinner,FOFO,KA,551.0,49.99,27.54,570.99,0,1,8.754969439044467,551.0,500-600,1%-10%
Frozen Bottle,2026-10-02,WK 40,Seegehalli,Zomato,Snacks,FOFO,KA,291.0,50.0,14.56,331.0,0,1,15.105740181268882,291.0,200-300,10%-20%
Boba Bar,2026-10-02,WK 40,Selaiyur,Swiggy,Lunch,FOFO,TN,109.0,181.0,4.96,280.0,0,1,64.64285714285715,109.0,100-200,60%-70%
Frozen Bottle,2026-10-02,WK 40,Selaiyur,In Store,Dinner,FOFO,TN,2495.0,0.0,124.8,2495.0,0,9,0.0,277.22222222222223,200-300,0%
Frozen Bottle,2026-10-02,WK 40,Selaiyur,In Store,Late Night,FOFO,TN,693.0,0.0,34.66,693.0,0,1,0.0,693.0,600-900,0%
Frozen Bottle,2026-10-02,WK 40,Selaiyur,In Store,Lunch,FOFO,TN,278.0,0.0,13.9,278.0,0,1,0.0,278.0,200-300,0%
Frozen Bottle,2026-10-02,WK 40,Selaiyur,In Store,Snacks,FOFO,TN,1372.0,0.0,68.6,1372.0,0,4,0.0,343.0,300-400,0%
Frozen Bottle,2026-10-02,WK 40,Selaiyur,Swiggy,Dinner,FOFO,TN,5617.88,742.45,270.44,6150.33,0,13,12.071709973285987,432.1446153846154,400-500,10%-20%
Frozen Bottle,2026-10-02,WK 40,Selaiyur,Swiggy,Late Night,FOFO,TN,796.11,153.89,38.32,920.0,0,2,16.727173913043476,398.055,300-400,10%-20%
Frozen Bottle,2026-10-02,WK 40,Selaiyur,Swiggy,Lunch,FOFO,TN,3581.86,427.47,172.1,3869.33,0,4,11.047649076196656,895.465,600-900,10%-20%
Frozen Bottle,2026-10-02,WK 40,Selaiyur,Swiggy,Snacks,FOFO,TN,2088.52,292.48,100.92,2311.0,0,5,12.65599307659022,417.704,400-500,10%-20%
Frozen Bottle,2026-10-02,WK 40,Selaiyur,Zomato,Breakfast,FOFO,TN,230.0,100.0,11.5,320.0,0,1,31.25,230.0,200-300,30%-40%
Frozen Bottle,2026-10-02,WK 40,Selaiyur,Zomato,Dinner,FOFO,TN,795.0,335.0,39.760000000000005,1100.0,0,2,30.454545454545457,397.5,300-400,30%-40%
Frozen Bottle,2026-10-02,WK 40,Selaiyur,Zomato,Late Night,FOFO,TN,428.0,121.0,21.4,529.0,0,2,22.873345935727787,214.0,200-300,20%-30%
Frozen Bottle,2026-10-02,WK 40,Selaiyur,Zomato,Lunch,FOFO,TN,1628.1,545.9,81.42,2104.0,0,4,25.945817490494292,407.025,400-500,20%-30%
Frozen Bottle,2026-10-02,WK 40,Selaiyur,Zomato,Snacks,FOFO,TN,1110.2,397.8,55.519999999999996,1458.0,0,3,27.283950617283953,370.06666666666666,300-400,20%-30%
Madno,2026-10-02,WK 40,Selaiyur,Swiggy,Late Night,FOFO,TN,235.0,76.0,11.26,301.0,0,1,25.249169435215947,235.0,200-300,20%-30%
Madno,2026-10-02,WK 40,Selaiyur,Swiggy,Snacks,FOFO,TN,992.33,417.52,47.62,1369.85,0,1,30.47924955287075,992.33,>900,30%-40%
Frozen Bottle,2026-10-02,WK 40,Sher- E-Punjab,Swiggy,Closing,COCO,MH,133.0,126.0,6.16,249.0,0,1,50.602409638554214,133.0,100-200,50%-60%
Frozen Bottle,2026-10-02,WK 40,Sher- E-Punjab,Swiggy,Dinner,COCO,MH,4721.03,2324.48,224.12,6805.51,0,16,34.155853124894385,295.064375,200-300,30%-40%
Frozen Bottle,2026-10-02,WK 40,Sher- E-Punjab,Swiggy,Late Night,COCO,MH,615.0,593.0,28.259999999999998,1158.0,0,3,51.20898100172712,205.0,200-300,50%-60%
Frozen Bottle,2026-10-02,WK 40,Sher- E-Punjab,Swiggy,Lunch,COCO,MH,214.0,126.0,10.2,330.0,0,1,38.18181818181819,214.0,200-300,30%-40%
Frozen Bottle,2026-10-02,WK 40,Sher- E-Punjab,Swiggy,Snacks,COCO,MH,1597.0,1199.6599999999999,74.9,2696.66,0,7,44.48688377474357,228.14285714285714,200-300,40%-50%
Frozen Bottle,2026-10-02,WK 40,Sher- E-Punjab,Zomato,Dinner,COCO,MH,2592.48,1125.03,129.68,3587.51,0,9,31.359633840741907,288.05333333333334,200-300,30%-40%
Frozen Bottle,2026-10-02,WK 40,Sher- E-Punjab,Zomato,Late Night,COCO,MH,2187.0,1950.0,109.4,3987.0,0,6,48.90895410082769,364.5,300-400,40%-50%
Frozen Bottle,2026-10-02,WK 40,Sher- E-Punjab,Zomato,Lunch,COCO,MH,800.0,430.0,40.0,1190.0,0,4,36.134453781512605,200.0,100-200,30%-40%
Frozen Bottle,2026-10-02,WK 40,Sher- E-Punjab,Zomato,Snacks,COCO,MH,1305.8,857.2,65.36,2083.0,0,5,41.152184349495926,261.15999999999997,200-300,40%-50%
Madno,2026-10-02,WK 40,Sher- E-Punjab,Swiggy,Lunch,COCO,MH,326.0,322.0,14.82,618.0,0,2,52.103559870550164,163.0,100-200,50%-60%
Madno,2026-10-02,WK 40,Sher- E-Punjab,Zomato,Snacks,COCO,MH,246.66,0.0,12.34,226.66,0,1,0.0,246.66,200-300,0%
Frozen Bottle,2026-10-02,WK 40,Shivamogga,In Store,Dinner,COCO,KA,2760.9700000000003,0.0,138.07999999999998,2760.9700000000003,0,7,0.0,394.42428571428576,300-400,0%
Frozen Bottle,2026-10-02,WK 40,Shivamogga,In Store,Lunch,COCO,KA,1937.46,0.0,96.92,1937.46,0,8,0.0,242.1825,200-300,0%
Frozen Bottle,2026-10-02,WK 40,Shivamogga,In Store,Snacks,COCO,KA,2628.69,0.0,131.48,2628.69,0,8,0.0,328.58625,300-400,0%
Frozen Bottle,2026-10-02,WK 40,Shivamogga,Swiggy,Dinner,COCO,KA,1854.0,988.0,87.72,2742.0,0,6,36.032093362509116,309.0,300-400,30%-40%
Frozen Bottle,2026-10-02,WK 40,Shivamogga,Swiggy,Lunch,COCO,KA,314.0,248.0,14.200000000000001,532.0,0,2,46.616541353383454,157.0,100-200,40%-50%
Frozen Bottle,2026-10-02,WK 40,Shivamogga,Swiggy,Snacks,COCO,KA,778.0,622.0,36.4,1350.0,0,4,46.074074074074076,194.5,100-200,40%-50%
Frozen Bottle,2026-10-02,WK 40,Shivamogga,Zomato,Dinner,COCO,KA,2378.2,885.81,118.9,3164.01,0,5,27.99643490380877,475.64,400-500,20%-30%
Frozen Bottle,2026-10-02,WK 40,Shivamogga,Zomato,Lunch,COCO,KA,580.0,0.0,29.0,560.0,0,1,0.0,580.0,500-600,0%
Frozen Bottle,2026-10-02,WK 40,Shivamogga,Zomato,Snacks,COCO,KA,1618.0,811.0,80.9,2349.0,0,4,34.525329927628775,404.5,400-500,30%-40%
Frozen Bottle,2026-10-02,WK 40,Sholinganallur,In Store,Dinner,FOFO,TN,4520.46,0.0,226.12,4520.46,0,17,0.0,265.9094117647059,200-300,0%
Frozen Bottle,2026-10-02,WK 40,Sholinganallur,In Store,Lunch,FOFO,TN,1721.0,0.0,86.08,1721.0,0,8,0.0,215.125,200-300,0%
Frozen Bottle,2026-10-02,WK 40,Sholinganallur,In Store,Snacks,FOFO,TN,2674.36,0.0,133.76,2674.36,0,12,0.0,222.86333333333334,200-300,0%
Frozen Bottle,2026-10-02,WK 40,Sholinganallur,Swiggy,Dinner,FOFO,TN,1408.6799999999998,586.3199999999999,66.44,1915.0,0,5,30.617232375979107,281.736,200-300,30%-40%
Frozen Bottle,2026-10-02,WK 40,Sholinganallur,Swiggy,Lunch,FOFO,TN,460.5,258.5,21.52,689.0,0,2,37.51814223512337,230.25,200-300,30%-40%
Frozen Bottle,2026-10-02,WK 40,Sholinganallur,Swiggy,Snacks,FOFO,TN,1682.28,924.72,78.64,2497.0,0,4,37.033239887865435,420.57,400-500,30%-40%
Frozen Bottle,2026-10-02,WK 40,Sholinganallur,Zomato,Dinner,FOFO,TN,1425.0,75.0,71.25999999999999,1460.0,0,3,5.136986301369863,475.0,400-500,1%-10%
Frozen Bottle,2026-10-02,WK 40,Sholinganallur,Zomato,Lunch,FOFO,TN,1171.0,200.0,58.56,1321.0,0,4,15.14004542013626,292.75,200-300,10%-20%
Frozen Bottle,2026-10-02,WK 40,Sholinganallur,Zomato,Snacks,FOFO,TN,750.0,200.0,37.52,920.0,0,3,21.73913043478261,250.0,200-300,20%-30%
Boba Bar,2026-10-02,WK 40,Silchar,Swiggy,Dinner,FOFO,ROI,411.01,149.99,19.56,541.0,0,1,27.72458410351202,411.01,400-500,20%-30%
Frozen Bottle,2026-10-02,WK 40,Silchar,Swiggy,Dinner,FOFO,ROI,918.0,121.0,43.92,999.0,0,3,12.112112112112113,306.0,300-400,10%-20%
Frozen Bottle,2026-10-02,WK 40,Silchar,Swiggy,Snacks,FOFO,ROI,864.5,163.5,41.22,988.0,0,3,16.548582995951417,288.1666666666667,200-300,10%-20%
Frozen Bottle,2026-10-02,WK 40,Silchar,Zomato,Dinner,FOFO,ROI,450.0,0.0,22.5,440.0,0,1,0.0,450.0,400-500,0%
Frozen Bottle,2026-10-02,WK 40,Silchar,Zomato,Lunch,FOFO,ROI,340.0,160.0,17.02,480.0,0,2,33.33333333333333,170.0,100-200,30%-40%
Frozen Bottle,2026-10-02,WK 40,Silchar,Zomato,Snacks,FOFO,ROI,194.0,46.0,9.7,230.0,0,1,20.0,194.0,100-200,10%-20%
Madno,2026-10-02,WK 40,Silchar,Swiggy,Dinner,FOFO,ROI,416.4,191.6,19.32,578.0,0,2,33.14878892733564,208.2,200-300,30%-40%
Madno,2026-10-02,WK 40,Silchar,Swiggy,Lunch,FOFO,ROI,139.0,69.0,6.46,198.0,0,1,34.84848484848485,139.0,100-200,30%-40%
Madno,2026-10-02,WK 40,Silchar,Swiggy,Snacks,FOFO,ROI,390.0,0.0,19.0,380.0,0,1,0.0,390.0,300-400,0%
Boba Bar,2026-10-02,WK 40,Sinhagad,Swiggy,Dinner,COCO,MH,158.0,160.0,7.9,318.0,0,1,50.314465408805034,158.0,100-200,50%-60%
Frozen Bottle,2026-10-02,WK 40,Sinhagad,In Store,Dinner,COCO,MH,3034.0,0.0,151.74,3034.0,0,9,0.0,337.1111111111111,300-400,0%
Frozen Bottle,2026-10-02,WK 40,Sinhagad,In Store,Lunch,COCO,MH,264.23,0.0,13.22,264.23,0,1,0.0,264.23,200-300,0%
Frozen Bottle,2026-10-02,WK 40,Sinhagad,In Store,Snacks,COCO,MH,1350.0,0.0,67.52,1350.0,0,4,0.0,337.5,300-400,0%
Frozen Bottle,2026-10-02,WK 40,Sinhagad,Swiggy,Closing,COCO,MH,632.0,489.0,29.619999999999997,1081.0,0,2,45.235892691951896,316.0,300-400,40%-50%
Frozen Bottle,2026-10-02,WK 40,Sinhagad,Swiggy,Dinner,COCO,MH,2761.0,1787.0,129.6,4378.0,0,11,40.817724988579265,251.0,200-300,40%-50%
Frozen Bottle,2026-10-02,WK 40,Sinhagad,Swiggy,Late Night,COCO,MH,601.0,609.0,28.060000000000002,1170.0,0,2,52.05128205128206,300.5,300-400,50%-60%
Frozen Bottle,2026-10-02,WK 40,Sinhagad,Swiggy,Lunch,COCO,MH,1893.63,1109.37,88.7,2883.0,0,4,38.47970863683663,473.4075,400-500,30%-40%
Frozen Bottle,2026-10-02,WK 40,Sinhagad,Swiggy,Snacks,COCO,MH,544.63,453.37,25.24,958.0,0,4,47.324634655532364,136.1575,100-200,40%-50%
Frozen Bottle,2026-10-02,WK 40,Sinhagad,Zomato,Closing,COCO,MH,471.0,330.0,23.560000000000002,771.0,0,2,42.80155642023346,235.5,200-300,40%-50%
Frozen Bottle,2026-10-02,WK 40,Sinhagad,Zomato,Dinner,COCO,MH,7133.0,3835.01,356.7,10588.01,0,21,36.2203095765871,339.6666666666667,300-400,30%-40%
Frozen Bottle,2026-10-02,WK 40,Sinhagad,Zomato,Late Night,COCO,MH,1522.0,1222.0,76.12,2654.0,0,5,46.04370761115298,304.4,300-400,40%-50%
Frozen Bottle,2026-10-02,WK 40,Sinhagad,Zomato,Lunch,COCO,MH,2295.5,475.49,114.8,2660.99,0,7,17.868913449505637,327.92857142857144,300-400,10%-20%
Frozen Bottle,2026-10-02,WK 40,Sinhagad,Zomato,Snacks,COCO,MH,1539.2,299.8,77.0,1779.0,0,4,16.852164137155707,384.8,300-400,10%-20%
Madno,2026-10-02,WK 40,Sinhagad,Swiggy,Dinner,COCO,MH,295.0,315.0,13.26,580.0,0,2,54.310344827586206,147.5,100-200,50%-60%
Madno,2026-10-02,WK 40,Sinhagad,Swiggy,Late Night,COCO,MH,536.0,391.0,25.8,907.0,0,2,43.109151047409036,268.0,200-300,40%-50%
Madno,2026-10-02,WK 40,Sinhagad,Swiggy,Lunch,COCO,MH,1207.52,445.48,56.879999999999995,1583.0,0,3,28.141503474415668,402.50666666666666,400-500,20%-30%
Madno,2026-10-02,WK 40,Sinhagad,Swiggy,Snacks,COCO,MH,230.0,231.0,10.5,441.0,0,1,52.38095238095239,230.0,200-300,50%-60%
Madno,2026-10-02,WK 40,Sinhagad,Zomato,Dinner,COCO,MH,2310.1,1271.9,115.54,3442.0,0,8,36.95235328297501,288.7625,200-300,30%-40%
Madno,2026-10-02,WK 40,Sinhagad,Zomato,Lunch,COCO,MH,260.5,240.5,13.02,481.0,0,1,50.0,260.5,200-300,40%-50%
Madno,2026-10-02,WK 40,Sinhagad,Zomato,Snacks,COCO,MH,230.0,80.0,11.5,300.0,0,1,26.666666666666668,230.0,200-300,20%-30%
Boba Bar,2026-10-02,WK 40,Tata Sherwood,Swiggy,Dinner,COCO,KA,478.01,196.32,22.9,654.33,0,2,30.00320938975746,239.005,200-300,30%-40%
Boba Bar,2026-10-02,WK 40,Tata Sherwood,Swiggy,Lunch,COCO,KA,195.0,85.0,9.76,280.0,0,1,30.357142857142854,195.0,100-200,30%-40%
Boba Bar,2026-10-02,WK 40,Tata Sherwood,Swiggy,Snacks,COCO,KA,171.0,168.99,8.56,339.99,0,1,49.70440307067855,171.0,100-200,40%-50%
Boba Bar,2026-10-02,WK 40,Tata Sherwood,Zomato,Dinner,COCO,KA,398.5,129.5,19.92,518.0,0,1,25.0,398.5,300-400,20%-30%
Frozen Bottle,2026-10-02,WK 40,Tata Sherwood,In Store,Dinner,COCO,KA,9211.95,0.0,460.71999999999997,9211.95,0,31,0.0,297.15967741935486,200-300,0%
Frozen Bottle,2026-10-02,WK 40,Tata Sherwood,In Store,Late Night,COCO,KA,1229.17,0.0,61.480000000000004,1229.17,0,4,0.0,307.2925,300-400,0%
Frozen Bottle,2026-10-02,WK 40,Tata Sherwood,In Store,Lunch,COCO,KA,2042.0,0.0,102.16,2042.0,0,11,0.0,185.63636363636363,100-200,0%
Frozen Bottle,2026-10-02,WK 40,Tata Sherwood,In Store,Snacks,COCO,KA,3296.05,0.0,164.86,3296.05,0,15,0.0,219.73666666666668,200-300,0%
Frozen Bottle,2026-10-02,WK 40,Tata Sherwood,Others,Lunch,COCO,KA,262.12,77.88,13.1,330.0,0,1,23.599999999999998,262.12,200-300,20%-30%
Frozen Bottle,2026-10-02,WK 40,Tata Sherwood,Ownly,Late Night,COCO,KA,245.0,0.0,12.26,245.0,0,1,0.0,245.0,200-300,0%
Frozen Bottle,2026-10-02,WK 40,Tata Sherwood,Ownly,Snacks,COCO,KA,198.0,0.0,9.92,198.0,0,2,0.0,99.0,0-100,0%
Frozen Bottle,2026-10-02,WK 40,Tata Sherwood,Swiggy,Breakfast,COCO,KA,247.0,202.0,11.36,429.0,0,1,47.086247086247084,247.0,200-300,40%-50%
Frozen Bottle,2026-10-02,WK 40,Tata Sherwood,Swiggy,Dinner,COCO,KA,7121.64,3931.02,340.64,10742.66,0,24,36.59261300273862,296.735,200-300,30%-40%
Frozen Bottle,2026-10-02,WK 40,Tata Sherwood,Swiggy,Late Night,COCO,KA,2471.0,1943.0,115.58,4254.0,0,14,45.67465914433475,176.5,100-200,40%-50%
Frozen Bottle,2026-10-02,WK 40,Tata Sherwood,Swiggy,Lunch,COCO,KA,2117.58,872.4200000000001,101.4,2900.0,0,7,30.083448275862075,302.51142857142855,300-400,30%-40%
Frozen Bottle,2026-10-02,WK 40,Tata Sherwood,Swiggy,Snacks,COCO,KA,3435.0,1566.0,166.32,4891.0,0,9,32.017992230627684,381.6666666666667,300-400,30%-40%
Frozen Bottle,2026-10-02,WK 40,Tata Sherwood,Zomato,Dinner,COCO,KA,5630.7,2598.31,281.68,7899.01,0,19,32.89412217480418,296.35263157894735,200-300,30%-40%
Frozen Bottle,2026-10-02,WK 40,Tata Sherwood,Zomato,Late Night,COCO,KA,2044.9,1497.1,102.26,3402.0,0,10,44.00646678424456,204.49,200-300,40%-50%
Frozen Bottle,2026-10-02,WK 40,Tata Sherwood,Zomato,Lunch,COCO,KA,1888.3,1166.7,94.46,2945.0,0,7,39.61629881154499,269.75714285714287,200-300,30%-40%
Frozen Bottle,2026-10-02,WK 40,Tata Sherwood,Zomato,Snacks,COCO,KA,2050.2200000000003,947.79,102.56,2898.01,0,6,32.70485609090375,341.7033333333334,300-400,30%-40%
Madno,2026-10-02,WK 40,Tata Sherwood,Ownly,Lunch,COCO,KA,208.0,0.0,10.42,208.0,0,2,0.0,104.0,100-200,0%
Madno,2026-10-02,WK 40,Tata Sherwood,Ownly,Snacks,COCO,KA,99.0,0.0,4.96,99.0,0,1,0.0,99.0,0-100,0%
Madno,2026-10-02,WK 40,Tata Sherwood,Swiggy,Dinner,COCO,KA,1461.01,439.99,69.58,1831.0,0,6,24.03003823047515,243.50166666666667,200-300,20%-30%
Madno,2026-10-02,WK 40,Tata Sherwood,Swiggy,Late Night,COCO,KA,329.0,129.0,15.96,448.0,0,2,28.794642857142854,164.5,100-200,20%-30%
Madno,2026-10-02,WK 40,Tata Sherwood,Swiggy,Lunch,COCO,KA,494.0,322.0,22.700000000000003,776.0,0,2,41.49484536082475,247.0,200-300,40%-50%
Madno,2026-10-02,WK 40,Tata Sherwood,Swiggy,Snacks,COCO,KA,377.01,230.99,17.36,578.0,0,2,39.963667820069205,188.505,100-200,30%-40%
Madno,2026-10-02,WK 40,Tata Sherwood,Zomato,Dinner,COCO,KA,777.7,149.3,38.88,887.0,0,4,16.832018038331455,194.425,100-200,10%-20%
Madno,2026-10-02,WK 40,Tata Sherwood,Zomato,Late Night,COCO,KA,1228.5,266.5,61.46,1415.0,0,4,18.833922261484098,307.125,300-400,10%-20%
Madno,2026-10-02,WK 40,Tata Sherwood,Zomato,Snacks,COCO,KA,1144.55,220.45,57.239999999999995,1295.0,0,6,17.023166023166024,190.75833333333333,100-200,10%-20%
Boba Bar,2026-10-02,WK 40,Thakur Village,Swiggy,Dinner,COCO,MH,169.0,91.0,7.96,250.0,0,1,36.4,169.0,100-200,30%-40%
Boba Bar,2026-10-02,WK 40,Thakur Village,Swiggy,Lunch,COCO,MH,198.0,182.0,9.9,380.0,0,1,47.89473684210526,198.0,100-200,40%-50%
Frozen Bottle,2026-10-02,WK 40,Thakur Village,In Store,Dinner,COCO,MH,2315.0,0.0,115.78,2315.0,0,7,0.0,330.7142857142857,300-400,0%
Frozen Bottle,2026-10-02,WK 40,Thakur Village,In Store,Lunch,COCO,MH,586.65,58.35,29.340000000000003,645.0,0,3,9.046511627906977,195.54999999999998,100-200,1%-10%
Frozen Bottle,2026-10-02,WK 40,Thakur Village,In Store,Snacks,COCO,MH,1164.0,0.0,58.22,1164.0,0,4,0.0,291.0,200-300,0%
Frozen Bottle,2026-10-02,WK 40,Thakur Village,Swiggy,Closing,COCO,MH,278.0,242.0,12.9,500.0,0,1,48.4,278.0,200-300,40%-50%
Frozen Bottle,2026-10-02,WK 40,Thakur Village,Swiggy,Dinner,COCO,MH,7155.42,3572.91,339.34,10358.33,0,21,34.49310844508719,340.7342857142857,300-400,30%-40%
Frozen Bottle,2026-10-02,WK 40,Thakur Village,Swiggy,Lunch,COCO,MH,2369.0,680.0,113.48,2949.0,0,4,23.05866395388267,592.25,500-600,20%-30%
Frozen Bottle,2026-10-02,WK 40,Thakur Village,Swiggy,Snacks,COCO,MH,754.0,572.0,35.7,1286.0,0,4,44.47900466562986,188.5,100-200,40%-50%
Frozen Bottle,2026-10-02,WK 40,Thakur Village,Zomato,Dinner,COCO,MH,4540.2,1987.8,227.07999999999998,6308.0,0,12,31.51236525047559,378.34999999999997,300-400,30%-40%
Frozen Bottle,2026-10-02,WK 40,Thakur Village,Zomato,Lunch,COCO,MH,601.5,289.5,30.1,851.0,0,4,34.01880141010576,150.375,100-200,30%-40%
Frozen Bottle,2026-10-02,WK 40,Thakur Village,Zomato,Snacks,COCO,MH,319.0,161.0,15.959999999999999,460.0,0,2,35.0,159.5,100-200,30%-40%
Madno,2026-10-02,WK 40,Thakur Village,Swiggy,Dinner,COCO,MH,1144.02,726.98,54.72,1821.0,0,5,39.922020867655135,228.804,200-300,30%-40%
Madno,2026-10-02,WK 40,Thakur Village,Swiggy,Lunch,COCO,MH,90.0,140.0,4.0,220.0,0,1,63.63636363636363,90.0,0-100,60%-70%
Madno,2026-10-02,WK 40,Thakur Village,Swiggy,Snacks,COCO,MH,486.0,462.0,22.32,908.0,0,3,50.881057268722465,162.0,100-200,50%-60%
Madno,2026-10-02,WK 40,Thakur Village,Zomato,Dinner,COCO,MH,630.0,50.0,31.5,660.0,0,2,7.575757575757576,315.0,300-400,1%-10%
Madno,2026-10-02,WK 40,Thakur Village,Zomato,Late Night,COCO,MH,341.0,271.0,17.06,592.0,0,1,45.77702702702703,341.0,300-400,40%-50%
Frozen Bottle,2026-10-02,WK 40,Thanjavur,In Store,Breakfast,FOFO,TN,727.0,0.0,36.34,727.0,0,1,0.0,727.0,600-900,0%
Frozen Bottle,2026-10-02,WK 40,Thanjavur,In Store,Dinner,FOFO,TN,3678.85,0.0,183.98,3678.85,0,9,0.0,408.7611111111111,400-500,0%
Frozen Bottle,2026-10-02,WK 40,Thanjavur,In Store,Late Night,FOFO,TN,1106.85,0.0,55.36,1106.85,0,2,0.0,553.425,500-600,0%
Frozen Bottle,2026-10-02,WK 40,Thanjavur,In Store,Lunch,FOFO,TN,3401.0,0.0,170.10000000000002,3401.0,0,7,0.0,485.85714285714283,400-500,0%
Frozen Bottle,2026-10-02,WK 40,Thanjavur,In Store,Snacks,FOFO,TN,3380.0,0.0,169.04,3380.0,0,7,0.0,482.85714285714283,400-500,0%
Frozen Bottle,2026-10-02,WK 40,Thanjavur,Swiggy,Dinner,FOFO,TN,2503.26,429.74,120.7,2843.0,0,6,15.115722827998592,417.21000000000004,400-500,10%-20%
Frozen Bottle,2026-10-02,WK 40,Thanjavur,Swiggy,Late Night,FOFO,TN,1441.4099999999999,336.59,69.08,1718.0,0,2,19.591967403958087,720.7049999999999,600-900,10%-20%
Frozen Bottle,2026-10-02,WK 40,Thanjavur,Swiggy,Lunch,FOFO,TN,1272.6,253.4,60.64,1466.0,0,2,17.285129604365622,636.3,600-900,10%-20%
Frozen Bottle,2026-10-02,WK 40,Thanjavur,Swiggy,Snacks,FOFO,TN,2954.01,194.99,142.72,3049.0,0,4,6.3952115447687765,738.5025,600-900,1%-10%
Frozen Bottle,2026-10-02,WK 40,Thanjavur,Zomato,Breakfast,FOFO,TN,306.4,71.6,15.32,358.0,0,1,20.0,306.4,300-400,10%-20%
Frozen Bottle,2026-10-02,WK 40,Thanjavur,Zomato,Dinner,FOFO,TN,2603.6,618.4,130.18,3092.0,0,4,20.0,650.9,600-900,10%-20%
Frozen Bottle,2026-10-02,WK 40,Thanjavur,Zomato,Lunch,FOFO,TN,2314.8,556.2,115.74,2781.0,0,5,20.0,462.96000000000004,400-500,10%-20%
Frozen Bottle,2026-10-02,WK 40,Thanjavur,Zomato,Snacks,FOFO,TN,1707.6,404.4,85.38,2022.0,0,4,20.0,426.9,400-500,10%-20%
Boba Bar,2026-10-02,WK 40,Thiruvalla,Swiggy,Breakfast,COCO,Kerela,291.0,0.0,14.06,281.0,0,1,0.0,291.0,200-300,0%
Boba Bar,2026-10-02,WK 40,Thiruvalla,Swiggy,Lunch,COCO,Kerela,158.0,133.0,7.4,281.0,0,1,47.330960854092524,158.0,100-200,40%-50%
Frozen Bottle,2026-10-02,WK 40,Thiruvalla,In Store,Breakfast,COCO,Kerela,886.0,0.0,44.3,886.0,0,2,0.0,443.0,400-500,0%
Frozen Bottle,2026-10-02,WK 40,Thiruvalla,In Store,Dinner,COCO,Kerela,3352.0,0.0,167.6,3352.0,0,8,0.0,419.0,400-500,0%
Frozen Bottle,2026-10-02,WK 40,Thiruvalla,In Store,Lunch,COCO,Kerela,1681.0,0.0,84.08,1681.0,0,4,0.0,420.25,400-500,0%
Frozen Bottle,2026-10-02,WK 40,Thiruvalla,In Store,Snacks,COCO,Kerela,1340.0,0.0,67.02,1340.0,0,6,0.0,223.33333333333334,200-300,0%
Frozen Bottle,2026-10-02,WK 40,Thiruvalla,Swiggy,Dinner,COCO,Kerela,1613.6399999999999,1278.3600000000001,74.24,2762.0,0,8,46.283852280955834,201.70499999999998,200-300,40%-50%
Frozen Bottle,2026-10-02,WK 40,Thiruvalla,Swiggy,Lunch,COCO,Kerela,969.0,711.0,45.5,1620.0,0,5,43.888888888888886,193.8,100-200,40%-50%
Frozen Bottle,2026-10-02,WK 40,Thiruvalla,Swiggy,Snacks,COCO,Kerela,1242.0,576.0,58.6,1748.0,0,5,32.951945080091534,248.4,200-300,30%-40%
Frozen Bottle,2026-10-02,WK 40,Thiruvalla,Zomato,Dinner,COCO,Kerela,648.0,150.0,32.42,768.0,0,2,19.53125,324.0,300-400,10%-20%
Frozen Bottle,2026-10-02,WK 40,Thiruvalla,Zomato,Lunch,COCO,Kerela,1528.7,304.3,76.44,1773.0,0,5,17.163000564015793,305.74,300-400,10%-20%
Frozen Bottle,2026-10-02,WK 40,Thiruvalla,Zomato,Snacks,COCO,Kerela,2084.0,205.0,104.22,2209.0,0,4,9.280217292892711,521.0,500-600,1%-10%
Madno,2026-10-02,WK 40,Thiruvalla,Swiggy,Dinner,COCO,Kerela,493.0,324.0,22.66,777.0,0,2,41.6988416988417,246.5,200-300,40%-50%
Madno,2026-10-02,WK 40,Thiruvalla,Swiggy,Lunch,COCO,Kerela,432.0,400.0,19.6,792.0,0,1,50.505050505050505,432.0,400-500,50%-60%
Madno,2026-10-02,WK 40,Thiruvalla,Swiggy,Snacks,COCO,Kerela,407.0,340.0,18.86,717.0,0,2,47.41980474198048,203.5,200-300,40%-50%
Madno,2026-10-02,WK 40,Thiruvalla,Zomato,Lunch,COCO,Kerela,316.5,245.5,15.84,542.0,0,2,45.29520295202952,158.25,100-200,40%-50%
Frozen Bottle,2026-10-02,WK 40,Thiruvananthpuram,In Store,Closing,FOFO,Kerela,9.5,0.0,0.48,9.5,0,1,0.0,9.5,0-100,0%
Frozen Bottle,2026-10-02,WK 40,Thiruvananthpuram,In Store,Dinner,FOFO,Kerela,4047.0,0.0,202.39999999999998,4047.0,0,11,0.0,367.90909090909093,300-400,0%
Frozen Bottle,2026-10-02,WK 40,Thiruvananthpuram,In Store,Late Night,FOFO,Kerela,337.0,0.0,16.86,337.0,0,2,0.0,168.5,100-200,0%
Frozen Bottle,2026-10-02,WK 40,Thiruvananthpuram,In Store,Lunch,FOFO,Kerela,258.0,0.0,12.9,258.0,0,1,0.0,258.0,200-300,0%
Frozen Bottle,2026-10-02,WK 40,Thiruvananthpuram,In Store,Snacks,FOFO,Kerela,446.0,0.0,22.32,446.0,0,2,0.0,223.0,200-300,0%
Frozen Bottle,2026-10-02,WK 40,Thiruvananthpuram,Swiggy,Breakfast,FOFO,Kerela,169.0,110.0,8.46,279.0,0,1,39.42652329749104,169.0,100-200,30%-40%
Frozen Bottle,2026-10-02,WK 40,Thiruvananthpuram,Swiggy,Closing,FOFO,Kerela,960.02,199.98,46.5,1130.0,0,1,17.69734513274336,960.02,>900,10%-20%
Frozen Bottle,2026-10-02,WK 40,Thiruvananthpuram,Swiggy,Dinner,FOFO,Kerela,3749.04,1015.96,179.5,4605.0,0,10,22.062106406080346,374.904,300-400,20%-30%
Frozen Bottle,2026-10-02,WK 40,Thiruvananthpuram,Swiggy,Late Night,FOFO,Kerela,671.0,0.0,32.56,651.0,0,1,0.0,671.0,600-900,0%
Frozen Bottle,2026-10-02,WK 40,Thiruvananthpuram,Swiggy,Lunch,FOFO,Kerela,3788.02,1247.98,180.92000000000002,4866.0,0,8,25.646937936703658,473.5025,400-500,20%-30%
Frozen Bottle,2026-10-02,WK 40,Thiruvananthpuram,Swiggy,Snacks,FOFO,Kerela,1944.0,823.0,92.72,2677.0,0,5,30.7433694434068,388.8,300-400,30%-40%
Frozen Bottle,2026-10-02,WK 40,Thiruvananthpuram,Zomato,Dinner,FOFO,Kerela,1104.0,756.0,55.22,1800.0,0,4,42.0,276.0,200-300,40%-50%
Frozen Bottle,2026-10-02,WK 40,Thiruvananthpuram,Zomato,Late Night,FOFO,Kerela,436.8,205.2,21.86,612.0,0,1,33.52941176470588,436.8,400-500,30%-40%
Frozen Bottle,2026-10-02,WK 40,Thiruvananthpuram,Zomato,Snacks,FOFO,Kerela,349.0,171.0,17.46,500.0,0,2,34.2,174.5,100-200,30%-40%
Madno,2026-10-02,WK 40,Thiruvananthpuram,Swiggy,Closing,FOFO,Kerela,702.0,0.0,34.1,682.0,0,1,0.0,702.0,600-900,0%
Madno,2026-10-02,WK 40,Thiruvananthpuram,Swiggy,Dinner,FOFO,Kerela,608.0,0.0,28.9,578.0,0,1,0.0,608.0,600-900,0%
Madno,2026-10-02,WK 40,Thiruvananthpuram,Swiggy,Snacks,FOFO,Kerela,826.0,83.0,40.3,889.0,0,2,9.336332958380202,413.0,400-500,1%-10%
Madno,2026-10-02,WK 40,Thiruvananthpuram,Zomato,Dinner,FOFO,Kerela,301.0,0.0,15.06,291.0,0,1,0.0,301.0,300-400,0%
Madno,2026-10-02,WK 40,Thiruvananthpuram,Zomato,Late Night,FOFO,Kerela,200.0,0.0,10.0,190.0,0,1,0.0,200.0,100-200,0%
Madno,2026-10-02,WK 40,Thiruvananthpuram,Zomato,Lunch,FOFO,Kerela,310.0,0.0,15.5,300.0,0,1,0.0,310.0,300-400,0%
Frozen Bottle,2026-10-02,WK 40,Thoraipakkam,In Store,Dinner,COCO,TN,381.23,0.0,19.080000000000002,381.23,0,3,0.0,127.07666666666667,100-200,0%
Frozen Bottle,2026-10-02,WK 40,Thoraipakkam,In Store,Lunch,COCO,TN,229.0,0.0,11.46,229.0,0,1,0.0,229.0,200-300,0%
Frozen Bottle,2026-10-02,WK 40,Thoraipakkam,In Store,Snacks,COCO,TN,352.0,0.0,17.64,352.0,0,4,0.0,88.0,0-100,0%
Frozen Bottle,2026-10-02,WK 40,Thoraipakkam,Swiggy,Dinner,COCO,TN,3434.63,2000.37,162.74,5255.0,0,13,38.06603235014272,264.2023076923077,200-300,30%-40%
Frozen Bottle,2026-10-02,WK 40,Thoraipakkam,Swiggy,Late Night,COCO,TN,1760.02,826.98,83.02,2487.0,0,4,33.252110977080825,440.005,400-500,30%-40%
Frozen Bottle,2026-10-02,WK 40,Thoraipakkam,Swiggy,Lunch,COCO,TN,448.63,449.37,20.439999999999998,858.0,0,3,52.37412587412587,149.54333333333332,100-200,50%-60%
Frozen Bottle,2026-10-02,WK 40,Thoraipakkam,Swiggy,Snacks,COCO,TN,5044.6,2290.4,239.28,7075.0,0,15,32.373144876325085,336.3066666666667,300-400,30%-40%
Frozen Bottle,2026-10-02,WK 40,Thoraipakkam,Zomato,Dinner,COCO,TN,954.9,494.1,47.760000000000005,1399.0,0,4,35.3180843459614,238.725,200-300,30%-40%
Frozen Bottle,2026-10-02,WK 40,Thoraipakkam,Zomato,Late Night,COCO,TN,264.0,245.0,13.22,489.0,0,1,50.10224948875256,264.0,200-300,50%-60%
Frozen Bottle,2026-10-02,WK 40,Thoraipakkam,Zomato,Lunch,COCO,TN,1314.5,685.5,65.74,1940.0,0,3,35.33505154639175,438.1666666666667,400-500,30%-40%
Frozen Bottle,2026-10-02,WK 40,Thoraipakkam,Zomato,Snacks,COCO,TN,921.5,287.5,46.08,1169.0,0,4,24.59366980325064,230.375,200-300,20%-30%
Madno,2026-10-02,WK 40,Thoraipakkam,Swiggy,Dinner,COCO,TN,713.0,543.0,33.16,1206.0,0,3,45.024875621890544,237.66666666666666,200-300,40%-50%
Madno,2026-10-02,WK 40,Thoraipakkam,Swiggy,Lunch,COCO,TN,909.02,509.98,41.96,1349.0,0,3,37.80429948109711,303.00666666666666,300-400,30%-40%
Madno,2026-10-02,WK 40,Thoraipakkam,Swiggy,Snacks,COCO,TN,983.0,354.0,46.68,1287.0,0,5,27.505827505827508,196.6,100-200,20%-30%
Madno,2026-10-02,WK 40,Thoraipakkam,Zomato,Dinner,COCO,TN,208.0,0.0,10.4,198.0,0,1,0.0,208.0,200-300,0%
Madno,2026-10-02,WK 40,Thoraipakkam,Zomato,Late Night,COCO,TN,200.0,180.0,10.0,360.0,0,1,50.0,200.0,100-200,40%-50%
Madno,2026-10-02,WK 40,Thoraipakkam,Zomato,Snacks,COCO,TN,201.0,0.0,10.06,191.0,0,1,0.0,201.0,200-300,0%
Frozen Bottle,2026-10-02,WK 40,Tirunelveli,In Store,Breakfast,FOFO,TN,517.0,0.0,25.86,517.0,0,1,0.0,517.0,500-600,0%
Frozen Bottle,2026-10-02,WK 40,Tirunelveli,In Store,Dinner,FOFO,TN,2879.23,0.0,144.04,2879.23,0,11,0.0,261.7481818181818,200-300,0%
Frozen Bottle,2026-10-02,WK 40,Tirunelveli,In Store,Lunch,FOFO,TN,2715.0,0.0,135.79999999999998,2715.0,0,6,0.0,452.5,400-500,0%
Frozen Bottle,2026-10-02,WK 40,Tirunelveli,In Store,Snacks,FOFO,TN,1412.0,0.0,70.61999999999999,1412.0,0,4,0.0,353.0,300-400,0%
Frozen Bottle,2026-10-02,WK 40,Tirunelveli,Swiggy,Dinner,FOFO,TN,689.0,0.0,33.46,669.0,0,2,0.0,344.5,300-400,0%
Frozen Bottle,2026-10-02,WK 40,Tirunelveli,Swiggy,Lunch,FOFO,TN,829.0,0.0,39.96,799.0,0,2,0.0,414.5,400-500,0%
Frozen Bottle,2026-10-02,WK 40,Tirunelveli,Swiggy,Snacks,FOFO,TN,249.0,0.0,11.96,239.0,0,1,0.0,249.0,200-300,0%
Frozen Bottle,2026-10-02,WK 40,Tirunelveli,Zomato,Dinner,FOFO,TN,1896.0,0.0,94.8,1846.0,0,3,0.0,632.0,600-900,0%
Frozen Bottle,2026-10-02,WK 40,Tirunelveli,Zomato,Snacks,FOFO,TN,209.0,0.0,10.46,199.0,0,1,0.0,209.0,200-300,0%
Frozen Bottle,2026-10-02,WK 40,Tirupati,In Store,Dinner,FOFO,AP & TL,5000.28,0.0,250.12,5000.28,0,19,0.0,263.17263157894735,200-300,0%
Frozen Bottle,2026-10-02,WK 40,Tirupati,In Store,Lunch,FOFO,AP & TL,8049.84,0.0,402.52,8049.84,0,23,0.0,349.99304347826086,300-400,0%
Frozen Bottle,2026-10-02,WK 40,Tirupati,In Store,Snacks,FOFO,AP & TL,7832.71,0.0,391.76,7832.71,0,22,0.0,356.03227272727275,300-400,0%
Frozen Bottle,2026-10-02,WK 40,Tirupati,Swiggy,Dinner,FOFO,AP & TL,2850.9,58.1,137.56,2809.0,0,4,2.0683517265930935,712.725,600-900,1%-10%
Frozen Bottle,2026-10-02,WK 40,Tirupati,Swiggy,Lunch,FOFO,AP & TL,574.0,26.0,27.7,580.0,0,2,4.482758620689655,287.0,200-300,1%-10%
Frozen Bottle,2026-10-02,WK 40,Tirupati,Zomato,Dinner,FOFO,AP & TL,1021.8,110.2,51.1,1102.0,0,3,10.0,340.59999999999997,300-400,1%-10%
Frozen Bottle,2026-10-02,WK 40,Tirupati,Zomato,Lunch,FOFO,AP & TL,189.1,19.9,9.46,199.0,0,1,10.0,189.1,100-200,1%-10%
Frozen Bottle,2026-10-02,WK 40,Tirupati,Zomato,Snacks,FOFO,AP & TL,1430.0,100.0,71.5,1490.0,0,1,6.7114093959731544,1430.0,>900,1%-10%
Frozen Bottle,2026-10-02,WK 40,Tirupati-2,In Store,Breakfast,FOFO,AP & TL,803.0,0.0,40.16,803.0,0,3,0.0,267.6666666666667,200-300,0%
Frozen Bottle,2026-10-02,WK 40,Tirupati-2,In Store,Dinner,FOFO,AP & TL,8421.13,0.0,421.12,8421.13,0,23,0.0,366.1360869565217,300-400,0%
Frozen Bottle,2026-10-02,WK 40,Tirupati-2,In Store,Lunch,FOFO,AP & TL,2545.31,0.0,127.34,2545.31,0,13,0.0,195.7930769230769,100-200,0%
Frozen Bottle,2026-10-02,WK 40,Tirupati-2,In Store,Snacks,FOFO,AP & TL,7369.73,0.0,368.62,7369.73,0,25,0.0,294.7892,200-300,0%
Frozen Bottle,2026-10-02,WK 40,Tirupati-2,Swiggy,Dinner,FOFO,AP & TL,3418.2,390.79999999999995,165.4,3699.0,0,4,10.565017572316842,854.55,600-900,10%-20%
Frozen Bottle,2026-10-02,WK 40,Tirupati-2,Swiggy,Lunch,FOFO,AP & TL,548.1,69.9,26.42,598.0,0,2,11.688963210702342,274.05,200-300,10%-20%
Frozen Bottle,2026-10-02,WK 40,Tirupati-2,Swiggy,Snacks,FOFO,AP & TL,1066.1,29.9,51.300000000000004,1056.0,0,2,2.8314393939393936,533.05,500-600,1%-10%
Frozen Bottle,2026-10-02,WK 40,Tirupati-2,Zomato,Dinner,FOFO,AP & TL,569.0,61.0,28.46,610.0,0,1,10.0,569.0,500-600,1%-10%
Frozen Bottle,2026-10-02,WK 40,Tirupati-2,Zomato,Lunch,FOFO,AP & TL,1937.1,33.9,96.88000000000001,1881.0,0,2,1.802232854864434,968.55,>900,1%-10%
Frozen Bottle,2026-10-02,WK 40,Tirupati-2,Zomato,Snacks,FOFO,AP & TL,315.1,33.9,15.76,339.0,0,1,10.0,315.1,300-400,1%-10%
Frozen Bottle,2026-10-02,WK 40,Tiruvallur,In Store,Dinner,FOFO,TN,468.0,0.0,23.42,468.0,0,2,0.0,234.0,200-300,0%
Frozen Bottle,2026-10-02,WK 40,Tiruvallur,In Store,Lunch,FOFO,TN,2579.23,0.0,129.0,2579.23,0,6,0.0,429.87166666666667,400-500,0%
Frozen Bottle,2026-10-02,WK 40,Tiruvallur,In Store,Snacks,FOFO,TN,968.23,0.0,48.42,968.23,0,4,0.0,242.0575,200-300,0%
Frozen Bottle,2026-10-02,WK 40,Tiruvallur,Swiggy,Dinner,FOFO,TN,1879.0,0.0,90.96000000000001,1819.0,0,2,0.0,939.5,>900,0%
Frozen Bottle,2026-10-02,WK 40,Tiruvallur,Swiggy,Lunch,FOFO,TN,1020.0,0.0,49.0,980.0,0,3,0.0,340.0,300-400,0%
Frozen Bottle,2026-10-02,WK 40,Tiruvallur,Zomato,Lunch,FOFO,TN,1130.8,270.2,56.540000000000006,1351.0,0,2,20.0,565.4,500-600,10%-20%
Frozen Bottle,2026-10-02,WK 40,Tiruvallur,Zomato,Snacks,FOFO,TN,589.0,150.0,29.44,709.0,0,1,21.156558533145276,589.0,500-600,20%-30%
Frozen Bottle,2026-10-02,WK 40,Trichy,In Store,Dinner,FOFO,TN,4349.55,0.0,217.48,4349.55,0,12,0.0,362.46250000000003,300-400,0%
Frozen Bottle,2026-10-02,WK 40,Trichy,In Store,Late Night,FOFO,TN,607.0,0.0,30.36,607.0,0,1,0.0,607.0,600-900,0%
Frozen Bottle,2026-10-02,WK 40,Trichy,In Store,Lunch,FOFO,TN,6476.33,0.0,323.82,6476.33,0,11,0.0,588.7572727272727,500-600,0%
Frozen Bottle,2026-10-02,WK 40,Trichy,In Store,Snacks,FOFO,TN,972.0,0.0,48.6,972.0,0,2,0.0,486.0,400-500,0%
Frozen Bottle,2026-10-02,WK 40,Trichy,Swiggy,Dinner,FOFO,TN,2633.0,315.0,126.68,2848.0,0,5,11.060393258426966,526.6,500-600,10%-20%
Frozen Bottle,2026-10-02,WK 40,Trichy,Swiggy,Lunch,FOFO,TN,849.26,269.74,40.46,1079.0,0,1,24.999073215940687,849.26,600-900,20%-30%
Frozen Bottle,2026-10-02,WK 40,Trichy,Swiggy,Snacks,FOFO,TN,1547.02,319.98,74.38,1807.0,0,4,17.70780298837853,386.755,300-400,10%-20%
Frozen Bottle,2026-10-02,WK 40,Trichy,Zomato,Breakfast,FOFO,TN,747.6,179.4,37.38,897.0,0,1,20.0,747.6,600-900,10%-20%
Frozen Bottle,2026-10-02,WK 40,Trichy,Zomato,Dinner,FOFO,TN,1304.8,311.2,65.24,1556.0,0,2,20.0,652.4,600-900,10%-20%
Frozen Bottle,2026-10-02,WK 40,Trichy,Zomato,Snacks,FOFO,TN,323.2,75.8,16.16,379.0,0,1,20.0,323.2,300-400,10%-20%
Frozen Bottle,2026-10-02,WK 40,Tumkur,In Store,Dinner,COCO,KA,1623.8,103.2,81.24,1727.0,0,9,5.975680370584829,180.42222222222222,100-200,1%-10%
Frozen Bottle,2026-10-02,WK 40,Tumkur,In Store,Lunch,COCO,KA,2266.33,0.0,113.36,2266.33,0,8,0.0,283.29125,200-300,0%
Frozen Bottle,2026-10-02,WK 40,Tumkur,In Store,Snacks,COCO,KA,2046.0,0.0,102.34,2046.0,0,5,0.0,409.2,400-500,0%
Frozen Bottle,2026-10-02,WK 40,Tumkur,Swiggy,Dinner,COCO,KA,610.0,450.0,28.5,1020.0,0,3,44.11764705882353,203.33333333333334,200-300,40%-50%
Frozen Bottle,2026-10-02,WK 40,Tumkur,Swiggy,Lunch,COCO,KA,2329.0,1097.0,110.98,3316.0,0,5,33.08202653799759,465.8,400-500,30%-40%
Frozen Bottle,2026-10-02,WK 40,Tumkur,Swiggy,Snacks,COCO,KA,308.0,252.0,14.4,540.0,0,2,46.666666666666664,154.0,100-200,40%-50%
Frozen Bottle,2026-10-02,WK 40,Tumkur,Zomato,Dinner,COCO,KA,540.0,300.0,27.0,810.0,0,3,37.03703703703704,180.0,100-200,30%-40%
Frozen Bottle,2026-10-02,WK 40,Tumkur,Zomato,Lunch,COCO,KA,1369.0,354.99,68.5,1653.99,0,4,21.462644876933958,342.25,300-400,20%-30%
Frozen Bottle,2026-10-02,WK 40,Tumkur,Zomato,Snacks,COCO,KA,542.5,237.5,27.12,750.0,0,3,31.666666666666664,180.83333333333334,100-200,30%-40%
Madno,2026-10-02,WK 40,Tumkur,Swiggy,Breakfast,COCO,KA,98.0,140.0,4.4,228.0,0,1,61.40350877192983,98.0,0-100,60%-70%
Madno,2026-10-02,WK 40,Tumkur,Swiggy,Dinner,COCO,KA,440.34000000000003,461.99,19.52,852.33,0,3,54.203184212687574,146.78,100-200,50%-60%
Madno,2026-10-02,WK 40,Tumkur,Swiggy,Lunch,COCO,KA,742.0,651.0,34.1,1333.0,0,4,48.837209302325576,185.5,100-200,40%-50%
Madno,2026-10-02,WK 40,Tumkur,Swiggy,Snacks,COCO,KA,208.0,0.0,9.9,198.0,0,1,0.0,208.0,200-300,0%
Madno,2026-10-02,WK 40,Tumkur,Zomato,Dinner,COCO,KA,579.0,211.0,28.96,750.0,0,2,28.133333333333333,289.5,200-300,20%-30%
Madno,2026-10-02,WK 40,Tumkur,Zomato,Lunch,COCO,KA,136.5,127.83,6.84,244.33,0,1,52.31858551958417,136.5,100-200,50%-60%
Madno,2026-10-02,WK 40,Tumkur,Zomato,Snacks,COCO,KA,108.55,120.45,5.42,219.0,0,1,55.00000000000001,108.55,100-200,50%-60%
Frozen Bottle,2026-10-02,WK 40,Ujjain,In Store,Dinner,FOFO,ROI,832.0,0.0,41.62,832.0,0,3,0.0,277.3333333333333,200-300,0%
Frozen Bottle,2026-10-02,WK 40,Ujjain,In Store,Late Night,FOFO,ROI,1183.05,0.0,59.16,1183.05,0,1,0.0,1183.05,>900,0%
Frozen Bottle,2026-10-02,WK 40,Ujjain,In Store,Lunch,FOFO,ROI,845.0,0.0,42.26,845.0,0,2,0.0,422.5,400-500,0%
Frozen Bottle,2026-10-02,WK 40,Ujjain,In Store,Snacks,FOFO,ROI,779.23,0.0,38.980000000000004,779.23,0,3,0.0,259.74333333333334,200-300,0%
Frozen Bottle,2026-10-02,WK 40,Ujjain,Swiggy,Dinner,FOFO,ROI,822.0,0.0,39.6,792.0,0,2,0.0,411.0,400-500,0%
Frozen Bottle,2026-10-02,WK 40,Ujjain,Swiggy,Late Night,FOFO,ROI,302.0,0.0,14.1,282.0,0,1,0.0,302.0,300-400,0%
Frozen Bottle,2026-10-02,WK 40,Ujjain,Swiggy,Snacks,FOFO,ROI,300.0,0.0,14.5,290.0,0,1,0.0,300.0,200-300,0%
Frozen Bottle,2026-10-02,WK 40,Ujjain,Zomato,Dinner,FOFO,ROI,705.0,315.0,35.28,980.0,0,4,32.142857142857146,176.25,100-200,30%-40%
Frozen Bottle,2026-10-02,WK 40,Ujjain,Zomato,Late Night,FOFO,ROI,547.0,80.0,27.36,597.0,0,1,13.400335008375208,547.0,500-600,10%-20%
Frozen Bottle,2026-10-02,WK 40,Ujjain,Zomato,Lunch,FOFO,ROI,936.0,205.0,46.82,1111.0,0,2,18.45184518451845,468.0,400-500,10%-20%
Frozen Bottle,2026-10-02,WK 40,Ujjain,Zomato,Snacks,FOFO,ROI,130.0,80.0,6.5,200.0,0,1,40.0,130.0,100-200,30%-40%
Frozen Bottle,2026-10-02,WK 40,Ulwe,Swiggy,Dinner,FOFO,MH,653.0,166.0,31.66,799.0,0,2,20.77596996245307,326.5,300-400,20%-30%
Frozen Bottle,2026-10-02,WK 40,Ulwe,Swiggy,Late Night,FOFO,MH,839.0,301.0,39.96,1100.0,0,2,27.363636363636363,419.5,400-500,20%-30%
Frozen Bottle,2026-10-02,WK 40,Ulwe,Swiggy,Lunch,FOFO,MH,751.0,529.0,35.06,1230.0,0,2,43.00813008130081,375.5,300-400,40%-50%
Frozen Bottle,2026-10-02,WK 40,Ulwe,Swiggy,Snacks,FOFO,MH,347.0,242.0,16.36,569.0,0,2,42.53075571177504,173.5,100-200,40%-50%
Frozen Bottle,2026-10-02,WK 40,Ulwe,Zomato,Dinner,FOFO,MH,245.0,75.0,12.26,310.0,0,1,24.193548387096776,245.0,200-300,20%-30%
Frozen Bottle,2026-10-02,WK 40,Ulwe,Zomato,Lunch,FOFO,MH,286.0,175.0,14.3,451.0,0,1,38.80266075388026,286.0,200-300,30%-40%
Madno,2026-10-02,WK 40,Ulwe,Zomato,Lunch,FOFO,MH,128.8,79.2,6.44,198.0,0,1,40.0,128.8,100-200,30%-40%
Madno,2026-10-02,WK 40,Ulwe,Zomato,Snacks,FOFO,MH,128.8,79.2,6.44,198.0,0,1,40.0,128.8,100-200,30%-40%
Frozen Bottle,2026-10-02,WK 40,Undri,Swiggy,Dinner,FOFO,MH,210.0,0.0,10.0,200.0,0,1,0.0,210.0,200-300,0%
Frozen Bottle,2026-10-02,WK 40,Undri,Swiggy,Late Night,FOFO,MH,535.0,135.0,25.76,650.0,0,1,20.76923076923077,535.0,500-600,20%-30%
Frozen Bottle,2026-10-02,WK 40,Undri,Swiggy,Snacks,FOFO,MH,246.0,45.0,11.8,281.0,0,1,16.014234875444842,246.0,200-300,10%-20%
Frozen Bottle,2026-10-02,WK 40,Undri,Zomato,Closing,FOFO,MH,265.0,75.0,13.26,330.0,0,1,22.727272727272727,265.0,200-300,20%-30%
Frozen Bottle,2026-10-02,WK 40,Undri,Zomato,Dinner,FOFO,MH,878.3,190.7,43.92,1029.0,0,3,18.53255587949465,292.76666666666665,200-300,10%-20%
Frozen Bottle,2026-10-02,WK 40,Undri,Zomato,Late Night,FOFO,MH,962.0,0.0,48.1,922.0,0,1,0.0,962.0,>900,0%
Frozen Bottle,2026-10-02,WK 40,Undri,Zomato,Snacks,FOFO,MH,290.0,50.0,14.5,330.0,0,1,15.151515151515152,290.0,200-300,10%-20%
Frozen Bottle,2026-10-02,WK 40,Urapakkam CK,Swiggy,Dinner,COCO,TN,2264.01,1315.99,107.74000000000001,3470.0,0,7,37.92478386167147,323.43,300-400,30%-40%
Frozen Bottle,2026-10-02,WK 40,Urapakkam CK,Swiggy,Late Night,COCO,TN,214.0,126.0,10.2,330.0,0,1,38.18181818181819,214.0,200-300,30%-40%
Frozen Bottle,2026-10-02,WK 40,Urapakkam CK,Swiggy,Lunch,COCO,TN,842.66,377.98,39.64,1170.6399999999999,0,3,32.28832091847195,280.88666666666666,200-300,30%-40%
Frozen Bottle,2026-10-02,WK 40,Urapakkam CK,Swiggy,Snacks,COCO,TN,614.01,126.99,29.72,721.0,0,2,17.6130374479889,307.005,300-400,10%-20%
Frozen Bottle,2026-10-02,WK 40,Urapakkam CK,Zomato,Dinner,COCO,TN,1092.6,556.4,54.64,1599.0,0,3,34.796747967479675,364.2,300-400,30%-40%
Frozen Bottle,2026-10-02,WK 40,Urapakkam CK,Zomato,Late Night,COCO,TN,246.0,75.0,12.3,311.0,0,1,24.115755627009648,246.0,200-300,20%-30%
Frozen Bottle,2026-10-02,WK 40,Urapakkam CK,Zomato,Lunch,COCO,TN,441.0,50.0,22.04,471.0,0,1,10.615711252653929,441.0,400-500,10%-20%
Frozen Bottle,2026-10-02,WK 40,Urapakkam CK,Zomato,Snacks,COCO,TN,1296.5,282.5,64.84,1519.0,0,3,18.597761685319288,432.1666666666667,400-500,10%-20%
Madno,2026-10-02,WK 40,Urapakkam CK,Swiggy,Lunch,COCO,TN,634.0,198.0,29.700000000000003,792.0,0,2,25.0,317.0,300-400,20%-30%
Madno,2026-10-02,WK 40,Urapakkam CK,Zomato,Late Night,COCO,TN,308.0,90.0,15.4,378.0,0,1,23.809523809523807,308.0,300-400,20%-30%
Madno,2026-10-02,WK 40,Urapakkam CK,Zomato,Lunch,COCO,TN,108.55,120.45,5.42,219.0,0,1,55.00000000000001,108.55,100-200,50%-60%
Boba Bar,2026-10-02,WK 40,Vadapalani,Swiggy,Lunch,FOFO,TN,267.35,334.65,12.36,582.0,0,1,57.49999999999999,267.35,200-300,50%-60%
Boba Bar,2026-10-02,WK 40,Vadapalani,Swiggy,Snacks,FOFO,TN,380.36,420.64,17.02,761.0,0,1,55.27463863337714,380.36,300-400,50%-60%
Frozen Bottle,2026-10-02,WK 40,Vadapalani,In Store,Dinner,FOFO,TN,2920.66,0.0,146.06,2920.66,0,8,0.0,365.0825,300-400,0%
Frozen Bottle,2026-10-02,WK 40,Vadapalani,In Store,Lunch,FOFO,TN,534.0,0.0,26.700000000000003,534.0,0,3,0.0,178.0,100-200,0%
Frozen Bottle,2026-10-02,WK 40,Vadapalani,Swiggy,Closing,FOFO,TN,406.0,36.0,19.3,422.0,0,1,8.530805687203792,406.0,400-500,1%-10%
Frozen Bottle,2026-10-02,WK 40,Vadapalani,Swiggy,Dinner,FOFO,TN,3130.05,391.95000000000005,150.02,3392.0,0,8,11.555129716981133,391.25625,300-400,10%-20%
Frozen Bottle,2026-10-02,WK 40,Vadapalani,Swiggy,Late Night,FOFO,TN,691.69,148.31,33.08,810.0,0,2,18.309876543209878,345.845,300-400,10%-20%
Frozen Bottle,2026-10-02,WK 40,Vadapalani,Swiggy,Lunch,FOFO,TN,3544.52,376.48,171.78,3811.0,0,8,9.878771975859355,443.065,400-500,1%-10%
Frozen Bottle,2026-10-02,WK 40,Vadapalani,Swiggy,Snacks,FOFO,TN,2956.86,667.14,141.84,3504.0,0,7,19.039383561643834,422.40857142857146,400-500,10%-20%
Frozen Bottle,2026-10-02,WK 40,Vadapalani,Zomato,Breakfast,FOFO,TN,702.0,200.0,35.1,882.0,0,1,22.67573696145125,702.0,600-900,20%-30%
Frozen Bottle,2026-10-02,WK 40,Vadapalani,Zomato,Dinner,FOFO,TN,3229.33,825.0,161.48,3924.33,0,8,21.0226968680004,403.66625,400-500,20%-30%
Frozen Bottle,2026-10-02,WK 40,Vadapalani,Zomato,Late Night,FOFO,TN,685.0,244.0,34.26,889.0,0,3,27.44656917885264,228.33333333333334,200-300,20%-30%
Frozen Bottle,2026-10-02,WK 40,Vadapalani,Zomato,Lunch,FOFO,TN,664.0,225.0,33.2,859.0,0,2,26.193247962747378,332.0,300-400,20%-30%
Frozen Bottle,2026-10-02,WK 40,Vadapalani,Zomato,Snacks,FOFO,TN,841.0,180.0,42.06,991.0,0,3,18.163471241170534,280.3333333333333,200-300,10%-20%
Madno,2026-10-02,WK 40,Vadapalani,Swiggy,Dinner,FOFO,TN,1981.98,1151.72,92.58,3003.7,0,6,38.343376502313816,330.33,300-400,30%-40%
Madno,2026-10-02,WK 40,Vadapalani,Swiggy,Late Night,FOFO,TN,817.37,476.48,38.86,1253.85,0,2,38.001355824061896,408.685,400-500,30%-40%
Madno,2026-10-02,WK 40,Vadapalani,Zomato,Dinner,FOFO,TN,602.0,0.0,30.12,572.0,0,3,0.0,200.66666666666666,200-300,0%
Madno,2026-10-02,WK 40,Vadapalani,Zomato,Late Night,FOFO,TN,423.0,108.0,21.16,511.0,0,2,21.135029354207436,211.5,200-300,20%-30%
Madno,2026-10-02,WK 40,Vadapalani,Zomato,Lunch,FOFO,TN,176.18,80.0,8.8,236.18,0,1,33.87247014988568,176.18,100-200,30%-40%
Madno,2026-10-02,WK 40,Vadapalani,Zomato,Snacks,FOFO,TN,565.0,205.0,28.259999999999998,740.0,0,3,27.7027027027027,188.33333333333334,100-200,20%-30%
Boba Bar,2026-10-02,WK 40,Valsarvakkam,Swiggy,Dinner,COCO,TN,157.0,133.0,7.36,280.0,0,1,47.5,157.0,100-200,40%-50%
Boba Bar,2026-10-02,WK 40,Valsarvakkam,Swiggy,Lunch,COCO,TN,605.0,266.0,28.759999999999998,841.0,0,2,31.62901307966706,302.5,300-400,30%-40%
Boba Bar,2026-10-02,WK 40,Valsarvakkam,Swiggy,Snacks,COCO,TN,138.0,133.0,6.4,261.0,0,1,50.95785440613027,138.0,100-200,50%-60%
Boba Bar,2026-10-02,WK 40,Valsarvakkam,Zomato,Dinner,COCO,TN,618.5,199.5,30.92,798.0,0,2,25.0,309.25,300-400,20%-30%
Boba Bar,2026-10-02,WK 40,Valsarvakkam,Zomato,Lunch,COCO,TN,301.0,100.0,15.04,381.0,0,1,26.246719160104988,301.0,300-400,20%-30%
Frozen Bottle,2026-10-02,WK 40,Valsarvakkam,In Store,Dinner,COCO,TN,11092.69,0.0,554.82,11092.69,0,39,0.0,284.4279487179487,200-300,0%
Frozen Bottle,2026-10-02,WK 40,Valsarvakkam,In Store,Late Night,COCO,TN,179.0,0.0,8.96,179.0,0,1,0.0,179.0,100-200,0%
Frozen Bottle,2026-10-02,WK 40,Valsarvakkam,In Store,Lunch,COCO,TN,1309.0,0.0,65.46000000000001,1309.0,0,5,0.0,261.8,200-300,0%
Frozen Bottle,2026-10-02,WK 40,Valsarvakkam,In Store,Snacks,COCO,TN,4366.15,138.08,218.34,4504.23,0,14,3.065562815397971,311.86785714285713,300-400,1%-10%
Frozen Bottle,2026-10-02,WK 40,Valsarvakkam,Swiggy,Dinner,COCO,TN,13182.04,6278.62,626.72,18810.66,0,38,33.377988863761296,346.89578947368426,300-400,30%-40%
Frozen Bottle,2026-10-02,WK 40,Valsarvakkam,Swiggy,Late Night,COCO,TN,4381.02,2373.64,207.14,6514.66,0,17,36.43536270503756,257.70705882352945,200-300,30%-40%
Frozen Bottle,2026-10-02,WK 40,Valsarvakkam,Swiggy,Lunch,COCO,TN,5993.01,3117.99,283.7,8791.0,0,19,35.46797861449209,315.42157894736846,300-400,30%-40%
Frozen Bottle,2026-10-02,WK 40,Valsarvakkam,Swiggy,Snacks,COCO,TN,5435.0,3247.0,257.28000000000003,8392.0,0,21,38.69161105815062,258.8095238095238,200-300,30%-40%
Frozen Bottle,2026-10-02,WK 40,Valsarvakkam,Zomato,Dinner,COCO,TN,5268.0,2298.0,263.48,7306.0,0,18,31.453599781001916,292.6666666666667,200-300,30%-40%
Frozen Bottle,2026-10-02,WK 40,Valsarvakkam,Zomato,Late Night,COCO,TN,3356.0,3122.0,167.86,6268.0,0,10,49.8085513720485,335.6,300-400,40%-50%
Frozen Bottle,2026-10-02,WK 40,Valsarvakkam,Zomato,Lunch,COCO,TN,4932.98,1769.02,246.66,6482.0,0,11,27.29126812712126,448.45272727272726,400-500,20%-30%
Frozen Bottle,2026-10-02,WK 40,Valsarvakkam,Zomato,Snacks,COCO,TN,2301.9,1100.1,115.14,3272.0,0,6,33.62163814180929,383.65000000000003,300-400,30%-40%
Madno,2026-10-02,WK 40,Valsarvakkam,Swiggy,Dinner,COCO,TN,3317.5,1538.2,155.44,4645.7,0,12,33.110187915707,276.4583333333333,200-300,30%-40%
Madno,2026-10-02,WK 40,Valsarvakkam,Swiggy,Late Night,COCO,TN,140.0,140.0,6.5,270.0,0,1,51.85185185185185,140.0,100-200,50%-60%
Madno,2026-10-02,WK 40,Valsarvakkam,Swiggy,Lunch,COCO,TN,1614.0,830.0,76.22,2354.0,0,8,35.259133389974515,201.75,200-300,30%-40%
Madno,2026-10-02,WK 40,Valsarvakkam,Swiggy,Snacks,COCO,TN,694.0,478.0,32.2,1122.0,0,4,42.60249554367201,173.5,100-200,40%-50%
Madno,2026-10-02,WK 40,Valsarvakkam,Zomato,Dinner,COCO,TN,1624.55,808.78,81.24,2343.33,0,5,34.514131599049215,324.90999999999997,300-400,30%-40%
Madno,2026-10-02,WK 40,Valsarvakkam,Zomato,Late Night,COCO,TN,581.0,371.0,29.06,922.0,0,2,40.23861171366595,290.5,200-300,40%-50%
Madno,2026-10-02,WK 40,Valsarvakkam,Zomato,Snacks,COCO,TN,961.0,391.0,48.080000000000005,1302.0,0,4,30.030721966205835,240.25,200-300,30%-40%
Boba Bar,2026-10-02,WK 40,Vashi,Swiggy,Snacks,FOFO,MH,198.0,182.0,9.9,380.0,0,1,47.89473684210526,198.0,100-200,40%-50%
Frozen Bottle,2026-10-02,WK 40,Vashi,Swiggy,Closing,FOFO,MH,338.0,0.0,15.9,318.0,0,1,0.0,338.0,300-400,0%
Frozen Bottle,2026-10-02,WK 40,Vashi,Swiggy,Dinner,FOFO,MH,3642.5299999999997,1527.47,173.18,4990.0,0,10,30.61062124248497,364.253,300-400,30%-40%
Frozen Bottle,2026-10-02,WK 40,Vashi,Swiggy,Late Night,FOFO,MH,244.0,45.0,11.7,279.0,0,1,16.129032258064516,244.0,200-300,10%-20%
Frozen Bottle,2026-10-02,WK 40,Vashi,Swiggy,Lunch,FOFO,MH,1570.0,1379.0,74.52000000000001,2869.0,0,5,48.065528058556986,314.0,300-400,40%-50%
Frozen Bottle,2026-10-02,WK 40,Vashi,Swiggy,Snacks,FOFO,MH,590.5,309.5,27.520000000000003,860.0,0,2,35.98837209302326,295.25,200-300,30%-40%
Frozen Bottle,2026-10-02,WK 40,Vashi,Zomato,Closing,FOFO,MH,958.8,361.2,47.94,1290.0,0,1,27.999999999999996,958.8,>900,20%-30%
Frozen Bottle,2026-10-02,WK 40,Vashi,Zomato,Dinner,FOFO,MH,953.0,475.0,47.66,1378.0,0,4,34.47024673439768,238.25,200-300,30%-40%
Frozen Bottle,2026-10-02,WK 40,Vashi,Zomato,Lunch,FOFO,MH,180.0,100.0,9.0,270.0,0,1,37.03703703703704,180.0,100-200,30%-40%
Frozen Bottle,2026-10-02,WK 40,Vashi,Zomato,Snacks,FOFO,MH,814.0,475.0,40.72,1249.0,0,4,38.03042433947157,203.5,200-300,30%-40%
Madno,2026-10-02,WK 40,Vashi,Swiggy,Late Night,FOFO,MH,80.0,120.0,3.5,190.0,0,1,63.1578947368421,80.0,0-100,60%-70%
Boba Bar,2026-10-02,WK 40,Velachery,Swiggy,Late Night,COCO,TN,256.0,203.0,11.8,439.0,0,1,46.24145785876993,256.0,200-300,40%-50%
Boba Bar,2026-10-02,WK 40,Velachery,Zomato,Dinner,COCO,TN,426.75,115.25,21.34,522.0,0,1,22.078544061302683,426.75,400-500,20%-30%
Frozen Bottle,2026-10-02,WK 40,Velachery,In Store,Dinner,COCO,TN,2933.0,0.0,146.70000000000002,2933.0,0,8,0.0,366.625,300-400,0%
Frozen Bottle,2026-10-02,WK 40,Velachery,In Store,Lunch,COCO,TN,1848.0,0.0,92.46000000000001,1848.0,0,8,0.0,231.0,200-300,0%
Frozen Bottle,2026-10-02,WK 40,Velachery,In Store,Snacks,COCO,TN,3784.04,1360.66,189.24,5144.7,0,13,26.44780064921181,291.08,200-300,20%-30%
Frozen Bottle,2026-10-02,WK 40,Velachery,Swiggy,Dinner,COCO,TN,3593.64,1033.3600000000001,171.7,4467.0,0,10,23.133199014998883,359.364,300-400,20%-30%
Frozen Bottle,2026-10-02,WK 40,Velachery,Swiggy,Late Night,COCO,TN,2197.0,1618.33,102.38,3665.33,0,10,44.152368272433854,219.7,200-300,40%-50%
Frozen Bottle,2026-10-02,WK 40,Velachery,Swiggy,Lunch,COCO,TN,1215.0,746.0,57.78,1901.0,0,5,39.24250394529195,243.0,200-300,30%-40%
Frozen Bottle,2026-10-02,WK 40,Velachery,Swiggy,Snacks,COCO,TN,4244.01,3318.99,199.26,7303.0,0,12,45.44693961385732,353.6675,300-400,40%-50%
Frozen Bottle,2026-10-02,WK 40,Velachery,Zomato,Dinner,COCO,TN,2190.7,775.29,109.56,2865.99,0,7,27.05138538515487,312.95714285714286,300-400,20%-30%
Frozen Bottle,2026-10-02,WK 40,Velachery,Zomato,Late Night,COCO,TN,270.0,250.0,13.5,500.0,0,1,50.0,270.0,200-300,40%-50%
Frozen Bottle,2026-10-02,WK 40,Velachery,Zomato,Lunch,COCO,TN,1496.8,624.2,74.86,2051.0,0,5,30.433934666016583,299.36,200-300,30%-40%
Madno,2026-10-02,WK 40,Velachery,Swiggy,Dinner,COCO,TN,340.0,62.0,16.02,382.0,0,2,16.230366492146597,170.0,100-200,10%-20%
Madno,2026-10-02,WK 40,Velachery,Swiggy,Snacks,COCO,TN,496.0,444.85,22.8,900.85,0,1,49.38114003441195,496.0,400-500,40%-50%
Madno,2026-10-02,WK 40,Velachery,Zomato,Dinner,COCO,TN,208.0,0.0,10.4,198.0,0,1,0.0,208.0,200-300,0%
Madno,2026-10-02,WK 40,Velachery,Zomato,Lunch,COCO,TN,607.0,75.0,30.36,652.0,0,2,11.503067484662576,303.5,300-400,10%-20%
Madno,2026-10-02,WK 40,Velachery,Zomato,Snacks,COCO,TN,517.0,211.0,25.86,688.0,0,2,30.668604651162788,258.5,200-300,30%-40%
Boba Bar,2026-10-02,WK 40,Vellore,Swiggy,Dinner,COCO,TN,167.0,133.0,7.86,290.0,0,1,45.86206896551724,167.0,100-200,40%-50%
Boba Bar,2026-10-02,WK 40,Vellore,Swiggy,Late Night,COCO,TN,198.0,133.0,9.4,321.0,0,1,41.43302180685358,198.0,100-200,40%-50%
Boba Bar,2026-10-02,WK 40,Vellore,Swiggy,Lunch,COCO,TN,483.0,417.0,22.16,860.0,0,2,48.48837209302326,241.5,200-300,40%-50%
Boba Bar,2026-10-02,WK 40,Vellore,Zomato,Dinner,COCO,TN,662.25,210.75,33.12,843.0,0,1,25.0,662.25,600-900,20%-30%
Frozen Bottle,2026-10-02,WK 40,Vellore,In Store,Dinner,COCO,TN,1491.0,0.0,74.56,1491.0,0,4,0.0,372.75,300-400,0%
Frozen Bottle,2026-10-02,WK 40,Vellore,In Store,Lunch,COCO,TN,2000.85,0.0,100.06,2000.85,0,6,0.0,333.47499999999997,300-400,0%
Frozen Bottle,2026-10-02,WK 40,Vellore,In Store,Snacks,COCO,TN,2200.23,113.77,110.08,2314.0,0,10,4.9165946413137425,220.023,200-300,1%-10%
Frozen Bottle,2026-10-02,WK 40,Vellore,Swiggy,Dinner,COCO,TN,4657.09,2468.76,218.38,6835.85,0,13,36.114894270646666,358.2376923076923,300-400,30%-40%
Frozen Bottle,2026-10-02,WK 40,Vellore,Swiggy,Late Night,COCO,TN,398.0,190.0,18.42,558.0,0,2,34.05017921146953,199.0,100-200,30%-40%
Frozen Bottle,2026-10-02,WK 40,Vellore,Swiggy,Lunch,COCO,TN,2400.64,762.36,115.06,3063.0,0,5,24.889324191968658,480.128,400-500,20%-30%
Frozen Bottle,2026-10-02,WK 40,Vellore,Swiggy,Snacks,COCO,TN,1473.0,934.0,68.7,2307.0,0,5,40.48547897702644,294.6,200-300,40%-50%
Frozen Bottle,2026-10-02,WK 40,Vellore,Zomato,Dinner,COCO,TN,780.0,350.0,39.0,1090.0,0,3,32.11009174311927,260.0,200-300,30%-40%
Frozen Bottle,2026-10-02,WK 40,Vellore,Zomato,Late Night,COCO,TN,351.0,321.0,17.56,652.0,0,1,49.233128834355824,351.0,300-400,40%-50%
Frozen Bottle,2026-10-02,WK 40,Vellore,Zomato,Lunch,COCO,TN,1911.1399999999999,943.73,95.64,2784.85,0,3,33.88800114907446,637.0466666666666,600-900,30%-40%
Frozen Bottle,2026-10-02,WK 40,Vellore,Zomato,Snacks,COCO,TN,394.5,295.5,19.74,670.0,0,1,44.1044776119403,394.5,300-400,40%-50%
Madno,2026-10-02,WK 40,Vellore,Swiggy,Dinner,COCO,TN,158.0,32.0,7.4,180.0,0,1,17.77777777777778,158.0,100-200,10%-20%
Madno,2026-10-02,WK 40,Vellore,Swiggy,Late Night,COCO,TN,90.0,140.0,4.0,220.0,0,1,63.63636363636363,90.0,0-100,60%-70%
Madno,2026-10-02,WK 40,Vellore,Swiggy,Lunch,COCO,TN,1253.0,853.85,57.160000000000004,1996.85,0,3,42.75984675864487,417.6666666666667,400-500,40%-50%
Madno,2026-10-02,WK 40,Vellore,Swiggy,Snacks,COCO,TN,1019.01,925.84,46.46,1854.85,0,3,49.91454834622746,339.67,300-400,40%-50%
Madno,2026-10-02,WK 40,Vellore,Zomato,Snacks,COCO,TN,260.0,0.0,13.0,250.0,0,1,0.0,260.0,200-300,0%
Frozen Bottle,2026-10-02,WK 40,Vidyaranyapura,In Store,Dinner,FOFO,KA,5595.46,0.0,279.88,5595.46,0,18,0.0,310.8588888888889,300-400,0%
Frozen Bottle,2026-10-02,WK 40,Vidyaranyapura,In Store,Lunch,FOFO,KA,2126.33,0.0,106.34,2126.33,0,4,0.0,531.5825,500-600,0%
Frozen Bottle,2026-10-02,WK 40,Vidyaranyapura,In Store,Snacks,FOFO,KA,1692.23,0.0,84.64,1692.23,0,6,0.0,282.03833333333336,200-300,0%
Frozen Bottle,2026-10-02,WK 40,Vidyaranyapura,Swiggy,Dinner,FOFO,KA,1013.0,1070.0,50.68,2083.0,0,4,51.36821891502641,253.25,200-300,50%-60%
Frozen Bottle,2026-10-02,WK 40,Vidyaranyapura,Swiggy,Lunch,FOFO,KA,1178.0,438.0,57.900000000000006,1596.0,0,3,27.44360902255639,392.6666666666667,300-400,20%-30%
Frozen Bottle,2026-10-02,WK 40,Vidyaranyapura,Swiggy,Snacks,FOFO,KA,1159.0,0.0,56.46,1129.0,0,2,0.0,579.5,500-600,0%
Frozen Bottle,2026-10-02,WK 40,Vidyaranyapura,Zomato,Closing,FOFO,KA,160.0,80.0,8.0,230.0,0,1,34.78260869565217,160.0,100-200,30%-40%
Frozen Bottle,2026-10-02,WK 40,Vidyaranyapura,Zomato,Dinner,FOFO,KA,512.0,100.0,25.62,592.0,0,2,16.89189189189189,256.0,200-300,10%-20%
Frozen Bottle,2026-10-02,WK 40,Vidyaranyapura,Zomato,Lunch,FOFO,KA,878.0,80.0,43.92,918.0,0,3,8.714596949891067,292.6666666666667,200-300,1%-10%
Frozen Bottle,2026-10-02,WK 40,Vidyaranyapura,Zomato,Snacks,FOFO,KA,369.0,50.0,18.46,409.0,0,1,12.224938875305623,369.0,300-400,10%-20%
Boba Bar,2026-10-02,WK 40,Vijaywada,Swiggy,Dinner,FOFO,AP & TL,439.0,152.0,20.96,571.0,0,2,26.619964973730298,219.5,200-300,20%-30%
Boba Bar,2026-10-02,WK 40,Vijaywada,Swiggy,Late Night,FOFO,AP & TL,442.26,118.74,21.12,541.0,0,1,21.948243992606283,442.26,400-500,20%-30%
Boba Bar,2026-10-02,WK 40,Vijaywada,Swiggy,Lunch,FOFO,AP & TL,802.0,190.0,38.1,952.0,0,2,19.95798319327731,401.0,400-500,10%-20%
Boba Bar,2026-10-02,WK 40,Vijaywada,Swiggy,Snacks,FOFO,AP & TL,562.45,27.55,27.119999999999997,570.0,0,2,4.833333333333333,281.225,200-300,1%-10%
Boba Bar,2026-10-02,WK 40,Vijaywada,Zomato,Late Night,FOFO,AP & TL,169.0,0.0,8.46,159.0,0,1,0.0,169.0,100-200,0%
Boba Bar,2026-10-02,WK 40,Vijaywada,Zomato,Snacks,FOFO,AP & TL,311.0,0.0,15.56,301.0,0,1,0.0,311.0,300-400,0%
Frozen Bottle,2026-10-02,WK 40,Vijaywada,In Store,Dinner,FOFO,AP & TL,2954.0,0.0,147.76,2954.0,0,10,0.0,295.4,200-300,0%
Frozen Bottle,2026-10-02,WK 40,Vijaywada,In Store,Late Night,FOFO,AP & TL,1571.0,0.0,78.56,1571.0,0,5,0.0,314.2,300-400,0%
Frozen Bottle,2026-10-02,WK 40,Vijaywada,In Store,Lunch,FOFO,AP & TL,1083.0,0.0,54.16,1083.0,0,4,0.0,270.75,200-300,0%
Frozen Bottle,2026-10-02,WK 40,Vijaywada,In Store,Snacks,FOFO,AP & TL,2993.0,0.0,149.7,2993.0,0,7,0.0,427.57142857142856,400-500,0%
Frozen Bottle,2026-10-02,WK 40,Vijaywada,Swiggy,Breakfast,FOFO,AP & TL,1092.9,74.1,52.16,1117.0,0,4,6.633840644583707,273.225,200-300,1%-10%
Frozen Bottle,2026-10-02,WK 40,Vijaywada,Swiggy,Dinner,FOFO,AP & TL,3637.0,715.0,175.38,4222.0,0,9,16.935101847465656,404.1111111111111,400-500,10%-20%
Frozen Bottle,2026-10-02,WK 40,Vijaywada,Swiggy,Late Night,FOFO,AP & TL,1838.01,97.99000000000001,87.9,1856.0,0,5,5.279633620689656,367.602,300-400,1%-10%
Frozen Bottle,2026-10-02,WK 40,Vijaywada,Swiggy,Lunch,FOFO,AP & TL,846.0,72.0,40.82,888.0,0,3,8.108108108108109,282.0,200-300,1%-10%
Frozen Bottle,2026-10-02,WK 40,Vijaywada,Swiggy,Snacks,FOFO,AP & TL,2044.7,283.3,98.24,2248.0,0,5,12.602313167259787,408.94,400-500,10%-20%
Frozen Bottle,2026-10-02,WK 40,Vijaywada,Zomato,Breakfast,FOFO,AP & TL,1000.0,200.0,50.0,1160.0,0,2,17.24137931034483,500.0,400-500,10%-20%
Frozen Bottle,2026-10-02,WK 40,Vijaywada,Zomato,Closing,FOFO,AP & TL,2020.0,0.0,101.0,1980.0,0,1,0.0,2020.0,>900,0%
Frozen Bottle,2026-10-02,WK 40,Vijaywada,Zomato,Dinner,FOFO,AP & TL,2031.0,350.0,101.56,2301.0,0,5,15.210777922642329,406.2,400-500,10%-20%
Frozen Bottle,2026-10-02,WK 40,Vijaywada,Zomato,Late Night,FOFO,AP & TL,1127.0,100.0,56.38,1177.0,0,3,8.496176720475786,375.6666666666667,300-400,1%-10%
Frozen Bottle,2026-10-02,WK 40,Vijaywada,Zomato,Lunch,FOFO,AP & TL,1072.0,246.0,53.599999999999994,1268.0,0,3,19.400630914826497,357.3333333333333,300-400,10%-20%
Frozen Bottle,2026-10-02,WK 40,Vijaywada,Zomato,Snacks,FOFO,AP & TL,193.2,45.8,9.66,229.0,0,1,20.0,193.2,100-200,10%-20%
Madno,2026-10-02,WK 40,Vijaywada,Swiggy,Breakfast,FOFO,AP & TL,150.0,80.0,7.0,220.0,0,1,36.36363636363637,150.0,100-200,30%-40%
Madno,2026-10-02,WK 40,Vijaywada,Swiggy,Closing,FOFO,AP & TL,761.01,177.99,36.06,899.0,0,3,19.798665183537263,253.67,200-300,10%-20%
Madno,2026-10-02,WK 40,Vijaywada,Swiggy,Dinner,FOFO,AP & TL,1757.01,304.99,83.88,1982.0,0,5,15.387991927346114,351.402,300-400,10%-20%
Madno,2026-10-02,WK 40,Vijaywada,Swiggy,Late Night,FOFO,AP & TL,351.01,49.99,16.56,381.0,0,1,13.120734908136484,351.01,300-400,10%-20%
Madno,2026-10-02,WK 40,Vijaywada,Swiggy,Lunch,FOFO,AP & TL,1355.01,174.99,64.75999999999999,1470.0,0,4,11.904081632653062,338.7525,300-400,10%-20%
Madno,2026-10-02,WK 40,Vijaywada,Swiggy,Snacks,FOFO,AP & TL,508.0,72.0,24.4,560.0,0,2,12.857142857142856,254.0,200-300,10%-20%
Madno,2026-10-02,WK 40,Vijaywada,Zomato,Dinner,FOFO,AP & TL,400.4,45.6,20.02,426.0,0,2,10.704225352112678,200.2,200-300,10%-20%
Madno,2026-10-02,WK 40,Vijaywada,Zomato,Late Night,FOFO,AP & TL,208.0,0.0,10.4,198.0,0,1,0.0,208.0,200-300,0%
Madno,2026-10-02,WK 40,Vijaywada,Zomato,Lunch,FOFO,AP & TL,200.0,0.0,10.0,190.0,0,1,0.0,200.0,100-200,0%
Madno,2026-10-02,WK 40,Vijaywada,Zomato,Snacks,FOFO,AP & TL,492.0,100.0,24.6,562.0,0,2,17.793594306049823,246.0,200-300,10%-20%
Frozen Bottle,2026-10-02,WK 40,Vikhroli,In Store,Dinner,FOFO,MH,1716.0,0.0,85.82,1716.0,0,7,0.0,245.14285714285714,200-300,0%
Frozen Bottle,2026-10-02,WK 40,Vikhroli,In Store,Lunch,FOFO,MH,218.0,0.0,10.9,218.0,0,1,0.0,218.0,200-300,0%
Frozen Bottle,2026-10-02,WK 40,Vikhroli,In Store,Snacks,FOFO,MH,1889.0,0.0,94.48,1889.0,0,6,0.0,314.8333333333333,300-400,0%
Frozen Bottle,2026-10-02,WK 40,Vikhroli,Swiggy,Dinner,FOFO,MH,1677.0,0.0,80.84,1617.0,0,2,0.0,838.5,600-900,0%
Frozen Bottle,2026-10-02,WK 40,Vikhroli,Swiggy,Lunch,FOFO,MH,340.0,0.0,16.5,330.0,0,1,0.0,340.0,300-400,0%
Frozen Bottle,2026-10-02,WK 40,Vikhroli,Swiggy,Snacks,FOFO,MH,240.0,0.0,11.5,230.0,0,1,0.0,240.0,200-300,0%
Frozen Bottle,2026-10-02,WK 40,Vikhroli,Zomato,Dinner,FOFO,MH,582.0,0.0,29.12,562.0,0,1,0.0,582.0,500-600,0%
Boba Bar,2026-10-02,WK 40,Vimannagar,Zomato,Snacks,FOFO,MH,542.0,0.0,27.1,522.0,0,1,0.0,542.0,500-600,0%
Frozen Bottle,2026-10-02,WK 40,Vimannagar,In Store,Dinner,FOFO,MH,3163.0,0.0,158.2,3163.0,0,11,0.0,287.54545454545456,200-300,0%
Frozen Bottle,2026-10-02,WK 40,Vimannagar,In Store,Lunch,FOFO,MH,239.0,0.0,11.96,239.0,0,1,0.0,239.0,200-300,0%
Frozen Bottle,2026-10-02,WK 40,Vimannagar,In Store,Snacks,FOFO,MH,428.0,0.0,21.4,428.0,0,1,0.0,428.0,400-500,0%
Frozen Bottle,2026-10-02,WK 40,Vimannagar,Swiggy,Dinner,FOFO,MH,290.0,0.0,14.0,280.0,0,1,0.0,290.0,200-300,0%
Frozen Bottle,2026-10-02,WK 40,Vimannagar,Swiggy,Late Night,FOFO,MH,1478.0,0.0,72.4,1448.0,0,1,0.0,1478.0,>900,0%
Frozen Bottle,2026-10-02,WK 40,Vimannagar,Swiggy,Lunch,FOFO,MH,310.0,0.0,15.0,300.0,0,1,0.0,310.0,300-400,0%
Frozen Bottle,2026-10-02,WK 40,Vimannagar,Swiggy,Snacks,FOFO,MH,1156.0,132.0,57.32,1278.0,0,4,10.328638497652582,289.0,200-300,10%-20%
Frozen Bottle,2026-10-02,WK 40,Vimannagar,Zomato,Late Night,FOFO,MH,850.0,200.01,42.480000000000004,1010.01,0,2,19.802774229958118,425.0,400-500,10%-20%
Frozen Bottle,2026-10-02,WK 40,Vimannagar,Zomato,Snacks,FOFO,MH,531.0,0.0,26.56,511.0,0,1,0.0,531.0,500-600,0%
Madno,2026-10-02,WK 40,Vimannagar,Zomato,Late Night,FOFO,MH,459.6,159.4,23.0,599.0,0,2,26.611018363939902,229.8,200-300,20%-30%
Boba Bar,2026-10-02,WK 40,Virar,Swiggy,Closing,COCO,MH,100.01,136.17,5.0,236.18,0,1,57.65517825387416,100.01,100-200,50%-60%
Boba Bar,2026-10-02,WK 40,Virar,Swiggy,Dinner,COCO,MH,198.0,182.0,9.9,380.0,0,1,47.89473684210526,198.0,100-200,40%-50%
Boba Bar,2026-10-02,WK 40,Virar,Swiggy,Snacks,COCO,MH,167.0,133.0,7.86,290.0,0,1,45.86206896551724,167.0,100-200,40%-50%
Boba Bar,2026-10-02,WK 40,Virar,Zomato,Late Night,COCO,MH,220.75,70.25,11.04,281.0,0,1,25.0,220.75,200-300,20%-30%
Frozen Bottle,2026-10-02,WK 40,Virar,In Store,Dinner,COCO,MH,7823.08,0.0,391.28,7823.08,0,28,0.0,279.3957142857143,200-300,0%
Frozen Bottle,2026-10-02,WK 40,Virar,In Store,Late Night,COCO,MH,377.0,0.0,18.86,377.0,0,2,0.0,188.5,100-200,0%
Frozen Bottle,2026-10-02,WK 40,Virar,In Store,Lunch,COCO,MH,924.0,0.0,46.22,924.0,0,4,0.0,231.0,200-300,0%
Frozen Bottle,2026-10-02,WK 40,Virar,In Store,Snacks,COCO,MH,3337.0,0.0,166.9,3337.0,0,12,0.0,278.0833333333333,200-300,0%
Frozen Bottle,2026-10-02,WK 40,Virar,Swiggy,Dinner,COCO,MH,703.26,624.74,32.66,1278.0,0,5,48.88419405320814,140.652,100-200,40%-50%
Frozen Bottle,2026-10-02,WK 40,Virar,Swiggy,Lunch,COCO,MH,446.0,323.0,20.82,739.0,0,2,43.707713125845736,223.0,200-300,40%-50%
Frozen Bottle,2026-10-02,WK 40,Virar,Swiggy,Snacks,COCO,MH,1793.63,1534.37,82.22,3178.0,0,7,48.28099433606041,256.23285714285714,200-300,40%-50%
Frozen Bottle,2026-10-02,WK 40,Virar,Zomato,Closing,COCO,MH,657.5,511.5,32.88,1129.0,0,1,45.30558015943313,657.5,600-900,40%-50%
Frozen Bottle,2026-10-02,WK 40,Virar,Zomato,Dinner,COCO,MH,4539.03,2535.63,227.04,6814.66,0,16,37.20845940956703,283.689375,200-300,30%-40%
Frozen Bottle,2026-10-02,WK 40,Virar,Zomato,Late Night,COCO,MH,1299.0,989.0,64.98,2208.0,0,5,44.79166666666667,259.8,200-300,40%-50%
Frozen Bottle,2026-10-02,WK 40,Virar,Zomato,Lunch,COCO,MH,1428.0,910.0,71.42,2258.0,0,4,40.30115146147033,357.0,300-400,40%-50%
Frozen Bottle,2026-10-02,WK 40,Virar,Zomato,Snacks,COCO,MH,1685.05,1075.95,84.3,2651.0,0,5,40.58657110524331,337.01,300-400,40%-50%
Madno,2026-10-02,WK 40,Virar,Swiggy,Dinner,COCO,MH,456.0,307.0,21.8,743.0,0,2,41.318977119784655,228.0,200-300,40%-50%
Madno,2026-10-02,WK 40,Virar,Swiggy,Late Night,COCO,MH,258.0,184.0,12.9,442.0,0,1,41.6289592760181,258.0,200-300,40%-50%
Madno,2026-10-02,WK 40,Virar,Swiggy,Lunch,COCO,MH,783.0,382.0,36.66,1115.0,0,3,34.26008968609865,261.0,200-300,30%-40%
Madno,2026-10-02,WK 40,Virar,Swiggy,Snacks,COCO,MH,68.0,73.0,3.4,141.0,0,1,51.77304964539007,68.0,0-100,50%-60%
Madno,2026-10-02,WK 40,Virar,Zomato,Dinner,COCO,MH,321.0,80.0,16.04,381.0,0,1,20.99737532808399,321.0,300-400,20%-30%
Madno,2026-10-02,WK 40,Virar,Zomato,Late Night,COCO,MH,200.0,0.0,10.0,190.0,0,1,0.0,200.0,100-200,0%
Madno,2026-10-02,WK 40,Virar,Zomato,Snacks,COCO,MH,320.5,300.5,16.02,601.0,0,1,50.0,320.5,300-400,40%-50%
Boba Bar,2026-10-02,WK 40,Wagholi - CF CK,Zomato,Dinner,COCO,MH,240.0,50.0,12.0,280.0,0,1,17.857142857142858,240.0,200-300,10%-20%
Frozen Bottle,2026-10-02,WK 40,Wagholi - CF CK,Swiggy,Dinner,COCO,MH,3804.91,2489.09,178.3,6054.0,0,14,41.11480013214404,271.7792857142857,200-300,40%-50%
Frozen Bottle,2026-10-02,WK 40,Wagholi - CF CK,Swiggy,Late Night,COCO,MH,1809.01,1051.99,85.48,2761.0,0,6,38.1017747193046,301.50166666666667,300-400,30%-40%
Frozen Bottle,2026-10-02,WK 40,Wagholi - CF CK,Swiggy,Lunch,COCO,MH,83.63,125.37,3.68,199.0,0,1,63.0,83.63,0-100,60%-70%
Frozen Bottle,2026-10-02,WK 40,Wagholi - CF CK,Swiggy,Snacks,COCO,MH,1010.0,442.0,47.019999999999996,1382.0,0,4,31.982633863965265,252.5,200-300,30%-40%
Frozen Bottle,2026-10-02,WK 40,Wagholi - CF CK,Zomato,Dinner,COCO,MH,3810.8,2288.2,190.56,5899.0,0,10,38.789625360230545,381.08000000000004,300-400,30%-40%
Frozen Bottle,2026-10-02,WK 40,Wagholi - CF CK,Zomato,Late Night,COCO,MH,1348.0,989.0,67.42,2247.0,0,5,44.01424121050289,269.6,200-300,40%-50%
Frozen Bottle,2026-10-02,WK 40,Wagholi - CF CK,Zomato,Lunch,COCO,MH,996.0,425.0,49.82,1371.0,0,3,30.999270605397523,332.0,300-400,30%-40%
Frozen Bottle,2026-10-02,WK 40,Wagholi - CF CK,Zomato,Snacks,COCO,MH,1340.5,407.5,67.02,1688.0,0,4,24.140995260663505,335.125,300-400,20%-30%
Madno,2026-10-02,WK 40,Wagholi - CF CK,Swiggy,Dinner,COCO,MH,436.0,461.0,19.8,857.0,0,3,53.79229871645275,145.33333333333334,100-200,50%-60%
Madno,2026-10-02,WK 40,Wagholi - CF CK,Swiggy,Lunch,COCO,MH,609.01,337.99,28.46,907.0,0,2,37.26460859977949,304.505,300-400,30%-40%
Madno,2026-10-02,WK 40,Wagholi - CF CK,Swiggy,Snacks,COCO,MH,206.0,233.0,9.8,429.0,0,2,54.312354312354316,103.0,100-200,50%-60%
Madno,2026-10-02,WK 40,Wagholi - CF CK,Zomato,Breakfast,COCO,MH,200.0,0.0,10.0,190.0,0,1,0.0,200.0,100-200,0%
Madno,2026-10-02,WK 40,Wagholi - CF CK,Zomato,Dinner,COCO,MH,994.0,456.0,49.7,1400.0,0,3,32.57142857142858,331.3333333333333,300-400,30%-40%
Madno,2026-10-02,WK 40,Wagholi - CF CK,Zomato,Late Night,COCO,MH,1752.05,510.95,87.6,2183.0,0,5,23.405863490609253,350.40999999999997,300-400,20%-30%
Madno,2026-10-02,WK 40,Wagholi - CF CK,Zomato,Lunch,COCO,MH,542.0,321.0,27.12,833.0,0,1,38.53541416566627,542.0,500-600,30%-40%
Madno,2026-10-02,WK 40,Wagholi - CF CK,Zomato,Snacks,COCO,MH,495.0,105.0,24.74,580.0,0,1,18.103448275862068,495.0,400-500,10%-20%
Frozen Bottle,2026-10-02,WK 40,Wakad 2,In Store,Dinner,FOFO,MH,3155.9700000000003,0.0,157.84,3155.9700000000003,0,12,0.0,262.9975,200-300,0%
Frozen Bottle,2026-10-02,WK 40,Wakad 2,In Store,Lunch,FOFO,MH,260.33,0.0,13.02,260.33,0,3,0.0,86.77666666666666,0-100,0%
Frozen Bottle,2026-10-02,WK 40,Wakad 2,In Store,Snacks,FOFO,MH,1034.0,199.0,51.72,1233.0,0,4,16.13949716139497,258.5,200-300,10%-20%
Frozen Bottle,2026-10-02,WK 40,Wakad 2,Swiggy,Dinner,FOFO,MH,3232.0,700.0,153.6,3772.0,0,8,18.55779427359491,404.0,400-500,10%-20%
Frozen Bottle,2026-10-02,WK 40,Wakad 2,Swiggy,Late Night,FOFO,MH,580.0,0.0,28.0,560.0,0,2,0.0,290.0,200-300,0%
Frozen Bottle,2026-10-02,WK 40,Wakad 2,Swiggy,Lunch,FOFO,MH,1311.01,179.99,63.06,1441.0,0,3,12.490631505898682,437.00333333333333,400-500,10%-20%
Frozen Bottle,2026-10-02,WK 40,Wakad 2,Zomato,Lunch,FOFO,MH,1398.0,0.0,69.92,1358.0,0,4,0.0,349.5,300-400,0%
Boba Bar,2026-10-02,WK 40,Whitefield,Swiggy,Snacks,COCO,KA,168.0,160.0,7.92,318.0,0,2,50.314465408805034,84.0,0-100,50%-60%
Frozen Bottle,2026-10-02,WK 40,Whitefield,In Store,Dinner,COCO,KA,4661.36,0.0,233.16,4661.36,0,18,0.0,258.96444444444444,200-300,0%
Frozen Bottle,2026-10-02,WK 40,Whitefield,In Store,Lunch,COCO,KA,1610.0,0.0,80.54,1610.0,0,6,0.0,268.3333333333333,200-300,0%
Frozen Bottle,2026-10-02,WK 40,Whitefield,In Store,Snacks,COCO,KA,1355.79,123.77,67.84,1479.56,0,9,8.36532482629971,150.64333333333332,100-200,1%-10%
Frozen Bottle,2026-10-02,WK 40,Whitefield,Ownly,Dinner,COCO,KA,546.0,0.0,27.299999999999997,546.0,0,2,0.0,273.0,200-300,0%
Frozen Bottle,2026-10-02,WK 40,Whitefield,Ownly,Lunch,COCO,KA,170.85,0.0,8.54,170.85,0,1,0.0,170.85,100-200,0%
Frozen Bottle,2026-10-02,WK 40,Whitefield,Swiggy,Breakfast,COCO,KA,426.0,243.0,20.3,649.0,0,2,37.442218798151,213.0,200-300,30%-40%
Frozen Bottle,2026-10-02,WK 40,Whitefield,Swiggy,Dinner,COCO,KA,6007.01,3453.32,287.42,9200.33,0,21,37.53474060169581,286.04809523809524,200-300,30%-40%
Frozen Bottle,2026-10-02,WK 40,Whitefield,Swiggy,Late Night,COCO,KA,1021.01,513.99,47.58,1465.0,0,4,35.08464163822526,255.2525,200-300,30%-40%
Frozen Bottle,2026-10-02,WK 40,Whitefield,Swiggy,Lunch,COCO,KA,2679.01,1072.99,128.5,3642.0,0,9,29.461559582646895,297.6677777777778,200-300,20%-30%
Frozen Bottle,2026-10-02,WK 40,Whitefield,Swiggy,Snacks,COCO,KA,3070.0,2169.0,147.06,5109.0,0,11,42.454492072812684,279.09090909090907,200-300,40%-50%
Frozen Bottle,2026-10-02,WK 40,Whitefield,Zomato,Dinner,COCO,KA,7040.0,3752.9900000000002,352.14,10402.99,0,21,36.07607043744155,335.23809523809524,300-400,30%-40%
Frozen Bottle,2026-10-02,WK 40,Whitefield,Zomato,Late Night,COCO,KA,1283.6,923.4,64.2,2137.0,0,4,43.21010762751521,320.9,300-400,40%-50%
Frozen Bottle,2026-10-02,WK 40,Whitefield,Zomato,Lunch,COCO,KA,1040.0,400.0,52.0,1380.0,0,5,28.985507246376812,208.0,200-300,20%-30%
Frozen Bottle,2026-10-02,WK 40,Whitefield,Zomato,Snacks,COCO,KA,1853.1,1023.9,92.68,2777.0,0,7,36.87072380266475,264.7285714285714,200-300,30%-40%
Madno,2026-10-02,WK 40,Whitefield,Ownly,Dinner,COCO,KA,258.0,0.0,12.9,258.0,0,1,0.0,258.0,200-300,0%
Madno,2026-10-02,WK 40,Whitefield,Swiggy,Dinner,COCO,KA,439.0,160.0,21.96,599.0,0,2,26.71118530884808,219.5,200-300,20%-30%
Madno,2026-10-02,WK 40,Whitefield,Swiggy,Lunch,COCO,KA,208.0,0.0,9.9,198.0,0,1,0.0,208.0,200-300,0%
Madno,2026-10-02,WK 40,Whitefield,Swiggy,Snacks,COCO,KA,160.0,38.0,8.0,198.0,0,1,19.19191919191919,160.0,100-200,10%-20%
Madno,2026-10-02,WK 40,Whitefield,Zomato,Breakfast,COCO,KA,397.64,0.0,19.880000000000003,377.64,0,2,0.0,198.82,100-200,0%
Madno,2026-10-02,WK 40,Whitefield,Zomato,Dinner,COCO,KA,1394.55,349.78000000000003,69.74,1654.33,0,7,21.143302726783656,199.22142857142856,100-200,20%-30%
Madno,2026-10-02,WK 40,Whitefield,Zomato,Lunch,COCO,KA,593.0,105.0,29.64,668.0,0,2,15.718562874251496,296.5,200-300,10%-20%
Madno,2026-10-02,WK 40,Whitefield,Zomato,Snacks,COCO,KA,359.0,131.0,17.96,460.0,0,2,28.47826086956522,179.5,100-200,20%-30%
Boba Bar,2026-10-02,WK 40,Yelahanka,Swiggy,Dinner,COCO,KA,100.0,126.66,5.0,226.66,0,1,55.88105532515662,100.0,0-100,50%-60%
Boba Bar,2026-10-02,WK 40,Yelahanka,Swiggy,Snacks,COCO,KA,270.0,0.0,13.0,260.0,0,1,0.0,270.0,200-300,0%
Boba Bar,2026-10-02,WK 40,Yelahanka,Zomato,Lunch,COCO,KA,491.0,100.0,24.56,571.0,0,1,17.513134851138354,491.0,400-500,10%-20%
Frozen Bottle,2026-10-02,WK 40,Yelahanka,In Store,Dinner,COCO,KA,3166.92,138.08,158.44,3305.0,0,16,4.177912254160363,197.9325,100-200,1%-10%
Frozen Bottle,2026-10-02,WK 40,Yelahanka,In Store,Late Night,COCO,KA,79.0,0.0,3.96,79.0,0,1,0.0,79.0,0-100,0%
Frozen Bottle,2026-10-02,WK 40,Yelahanka,In Store,Lunch,COCO,KA,1564.23,0.0,78.22,1564.23,0,5,0.0,312.846,300-400,0%
Frozen Bottle,2026-10-02,WK 40,Yelahanka,In Store,Snacks,COCO,KA,2111.79,286.26,105.64,2398.05,0,12,11.93719897416651,175.9825,100-200,10%-20%
Frozen Bottle,2026-10-02,WK 40,Yelahanka,Ownly,Dinner,COCO,KA,99.0,0.0,4.96,99.0,0,1,0.0,99.0,0-100,0%
Frozen Bottle,2026-10-02,WK 40,Yelahanka,Swiggy,Breakfast,COCO,KA,78.0,91.0,3.4,159.0,0,1,57.23270440251572,78.0,0-100,50%-60%
Frozen Bottle,2026-10-02,WK 40,Yelahanka,Swiggy,Dinner,COCO,KA,3454.63,2002.37,163.3,5267.0,0,14,38.01727738750712,246.7592857142857,200-300,30%-40%
Frozen Bottle,2026-10-02,WK 40,Yelahanka,Swiggy,Lunch,COCO,KA,620.63,216.37,29.04,797.0,0,3,27.14805520702635,206.87666666666667,200-300,20%-30%
Frozen Bottle,2026-10-02,WK 40,Yelahanka,Swiggy,Snacks,COCO,KA,2076.01,1160.65,96.32,3086.66,0,5,37.60213304996339,415.20200000000006,400-500,30%-40%
Frozen Bottle,2026-10-02,WK 40,Yelahanka,Zomato,Dinner,COCO,KA,3214.9,1040.1,160.78,4095.0,0,9,25.399267399267394,357.2111111111111,300-400,20%-30%
Frozen Bottle,2026-10-02,WK 40,Yelahanka,Zomato,Late Night,COCO,KA,470.0,370.0,23.5,810.0,0,2,45.67901234567901,235.0,200-300,40%-50%
Frozen Bottle,2026-10-02,WK 40,Yelahanka,Zomato,Lunch,COCO,KA,110.0,100.0,5.5,200.0,0,1,50.0,110.0,100-200,40%-50%
Frozen Bottle,2026-10-02,WK 40,Yelahanka,Zomato,Snacks,COCO,KA,530.2,369.8,26.54,860.0,0,2,43.0,265.1,200-300,40%-50%
Madno,2026-10-02,WK 40,Yelahanka,Swiggy,Dinner,COCO,KA,1499.0,692.85,70.46000000000001,2101.85,0,5,32.963817589266604,299.8,200-300,30%-40%
Madno,2026-10-02,WK 40,Yelahanka,Swiggy,Late Night,COCO,KA,337.0,100.0,15.86,417.0,0,1,23.980815347721823,337.0,300-400,20%-30%
Madno,2026-10-02,WK 40,Yelahanka,Swiggy,Snacks,COCO,KA,655.0,52.0,31.26,677.0,0,3,7.680945347119645,218.33333333333334,200-300,1%-10%
Madno,2026-10-02,WK 40,Yelahanka,Zomato,Dinner,COCO,KA,817.4,185.6,40.9,953.0,0,3,19.475341028331584,272.46666666666664,200-300,10%-20%
Madno,2026-10-02,WK 40,Yelahanka,Zomato,Lunch,COCO,KA,416.0,0.0,20.8,396.0,0,2,0.0,208.0,200-300,0%
Madno,2026-10-02,WK 40,Yelahanka,Zomato,Snacks,COCO,KA,308.55,120.45,15.42,409.0,0,1,29.449877750611247,308.55,300-400,20%-30%
Frozen Bottle,2026-10-02,WK 40,Yemalur,In Store,Closing,COCO,KA,69.0,0.0,3.46,69.0,0,1,0.0,69.0,0-100,0%
Frozen Bottle,2026-10-02,WK 40,Yemalur,In Store,Dinner,COCO,KA,4857.0,0.0,242.98,4857.0,0,16,0.0,303.5625,300-400,0%
Frozen Bottle,2026-10-02,WK 40,Yemalur,In Store,Late Night,COCO,KA,349.0,0.0,17.46,349.0,0,1,0.0,349.0,300-400,0%
Frozen Bottle,2026-10-02,WK 40,Yemalur,In Store,Lunch,COCO,KA,2988.0,0.0,149.46,2988.0,0,11,0.0,271.6363636363636,200-300,0%
Frozen Bottle,2026-10-02,WK 40,Yemalur,In Store,Snacks,COCO,KA,1612.1399999999999,0.0,80.66,1612.1399999999999,0,8,0.0,201.51749999999998,200-300,0%
Frozen Bottle,2026-10-02,WK 40,Yemalur,Swiggy,Dinner,COCO,KA,1140.0,158.0,55.519999999999996,1268.0,0,3,12.46056782334385,380.0,300-400,10%-20%
Frozen Bottle,2026-10-02,WK 40,Yemalur,Zomato,Late Night,COCO,KA,312.0,50.0,15.6,342.0,0,1,14.619883040935672,312.0,300-400,10%-20%
Frozen Bottle,2026-10-02,WK 40,Yemalur,Zomato,Lunch,COCO,KA,720.0,171.0,36.019999999999996,861.0,0,3,19.860627177700348,240.0,200-300,10%-20%
Frozen Bottle,2026-10-02,WK 40,Yemalur,Zomato,Snacks,COCO,KA,1801.2,507.8,90.06,2239.0,0,2,22.679767753461366,900.6,>900,20%-30%
Madno,2026-10-02,WK 40,Yemalur,Swiggy,Lunch,COCO,KA,869.0,122.85,41.96,961.85,0,1,12.772261787180952,869.0,600-900,10%-20%
Boba Bar,2026-10-02,WK 40,Zamin Pallavaram,Swiggy,Dinner,COCO,TN,587.01,322.98,28.36,889.99,0,2,36.29029539657749,293.505,200-300,30%-40%
Boba Bar,2026-10-02,WK 40,Zamin Pallavaram,Swiggy,Late Night,COCO,TN,158.0,133.0,7.4,281.0,0,1,47.330960854092524,158.0,100-200,40%-50%
Boba Bar,2026-10-02,WK 40,Zamin Pallavaram,Swiggy,Snacks,COCO,TN,290.0,0.0,14.0,280.0,0,1,0.0,290.0,200-300,0%
Frozen Bottle,2026-10-02,WK 40,Zamin Pallavaram,In Store,Dinner,COCO,TN,1273.3600000000001,0.0,63.68,1273.3600000000001,0,5,0.0,254.67200000000003,200-300,0%
Frozen Bottle,2026-10-02,WK 40,Zamin Pallavaram,In Store,Lunch,COCO,TN,697.0,0.0,34.84,697.0,0,1,0.0,697.0,600-900,0%
Frozen Bottle,2026-10-02,WK 40,Zamin Pallavaram,In Store,Snacks,COCO,TN,2679.02,175.98000000000002,133.95999999999998,2855.0,0,7,6.163922942206656,382.71714285714285,300-400,1%-10%
Frozen Bottle,2026-10-02,WK 40,Zamin Pallavaram,Swiggy,Dinner,COCO,TN,3921.0,2314.0,185.6,6025.0,0,11,38.406639004149376,356.45454545454544,300-400,30%-40%
Frozen Bottle,2026-10-02,WK 40,Zamin Pallavaram,Swiggy,Late Night,COCO,TN,3758.64,2564.36,175.5,6073.0,0,13,42.225588671167465,289.12615384615384,200-300,40%-50%
Frozen Bottle,2026-10-02,WK 40,Zamin Pallavaram,Swiggy,Lunch,COCO,TN,2745.0,1658.0,129.3,4243.0,0,12,39.07612538298374,228.75,200-300,30%-40%
Frozen Bottle,2026-10-02,WK 40,Zamin Pallavaram,Swiggy,Snacks,COCO,TN,2370.02,1093.98,112.04,3334.0,0,7,32.8128374325135,338.57428571428574,300-400,30%-40%
Frozen Bottle,2026-10-02,WK 40,Zamin Pallavaram,Zomato,Dinner,COCO,TN,2848.5,1750.49,142.44,4448.99,0,9,39.34578409931243,316.5,300-400,30%-40%
Frozen Bottle,2026-10-02,WK 40,Zamin Pallavaram,Zomato,Late Night,COCO,TN,1069.5,600.5,53.480000000000004,1630.0,0,2,36.84049079754601,534.75,500-600,30%-40%
Frozen Bottle,2026-10-02,WK 40,Zamin Pallavaram,Zomato,Lunch,COCO,TN,1054.0,605.0,52.72,1619.0,0,3,37.36874613959234,351.3333333333333,300-400,30%-40%
Frozen Bottle,2026-10-02,WK 40,Zamin Pallavaram,Zomato,Snacks,COCO,TN,785.0,396.0,39.260000000000005,1141.0,0,2,34.70639789658195,392.5,300-400,30%-40%
Madno,2026-10-02,WK 40,Zamin Pallavaram,Swiggy,Dinner,COCO,TN,308.0,280.0,14.4,568.0,0,2,49.29577464788733,154.0,100-200,40%-50%
Madno,2026-10-02,WK 40,Zamin Pallavaram,Swiggy,Late Night,COCO,TN,257.0,222.0,11.86,459.0,0,1,48.36601307189542,257.0,200-300,40%-50%
Madno,2026-10-02,WK 40,Zamin Pallavaram,Swiggy,Lunch,COCO,TN,1809.0,1390.85,83.47999999999999,3059.85,0,5,45.45484255764171,361.8,300-400,40%-50%
Madno,2026-10-02,WK 40,Zamin Pallavaram,Swiggy,Snacks,COCO,TN,1686.01,1723.69,77.82000000000001,3279.7,0,6,52.55633137177181,281.00166666666667,200-300,50%-60%
Madno,2026-10-02,WK 40,Zamin Pallavaram,Zomato,Lunch,COCO,TN,326.5,145.5,16.34,452.0,0,1,32.190265486725664,326.5,300-400,30%-40%
