Brand Name,Date,Week,Branch,Source,Session,Store Type,Region,Net Sales,Discount,Taxes,Gross Sales,Quantity,Orders,Dis %,AOV,AOV Bucket,Discount Bucket
Boba Bar,2026-07-30,WK 31,Akshay Nagar,Swiggy,Late Night,FOFO,KA,237.0,304.0,0.0,541.0,0,2,56.19223659889094,118.5,100-200,50%-60%
Boba Bar,2026-07-30,WK 31,Akshay Nagar,Swiggy,Snacks,FOFO,KA,262.0,28.0,0.0,280.0,0,1,10.0,262.0,200-300,1%-10%
Boba Bar,2026-07-30,WK 31,Alwarpet,Swiggy,Dinner,COCO,TN,200.0,0.0,0.0,190.0,0,1,0.0,200.0,100-200,0%
Boba Bar,2026-07-30,WK 31,Ananth Nagar,Zomato,Lunch,COCO,KA,300.0,260.0,15.0,540.0,0,1,48.148148148148145,300.0,200-300,40%-50%
Boba Bar,2026-07-30,WK 31,Aurangabad- 1,Ownly,Dinner,FOFO,MH,190.0,0.0,9.5,190.0,0,1,0.0,190.0,100-200,0%
Boba Bar,2026-07-30,WK 31,Avadi,Swiggy,Dinner,FOFO,TN,310.0,0.0,0.0,300.0,0,1,0.0,310.0,300-400,0%
Boba Bar,2026-07-30,WK 31,BTM Layout,Swiggy,Dinner,COCO,KA,69.0,61.0,0.0,130.0,0,1,46.92307692307692,69.0,0-100,40%-50%
Boba Bar,2026-07-30,WK 31,BTM Layout,Swiggy,Late Night,COCO,KA,139.0,61.0,0.0,190.0,0,1,32.10526315789474,139.0,100-200,30%-40%
Boba Bar,2026-07-30,WK 31,Badlapur,Swiggy,Dinner,COCO,MH,238.0,224.32999999999998,0.0,462.33,0,2,48.521618757164795,119.0,100-200,40%-50%
Boba Bar,2026-07-30,WK 31,Badlapur,Zomato,Dinner,COCO,MH,361.7,190.3,18.08,532.0,0,1,35.77067669172933,361.7,300-400,30%-40%
Boba Bar,2026-07-30,WK 31,Baner Road - Pune,Swiggy,Snacks,COCO,MH,813.11,57.89,0.0,841.0,0,2,6.88347205707491,406.555,400-500,1%-10%
Boba Bar,2026-07-30,WK 31,Baner Road - Pune,Zomato,Dinner,COCO,MH,129.25,39.75,6.46,159.0,0,1,25.0,129.25,100-200,20%-30%
Boba Bar,2026-07-30,WK 31,Baner Road - Pune,Zomato,Snacks,COCO,MH,244.75,25.25,12.24,260.0,0,1,9.711538461538462,244.75,200-300,1%-10%
Boba Bar,2026-07-30,WK 31,Basaveshwarnagar,Swiggy,Dinner,COCO,KA,258.0,91.0,0.0,339.0,0,1,26.843657817109147,258.0,200-300,20%-30%
Boba Bar,2026-07-30,WK 31,Basaveshwarnagar,Swiggy,Snacks,COCO,KA,158.0,160.0,0.0,318.0,0,1,50.314465408805034,158.0,100-200,50%-60%
Boba Bar,2026-07-30,WK 31,Bel Road,Zomato,Dinner,COCO,KA,107.5,32.5,5.38,130.0,0,1,25.0,107.5,100-200,20%-30%
Boba Bar,2026-07-30,WK 31,Besant Nagar,Swiggy,Dinner,COCO,TN,227.0,64.0,0.0,281.0,0,1,22.77580071174377,227.0,200-300,20%-30%
Boba Bar,2026-07-30,WK 31,Besant Nagar,Swiggy,Lunch,COCO,TN,327.0,273.0,0.0,570.0,0,1,47.89473684210526,327.0,300-400,40%-50%
Boba Bar,2026-07-30,WK 31,Besant Nagar,Zomato,Late Night,COCO,TN,257.5,142.5,12.88,380.0,0,1,37.5,257.5,200-300,30%-40%
Boba Bar,2026-07-30,WK 31,Bhubaneswar,Swiggy,Snacks,FOFO,ROI,430.0,0.0,0.0,410.0,0,1,0.0,430.0,400-500,0%
Boba Bar,2026-07-30,WK 31,Byculla,Swiggy,Dinner,COCO,MH,257.0,152.0,0.0,409.0,0,1,37.163814180929094,257.0,200-300,30%-40%
Boba Bar,2026-07-30,WK 31,Byculla,Swiggy,Late Night,COCO,MH,188.0,152.0,0.0,320.0,0,1,47.5,188.0,100-200,40%-50%
Boba Bar,2026-07-30,WK 31,Channasandra,Swiggy,Dinner,COCO,KA,468.0,422.0,0.0,870.0,0,2,48.50574712643678,234.0,200-300,40%-50%
Boba Bar,2026-07-30,WK 31,Channasandra,Swiggy,Lunch,COCO,KA,69.0,61.0,0.0,130.0,0,1,46.92307692307692,69.0,0-100,40%-50%
Boba Bar,2026-07-30,WK 31,Chikkabellandur,In Store,Lunch,FOFO,KA,249.0,0.0,12.46,249.0,0,1,0.0,249.0,200-300,0%
Boba Bar,2026-07-30,WK 31,Electronic city,Swiggy,Dinner,FOFO,KA,257.0,248.32999999999998,0.0,505.33000000000004,0,2,49.14214473710248,128.5,100-200,40%-50%
Boba Bar,2026-07-30,WK 31,Electronic city,Swiggy,Late Night,FOFO,KA,158.0,62.0,0.0,220.0,0,1,28.18181818181818,158.0,100-200,20%-30%
Boba Bar,2026-07-30,WK 31,Electronic city,Swiggy,Lunch,FOFO,KA,218.0,182.0,0.0,380.0,0,1,47.89473684210526,218.0,200-300,40%-50%
Boba Bar,2026-07-30,WK 31,Erode,Swiggy,Breakfast,COCO,TN,290.0,270.0,0.0,540.0,0,1,50.0,290.0,200-300,40%-50%
Boba Bar,2026-07-30,WK 31,Erode,Swiggy,Dinner,COCO,TN,667.0,583.0,0.0,1200.0,0,3,48.583333333333336,222.33333333333334,200-300,40%-50%
Boba Bar,2026-07-30,WK 31,Erode,Swiggy,Snacks,COCO,TN,198.0,91.0,0.0,279.0,0,1,32.61648745519714,198.0,100-200,30%-40%
Boba Bar,2026-07-30,WK 31,Erode,Zomato,Dinner,COCO,TN,398.5,129.5,19.92,518.0,0,1,25.0,398.5,300-400,20%-30%
Boba Bar,2026-07-30,WK 31,Express Avenue Mall,Swiggy,Dinner,COCO,TN,372.01,39.99,0.0,392.0,0,1,10.201530612244898,372.01,300-400,10%-20%
Boba Bar,2026-07-30,WK 31,Express Avenue Mall,Swiggy,Snacks,COCO,TN,230.0,60.0,0.0,280.0,0,1,21.428571428571427,230.0,200-300,20%-30%
Boba Bar,2026-07-30,WK 31,Express Avenue Mall,Zomato,Late Night,COCO,TN,262.48,27.52,13.12,280.0,0,1,9.828571428571427,262.48,200-300,1%-10%
Boba Bar,2026-07-30,WK 31,Guduvanchery,Swiggy,Dinner,COCO,TN,477.01,395.84,0.0,832.85,0,2,47.52836645254247,238.505,200-300,40%-50%
Boba Bar,2026-07-30,WK 31,Hinjewadi,Swiggy,Late Night,COCO,MH,168.0,141.0,0.0,289.0,0,1,48.78892733564014,168.0,100-200,40%-50%
Boba Bar,2026-07-30,WK 31,Hinjewadi Phase 3,Swiggy,Snacks,COCO,MH,258.0,222.0,0.0,450.0,0,1,49.333333333333336,258.0,200-300,40%-50%
Boba Bar,2026-07-30,WK 31,Indiranagar - CK,Swiggy,Dinner,COCO,KA,345.0,155.0,0.0,470.0,0,1,32.97872340425532,345.0,300-400,30%-40%
Boba Bar,2026-07-30,WK 31,Indiranagar - CK,Swiggy,Snacks,COCO,KA,950.0,771.0,0.0,1621.0,0,2,47.56323257248612,475.0,400-500,40%-50%
Boba Bar,2026-07-30,WK 31,Indiranagar - CK,Zomato,Dinner,COCO,KA,265.44,24.56,13.28,280.0,0,1,8.77142857142857,265.44,200-300,1%-10%
Boba Bar,2026-07-30,WK 31,Jamshedpur,Swiggy,Lunch,FOFO,ROI,225.0,75.0,0.0,290.0,0,1,25.862068965517242,225.0,200-300,20%-30%
Boba Bar,2026-07-30,WK 31,Kakkanad,Swiggy,Dinner,COCO,Kerela,287.0,243.0,0.0,510.0,0,2,47.647058823529406,143.5,100-200,40%-50%
Boba Bar,2026-07-30,WK 31,Kammanhalli,Ownly,Dinner,COCO,KA,188.0,0.0,9.4,188.0,0,1,0.0,188.0,100-200,0%
Boba Bar,2026-07-30,WK 31,Kammanhalli,Ownly,Late Night,COCO,KA,111.0,0.0,5.56,111.0,0,1,0.0,111.0,100-200,0%
Boba Bar,2026-07-30,WK 31,Kammanhalli,Swiggy,Dinner,COCO,KA,89.0,80.0,0.0,159.0,0,1,50.314465408805034,89.0,0-100,50%-60%
Boba Bar,2026-07-30,WK 31,Kanakapura,Ownly,Snacks,COCO,KA,376.0,0.0,18.8,376.0,0,1,0.0,376.0,300-400,0%
Boba Bar,2026-07-30,WK 31,Kanakapura,Zomato,Snacks,COCO,KA,208.81,20.19,10.44,219.0,0,1,9.219178082191782,208.81,200-300,1%-10%
Boba Bar,2026-07-30,WK 31,Kolathur,Swiggy,Dinner,COCO,TN,924.0,398.0,0.0,1262.0,0,3,31.537242472266243,308.0,300-400,30%-40%
Boba Bar,2026-07-30,WK 31,Kolathur,Swiggy,Late Night,COCO,TN,657.0,122.0,0.0,759.0,0,2,16.073781291172594,328.5,300-400,10%-20%
Boba Bar,2026-07-30,WK 31,Kondhwa,Swiggy,Dinner,FOFO,MH,578.0,2.0,0.0,580.0,0,1,0.3448275862068966,578.0,500-600,1%-10%
Boba Bar,2026-07-30,WK 31,Koramangala,Swiggy,Dinner,COCO,KA,290.0,0.0,0.0,280.0,0,1,0.0,290.0,200-300,0%
Boba Bar,2026-07-30,WK 31,Koramangala,Swiggy,Late Night,COCO,KA,178.0,83.0,0.0,261.0,0,1,31.800766283524908,178.0,100-200,30%-40%
Boba Bar,2026-07-30,WK 31,Lokhandwala,Swiggy,Dinner,COCO,MH,496.0,444.0,0.0,900.0,0,1,49.333333333333336,496.0,400-500,40%-50%
Boba Bar,2026-07-30,WK 31,Lokhandwala,Zomato,Dinner,COCO,MH,280.0,260.0,14.0,520.0,0,1,50.0,280.0,200-300,40%-50%
Boba Bar,2026-07-30,WK 31,Malleswaram,Zomato,Dinner,FOFO,KA,465.0,125.0,23.26,570.0,0,1,21.929824561403507,465.0,400-500,20%-30%
Boba Bar,2026-07-30,WK 31,Manipal,Swiggy,Breakfast,COCO,KA,188.0,152.0,0.0,320.0,0,1,47.5,188.0,100-200,40%-50%
Boba Bar,2026-07-30,WK 31,Manipal,Swiggy,Dinner,COCO,KA,1223.0,476.0,0.0,1619.0,0,4,29.40086473131563,305.75,300-400,20%-30%
Boba Bar,2026-07-30,WK 31,Manipal,Zomato,Dinner,COCO,KA,780.5,190.5,39.04,931.0,0,1,20.461868958109562,780.5,600-900,20%-30%
Boba Bar,2026-07-30,WK 31,Mira Road,Swiggy,Closing,COCO,MH,100.0,126.66,0.0,226.66,0,1,55.88105532515662,100.0,0-100,50%-60%
Boba Bar,2026-07-30,WK 31,Mira Road,Swiggy,Dinner,COCO,MH,100.0,126.66,0.0,226.66,0,1,55.88105532515662,100.0,0-100,50%-60%
Boba Bar,2026-07-30,WK 31,Mira Road,Swiggy,Late Night,COCO,MH,319.0,199.0,0.0,518.0,0,1,38.41698841698842,319.0,300-400,30%-40%
Boba Bar,2026-07-30,WK 31,Mira Road,Swiggy,Snacks,COCO,MH,100.0,126.66,0.0,226.66,0,1,55.88105532515662,100.0,0-100,50%-60%
Boba Bar,2026-07-30,WK 31,Mira Road,Zomato,Late Night,COCO,MH,485.0,215.0,24.26,670.0,0,1,32.08955223880597,485.0,400-500,30%-40%
Boba Bar,2026-07-30,WK 31,Mogappair,Swiggy,Dinner,COCO,TN,109.0,91.0,0.0,190.0,0,1,47.89473684210526,109.0,100-200,40%-50%
Boba Bar,2026-07-30,WK 31,Mogappair,Swiggy,Late Night,COCO,TN,406.0,322.0,0.0,698.0,0,2,46.13180515759313,203.0,200-300,40%-50%
Boba Bar,2026-07-30,WK 31,Mogappair,Swiggy,Lunch,COCO,TN,660.01,287.15999999999997,0.0,907.17,0,2,31.654485928767485,330.005,300-400,30%-40%
Boba Bar,2026-07-30,WK 31,Mogappair,Swiggy,Snacks,COCO,TN,300.0,0.0,0.0,290.0,0,1,0.0,300.0,200-300,0%
Boba Bar,2026-07-30,WK 31,Mogappair,Zomato,Dinner,COCO,TN,317.0,225.0,15.86,522.0,0,1,43.103448275862064,317.0,300-400,40%-50%
Boba Bar,2026-07-30,WK 31,Mudichur,Zomato,Dinner,COCO,TN,274.5,95.5,13.74,350.0,0,1,27.285714285714285,274.5,200-300,20%-30%
Boba Bar,2026-07-30,WK 31,Nagavara,Swiggy,Dinner,COCO,KA,150.01,199.5,0.0,349.51,0,1,57.07991187662728,150.01,100-200,50%-60%
Boba Bar,2026-07-30,WK 31,Nagavara,Swiggy,Snacks,COCO,KA,552.01,59.99,0.0,592.0,0,1,10.133445945945946,552.01,500-600,10%-20%
Boba Bar,2026-07-30,WK 31,Nalanchira,Swiggy,Breakfast,FOFO,Kerela,300.0,0.0,0.0,290.0,0,1,0.0,300.0,200-300,0%
Boba Bar,2026-07-30,WK 31,OMR,Swiggy,Lunch,COCO,TN,538.0,491.0,0.0,989.0,0,2,49.646107178968656,269.0,200-300,40%-50%
Boba Bar,2026-07-30,WK 31,OMR,Zomato,Dinner,COCO,TN,366.0,225.0,18.3,571.0,0,1,39.404553415061294,366.0,300-400,30%-40%
Boba Bar,2026-07-30,WK 31,OMR,Zomato,Snacks,COCO,TN,214.78,55.22,10.74,260.0,0,1,21.23846153846154,214.78,200-300,20%-30%
Boba Bar,2026-07-30,WK 31,Pallikaranai,Swiggy,Dinner,COCO,TN,1072.0,428.0,0.0,1430.0,0,3,29.93006993006993,357.3333333333333,300-400,20%-30%
Boba Bar,2026-07-30,WK 31,Pallikaranai,Swiggy,Late Night,COCO,TN,276.0,315.0,0.0,571.0,0,2,55.166374781085814,138.0,100-200,50%-60%
Boba Bar,2026-07-30,WK 31,Pallikaranai,Zomato,Late Night,COCO,TN,135.0,125.0,6.76,250.0,0,1,50.0,135.0,100-200,40%-50%
Boba Bar,2026-07-30,WK 31,Perambur - CK,Swiggy,Late Night,COCO,TN,158.0,162.0,0.0,300.0,0,1,54.0,158.0,100-200,50%-60%
Boba Bar,2026-07-30,WK 31,Poonamalle,Swiggy,Dinner,FOFO,TN,540.0,60.0,0.0,580.0,0,1,10.344827586206897,540.0,500-600,10%-20%
Boba Bar,2026-07-30,WK 31,Ravipuram,Swiggy,Breakfast,COCO,Kerela,139.0,131.0,0.0,260.0,0,1,50.38461538461539,139.0,100-200,50%-60%
Boba Bar,2026-07-30,WK 31,Ravipuram,Swiggy,Dinner,COCO,Kerela,719.86,253.32,0.0,923.18,0,2,27.439935873827427,359.93,300-400,20%-30%
Boba Bar,2026-07-30,WK 31,Ravipuram,Swiggy,Late Night,COCO,Kerela,237.0,202.0,0.0,419.0,0,2,48.21002386634845,118.5,100-200,40%-50%
Boba Bar,2026-07-30,WK 31,Ravipuram,Swiggy,Snacks,COCO,Kerela,89.0,80.0,0.0,159.0,0,1,50.314465408805034,89.0,0-100,50%-60%
Boba Bar,2026-07-30,WK 31,Ravipuram,Zomato,Lunch,COCO,Kerela,286.0,225.0,14.3,501.0,0,1,44.91017964071856,286.0,200-300,40%-50%
Boba Bar,2026-07-30,WK 31,SEAWOOD,Swiggy,Late Night,COCO,MH,507.02,324.49,0.0,801.51,0,2,40.48483487417499,253.51,200-300,40%-50%
Boba Bar,2026-07-30,WK 31,SEAWOOD,Swiggy,Snacks,COCO,MH,150.0,189.99,0.0,339.99,0,1,55.88105532515662,150.0,100-200,50%-60%
Boba Bar,2026-07-30,WK 31,Salem,Swiggy,Dinner,FOFO,TN,542.0,0.0,0.0,522.0,0,1,0.0,542.0,500-600,0%
Boba Bar,2026-07-30,WK 31,Sarjapur Road,Swiggy,Dinner,COCO,KA,260.0,40.0,0.0,290.0,0,1,13.793103448275861,260.0,200-300,10%-20%
Boba Bar,2026-07-30,WK 31,Sarjapur Road,Swiggy,Snacks,COCO,KA,309.0,177.0,0.0,486.0,0,2,36.41975308641975,154.5,100-200,30%-40%
Boba Bar,2026-07-30,WK 31,Selaiyur,Swiggy,Dinner,FOFO,TN,109.0,181.0,0.0,280.0,0,1,64.64285714285715,109.0,100-200,60%-70%
Boba Bar,2026-07-30,WK 31,Selaiyur,Swiggy,Late Night,FOFO,TN,309.0,91.0,0.0,380.0,0,2,23.94736842105263,154.5,100-200,20%-30%
Boba Bar,2026-07-30,WK 31,Silchar,Zomato,Dinner,FOFO,ROI,870.0,0.0,43.5,840.0,0,1,0.0,870.0,600-900,0%
Boba Bar,2026-07-30,WK 31,Sinhagad,Zomato,Dinner,COCO,MH,495.95,305.05,24.82,771.0,0,2,39.565499351491574,247.975,200-300,30%-40%
Boba Bar,2026-07-30,WK 31,Tata Sherwood,Ownly,Dinner,COCO,KA,327.0,0.0,16.36,327.0,0,2,0.0,163.5,100-200,0%
Boba Bar,2026-07-30,WK 31,Tata Sherwood,Swiggy,Late Night,COCO,KA,218.0,183.0,0.0,381.0,0,1,48.031496062992126,218.0,200-300,40%-50%
Boba Bar,2026-07-30,WK 31,Tata Sherwood,Swiggy,Snacks,COCO,KA,941.0,60.0,0.0,971.0,0,2,6.179196704428424,470.5,400-500,1%-10%
Boba Bar,2026-07-30,WK 31,Thakur Village,Swiggy,Dinner,COCO,MH,159.0,91.0,0.0,250.0,0,1,36.4,159.0,100-200,30%-40%
Boba Bar,2026-07-30,WK 31,Thakur Village,Swiggy,Lunch,COCO,MH,230.0,60.0,0.0,280.0,0,1,21.428571428571427,230.0,200-300,20%-30%
Boba Bar,2026-07-30,WK 31,Thiruvalla,Swiggy,Dinner,COCO,Kerela,414.0,224.0,0.0,608.0,0,2,36.84210526315789,207.0,200-300,30%-40%
Boba Bar,2026-07-30,WK 31,Thiruvalla,Swiggy,Lunch,COCO,Kerela,809.0,131.0,0.0,910.0,0,2,14.395604395604394,404.5,400-500,10%-20%
Boba Bar,2026-07-30,WK 31,Thiruvalla,Zomato,Snacks,COCO,Kerela,300.0,260.0,15.0,540.0,0,1,48.148148148148145,300.0,200-300,40%-50%
Boba Bar,2026-07-30,WK 31,Thiruvananthpuram,Swiggy,Snacks,FOFO,Kerela,370.0,0.0,0.0,360.0,0,1,0.0,370.0,300-400,0%
Boba Bar,2026-07-30,WK 31,Vadapalani,Swiggy,Breakfast,FOFO,TN,527.35,444.65,0.0,942.0,0,2,47.202760084925686,263.675,200-300,40%-50%
Boba Bar,2026-07-30,WK 31,Vadapalani,Swiggy,Snacks,FOFO,TN,217.1,93.9,0.0,301.0,0,1,31.196013289036546,217.1,200-300,30%-40%
Boba Bar,2026-07-30,WK 31,Valsarvakkam,Swiggy,Dinner,COCO,TN,1124.0,338.0,0.0,1412.0,0,4,23.937677053824363,281.0,200-300,20%-30%
Boba Bar,2026-07-30,WK 31,Valsarvakkam,Swiggy,Lunch,COCO,TN,654.0,547.0,0.0,1141.0,0,2,47.94040315512708,327.0,300-400,40%-50%
Boba Bar,2026-07-30,WK 31,Vellore,Swiggy,Dinner,COCO,TN,902.0,811.33,0.0,1623.33,0,3,49.97936340731706,300.6666666666667,300-400,40%-50%
Boba Bar,2026-07-30,WK 31,Vellore,Swiggy,Lunch,COCO,TN,799.02,354.83,0.0,1103.85,0,1,32.14476604611134,799.02,600-900,30%-40%
Boba Bar,2026-07-30,WK 31,Vijaywada,Swiggy,Late Night,FOFO,AP & TL,250.0,40.0,0.0,280.0,0,1,14.285714285714285,250.0,200-300,10%-20%
Boba Bar,2026-07-30,WK 31,Vijaywada,Swiggy,Lunch,FOFO,AP & TL,759.0,57.0,0.0,806.0,0,2,7.07196029776675,379.5,300-400,1%-10%
Boba Bar,2026-07-30,WK 31,Vijaywada,Swiggy,Snacks,FOFO,AP & TL,532.0,64.0,0.0,576.0,0,2,11.11111111111111,266.0,200-300,10%-20%
Boba Bar,2026-07-30,WK 31,Vijaywada,Zomato,Breakfast,FOFO,AP & TL,140.0,0.0,7.0,130.0,0,1,0.0,140.0,100-200,0%
Boba Bar,2026-07-30,WK 31,Vijaywada,Zomato,Dinner,FOFO,AP & TL,610.0,100.0,30.5,690.0,0,1,14.492753623188406,610.0,600-900,10%-20%
Boba Bar,2026-07-30,WK 31,Virar,Swiggy,Dinner,COCO,MH,268.0,245.32999999999998,0.0,493.33,0,2,49.729390063446374,134.0,100-200,40%-50%
Boba Bar,2026-07-30,WK 31,Virar,Swiggy,Lunch,COCO,MH,69.0,61.0,0.0,130.0,0,1,46.92307692307692,69.0,0-100,40%-50%
Boba Bar,2026-07-30,WK 31,Wagholi - CF CK,Zomato,Late Night,COCO,MH,141.0,0.0,7.06,131.0,0,1,0.0,141.0,100-200,0%
Boba Bar,2026-07-30,WK 31,Whitefield,Swiggy,Dinner,COCO,KA,139.0,131.0,0.0,260.0,0,1,50.38461538461539,139.0,100-200,50%-60%
Boba Bar,2026-07-30,WK 31,Whitefield,Zomato,Snacks,COCO,KA,210.0,190.0,10.5,380.0,0,1,50.0,210.0,200-300,40%-50%
Boba Bar,2026-07-30,WK 31,Yelahanka,Swiggy,Dinner,COCO,KA,900.01,120.99,0.0,981.0,0,2,12.333333333333332,450.005,400-500,10%-20%
Boba Bar,2026-07-30,WK 31,Zamin Pallavaram,Swiggy,Snacks,COCO,TN,109.0,92.0,0.0,191.0,0,1,48.167539267015705,109.0,100-200,40%-50%
Boba Bar,2026-07-31,WK 31,Akshay Nagar,Swiggy,Dinner,FOFO,KA,69.0,61.0,0.0,130.0,0,1,46.92307692307692,69.0,0-100,40%-50%
Boba Bar,2026-07-31,WK 31,Akshay Nagar,Swiggy,Late Night,FOFO,KA,109.0,91.0,0.0,190.0,0,1,47.89473684210526,109.0,100-200,40%-50%
Boba Bar,2026-07-31,WK 31,Alwarpet,Swiggy,Dinner,COCO,TN,109.0,91.0,0.0,190.0,0,1,47.89473684210526,109.0,100-200,40%-50%
Boba Bar,2026-07-31,WK 31,Alwarpet,Swiggy,Lunch,COCO,TN,109.0,91.0,0.0,190.0,0,1,47.89473684210526,109.0,100-200,40%-50%
Boba Bar,2026-07-31,WK 31,Alwarpet,Swiggy,Snacks,COCO,TN,109.0,91.0,0.0,190.0,0,1,47.89473684210526,109.0,100-200,40%-50%
Boba Bar,2026-07-31,WK 31,Ananth Nagar,Zomato,Dinner,COCO,KA,300.0,280.0,15.0,560.0,0,1,50.0,300.0,200-300,40%-50%
Boba Bar,2026-07-31,WK 31,Annanagar,Zomato,Dinner,COCO,TN,105.0,95.0,5.26,190.0,0,1,50.0,105.0,100-200,40%-50%
Boba Bar,2026-07-31,WK 31,BTM Layout,Swiggy,Dinner,COCO,KA,69.0,61.0,0.0,130.0,0,1,46.92307692307692,69.0,0-100,40%-50%
Boba Bar,2026-07-31,WK 31,BTM Layout,Swiggy,Late Night,COCO,KA,138.0,122.0,0.0,260.0,0,1,46.92307692307692,138.0,100-200,40%-50%
Boba Bar,2026-07-31,WK 31,Badlapur,Swiggy,Snacks,COCO,MH,541.01,33.99,0.0,555.0,0,1,6.124324324324324,541.01,500-600,1%-10%
Boba Bar,2026-07-31,WK 31,Banashankari,Ownly,Dinner,COCO,KA,132.0,0.0,6.6,132.0,0,1,0.0,132.0,100-200,0%
Boba Bar,2026-07-31,WK 31,Banashankari,Swiggy,Snacks,COCO,KA,227.0,64.0,0.0,281.0,0,1,22.77580071174377,227.0,200-300,20%-30%
Boba Bar,2026-07-31,WK 31,Baner Road - Pune,Swiggy,Dinner,COCO,MH,168.0,93.0,0.0,261.0,0,1,35.63218390804598,168.0,100-200,30%-40%
Boba Bar,2026-07-31,WK 31,Baner Road - Pune,Swiggy,Late Night,COCO,MH,168.0,150.0,0.0,318.0,0,1,47.16981132075472,168.0,100-200,40%-50%
Boba Bar,2026-07-31,WK 31,Baner Road - Pune,Swiggy,Lunch,COCO,MH,218.0,183.0,0.0,381.0,0,1,48.031496062992126,218.0,200-300,40%-50%
Boba Bar,2026-07-31,WK 31,Baner Road - Pune,Swiggy,Snacks,COCO,MH,310.0,280.0,0.0,570.0,0,1,49.122807017543856,310.0,300-400,40%-50%
Boba Bar,2026-07-31,WK 31,Baner Road - Pune,Zomato,Dinner,COCO,MH,433.25,214.75,21.68,618.0,0,2,34.749190938511326,216.625,200-300,30%-40%
Boba Bar,2026-07-31,WK 31,Baner Road - Pune,Zomato,Lunch,COCO,MH,880.0,820.0,44.0,1640.0,0,2,50.0,440.0,400-500,40%-50%
Boba Bar,2026-07-31,WK 31,Baner Road - Pune,Zomato,Snacks,COCO,MH,220.0,70.0,11.0,280.0,0,1,25.0,220.0,200-300,20%-30%
Boba Bar,2026-07-31,WK 31,Basaveshwarnagar,Zomato,Lunch,COCO,KA,500.0,330.0,25.0,800.0,0,2,41.25,250.0,200-300,40%-50%
Boba Bar,2026-07-31,WK 31,Bel Road,Swiggy,Dinner,COCO,KA,594.0,146.0,0.0,730.0,0,2,20.0,297.0,200-300,10%-20%
Boba Bar,2026-07-31,WK 31,Bel Road,Swiggy,Late Night,COCO,KA,138.0,122.0,0.0,260.0,0,1,46.92307692307692,138.0,100-200,40%-50%
Boba Bar,2026-07-31,WK 31,Bel Road,Zomato,Dinner,COCO,KA,243.25,77.75,12.16,311.0,0,1,25.0,243.25,200-300,20%-30%
Boba Bar,2026-07-31,WK 31,Bel Road,Zomato,Late Night,COCO,KA,508.25,162.75,25.42,651.0,0,1,25.0,508.25,500-600,20%-30%
Boba Bar,2026-07-31,WK 31,Besant Nagar,Swiggy,Lunch,COCO,TN,335.0,155.0,0.0,470.0,0,1,32.97872340425532,335.0,300-400,30%-40%
Boba Bar,2026-07-31,WK 31,Bhavanipuram,Zomato,Dinner,FOFO,AP & TL,782.0,70.0,39.12,822.0,0,1,8.51581508515815,782.0,600-900,1%-10%
Boba Bar,2026-07-31,WK 31,Bhavanipuram,Zomato,Snacks,FOFO,AP & TL,310.0,0.0,15.5,300.0,0,1,0.0,310.0,300-400,0%
Boba Bar,2026-07-31,WK 31,Bhubaneswar,Swiggy,Snacks,FOFO,ROI,294.0,1.0,0.0,295.0,0,1,0.3389830508474576,294.0,200-300,1%-10%
Boba Bar,2026-07-31,WK 31,Bhubaneswar,Zomato,Snacks,FOFO,ROI,162.0,38.0,8.1,190.0,0,1,20.0,162.0,100-200,10%-20%
Boba Bar,2026-07-31,WK 31,Boba Bar - Salem,In Store,Dinner,FOFO,TN,5851.46,6120.0,292.68,11971.46,0,24,51.121584167678805,243.81083333333333,200-300,50%-60%
Boba Bar,2026-07-31,WK 31,Boba Bar - Salem,In Store,Lunch,FOFO,TN,1515.46,1520.0,75.8,3035.46,0,7,50.074782734742016,216.49428571428572,200-300,50%-60%
Boba Bar,2026-07-31,WK 31,Boba Bar - Salem,In Store,Snacks,FOFO,TN,3495.46,2830.0,174.86,6325.46,0,15,44.7398291981927,233.03066666666666,200-300,40%-50%
Boba Bar,2026-07-31,WK 31,Byculla,Swiggy,Dinner,COCO,MH,228.0,211.0,0.0,419.0,0,1,50.35799522673031,228.0,200-300,50%-60%
Boba Bar,2026-07-31,WK 31,Byculla,Swiggy,Late Night,COCO,MH,198.0,182.0,0.0,380.0,0,1,47.89473684210526,198.0,100-200,40%-50%
Boba Bar,2026-07-31,WK 31,Byculla,Swiggy,Lunch,COCO,MH,227.0,64.0,0.0,281.0,0,1,22.77580071174377,227.0,200-300,20%-30%
Boba Bar,2026-07-31,WK 31,Channasandra,Zomato,Dinner,COCO,KA,693.14,30.71,34.66,693.85,0,1,4.4260286805505515,693.14,600-900,1%-10%
Boba Bar,2026-07-31,WK 31,Dahisar,Swiggy,Closing,COCO,MH,100.0,126.66,0.0,226.66,0,1,55.88105532515662,100.0,0-100,50%-60%
Boba Bar,2026-07-31,WK 31,Dahisar,Zomato,Snacks,COCO,MH,200.0,0.0,10.0,190.0,0,1,0.0,200.0,100-200,0%
Boba Bar,2026-07-31,WK 31,Electronic city,Swiggy,Late Night,FOFO,KA,227.0,64.0,0.0,281.0,0,1,22.77580071174377,227.0,200-300,20%-30%
Boba Bar,2026-07-31,WK 31,Electronic city,Swiggy,Snacks,FOFO,KA,202.0,88.0,0.0,290.0,0,1,30.344827586206897,202.0,200-300,30%-40%
Boba Bar,2026-07-31,WK 31,Erode,Swiggy,Dinner,COCO,TN,109.0,91.0,0.0,190.0,0,1,47.89473684210526,109.0,100-200,40%-50%
Boba Bar,2026-07-31,WK 31,Erode,Swiggy,Snacks,COCO,TN,248.0,222.0,0.0,450.0,0,2,49.333333333333336,124.0,100-200,40%-50%
Boba Bar,2026-07-31,WK 31,Erode,Zomato,Dinner,COCO,TN,631.0,330.0,31.560000000000002,921.0,0,2,35.83061889250814,315.5,300-400,30%-40%
Boba Bar,2026-07-31,WK 31,Erode,Zomato,Snacks,COCO,TN,250.0,80.0,12.5,320.0,0,1,25.0,250.0,200-300,20%-30%
Boba Bar,2026-07-31,WK 31,Express Avenue Mall,Swiggy,Dinner,COCO,TN,99.0,91.0,0.0,190.0,0,1,47.89473684210526,99.0,0-100,40%-50%
Boba Bar,2026-07-31,WK 31,Express Avenue Mall,Swiggy,Lunch,COCO,TN,228.0,131.0,0.0,349.0,0,1,37.53581661891118,228.0,200-300,30%-40%
Boba Bar,2026-07-31,WK 31,Guduvanchery,Swiggy,Late Night,COCO,TN,236.0,64.0,0.0,290.0,0,1,22.06896551724138,236.0,200-300,20%-30%
Boba Bar,2026-07-31,WK 31,HSR Layout,Ownly,Snacks,COCO,KA,376.0,0.0,18.8,376.0,0,1,0.0,376.0,300-400,0%
Boba Bar,2026-07-31,WK 31,HSR Layout,Swiggy,Late Night,COCO,KA,188.0,152.0,0.0,320.0,0,1,47.5,188.0,100-200,40%-50%
Boba Bar,2026-07-31,WK 31,Hinjewadi,Swiggy,Dinner,COCO,MH,195.0,96.0,0.0,281.0,0,1,34.16370106761566,195.0,100-200,30%-40%
Boba Bar,2026-07-31,WK 31,Hinjewadi,Swiggy,Snacks,COCO,MH,99.0,91.0,0.0,190.0,0,1,47.89473684210526,99.0,0-100,40%-50%
Boba Bar,2026-07-31,WK 31,Hinjewadi Phase 3,Swiggy,Dinner,COCO,MH,447.0,353.0,0.0,750.0,0,2,47.06666666666667,223.5,200-300,40%-50%
Boba Bar,2026-07-31,WK 31,Indiranagar - CK,Swiggy,Dinner,COCO,KA,100.01,136.17,0.0,236.18,0,1,57.65517825387416,100.01,100-200,50%-60%
Boba Bar,2026-07-31,WK 31,Indiranagar - CK,Swiggy,Snacks,COCO,KA,119.0,91.0,0.0,190.0,0,1,47.89473684210526,119.0,100-200,40%-50%
Boba Bar,2026-07-31,WK 31,Iyyappanthangal - CK,Zomato,Dinner,COCO,TN,227.5,72.5,11.38,290.0,0,1,25.0,227.5,200-300,20%-30%
Boba Bar,2026-07-31,WK 31,Iyyappanthangal - CK,Zomato,Late Night,COCO,TN,398.5,129.5,19.92,518.0,0,1,25.0,398.5,300-400,20%-30%
Boba Bar,2026-07-31,WK 31,Kakkanad,Swiggy,Dinner,COCO,Kerela,169.0,91.0,0.0,250.0,0,1,36.4,169.0,100-200,30%-40%
Boba Bar,2026-07-31,WK 31,Kakkanad,Swiggy,Lunch,COCO,Kerela,564.0,457.0,0.0,961.0,0,3,47.55463059313215,188.0,100-200,40%-50%
Boba Bar,2026-07-31,WK 31,Kalyan,Zomato,Dinner,COCO,MH,494.45,234.55,24.72,709.0,0,1,33.0818053596615,494.45,400-500,30%-40%
Boba Bar,2026-07-31,WK 31,Kalyan,Zomato,Snacks,COCO,MH,410.0,80.0,20.5,470.0,0,1,17.02127659574468,410.0,400-500,10%-20%
Boba Bar,2026-07-31,WK 31,Kammanhalli,Ownly,Dinner,COCO,KA,111.0,0.0,5.56,111.0,0,1,0.0,111.0,100-200,0%
Boba Bar,2026-07-31,WK 31,Kammanhalli,Swiggy,Lunch,COCO,KA,481.01,159.99,0.0,621.0,0,1,25.76328502415459,481.01,400-500,20%-30%
Boba Bar,2026-07-31,WK 31,Kammanhalli,Swiggy,Snacks,COCO,KA,278.0,182.0,0.0,440.0,0,2,41.36363636363637,139.0,100-200,40%-50%
Boba Bar,2026-07-31,WK 31,Kammanhalli,Zomato,Late Night,COCO,KA,220.75,70.25,11.04,281.0,0,1,25.0,220.75,200-300,20%-30%
Boba Bar,2026-07-31,WK 31,Kamothe,Swiggy,Dinner,COCO,MH,99.0,92.0,0.0,191.0,0,1,48.167539267015705,99.0,0-100,40%-50%
Boba Bar,2026-07-31,WK 31,Kanakapura,Swiggy,Dinner,COCO,KA,258.0,224.32999999999998,0.0,462.33,0,2,48.521618757164795,129.0,100-200,40%-50%
Boba Bar,2026-07-31,WK 31,Kanakapura,Swiggy,Late Night,COCO,KA,227.0,64.0,0.0,281.0,0,1,22.77580071174377,227.0,200-300,20%-30%
Boba Bar,2026-07-31,WK 31,Kazhakkoottam,Swiggy,Dinner,FOFO,Kerela,242.0,48.0,0.0,280.0,0,1,17.142857142857142,242.0,200-300,10%-20%
Boba Bar,2026-07-31,WK 31,Khar,Swiggy,Dinner,COCO,MH,376.0,314.0,0.0,650.0,0,2,48.30769230769231,188.0,100-200,40%-50%
Boba Bar,2026-07-31,WK 31,Khar,Swiggy,Late Night,COCO,MH,319.0,0.0,0.0,309.0,0,1,0.0,319.0,300-400,0%
Boba Bar,2026-07-31,WK 31,Kolar- Highway Star,Swiggy,Dinner,COCO,KA,327.0,283.0,0.0,580.0,0,1,48.79310344827586,327.0,300-400,40%-50%
Boba Bar,2026-07-31,WK 31,Kolathur,Swiggy,Late Night,COCO,TN,541.0,0.0,0.0,521.0,0,1,0.0,541.0,500-600,0%
Boba Bar,2026-07-31,WK 31,Kolathur,Swiggy,Lunch,COCO,TN,277.0,274.0,0.0,521.0,0,2,52.5911708253359,138.5,100-200,50%-60%
Boba Bar,2026-07-31,WK 31,Kolathur,Swiggy,Snacks,COCO,TN,590.0,0.0,0.0,570.0,0,1,0.0,590.0,500-600,0%
Boba Bar,2026-07-31,WK 31,Kolathur,Zomato,Dinner,COCO,TN,528.33,355.0,26.42,843.3299999999999,0,2,42.09502804358911,264.165,200-300,40%-50%
Boba Bar,2026-07-31,WK 31,Kondhwa,Swiggy,Dinner,FOFO,MH,200.0,0.0,0.0,190.0,0,1,0.0,200.0,100-200,0%
Boba Bar,2026-07-31,WK 31,Koramangala,Swiggy,Late Night,COCO,KA,198.0,64.0,0.0,262.0,0,1,24.427480916030532,198.0,100-200,20%-30%
Boba Bar,2026-07-31,WK 31,Koramangala,Zomato,Snacks,COCO,KA,621.0,270.0,31.04,861.0,0,1,31.3588850174216,621.0,600-900,30%-40%
Boba Bar,2026-07-31,WK 31,Koregaon Park - Pune,Zomato,Late Night,COCO,MH,271.75,87.25,13.58,349.0,0,1,25.0,271.75,200-300,20%-30%
Boba Bar,2026-07-31,WK 31,Kothanur,Swiggy,Dinner,FOFO,KA,100.01,136.17,0.0,236.18,0,1,57.65517825387416,100.01,100-200,50%-60%
Boba Bar,2026-07-31,WK 31,Kothanur,Swiggy,Lunch,FOFO,KA,100.0,126.66,0.0,226.66,0,1,55.88105532515662,100.0,0-100,50%-60%
Boba Bar,2026-07-31,WK 31,Lokhandwala,Swiggy,Late Night,COCO,MH,218.0,183.0,0.0,381.0,0,1,48.031496062992126,218.0,200-300,40%-50%
Boba Bar,2026-07-31,WK 31,Madno - Hinjewadi,Swiggy,Lunch,FOFO,MH,110.0,31.0,0.0,141.0,0,1,21.98581560283688,110.0,100-200,20%-30%
Boba Bar,2026-07-31,WK 31,Malleswaram,Zomato,Late Night,FOFO,KA,373.25,117.75,18.66,471.0,0,1,25.0,373.25,300-400,20%-30%
Boba Bar,2026-07-31,WK 31,Manipal,Swiggy,Dinner,COCO,KA,360.0,130.0,0.0,470.0,0,2,27.659574468085108,180.0,100-200,20%-30%
Boba Bar,2026-07-31,WK 31,Manipal,Zomato,Snacks,COCO,KA,300.0,280.0,15.0,560.0,0,1,50.0,300.0,200-300,40%-50%
Boba Bar,2026-07-31,WK 31,Manpada - CF CK,Zomato,Late Night,COCO,MH,398.5,129.5,19.92,518.0,0,1,25.0,398.5,300-400,20%-30%
Boba Bar,2026-07-31,WK 31,Meenakshi Mall,Swiggy,Dinner,COCO,KA,286.0,64.0,0.0,340.0,0,1,18.823529411764707,286.0,200-300,10%-20%
Boba Bar,2026-07-31,WK 31,Mira Road,Swiggy,Dinner,COCO,MH,150.0,189.99,0.0,339.99,0,1,55.88105532515662,150.0,100-200,50%-60%
Boba Bar,2026-07-31,WK 31,Mogappair,Swiggy,Dinner,COCO,TN,99.0,91.0,0.0,190.0,0,1,47.89473684210526,99.0,0-100,40%-50%
Boba Bar,2026-07-31,WK 31,Mogappair,Swiggy,Late Night,COCO,TN,368.0,348.66,0.0,676.66,0,1,51.52661602577366,368.0,300-400,50%-60%
Boba Bar,2026-07-31,WK 31,Mogappair,Swiggy,Lunch,COCO,TN,360.01,196.17,0.0,526.18,0,1,37.28191873503364,360.01,300-400,30%-40%
Boba Bar,2026-07-31,WK 31,Mogappair,Swiggy,Snacks,COCO,TN,230.0,60.0,0.0,280.0,0,1,21.428571428571427,230.0,200-300,20%-30%
Boba Bar,2026-07-31,WK 31,Mogappair,Zomato,Late Night,COCO,TN,300.0,0.0,15.0,290.0,0,1,0.0,300.0,200-300,0%
Boba Bar,2026-07-31,WK 31,Mudichur,Swiggy,Dinner,COCO,TN,585.0,135.0,0.0,700.0,0,2,19.28571428571429,292.5,200-300,10%-20%
Boba Bar,2026-07-31,WK 31,Mudichur,Swiggy,Late Night,COCO,TN,120.01,136.17,0.0,236.18,0,1,57.65517825387416,120.01,100-200,50%-60%
Boba Bar,2026-07-31,WK 31,Nagadevanahally,Zomato,Snacks,FOFO,KA,300.0,0.0,15.0,290.0,0,1,0.0,300.0,200-300,0%
Boba Bar,2026-07-31,WK 31,Nagavara,Swiggy,Late Night,COCO,KA,150.01,218.54,0.0,368.55,0,1,59.29724596391262,150.01,100-200,50%-60%
Boba Bar,2026-07-31,WK 31,Nagavara,Swiggy,Lunch,COCO,KA,247.0,64.0,0.0,301.0,0,1,21.262458471760798,247.0,200-300,20%-30%
Boba Bar,2026-07-31,WK 31,Nagavara,Swiggy,Snacks,COCO,KA,149.0,143.33,0.0,272.33,0,1,52.63099915543643,149.0,100-200,50%-60%
Boba Bar,2026-07-31,WK 31,Nungambakkam - CK,Swiggy,Dinner,COCO,TN,588.0,322.0,0.0,880.0,0,2,36.59090909090909,294.0,200-300,30%-40%
Boba Bar,2026-07-31,WK 31,Nungambakkam - CK,Swiggy,Late Night,COCO,TN,169.0,154.33,0.0,303.33,0,1,50.87858108330862,169.0,100-200,50%-60%
Boba Bar,2026-07-31,WK 31,OMR,Swiggy,Lunch,COCO,TN,218.0,183.0,0.0,381.0,0,1,48.031496062992126,218.0,200-300,40%-50%
Boba Bar,2026-07-31,WK 31,Pallikaranai,Swiggy,Dinner,COCO,TN,278.0,262.0,0.0,520.0,0,1,50.38461538461539,278.0,200-300,50%-60%
Boba Bar,2026-07-31,WK 31,Pallikaranai,Swiggy,Late Night,COCO,TN,338.0,308.66,0.0,606.66,0,1,50.87858108330862,338.0,300-400,50%-60%
Boba Bar,2026-07-31,WK 31,Pallikaranai,Swiggy,Lunch,COCO,TN,236.0,64.0,0.0,290.0,0,1,22.06896551724138,236.0,200-300,20%-30%
Boba Bar,2026-07-31,WK 31,Pallikaranai,Swiggy,Snacks,COCO,TN,895.85,617.0,0.0,1432.85,0,4,43.06103220853544,223.9625,200-300,40%-50%
Boba Bar,2026-07-31,WK 31,Pallikaranai,Zomato,Dinner,COCO,TN,108.63,60.37,5.44,159.0,0,1,37.9685534591195,108.63,100-200,30%-40%
Boba Bar,2026-07-31,WK 31,Perambur - CK,Swiggy,Late Night,COCO,TN,548.0,222.0,0.0,740.0,0,1,30.0,548.0,500-600,20%-30%
Boba Bar,2026-07-31,WK 31,Perambur - CK,Swiggy,Snacks,COCO,TN,484.0,286.0,0.0,740.0,0,2,38.648648648648646,242.0,200-300,30%-40%
Boba Bar,2026-07-31,WK 31,Perambur - CK,Zomato,Breakfast,COCO,TN,105.0,95.0,5.26,190.0,0,1,50.0,105.0,100-200,40%-50%
Boba Bar,2026-07-31,WK 31,Pimpri Chinchwad,Swiggy,Snacks,FOFO,MH,169.0,112.0,0.0,281.0,0,1,39.8576512455516,169.0,100-200,30%-40%
Boba Bar,2026-07-31,WK 31,Powai- CF - CK,Swiggy,Late Night,COCO,MH,898.0,122.0,0.0,980.0,0,1,12.448979591836734,898.0,600-900,10%-20%
Boba Bar,2026-07-31,WK 31,Powai- CF - CK,Swiggy,Snacks,COCO,MH,290.0,0.0,0.0,280.0,0,1,0.0,290.0,200-300,0%
Boba Bar,2026-07-31,WK 31,Race Course Road,Zomato,Lunch,COCO,TN,270.0,0.0,13.5,260.0,0,1,0.0,270.0,200-300,0%
Boba Bar,2026-07-31,WK 31,Race Course Road,Zomato,Snacks,COCO,TN,220.0,70.0,11.0,280.0,0,1,25.0,220.0,200-300,20%-30%
Boba Bar,2026-07-31,WK 31,Raipur-1,Zomato,Snacks,FOFO,ROI,200.0,0.0,10.0,190.0,0,1,0.0,200.0,100-200,0%
Boba Bar,2026-07-31,WK 31,Ravipuram,Swiggy,Dinner,COCO,Kerela,238.0,131.0,0.0,349.0,0,1,37.53581661891118,238.0,200-300,30%-40%
Boba Bar,2026-07-31,WK 31,Ravipuram,Swiggy,Late Night,COCO,Kerela,369.0,191.0,0.0,540.0,0,1,35.37037037037037,369.0,300-400,30%-40%
Boba Bar,2026-07-31,WK 31,Ravipuram,Swiggy,Lunch,COCO,Kerela,300.0,0.0,0.0,290.0,0,1,0.0,300.0,200-300,0%
Boba Bar,2026-07-31,WK 31,Ravipuram,Swiggy,Snacks,COCO,Kerela,218.0,182.0,0.0,380.0,0,1,47.89473684210526,218.0,200-300,40%-50%
Boba Bar,2026-07-31,WK 31,SEAWOOD,Swiggy,Dinner,COCO,MH,267.0,131.0,0.0,378.0,0,1,34.65608465608466,267.0,200-300,30%-40%
Boba Bar,2026-07-31,WK 31,SEAWOOD,Zomato,Dinner,COCO,MH,179.29,90.71,8.96,260.0,0,1,34.888461538461534,179.29,100-200,30%-40%
Boba Bar,2026-07-31,WK 31,SEAWOOD,Zomato,Late Night,COCO,MH,220.75,70.25,11.04,281.0,0,1,25.0,220.75,200-300,20%-30%
Boba Bar,2026-07-31,WK 31,SEAWOOD,Zomato,Snacks,COCO,MH,280.0,260.0,14.0,520.0,0,1,50.0,280.0,200-300,40%-50%
Boba Bar,2026-07-31,WK 31,Sarjapur Road,Swiggy,Late Night,COCO,KA,220.0,61.0,0.0,261.0,0,1,23.371647509578544,220.0,200-300,20%-30%
Boba Bar,2026-07-31,WK 31,Sarjapur Road,Swiggy,Lunch,COCO,KA,672.0,428.0,0.0,1090.0,0,2,39.26605504587156,336.0,300-400,30%-40%
Boba Bar,2026-07-31,WK 31,Sarjapur Road,Zomato,Late Night,COCO,KA,571.0,260.0,28.560000000000002,801.0,0,2,32.45942571785269,285.5,200-300,30%-40%
Boba Bar,2026-07-31,WK 31,Sarjapura 3,Swiggy,Late Night,FOFO,KA,277.01,63.99,0.0,321.0,0,1,19.934579439252335,277.01,200-300,10%-20%
Boba Bar,2026-07-31,WK 31,Sarjapura 3,Zomato,Dinner,FOFO,KA,152.5,47.5,7.62,190.0,0,1,25.0,152.5,100-200,20%-30%
Boba Bar,2026-07-31,WK 31,Selaiyur,Swiggy,Dinner,FOFO,TN,319.0,221.0,0.0,520.0,0,2,42.5,159.5,100-200,40%-50%
Boba Bar,2026-07-31,WK 31,Sinhagad,Zomato,Dinner,COCO,MH,666.0,485.0,33.3,1111.0,0,2,43.65436543654365,333.0,300-400,40%-50%
Boba Bar,2026-07-31,WK 31,Sinhagad,Zomato,Snacks,COCO,MH,205.75,65.25,10.28,261.0,0,1,25.0,205.75,200-300,20%-30%
Boba Bar,2026-07-31,WK 31,Tata Sherwood,Swiggy,Dinner,COCO,KA,738.01,239.99,0.0,938.0,0,2,25.58528784648188,369.005,300-400,20%-30%
Boba Bar,2026-07-31,WK 31,Tata Sherwood,Swiggy,Late Night,COCO,KA,357.0,313.0,0.0,640.0,0,1,48.90625,357.0,300-400,40%-50%
Boba Bar,2026-07-31,WK 31,Tata Sherwood,Swiggy,Snacks,COCO,KA,169.0,0.0,0.0,159.0,0,1,0.0,169.0,100-200,0%
Boba Bar,2026-07-31,WK 31,Thakur Village,Swiggy,Dinner,COCO,MH,478.0,150.0,0.0,598.0,0,2,25.08361204013378,239.0,200-300,20%-30%
Boba Bar,2026-07-31,WK 31,Thakur Village,Zomato,Dinner,COCO,MH,300.0,280.0,15.0,560.0,0,1,50.0,300.0,200-300,40%-50%
Boba Bar,2026-07-31,WK 31,Thiruvalla,Swiggy,Dinner,COCO,Kerela,276.0,64.0,0.0,330.0,0,1,19.393939393939394,276.0,200-300,10%-20%
Boba Bar,2026-07-31,WK 31,Thiruvalla,Swiggy,Lunch,COCO,Kerela,109.0,91.0,0.0,190.0,0,1,47.89473684210526,109.0,100-200,40%-50%
Boba Bar,2026-07-31,WK 31,Thiruvalla,Zomato,Snacks,COCO,Kerela,458.75,146.25,22.94,585.0,0,1,25.0,458.75,400-500,20%-30%
Boba Bar,2026-07-31,WK 31,Thiruvananthpuram,Swiggy,Snacks,FOFO,Kerela,1400.0,0.0,0.0,1350.0,0,1,0.0,1400.0,>900,0%
Boba Bar,2026-07-31,WK 31,Urapakkam CK,Zomato,Dinner,COCO,TN,253.94,37.06,12.7,281.0,0,1,13.188612099644129,253.94,200-300,10%-20%
Boba Bar,2026-07-31,WK 31,Vadapalani,Swiggy,Dinner,FOFO,TN,267.35,333.65,0.0,581.0,0,1,57.426850258175556,267.35,200-300,50%-60%
Boba Bar,2026-07-31,WK 31,Vadapalani,Swiggy,Snacks,FOFO,TN,109.0,91.0,0.0,190.0,0,1,47.89473684210526,109.0,100-200,40%-50%
Boba Bar,2026-07-31,WK 31,Valsarvakkam,Swiggy,Dinner,COCO,TN,1356.0,617.0,0.0,1893.0,0,3,32.59376650818806,452.0,400-500,30%-40%
Boba Bar,2026-07-31,WK 31,Valsarvakkam,Swiggy,Snacks,COCO,TN,872.0,728.0,0.0,1520.0,0,2,47.89473684210526,436.0,400-500,40%-50%
Boba Bar,2026-07-31,WK 31,Velachery,Zomato,Late Night,COCO,TN,282.56,48.44,14.12,321.0,0,1,15.090342679127724,282.56,200-300,10%-20%
Boba Bar,2026-07-31,WK 31,Vellore,Swiggy,Dinner,COCO,TN,464.0,458.0,0.0,862.0,0,2,53.1322505800464,232.0,200-300,50%-60%
Boba Bar,2026-07-31,WK 31,Vellore,Swiggy,Late Night,COCO,TN,366.0,399.33000000000004,0.0,715.3299999999999,0,2,55.82458445752311,183.0,100-200,50%-60%
Boba Bar,2026-07-31,WK 31,Vellore,Swiggy,Lunch,COCO,TN,228.0,131.0,0.0,349.0,0,1,37.53581661891118,228.0,200-300,30%-40%
Boba Bar,2026-07-31,WK 31,Vellore,Swiggy,Snacks,COCO,TN,339.0,151.0,0.0,470.0,0,1,32.12765957446809,339.0,300-400,30%-40%
Boba Bar,2026-07-31,WK 31,Vijaywada,Swiggy,Dinner,FOFO,AP & TL,1041.01,39.99,0.0,1041.0,0,3,3.84149855907781,347.00333333333333,300-400,1%-10%
Boba Bar,2026-07-31,WK 31,Vijaywada,Swiggy,Late Night,FOFO,AP & TL,140.0,0.0,0.0,130.0,0,1,0.0,140.0,100-200,0%
Boba Bar,2026-07-31,WK 31,Vijaywada,Swiggy,Lunch,FOFO,AP & TL,838.0,64.0,0.0,872.0,0,2,7.339449541284404,419.0,400-500,1%-10%
Boba Bar,2026-07-31,WK 31,Vijaywada,Swiggy,Snacks,FOFO,AP & TL,719.8,151.2,0.0,831.0,0,3,18.19494584837545,239.9333333333333,200-300,10%-20%
Boba Bar,2026-07-31,WK 31,Vijaywada,Zomato,Late Night,FOFO,AP & TL,215.0,65.0,10.76,260.0,0,1,25.0,215.0,200-300,20%-30%
Boba Bar,2026-07-31,WK 31,Wagholi - CF CK,Swiggy,Late Night,COCO,MH,188.01,194.84,0.0,382.85,0,1,50.89199425362413,188.01,100-200,50%-60%
Boba Bar,2026-07-31,WK 31,Wagholi - CF CK,Zomato,Dinner,COCO,MH,300.0,280.0,15.0,560.0,0,1,50.0,300.0,200-300,40%-50%
Boba Bar,2026-07-31,WK 31,Whitefield,Swiggy,Snacks,COCO,KA,179.0,131.0,0.0,300.0,0,1,43.666666666666664,179.0,100-200,40%-50%
Boba Bar,2026-07-31,WK 31,Yelahanka,Swiggy,Dinner,COCO,KA,109.0,92.0,0.0,191.0,0,1,48.167539267015705,109.0,100-200,40%-50%
Boba Bar,2026-07-31,WK 31,Yelahanka,Swiggy,Late Night,COCO,KA,109.0,91.0,0.0,190.0,0,1,47.89473684210526,109.0,100-200,40%-50%
Boba Bar,2026-07-31,WK 31,Yelahanka,Swiggy,Snacks,COCO,KA,399.0,91.0,0.0,470.0,0,1,19.361702127659576,399.0,300-400,10%-20%
Boba Bar,2026-07-31,WK 31,Yelahanka,Zomato,Dinner,COCO,KA,758.45,342.55,37.94,1051.0,0,2,32.59276879162702,379.225,300-400,30%-40%
Boba Bar,2026-07-31,WK 31,Yelahanka,Zomato,Late Night,COCO,KA,205.0,65.0,10.26,260.0,0,1,25.0,205.0,200-300,20%-30%
Boba Bar,2026-07-31,WK 31,Zamin Pallavaram,Swiggy,Late Night,COCO,TN,50.0,63.33,0.0,113.33,0,1,55.88105532515662,50.0,0-100,50%-60%
Boba Bar,2026-07-31,WK 31,Zamin Pallavaram,Swiggy,Snacks,COCO,TN,226.0,64.0,0.0,280.0,0,1,22.857142857142858,226.0,200-300,20%-30%
Frozen Bottle,2026-07-29,WK 31,Mansarovar,Swiggy,Closing,FOFO,ROI,105.0,104.0,0.0,199.0,0,1,52.26130653266332,105.0,100-200,50%-60%
Frozen Bottle,2026-07-30,WK 31,AECS Layout,In Store,Dinner,COCO,KA,6191.03,383.84,309.78000000000003,6574.87,0,39,5.837986150296508,158.74435897435896,100-200,1%-10%
Frozen Bottle,2026-07-30,WK 31,AECS Layout,In Store,Lunch,COCO,KA,1602.59,63.04,80.16000000000001,1665.6299999999999,0,9,3.784754117060812,178.06555555555553,100-200,1%-10%
Frozen Bottle,2026-07-30,WK 31,AECS Layout,In Store,Snacks,COCO,KA,1423.51,0.0,71.2,1423.51,0,7,0.0,203.35857142857142,200-300,0%
Frozen Bottle,2026-07-30,WK 31,AECS Layout,Ownly,Dinner,COCO,KA,585.0,0.0,29.26,585.0,0,1,0.0,585.0,500-600,0%
Frozen Bottle,2026-07-30,WK 31,AECS Layout,Ownly,Snacks,COCO,KA,382.0,0.0,19.1,382.0,0,1,0.0,382.0,300-400,0%
Frozen Bottle,2026-07-30,WK 31,AECS Layout,Swiggy,Dinner,COCO,KA,2315.0,1459.33,0.0,3654.33,0,11,39.934269756699585,210.45454545454547,200-300,30%-40%
Frozen Bottle,2026-07-30,WK 31,AECS Layout,Swiggy,Late Night,COCO,KA,1022.01,650.84,0.0,1622.85,0,4,40.10475398219182,255.5025,200-300,40%-50%
Frozen Bottle,2026-07-30,WK 31,AECS Layout,Swiggy,Lunch,COCO,KA,218.0,112.0,0.0,320.0,0,1,35.0,218.0,200-300,30%-40%
Frozen Bottle,2026-07-30,WK 31,AECS Layout,Swiggy,Snacks,COCO,KA,1364.0,590.33,0.0,1884.33,0,5,31.328376664384695,272.8,200-300,30%-40%
Frozen Bottle,2026-07-30,WK 31,AECS Layout,Zomato,Dinner,COCO,KA,4579.42,4418.43,229.06,8687.85,0,14,50.8575769609282,327.1014285714286,300-400,50%-60%
Frozen Bottle,2026-07-30,WK 31,AECS Layout,Zomato,Late Night,COCO,KA,1023.94,591.24,51.239999999999995,1545.18,0,6,38.263503281171126,170.65666666666667,100-200,30%-40%
Frozen Bottle,2026-07-30,WK 31,AECS Layout,Zomato,Lunch,COCO,KA,890.0,820.0,44.5,1650.0,0,3,49.696969696969695,296.6666666666667,200-300,40%-50%
Frozen Bottle,2026-07-30,WK 31,AECS Layout,Zomato,Snacks,COCO,KA,695.1,634.9,34.78,1280.0,0,3,49.60156249999999,231.70000000000002,200-300,40%-50%
Frozen Bottle,2026-07-30,WK 31,Adoor,In Store,Dinner,FOFO,Kerela,2148.0,0.0,107.42,2148.0,0,3,0.0,716.0,600-900,0%
Frozen Bottle,2026-07-30,WK 31,Adoor,In Store,Snacks,FOFO,Kerela,2419.0,0.0,120.96000000000001,2419.0,0,2,0.0,1209.5,>900,0%
Frozen Bottle,2026-07-30,WK 31,Adoor,Swiggy,Dinner,FOFO,Kerela,209.0,0.0,0.0,199.0,0,1,0.0,209.0,200-300,0%
Frozen Bottle,2026-07-30,WK 31,Adoor,Swiggy,Snacks,FOFO,Kerela,1217.0,0.0,0.0,1167.0,0,2,0.0,608.5,600-900,0%
Frozen Bottle,2026-07-30,WK 31,Adoor,Zomato,Dinner,FOFO,Kerela,378.0,0.0,18.92,358.0,0,1,0.0,378.0,300-400,0%
Frozen Bottle,2026-07-30,WK 31,Adoor,Zomato,Snacks,FOFO,Kerela,240.0,0.0,12.0,230.0,0,1,0.0,240.0,200-300,0%
Frozen Bottle,2026-07-30,WK 31,Agra,In Store,Dinner,FOFO,ROI,1821.0,0.0,91.08,1821.0,0,5,0.0,364.2,300-400,0%
Frozen Bottle,2026-07-30,WK 31,Agra,In Store,Lunch,FOFO,ROI,209.0,0.0,10.46,209.0,0,1,0.0,209.0,200-300,0%
Frozen Bottle,2026-07-30,WK 31,Agra,In Store,Snacks,FOFO,ROI,437.0,0.0,21.86,437.0,0,2,0.0,218.5,200-300,0%
Frozen Bottle,2026-07-30,WK 31,Akshay Nagar,Swiggy,Dinner,FOFO,KA,1291.0,230.0,0.0,1471.0,0,3,15.635622025832765,430.3333333333333,400-500,10%-20%
Frozen Bottle,2026-07-30,WK 31,Akshay Nagar,Zomato,Dinner,FOFO,KA,571.9,28.1,28.6,580.0,0,2,4.844827586206897,285.95,200-300,1%-10%
Frozen Bottle,2026-07-30,WK 31,Akshay Nagar,Zomato,Late Night,FOFO,KA,1412.0,18.0,70.6,1380.0,0,3,1.3043478260869565,470.6666666666667,400-500,1%-10%
Frozen Bottle,2026-07-30,WK 31,Akshay Nagar,Zomato,Lunch,FOFO,KA,497.0,175.0,24.84,652.0,0,1,26.840490797546014,497.0,400-500,20%-30%
Frozen Bottle,2026-07-30,WK 31,Akshay Nagar,Zomato,Snacks,FOFO,KA,524.0,125.0,26.2,629.0,0,1,19.87281399046105,524.0,500-600,10%-20%
Frozen Bottle,2026-07-30,WK 31,Aluva,In Store,Dinner,FOFO,Kerela,1483.0,0.0,74.18,1483.0,0,4,0.0,370.75,300-400,0%
Frozen Bottle,2026-07-30,WK 31,Aluva,In Store,Snacks,FOFO,Kerela,1721.0,0.0,86.08,1721.0,0,4,0.0,430.25,400-500,0%
Frozen Bottle,2026-07-30,WK 31,Aluva,Swiggy,Snacks,FOFO,Kerela,861.0,0.0,0.0,831.0,0,1,0.0,861.0,600-900,0%
Frozen Bottle,2026-07-30,WK 31,Aluva,Zomato,Dinner,FOFO,Kerela,397.0,43.0,19.86,430.0,0,1,10.0,397.0,300-400,1%-10%
Frozen Bottle,2026-07-30,WK 31,Aluva,Zomato,Lunch,FOFO,Kerela,603.0,0.0,30.16,583.0,0,1,0.0,603.0,600-900,0%
Frozen Bottle,2026-07-30,WK 31,Aluva,Zomato,Snacks,FOFO,Kerela,790.5,259.5,39.52,1020.0,0,1,25.441176470588232,790.5,600-900,20%-30%
Frozen Bottle,2026-07-30,WK 31,Alwarpet,In Store,Dinner,COCO,TN,221.96,265.03999999999996,11.08,487.0,0,3,54.42299794661191,73.98666666666666,0-100,50%-60%
Frozen Bottle,2026-07-30,WK 31,Alwarpet,In Store,Lunch,COCO,TN,219.32,236.68,10.98,456.0,0,4,51.90350877192983,54.83,0-100,50%-60%
Frozen Bottle,2026-07-30,WK 31,Alwarpet,In Store,Snacks,COCO,TN,748.79,566.4399999999999,37.44,1315.23,0,10,43.06775240832401,74.87899999999999,0-100,40%-50%
Frozen Bottle,2026-07-30,WK 31,Alwarpet,Swiggy,Dinner,COCO,TN,2263.0,1242.0,0.0,3375.0,0,10,36.8,226.3,200-300,30%-40%
Frozen Bottle,2026-07-30,WK 31,Alwarpet,Swiggy,Late Night,COCO,TN,591.0,464.0,0.0,1015.0,0,2,45.714285714285715,295.5,200-300,40%-50%
Frozen Bottle,2026-07-30,WK 31,Alwarpet,Swiggy,Lunch,COCO,TN,2045.0,1497.0,0.0,3412.0,0,7,43.874560375146544,292.14285714285717,200-300,40%-50%
Frozen Bottle,2026-07-30,WK 31,Alwarpet,Swiggy,Snacks,COCO,TN,518.0,325.0,0.0,803.0,0,3,40.473225404732254,172.66666666666666,100-200,40%-50%
Frozen Bottle,2026-07-30,WK 31,Alwarpet,Zomato,Dinner,COCO,TN,2524.4,2397.6,126.25999999999999,4762.0,0,7,50.34859302813943,360.62857142857143,300-400,50%-60%
Frozen Bottle,2026-07-30,WK 31,Alwarpet,Zomato,Lunch,COCO,TN,305.5,85.5,15.28,371.0,0,1,23.045822102425877,305.5,300-400,20%-30%
Frozen Bottle,2026-07-30,WK 31,Alwarpet,Zomato,Snacks,COCO,TN,2210.8,1654.2,110.6,3725.0,0,6,44.40805369127517,368.4666666666667,300-400,40%-50%
Frozen Bottle,2026-07-30,WK 31,Ambattur,In Store,Dinner,FOFO,TN,8510.0,0.0,425.6,8510.0,0,25,0.0,340.4,300-400,0%
Frozen Bottle,2026-07-30,WK 31,Ambattur,In Store,Late Night,FOFO,TN,239.0,0.0,11.96,239.0,0,1,0.0,239.0,200-300,0%
Frozen Bottle,2026-07-30,WK 31,Ambattur,In Store,Lunch,FOFO,TN,1144.0,0.0,57.22,1144.0,0,3,0.0,381.3333333333333,300-400,0%
Frozen Bottle,2026-07-30,WK 31,Ambattur,In Store,Snacks,FOFO,TN,1557.0,0.0,77.86,1557.0,0,6,0.0,259.5,200-300,0%
Frozen Bottle,2026-07-30,WK 31,Ambattur,Swiggy,Dinner,FOFO,TN,1990.0,0.0,0.0,1930.0,0,3,0.0,663.3333333333334,600-900,0%
Frozen Bottle,2026-07-30,WK 31,Ambattur,Swiggy,Snacks,FOFO,TN,1009.0,0.0,0.0,969.0,0,3,0.0,336.3333333333333,300-400,0%
Frozen Bottle,2026-07-30,WK 31,Ananth Nagar,In Store,Dinner,COCO,KA,547.0,0.0,27.36,547.0,0,2,0.0,273.5,200-300,0%
Frozen Bottle,2026-07-30,WK 31,Ananth Nagar,In Store,Snacks,COCO,KA,1114.12,639.13,55.72,1753.25,0,12,36.454013974048195,92.84333333333332,0-100,30%-40%
Frozen Bottle,2026-07-30,WK 31,Ananth Nagar,Swiggy,Dinner,COCO,KA,934.0,768.0,0.0,1652.0,0,3,46.48910411622276,311.3333333333333,300-400,40%-50%
Frozen Bottle,2026-07-30,WK 31,Ananth Nagar,Swiggy,Lunch,COCO,KA,707.0,394.0,0.0,1061.0,0,3,37.134778510838835,235.66666666666666,200-300,30%-40%
Frozen Bottle,2026-07-30,WK 31,Ananth Nagar,Swiggy,Snacks,COCO,KA,1027.01,1025.8400000000001,0.0,2012.85,0,3,50.96455274859032,342.33666666666664,300-400,50%-60%
Frozen Bottle,2026-07-30,WK 31,Ananth Nagar,Zomato,Breakfast,COCO,KA,190.0,0.0,9.5,180.0,0,1,0.0,190.0,100-200,0%
Frozen Bottle,2026-07-30,WK 31,Ananth Nagar,Zomato,Dinner,COCO,KA,1661.0,1496.0,83.10000000000001,3047.0,0,6,49.09747292418773,276.8333333333333,200-300,40%-50%
Frozen Bottle,2026-07-30,WK 31,Ananth Nagar,Zomato,Lunch,COCO,KA,198.6,210.4,9.94,389.0,0,1,54.087403598971726,198.6,100-200,50%-60%
Frozen Bottle,2026-07-30,WK 31,Ananth Nagar,Zomato,Snacks,COCO,KA,1342.66,1152.67,67.16,2395.33,0,5,48.12155318891343,268.53200000000004,200-300,40%-50%
Frozen Bottle,2026-07-30,WK 31,Annanagar,In Store,Dinner,COCO,TN,5085.65,1400.54,254.42,6486.19,0,43,21.592645297162125,118.27093023255813,100-200,20%-30%
Frozen Bottle,2026-07-30,WK 31,Annanagar,In Store,Lunch,COCO,TN,2453.7799999999997,1041.22,122.7,3495.0,0,20,29.79170243204578,122.689,100-200,20%-30%
Frozen Bottle,2026-07-30,WK 31,Annanagar,In Store,Snacks,COCO,TN,2716.0099999999998,710.45,135.88,3426.46,0,23,20.73422716156033,118.08739130434782,100-200,20%-30%
Frozen Bottle,2026-07-30,WK 31,Annanagar,Swiggy,Dinner,COCO,TN,2857.93,1867.07,0.0,4555.0,0,15,40.989462129527986,190.52866666666665,100-200,40%-50%
Frozen Bottle,2026-07-30,WK 31,Annanagar,Swiggy,Late Night,COCO,TN,570.12,446.88,0.0,977.0,0,4,45.740020470829066,142.53,100-200,40%-50%
Frozen Bottle,2026-07-30,WK 31,Annanagar,Swiggy,Lunch,COCO,TN,879.0,448.0,0.0,1287.0,0,5,34.80963480963481,175.8,100-200,30%-40%
Frozen Bottle,2026-07-30,WK 31,Annanagar,Swiggy,Snacks,COCO,TN,1602.12,991.88,0.0,2494.0,0,9,39.77064955894146,178.01333333333332,100-200,30%-40%
Frozen Bottle,2026-07-30,WK 31,Annanagar,Zomato,Dinner,COCO,TN,2885.2,2673.8,144.32,5359.0,0,12,49.89363687255085,240.4333333333333,200-300,40%-50%
Frozen Bottle,2026-07-30,WK 31,Annanagar,Zomato,Late Night,COCO,TN,361.0,200.0,18.06,531.0,0,2,37.664783427495294,180.5,100-200,30%-40%
Frozen Bottle,2026-07-30,WK 31,Annanagar,Zomato,Snacks,COCO,TN,1845.0,1484.0,92.28,3229.0,0,5,45.95850108392691,369.0,300-400,40%-50%
Frozen Bottle,2026-07-30,WK 31,Attibele,In Store,Dinner,FOFO,KA,2054.59,0.0,102.76,2054.59,0,7,0.0,293.5128571428572,200-300,0%
Frozen Bottle,2026-07-30,WK 31,Attibele,In Store,Lunch,FOFO,KA,612.0,0.0,30.62,612.0,0,3,0.0,204.0,200-300,0%
Frozen Bottle,2026-07-30,WK 31,Attibele,In Store,Snacks,FOFO,KA,1668.0,0.0,83.44,1668.0,0,6,0.0,278.0,200-300,0%
Frozen Bottle,2026-07-30,WK 31,Attibele,Swiggy,Dinner,FOFO,KA,258.0,191.0,0.0,429.0,0,1,44.52214452214452,258.0,200-300,40%-50%
Frozen Bottle,2026-07-30,WK 31,Attibele,Swiggy,Snacks,FOFO,KA,180.0,218.0,0.0,398.0,0,1,54.773869346733676,180.0,100-200,50%-60%
Frozen Bottle,2026-07-30,WK 31,Attibele,Zomato,Dinner,FOFO,KA,1258.0,420.0,62.92,1618.0,0,4,25.95797280593325,314.5,300-400,20%-30%
Frozen Bottle,2026-07-30,WK 31,Attibele,Zomato,Lunch,FOFO,KA,1569.6,469.4,78.46000000000001,1969.0,0,5,23.839512442864397,313.91999999999996,300-400,20%-30%
Frozen Bottle,2026-07-30,WK 31,Attibele,Zomato,Snacks,FOFO,KA,316.0,75.0,15.8,381.0,0,1,19.68503937007874,316.0,300-400,10%-20%
Frozen Bottle,2026-07-30,WK 31,Aundh,Zomato,Closing,FOFO,MH,786.0,150.0,39.3,906.0,0,1,16.55629139072848,786.0,600-900,10%-20%
Frozen Bottle,2026-07-30,WK 31,Aundh,Zomato,Dinner,FOFO,MH,342.0,200.0,17.12,522.0,0,2,38.31417624521073,171.0,100-200,30%-40%
Frozen Bottle,2026-07-30,WK 31,Aundh,Zomato,Late Night,FOFO,MH,180.0,100.0,9.0,270.0,0,1,37.03703703703704,180.0,100-200,30%-40%
Frozen Bottle,2026-07-30,WK 31,Aurangabad- 1,In Store,Dinner,FOFO,MH,1272.0,0.0,63.64,1272.0,0,6,0.0,212.0,200-300,0%
Frozen Bottle,2026-07-30,WK 31,Aurangabad- 1,In Store,Lunch,FOFO,MH,467.0,0.0,23.36,467.0,0,2,0.0,233.5,200-300,0%
Frozen Bottle,2026-07-30,WK 31,Aurangabad- 1,In Store,Snacks,FOFO,MH,1012.5,0.0,50.64,1012.5,0,3,0.0,337.5,300-400,0%
Frozen Bottle,2026-07-30,WK 31,Aurangabad- 1,Swiggy,Breakfast,FOFO,MH,181.0,0.0,0.0,171.0,0,1,0.0,181.0,100-200,0%
Frozen Bottle,2026-07-30,WK 31,Aurangabad- 1,Swiggy,Dinner,FOFO,MH,331.0,0.0,0.0,321.0,0,1,0.0,331.0,300-400,0%
Frozen Bottle,2026-07-30,WK 31,Aurangabad- 1,Swiggy,Late Night,FOFO,MH,415.0,0.0,0.0,405.0,0,1,0.0,415.0,400-500,0%
Frozen Bottle,2026-07-30,WK 31,Aurangabad- 1,Swiggy,Snacks,FOFO,MH,280.0,0.0,0.0,270.0,0,1,0.0,280.0,200-300,0%
Frozen Bottle,2026-07-30,WK 31,Aurangabad- 1,Zomato,Closing,FOFO,MH,481.2,47.8,24.06,519.0,0,1,9.210019267822736,481.2,400-500,1%-10%
Frozen Bottle,2026-07-30,WK 31,Aurangabad- 1,Zomato,Dinner,FOFO,MH,2273.6,618.4,113.68,2792.0,0,6,22.148997134670488,378.93333333333334,300-400,20%-30%
Frozen Bottle,2026-07-30,WK 31,Aurangabad- 1,Zomato,Late Night,FOFO,MH,1680.0,0.0,84.02,1620.0,0,4,0.0,420.0,400-500,0%
Frozen Bottle,2026-07-30,WK 31,Aurangabad- 1,Zomato,Lunch,FOFO,MH,1309.0,270.0,65.44,1529.0,0,3,17.658600392413344,436.3333333333333,400-500,10%-20%
Frozen Bottle,2026-07-30,WK 31,Aurangabad- 1,Zomato,Snacks,FOFO,MH,90.0,120.0,4.5,200.0,0,1,60.0,90.0,0-100,50%-60%
Frozen Bottle,2026-07-30,WK 31,Avadi,In Store,Dinner,FOFO,TN,2095.23,0.0,104.86,2095.23,0,13,0.0,161.17153846153846,100-200,0%
Frozen Bottle,2026-07-30,WK 31,Avadi,In Store,Lunch,FOFO,TN,1091.5,0.0,54.6,1091.5,0,5,0.0,218.3,200-300,0%
Frozen Bottle,2026-07-30,WK 31,Avadi,In Store,Snacks,FOFO,TN,843.0,0.0,42.16,843.0,0,3,0.0,281.0,200-300,0%
Frozen Bottle,2026-07-30,WK 31,Avadi,Swiggy,Dinner,FOFO,TN,2375.33,0.0,0.0,2295.33,0,4,0.0,593.8325,500-600,0%
Frozen Bottle,2026-07-30,WK 31,Avadi,Zomato,Dinner,FOFO,TN,1728.0,633.0,86.4,2281.0,0,5,27.75098640946953,345.6,300-400,20%-30%
Frozen Bottle,2026-07-30,WK 31,Ayyappa Nagar,In Store,Dinner,FOFO,KA,1745.23,0.0,87.34,1745.23,0,9,0.0,193.91444444444446,100-200,0%
Frozen Bottle,2026-07-30,WK 31,Ayyappa Nagar,In Store,Lunch,FOFO,KA,805.0,0.0,40.26,805.0,0,3,0.0,268.3333333333333,200-300,0%
Frozen Bottle,2026-07-30,WK 31,Ayyappa Nagar,In Store,Snacks,FOFO,KA,327.0,0.0,16.36,327.0,0,2,0.0,163.5,100-200,0%
Frozen Bottle,2026-07-30,WK 31,Ayyappa Nagar,Swiggy,Dinner,FOFO,KA,1184.81,255.19,0.0,1390.0,0,3,18.358992805755395,394.93666666666667,300-400,10%-20%
Frozen Bottle,2026-07-30,WK 31,Ayyappa Nagar,Swiggy,Late Night,FOFO,KA,90.0,109.0,0.0,199.0,0,1,54.773869346733676,90.0,0-100,50%-60%
Frozen Bottle,2026-07-30,WK 31,Ayyappa Nagar,Swiggy,Snacks,FOFO,KA,2248.0,556.0,0.0,2744.0,0,4,20.262390670553938,562.0,500-600,20%-30%
Frozen Bottle,2026-07-30,WK 31,Ayyappa Nagar,Zomato,Dinner,FOFO,KA,1895.1,1056.9,94.78,2832.0,0,8,37.31991525423729,236.8875,200-300,30%-40%
Frozen Bottle,2026-07-30,WK 31,Ayyappa Nagar,Zomato,Late Night,FOFO,KA,356.0,75.0,17.8,411.0,0,1,18.248175182481752,356.0,300-400,10%-20%
Frozen Bottle,2026-07-30,WK 31,Ayyappa Nagar,Zomato,Lunch,FOFO,KA,243.0,157.0,12.16,390.0,0,1,40.256410256410255,243.0,200-300,40%-50%
Frozen Bottle,2026-07-30,WK 31,Ayyappa Nagar,Zomato,Snacks,FOFO,KA,468.3,358.7,23.42,797.0,0,2,45.006273525721454,234.15,200-300,40%-50%
Frozen Bottle,2026-07-30,WK 31,BTM Layout,In Store,Dinner,COCO,KA,1512.67,780.33,75.68,2293.0,0,11,34.030963802878325,137.51545454545456,100-200,30%-40%
Frozen Bottle,2026-07-30,WK 31,BTM Layout,In Store,Lunch,COCO,KA,570.36,234.64,28.54,805.0,0,3,29.14782608695652,190.12,100-200,20%-30%
Frozen Bottle,2026-07-30,WK 31,BTM Layout,In Store,Snacks,COCO,KA,453.13,350.87,22.66,804.0,0,3,43.6405472636816,151.04333333333332,100-200,40%-50%
Frozen Bottle,2026-07-30,WK 31,BTM Layout,Ownly,Dinner,COCO,KA,141.0,0.0,7.06,141.0,0,1,0.0,141.0,100-200,0%
Frozen Bottle,2026-07-30,WK 31,BTM Layout,Ownly,Late Night,COCO,KA,134.0,0.0,6.7,134.0,0,1,0.0,134.0,100-200,0%
Frozen Bottle,2026-07-30,WK 31,BTM Layout,Ownly,Snacks,COCO,KA,217.0,0.0,10.86,217.0,0,1,0.0,217.0,200-300,0%
Frozen Bottle,2026-07-30,WK 31,BTM Layout,Swiggy,Dinner,COCO,KA,3410.84,2466.15,0.0,5626.99,0,20,43.82716159083276,170.542,100-200,40%-50%
Frozen Bottle,2026-07-30,WK 31,BTM Layout,Swiggy,Late Night,COCO,KA,3174.13,2297.56,0.0,5261.69,0,18,43.66581839675086,176.34055555555557,100-200,40%-50%
Frozen Bottle,2026-07-30,WK 31,BTM Layout,Swiggy,Lunch,COCO,KA,178.0,112.0,0.0,280.0,0,1,40.0,178.0,100-200,30%-40%
Frozen Bottle,2026-07-30,WK 31,BTM Layout,Swiggy,Snacks,COCO,KA,874.2,475.8,0.0,1310.0,0,3,36.320610687022906,291.40000000000003,200-300,30%-40%
Frozen Bottle,2026-07-30,WK 31,BTM Layout,Zomato,Dinner,COCO,KA,2329.98,2144.2,116.56,4304.18,0,10,49.81668982245166,232.998,200-300,40%-50%
Frozen Bottle,2026-07-30,WK 31,BTM Layout,Zomato,Late Night,COCO,KA,2356.09,1375.89,117.84,3601.98,0,6,38.1981576799427,392.6816666666667,300-400,30%-40%
Frozen Bottle,2026-07-30,WK 31,BTM Layout,Zomato,Lunch,COCO,KA,520.5,449.5,26.04,940.0,0,2,47.819148936170215,260.25,200-300,40%-50%
Frozen Bottle,2026-07-30,WK 31,BTM Layout,Zomato,Snacks,COCO,KA,438.0,462.0,21.92,870.0,0,1,53.103448275862064,438.0,400-500,50%-60%
Frozen Bottle,2026-07-30,WK 31,Badlapur,In Store,Dinner,COCO,MH,773.0,0.0,38.66,773.0,0,3,0.0,257.6666666666667,200-300,0%
Frozen Bottle,2026-07-30,WK 31,Badlapur,In Store,Lunch,COCO,MH,147.0,0.0,7.36,147.0,0,1,0.0,147.0,100-200,0%
Frozen Bottle,2026-07-30,WK 31,Badlapur,In Store,Snacks,COCO,MH,249.0,0.0,12.46,249.0,0,1,0.0,249.0,200-300,0%
Frozen Bottle,2026-07-30,WK 31,Badlapur,Swiggy,Dinner,COCO,MH,871.56,503.44,0.0,1325.0,0,5,37.99547169811321,174.31199999999998,100-200,30%-40%
Frozen Bottle,2026-07-30,WK 31,Badlapur,Swiggy,Late Night,COCO,MH,139.0,101.0,0.0,230.0,0,1,43.913043478260875,139.0,100-200,40%-50%
Frozen Bottle,2026-07-30,WK 31,Badlapur,Swiggy,Lunch,COCO,MH,325.56,303.44,0.0,599.0,0,2,50.65776293823039,162.78,100-200,50%-60%
Frozen Bottle,2026-07-30,WK 31,Badlapur,Swiggy,Snacks,COCO,MH,119.0,80.0,0.0,199.0,0,1,40.20100502512563,119.0,100-200,40%-50%
Frozen Bottle,2026-07-30,WK 31,Badlapur,Zomato,Dinner,COCO,MH,1925.0,1734.0,96.28,3549.0,0,5,48.85883347421809,385.0,300-400,40%-50%
Frozen Bottle,2026-07-30,WK 31,Badlapur,Zomato,Lunch,COCO,MH,874.0,724.0,43.74,1548.0,0,2,46.770025839793284,437.0,400-500,40%-50%
Frozen Bottle,2026-07-30,WK 31,Badlapur,Zomato,Snacks,COCO,MH,890.0,513.0,44.52,1343.0,0,3,38.19806403574088,296.6666666666667,200-300,30%-40%
Frozen Bottle,2026-07-30,WK 31,Banashankari,In Store,Breakfast,COCO,KA,249.0,0.0,12.46,249.0,0,1,0.0,249.0,200-300,0%
Frozen Bottle,2026-07-30,WK 31,Banashankari,In Store,Dinner,COCO,KA,3300.11,1222.44,165.06,4522.55,0,29,27.029883583376634,113.79689655172415,100-200,20%-30%
Frozen Bottle,2026-07-30,WK 31,Banashankari,In Store,Lunch,COCO,KA,667.0,0.0,33.36,667.0,0,2,0.0,333.5,300-400,0%
Frozen Bottle,2026-07-30,WK 31,Banashankari,In Store,Snacks,COCO,KA,400.75,0.0,20.04,400.75,0,3,0.0,133.58333333333334,100-200,0%
Frozen Bottle,2026-07-30,WK 31,Banashankari,Others,Snacks,COCO,KA,299.3,29.7,14.96,319.0,0,1,9.310344827586206,299.3,200-300,1%-10%
Frozen Bottle,2026-07-30,WK 31,Banashankari,Ownly,Dinner,COCO,KA,174.0,0.0,8.7,174.0,0,1,0.0,174.0,100-200,0%
Frozen Bottle,2026-07-30,WK 31,Banashankari,Swiggy,Dinner,COCO,KA,1870.24,1613.76,0.0,3374.0,0,10,47.82928275044458,187.024,100-200,40%-50%
Frozen Bottle,2026-07-30,WK 31,Banashankari,Swiggy,Late Night,COCO,KA,1073.56,414.44,0.0,1438.0,0,4,28.820584144645338,268.39,200-300,20%-30%
Frozen Bottle,2026-07-30,WK 31,Banashankari,Swiggy,Lunch,COCO,KA,277.0,301.0,0.0,548.0,0,1,54.92700729927007,277.0,200-300,50%-60%
Frozen Bottle,2026-07-30,WK 31,Banashankari,Swiggy,Snacks,COCO,KA,952.0,587.0,0.0,1479.0,0,6,39.68897903989182,158.66666666666666,100-200,30%-40%
Frozen Bottle,2026-07-30,WK 31,Banashankari,Zomato,Breakfast,COCO,KA,321.0,0.0,16.06,311.0,0,1,0.0,321.0,300-400,0%
Frozen Bottle,2026-07-30,WK 31,Banashankari,Zomato,Dinner,COCO,KA,2343.6,1780.4,117.2,3974.0,0,10,44.80120785103171,234.35999999999999,200-300,40%-50%
Frozen Bottle,2026-07-30,WK 31,Banashankari,Zomato,Late Night,COCO,KA,755.1,122.9,37.78,848.0,0,2,14.492924528301888,377.55,300-400,10%-20%
Frozen Bottle,2026-07-30,WK 31,Banashankari,Zomato,Lunch,COCO,KA,684.0,555.0,34.2,1199.0,0,3,46.28857381150959,228.0,200-300,40%-50%
Frozen Bottle,2026-07-30,WK 31,Banashankari,Zomato,Snacks,COCO,KA,2813.3900000000003,2208.8,140.78,4832.18,0,8,45.71021774851102,351.67375000000004,300-400,40%-50%
Frozen Bottle,2026-07-30,WK 31,Baner Road - Pune,In Store,Dinner,COCO,MH,2462.58,932.42,123.16,3395.0,0,8,27.464506627393227,307.8225,300-400,20%-30%
Frozen Bottle,2026-07-30,WK 31,Baner Road - Pune,In Store,Late Night,COCO,MH,168.0,594.0,8.4,762.0,0,2,77.95275590551181,84.0,0-100,70%-80%
Frozen Bottle,2026-07-30,WK 31,Baner Road - Pune,In Store,Lunch,COCO,MH,83.01,323.99,4.16,407.0,0,2,79.60442260442261,41.505,0-100,70%-80%
Frozen Bottle,2026-07-30,WK 31,Baner Road - Pune,In Store,Snacks,COCO,MH,358.0,0.0,17.92,358.0,0,2,0.0,179.0,100-200,0%
Frozen Bottle,2026-07-30,WK 31,Baner Road - Pune,Others,Lunch,COCO,MH,181.0,0.0,9.06,171.0,0,1,0.0,181.0,100-200,0%
Frozen Bottle,2026-07-30,WK 31,Baner Road - Pune,Swiggy,Dinner,COCO,MH,5236.51,2305.49,0.0,7262.0,0,17,31.747314789314235,308.03000000000003,300-400,30%-40%
Frozen Bottle,2026-07-30,WK 31,Baner Road - Pune,Swiggy,Late Night,COCO,MH,2726.01,1129.99,0.0,3716.0,0,8,30.408772874058126,340.75125,300-400,30%-40%
Frozen Bottle,2026-07-30,WK 31,Baner Road - Pune,Swiggy,Lunch,COCO,MH,495.21,333.79,0.0,789.0,0,2,42.30544993662865,247.605,200-300,40%-50%
Frozen Bottle,2026-07-30,WK 31,Baner Road - Pune,Swiggy,Snacks,COCO,MH,1374.0,1046.0,0.0,2350.0,0,7,44.51063829787234,196.28571428571428,100-200,40%-50%
Frozen Bottle,2026-07-30,WK 31,Baner Road - Pune,Zomato,Closing,COCO,MH,395.0,330.0,19.76,705.0,0,1,46.808510638297875,395.0,300-400,40%-50%
Frozen Bottle,2026-07-30,WK 31,Baner Road - Pune,Zomato,Dinner,COCO,MH,4022.0,2660.0,201.2,6462.0,0,11,41.16372640049521,365.6363636363636,300-400,40%-50%
Frozen Bottle,2026-07-30,WK 31,Baner Road - Pune,Zomato,Late Night,COCO,MH,709.4,179.6,35.480000000000004,859.0,0,3,20.90803259604191,236.46666666666667,200-300,20%-30%
Frozen Bottle,2026-07-30,WK 31,Baner Road - Pune,Zomato,Lunch,COCO,MH,516.5,501.5,25.839999999999996,978.0,0,2,51.27811860940695,258.25,200-300,50%-60%
Frozen Bottle,2026-07-30,WK 31,Baner Road - Pune,Zomato,Snacks,COCO,MH,799.0,0.0,39.96,779.0,0,1,0.0,799.0,600-900,0%
Frozen Bottle,2026-07-30,WK 31,Banjara Hills,In Store,Dinner,FOFO,AP & TL,1735.05,0.0,86.82000000000001,1735.05,0,10,0.0,173.505,100-200,0%
Frozen Bottle,2026-07-30,WK 31,Banjara Hills,In Store,Late Night,FOFO,AP & TL,227.0,0.0,11.36,227.0,0,1,0.0,227.0,200-300,0%
Frozen Bottle,2026-07-30,WK 31,Banjara Hills,In Store,Lunch,FOFO,AP & TL,1106.05,0.0,55.34,1106.05,0,8,0.0,138.25625,100-200,0%
Frozen Bottle,2026-07-30,WK 31,Banjara Hills,In Store,Snacks,FOFO,AP & TL,890.05,0.0,44.54,890.05,0,6,0.0,148.34166666666667,100-200,0%
Frozen Bottle,2026-07-30,WK 31,Banjara Hills,Zomato,Dinner,FOFO,AP & TL,411.0,158.0,20.560000000000002,549.0,0,2,28.77959927140255,205.5,200-300,20%-30%
Frozen Bottle,2026-07-30,WK 31,Banjara Hills,Zomato,Late Night,FOFO,AP & TL,261.0,80.0,13.06,331.0,0,1,24.169184290030213,261.0,200-300,20%-30%
Frozen Bottle,2026-07-30,WK 31,Banjara Hills,Zomato,Lunch,FOFO,AP & TL,240.0,100.0,12.0,330.0,0,1,30.303030303030305,240.0,200-300,30%-40%
Frozen Bottle,2026-07-30,WK 31,Banjara Hills,Zomato,Snacks,FOFO,AP & TL,213.0,87.0,10.66,290.0,0,1,30.0,213.0,200-300,20%-30%
Frozen Bottle,2026-07-30,WK 31,Basaveshwarnagar,In Store,Breakfast,COCO,KA,141.56,156.44,7.08,298.0,0,1,52.496644295302005,141.56,100-200,50%-60%
Frozen Bottle,2026-07-30,WK 31,Basaveshwarnagar,In Store,Dinner,COCO,KA,1531.5700000000002,913.43,76.64,2445.0,0,7,37.35910020449897,218.7957142857143,200-300,30%-40%
Frozen Bottle,2026-07-30,WK 31,Basaveshwarnagar,In Store,Lunch,COCO,KA,1169.19,825.81,58.480000000000004,1995.0,0,4,41.39398496240601,292.2975,200-300,40%-50%
Frozen Bottle,2026-07-30,WK 31,Basaveshwarnagar,In Store,Snacks,COCO,KA,1384.29,881.71,69.22,2266.0,0,8,38.91041482789056,173.03625,100-200,30%-40%
Frozen Bottle,2026-07-30,WK 31,Basaveshwarnagar,Ownly,Dinner,COCO,KA,286.0,0.0,14.3,286.0,0,1,0.0,286.0,200-300,0%
Frozen Bottle,2026-07-30,WK 31,Basaveshwarnagar,Ownly,Late Night,COCO,KA,782.0,0.0,39.1,782.0,0,1,0.0,782.0,600-900,0%
Frozen Bottle,2026-07-30,WK 31,Basaveshwarnagar,Ownly,Snacks,COCO,KA,213.0,0.0,10.66,213.0,0,1,0.0,213.0,200-300,0%
Frozen Bottle,2026-07-30,WK 31,Basaveshwarnagar,Swiggy,Dinner,COCO,KA,2276.0,528.0,0.0,2714.0,0,5,19.454679439941046,455.2,400-500,10%-20%
Frozen Bottle,2026-07-30,WK 31,Basaveshwarnagar,Swiggy,Late Night,COCO,KA,1141.56,627.44,0.0,1699.0,0,5,36.92995879929371,228.31199999999998,200-300,30%-40%
Frozen Bottle,2026-07-30,WK 31,Basaveshwarnagar,Swiggy,Lunch,COCO,KA,199.0,101.0,0.0,290.0,0,1,34.82758620689655,199.0,100-200,30%-40%
Frozen Bottle,2026-07-30,WK 31,Basaveshwarnagar,Swiggy,Snacks,COCO,KA,505.0,332.0,0.0,807.0,0,2,41.14002478314746,252.5,200-300,40%-50%
Frozen Bottle,2026-07-30,WK 31,Basaveshwarnagar,Zomato,Dinner,COCO,KA,2511.0,2408.0,125.60000000000001,4759.0,0,7,50.598865307837784,358.7142857142857,300-400,50%-60%
Frozen Bottle,2026-07-30,WK 31,Basaveshwarnagar,Zomato,Late Night,COCO,KA,391.0,209.0,19.560000000000002,580.0,0,2,36.03448275862069,195.5,100-200,30%-40%
Frozen Bottle,2026-07-30,WK 31,Basaveshwarnagar,Zomato,Lunch,COCO,KA,515.0,425.0,25.759999999999998,910.0,0,2,46.7032967032967,257.5,200-300,40%-50%
Frozen Bottle,2026-07-30,WK 31,Basaveshwarnagar,Zomato,Snacks,COCO,KA,1537.0,1202.0,76.88,2649.0,0,3,45.37561343903359,512.3333333333334,500-600,40%-50%
Frozen Bottle,2026-07-30,WK 31,Bavdhan,In Store,Dinner,FOFO,MH,995.0,0.0,49.76,995.0,0,2,0.0,497.5,400-500,0%
Frozen Bottle,2026-07-30,WK 31,Bavdhan,In Store,Lunch,FOFO,MH,497.0,0.0,24.86,497.0,0,2,0.0,248.5,200-300,0%
Frozen Bottle,2026-07-30,WK 31,Bavdhan,Swiggy,Dinner,FOFO,MH,550.01,99.99,0.0,630.0,0,1,15.87142857142857,550.01,500-600,10%-20%
Frozen Bottle,2026-07-30,WK 31,Bavdhan,Zomato,Dinner,FOFO,MH,1040.0,50.0,52.0,1050.0,0,2,4.761904761904762,520.0,500-600,1%-10%
Frozen Bottle,2026-07-30,WK 31,Bel Road,In Store,Dinner,COCO,KA,2920.36,191.12,146.08,3111.48,0,13,6.142414542275701,224.64307692307693,200-300,1%-10%
Frozen Bottle,2026-07-30,WK 31,Bel Road,In Store,Lunch,COCO,KA,1396.08,772.17,69.86,2168.25,0,16,35.61259079903147,87.255,0-100,30%-40%
Frozen Bottle,2026-07-30,WK 31,Bel Road,In Store,Snacks,COCO,KA,1719.5,132.12,86.0,1851.62,0,8,7.135373348743264,214.9375,200-300,1%-10%
Frozen Bottle,2026-07-30,WK 31,Bel Road,Ownly,Late Night,COCO,KA,195.0,0.0,9.76,195.0,0,1,0.0,195.0,100-200,0%
Frozen Bottle,2026-07-30,WK 31,Bel Road,Swiggy,Dinner,COCO,KA,2181.5699999999997,1810.13,0.0,3861.7,0,10,46.87391563301137,218.15699999999998,200-300,40%-50%
Frozen Bottle,2026-07-30,WK 31,Bel Road,Swiggy,Late Night,COCO,KA,288.0,202.0,0.0,470.0,0,1,42.97872340425532,288.0,200-300,40%-50%
Frozen Bottle,2026-07-30,WK 31,Bel Road,Swiggy,Lunch,COCO,KA,1062.0,764.0,0.0,1806.0,0,4,42.30343300110742,265.5,200-300,40%-50%
Frozen Bottle,2026-07-30,WK 31,Bel Road,Swiggy,Snacks,COCO,KA,1534.0,456.0,0.0,1930.0,0,5,23.626943005181346,306.8,300-400,20%-30%
Frozen Bottle,2026-07-30,WK 31,Bel Road,Zomato,Dinner,COCO,KA,358.4,477.6,17.92,796.0,0,3,60.0,119.46666666666665,100-200,50%-60%
Frozen Bottle,2026-07-30,WK 31,Bel Road,Zomato,Late Night,COCO,KA,459.0,360.0,22.96,789.0,0,3,45.627376425855516,153.0,100-200,40%-50%
Frozen Bottle,2026-07-30,WK 31,Bel Road,Zomato,Lunch,COCO,KA,640.7,469.3,32.04,1070.0,0,2,43.85981308411215,320.35,300-400,40%-50%
Frozen Bottle,2026-07-30,WK 31,Bel Road,Zomato,Snacks,COCO,KA,1197.35,1106.65,59.86,2214.0,0,5,49.98419150858175,239.46999999999997,200-300,40%-50%
Frozen Bottle,2026-07-30,WK 31,Berhampur,Swiggy,Dinner,FOFO,ROI,1231.0,0.0,0.0,1191.0,0,3,0.0,410.3333333333333,400-500,0%
Frozen Bottle,2026-07-30,WK 31,Berhampur,Zomato,Dinner,FOFO,ROI,822.0,0.0,41.120000000000005,782.0,0,2,0.0,411.0,400-500,0%
Frozen Bottle,2026-07-30,WK 31,Besant Nagar,In Store,Dinner,COCO,TN,4090.2200000000003,788.24,204.56,4878.46,0,13,16.157557917867525,314.63230769230773,300-400,10%-20%
Frozen Bottle,2026-07-30,WK 31,Besant Nagar,In Store,Lunch,COCO,TN,467.0,0.0,23.36,467.0,0,1,0.0,467.0,400-500,0%
Frozen Bottle,2026-07-30,WK 31,Besant Nagar,In Store,Snacks,COCO,TN,199.0,0.0,9.96,199.0,0,1,0.0,199.0,100-200,0%
Frozen Bottle,2026-07-30,WK 31,Besant Nagar,Swiggy,Dinner,COCO,TN,2855.01,2001.8400000000001,0.0,4726.85,0,12,42.350402487914785,237.91750000000002,200-300,40%-50%
Frozen Bottle,2026-07-30,WK 31,Besant Nagar,Swiggy,Late Night,COCO,TN,725.0,396.0,0.0,1081.0,0,3,36.63274745605921,241.66666666666666,200-300,30%-40%
Frozen Bottle,2026-07-30,WK 31,Besant Nagar,Swiggy,Lunch,COCO,TN,766.0,406.0,0.0,1132.0,0,3,35.86572438162544,255.33333333333334,200-300,30%-40%
Frozen Bottle,2026-07-30,WK 31,Besant Nagar,Swiggy,Snacks,COCO,TN,2119.0,1264.0,0.0,3273.0,0,7,38.61900397189123,302.7142857142857,300-400,30%-40%
Frozen Bottle,2026-07-30,WK 31,Besant Nagar,Zomato,Dinner,COCO,TN,385.0,295.0,19.259999999999998,660.0,0,2,44.696969696969695,192.5,100-200,40%-50%
Frozen Bottle,2026-07-30,WK 31,Besant Nagar,Zomato,Late Night,COCO,TN,320.0,140.0,16.0,450.0,0,1,31.11111111111111,320.0,300-400,30%-40%
Frozen Bottle,2026-07-30,WK 31,Besant Nagar,Zomato,Lunch,COCO,TN,725.0,675.0,36.260000000000005,1350.0,0,2,50.0,362.5,300-400,40%-50%
Frozen Bottle,2026-07-30,WK 31,Besant Nagar,Zomato,Snacks,COCO,TN,584.0,456.0,29.22,1000.0,0,2,45.6,292.0,200-300,40%-50%
Frozen Bottle,2026-07-30,WK 31,Bhavanipuram,In Store,Snacks,FOFO,AP & TL,149.0,0.0,7.46,149.0,0,1,0.0,149.0,100-200,0%
Frozen Bottle,2026-07-30,WK 31,Bhavanipuram,Swiggy,Closing,FOFO,AP & TL,82.0,108.0,0.0,180.0,0,1,60.0,82.0,0-100,50%-60%
Frozen Bottle,2026-07-30,WK 31,Bhavanipuram,Swiggy,Dinner,FOFO,AP & TL,1507.81,920.19,0.0,2348.0,0,8,39.19037478705281,188.47625,100-200,30%-40%
Frozen Bottle,2026-07-30,WK 31,Bhavanipuram,Swiggy,Snacks,FOFO,AP & TL,278.6,239.4,0.0,498.0,0,2,48.07228915662651,139.3,100-200,40%-50%
Frozen Bottle,2026-07-30,WK 31,Bhavanipuram,Zomato,Dinner,FOFO,AP & TL,2647.0,399.99,132.38,2926.99,0,6,13.665574532198606,441.1666666666667,400-500,10%-20%
Frozen Bottle,2026-07-30,WK 31,Bhavanipuram,Zomato,Lunch,FOFO,AP & TL,368.0,100.0,18.42,448.0,0,2,22.321428571428573,184.0,100-200,20%-30%
Frozen Bottle,2026-07-30,WK 31,Bhavanipuram,Zomato,Snacks,FOFO,AP & TL,1057.0,200.0,52.879999999999995,1207.0,0,4,16.570008285004143,264.25,200-300,10%-20%
Frozen Bottle,2026-07-30,WK 31,Bhubaneswar,In Store,Dinner,FOFO,ROI,1342.0,0.0,67.12,1342.0,0,3,0.0,447.3333333333333,400-500,0%
Frozen Bottle,2026-07-30,WK 31,Bhubaneswar,In Store,Lunch,FOFO,ROI,39.0,0.0,1.96,39.0,0,1,0.0,39.0,0-100,0%
Frozen Bottle,2026-07-30,WK 31,Bhubaneswar,In Store,Snacks,FOFO,ROI,1121.0,0.0,56.1,1121.0,0,5,0.0,224.2,200-300,0%
Frozen Bottle,2026-07-30,WK 31,Bhubaneswar,Swiggy,Snacks,FOFO,ROI,291.0,0.0,0.0,281.0,0,1,0.0,291.0,200-300,0%
Frozen Bottle,2026-07-30,WK 31,Budigere,In Store,Dinner,FOFO,KA,328.0,0.0,16.42,328.0,0,2,0.0,164.0,100-200,0%
Frozen Bottle,2026-07-30,WK 31,Budigere,In Store,Lunch,FOFO,KA,209.0,0.0,10.46,209.0,0,1,0.0,209.0,200-300,0%
Frozen Bottle,2026-07-30,WK 31,Budigere,In Store,Snacks,FOFO,KA,208.0,0.0,10.4,208.0,0,1,0.0,208.0,200-300,0%
Frozen Bottle,2026-07-30,WK 31,Budigere,Zomato,Dinner,FOFO,KA,608.0,230.0,30.42,808.0,0,2,28.465346534653463,304.0,300-400,20%-30%
Frozen Bottle,2026-07-30,WK 31,Byculla,In Store,Dinner,COCO,MH,1260.6,840.4,63.04,2101.0,0,1,40.0,1260.6,>900,30%-40%
Frozen Bottle,2026-07-30,WK 31,Byculla,In Store,Lunch,COCO,MH,408.22,128.78,20.42,537.0,0,2,23.98137802607076,204.11,200-300,20%-30%
Frozen Bottle,2026-07-30,WK 31,Byculla,In Store,Snacks,COCO,MH,695.2,906.8,34.78,1602.0,0,3,56.60424469413233,231.73333333333335,200-300,50%-60%
Frozen Bottle,2026-07-30,WK 31,Byculla,Others,Dinner,COCO,MH,2351.0,0.0,117.64,2251.0,0,10,0.0,235.1,200-300,0%
Frozen Bottle,2026-07-30,WK 31,Byculla,Swiggy,Dinner,COCO,MH,595.05,373.59000000000003,0.0,938.64,0,4,39.80120173868576,148.7625,100-200,30%-40%
Frozen Bottle,2026-07-30,WK 31,Byculla,Swiggy,Late Night,COCO,MH,582.0,494.0,0.0,1036.0,0,4,47.68339768339768,145.5,100-200,40%-50%
Frozen Bottle,2026-07-30,WK 31,Byculla,Swiggy,Lunch,COCO,MH,714.0,534.0,0.0,1198.0,0,4,44.574290484140235,178.5,100-200,40%-50%
Frozen Bottle,2026-07-30,WK 31,Byculla,Swiggy,Snacks,COCO,MH,1240.0,950.0,0.0,2100.0,0,5,45.23809523809524,248.0,200-300,40%-50%
Frozen Bottle,2026-07-30,WK 31,Byculla,Zomato,Closing,COCO,MH,310.0,271.0,15.5,561.0,0,1,48.3065953654189,310.0,300-400,40%-50%
Frozen Bottle,2026-07-30,WK 31,Byculla,Zomato,Dinner,COCO,MH,2468.7,2075.3,123.46,4414.0,0,7,47.016311735387404,352.6714285714285,300-400,40%-50%
Frozen Bottle,2026-07-30,WK 31,Byculla,Zomato,Late Night,COCO,MH,1402.6,927.4,70.16,2260.0,0,4,41.0353982300885,350.65,300-400,40%-50%
Frozen Bottle,2026-07-30,WK 31,Byculla,Zomato,Lunch,COCO,MH,1042.0,901.0,52.120000000000005,1863.0,0,4,48.36285560923242,260.5,200-300,40%-50%
Frozen Bottle,2026-07-30,WK 31,Byculla,Zomato,Snacks,COCO,MH,2025.1,2033.8899999999999,101.28,3948.99,0,4,51.50405546734734,506.275,500-600,50%-60%
Frozen Bottle,2026-07-30,WK 31,CBD Belapur,Swiggy,Dinner,FOFO,MH,119.0,121.0,0.0,230.0,0,1,52.60869565217391,119.0,100-200,50%-60%
Frozen Bottle,2026-07-30,WK 31,CBD Belapur,Swiggy,Lunch,FOFO,MH,181.0,0.0,0.0,171.0,0,1,0.0,181.0,100-200,0%
Frozen Bottle,2026-07-30,WK 31,CBD Belapur,Zomato,Dinner,FOFO,MH,149.3,59.7,7.46,199.0,0,1,30.0,149.3,100-200,20%-30%
Frozen Bottle,2026-07-30,WK 31,Chandra Layout,In Store,Dinner,FOFO,KA,1953.23,0.0,97.68,1953.23,0,5,0.0,390.646,300-400,0%
Frozen Bottle,2026-07-30,WK 31,Chandra Layout,In Store,Late Night,FOFO,KA,1026.69,0.0,51.34,1026.69,0,2,0.0,513.345,500-600,0%
Frozen Bottle,2026-07-30,WK 31,Chandra Layout,Swiggy,Dinner,FOFO,KA,2643.0,527.0,0.0,3110.0,0,5,16.94533762057878,528.6,500-600,10%-20%
Frozen Bottle,2026-07-30,WK 31,Chandra Layout,Swiggy,Late Night,FOFO,KA,430.0,40.0,0.0,460.0,0,1,8.695652173913043,430.0,400-500,1%-10%
Frozen Bottle,2026-07-30,WK 31,Chandra Layout,Swiggy,Lunch,FOFO,KA,251.0,40.0,0.0,281.0,0,1,14.23487544483986,251.0,200-300,10%-20%
Frozen Bottle,2026-07-30,WK 31,Chandra Layout,Swiggy,Snacks,FOFO,KA,188.0,133.0,0.0,321.0,0,1,41.43302180685358,188.0,100-200,40%-50%
Frozen Bottle,2026-07-30,WK 31,Chandra Layout,Zomato,Dinner,FOFO,KA,1619.0,969.0,80.97999999999999,2508.0,0,3,38.63636363636363,539.6666666666666,500-600,30%-40%
Frozen Bottle,2026-07-30,WK 31,Chandra Layout,Zomato,Snacks,FOFO,KA,2081.0,1502.0,104.10000000000001,3453.0,0,6,43.49840718216044,346.8333333333333,300-400,40%-50%
Frozen Bottle,2026-07-30,WK 31,Channasandra,In Store,Dinner,COCO,KA,627.0,0.0,31.36,627.0,0,1,0.0,627.0,600-900,0%
Frozen Bottle,2026-07-30,WK 31,Channasandra,In Store,Lunch,COCO,KA,696.0,0.0,34.82,696.0,0,3,0.0,232.0,200-300,0%
Frozen Bottle,2026-07-30,WK 31,Channasandra,Ownly,Breakfast,COCO,KA,298.0,0.0,14.9,298.0,0,1,0.0,298.0,200-300,0%
Frozen Bottle,2026-07-30,WK 31,Channasandra,Swiggy,Breakfast,COCO,KA,97.56,111.44,0.0,199.0,0,1,55.99999999999999,97.56,0-100,50%-60%
Frozen Bottle,2026-07-30,WK 31,Channasandra,Swiggy,Dinner,COCO,KA,334.12,343.88,0.0,658.0,0,3,52.2613981762918,111.37333333333333,100-200,50%-60%
Frozen Bottle,2026-07-30,WK 31,Channasandra,Swiggy,Late Night,COCO,KA,725.01,564.99,0.0,1250.0,0,2,45.1992,362.505,300-400,40%-50%
Frozen Bottle,2026-07-30,WK 31,Channasandra,Swiggy,Lunch,COCO,KA,128.0,112.0,0.0,230.0,0,1,48.69565217391305,128.0,100-200,40%-50%
Frozen Bottle,2026-07-30,WK 31,Channasandra,Swiggy,Snacks,COCO,KA,527.0,554.0,0.0,1051.0,0,3,52.71170313986679,175.66666666666666,100-200,50%-60%
Frozen Bottle,2026-07-30,WK 31,Channasandra,Zomato,Dinner,COCO,KA,2832.0,2482.0,141.66,5144.0,0,9,48.25038880248834,314.6666666666667,300-400,40%-50%
Frozen Bottle,2026-07-30,WK 31,Channasandra,Zomato,Late Night,COCO,KA,273.08000000000004,243.1,13.68,486.18,0,1,50.002056851371925,273.08000000000004,200-300,50%-60%
Frozen Bottle,2026-07-30,WK 31,Channasandra,Zomato,Snacks,COCO,KA,223.0,157.0,11.16,360.0,0,1,43.611111111111114,223.0,200-300,40%-50%
Frozen Bottle,2026-07-30,WK 31,Chikkabellandur,In Store,Dinner,FOFO,KA,1446.0,0.0,72.34,1446.0,0,8,0.0,180.75,100-200,0%
Frozen Bottle,2026-07-30,WK 31,Chikkabellandur,In Store,Snacks,FOFO,KA,2191.75,0.0,109.58,2191.75,0,6,0.0,365.2916666666667,300-400,0%
Frozen Bottle,2026-07-30,WK 31,Chikkabellandur,Swiggy,Late Night,FOFO,KA,1078.0,0.0,0.0,1038.0,0,3,0.0,359.3333333333333,300-400,0%
Frozen Bottle,2026-07-30,WK 31,Chikkabellandur,Swiggy,Lunch,FOFO,KA,850.0,0.0,0.0,830.0,0,2,0.0,425.0,400-500,0%
Frozen Bottle,2026-07-30,WK 31,Chikkabellandur,Swiggy,Snacks,FOFO,KA,300.0,0.0,0.0,290.0,0,1,0.0,300.0,200-300,0%
Frozen Bottle,2026-07-30,WK 31,Chikkabellandur,Zomato,Dinner,FOFO,KA,1920.0,534.99,96.0,2364.99,0,5,22.62123729910063,384.0,300-400,20%-30%
Frozen Bottle,2026-07-30,WK 31,Chikkabellandur,Zomato,Snacks,FOFO,KA,250.0,80.0,12.5,320.0,0,1,25.0,250.0,200-300,20%-30%
Frozen Bottle,2026-07-30,WK 31,Chikkanayakanahalli,In Store,Dinner,FOFO,KA,926.23,0.0,46.34,926.23,0,4,0.0,231.5575,200-300,0%
Frozen Bottle,2026-07-30,WK 31,Chikkanayakanahalli,In Store,Lunch,FOFO,KA,1108.23,0.0,55.419999999999995,1108.23,0,4,0.0,277.0575,200-300,0%
Frozen Bottle,2026-07-30,WK 31,Chikkanayakanahalli,In Store,Snacks,FOFO,KA,99.0,0.0,4.96,99.0,0,1,0.0,99.0,0-100,0%
Frozen Bottle,2026-07-30,WK 31,City Mall Kota,In Store,Dinner,FOFO,ROI,1341.0,0.0,67.08,1341.0,0,5,0.0,268.2,200-300,0%
Frozen Bottle,2026-07-30,WK 31,City Mall Kota,In Store,Lunch,FOFO,ROI,1353.0,0.0,67.68,1353.0,0,4,0.0,338.25,300-400,0%
Frozen Bottle,2026-07-30,WK 31,City Mall Kota,In Store,Snacks,FOFO,ROI,1517.23,0.0,75.86,1517.23,0,4,0.0,379.3075,300-400,0%
Frozen Bottle,2026-07-30,WK 31,City Mall Kota,Swiggy,Snacks,FOFO,ROI,238.0,51.0,0.0,289.0,0,1,17.647058823529413,238.0,200-300,10%-20%
Frozen Bottle,2026-07-30,WK 31,City Mall Kota,Zomato,Snacks,FOFO,ROI,347.5,37.5,17.38,375.0,0,1,10.0,347.5,300-400,1%-10%
Frozen Bottle,2026-07-30,WK 31,DLF Gachibowli,In Store,Dinner,FOFO,AP & TL,1316.5,0.0,65.86,1316.5,0,7,0.0,188.07142857142858,100-200,0%
Frozen Bottle,2026-07-30,WK 31,DLF Gachibowli,In Store,Late Night,FOFO,AP & TL,195.0,0.0,9.76,195.0,0,2,0.0,97.5,0-100,0%
Frozen Bottle,2026-07-30,WK 31,DLF Gachibowli,In Store,Snacks,FOFO,AP & TL,406.0,0.0,20.3,406.0,0,2,0.0,203.0,200-300,0%
Frozen Bottle,2026-07-30,WK 31,DLF Gachibowli,Zomato,Breakfast,FOFO,AP & TL,171.0,69.0,8.56,230.0,0,1,30.0,171.0,100-200,20%-30%
Frozen Bottle,2026-07-30,WK 31,DLF Gachibowli,Zomato,Dinner,FOFO,AP & TL,816.0,213.0,40.84,989.0,0,3,21.53690596562184,272.0,200-300,20%-30%
Frozen Bottle,2026-07-30,WK 31,DLF Gachibowli,Zomato,Lunch,FOFO,AP & TL,1306.0,75.0,65.32,1331.0,0,3,5.634861006761834,435.3333333333333,400-500,1%-10%
Frozen Bottle,2026-07-30,WK 31,Dahisar,In Store,Breakfast,COCO,MH,229.0,0.0,11.46,229.0,0,1,0.0,229.0,200-300,0%
Frozen Bottle,2026-07-30,WK 31,Dahisar,In Store,Dinner,COCO,MH,183.61,64.39,9.2,248.0,0,2,25.963709677419356,91.805,0-100,20%-30%
Frozen Bottle,2026-07-30,WK 31,Dahisar,In Store,Late Night,COCO,MH,249.0,138.0,12.46,387.0,0,2,35.65891472868217,124.5,100-200,30%-40%
Frozen Bottle,2026-07-30,WK 31,Dahisar,In Store,Lunch,COCO,MH,608.78,97.22,30.439999999999998,706.0,0,2,13.770538243626063,304.39,300-400,10%-20%
Frozen Bottle,2026-07-30,WK 31,Dahisar,In Store,Snacks,COCO,MH,79.0,0.0,3.96,79.0,0,1,0.0,79.0,0-100,0%
Frozen Bottle,2026-07-30,WK 31,Dahisar,Others,Dinner,COCO,MH,202.71,337.29,10.12,520.0,0,1,64.86346153846154,202.71,200-300,60%-70%
Frozen Bottle,2026-07-30,WK 31,Dahisar,Swiggy,Late Night,COCO,MH,1539.4099999999999,697.59,0.0,2147.0,0,6,32.49138332557057,256.5683333333333,200-300,30%-40%
Frozen Bottle,2026-07-30,WK 31,Dahisar,Swiggy,Lunch,COCO,MH,129.0,80.0,0.0,199.0,0,1,40.20100502512563,129.0,100-200,40%-50%
Frozen Bottle,2026-07-30,WK 31,Dahisar,Swiggy,Snacks,COCO,MH,357.0,363.0,0.0,690.0,0,1,52.60869565217391,357.0,300-400,50%-60%
Frozen Bottle,2026-07-30,WK 31,Dahisar,Zomato,Dinner,COCO,MH,344.5,305.5,17.240000000000002,630.0,0,2,48.492063492063494,172.25,100-200,40%-50%
Frozen Bottle,2026-07-30,WK 31,Dahisar,Zomato,Late Night,COCO,MH,1364.5,512.51,68.26,1807.01,0,4,28.362322289306647,341.125,300-400,20%-30%
Frozen Bottle,2026-07-30,WK 31,Dahisar,Zomato,Lunch,COCO,MH,629.6600000000001,533.6700000000001,31.52,1113.33,0,3,47.934574654415144,209.88666666666668,200-300,40%-50%
Frozen Bottle,2026-07-30,WK 31,Dahisar,Zomato,Snacks,COCO,MH,456.0,414.0,22.82,840.0,0,2,49.28571428571429,228.0,200-300,40%-50%
Frozen Bottle,2026-07-30,WK 31,Dhanori,In Store,Dinner,FOFO,MH,158.0,0.0,7.9,158.0,0,1,0.0,158.0,100-200,0%
Frozen Bottle,2026-07-30,WK 31,Dhanori,In Store,Lunch,FOFO,MH,418.0,0.0,20.9,418.0,0,1,0.0,418.0,400-500,0%
Frozen Bottle,2026-07-30,WK 31,Dhanori,In Store,Snacks,FOFO,MH,249.0,0.0,12.46,249.0,0,1,0.0,249.0,200-300,0%
Frozen Bottle,2026-07-30,WK 31,Dhanori,Swiggy,Dinner,FOFO,MH,289.0,60.0,0.0,339.0,0,1,17.699115044247787,289.0,200-300,10%-20%
Frozen Bottle,2026-07-30,WK 31,Dhanori,Zomato,Dinner,FOFO,MH,461.0,150.0,23.060000000000002,591.0,0,2,25.380710659898476,230.5,200-300,20%-30%
Frozen Bottle,2026-07-30,WK 31,Dharmapuri,In Store,Dinner,FOFO,TN,5661.59,0.0,283.2,5661.59,0,21,0.0,269.5995238095238,200-300,0%
Frozen Bottle,2026-07-30,WK 31,Dharmapuri,In Store,Lunch,FOFO,TN,2548.23,0.0,127.44,2548.23,0,8,0.0,318.52875,300-400,0%
Frozen Bottle,2026-07-30,WK 31,Dharmapuri,In Store,Snacks,FOFO,TN,1395.33,0.0,69.8,1395.33,0,5,0.0,279.066,200-300,0%
Frozen Bottle,2026-07-30,WK 31,Dharmapuri,Swiggy,Dinner,FOFO,TN,1497.0,0.0,0.0,1447.0,0,3,0.0,499.0,400-500,0%
Frozen Bottle,2026-07-30,WK 31,Dharmapuri,Swiggy,Lunch,FOFO,TN,1098.0,0.0,23.5,1048.0,0,3,0.0,366.0,300-400,0%
Frozen Bottle,2026-07-30,WK 31,Dharmapuri,Swiggy,Snacks,FOFO,TN,410.0,0.0,0.0,400.0,0,1,0.0,410.0,400-500,0%
Frozen Bottle,2026-07-30,WK 31,Dindigul,In Store,Lunch,FOFO,TN,1668.0,0.0,83.4,1668.0,0,4,0.0,417.0,400-500,0%
Frozen Bottle,2026-07-30,WK 31,Dindigul,In Store,Snacks,FOFO,TN,2642.66,0.0,132.16,2642.66,0,5,0.0,528.5319999999999,500-600,0%
Frozen Bottle,2026-07-30,WK 31,Dindigul,Swiggy,Snacks,FOFO,TN,249.0,0.0,0.0,239.0,0,1,0.0,249.0,200-300,0%
Frozen Bottle,2026-07-30,WK 31,Dindigul,Zomato,Snacks,FOFO,TN,1284.0,262.0,64.2,1476.0,0,3,17.750677506775066,428.0,400-500,10%-20%
Frozen Bottle,2026-07-30,WK 31,Dombivali Experia,Swiggy,Dinner,FOFO,MH,290.0,0.0,0.0,280.0,0,1,0.0,290.0,200-300,0%
Frozen Bottle,2026-07-30,WK 31,Edappally,In Store,Closing,FOFO,Kerela,99.0,0.0,4.96,99.0,0,1,0.0,99.0,0-100,0%
Frozen Bottle,2026-07-30,WK 31,Edappally,In Store,Dinner,FOFO,Kerela,2374.0,0.0,118.74,2374.0,0,8,0.0,296.75,200-300,0%
Frozen Bottle,2026-07-30,WK 31,Edappally,In Store,Snacks,FOFO,Kerela,815.0,0.0,40.78,815.0,0,4,0.0,203.75,200-300,0%
Frozen Bottle,2026-07-30,WK 31,Edappally,Swiggy,Dinner,FOFO,Kerela,1976.0,31.0,0.0,1937.0,0,7,1.600413009808983,282.2857142857143,200-300,1%-10%
Frozen Bottle,2026-07-30,WK 31,Edappally,Swiggy,Lunch,FOFO,Kerela,429.0,0.0,0.0,419.0,0,1,0.0,429.0,400-500,0%
Frozen Bottle,2026-07-30,WK 31,Edappally,Swiggy,Snacks,FOFO,Kerela,450.0,0.0,0.0,440.0,0,1,0.0,450.0,400-500,0%
Frozen Bottle,2026-07-30,WK 31,Edappally,Zomato,Dinner,FOFO,Kerela,1416.0,0.0,70.84,1356.0,0,5,0.0,283.2,200-300,0%
Frozen Bottle,2026-07-30,WK 31,Edappally,Zomato,Lunch,FOFO,Kerela,209.0,0.0,10.46,199.0,0,1,0.0,209.0,200-300,0%
Frozen Bottle,2026-07-30,WK 31,Electronic city,In Store,Dinner,FOFO,KA,3645.75,0.0,182.32,3645.75,0,10,0.0,364.575,300-400,0%
Frozen Bottle,2026-07-30,WK 31,Electronic city,In Store,Late Night,FOFO,KA,813.0,0.0,40.66,813.0,0,2,0.0,406.5,400-500,0%
Frozen Bottle,2026-07-30,WK 31,Electronic city,In Store,Lunch,FOFO,KA,2309.85,0.0,115.52,2309.85,0,5,0.0,461.96999999999997,400-500,0%
Frozen Bottle,2026-07-30,WK 31,Electronic city,In Store,Snacks,FOFO,KA,1809.0,0.0,90.5,1809.0,0,7,0.0,258.42857142857144,200-300,0%
Frozen Bottle,2026-07-30,WK 31,Electronic city,Swiggy,Closing,FOFO,KA,541.01,39.99,0.0,561.0,0,1,7.128342245989305,541.01,500-600,1%-10%
Frozen Bottle,2026-07-30,WK 31,Electronic city,Swiggy,Dinner,FOFO,KA,1536.8400000000001,110.16,0.0,1597.0,0,5,6.897933625547902,307.36800000000005,300-400,1%-10%
Frozen Bottle,2026-07-30,WK 31,Electronic city,Swiggy,Lunch,FOFO,KA,895.01,159.99,0.0,1025.0,0,2,15.60878048780488,447.505,400-500,10%-20%
Frozen Bottle,2026-07-30,WK 31,Electronic city,Swiggy,Snacks,FOFO,KA,1108.0,161.0,0.0,1239.0,0,3,12.994350282485875,369.3333333333333,300-400,10%-20%
Frozen Bottle,2026-07-30,WK 31,Electronic city,Zomato,Dinner,FOFO,KA,2368.0,736.0,118.42,2974.0,0,9,24.747814391392065,263.1111111111111,200-300,20%-30%
Frozen Bottle,2026-07-30,WK 31,Electronic city,Zomato,Late Night,FOFO,KA,109.0,100.0,5.46,199.0,0,1,50.25125628140703,109.0,100-200,50%-60%
Frozen Bottle,2026-07-30,WK 31,Electronic city,Zomato,Lunch,FOFO,KA,218.0,200.0,10.92,398.0,0,2,50.25125628140703,109.0,100-200,50%-60%
Frozen Bottle,2026-07-30,WK 31,Electronic city,Zomato,Snacks,FOFO,KA,894.3,253.7,44.74,1098.0,0,4,23.10564663023679,223.575,200-300,20%-30%
Frozen Bottle,2026-07-30,WK 31,Erode,In Store,Dinner,COCO,TN,2050.0,0.0,102.53999999999999,2050.0,0,6,0.0,341.6666666666667,300-400,0%
Frozen Bottle,2026-07-30,WK 31,Erode,In Store,Late Night,COCO,TN,837.0,0.0,41.84,837.0,0,1,0.0,837.0,600-900,0%
Frozen Bottle,2026-07-30,WK 31,Erode,In Store,Lunch,COCO,TN,423.23,0.0,21.16,423.23,0,1,0.0,423.23,400-500,0%
Frozen Bottle,2026-07-30,WK 31,Erode,In Store,Snacks,COCO,TN,368.0,0.0,18.4,368.0,0,1,0.0,368.0,300-400,0%
Frozen Bottle,2026-07-30,WK 31,Erode,Swiggy,Breakfast,COCO,TN,230.01,111.99,0.0,322.0,0,1,34.77950310559006,230.01,200-300,30%-40%
Frozen Bottle,2026-07-30,WK 31,Erode,Swiggy,Dinner,COCO,TN,674.2,515.8,0.0,1140.0,0,4,45.24561403508772,168.55,100-200,40%-50%
Frozen Bottle,2026-07-30,WK 31,Erode,Swiggy,Late Night,COCO,TN,680.0,0.0,0.0,660.0,0,1,0.0,680.0,600-900,0%
Frozen Bottle,2026-07-30,WK 31,Erode,Swiggy,Lunch,COCO,TN,1495.02,535.98,0.0,1961.0,0,2,27.331973482916883,747.51,600-900,20%-30%
Frozen Bottle,2026-07-30,WK 31,Erode,Swiggy,Snacks,COCO,TN,1939.2,1409.8,0.0,3229.0,0,7,43.660576029730564,277.0285714285714,200-300,40%-50%
Frozen Bottle,2026-07-30,WK 31,Erode,Zomato,Dinner,COCO,TN,3052.0,2083.0,152.64,4965.0,0,9,41.953675730110774,339.1111111111111,300-400,40%-50%
Frozen Bottle,2026-07-30,WK 31,Erode,Zomato,Late Night,COCO,TN,1010.0,319.99,50.5,1289.99,0,2,24.805618648206575,505.0,500-600,20%-30%
Frozen Bottle,2026-07-30,WK 31,Erode,Zomato,Lunch,COCO,TN,869.0,745.0,43.459999999999994,1564.0,0,3,47.63427109974425,289.6666666666667,200-300,40%-50%
Frozen Bottle,2026-07-30,WK 31,Erode,Zomato,Snacks,COCO,TN,2518.0,2298.0,125.92,4676.0,0,5,49.14456800684346,503.6,500-600,40%-50%
Frozen Bottle,2026-07-30,WK 31,Express Avenue Mall,In Store,Breakfast,COCO,TN,258.0,0.0,12.92,258.0,0,2,0.0,129.0,100-200,0%
Frozen Bottle,2026-07-30,WK 31,Express Avenue Mall,In Store,Dinner,COCO,TN,2004.59,1595.41,100.30000000000001,3600.0,0,12,44.316944444444445,167.04916666666665,100-200,40%-50%
Frozen Bottle,2026-07-30,WK 31,Express Avenue Mall,In Store,Lunch,COCO,TN,2436.2200000000003,128.78,121.9,2565.0,0,12,5.0206627680311895,203.01833333333335,200-300,1%-10%
Frozen Bottle,2026-07-30,WK 31,Express Avenue Mall,In Store,Snacks,COCO,TN,3282.48,197.51999999999998,164.22,3480.0,0,15,5.675862068965517,218.832,200-300,1%-10%
Frozen Bottle,2026-07-30,WK 31,Express Avenue Mall,Swiggy,Dinner,COCO,TN,2284.56,1866.44,0.0,4031.0,0,8,46.302158273381295,285.57,200-300,40%-50%
Frozen Bottle,2026-07-30,WK 31,Express Avenue Mall,Swiggy,Late Night,COCO,TN,128.0,112.0,0.0,230.0,0,1,48.69565217391305,128.0,100-200,40%-50%
Frozen Bottle,2026-07-30,WK 31,Express Avenue Mall,Swiggy,Lunch,COCO,TN,539.0,221.0,0.0,730.0,0,2,30.273972602739725,269.5,200-300,30%-40%
Frozen Bottle,2026-07-30,WK 31,Express Avenue Mall,Swiggy,Snacks,COCO,TN,1308.01,786.99,0.0,2005.0,0,3,39.25137157107232,436.00333333333333,400-500,30%-40%
Frozen Bottle,2026-07-30,WK 31,Express Avenue Mall,Zomato,Dinner,COCO,TN,1067.4,888.6,53.400000000000006,1896.0,0,4,46.86708860759494,266.85,200-300,40%-50%
Frozen Bottle,2026-07-30,WK 31,Express Avenue Mall,Zomato,Late Night,COCO,TN,1047.0,360.0,52.379999999999995,1347.0,0,3,26.7260579064588,349.0,300-400,20%-30%
Frozen Bottle,2026-07-30,WK 31,Express Avenue Mall,Zomato,Lunch,COCO,TN,1313.0,977.0,65.7,2200.0,0,3,44.40909090909091,437.6666666666667,400-500,40%-50%
Frozen Bottle,2026-07-30,WK 31,Express Avenue Mall,Zomato,Snacks,COCO,TN,1823.0,1079.0,91.17999999999999,2802.0,0,3,38.50820842255532,607.6666666666666,600-900,30%-40%
Frozen Bottle,2026-07-30,WK 31,FC Road,In Store,Lunch,FOFO,MH,536.0,0.0,26.82,536.0,0,3,0.0,178.66666666666666,100-200,0%
Frozen Bottle,2026-07-30,WK 31,FC Road,In Store,Snacks,FOFO,MH,625.0,0.0,31.259999999999998,625.0,0,2,0.0,312.5,300-400,0%
Frozen Bottle,2026-07-30,WK 31,FC Road,Swiggy,Dinner,FOFO,MH,1459.0,1084.0,0.0,2503.0,0,5,43.308030363563724,291.8,200-300,40%-50%
Frozen Bottle,2026-07-30,WK 31,FC Road,Zomato,Dinner,FOFO,MH,630.0,581.0,31.5,1171.0,0,2,49.61571306575576,315.0,300-400,40%-50%
Frozen Bottle,2026-07-30,WK 31,FC Road,Zomato,Lunch,FOFO,MH,2663.0,1763.0,133.2,4276.0,0,6,41.230121608980355,443.8333333333333,400-500,40%-50%
Frozen Bottle,2026-07-30,WK 31,FC Road,Zomato,Snacks,FOFO,MH,1005.0,955.0,50.26,1910.0,0,3,50.0,335.0,300-400,40%-50%
Frozen Bottle,2026-07-30,WK 31,Frazer Town,In Store,Dinner,COCO,KA,562.19,201.81,28.12,764.0,0,3,26.41492146596859,187.39666666666668,100-200,20%-30%
Frozen Bottle,2026-07-30,WK 31,Frazer Town,In Store,Lunch,COCO,KA,475.16,170.84,23.76,646.0,0,2,26.445820433436534,237.58,200-300,20%-30%
Frozen Bottle,2026-07-30,WK 31,Frazer Town,Ownly,Dinner,COCO,KA,871.0,0.0,43.56,871.0,0,1,0.0,871.0,600-900,0%
Frozen Bottle,2026-07-30,WK 31,Frazer Town,Swiggy,Dinner,COCO,KA,884.0,967.0,0.0,1801.0,0,5,53.692393114936145,176.8,100-200,50%-60%
Frozen Bottle,2026-07-30,WK 31,Frazer Town,Swiggy,Late Night,COCO,KA,89.2,100.8,0.0,180.0,0,1,55.99999999999999,89.2,0-100,50%-60%
Frozen Bottle,2026-07-30,WK 31,Frazer Town,Swiggy,Lunch,COCO,KA,218.2,190.8,0.0,399.0,0,2,47.819548872180455,109.1,100-200,40%-50%
Frozen Bottle,2026-07-30,WK 31,Frazer Town,Swiggy,Snacks,COCO,KA,1717.0,522.0,0.0,2179.0,0,3,23.955943093162002,572.3333333333334,500-600,20%-30%
Frozen Bottle,2026-07-30,WK 31,Frazer Town,Zomato,Dinner,COCO,KA,959.3299999999999,888.3299999999999,47.96,1787.6599999999999,0,4,49.69233523153173,239.83249999999998,200-300,40%-50%
Frozen Bottle,2026-07-30,WK 31,Frazer Town,Zomato,Late Night,COCO,KA,590.0,80.0,29.52,650.0,0,1,12.307692307692308,590.0,500-600,10%-20%
Frozen Bottle,2026-07-30,WK 31,Frazer Town,Zomato,Snacks,COCO,KA,540.0,280.0,27.0,790.0,0,2,35.44303797468354,270.0,200-300,30%-40%
Frozen Bottle,2026-07-30,WK 31,GIP GOA,In Store,Dinner,FOFO,ROI,836.0,0.0,41.82,836.0,0,3,0.0,278.6666666666667,200-300,0%
Frozen Bottle,2026-07-30,WK 31,GIP GOA,In Store,Snacks,FOFO,ROI,726.0,0.0,36.3,726.0,0,2,0.0,363.0,300-400,0%
Frozen Bottle,2026-07-30,WK 31,GIP GOA,Swiggy,Dinner,FOFO,ROI,929.0,0.0,0.0,899.0,0,2,0.0,464.5,400-500,0%
Frozen Bottle,2026-07-30,WK 31,Gangadham,In Store,Dinner,FOFO,MH,1482.0,0.0,74.14,1482.0,0,4,0.0,370.5,300-400,0%
Frozen Bottle,2026-07-30,WK 31,Gangadham,In Store,Lunch,FOFO,MH,229.0,0.0,11.46,229.0,0,1,0.0,229.0,200-300,0%
Frozen Bottle,2026-07-30,WK 31,Gangadham,Swiggy,Snacks,FOFO,MH,248.0,232.0,0.0,460.0,0,1,50.43478260869565,248.0,200-300,50%-60%
Frozen Bottle,2026-07-30,WK 31,Gangadham,Zomato,Dinner,FOFO,MH,1992.0,700.0,99.6,2602.0,0,6,26.90238278247502,332.0,300-400,20%-30%
Frozen Bottle,2026-07-30,WK 31,Gangadham,Zomato,Late Night,FOFO,MH,1405.0,225.0,70.24,1580.0,0,3,14.240506329113925,468.3333333333333,400-500,10%-20%
Frozen Bottle,2026-07-30,WK 31,Gangadham,Zomato,Lunch,FOFO,MH,200.0,100.0,10.0,290.0,0,1,34.48275862068966,200.0,100-200,30%-40%
Frozen Bottle,2026-07-30,WK 31,Gangadham,Zomato,Snacks,FOFO,MH,1201.0,99.99,60.06,1250.99,0,2,7.992869647239385,600.5,600-900,1%-10%
Frozen Bottle,2026-07-30,WK 31,Ghaziabad-1,Zomato,Dinner,FOFO,ROI,449.3,222.7,22.46,652.0,0,1,34.15644171779141,449.3,400-500,30%-40%
Frozen Bottle,2026-07-30,WK 31,Guduvanchery,In Store,Dinner,COCO,TN,6218.3,687.16,311.08,6905.46,0,28,9.950966336782777,222.08214285714286,200-300,1%-10%
Frozen Bottle,2026-07-30,WK 31,Guduvanchery,In Store,Lunch,COCO,TN,2295.7,225.3,114.84,2521.0,0,12,8.936929789765967,191.3083333333333,100-200,1%-10%
Frozen Bottle,2026-07-30,WK 31,Guduvanchery,In Store,Snacks,COCO,TN,3413.96,63.04,170.74,3477.0,0,12,1.813057233247052,284.49666666666667,200-300,1%-10%
Frozen Bottle,2026-07-30,WK 31,Guduvanchery,Swiggy,Dinner,COCO,TN,2182.0,1671.0,0.0,3723.0,0,9,44.883158742949234,242.44444444444446,200-300,40%-50%
Frozen Bottle,2026-07-30,WK 31,Guduvanchery,Swiggy,Late Night,COCO,TN,685.2,365.8,0.0,1021.0,0,3,35.82761998041136,228.4,200-300,30%-40%
Frozen Bottle,2026-07-30,WK 31,Guduvanchery,Swiggy,Lunch,COCO,TN,1083.0,758.0,0.0,1771.0,0,6,42.80067758328628,180.5,100-200,40%-50%
Frozen Bottle,2026-07-30,WK 31,Guduvanchery,Swiggy,Snacks,COCO,TN,2864.44,1965.56,0.0,4670.0,0,14,42.089079229122056,204.60285714285715,200-300,40%-50%
Frozen Bottle,2026-07-30,WK 31,Guduvanchery,Zomato,Dinner,COCO,TN,2533.25,2023.75,126.72,4417.0,0,10,45.8172968077881,253.325,200-300,40%-50%
Frozen Bottle,2026-07-30,WK 31,Guduvanchery,Zomato,Lunch,COCO,TN,392.6,455.4,19.64,828.0,0,1,54.99999999999999,392.6,300-400,50%-60%
Frozen Bottle,2026-07-30,WK 31,Guduvanchery,Zomato,Snacks,COCO,TN,1977.1,1714.9,98.92,3562.0,0,8,48.144300954519935,247.1375,200-300,40%-50%
Frozen Bottle,2026-07-30,WK 31,Gunjur,In Store,Dinner,COCO,KA,3194.4,511.52,159.79999999999998,3705.92,0,20,13.802780416198946,159.72,100-200,10%-20%
Frozen Bottle,2026-07-30,WK 31,Gunjur,In Store,Late Night,COCO,KA,19.05,0.0,0.96,19.05,0,1,0.0,19.05,0-100,0%
Frozen Bottle,2026-07-30,WK 31,Gunjur,In Store,Lunch,COCO,KA,1203.0,0.0,60.16,1203.0,0,3,0.0,401.0,400-500,0%
Frozen Bottle,2026-07-30,WK 31,Gunjur,In Store,Snacks,COCO,KA,954.95,385.04999999999995,47.760000000000005,1340.0,0,4,28.73507462686567,238.7375,200-300,20%-30%
Frozen Bottle,2026-07-30,WK 31,Gunjur,Swiggy,Breakfast,COCO,KA,139.0,121.0,0.0,250.0,0,1,48.4,139.0,100-200,40%-50%
Frozen Bottle,2026-07-30,WK 31,Gunjur,Swiggy,Dinner,COCO,KA,2766.14,1882.71,0.0,4458.85,0,10,42.22411608374356,276.614,200-300,40%-50%
Frozen Bottle,2026-07-30,WK 31,Gunjur,Swiggy,Late Night,COCO,KA,487.0,424.0,0.0,891.0,0,2,47.586980920314254,243.5,200-300,40%-50%
Frozen Bottle,2026-07-30,WK 31,Gunjur,Swiggy,Lunch,COCO,KA,894.0,373.0,0.0,1217.0,0,3,30.649137222678718,298.0,200-300,30%-40%
Frozen Bottle,2026-07-30,WK 31,Gunjur,Swiggy,Snacks,COCO,KA,2063.0,1475.33,0.0,3428.33,0,6,43.033488608156155,343.8333333333333,300-400,40%-50%
Frozen Bottle,2026-07-30,WK 31,Gunjur,Zomato,Dinner,COCO,KA,2681.8,2485.2,134.14000000000001,4977.0,0,9,49.933694996986134,297.9777777777778,200-300,40%-50%
Frozen Bottle,2026-07-30,WK 31,Gunjur,Zomato,Lunch,COCO,KA,1584.9,1482.1,79.28,2967.0,0,4,49.952814290529155,396.225,300-400,40%-50%
Frozen Bottle,2026-07-30,WK 31,Gunjur,Zomato,Snacks,COCO,KA,2488.7,2106.3,124.48,4425.0,0,5,47.6,497.73999999999995,400-500,40%-50%
Frozen Bottle,2026-07-30,WK 31,Guwahati,In Store,Dinner,FOFO,ROI,307.0,0.0,15.36,307.0,0,2,0.0,153.5,100-200,0%
Frozen Bottle,2026-07-30,WK 31,Guwahati,In Store,Lunch,FOFO,ROI,4277.0,0.0,213.96,4277.0,0,20,0.0,213.85,200-300,0%
Frozen Bottle,2026-07-30,WK 31,Guwahati,In Store,Snacks,FOFO,ROI,8529.0,0.0,426.7,8529.0,0,34,0.0,250.85294117647058,200-300,0%
Frozen Bottle,2026-07-30,WK 31,Guwahati,Swiggy,Dinner,FOFO,ROI,280.0,0.0,0.0,270.0,0,1,0.0,280.0,200-300,0%
Frozen Bottle,2026-07-30,WK 31,Gwalior,In Store,Dinner,FOFO,ROI,1259.0,0.0,62.96,1259.0,0,5,0.0,251.8,200-300,0%
Frozen Bottle,2026-07-30,WK 31,Gwalior,In Store,Late Night,FOFO,ROI,342.55,0.0,17.12,342.55,0,1,0.0,342.55,300-400,0%
Frozen Bottle,2026-07-30,WK 31,Gwalior,In Store,Lunch,FOFO,ROI,1196.73,40.0,59.86,1236.73,0,6,3.234335707874799,199.455,100-200,1%-10%
Frozen Bottle,2026-07-30,WK 31,Gwalior,In Store,Snacks,FOFO,ROI,883.0,0.0,44.16,883.0,0,4,0.0,220.75,200-300,0%
Frozen Bottle,2026-07-30,WK 31,Gwalior,Swiggy,Lunch,FOFO,ROI,529.01,119.99,0.0,629.0,0,1,19.07631160572337,529.01,500-600,10%-20%
Frozen Bottle,2026-07-30,WK 31,Gwalior,Zomato,Lunch,FOFO,ROI,250.0,230.0,12.5,460.0,0,1,50.0,250.0,200-300,40%-50%
Frozen Bottle,2026-07-30,WK 31,Gwalior,Zomato,Snacks,FOFO,ROI,300.0,280.0,15.0,560.0,0,1,50.0,300.0,200-300,40%-50%
Frozen Bottle,2026-07-30,WK 31,HSR Layout,In Store,Dinner,COCO,KA,2267.17,927.8299999999999,113.5,3195.0,0,22,29.040062597809076,103.05318181818183,100-200,20%-30%
Frozen Bottle,2026-07-30,WK 31,HSR Layout,In Store,Lunch,COCO,KA,209.0,0.0,10.46,209.0,0,1,0.0,209.0,200-300,0%
Frozen Bottle,2026-07-30,WK 31,HSR Layout,In Store,Snacks,COCO,KA,525.28,317.72,26.3,843.0,0,7,37.68920521945433,75.03999999999999,0-100,30%-40%
Frozen Bottle,2026-07-30,WK 31,HSR Layout,Ownly,Dinner,COCO,KA,160.0,0.0,8.0,160.0,0,1,0.0,160.0,100-200,0%
Frozen Bottle,2026-07-30,WK 31,HSR Layout,Ownly,Snacks,COCO,KA,247.0,0.0,12.36,247.0,0,1,0.0,247.0,200-300,0%
Frozen Bottle,2026-07-30,WK 31,HSR Layout,Swiggy,Dinner,COCO,KA,3136.76,1958.57,0.0,4895.33,0,18,40.0089473028376,174.26444444444445,100-200,40%-50%
Frozen Bottle,2026-07-30,WK 31,HSR Layout,Swiggy,Late Night,COCO,KA,4027.4,2284.26,0.0,6071.66,0,15,37.62167183274426,268.49333333333334,200-300,30%-40%
Frozen Bottle,2026-07-30,WK 31,HSR Layout,Swiggy,Lunch,COCO,KA,1840.57,1219.6100000000001,0.0,2930.18,0,7,41.62235767085981,262.93857142857144,200-300,40%-50%
Frozen Bottle,2026-07-30,WK 31,HSR Layout,Swiggy,Snacks,COCO,KA,2732.33,2088.67,0.0,4631.0,0,11,45.101921831137986,248.39363636363635,200-300,40%-50%
Frozen Bottle,2026-07-30,WK 31,HSR Layout,Zomato,Dinner,COCO,KA,3410.37,2852.33,170.62,6042.7,0,11,47.20290598573486,310.03363636363633,300-400,40%-50%
Frozen Bottle,2026-07-30,WK 31,HSR Layout,Zomato,Late Night,COCO,KA,551.1,287.9,27.560000000000002,809.0,0,2,35.587144622991346,275.55,200-300,30%-40%
Frozen Bottle,2026-07-30,WK 31,HSR Layout,Zomato,Lunch,COCO,KA,1344.8,1322.2,67.26,2557.0,0,7,51.70903402424717,192.1142857142857,100-200,50%-60%
Frozen Bottle,2026-07-30,WK 31,HSR Layout,Zomato,Snacks,COCO,KA,762.0,609.0,38.1,1321.0,0,2,46.10143830431491,381.0,300-400,40%-50%
Frozen Bottle,2026-07-30,WK 31,Hadapsar,In Store,Closing,FOFO,MH,109.0,0.0,5.46,109.0,0,1,0.0,109.0,100-200,0%
Frozen Bottle,2026-07-30,WK 31,Hadapsar,In Store,Dinner,FOFO,MH,487.0,0.0,24.380000000000003,487.0,0,3,0.0,162.33333333333334,100-200,0%
Frozen Bottle,2026-07-30,WK 31,Hadapsar,Swiggy,Dinner,FOFO,MH,240.0,0.0,0.0,230.0,0,1,0.0,240.0,200-300,0%
Frozen Bottle,2026-07-30,WK 31,Hadapsar,Swiggy,Snacks,FOFO,MH,181.0,0.0,0.0,171.0,0,1,0.0,181.0,100-200,0%
Frozen Bottle,2026-07-30,WK 31,Hadapsar,Zomato,Dinner,FOFO,MH,1871.0,380.0,93.56,2171.0,0,5,17.503454629203134,374.2,300-400,10%-20%
Frozen Bottle,2026-07-30,WK 31,Hadapsar,Zomato,Late Night,FOFO,MH,3110.0,150.0,155.52,3160.0,0,6,4.746835443037975,518.3333333333334,500-600,1%-10%
Frozen Bottle,2026-07-30,WK 31,Hadapsar,Zomato,Lunch,FOFO,MH,920.0,280.0,46.0,1150.0,0,2,24.347826086956523,460.0,400-500,20%-30%
Frozen Bottle,2026-07-30,WK 31,Hadapsar,Zomato,Snacks,FOFO,MH,921.0,50.0,46.06,941.0,0,2,5.313496280552603,460.5,400-500,1%-10%
Frozen Bottle,2026-07-30,WK 31,Hafizpet,In Store,Dinner,FOFO,AP & TL,1261.23,69.0,63.120000000000005,1330.23,0,7,5.187072912203153,180.1757142857143,100-200,1%-10%
Frozen Bottle,2026-07-30,WK 31,Hafizpet,In Store,Lunch,FOFO,AP & TL,336.0,0.0,16.82,336.0,0,2,0.0,168.0,100-200,0%
Frozen Bottle,2026-07-30,WK 31,Hafizpet,In Store,Snacks,FOFO,AP & TL,1537.0,0.0,76.9,1537.0,0,8,0.0,192.125,100-200,0%
Frozen Bottle,2026-07-30,WK 31,Hafizpet,Swiggy,Lunch,FOFO,AP & TL,498.0,0.0,0.0,478.0,0,2,0.0,249.0,200-300,0%
Frozen Bottle,2026-07-30,WK 31,Hafizpet,Zomato,Dinner,FOFO,AP & TL,1009.2,159.8,50.46,1129.0,0,4,14.154118689105404,252.3,200-300,10%-20%
Frozen Bottle,2026-07-30,WK 31,Hafizpet,Zomato,Late Night,FOFO,AP & TL,260.0,60.0,13.0,310.0,0,1,19.35483870967742,260.0,200-300,10%-20%
Frozen Bottle,2026-07-30,WK 31,Hafizpet,Zomato,Lunch,FOFO,AP & TL,935.7,139.3,46.82,1025.0,0,3,13.590243902439026,311.90000000000003,300-400,10%-20%
Frozen Bottle,2026-07-30,WK 31,Hafizpet,Zomato,Snacks,FOFO,AP & TL,1259.0,0.0,62.980000000000004,1219.0,0,2,0.0,629.5,600-900,0%
Frozen Bottle,2026-07-30,WK 31,Hanumakonda,In Store,Dinner,FOFO,AP & TL,1590.0,0.0,79.54,1590.0,0,7,0.0,227.14285714285714,200-300,0%
Frozen Bottle,2026-07-30,WK 31,Hanumakonda,In Store,Lunch,FOFO,AP & TL,297.0,0.0,14.86,297.0,0,1,0.0,297.0,200-300,0%
Frozen Bottle,2026-07-30,WK 31,Hanumakonda,In Store,Snacks,FOFO,AP & TL,475.0,0.0,23.779999999999998,475.0,0,4,0.0,118.75,100-200,0%
Frozen Bottle,2026-07-30,WK 31,Hanumakonda,Zomato,Snacks,FOFO,AP & TL,567.0,0.0,28.36,547.0,0,1,0.0,567.0,500-600,0%
Frozen Bottle,2026-07-30,WK 31,Harlur Road,In Store,Breakfast,COCO,KA,30.46,0.0,1.52,30.46,0,1,0.0,30.46,0-100,0%
Frozen Bottle,2026-07-30,WK 31,Harlur Road,In Store,Dinner,COCO,KA,1332.33,0.0,66.66,1332.33,0,8,0.0,166.54125,100-200,0%
Frozen Bottle,2026-07-30,WK 31,Harlur Road,In Store,Lunch,COCO,KA,98.0,0.0,4.9,98.0,0,1,0.0,98.0,0-100,0%
Frozen Bottle,2026-07-30,WK 31,Harlur Road,In Store,Snacks,COCO,KA,1102.55,256.45,55.160000000000004,1359.0,0,7,18.870493009565855,157.50714285714284,100-200,10%-20%
Frozen Bottle,2026-07-30,WK 31,Harlur Road,Ownly,Dinner,COCO,KA,889.0,0.0,44.46,889.0,0,2,0.0,444.5,400-500,0%
Frozen Bottle,2026-07-30,WK 31,Harlur Road,Ownly,Lunch,COCO,KA,265.0,0.0,13.26,265.0,0,1,0.0,265.0,200-300,0%
Frozen Bottle,2026-07-30,WK 31,Harlur Road,Swiggy,Dinner,COCO,KA,1881.8899999999999,1311.29,0.0,3063.18,0,11,42.80812750148539,171.08090909090907,100-200,40%-50%
Frozen Bottle,2026-07-30,WK 31,Harlur Road,Swiggy,Late Night,COCO,KA,277.0,251.0,0.0,518.0,0,2,48.455598455598455,138.5,100-200,40%-50%
Frozen Bottle,2026-07-30,WK 31,Harlur Road,Swiggy,Lunch,COCO,KA,286.2,212.8,0.0,479.0,0,2,44.4258872651357,143.1,100-200,40%-50%
Frozen Bottle,2026-07-30,WK 31,Harlur Road,Swiggy,Snacks,COCO,KA,2669.77,1127.23,0.0,3657.0,0,9,30.823899371069185,296.6411111111111,200-300,30%-40%
Frozen Bottle,2026-07-30,WK 31,Harlur Road,Zomato,Dinner,COCO,KA,1012.52,484.48,50.66,1447.0,0,2,33.48168624740843,506.26,500-600,30%-40%
Frozen Bottle,2026-07-30,WK 31,Harlur Road,Zomato,Lunch,COCO,KA,627.9,674.1,31.4,1262.0,0,2,53.41521394611728,313.95,300-400,50%-60%
Frozen Bottle,2026-07-30,WK 31,Harlur Road,Zomato,Snacks,COCO,KA,1404.9,962.1,70.28,2277.0,0,4,42.25296442687747,351.225,300-400,40%-50%
Frozen Bottle,2026-07-30,WK 31,Hinjewadi,In Store,Dinner,COCO,MH,1175.58,354.42,58.78,1530.0,0,5,23.164705882352944,235.11599999999999,200-300,20%-30%
Frozen Bottle,2026-07-30,WK 31,Hinjewadi,In Store,Lunch,COCO,MH,173.44,262.56,8.68,436.0,0,1,60.22018348623853,173.44,100-200,60%-70%
Frozen Bottle,2026-07-30,WK 31,Hinjewadi,In Store,Snacks,COCO,MH,1524.74,263.26,76.25999999999999,1788.0,0,6,14.723713646532438,254.12333333333333,200-300,10%-20%
Frozen Bottle,2026-07-30,WK 31,Hinjewadi,Others,Dinner,COCO,MH,236.2,331.8,11.780000000000001,538.0,0,2,61.67286245353159,118.1,100-200,60%-70%
Frozen Bottle,2026-07-30,WK 31,Hinjewadi,Swiggy,Dinner,COCO,MH,4263.32,3689.68,0.0,7633.0,0,22,48.338530066815146,193.78727272727272,100-200,40%-50%
Frozen Bottle,2026-07-30,WK 31,Hinjewadi,Swiggy,Late Night,COCO,MH,1345.24,879.76,0.0,2135.0,0,9,41.20655737704918,149.4711111111111,100-200,40%-50%
Frozen Bottle,2026-07-30,WK 31,Hinjewadi,Swiggy,Lunch,COCO,MH,1205.68,842.3199999999999,0.0,1958.0,0,7,43.0194075587334,172.24,100-200,40%-50%
Frozen Bottle,2026-07-30,WK 31,Hinjewadi,Swiggy,Snacks,COCO,MH,1855.56,1722.44,0.0,3438.0,0,7,50.10005817335661,265.08,200-300,50%-60%
Frozen Bottle,2026-07-30,WK 31,Hinjewadi,Zomato,Dinner,COCO,MH,5081.7,3977.3,254.20000000000002,8729.0,0,17,45.564211249856804,298.9235294117647,200-300,40%-50%
Frozen Bottle,2026-07-30,WK 31,Hinjewadi,Zomato,Late Night,COCO,MH,1469.0,740.0,73.48,2139.0,0,4,34.5956054230949,367.25,300-400,30%-40%
Frozen Bottle,2026-07-30,WK 31,Hinjewadi,Zomato,Lunch,COCO,MH,290.0,270.0,14.5,540.0,0,1,50.0,290.0,200-300,40%-50%
Frozen Bottle,2026-07-30,WK 31,Hinjewadi,Zomato,Snacks,COCO,MH,300.5,370.5,15.02,651.0,0,1,56.91244239631337,300.5,300-400,50%-60%
Frozen Bottle,2026-07-30,WK 31,Hinjewadi Phase 3,In Store,Dinner,COCO,MH,1135.6599999999999,481.34000000000003,56.8,1617.0,0,11,29.767470624613484,103.24181818181818,100-200,20%-30%
Frozen Bottle,2026-07-30,WK 31,Hinjewadi Phase 3,In Store,Lunch,COCO,MH,187.38,190.62,9.36,378.0,0,2,50.42857142857143,93.69,0-100,50%-60%
Frozen Bottle,2026-07-30,WK 31,Hinjewadi Phase 3,In Store,Snacks,COCO,MH,288.0,0.0,14.4,288.0,0,1,0.0,288.0,200-300,0%
Frozen Bottle,2026-07-30,WK 31,Hinjewadi Phase 3,Swiggy,Closing,COCO,MH,219.0,312.0,0.0,531.0,0,1,58.75706214689266,219.0,200-300,50%-60%
Frozen Bottle,2026-07-30,WK 31,Hinjewadi Phase 3,Swiggy,Dinner,COCO,MH,2262.2200000000003,757.78,0.0,2920.0,0,7,25.951369863013696,323.17428571428576,300-400,20%-30%
Frozen Bottle,2026-07-30,WK 31,Hinjewadi Phase 3,Swiggy,Late Night,COCO,MH,615.2,354.8,0.0,930.0,0,3,38.15053763440861,205.0666666666667,200-300,30%-40%
Frozen Bottle,2026-07-30,WK 31,Hinjewadi Phase 3,Swiggy,Lunch,COCO,MH,2080.2,807.8,0.0,2778.0,0,6,29.07847372210223,346.7,300-400,20%-30%
Frozen Bottle,2026-07-30,WK 31,Hinjewadi Phase 3,Swiggy,Snacks,COCO,MH,604.0,415.0,0.0,979.0,0,3,42.39019407558733,201.33333333333334,200-300,40%-50%
Frozen Bottle,2026-07-30,WK 31,Hinjewadi Phase 3,Zomato,Dinner,COCO,MH,2407.1,1781.9,120.42,4049.0,0,10,44.00839713509509,240.70999999999998,200-300,40%-50%
Frozen Bottle,2026-07-30,WK 31,Hinjewadi Phase 3,Zomato,Late Night,COCO,MH,1059.0,540.0,52.96,1539.0,0,3,35.08771929824561,353.0,300-400,30%-40%
Frozen Bottle,2026-07-30,WK 31,Hinjewadi Phase 3,Zomato,Lunch,COCO,MH,638.0,598.0,31.92,1196.0,0,2,50.0,319.0,300-400,40%-50%
Frozen Bottle,2026-07-30,WK 31,Hinjewadi Phase 3,Zomato,Snacks,COCO,MH,965.0,895.0,48.26,1790.0,0,3,50.0,321.6666666666667,300-400,40%-50%
Frozen Bottle,2026-07-30,WK 31,Hosur,In Store,Dinner,FOFO,TN,3898.23,0.0,194.95999999999998,3898.23,0,9,0.0,433.13666666666666,400-500,0%
Frozen Bottle,2026-07-30,WK 31,Hosur,In Store,Lunch,FOFO,TN,576.0,0.0,28.799999999999997,576.0,0,2,0.0,288.0,200-300,0%
Frozen Bottle,2026-07-30,WK 31,Hosur,In Store,Snacks,FOFO,TN,477.0,0.0,23.86,477.0,0,2,0.0,238.5,200-300,0%
Frozen Bottle,2026-07-30,WK 31,Hosur,Swiggy,Dinner,FOFO,TN,607.0,120.0,0.0,697.0,0,2,17.216642754662843,303.5,300-400,10%-20%
Frozen Bottle,2026-07-30,WK 31,Hosur,Swiggy,Lunch,FOFO,TN,897.0,40.0,0.0,897.0,0,3,4.459308807134894,299.0,200-300,1%-10%
Frozen Bottle,2026-07-30,WK 31,Hosur,Swiggy,Snacks,FOFO,TN,648.0,60.0,0.0,678.0,0,2,8.849557522123893,324.0,300-400,1%-10%
Frozen Bottle,2026-07-30,WK 31,Hosur,Zomato,Dinner,FOFO,TN,885.2,280.8,44.239999999999995,1116.0,0,3,25.161290322580648,295.06666666666666,200-300,20%-30%
Frozen Bottle,2026-07-30,WK 31,Hosur,Zomato,Lunch,FOFO,TN,781.3,68.7,39.08,820.0,0,2,8.378048780487806,390.65,300-400,1%-10%
Frozen Bottle,2026-07-30,WK 31,Hosur,Zomato,Snacks,FOFO,TN,3334.95,1142.05,166.84,4277.0,0,11,26.702127659574465,303.17727272727274,300-400,20%-30%
Frozen Bottle,2026-07-30,WK 31,Hubballi,In Store,Closing,FOFO,KA,189.0,0.0,9.46,189.0,0,1,0.0,189.0,100-200,0%
Frozen Bottle,2026-07-30,WK 31,Hubballi,In Store,Snacks,FOFO,KA,169.0,0.0,8.46,169.0,0,1,0.0,169.0,100-200,0%
Frozen Bottle,2026-07-30,WK 31,Hubballi,Zomato,Closing,FOFO,KA,109.0,100.0,5.46,199.0,0,1,50.25125628140703,109.0,100-200,50%-60%
Frozen Bottle,2026-07-30,WK 31,Hubballi,Zomato,Dinner,FOFO,KA,240.0,50.0,12.0,280.0,0,1,17.857142857142858,240.0,200-300,10%-20%
Frozen Bottle,2026-07-30,WK 31,Hubballi,Zomato,Late Night,FOFO,KA,830.0,250.0,41.5,1040.0,0,2,24.03846153846154,415.0,400-500,20%-30%
Frozen Bottle,2026-07-30,WK 31,ITPL,In Store,Dinner,COCO,KA,2380.59,234.64000000000001,119.06,2615.23,0,10,8.972059818830466,238.05900000000003,200-300,1%-10%
Frozen Bottle,2026-07-30,WK 31,ITPL,In Store,Lunch,COCO,KA,267.0,0.0,13.36,267.0,0,2,0.0,133.5,100-200,0%
Frozen Bottle,2026-07-30,WK 31,ITPL,In Store,Snacks,COCO,KA,541.8,430.2,27.1,972.0,0,7,44.25925925925926,77.39999999999999,0-100,40%-50%
Frozen Bottle,2026-07-30,WK 31,ITPL,Ownly,Snacks,COCO,KA,179.0,0.0,8.96,179.0,0,1,0.0,179.0,100-200,0%
Frozen Bottle,2026-07-30,WK 31,ITPL,Swiggy,Dinner,COCO,KA,1861.57,545.43,0.0,2317.0,0,6,23.540353905912816,310.26166666666666,300-400,20%-30%
Frozen Bottle,2026-07-30,WK 31,ITPL,Swiggy,Late Night,COCO,KA,684.01,576.84,0.0,1220.85,0,4,47.249047794569364,171.0025,100-200,40%-50%
Frozen Bottle,2026-07-30,WK 31,ITPL,Swiggy,Lunch,COCO,KA,169.0,152.0,0.0,311.0,0,1,48.87459807073955,169.0,100-200,40%-50%
Frozen Bottle,2026-07-30,WK 31,ITPL,Swiggy,Snacks,COCO,KA,228.2,221.8,0.0,430.0,0,2,51.58139534883721,114.1,100-200,50%-60%
Frozen Bottle,2026-07-30,WK 31,ITPL,Zomato,Dinner,COCO,KA,1225.5,945.5,61.3,2091.0,0,3,45.21759923481588,408.5,400-500,40%-50%
Frozen Bottle,2026-07-30,WK 31,ITPL,Zomato,Late Night,COCO,KA,554.0,185.0,27.72,709.0,0,3,26.093088857545837,184.66666666666666,100-200,20%-30%
Frozen Bottle,2026-07-30,WK 31,ITPL,Zomato,Lunch,COCO,KA,878.7,768.3,43.96,1587.0,0,4,48.412098298676746,219.675,200-300,40%-50%
Frozen Bottle,2026-07-30,WK 31,ITPL,Zomato,Snacks,COCO,KA,219.0,199.0,10.96,398.0,0,1,50.0,219.0,200-300,40%-50%
Frozen Bottle,2026-07-30,WK 31,Indiranagar - CK,Ownly,Dinner,COCO,KA,329.0,0.0,16.46,329.0,0,1,0.0,329.0,300-400,0%
Frozen Bottle,2026-07-30,WK 31,Indiranagar - CK,Swiggy,Dinner,COCO,KA,2091.2,926.8,0.0,2908.0,0,8,31.870701513067402,261.4,200-300,30%-40%
Frozen Bottle,2026-07-30,WK 31,Indiranagar - CK,Swiggy,Lunch,COCO,KA,1092.0,611.0,0.0,1623.0,0,2,37.64633394947628,546.0,500-600,30%-40%
Frozen Bottle,2026-07-30,WK 31,Indiranagar - CK,Swiggy,Snacks,COCO,KA,982.01,143.84,0.0,1075.85,0,2,13.369893572524052,491.005,400-500,10%-20%
Frozen Bottle,2026-07-30,WK 31,Indiranagar - CK,Zomato,Dinner,COCO,KA,3968.7799999999997,3231.39,198.54,6940.17,0,15,46.56067502669243,264.5853333333333,200-300,40%-50%
Frozen Bottle,2026-07-30,WK 31,Indiranagar - CK,Zomato,Late Night,COCO,KA,270.0,60.0,13.5,320.0,0,1,18.75,270.0,200-300,10%-20%
Frozen Bottle,2026-07-30,WK 31,Indiranagar - CK,Zomato,Lunch,COCO,KA,1122.2,1025.8,56.160000000000004,2048.0,0,5,50.087890625,224.44,200-300,50%-60%
Frozen Bottle,2026-07-30,WK 31,Indiranagar - CK,Zomato,Snacks,COCO,KA,460.0,391.0,23.0,821.0,0,2,47.62484774665043,230.0,200-300,40%-50%
Frozen Bottle,2026-07-30,WK 31,Iyyappanthangal - CK,Swiggy,Dinner,COCO,TN,3405.12,2539.88,0.0,5725.0,0,14,44.364716157205244,243.22285714285712,200-300,40%-50%
Frozen Bottle,2026-07-30,WK 31,Iyyappanthangal - CK,Swiggy,Late Night,COCO,TN,919.56,640.44,0.0,1500.0,0,5,42.696000000000005,183.91199999999998,100-200,40%-50%
Frozen Bottle,2026-07-30,WK 31,Iyyappanthangal - CK,Swiggy,Lunch,COCO,TN,2489.56,910.44,0.0,3310.0,0,4,27.505740181268884,622.39,600-900,20%-30%
Frozen Bottle,2026-07-30,WK 31,Iyyappanthangal - CK,Swiggy,Snacks,COCO,TN,1646.0,812.0,0.0,2368.0,0,6,34.29054054054054,274.3333333333333,200-300,30%-40%
Frozen Bottle,2026-07-30,WK 31,Iyyappanthangal - CK,Zomato,Dinner,COCO,TN,1154.5,975.5,57.74,2060.0,0,4,47.35436893203884,288.625,200-300,40%-50%
Frozen Bottle,2026-07-30,WK 31,Iyyappanthangal - CK,Zomato,Late Night,COCO,TN,665.0,195.0,33.260000000000005,830.0,0,2,23.49397590361446,332.5,300-400,20%-30%
Frozen Bottle,2026-07-30,WK 31,Iyyappanthangal - CK,Zomato,Lunch,COCO,TN,1365.0,1135.0,68.28,2420.0,0,5,46.90082644628099,273.0,200-300,40%-50%
Frozen Bottle,2026-07-30,WK 31,Iyyappanthangal - CK,Zomato,Snacks,COCO,TN,577.0,290.0,28.86,837.0,0,2,34.64755077658304,288.5,200-300,30%-40%
Frozen Bottle,2026-07-30,WK 31,JP Nagar,In Store,Dinner,COCO,KA,2631.5,437.99,131.64000000000001,3069.49,0,16,14.26914568869747,164.46875,100-200,10%-20%
Frozen Bottle,2026-07-30,WK 31,JP Nagar,In Store,Late Night,COCO,KA,707.07,0.0,35.36,707.07,0,1,0.0,707.07,600-900,0%
Frozen Bottle,2026-07-30,WK 31,JP Nagar,In Store,Lunch,COCO,KA,492.71000000000004,198.03,24.66,690.74,0,5,28.669253264614763,98.542,0-100,20%-30%
Frozen Bottle,2026-07-30,WK 31,JP Nagar,In Store,Snacks,COCO,KA,1561.54,0.0,78.1,1561.54,0,6,0.0,260.25666666666666,200-300,0%
Frozen Bottle,2026-07-30,WK 31,JP Nagar,Ownly,Dinner,COCO,KA,82.0,0.0,4.1,82.0,0,1,0.0,82.0,0-100,0%
Frozen Bottle,2026-07-30,WK 31,JP Nagar,Swiggy,Breakfast,COCO,KA,347.0,213.0,0.0,540.0,0,2,39.44444444444444,173.5,100-200,30%-40%
Frozen Bottle,2026-07-30,WK 31,JP Nagar,Swiggy,Dinner,COCO,KA,1751.0,1078.0,0.0,2749.0,0,9,39.2142597308112,194.55555555555554,100-200,30%-40%
Frozen Bottle,2026-07-30,WK 31,JP Nagar,Swiggy,Late Night,COCO,KA,1253.01,464.99,0.0,1658.0,0,3,28.045235223160436,417.67,400-500,20%-30%
Frozen Bottle,2026-07-30,WK 31,JP Nagar,Swiggy,Lunch,COCO,KA,804.0,480.0,0.0,1264.0,0,3,37.9746835443038,268.0,200-300,30%-40%
Frozen Bottle,2026-07-30,WK 31,JP Nagar,Swiggy,Snacks,COCO,KA,924.2,405.8,0.0,1290.0,0,4,31.45736434108527,231.05,200-300,30%-40%
Frozen Bottle,2026-07-30,WK 31,JP Nagar,Zomato,Dinner,COCO,KA,2047.6999999999998,1626.31,102.42,3554.01,0,6,45.759859989139024,341.2833333333333,300-400,40%-50%
Frozen Bottle,2026-07-30,WK 31,JP Nagar,Zomato,Lunch,COCO,KA,985.0,907.0,49.28,1832.0,0,3,49.50873362445415,328.3333333333333,300-400,40%-50%
Frozen Bottle,2026-07-30,WK 31,JP Nagar,Zomato,Snacks,COCO,KA,980.0,171.0,49.019999999999996,1111.0,0,2,15.391539153915392,490.0,400-500,10%-20%
Frozen Bottle,2026-07-30,WK 31,Jalna,Zomato,Dinner,FOFO,MH,183.33,0.0,9.16,173.33,0,1,0.0,183.33,100-200,0%
Frozen Bottle,2026-07-30,WK 31,Jalna,Zomato,Snacks,FOFO,MH,321.0,80.0,16.06,381.0,0,1,20.99737532808399,321.0,300-400,20%-30%
Frozen Bottle,2026-07-30,WK 31,Jamshedpur,In Store,Dinner,FOFO,ROI,951.0,400.0,47.58,1351.0,0,4,29.607698001480387,237.75,200-300,20%-30%
Frozen Bottle,2026-07-30,WK 31,Jamshedpur,In Store,Lunch,FOFO,ROI,139.0,0.0,6.96,139.0,0,1,0.0,139.0,100-200,0%
Frozen Bottle,2026-07-30,WK 31,Jamshedpur,In Store,Snacks,FOFO,ROI,386.05,200.0,19.32,586.05,0,3,34.12678099138299,128.68333333333334,100-200,30%-40%
Frozen Bottle,2026-07-30,WK 31,Jamshedpur,Zomato,Dinner,FOFO,ROI,683.0,75.0,34.16,728.0,0,2,10.302197802197801,341.5,300-400,10%-20%
Frozen Bottle,2026-07-30,WK 31,Jamshedpur,Zomato,Snacks,FOFO,ROI,171.0,69.0,8.56,230.0,0,1,30.0,171.0,100-200,20%-30%
Frozen Bottle,2026-07-30,WK 31,Jim Corbett,In Store,Dinner,FOFO,ROI,3416.0,0.0,170.8,3416.0,0,2,0.0,1708.0,>900,0%
Frozen Bottle,2026-07-30,WK 31,Jim Corbett,In Store,Lunch,FOFO,ROI,338.0,0.0,16.9,338.0,0,1,0.0,338.0,300-400,0%
Frozen Bottle,2026-07-30,WK 31,Jim Corbett,Zomato,Dinner,FOFO,ROI,829.0,150.0,41.46,949.0,0,1,15.806111696522656,829.0,600-900,10%-20%
Frozen Bottle,2026-07-30,WK 31,Jubilee Hills,In Store,Dinner,FOFO,AP & TL,1382.0,0.0,69.16,1382.0,0,7,0.0,197.42857142857142,100-200,0%
Frozen Bottle,2026-07-30,WK 31,Jubilee Hills,In Store,Lunch,FOFO,AP & TL,137.0,0.0,6.86,137.0,0,2,0.0,68.5,0-100,0%
Frozen Bottle,2026-07-30,WK 31,Jubilee Hills,In Store,Snacks,FOFO,AP & TL,205.0,0.0,10.26,205.0,0,3,0.0,68.33333333333333,0-100,0%
Frozen Bottle,2026-07-30,WK 31,Jubilee Hills,Swiggy,Dinner,FOFO,AP & TL,780.0,0.0,0.0,750.0,0,2,0.0,390.0,300-400,0%
Frozen Bottle,2026-07-30,WK 31,Jubilee Hills,Swiggy,Lunch,FOFO,AP & TL,269.0,0.0,0.0,259.0,0,1,0.0,269.0,200-300,0%
Frozen Bottle,2026-07-30,WK 31,Jubilee Hills,Swiggy,Snacks,FOFO,AP & TL,741.0,0.0,0.0,721.0,0,1,0.0,741.0,600-900,0%
Frozen Bottle,2026-07-30,WK 31,Jubilee Hills,Zomato,Dinner,FOFO,AP & TL,1748.0,0.0,87.42,1688.0,0,5,0.0,349.6,300-400,0%
Frozen Bottle,2026-07-30,WK 31,Jubilee Hills,Zomato,Snacks,FOFO,AP & TL,775.0,125.0,38.76,870.0,0,1,14.367816091954023,775.0,600-900,10%-20%
Frozen Bottle,2026-07-30,WK 31,Kadubisanahalli - CF CK,Swiggy,Dinner,COCO,KA,1072.0,749.0,0.0,1761.0,0,4,42.532651902328226,268.0,200-300,40%-50%
Frozen Bottle,2026-07-30,WK 31,Kadubisanahalli - CF CK,Swiggy,Late Night,COCO,KA,376.0,394.0,0.0,740.0,0,2,53.24324324324324,188.0,100-200,50%-60%
Frozen Bottle,2026-07-30,WK 31,Kadubisanahalli - CF CK,Swiggy,Snacks,COCO,KA,427.0,313.0,0.0,740.0,0,1,42.2972972972973,427.0,400-500,40%-50%
Frozen Bottle,2026-07-30,WK 31,Kadubisanahalli - CF CK,Zomato,Dinner,COCO,KA,407.0,473.0,20.36,860.0,0,1,55.00000000000001,407.0,400-500,50%-60%
Frozen Bottle,2026-07-30,WK 31,Kadubisanahalli - CF CK,Zomato,Late Night,COCO,KA,1096.5,1022.5,54.84,2049.0,0,3,49.90239141044412,365.5,300-400,40%-50%
Frozen Bottle,2026-07-30,WK 31,Kadubisanahalli - CF CK,Zomato,Snacks,COCO,KA,995.0,735.0,49.760000000000005,1670.0,0,3,44.01197604790419,331.6666666666667,300-400,40%-50%
Frozen Bottle,2026-07-30,WK 31,Kakkanad,In Store,Closing,COCO,Kerela,88.0,0.0,4.4,88.0,0,1,0.0,88.0,0-100,0%
Frozen Bottle,2026-07-30,WK 31,Kakkanad,In Store,Dinner,COCO,Kerela,39.0,0.0,1.96,39.0,0,1,0.0,39.0,0-100,0%
Frozen Bottle,2026-07-30,WK 31,Kakkanad,In Store,Late Night,COCO,Kerela,127.0,0.0,6.36,127.0,0,1,0.0,127.0,100-200,0%
Frozen Bottle,2026-07-30,WK 31,Kakkanad,In Store,Snacks,COCO,Kerela,278.0,0.0,13.9,278.0,0,1,0.0,278.0,200-300,0%
Frozen Bottle,2026-07-30,WK 31,Kakkanad,Swiggy,Closing,COCO,Kerela,198.0,211.0,0.0,409.0,0,1,51.58924205378973,198.0,100-200,50%-60%
Frozen Bottle,2026-07-30,WK 31,Kakkanad,Swiggy,Dinner,COCO,Kerela,3003.12,2458.88,0.0,5282.0,0,15,46.55206361226808,200.208,200-300,40%-50%
Frozen Bottle,2026-07-30,WK 31,Kakkanad,Swiggy,Late Night,COCO,Kerela,2832.0,1482.0,0.0,4184.0,0,8,35.4206500956023,354.0,300-400,30%-40%
Frozen Bottle,2026-07-30,WK 31,Kakkanad,Swiggy,Lunch,COCO,Kerela,2381.0,1063.0,0.0,3344.0,0,10,31.78827751196172,238.1,200-300,30%-40%
Frozen Bottle,2026-07-30,WK 31,Kakkanad,Swiggy,Snacks,COCO,Kerela,1202.0,667.0,0.0,1809.0,0,4,36.87119955776672,300.5,300-400,30%-40%
Frozen Bottle,2026-07-30,WK 31,Kakkanad,Zomato,Dinner,COCO,Kerela,1636.6,1703.4,81.86,3240.0,0,7,52.574074074074076,233.79999999999998,200-300,50%-60%
Frozen Bottle,2026-07-30,WK 31,Kakkanad,Zomato,Late Night,COCO,Kerela,320.0,300.0,16.0,600.0,0,1,50.0,320.0,300-400,40%-50%
Frozen Bottle,2026-07-30,WK 31,Kakkanad,Zomato,Lunch,COCO,Kerela,1226.0,906.0,61.32,2052.0,0,4,44.15204678362573,306.5,300-400,40%-50%
Frozen Bottle,2026-07-30,WK 31,Kakkanad,Zomato,Snacks,COCO,Kerela,967.0,774.0,48.36,1681.0,0,4,46.04402141582391,241.75,200-300,40%-50%
Frozen Bottle,2026-07-30,WK 31,Kakkanad-2,In Store,Dinner,FOFO,Kerela,2100.0,0.0,105.03999999999999,2100.0,0,6,0.0,350.0,300-400,0%
Frozen Bottle,2026-07-30,WK 31,Kakkanad-2,In Store,Lunch,FOFO,Kerela,249.0,0.0,12.46,249.0,0,1,0.0,249.0,200-300,0%
Frozen Bottle,2026-07-30,WK 31,Kakkanad-2,In Store,Snacks,FOFO,Kerela,209.0,0.0,10.46,209.0,0,1,0.0,209.0,200-300,0%
Frozen Bottle,2026-07-30,WK 31,Kakkanad-2,Swiggy,Dinner,FOFO,Kerela,1117.0,30.0,0.0,1117.0,0,2,2.685765443151298,558.5,500-600,1%-10%
Frozen Bottle,2026-07-30,WK 31,Kakkanad-2,Swiggy,Lunch,FOFO,Kerela,331.0,0.0,0.0,321.0,0,1,0.0,331.0,300-400,0%
Frozen Bottle,2026-07-30,WK 31,Kakkanad-2,Swiggy,Snacks,FOFO,Kerela,540.0,0.0,0.0,520.0,0,1,0.0,540.0,500-600,0%
Frozen Bottle,2026-07-30,WK 31,Kalyan,In Store,Dinner,COCO,MH,2094.37,612.6800000000001,104.76,2707.05,0,7,22.632755213239506,299.19571428571425,200-300,20%-30%
Frozen Bottle,2026-07-30,WK 31,Kalyan,In Store,Lunch,COCO,MH,249.86,325.6,12.5,575.46,0,2,56.5808222986828,124.93,100-200,50%-60%
Frozen Bottle,2026-07-30,WK 31,Kalyan,In Store,Snacks,COCO,MH,1192.48,515.98,59.64,1708.46,0,5,30.201467988714985,238.496,200-300,30%-40%
Frozen Bottle,2026-07-30,WK 31,Kalyan,Swiggy,Dinner,COCO,MH,2480.02,888.31,0.0,3258.33,0,7,27.262738887712416,354.2885714285714,300-400,20%-30%
Frozen Bottle,2026-07-30,WK 31,Kalyan,Swiggy,Late Night,COCO,MH,547.0,424.0,0.0,961.0,0,2,44.1207075962539,273.5,200-300,40%-50%
Frozen Bottle,2026-07-30,WK 31,Kalyan,Swiggy,Lunch,COCO,MH,308.0,273.0,0.0,561.0,0,2,48.663101604278076,154.0,100-200,40%-50%
Frozen Bottle,2026-07-30,WK 31,Kalyan,Swiggy,Snacks,COCO,MH,1016.6800000000001,850.3199999999999,0.0,1797.0,0,6,47.31886477462437,169.4466666666667,100-200,40%-50%
Frozen Bottle,2026-07-30,WK 31,Kalyan,Zomato,Dinner,COCO,MH,3989.0,3163.0,199.5,6902.0,0,14,45.827296435815704,284.92857142857144,200-300,40%-50%
Frozen Bottle,2026-07-30,WK 31,Kalyan,Zomato,Late Night,COCO,MH,455.0,425.0,22.78,850.0,0,3,50.0,151.66666666666666,100-200,40%-50%
Frozen Bottle,2026-07-30,WK 31,Kalyan,Zomato,Lunch,COCO,MH,370.0,270.0,18.5,620.0,0,2,43.54838709677419,185.0,100-200,40%-50%
Frozen Bottle,2026-07-30,WK 31,Kalyan,Zomato,Snacks,COCO,MH,1808.5,1337.5,90.46000000000001,3026.0,0,6,44.200264375413084,301.4166666666667,300-400,40%-50%
Frozen Bottle,2026-07-30,WK 31,Kammanhalli,In Store,Dinner,COCO,KA,3250.63,0.0,162.62,3250.63,0,14,0.0,232.18785714285715,200-300,0%
Frozen Bottle,2026-07-30,WK 31,Kammanhalli,In Store,Late Night,COCO,KA,480.28,0.0,24.04,480.28,0,3,0.0,160.09333333333333,100-200,0%
Frozen Bottle,2026-07-30,WK 31,Kammanhalli,In Store,Lunch,COCO,KA,397.0,0.0,19.86,397.0,0,2,0.0,198.5,100-200,0%
Frozen Bottle,2026-07-30,WK 31,Kammanhalli,In Store,Snacks,COCO,KA,1169.69,0.0,58.52,1169.69,0,7,0.0,167.09857142857143,100-200,0%
Frozen Bottle,2026-07-30,WK 31,Kammanhalli,Ownly,Dinner,COCO,KA,328.0,0.0,16.42,328.0,0,2,0.0,164.0,100-200,0%
Frozen Bottle,2026-07-30,WK 31,Kammanhalli,Swiggy,Dinner,COCO,KA,5281.18,2486.15,0.0,7427.33,0,20,33.47299769903855,264.059,200-300,30%-40%
Frozen Bottle,2026-07-30,WK 31,Kammanhalli,Swiggy,Late Night,COCO,KA,3259.34,2374.02,0.0,5413.36,0,13,43.85483322742253,250.71846153846155,200-300,40%-50%
Frozen Bottle,2026-07-30,WK 31,Kammanhalli,Swiggy,Lunch,COCO,KA,453.0,363.0,0.0,786.0,0,3,46.18320610687023,151.0,100-200,40%-50%
Frozen Bottle,2026-07-30,WK 31,Kammanhalli,Swiggy,Snacks,COCO,KA,2905.2,1744.13,0.0,4499.33,0,10,38.764216005494156,290.52,200-300,30%-40%
Frozen Bottle,2026-07-30,WK 31,Kammanhalli,Zomato,Dinner,COCO,KA,2002.7,1703.3,100.16,3566.0,0,8,47.76500280426248,250.3375,200-300,40%-50%
Frozen Bottle,2026-07-30,WK 31,Kammanhalli,Zomato,Late Night,COCO,KA,1617.87,766.98,80.92,2294.85,0,7,33.421792274004844,231.1242857142857,200-300,30%-40%
Frozen Bottle,2026-07-30,WK 31,Kammanhalli,Zomato,Lunch,COCO,KA,341.0,320.0,17.06,641.0,0,1,49.921996879875195,341.0,300-400,40%-50%
Frozen Bottle,2026-07-30,WK 31,Kammanhalli,Zomato,Snacks,COCO,KA,1436.1,1372.9,71.82,2699.0,0,4,50.86698777324935,359.025,300-400,50%-60%
Frozen Bottle,2026-07-30,WK 31,Kamothe,In Store,Dinner,COCO,MH,944.0799999999999,381.92,47.24,1326.0,0,6,28.80241327300151,157.34666666666666,100-200,20%-30%
Frozen Bottle,2026-07-30,WK 31,Kamothe,In Store,Snacks,COCO,MH,123.38,114.62,6.16,238.0,0,1,48.15966386554622,123.38,100-200,40%-50%
Frozen Bottle,2026-07-30,WK 31,Kamothe,Swiggy,Dinner,COCO,MH,228.0,112.0,0.0,330.0,0,1,33.939393939393945,228.0,200-300,30%-40%
Frozen Bottle,2026-07-30,WK 31,Kamothe,Swiggy,Late Night,COCO,MH,2439.2799999999997,692.72,0.0,3032.0,0,3,22.846965699208443,813.0933333333332,600-900,20%-30%
Frozen Bottle,2026-07-30,WK 31,Kamothe,Swiggy,Lunch,COCO,MH,457.0,374.0,0.0,821.0,0,2,45.55420219244824,228.5,200-300,40%-50%
Frozen Bottle,2026-07-30,WK 31,Kamothe,Swiggy,Snacks,COCO,MH,158.0,180.0,0.0,318.0,0,1,56.60377358490566,158.0,100-200,50%-60%
Frozen Bottle,2026-07-30,WK 31,Kamothe,Zomato,Dinner,COCO,MH,955.0,725.0,47.76,1630.0,0,3,44.47852760736196,318.3333333333333,300-400,40%-50%
Frozen Bottle,2026-07-30,WK 31,Kamothe,Zomato,Lunch,COCO,MH,155.0,145.0,7.76,290.0,0,1,50.0,155.0,100-200,40%-50%
Frozen Bottle,2026-07-30,WK 31,Kamothe,Zomato,Snacks,COCO,MH,175.0,165.0,8.76,330.0,0,1,50.0,175.0,100-200,40%-50%
Frozen Bottle,2026-07-30,WK 31,Kanakapura,In Store,Dinner,COCO,KA,1094.83,191.31,54.78,1286.1399999999999,0,9,14.874741474489559,121.64777777777778,100-200,10%-20%
Frozen Bottle,2026-07-30,WK 31,Kanakapura,In Store,Late Night,COCO,KA,468.72,157.28,23.46,626.0,0,3,25.124600638977633,156.24,100-200,20%-30%
Frozen Bottle,2026-07-30,WK 31,Kanakapura,In Store,Lunch,COCO,KA,358.0,0.0,17.92,358.0,0,2,0.0,179.0,100-200,0%
Frozen Bottle,2026-07-30,WK 31,Kanakapura,Swiggy,Dinner,COCO,KA,1148.0,1013.0,0.0,2091.0,0,6,48.44571975131516,191.33333333333334,100-200,40%-50%
Frozen Bottle,2026-07-30,WK 31,Kanakapura,Swiggy,Late Night,COCO,KA,804.56,542.44,0.0,1327.0,0,3,40.87716654107009,268.18666666666667,200-300,40%-50%
Frozen Bottle,2026-07-30,WK 31,Kanakapura,Swiggy,Lunch,COCO,KA,1236.56,889.44,0.0,2036.0,0,6,43.685658153241654,206.09333333333333,200-300,40%-50%
Frozen Bottle,2026-07-30,WK 31,Kanakapura,Swiggy,Snacks,COCO,KA,783.0,543.0,0.0,1266.0,0,3,42.89099526066351,261.0,200-300,40%-50%
Frozen Bottle,2026-07-30,WK 31,Kanakapura,Zomato,Dinner,COCO,KA,1602.9,1536.1,80.16,3029.0,0,7,50.713106635853414,228.9857142857143,200-300,50%-60%
Frozen Bottle,2026-07-30,WK 31,Kanakapura,Zomato,Late Night,COCO,KA,1331.96,661.37,66.62,1923.33,0,4,34.386714708344385,332.99,300-400,30%-40%
Frozen Bottle,2026-07-30,WK 31,Kanakapura,Zomato,Lunch,COCO,KA,190.82,89.18,9.54,270.0,0,1,33.02962962962963,190.82,100-200,30%-40%
Frozen Bottle,2026-07-30,WK 31,Kanakapura,Zomato,Snacks,COCO,KA,1426.1,1296.9,71.34,2633.0,0,4,49.25560197493354,356.525,300-400,40%-50%
Frozen Bottle,2026-07-30,WK 31,Kancheepuram,In Store,Dinner,FOFO,TN,13035.73,11540.0,652.04,24575.73,0,54,46.95689609220153,241.4024074074074,200-300,40%-50%
Frozen Bottle,2026-07-30,WK 31,Kancheepuram,In Store,Lunch,FOFO,TN,6510.25,5960.0,325.7,12470.25,0,29,47.79374912291253,224.49137931034483,200-300,40%-50%
Frozen Bottle,2026-07-30,WK 31,Kancheepuram,In Store,Snacks,FOFO,TN,7585.02,6455.88,379.46,14040.9,0,43,45.97910390359593,176.39581395348839,100-200,40%-50%
Frozen Bottle,2026-07-30,WK 31,Kanuru,In Store,Dinner,FOFO,AP & TL,527.0,0.0,26.36,527.0,0,2,0.0,263.5,200-300,0%
Frozen Bottle,2026-07-30,WK 31,Kanuru,Swiggy,Closing,FOFO,AP & TL,330.0,0.0,0.0,320.0,0,1,0.0,330.0,300-400,0%
Frozen Bottle,2026-07-30,WK 31,Kanuru,Swiggy,Dinner,FOFO,AP & TL,649.0,0.0,0.0,629.0,0,2,0.0,324.5,300-400,0%
Frozen Bottle,2026-07-30,WK 31,Kanuru,Swiggy,Lunch,FOFO,AP & TL,340.0,0.0,0.0,330.0,0,1,0.0,340.0,300-400,0%
Frozen Bottle,2026-07-30,WK 31,Kanuru,Swiggy,Snacks,FOFO,AP & TL,577.0,163.0,0.0,730.0,0,3,22.328767123287673,192.33333333333334,100-200,20%-30%
Frozen Bottle,2026-07-30,WK 31,Kanuru,Zomato,Dinner,FOFO,AP & TL,3025.0,100.01,151.24,3005.01,0,6,3.3281087250957566,504.1666666666667,500-600,1%-10%
Frozen Bottle,2026-07-30,WK 31,Karaikal,In Store,Dinner,FOFO,TN,4394.23,0.0,219.76,4394.23,0,10,0.0,439.42299999999994,400-500,0%
Frozen Bottle,2026-07-30,WK 31,Karaikal,In Store,Lunch,FOFO,TN,985.0,0.0,49.24,985.0,0,2,0.0,492.5,400-500,0%
Frozen Bottle,2026-07-30,WK 31,Karaikal,In Store,Snacks,FOFO,TN,2619.0,0.0,130.98,2619.0,0,8,0.0,327.375,300-400,0%
Frozen Bottle,2026-07-30,WK 31,Karaikal,Swiggy,Dinner,FOFO,TN,1239.0,0.0,0.0,1199.0,0,2,0.0,619.5,600-900,0%
Frozen Bottle,2026-07-30,WK 31,Karaikal,Zomato,Dinner,FOFO,TN,1251.0,0.0,62.58,1201.0,0,2,0.0,625.5,600-900,0%
Frozen Bottle,2026-07-30,WK 31,Karaikal,Zomato,Snacks,FOFO,TN,641.0,0.0,32.06,621.0,0,1,0.0,641.0,600-900,0%
Frozen Bottle,2026-07-30,WK 31,Kazhakkoottam,In Store,Dinner,FOFO,Kerela,3467.05,0.0,173.4,3467.05,0,8,0.0,433.38125,400-500,0%
Frozen Bottle,2026-07-30,WK 31,Kazhakkoottam,In Store,Late Night,FOFO,Kerela,239.0,0.0,11.96,239.0,0,1,0.0,239.0,200-300,0%
Frozen Bottle,2026-07-30,WK 31,Kazhakkoottam,In Store,Snacks,FOFO,Kerela,716.0,0.0,35.82,716.0,0,2,0.0,358.0,300-400,0%
Frozen Bottle,2026-07-30,WK 31,Kazhakkoottam,Swiggy,Dinner,FOFO,Kerela,930.0,0.0,0.0,900.0,0,3,0.0,310.0,300-400,0%
Frozen Bottle,2026-07-30,WK 31,Kazhakkoottam,Swiggy,Lunch,FOFO,Kerela,210.0,0.0,0.0,200.0,0,1,0.0,210.0,200-300,0%
Frozen Bottle,2026-07-30,WK 31,Kazhakkoottam,Swiggy,Snacks,FOFO,Kerela,600.0,0.0,0.0,580.0,0,1,0.0,600.0,500-600,0%
Frozen Bottle,2026-07-30,WK 31,Kazhakkoottam,Zomato,Dinner,FOFO,Kerela,756.0,155.0,37.8,871.0,0,3,17.795637198622273,252.0,200-300,10%-20%
Frozen Bottle,2026-07-30,WK 31,Kazhakkoottam,Zomato,Lunch,FOFO,Kerela,258.0,160.0,12.92,398.0,0,2,40.20100502512563,129.0,100-200,40%-50%
Frozen Bottle,2026-07-30,WK 31,Kazhakkoottam,Zomato,Snacks,FOFO,Kerela,160.0,80.0,8.0,230.0,0,1,34.78260869565217,160.0,100-200,30%-40%
Frozen Bottle,2026-07-30,WK 31,Kempfort,In Store,Dinner,COCO,KA,1965.46,0.0,98.34,1965.46,0,11,0.0,178.67818181818183,100-200,0%
Frozen Bottle,2026-07-30,WK 31,Kempfort,In Store,Late Night,COCO,KA,224.23,0.0,11.22,224.23,0,1,0.0,224.23,200-300,0%
Frozen Bottle,2026-07-30,WK 31,Kempfort,In Store,Lunch,COCO,KA,88.05,0.0,4.42,88.05,0,2,0.0,44.025,0-100,0%
Frozen Bottle,2026-07-30,WK 31,Kempfort,In Store,Snacks,COCO,KA,1022.51,0.0,51.16,1022.51,0,6,0.0,170.41833333333332,100-200,0%
Frozen Bottle,2026-07-30,WK 31,Kempfort,Ownly,Dinner,COCO,KA,337.0,0.0,16.86,337.0,0,1,0.0,337.0,300-400,0%
Frozen Bottle,2026-07-30,WK 31,Kempfort,Swiggy,Dinner,COCO,KA,3730.09,2289.75,0.0,5779.84,0,18,39.61614854390433,207.22722222222222,200-300,30%-40%
Frozen Bottle,2026-07-30,WK 31,Kempfort,Swiggy,Late Night,COCO,KA,2208.52,1561.81,0.0,3620.33,0,12,43.139990000911524,184.04333333333332,100-200,40%-50%
Frozen Bottle,2026-07-30,WK 31,Kempfort,Swiggy,Lunch,COCO,KA,566.56,232.44,0.0,769.0,0,3,30.226267880364112,188.85333333333332,100-200,30%-40%
Frozen Bottle,2026-07-30,WK 31,Kempfort,Swiggy,Snacks,COCO,KA,90.0,109.0,0.0,199.0,0,1,54.773869346733676,90.0,0-100,50%-60%
Frozen Bottle,2026-07-30,WK 31,Kempfort,Zomato,Dinner,COCO,KA,1960.2,1781.8,98.08000000000001,3612.0,0,6,49.330011074197124,326.7,300-400,40%-50%
Frozen Bottle,2026-07-30,WK 31,Kempfort,Zomato,Late Night,COCO,KA,798.3,327.7,39.94,1076.0,0,3,30.455390334572492,266.09999999999997,200-300,30%-40%
Frozen Bottle,2026-07-30,WK 31,Kempfort,Zomato,Lunch,COCO,KA,88.01,90.99,4.4,169.0,0,1,53.84023668639053,88.01,0-100,50%-60%
Frozen Bottle,2026-07-30,WK 31,Kempfort,Zomato,Snacks,COCO,KA,206.0,135.0,10.3,331.0,0,1,40.78549848942598,206.0,200-300,40%-50%
Frozen Bottle,2026-07-30,WK 31,Kengeri,In Store,Dinner,FOFO,KA,337.0,0.0,16.880000000000003,337.0,0,3,0.0,112.33333333333333,100-200,0%
Frozen Bottle,2026-07-30,WK 31,Kengeri,In Store,Lunch,FOFO,KA,264.23,0.0,13.22,264.23,0,1,0.0,264.23,200-300,0%
Frozen Bottle,2026-07-30,WK 31,Kengeri,Swiggy,Snacks,FOFO,KA,321.0,278.0,0.0,599.0,0,2,46.410684474123535,160.5,100-200,40%-50%
Frozen Bottle,2026-07-30,WK 31,Kengeri,Zomato,Dinner,FOFO,KA,550.0,150.0,27.5,670.0,0,2,22.388059701492537,275.0,200-300,20%-30%
Frozen Bottle,2026-07-30,WK 31,Kengeri,Zomato,Late Night,FOFO,KA,1147.0,150.0,57.379999999999995,1247.0,0,2,12.028869286287089,573.5,500-600,10%-20%
Frozen Bottle,2026-07-30,WK 31,Kengeri,Zomato,Lunch,FOFO,KA,149.3,59.7,7.46,199.0,0,1,30.0,149.3,100-200,20%-30%
Frozen Bottle,2026-07-30,WK 31,Khar,Swiggy,Closing,COCO,MH,109.0,121.0,0.0,230.0,0,1,52.60869565217391,109.0,100-200,50%-60%
Frozen Bottle,2026-07-30,WK 31,Khar,Swiggy,Dinner,COCO,MH,1287.4,1058.6,0.0,2256.0,0,8,46.923758865248224,160.925,100-200,40%-50%
Frozen Bottle,2026-07-30,WK 31,Khar,Swiggy,Late Night,COCO,MH,2568.75,1288.92,0.0,3697.67,0,8,34.85762655942797,321.09375,300-400,30%-40%
Frozen Bottle,2026-07-30,WK 31,Khar,Swiggy,Lunch,COCO,MH,2130.2,1054.8,0.0,3065.0,0,5,34.41435562805872,426.03999999999996,400-500,30%-40%
Frozen Bottle,2026-07-30,WK 31,Khar,Swiggy,Snacks,COCO,MH,226.56,191.44,0.0,398.0,0,2,48.10050251256281,113.28,100-200,40%-50%
Frozen Bottle,2026-07-30,WK 31,Khar,Zomato,Dinner,COCO,MH,4562.1,3043.9,228.16000000000003,7396.0,0,10,41.156030286641425,456.21000000000004,400-500,40%-50%
Frozen Bottle,2026-07-30,WK 31,Khar,Zomato,Lunch,COCO,MH,2709.0,2639.0,135.46,5278.0,0,3,50.0,903.0,>900,40%-50%
Frozen Bottle,2026-07-30,WK 31,Khar,Zomato,Snacks,COCO,MH,1117.7,967.3,55.92,2015.0,0,3,48.00496277915632,372.56666666666666,300-400,40%-50%
Frozen Bottle,2026-07-30,WK 31,Kharghar,Swiggy,Closing,FOFO,MH,468.0,216.0,0.0,644.0,0,1,33.54037267080746,468.0,400-500,30%-40%
Frozen Bottle,2026-07-30,WK 31,Kharghar,Swiggy,Dinner,FOFO,MH,1034.0,493.0,0.0,1477.0,0,3,33.37846987136086,344.6666666666667,300-400,30%-40%
Frozen Bottle,2026-07-30,WK 31,Kharghar,Swiggy,Late Night,FOFO,MH,245.0,64.0,0.0,299.0,0,1,21.40468227424749,245.0,200-300,20%-30%
Frozen Bottle,2026-07-30,WK 31,Kharghar,Swiggy,Snacks,FOFO,MH,248.0,201.0,0.0,429.0,0,1,46.85314685314685,248.0,200-300,40%-50%
Frozen Bottle,2026-07-30,WK 31,Kharghar,Zomato,Closing,FOFO,MH,265.0,75.0,13.26,330.0,0,1,22.727272727272727,265.0,200-300,20%-30%
Frozen Bottle,2026-07-30,WK 31,Kharghar,Zomato,Dinner,FOFO,MH,3380.2,1055.8,169.02,4296.0,0,7,24.57635009310987,482.88571428571424,400-500,20%-30%
Frozen Bottle,2026-07-30,WK 31,Kharghar,Zomato,Late Night,FOFO,MH,758.0,0.0,37.9,738.0,0,1,0.0,758.0,600-900,0%
Frozen Bottle,2026-07-30,WK 31,Kharghar,Zomato,Lunch,FOFO,MH,189.0,100.0,9.46,279.0,0,1,35.842293906810035,189.0,100-200,30%-40%
Frozen Bottle,2026-07-30,WK 31,Kharghar,Zomato,Snacks,FOFO,MH,1091.0,75.0,54.58,1116.0,0,2,6.720430107526881,545.5,500-600,1%-10%
Frozen Bottle,2026-07-30,WK 31,Kolar- Highway Star,In Store,Dinner,COCO,KA,1109.23,0.0,55.48,1109.23,0,3,0.0,369.74333333333334,300-400,0%
Frozen Bottle,2026-07-30,WK 31,Kolar- Highway Star,In Store,Lunch,COCO,KA,1752.0,249.0,87.62,2001.0,0,4,12.443778110944528,438.0,400-500,10%-20%
Frozen Bottle,2026-07-30,WK 31,Kolar- Highway Star,In Store,Snacks,COCO,KA,1225.0,418.0,61.26,1643.0,0,3,25.441265976871573,408.3333333333333,400-500,20%-30%
Frozen Bottle,2026-07-30,WK 31,Kolar- Highway Star,Swiggy,Dinner,COCO,KA,566.0,345.0,0.0,881.0,0,2,39.16004540295119,283.0,200-300,30%-40%
Frozen Bottle,2026-07-30,WK 31,Kolar- Highway Star,Swiggy,Lunch,COCO,KA,396.0,224.0,0.0,600.0,0,2,37.333333333333336,198.0,100-200,30%-40%
Frozen Bottle,2026-07-30,WK 31,Kolar- Highway Star,Swiggy,Snacks,COCO,KA,569.0,183.0,0.0,722.0,0,2,25.346260387811636,284.5,200-300,20%-30%
Frozen Bottle,2026-07-30,WK 31,Kolar- Highway Star,Zomato,Lunch,COCO,KA,300.0,270.0,15.0,550.0,0,1,49.09090909090909,300.0,200-300,40%-50%
Frozen Bottle,2026-07-30,WK 31,Kolar- Highway Star,Zomato,Snacks,COCO,KA,250.0,230.0,12.5,460.0,0,1,50.0,250.0,200-300,40%-50%
Frozen Bottle,2026-07-30,WK 31,Kolathur,Swiggy,Breakfast,COCO,TN,99.0,112.0,0.0,201.0,0,1,55.72139303482587,99.0,0-100,50%-60%
Frozen Bottle,2026-07-30,WK 31,Kolathur,Swiggy,Dinner,COCO,TN,2404.57,1555.43,0.0,3800.0,0,11,40.93236842105264,218.59727272727275,200-300,40%-50%
Frozen Bottle,2026-07-30,WK 31,Kolathur,Swiggy,Late Night,COCO,TN,1071.0,927.0,0.0,1918.0,0,5,48.331595411887385,214.2,200-300,40%-50%
Frozen Bottle,2026-07-30,WK 31,Kolathur,Swiggy,Lunch,COCO,TN,1576.56,984.77,0.0,2471.33,0,6,39.84777427539017,262.76,200-300,30%-40%
Frozen Bottle,2026-07-30,WK 31,Kolathur,Swiggy,Snacks,COCO,TN,1344.0,898.0,0.0,2142.0,0,6,41.9234360410831,224.0,200-300,40%-50%
Frozen Bottle,2026-07-30,WK 31,Kolathur,Zomato,Dinner,COCO,TN,1246.0,1140.0,62.34,2306.0,0,5,49.43625325238508,249.2,200-300,40%-50%
Frozen Bottle,2026-07-30,WK 31,Kolathur,Zomato,Late Night,COCO,TN,931.0,649.0,46.56,1540.0,0,2,42.142857142857146,465.5,400-500,40%-50%
Frozen Bottle,2026-07-30,WK 31,Kolathur,Zomato,Lunch,COCO,TN,556.0,483.0,27.82,1009.0,0,2,47.869177403369676,278.0,200-300,40%-50%
Frozen Bottle,2026-07-30,WK 31,Kolathur,Zomato,Snacks,COCO,TN,601.5,480.5,30.099999999999998,1042.0,0,2,46.11324376199616,300.75,300-400,40%-50%
Frozen Bottle,2026-07-30,WK 31,Kollur,In Store,Dinner,FOFO,AP & TL,2852.0,0.0,142.66,2852.0,0,10,0.0,285.2,200-300,0%
Frozen Bottle,2026-07-30,WK 31,Kollur,In Store,Lunch,FOFO,AP & TL,1342.0,0.0,67.14,1342.0,0,6,0.0,223.66666666666666,200-300,0%
Frozen Bottle,2026-07-30,WK 31,Kollur,In Store,Snacks,FOFO,AP & TL,2125.0,0.0,106.25999999999999,2125.0,0,6,0.0,354.1666666666667,300-400,0%
Frozen Bottle,2026-07-30,WK 31,Kollur,Swiggy,Dinner,FOFO,AP & TL,777.0,0.0,0.0,747.0,0,2,0.0,388.5,300-400,0%
Frozen Bottle,2026-07-30,WK 31,Kollur,Swiggy,Snacks,FOFO,AP & TL,1189.0,0.0,0.0,1149.0,0,1,0.0,1189.0,>900,0%
Frozen Bottle,2026-07-30,WK 31,Kollur,Zomato,Dinner,FOFO,AP & TL,2765.0,350.0,138.24,3005.0,0,5,11.647254575707153,553.0,500-600,10%-20%
Frozen Bottle,2026-07-30,WK 31,Kollur,Zomato,Lunch,FOFO,AP & TL,1113.0,0.0,55.68,1053.0,0,3,0.0,371.0,300-400,0%
Frozen Bottle,2026-07-30,WK 31,Kollur,Zomato,Snacks,FOFO,AP & TL,715.0,175.0,35.74,860.0,0,1,20.348837209302324,715.0,600-900,20%-30%
Frozen Bottle,2026-07-30,WK 31,Kondhwa,In Store,Dinner,FOFO,MH,1084.0,0.0,54.24,1084.0,0,5,0.0,216.8,200-300,0%
Frozen Bottle,2026-07-30,WK 31,Kondhwa,In Store,Lunch,FOFO,MH,736.0,0.0,36.82,736.0,0,3,0.0,245.33333333333334,200-300,0%
Frozen Bottle,2026-07-30,WK 31,Kondhwa,In Store,Snacks,FOFO,MH,1121.0,0.0,56.080000000000005,1121.0,0,6,0.0,186.83333333333334,100-200,0%
Frozen Bottle,2026-07-30,WK 31,Kondhwa,Swiggy,Dinner,FOFO,MH,941.0,0.0,0.0,921.0,0,2,0.0,470.5,400-500,0%
Frozen Bottle,2026-07-30,WK 31,Kondhwa,Zomato,Late Night,FOFO,MH,747.23,67.1,37.36,784.33,0,2,8.555072482245993,373.615,300-400,1%-10%
Frozen Bottle,2026-07-30,WK 31,Kondhwa,Zomato,Snacks,FOFO,MH,334.0,36.0,16.7,360.0,0,1,10.0,334.0,300-400,1%-10%
Frozen Bottle,2026-07-30,WK 31,Koramangala,In Store,Dinner,COCO,KA,2518.75,274.25,126.04,2793.0,0,15,9.819190834228428,167.91666666666666,100-200,1%-10%
Frozen Bottle,2026-07-30,WK 31,Koramangala,In Store,Late Night,COCO,KA,1717.21,0.0,85.9,1717.21,0,5,0.0,343.442,300-400,0%
Frozen Bottle,2026-07-30,WK 31,Koramangala,In Store,Lunch,COCO,KA,1273.41,0.0,63.72,1273.41,0,7,0.0,181.9157142857143,100-200,0%
Frozen Bottle,2026-07-30,WK 31,Koramangala,In Store,Snacks,COCO,KA,1227.75,0.0,61.440000000000005,1227.75,0,6,0.0,204.625,200-300,0%
Frozen Bottle,2026-07-30,WK 31,Koramangala,Ownly,Dinner,COCO,KA,446.0,0.0,22.32,446.0,0,2,0.0,223.0,200-300,0%
Frozen Bottle,2026-07-30,WK 31,Koramangala,Ownly,Lunch,COCO,KA,160.0,0.0,8.0,160.0,0,1,0.0,160.0,100-200,0%
Frozen Bottle,2026-07-30,WK 31,Koramangala,Swiggy,Dinner,COCO,KA,4390.13,3263.7799999999997,0.0,7413.91,0,19,44.02238494937219,231.05947368421053,200-300,40%-50%
Frozen Bottle,2026-07-30,WK 31,Koramangala,Swiggy,Late Night,COCO,KA,2520.12,1702.21,0.0,4072.33,0,11,41.79941213015645,229.10181818181817,200-300,40%-50%
Frozen Bottle,2026-07-30,WK 31,Koramangala,Swiggy,Lunch,COCO,KA,228.0,112.0,0.0,330.0,0,1,33.939393939393945,228.0,200-300,30%-40%
Frozen Bottle,2026-07-30,WK 31,Koramangala,Swiggy,Snacks,COCO,KA,895.0,736.33,0.0,1591.33,0,5,46.271357920732974,179.0,100-200,40%-50%
Frozen Bottle,2026-07-30,WK 31,Koramangala,Zomato,Dinner,COCO,KA,3367.2,2613.8,168.4,5761.0,0,13,45.37059538274605,259.0153846153846,200-300,40%-50%
Frozen Bottle,2026-07-30,WK 31,Koramangala,Zomato,Late Night,COCO,KA,1062.0,715.0,53.14,1707.0,0,5,41.886350322202695,212.4,200-300,40%-50%
Frozen Bottle,2026-07-30,WK 31,Koramangala,Zomato,Snacks,COCO,KA,741.1,675.9,37.08,1367.0,0,3,49.44403803950256,247.03333333333333,200-300,40%-50%
Frozen Bottle,2026-07-30,WK 31,Koregaon Park - Pune,In Store,Dinner,COCO,MH,2023.59,1084.41,101.2,3108.0,0,12,34.890926640926644,168.6325,100-200,30%-40%
Frozen Bottle,2026-07-30,WK 31,Koregaon Park - Pune,In Store,Lunch,COCO,MH,665.5600000000001,586.67,33.28,1252.23,0,4,46.85001956509586,166.39000000000001,100-200,40%-50%
Frozen Bottle,2026-07-30,WK 31,Koregaon Park - Pune,In Store,Snacks,COCO,MH,1851.46,1447.77,92.6,3299.23,0,12,43.88205732852818,154.28833333333333,100-200,40%-50%
Frozen Bottle,2026-07-30,WK 31,Koregaon Park - Pune,Swiggy,Breakfast,COCO,MH,79.0,90.0,0.0,159.0,0,1,56.60377358490566,79.0,0-100,50%-60%
Frozen Bottle,2026-07-30,WK 31,Koregaon Park - Pune,Swiggy,Dinner,COCO,MH,2249.0,345.0,0.0,2514.0,0,4,13.723150357995225,562.25,500-600,10%-20%
Frozen Bottle,2026-07-30,WK 31,Koregaon Park - Pune,Swiggy,Late Night,COCO,MH,1665.2,454.8,0.0,2060.0,0,6,22.07766990291262,277.53333333333336,200-300,20%-30%
Frozen Bottle,2026-07-30,WK 31,Koregaon Park - Pune,Swiggy,Lunch,COCO,MH,367.2,342.8,0.0,680.0,0,2,50.411764705882355,183.6,100-200,50%-60%
Frozen Bottle,2026-07-30,WK 31,Koregaon Park - Pune,Swiggy,Snacks,COCO,MH,178.0,112.0,0.0,280.0,0,1,40.0,178.0,100-200,30%-40%
Frozen Bottle,2026-07-30,WK 31,Koregaon Park - Pune,Zomato,Dinner,COCO,MH,1561.0,1194.0,78.08,2665.0,0,5,44.80300187617261,312.2,300-400,40%-50%
Frozen Bottle,2026-07-30,WK 31,Koregaon Park - Pune,Zomato,Late Night,COCO,MH,833.0,355.0,41.66,1138.0,0,3,31.195079086115996,277.6666666666667,200-300,30%-40%
Frozen Bottle,2026-07-30,WK 31,Koregaon Park - Pune,Zomato,Lunch,COCO,MH,530.0,500.0,26.5,1000.0,0,2,50.0,265.0,200-300,40%-50%
Frozen Bottle,2026-07-30,WK 31,Kothanur,In Store,Dinner,FOFO,KA,1014.0,0.0,50.74,1014.0,0,4,0.0,253.5,200-300,0%
Frozen Bottle,2026-07-30,WK 31,Kothanur,In Store,Lunch,FOFO,KA,177.0,0.0,8.86,177.0,0,2,0.0,88.5,0-100,0%
Frozen Bottle,2026-07-30,WK 31,Kothanur,In Store,Snacks,FOFO,KA,854.0,0.0,42.72,854.0,0,3,0.0,284.6666666666667,200-300,0%
Frozen Bottle,2026-07-30,WK 31,Kothanur,Swiggy,Dinner,FOFO,KA,2579.02,873.98,0.0,3353.0,0,7,26.06561288398449,368.43142857142857,300-400,20%-30%
Frozen Bottle,2026-07-30,WK 31,Kothanur,Swiggy,Snacks,FOFO,KA,805.0,542.0,0.0,1297.0,0,5,41.7887432536623,161.0,100-200,40%-50%
Frozen Bottle,2026-07-30,WK 31,Kothanur,Zomato,Closing,FOFO,KA,379.0,91.0,18.96,460.0,0,1,19.782608695652172,379.0,300-400,10%-20%
Frozen Bottle,2026-07-30,WK 31,Kothanur,Zomato,Dinner,FOFO,KA,1538.0,200.0,76.92,1678.0,0,3,11.918951132300357,512.6666666666666,500-600,10%-20%
Frozen Bottle,2026-07-30,WK 31,Kothanur,Zomato,Late Night,FOFO,KA,910.3,196.7,45.519999999999996,1067.0,0,2,18.434864104967197,455.15,400-500,10%-20%
Frozen Bottle,2026-07-30,WK 31,Kothanur,Zomato,Snacks,FOFO,KA,637.6,301.4,31.900000000000002,899.0,0,2,33.526140155728584,318.8,300-400,30%-40%
Frozen Bottle,2026-07-30,WK 31,Kothrud - Pune,In Store,Dinner,FOFO,MH,249.0,0.0,12.46,249.0,0,1,0.0,249.0,200-300,0%
Frozen Bottle,2026-07-30,WK 31,Kotturpuram,In Store,Dinner,FOFO,TN,2952.0,0.0,147.64,2952.0,0,9,0.0,328.0,300-400,0%
Frozen Bottle,2026-07-30,WK 31,Kotturpuram,In Store,Snacks,FOFO,TN,189.0,0.0,9.46,189.0,0,1,0.0,189.0,100-200,0%
Frozen Bottle,2026-07-30,WK 31,Kotturpuram,Swiggy,Dinner,FOFO,TN,261.0,0.0,0.0,251.0,0,1,0.0,261.0,200-300,0%
Frozen Bottle,2026-07-30,WK 31,Kurnool,In Store,Dinner,FOFO,AP & TL,2904.0,0.0,145.24,2904.0,0,8,0.0,363.0,300-400,0%
Frozen Bottle,2026-07-30,WK 31,Kurnool,In Store,Lunch,FOFO,AP & TL,711.23,0.0,35.58,711.23,0,3,0.0,237.07666666666668,200-300,0%
Frozen Bottle,2026-07-30,WK 31,Kurnool,In Store,Snacks,FOFO,AP & TL,825.0,0.0,41.26,825.0,0,3,0.0,275.0,200-300,0%
Frozen Bottle,2026-07-30,WK 31,Lakshmi Mills,In Store,Dinner,FOFO,TN,1895.5,0.0,94.82000000000001,1895.5,0,8,0.0,236.9375,200-300,0%
Frozen Bottle,2026-07-30,WK 31,Lakshmi Mills,In Store,Lunch,FOFO,TN,416.0,0.0,20.82,416.0,0,2,0.0,208.0,200-300,0%
Frozen Bottle,2026-07-30,WK 31,Lakshmi Mills,In Store,Snacks,FOFO,TN,318.0,0.0,15.9,318.0,0,1,0.0,318.0,300-400,0%
Frozen Bottle,2026-07-30,WK 31,Lakshmi Mills,Swiggy,Dinner,FOFO,TN,580.0,180.0,0.0,720.0,0,1,25.0,580.0,500-600,20%-30%
Frozen Bottle,2026-07-30,WK 31,Lakshmi Mills,Swiggy,Late Night,FOFO,TN,2209.26,292.74,0.0,2412.0,0,5,12.13681592039801,441.85200000000003,400-500,10%-20%
Frozen Bottle,2026-07-30,WK 31,Lakshmi Mills,Swiggy,Lunch,FOFO,TN,464.0,0.0,0.0,444.0,0,1,0.0,464.0,400-500,0%
Frozen Bottle,2026-07-30,WK 31,Lakshmi Mills,Swiggy,Snacks,FOFO,TN,139.0,60.0,0.0,199.0,0,1,30.15075376884422,139.0,100-200,30%-40%
Frozen Bottle,2026-07-30,WK 31,Lakshmi Mills,Zomato,Dinner,FOFO,TN,1225.0,396.0,61.28,1561.0,0,4,25.3683536194747,306.25,300-400,20%-30%
Frozen Bottle,2026-07-30,WK 31,Lakshmi Mills,Zomato,Late Night,FOFO,TN,671.0,219.0,33.58,860.0,0,3,25.465116279069765,223.66666666666666,200-300,20%-30%
Frozen Bottle,2026-07-30,WK 31,Lakshmi Mills,Zomato,Lunch,FOFO,TN,390.0,150.0,19.52,520.0,0,2,28.846153846153843,195.0,100-200,20%-30%
Frozen Bottle,2026-07-30,WK 31,Lakshmi Mills,Zomato,Snacks,FOFO,TN,555.0,75.0,27.759999999999998,610.0,0,2,12.295081967213115,277.5,200-300,10%-20%
Frozen Bottle,2026-07-30,WK 31,Lokhandwala,In Store,Dinner,COCO,MH,855.28,425.72,42.78,1281.0,0,4,33.233411397345826,213.82,200-300,30%-40%
Frozen Bottle,2026-07-30,WK 31,Lokhandwala,In Store,Snacks,COCO,MH,309.18,167.82,15.46,477.0,0,2,35.18238993710692,154.59,100-200,30%-40%
Frozen Bottle,2026-07-30,WK 31,Lokhandwala,Swiggy,Dinner,COCO,MH,2842.4,1404.6,0.0,4107.0,0,10,34.20014609203798,284.24,200-300,30%-40%
Frozen Bottle,2026-07-30,WK 31,Lokhandwala,Swiggy,Late Night,COCO,MH,1660.0,932.3299999999999,0.0,2492.33,0,5,37.40796764473404,332.0,300-400,30%-40%
Frozen Bottle,2026-07-30,WK 31,Lokhandwala,Swiggy,Lunch,COCO,MH,2365.2,1508.8,0.0,3754.0,0,9,40.191795418220565,262.79999999999995,200-300,40%-50%
Frozen Bottle,2026-07-30,WK 31,Lokhandwala,Swiggy,Snacks,COCO,MH,940.8000000000001,897.1999999999999,0.0,1778.0,0,6,50.46119235095613,156.8,100-200,50%-60%
Frozen Bottle,2026-07-30,WK 31,Lokhandwala,Zomato,Closing,COCO,MH,350.0,330.0,17.5,660.0,0,1,50.0,350.0,300-400,40%-50%
Frozen Bottle,2026-07-30,WK 31,Lokhandwala,Zomato,Dinner,COCO,MH,6175.52,5058.8099999999995,308.86,10894.33,0,15,46.43525577066235,411.70133333333337,400-500,40%-50%
Frozen Bottle,2026-07-30,WK 31,Lokhandwala,Zomato,Late Night,COCO,MH,1747.0,766.99,87.4,2433.99,0,5,31.511633162009705,349.4,300-400,30%-40%
Frozen Bottle,2026-07-30,WK 31,Lokhandwala,Zomato,Lunch,COCO,MH,340.0,0.0,17.0,330.0,0,1,0.0,340.0,300-400,0%
Frozen Bottle,2026-07-30,WK 31,Lokhandwala,Zomato,Snacks,COCO,MH,2442.1,1864.9,122.16,4147.0,0,8,44.96985772847842,305.2625,300-400,40%-50%
Frozen Bottle,2026-07-30,WK 31,Madno - HSR Layout,In Store,Breakfast,FOFO,KA,228.0,0.0,11.42,228.0,0,2,0.0,114.0,100-200,0%
Frozen Bottle,2026-07-30,WK 31,Madno - HSR Layout,In Store,Lunch,FOFO,KA,2671.0,0.0,133.6,2671.0,0,10,0.0,267.1,200-300,0%
Frozen Bottle,2026-07-30,WK 31,Madno - HSR Layout,In Store,Snacks,FOFO,KA,3215.0,0.0,160.86,3215.0,0,14,0.0,229.64285714285714,200-300,0%
Frozen Bottle,2026-07-30,WK 31,Madno - Hinjewadi,Swiggy,Snacks,FOFO,MH,170.0,40.0,0.0,200.0,0,1,20.0,170.0,100-200,10%-20%
Frozen Bottle,2026-07-30,WK 31,Madno - Hinjewadi,Zomato,Dinner,FOFO,MH,360.0,340.0,18.0,680.0,0,1,50.0,360.0,300-400,40%-50%
Frozen Bottle,2026-07-30,WK 31,Madno - Hinjewadi,Zomato,Lunch,FOFO,MH,250.0,230.0,12.5,460.0,0,1,50.0,250.0,200-300,40%-50%
Frozen Bottle,2026-07-30,WK 31,Madno - Hinjewadi,Zomato,Snacks,FOFO,MH,319.0,230.0,15.96,529.0,0,1,43.47826086956522,319.0,300-400,40%-50%
Frozen Bottle,2026-07-30,WK 31,Madno - Thane,Swiggy,Dinner,FOFO,MH,3110.0,1605.0,0.0,4605.0,0,8,34.85342019543974,388.75,300-400,30%-40%
Frozen Bottle,2026-07-30,WK 31,Madno - Thane,Zomato,Dinner,FOFO,MH,588.0,200.0,29.42,758.0,0,3,26.385224274406333,196.0,100-200,20%-30%
Frozen Bottle,2026-07-30,WK 31,Madurai Bypass,In Store,Closing,FOFO,TN,333.23,0.0,16.68,333.23,0,2,0.0,166.615,100-200,0%
Frozen Bottle,2026-07-30,WK 31,Madurai Bypass,In Store,Dinner,FOFO,TN,1416.23,0.0,70.82,1416.23,0,5,0.0,283.246,200-300,0%
Frozen Bottle,2026-07-30,WK 31,Madurai Bypass,In Store,Lunch,FOFO,TN,956.0,0.0,47.82,956.0,0,3,0.0,318.6666666666667,300-400,0%
Frozen Bottle,2026-07-30,WK 31,Madurai Bypass,In Store,Snacks,FOFO,TN,2161.0,0.0,108.1,2161.0,0,9,0.0,240.11111111111111,200-300,0%
Frozen Bottle,2026-07-30,WK 31,Madurai Bypass,Swiggy,Closing,FOFO,TN,290.0,50.0,0.0,330.0,0,1,15.151515151515152,290.0,200-300,10%-20%
Frozen Bottle,2026-07-30,WK 31,Madurai Bypass,Swiggy,Dinner,FOFO,TN,3410.0,335.0,0.0,3605.0,0,9,9.29264909847434,378.8888888888889,300-400,1%-10%
Frozen Bottle,2026-07-30,WK 31,Madurai Bypass,Swiggy,Late Night,FOFO,TN,329.0,0.0,0.0,319.0,0,1,0.0,329.0,300-400,0%
Frozen Bottle,2026-07-30,WK 31,Madurai Bypass,Swiggy,Lunch,FOFO,TN,677.8,84.2,0.0,732.0,0,3,11.50273224043716,225.9333333333333,200-300,10%-20%
Frozen Bottle,2026-07-30,WK 31,Madurai Bypass,Swiggy,Snacks,FOFO,TN,541.0,100.0,0.0,621.0,0,2,16.10305958132045,270.5,200-300,10%-20%
Frozen Bottle,2026-07-30,WK 31,Madurai Bypass,Zomato,Dinner,FOFO,TN,4077.0,0.0,203.9,3957.0,0,7,0.0,582.4285714285714,500-600,0%
Frozen Bottle,2026-07-30,WK 31,Madurai Bypass,Zomato,Late Night,FOFO,TN,560.0,0.0,28.0,540.0,0,1,0.0,560.0,500-600,0%
Frozen Bottle,2026-07-30,WK 31,Madurai Bypass,Zomato,Lunch,FOFO,TN,630.0,0.0,31.5,610.0,0,1,0.0,630.0,600-900,0%
Frozen Bottle,2026-07-30,WK 31,Madurai Bypass,Zomato,Snacks,FOFO,TN,1567.0,0.0,78.36,1517.0,0,3,0.0,522.3333333333334,500-600,0%
Frozen Bottle,2026-07-30,WK 31,Malad - CF - CK,Swiggy,Closing,COCO,MH,351.0,0.0,0.0,331.0,0,1,0.0,351.0,300-400,0%
Frozen Bottle,2026-07-30,WK 31,Malad - CF - CK,Swiggy,Dinner,COCO,MH,2316.01,924.3199999999999,0.0,3100.33,0,7,29.813600487690017,330.85857142857145,300-400,20%-30%
Frozen Bottle,2026-07-30,WK 31,Malad - CF - CK,Swiggy,Late Night,COCO,MH,1721.2,946.46,0.0,2547.66,0,5,37.15016917485065,344.24,300-400,30%-40%
Frozen Bottle,2026-07-30,WK 31,Malad - CF - CK,Swiggy,Lunch,COCO,MH,608.2,142.8,0.0,721.0,0,2,19.80582524271845,304.1,300-400,10%-20%
Frozen Bottle,2026-07-30,WK 31,Malad - CF - CK,Swiggy,Snacks,COCO,MH,386.4,394.6,0.0,751.0,0,4,52.543275632490015,96.6,0-100,50%-60%
Frozen Bottle,2026-07-30,WK 31,Malad - CF - CK,Zomato,Closing,COCO,MH,125.0,115.0,6.26,230.0,0,1,50.0,125.0,100-200,40%-50%
Frozen Bottle,2026-07-30,WK 31,Malad - CF - CK,Zomato,Dinner,COCO,MH,2551.23,2226.43,127.63999999999999,4597.66,0,10,48.42528590630886,255.123,200-300,40%-50%
Frozen Bottle,2026-07-30,WK 31,Malad - CF - CK,Zomato,Late Night,COCO,MH,1633.0,828.0,81.7,2391.0,0,6,34.62986198243413,272.1666666666667,200-300,30%-40%
Frozen Bottle,2026-07-30,WK 31,Malad - CF - CK,Zomato,Lunch,COCO,MH,2656.9,2552.1,132.88,5059.0,0,7,50.44672860249061,379.5571428571429,300-400,50%-60%
Frozen Bottle,2026-07-30,WK 31,Malad - CF - CK,Zomato,Snacks,COCO,MH,1856.33,1809.33,92.86,3535.66,0,5,51.17375539503233,371.26599999999996,300-400,50%-60%
Frozen Bottle,2026-07-30,WK 31,Malleswaram,In Store,Dinner,FOFO,KA,358.0,0.0,17.92,358.0,0,2,0.0,179.0,100-200,0%
Frozen Bottle,2026-07-30,WK 31,Malleswaram,In Store,Late Night,FOFO,KA,537.0,0.0,26.86,537.0,0,2,0.0,268.5,200-300,0%
Frozen Bottle,2026-07-30,WK 31,Malleswaram,In Store,Lunch,FOFO,KA,392.0,0.0,19.62,392.0,0,4,0.0,98.0,0-100,0%
Frozen Bottle,2026-07-30,WK 31,Malleswaram,In Store,Snacks,FOFO,KA,535.0,0.0,26.759999999999998,535.0,0,3,0.0,178.33333333333334,100-200,0%
Frozen Bottle,2026-07-30,WK 31,Malleswaram,Swiggy,Dinner,FOFO,KA,1290.0,200.0,0.0,1450.0,0,4,13.793103448275861,322.5,300-400,10%-20%
Frozen Bottle,2026-07-30,WK 31,Malleswaram,Swiggy,Late Night,FOFO,KA,159.0,152.0,0.0,311.0,0,1,48.87459807073955,159.0,100-200,40%-50%
Frozen Bottle,2026-07-30,WK 31,Malleswaram,Swiggy,Lunch,FOFO,KA,370.0,0.0,0.0,360.0,0,1,0.0,370.0,300-400,0%
Frozen Bottle,2026-07-30,WK 31,Malleswaram,Swiggy,Snacks,FOFO,KA,531.01,149.99,0.0,661.0,0,1,22.691376701966718,531.01,500-600,20%-30%
Frozen Bottle,2026-07-30,WK 31,Malleswaram,Zomato,Closing,FOFO,KA,702.7,168.29,35.14,840.99,0,1,20.0109394879844,702.7,600-900,20%-30%
Frozen Bottle,2026-07-30,WK 31,Malleswaram,Zomato,Dinner,FOFO,KA,521.0,160.0,26.060000000000002,661.0,0,2,24.205748865355524,260.5,200-300,20%-30%
Frozen Bottle,2026-07-30,WK 31,Malleswaram,Zomato,Late Night,FOFO,KA,701.0,318.0,35.06,979.0,0,3,32.48212461695608,233.66666666666666,200-300,30%-40%
Frozen Bottle,2026-07-30,WK 31,Malleswaram,Zomato,Lunch,FOFO,KA,221.0,120.0,11.06,331.0,0,1,36.25377643504532,221.0,200-300,30%-40%
Frozen Bottle,2026-07-30,WK 31,Malleswaram,Zomato,Snacks,FOFO,KA,359.0,220.0,17.96,559.0,0,2,39.35599284436494,179.5,100-200,30%-40%
Frozen Bottle,2026-07-30,WK 31,Mangalore,Swiggy,Dinner,FOFO,KA,459.01,99.99,0.0,539.0,0,1,18.551020408163264,459.01,400-500,10%-20%
Frozen Bottle,2026-07-30,WK 31,Mangalore,Swiggy,Late Night,FOFO,KA,2111.0,400.0,0.0,2431.0,0,5,16.454134101192924,422.2,400-500,10%-20%
Frozen Bottle,2026-07-30,WK 31,Mangalore,Zomato,Dinner,FOFO,KA,1151.0,0.0,57.56,1111.0,0,2,0.0,575.5,500-600,0%
Frozen Bottle,2026-07-30,WK 31,Mangalore,Zomato,Late Night,FOFO,KA,838.0,200.0,41.92,998.0,0,4,20.04008016032064,209.5,200-300,20%-30%
Frozen Bottle,2026-07-30,WK 31,Mangalore,Zomato,Snacks,FOFO,KA,449.0,50.0,22.46,479.0,0,1,10.438413361169102,449.0,400-500,10%-20%
Frozen Bottle,2026-07-30,WK 31,Manikonda,In Store,Dinner,FOFO,AP & TL,727.0,0.0,36.38,727.0,0,3,0.0,242.33333333333334,200-300,0%
Frozen Bottle,2026-07-30,WK 31,Manikonda,In Store,Lunch,FOFO,AP & TL,9.5,0.0,0.48,9.5,0,1,0.0,9.5,0-100,0%
Frozen Bottle,2026-07-30,WK 31,Manikonda,In Store,Snacks,FOFO,AP & TL,99.0,0.0,4.96,99.0,0,1,0.0,99.0,0-100,0%
Frozen Bottle,2026-07-30,WK 31,Manipal,In Store,Dinner,COCO,KA,1212.0,0.0,60.660000000000004,1212.0,0,7,0.0,173.14285714285714,100-200,0%
Frozen Bottle,2026-07-30,WK 31,Manipal,In Store,Lunch,COCO,KA,1680.0,0.0,84.03999999999999,1680.0,0,7,0.0,240.0,200-300,0%
Frozen Bottle,2026-07-30,WK 31,Manipal,In Store,Snacks,COCO,KA,1382.0,0.0,69.16,1382.0,0,6,0.0,230.33333333333334,200-300,0%
Frozen Bottle,2026-07-30,WK 31,Manipal,Swiggy,Dinner,COCO,KA,2103.8,1569.2,0.0,3533.0,0,14,44.41551089725446,150.27142857142857,100-200,40%-50%
Frozen Bottle,2026-07-30,WK 31,Manipal,Swiggy,Lunch,COCO,KA,1180.76,749.24,0.0,1860.0,0,7,40.28172043010753,168.68,100-200,40%-50%
Frozen Bottle,2026-07-30,WK 31,Manipal,Swiggy,Snacks,COCO,KA,1546.32,991.6800000000001,0.0,2438.0,0,8,40.67596390484003,193.29,100-200,40%-50%
Frozen Bottle,2026-07-30,WK 31,Manipal,Zomato,Breakfast,COCO,KA,250.0,230.0,12.5,460.0,0,1,50.0,250.0,200-300,40%-50%
Frozen Bottle,2026-07-30,WK 31,Manipal,Zomato,Dinner,COCO,KA,555.8,494.2,27.8,1010.0,0,2,48.930693069306926,277.9,200-300,40%-50%
Frozen Bottle,2026-07-30,WK 31,Manipal,Zomato,Lunch,COCO,KA,1293.0,1101.0,64.66,2314.0,0,5,47.579948141745895,258.6,200-300,40%-50%
Frozen Bottle,2026-07-30,WK 31,Manipal,Zomato,Snacks,COCO,KA,1262.9,1196.1,63.16,2389.0,0,4,50.06697362913353,315.725,300-400,50%-60%
Frozen Bottle,2026-07-30,WK 31,Manpada - CF CK,Swiggy,Dinner,COCO,MH,1776.0,1084.0,0.0,2760.0,0,6,39.27536231884058,296.0,200-300,30%-40%
Frozen Bottle,2026-07-30,WK 31,Manpada - CF CK,Swiggy,Late Night,COCO,MH,1221.0,921.0,0.0,2082.0,0,5,44.236311239193085,244.2,200-300,40%-50%
Frozen Bottle,2026-07-30,WK 31,Manpada - CF CK,Swiggy,Lunch,COCO,MH,940.0,637.0,0.0,1537.0,0,3,41.444372153545864,313.3333333333333,300-400,40%-50%
Frozen Bottle,2026-07-30,WK 31,Manpada - CF CK,Swiggy,Snacks,COCO,MH,2085.0,1386.0,0.0,3361.0,0,12,41.237726867003865,173.75,100-200,40%-50%
Frozen Bottle,2026-07-30,WK 31,Manpada - CF CK,Zomato,Closing,COCO,MH,195.0,135.0,9.76,320.0,0,1,42.1875,195.0,100-200,40%-50%
Frozen Bottle,2026-07-30,WK 31,Manpada - CF CK,Zomato,Dinner,COCO,MH,4298.61,3020.4,215.02,7099.0,0,12,42.54683758275814,358.2175,300-400,40%-50%
Frozen Bottle,2026-07-30,WK 31,Manpada - CF CK,Zomato,Late Night,COCO,MH,1182.96,400.37,59.18,1533.33,0,4,26.111143719877656,295.74,200-300,20%-30%
Frozen Bottle,2026-07-30,WK 31,Manpada - CF CK,Zomato,Lunch,COCO,MH,1842.9,1847.1,92.18,3550.0,0,6,52.030985915492955,307.15000000000003,300-400,50%-60%
Frozen Bottle,2026-07-30,WK 31,Manpada - CF CK,Zomato,Snacks,COCO,MH,1079.9,923.1,54.02,1933.0,0,5,47.754785307811694,215.98000000000002,200-300,40%-50%
Frozen Bottle,2026-07-30,WK 31,Mansarovar,In Store,Dinner,FOFO,ROI,905.0,0.0,45.26,905.0,0,2,0.0,452.5,400-500,0%
Frozen Bottle,2026-07-30,WK 31,Mansarovar,In Store,Lunch,FOFO,ROI,338.0,0.0,16.9,338.0,0,1,0.0,338.0,300-400,0%
Frozen Bottle,2026-07-30,WK 31,Mansarovar,In Store,Snacks,FOFO,ROI,534.0,0.0,26.72,534.0,0,3,0.0,178.0,100-200,0%
Frozen Bottle,2026-07-30,WK 31,Mansarovar,Swiggy,Dinner,FOFO,ROI,789.0,472.0,0.0,1231.0,0,3,38.34281072298944,263.0,200-300,30%-40%
Frozen Bottle,2026-07-30,WK 31,Mansarovar,Swiggy,Late Night,FOFO,ROI,210.0,208.0,0.0,398.0,0,2,52.26130653266332,105.0,100-200,50%-60%
Frozen Bottle,2026-07-30,WK 31,Mansarovar,Swiggy,Snacks,FOFO,ROI,1288.0,170.0,0.0,1408.0,0,3,12.073863636363637,429.3333333333333,400-500,10%-20%
Frozen Bottle,2026-07-30,WK 31,Mansarovar,Zomato,Late Night,FOFO,ROI,558.0,200.0,27.9,728.0,0,1,27.472527472527474,558.0,500-600,20%-30%
Frozen Bottle,2026-07-30,WK 31,Mansarovar,Zomato,Lunch,FOFO,ROI,109.0,100.0,5.46,199.0,0,1,50.25125628140703,109.0,100-200,50%-60%
Frozen Bottle,2026-07-30,WK 31,Mansarovar,Zomato,Snacks,FOFO,ROI,362.0,270.0,18.1,612.0,0,1,44.11764705882353,362.0,300-400,40%-50%
Frozen Bottle,2026-07-30,WK 31,Margaon- Goa,In Store,Dinner,FOFO,ROI,2953.0,0.0,147.68,2953.0,0,5,0.0,590.6,500-600,0%
Frozen Bottle,2026-07-30,WK 31,Margaon- Goa,In Store,Lunch,FOFO,ROI,1968.0,0.0,98.42,1968.0,0,6,0.0,328.0,300-400,0%
Frozen Bottle,2026-07-30,WK 31,Margaon- Goa,In Store,Snacks,FOFO,ROI,2465.0,0.0,123.25999999999999,2465.0,0,6,0.0,410.8333333333333,400-500,0%
Frozen Bottle,2026-07-30,WK 31,Margaon- Goa,Swiggy,Dinner,FOFO,ROI,959.0,100.0,0.0,1029.0,0,3,9.718172983479107,319.6666666666667,300-400,1%-10%
Frozen Bottle,2026-07-30,WK 31,Margaon- Goa,Swiggy,Lunch,FOFO,ROI,295.2,24.8,0.0,310.0,0,1,8.0,295.2,200-300,1%-10%
Frozen Bottle,2026-07-30,WK 31,Margaon- Goa,Swiggy,Snacks,FOFO,ROI,1731.0,0.0,0.0,1681.0,0,1,0.0,1731.0,>900,0%
Frozen Bottle,2026-07-30,WK 31,Margaon- Goa,Zomato,Dinner,FOFO,ROI,660.0,200.0,33.019999999999996,820.0,0,3,24.390243902439025,220.0,200-300,20%-30%
Frozen Bottle,2026-07-30,WK 31,Margaon- Goa,Zomato,Lunch,FOFO,ROI,982.0,100.0,49.12,1042.0,0,2,9.596928982725528,491.0,400-500,1%-10%
Frozen Bottle,2026-07-30,WK 31,Marol - CF CK,Swiggy,Closing,COCO,MH,340.0,0.0,0.0,330.0,0,1,0.0,340.0,300-400,0%
Frozen Bottle,2026-07-30,WK 31,Marol - CF CK,Swiggy,Dinner,COCO,MH,1107.2,766.8,0.0,1814.0,0,6,42.271223814773975,184.53333333333333,100-200,40%-50%
Frozen Bottle,2026-07-30,WK 31,Marol - CF CK,Swiggy,Lunch,COCO,MH,1079.0,670.33,0.0,1689.33,0,4,39.68022825617257,269.75,200-300,30%-40%
Frozen Bottle,2026-07-30,WK 31,Marol - CF CK,Swiggy,Snacks,COCO,MH,229.0,312.0,0.0,531.0,0,1,58.75706214689266,229.0,200-300,50%-60%
Frozen Bottle,2026-07-30,WK 31,Marol - CF CK,Zomato,Closing,COCO,MH,432.0,452.0,21.619999999999997,854.0,0,2,52.92740046838408,216.0,200-300,50%-60%
Frozen Bottle,2026-07-30,WK 31,Marol - CF CK,Zomato,Dinner,COCO,MH,2315.9,2346.1,115.8,4512.0,0,6,51.99689716312057,385.98333333333335,300-400,50%-60%
Frozen Bottle,2026-07-30,WK 31,Marol - CF CK,Zomato,Late Night,COCO,MH,265.0,75.0,13.26,330.0,0,1,22.727272727272727,265.0,200-300,20%-30%
Frozen Bottle,2026-07-30,WK 31,Marol - CF CK,Zomato,Lunch,COCO,MH,953.0,727.0,47.68,1630.0,0,4,44.601226993865026,238.25,200-300,40%-50%
Frozen Bottle,2026-07-30,WK 31,Marol - CF CK,Zomato,Snacks,COCO,MH,2035.6,1764.4,101.84,3660.0,0,8,48.20765027322405,254.45,200-300,40%-50%
Frozen Bottle,2026-07-30,WK 31,Mathura,In Store,Dinner,FOFO,ROI,774.0,0.0,38.72,774.0,0,4,0.0,193.5,100-200,0%
Frozen Bottle,2026-07-30,WK 31,Mathura,In Store,Lunch,FOFO,ROI,344.38,374.85,17.22,719.23,0,4,52.11823755961237,86.095,0-100,50%-60%
Frozen Bottle,2026-07-30,WK 31,Mathura,In Store,Snacks,FOFO,ROI,635.0,0.0,31.76,635.0,0,3,0.0,211.66666666666666,200-300,0%
Frozen Bottle,2026-07-30,WK 31,Mathura,Zomato,Dinner,FOFO,ROI,109.0,100.0,5.46,199.0,0,1,50.25125628140703,109.0,100-200,50%-60%
Frozen Bottle,2026-07-30,WK 31,Mathura,Zomato,Late Night,FOFO,ROI,576.5,573.5,28.82,1110.0,0,2,51.66666666666667,288.25,200-300,50%-60%
Frozen Bottle,2026-07-30,WK 31,Mathura,Zomato,Lunch,FOFO,ROI,301.0,200.0,15.06,481.0,0,1,41.58004158004158,301.0,300-400,40%-50%
Frozen Bottle,2026-07-30,WK 31,Medavakkam,In Store,Closing,FOFO,TN,298.0,0.0,14.920000000000002,298.0,0,2,0.0,149.0,100-200,0%
Frozen Bottle,2026-07-30,WK 31,Medavakkam,In Store,Dinner,FOFO,TN,2475.0,0.0,123.8,2475.0,0,9,0.0,275.0,200-300,0%
Frozen Bottle,2026-07-30,WK 31,Medavakkam,In Store,Lunch,FOFO,TN,1145.0,0.0,57.26,1145.0,0,3,0.0,381.6666666666667,300-400,0%
Frozen Bottle,2026-07-30,WK 31,Medavakkam,In Store,Snacks,FOFO,TN,1279.0,0.0,63.98,1279.0,0,6,0.0,213.16666666666666,200-300,0%
Frozen Bottle,2026-07-30,WK 31,Medavakkam,Swiggy,Dinner,FOFO,TN,4662.11,683.89,0.0,5176.0,0,10,13.212712519319938,466.21099999999996,400-500,10%-20%
Frozen Bottle,2026-07-30,WK 31,Medavakkam,Swiggy,Lunch,FOFO,TN,540.0,0.0,0.0,520.0,0,1,0.0,540.0,500-600,0%
Frozen Bottle,2026-07-30,WK 31,Medavakkam,Swiggy,Snacks,FOFO,TN,767.01,159.99,0.0,897.0,0,1,17.836120401337794,767.01,600-900,10%-20%
Frozen Bottle,2026-07-30,WK 31,Medavakkam,Zomato,Dinner,FOFO,TN,690.0,100.0,34.5,760.0,0,2,13.157894736842104,345.0,300-400,10%-20%
Frozen Bottle,2026-07-30,WK 31,Medavakkam,Zomato,Late Night,FOFO,TN,190.0,100.0,9.5,280.0,0,1,35.714285714285715,190.0,100-200,30%-40%
Frozen Bottle,2026-07-30,WK 31,Medavakkam,Zomato,Snacks,FOFO,TN,538.0,200.0,26.92,718.0,0,1,27.85515320334262,538.0,500-600,20%-30%
Frozen Bottle,2026-07-30,WK 31,Meenakshi Mall,In Store,Dinner,COCO,KA,704.0,0.0,35.22,704.0,0,3,0.0,234.66666666666666,200-300,0%
Frozen Bottle,2026-07-30,WK 31,Meenakshi Mall,In Store,Snacks,COCO,KA,347.0,0.0,17.36,347.0,0,2,0.0,173.5,100-200,0%
Frozen Bottle,2026-07-30,WK 31,Meenakshi Mall,Ownly,Dinner,COCO,KA,411.0,0.0,20.56,411.0,0,1,0.0,411.0,400-500,0%
Frozen Bottle,2026-07-30,WK 31,Meenakshi Mall,Swiggy,Dinner,COCO,KA,1721.01,1081.99,0.0,2723.0,0,6,39.73521850899743,286.835,200-300,30%-40%
Frozen Bottle,2026-07-30,WK 31,Meenakshi Mall,Swiggy,Lunch,COCO,KA,568.0,112.0,0.0,660.0,0,1,16.969696969696972,568.0,500-600,10%-20%
Frozen Bottle,2026-07-30,WK 31,Meenakshi Mall,Swiggy,Snacks,COCO,KA,340.0,0.0,0.0,330.0,0,1,0.0,340.0,300-400,0%
Frozen Bottle,2026-07-30,WK 31,Meenakshi Mall,Zomato,Dinner,COCO,KA,681.8,699.2,34.1,1341.0,0,2,52.140193885160336,340.9,300-400,50%-60%
Frozen Bottle,2026-07-30,WK 31,Meenakshi Mall,Zomato,Lunch,COCO,KA,862.0,858.0,43.120000000000005,1660.0,0,2,51.68674698795181,431.0,400-500,50%-60%
Frozen Bottle,2026-07-30,WK 31,Meenakshi Mall,Zomato,Snacks,COCO,KA,691.0,500.0,34.56,1151.0,0,3,43.440486533449175,230.33333333333334,200-300,40%-50%
Frozen Bottle,2026-07-30,WK 31,Mira Road,In Store,Dinner,COCO,MH,1235.95,939.05,61.8,2175.0,0,5,43.17471264367816,247.19,200-300,40%-50%
Frozen Bottle,2026-07-30,WK 31,Mira Road,In Store,Lunch,COCO,MH,298.0,0.0,14.920000000000002,298.0,0,2,0.0,149.0,100-200,0%
Frozen Bottle,2026-07-30,WK 31,Mira Road,In Store,Snacks,COCO,MH,169.0,0.0,8.46,169.0,0,1,0.0,169.0,100-200,0%
Frozen Bottle,2026-07-30,WK 31,Mira Road,Swiggy,Dinner,COCO,MH,3121.02,1910.31,0.0,4861.33,0,10,39.29603626990967,312.102,300-400,30%-40%
Frozen Bottle,2026-07-30,WK 31,Mira Road,Swiggy,Late Night,COCO,MH,484.0,404.0,0.0,848.0,0,3,47.64150943396226,161.33333333333334,100-200,40%-50%
Frozen Bottle,2026-07-30,WK 31,Mira Road,Swiggy,Snacks,COCO,MH,663.4,546.6,0.0,1160.0,0,4,47.12068965517241,165.85,100-200,40%-50%
Frozen Bottle,2026-07-30,WK 31,Mira Road,Zomato,Dinner,COCO,MH,5834.83,4894.49,291.82,10349.32,0,17,47.29286561822419,343.2252941176471,300-400,40%-50%
Frozen Bottle,2026-07-30,WK 31,Mira Road,Zomato,Late Night,COCO,MH,1491.0,360.0,74.56,1791.0,0,5,20.100502512562816,298.2,200-300,20%-30%
Frozen Bottle,2026-07-30,WK 31,Mira Road,Zomato,Lunch,COCO,MH,1228.0,1109.0,61.44,2257.0,0,5,49.13602126716881,245.6,200-300,40%-50%
Frozen Bottle,2026-07-30,WK 31,Miraya Rose,In Store,Dinner,COCO,KA,2703.23,0.0,135.28,2703.23,0,16,0.0,168.951875,100-200,0%
Frozen Bottle,2026-07-30,WK 31,Miraya Rose,In Store,Late Night,COCO,KA,169.0,0.0,8.46,169.0,0,1,0.0,169.0,100-200,0%
Frozen Bottle,2026-07-30,WK 31,Miraya Rose,In Store,Snacks,COCO,KA,1087.23,0.0,54.4,1087.23,0,7,0.0,155.31857142857143,100-200,0%
Frozen Bottle,2026-07-30,WK 31,Miraya Rose,Swiggy,Dinner,COCO,KA,935.2,609.13,0.0,1474.33,0,4,41.31571629146799,233.8,200-300,40%-50%
Frozen Bottle,2026-07-30,WK 31,Miraya Rose,Swiggy,Late Night,COCO,KA,805.0,731.6600000000001,0.0,1466.6599999999999,0,3,49.88613584607204,268.3333333333333,200-300,40%-50%
Frozen Bottle,2026-07-30,WK 31,Miraya Rose,Swiggy,Lunch,COCO,KA,797.64,692.0,0.0,1429.6399999999999,0,3,48.403793962116346,265.88,200-300,40%-50%
Frozen Bottle,2026-07-30,WK 31,Miraya Rose,Swiggy,Snacks,COCO,KA,446.0,354.0,0.0,770.0,0,2,45.97402597402597,223.0,200-300,40%-50%
Frozen Bottle,2026-07-30,WK 31,Miraya Rose,Zomato,Dinner,COCO,KA,1417.5,1091.5,70.88,2439.0,0,5,44.751947519475195,283.5,200-300,40%-50%
Frozen Bottle,2026-07-30,WK 31,Miraya Rose,Zomato,Late Night,COCO,KA,618.0,0.0,30.92,598.0,0,1,0.0,618.0,600-900,0%
Frozen Bottle,2026-07-30,WK 31,Miraya Rose,Zomato,Lunch,COCO,KA,541.06,288.94,27.060000000000002,800.0,0,2,36.1175,270.53,200-300,30%-40%
Frozen Bottle,2026-07-30,WK 31,Miraya Rose,Zomato,Snacks,COCO,KA,983.88,658.12,49.22,1592.0,0,2,41.33919597989949,491.94,400-500,40%-50%
Frozen Bottle,2026-07-30,WK 31,Mirzapur,In Store,Snacks,FOFO,ROI,109.0,0.0,5.46,109.0,0,1,0.0,109.0,100-200,0%
Frozen Bottle,2026-07-30,WK 31,Mogappair,In Store,Dinner,COCO,TN,2095.44,383.79,104.8,2479.23,0,10,15.480209581200615,209.544,200-300,10%-20%
Frozen Bottle,2026-07-30,WK 31,Mogappair,In Store,Late Night,COCO,TN,168.0,0.0,8.4,168.0,0,1,0.0,168.0,100-200,0%
Frozen Bottle,2026-07-30,WK 31,Mogappair,In Store,Lunch,COCO,TN,2705.92,0.0,135.32,2705.92,0,5,0.0,541.184,500-600,0%
Frozen Bottle,2026-07-30,WK 31,Mogappair,In Store,Snacks,COCO,TN,759.13,283.87,37.98,1043.0,0,4,27.21668264621285,189.7825,100-200,20%-30%
Frozen Bottle,2026-07-30,WK 31,Mogappair,Swiggy,Dinner,COCO,TN,3765.22,1999.78,0.0,5595.0,0,14,35.74226988382485,268.9442857142857,200-300,30%-40%
Frozen Bottle,2026-07-30,WK 31,Mogappair,Swiggy,Late Night,COCO,TN,792.2,566.8,0.0,1309.0,0,4,43.30022918258212,198.05,100-200,40%-50%
Frozen Bottle,2026-07-30,WK 31,Mogappair,Swiggy,Lunch,COCO,TN,1450.0,991.0,0.0,2371.0,0,4,41.79671024884015,362.5,300-400,40%-50%
Frozen Bottle,2026-07-30,WK 31,Mogappair,Swiggy,Snacks,COCO,TN,845.2,771.45,0.0,1526.65,0,4,50.53221105033898,211.3,200-300,50%-60%
Frozen Bottle,2026-07-30,WK 31,Mogappair,Zomato,Dinner,COCO,TN,2279.6,2157.4,114.02,4297.0,0,7,50.20712124738189,325.65714285714284,300-400,50%-60%
Frozen Bottle,2026-07-30,WK 31,Mogappair,Zomato,Late Night,COCO,TN,300.0,0.0,15.0,290.0,0,1,0.0,300.0,200-300,0%
Frozen Bottle,2026-07-30,WK 31,Mogappair,Zomato,Lunch,COCO,TN,1381.5,987.5,69.08,2289.0,0,5,43.14110965487112,276.3,200-300,40%-50%
Frozen Bottle,2026-07-30,WK 31,Mogappair,Zomato,Snacks,COCO,TN,902.0,798.0,45.120000000000005,1640.0,0,4,48.65853658536585,225.5,200-300,40%-50%
Frozen Bottle,2026-07-30,WK 31,Mudichur,In Store,Dinner,COCO,TN,1866.79,232.20999999999998,93.38,2099.0,0,9,11.062887089090042,207.42111111111112,200-300,10%-20%
Frozen Bottle,2026-07-30,WK 31,Mudichur,In Store,Lunch,COCO,TN,690.92,292.08,34.56,983.0,0,3,29.713123092573753,230.30666666666664,200-300,20%-30%
Frozen Bottle,2026-07-30,WK 31,Mudichur,In Store,Snacks,COCO,TN,1381.0,0.0,69.06,1381.0,0,4,0.0,345.25,300-400,0%
Frozen Bottle,2026-07-30,WK 31,Mudichur,Swiggy,Dinner,COCO,TN,5070.53,2805.47,0.0,7586.0,0,15,36.98220406011073,338.0353333333333,300-400,30%-40%
Frozen Bottle,2026-07-30,WK 31,Mudichur,Swiggy,Late Night,COCO,TN,1049.0,815.0,0.0,1774.0,0,5,45.9413754227734,209.8,200-300,40%-50%
Frozen Bottle,2026-07-30,WK 31,Mudichur,Swiggy,Lunch,COCO,TN,1067.0,544.0,0.0,1561.0,0,3,34.84945547725817,355.6666666666667,300-400,30%-40%
Frozen Bottle,2026-07-30,WK 31,Mudichur,Swiggy,Snacks,COCO,TN,950.56,587.44,0.0,1478.0,0,4,39.74560216508796,237.64,200-300,30%-40%
Frozen Bottle,2026-07-30,WK 31,Mudichur,Zomato,Dinner,COCO,TN,1338.7,1218.3,66.94,2477.0,0,5,49.18449737585789,267.74,200-300,40%-50%
Frozen Bottle,2026-07-30,WK 31,Mudichur,Zomato,Late Night,COCO,TN,135.0,125.0,6.76,250.0,0,1,50.0,135.0,100-200,40%-50%
Frozen Bottle,2026-07-30,WK 31,Mudichur,Zomato,Lunch,COCO,TN,619.0,569.0,30.96,1148.0,0,2,49.56445993031359,309.5,300-400,40%-50%
Frozen Bottle,2026-07-30,WK 31,Mudichur,Zomato,Snacks,COCO,TN,680.42,601.4300000000001,34.04,1231.85,0,2,48.82331452693105,340.21,300-400,40%-50%
Frozen Bottle,2026-07-30,WK 31,Mulund,In Store,Dinner,COCO,MH,3801.02,349.9,190.12,4150.92,0,15,8.429456602391758,253.40133333333333,200-300,1%-10%
Frozen Bottle,2026-07-30,WK 31,Mulund,In Store,Lunch,COCO,MH,496.0,0.0,24.82,496.0,0,3,0.0,165.33333333333334,100-200,0%
Frozen Bottle,2026-07-30,WK 31,Mulund,In Store,Snacks,COCO,MH,2270.49,396.20000000000005,113.56,2666.69,0,10,14.857369998012517,227.04899999999998,200-300,10%-20%
Frozen Bottle,2026-07-30,WK 31,Mulund,Swiggy,Closing,COCO,MH,489.0,183.0,0.0,652.0,0,2,28.067484662576685,244.5,200-300,20%-30%
Frozen Bottle,2026-07-30,WK 31,Mulund,Swiggy,Dinner,COCO,MH,6959.02,2565.64,0.0,9194.66,0,15,27.90358751710232,463.9346666666667,400-500,20%-30%
Frozen Bottle,2026-07-30,WK 31,Mulund,Swiggy,Late Night,COCO,MH,883.0,497.0,0.0,1330.0,0,3,37.368421052631575,294.3333333333333,200-300,30%-40%
Frozen Bottle,2026-07-30,WK 31,Mulund,Swiggy,Lunch,COCO,MH,446.0,354.0,0.0,770.0,0,2,45.97402597402597,223.0,200-300,40%-50%
Frozen Bottle,2026-07-30,WK 31,Mulund,Swiggy,Snacks,COCO,MH,798.2,292.8,0.0,1051.0,0,4,27.859181731684114,199.55,100-200,20%-30%
Frozen Bottle,2026-07-30,WK 31,Mulund,Zomato,Dinner,COCO,MH,3640.06,2748.27,182.06,6148.33,0,12,44.69945497395227,303.3383333333333,300-400,40%-50%
Frozen Bottle,2026-07-30,WK 31,Mulund,Zomato,Late Night,COCO,MH,934.1,627.9,46.74,1512.0,0,4,41.52777777777777,233.525,200-300,40%-50%
Frozen Bottle,2026-07-30,WK 31,Mulund,Zomato,Lunch,COCO,MH,451.5,322.5,22.580000000000002,744.0,0,2,43.346774193548384,225.75,200-300,40%-50%
Frozen Bottle,2026-07-30,WK 31,Mulund,Zomato,Snacks,COCO,MH,190.0,180.0,9.5,360.0,0,1,50.0,190.0,100-200,40%-50%
Frozen Bottle,2026-07-30,WK 31,Nagadevanahally,In Store,Closing,FOFO,KA,39.0,0.0,1.96,39.0,0,1,0.0,39.0,0-100,0%
Frozen Bottle,2026-07-30,WK 31,Nagadevanahally,In Store,Dinner,FOFO,KA,1058.0,0.0,52.940000000000005,1058.0,0,6,0.0,176.33333333333334,100-200,0%
Frozen Bottle,2026-07-30,WK 31,Nagadevanahally,In Store,Lunch,FOFO,KA,88.0,0.0,4.4,88.0,0,1,0.0,88.0,0-100,0%
Frozen Bottle,2026-07-30,WK 31,Nagadevanahally,In Store,Snacks,FOFO,KA,724.0,0.0,36.22,724.0,0,4,0.0,181.0,100-200,0%
Frozen Bottle,2026-07-30,WK 31,Nagadevanahally,Swiggy,Dinner,FOFO,KA,308.2,289.8,0.0,578.0,0,2,50.13840830449827,154.1,100-200,50%-60%
Frozen Bottle,2026-07-30,WK 31,Nagadevanahally,Swiggy,Lunch,FOFO,KA,174.0,194.0,0.0,358.0,0,2,54.18994413407822,87.0,0-100,50%-60%
Frozen Bottle,2026-07-30,WK 31,Nagadevanahally,Swiggy,Snacks,FOFO,KA,195.0,104.0,0.0,299.0,0,1,34.78260869565217,195.0,100-200,30%-40%
Frozen Bottle,2026-07-30,WK 31,Nagadevanahally,Zomato,Lunch,FOFO,KA,329.0,0.0,16.46,319.0,0,1,0.0,329.0,300-400,0%
Frozen Bottle,2026-07-30,WK 31,Nagadevanahally,Zomato,Snacks,FOFO,KA,306.0,225.0,15.3,511.0,0,1,44.031311154598825,306.0,300-400,40%-50%
Frozen Bottle,2026-07-30,WK 31,Nagarbhavi,In Store,Dinner,FOFO,KA,1005.46,0.0,50.28,1005.46,0,2,0.0,502.73,500-600,0%
Frozen Bottle,2026-07-30,WK 31,Nagarbhavi,In Store,Late Night,FOFO,KA,1319.0,0.0,65.98,1319.0,0,5,0.0,263.8,200-300,0%
Frozen Bottle,2026-07-30,WK 31,Nagarbhavi,In Store,Lunch,FOFO,KA,767.0,0.0,38.36,767.0,0,2,0.0,383.5,300-400,0%
Frozen Bottle,2026-07-30,WK 31,Nagarbhavi,In Store,Snacks,FOFO,KA,924.0,0.0,46.22,924.0,0,4,0.0,231.0,200-300,0%
Frozen Bottle,2026-07-30,WK 31,Nagarbhavi,Swiggy,Dinner,FOFO,KA,550.0,0.0,0.0,530.0,0,2,0.0,275.0,200-300,0%
Frozen Bottle,2026-07-30,WK 31,Nagarbhavi,Swiggy,Snacks,FOFO,KA,529.0,0.0,0.0,509.0,0,1,0.0,529.0,500-600,0%
Frozen Bottle,2026-07-30,WK 31,Nagarbhavi,Zomato,Closing,FOFO,KA,260.0,50.0,13.0,300.0,0,1,16.666666666666664,260.0,200-300,10%-20%
Frozen Bottle,2026-07-30,WK 31,Nagarbhavi,Zomato,Dinner,FOFO,KA,631.0,0.0,31.56,611.0,0,1,0.0,631.0,600-900,0%
Frozen Bottle,2026-07-30,WK 31,Nagarbhavi,Zomato,Lunch,FOFO,KA,719.0,150.0,35.96,839.0,0,1,17.878426698450536,719.0,600-900,10%-20%
Frozen Bottle,2026-07-30,WK 31,Nagavara,In Store,Dinner,COCO,KA,1958.1399999999999,0.0,97.98,1958.1399999999999,0,14,0.0,139.86714285714285,100-200,0%
Frozen Bottle,2026-07-30,WK 31,Nagavara,In Store,Late Night,COCO,KA,256.18,0.0,12.8,256.18,0,1,0.0,256.18,200-300,0%
Frozen Bottle,2026-07-30,WK 31,Nagavara,In Store,Lunch,COCO,KA,570.0,0.0,28.52,570.0,0,6,0.0,95.0,0-100,0%
Frozen Bottle,2026-07-30,WK 31,Nagavara,In Store,Snacks,COCO,KA,1045.05,0.0,52.300000000000004,1045.05,0,9,0.0,116.11666666666666,100-200,0%
Frozen Bottle,2026-07-30,WK 31,Nagavara,Ownly,Dinner,COCO,KA,518.0,0.0,25.92,518.0,0,3,0.0,172.66666666666666,100-200,0%
Frozen Bottle,2026-07-30,WK 31,Nagavara,Ownly,Late Night,COCO,KA,230.0,0.0,11.5,230.0,0,1,0.0,230.0,200-300,0%
Frozen Bottle,2026-07-30,WK 31,Nagavara,Ownly,Snacks,COCO,KA,292.0,0.0,14.6,292.0,0,1,0.0,292.0,200-300,0%
Frozen Bottle,2026-07-30,WK 31,Nagavara,Swiggy,Breakfast,COCO,KA,538.0,112.0,0.0,630.0,0,2,17.77777777777778,269.0,200-300,10%-20%
Frozen Bottle,2026-07-30,WK 31,Nagavara,Swiggy,Dinner,COCO,KA,3255.32,2566.01,0.0,5651.33,0,16,45.40541783969438,203.4575,200-300,40%-50%
Frozen Bottle,2026-07-30,WK 31,Nagavara,Swiggy,Late Night,COCO,KA,812.0,1028.0,0.0,1780.0,0,4,57.752808988764045,203.0,200-300,50%-60%
Frozen Bottle,2026-07-30,WK 31,Nagavara,Swiggy,Lunch,COCO,KA,514.56,303.44,0.0,788.0,0,3,38.50761421319797,171.51999999999998,100-200,30%-40%
Frozen Bottle,2026-07-30,WK 31,Nagavara,Swiggy,Snacks,COCO,KA,98.0,112.0,0.0,200.0,0,1,56.00000000000001,98.0,0-100,50%-60%
Frozen Bottle,2026-07-30,WK 31,Nagavara,Zomato,Breakfast,COCO,KA,190.0,0.0,9.5,180.0,0,1,0.0,190.0,100-200,0%
Frozen Bottle,2026-07-30,WK 31,Nagavara,Zomato,Dinner,COCO,KA,2367.1,2099.9,118.38,4317.0,0,10,48.64257586286773,236.70999999999998,200-300,40%-50%
Frozen Bottle,2026-07-30,WK 31,Nagavara,Zomato,Late Night,COCO,KA,1093.8600000000001,408.47,54.7,1442.33,0,4,28.320148648367578,273.46500000000003,200-300,20%-30%
Frozen Bottle,2026-07-30,WK 31,Nagavara,Zomato,Lunch,COCO,KA,1498.5,916.5,74.94,2315.0,0,5,39.58963282937365,299.7,200-300,30%-40%
Frozen Bottle,2026-07-30,WK 31,Nagavara,Zomato,Snacks,COCO,KA,1245.1,1101.9,62.28,2267.0,0,6,48.60608734009705,207.51666666666665,200-300,40%-50%
Frozen Bottle,2026-07-30,WK 31,Nalanchira,In Store,Breakfast,FOFO,Kerela,625.0,0.0,31.259999999999998,625.0,0,3,0.0,208.33333333333334,200-300,0%
Frozen Bottle,2026-07-30,WK 31,Nalanchira,In Store,Dinner,FOFO,Kerela,1651.5,0.0,82.58000000000001,1651.5,0,5,0.0,330.3,300-400,0%
Frozen Bottle,2026-07-30,WK 31,Nalanchira,In Store,Lunch,FOFO,Kerela,1431.05,0.0,71.56,1431.05,0,4,0.0,357.7625,300-400,0%
Frozen Bottle,2026-07-30,WK 31,Nalanchira,In Store,Snacks,FOFO,Kerela,3174.6,0.0,158.84,3174.6,0,16,0.0,198.4125,100-200,0%
Frozen Bottle,2026-07-30,WK 31,Nalanchira,Swiggy,Dinner,FOFO,Kerela,798.0,41.0,0.0,819.0,0,2,5.006105006105006,399.0,300-400,1%-10%
Frozen Bottle,2026-07-30,WK 31,Nalanchira,Swiggy,Snacks,FOFO,Kerela,1299.0,0.0,0.0,1259.0,0,3,0.0,433.0,400-500,0%
Frozen Bottle,2026-07-30,WK 31,Nalanchira,Zomato,Lunch,FOFO,Kerela,290.0,0.0,14.5,280.0,0,1,0.0,290.0,200-300,0%
Frozen Bottle,2026-07-30,WK 31,Nalanchira,Zomato,Snacks,FOFO,Kerela,467.0,92.0,23.36,539.0,0,1,17.068645640074212,467.0,400-500,10%-20%
Frozen Bottle,2026-07-30,WK 31,Nallagandla,In Store,Dinner,FOFO,AP & TL,199.0,0.0,9.96,199.0,0,1,0.0,199.0,100-200,0%
Frozen Bottle,2026-07-30,WK 31,Namakkal,In Store,Dinner,FOFO,TN,844.0,0.0,42.24,844.0,0,5,0.0,168.8,100-200,0%
Frozen Bottle,2026-07-30,WK 31,Namakkal,In Store,Lunch,FOFO,TN,308.0,0.0,15.4,308.0,0,1,0.0,308.0,300-400,0%
Frozen Bottle,2026-07-30,WK 31,Namakkal,In Store,Snacks,FOFO,TN,1742.0,0.0,87.14,1742.0,0,4,0.0,435.5,400-500,0%
Frozen Bottle,2026-07-30,WK 31,Namakkal,Swiggy,Dinner,FOFO,TN,1092.0,0.0,0.0,1052.0,0,3,0.0,364.0,300-400,0%
Frozen Bottle,2026-07-30,WK 31,Namakkal,Swiggy,Lunch,FOFO,TN,1098.0,0.0,0.0,1058.0,0,3,0.0,366.0,300-400,0%
Frozen Bottle,2026-07-30,WK 31,Namakkal,Zomato,Dinner,FOFO,TN,340.0,0.0,17.0,330.0,0,1,0.0,340.0,300-400,0%
Frozen Bottle,2026-07-30,WK 31,Namakkal,Zomato,Lunch,FOFO,TN,728.0,0.0,36.4,708.0,0,1,0.0,728.0,600-900,0%
Frozen Bottle,2026-07-30,WK 31,Namakkal,Zomato,Snacks,FOFO,TN,1609.0,0.0,80.48,1549.0,0,4,0.0,402.25,400-500,0%
Frozen Bottle,2026-07-30,WK 31,Nanganallur CK,Swiggy,Dinner,COCO,TN,4457.02,2802.16,0.0,7009.18,0,14,39.97842828975715,318.35857142857145,300-400,30%-40%
Frozen Bottle,2026-07-30,WK 31,Nanganallur CK,Swiggy,Lunch,COCO,TN,1289.2,1144.13,0.0,2343.33,0,5,48.82496276666112,257.84000000000003,200-300,40%-50%
Frozen Bottle,2026-07-30,WK 31,Nanganallur CK,Swiggy,Snacks,COCO,TN,2268.01,1321.99,0.0,3480.0,0,7,37.9882183908046,324.0014285714286,300-400,30%-40%
Frozen Bottle,2026-07-30,WK 31,Nanganallur CK,Zomato,Dinner,COCO,TN,991.0,833.0,49.58,1764.0,0,4,47.22222222222222,247.75,200-300,40%-50%
Frozen Bottle,2026-07-30,WK 31,Nanganallur CK,Zomato,Late Night,COCO,TN,2244.33,1234.0,112.3,3358.33,0,7,36.74445334437056,320.61857142857144,300-400,30%-40%
Frozen Bottle,2026-07-30,WK 31,Nanganallur CK,Zomato,Snacks,COCO,TN,1823.0,930.0,91.16,2663.0,0,4,34.92301915133309,455.75,400-500,30%-40%
Frozen Bottle,2026-07-30,WK 31,Nungambakkam - CK,Swiggy,Breakfast,COCO,TN,300.0,0.0,0.0,290.0,0,1,0.0,300.0,200-300,0%
Frozen Bottle,2026-07-30,WK 31,Nungambakkam - CK,Swiggy,Dinner,COCO,TN,2352.56,1173.1,0.0,3375.66,0,10,34.75172262609386,235.256,200-300,30%-40%
Frozen Bottle,2026-07-30,WK 31,Nungambakkam - CK,Swiggy,Late Night,COCO,TN,1075.0,721.6600000000001,0.0,1716.6599999999999,0,5,42.038609858679074,215.0,200-300,40%-50%
Frozen Bottle,2026-07-30,WK 31,Nungambakkam - CK,Swiggy,Lunch,COCO,TN,1441.0,699.0,0.0,2070.0,0,5,33.768115942028984,288.2,200-300,30%-40%
Frozen Bottle,2026-07-30,WK 31,Nungambakkam - CK,Swiggy,Snacks,COCO,TN,1601.0,980.33,0.0,2501.33,0,6,39.19234966997557,266.8333333333333,200-300,30%-40%
Frozen Bottle,2026-07-30,WK 31,Nungambakkam - CK,Zomato,Dinner,COCO,TN,1302.0,1106.0,65.12,2328.0,0,5,47.508591065292094,260.4,200-300,40%-50%
Frozen Bottle,2026-07-30,WK 31,Nungambakkam - CK,Zomato,Lunch,COCO,TN,227.1,201.9,11.36,419.0,0,1,48.186157517899765,227.1,200-300,40%-50%
Frozen Bottle,2026-07-30,WK 31,Nungambakkam - CK,Zomato,Snacks,COCO,TN,301.0,281.0,15.06,562.0,0,1,50.0,301.0,300-400,40%-50%
Frozen Bottle,2026-07-30,WK 31,OMR,In Store,Dinner,COCO,TN,3793.13,824.33,189.70000000000002,4617.46,0,12,17.852455679096302,316.0941666666667,300-400,10%-20%
Frozen Bottle,2026-07-30,WK 31,OMR,In Store,Lunch,COCO,TN,1435.88,629.04,71.84,2064.92,0,8,30.46316564322104,179.485,100-200,30%-40%
Frozen Bottle,2026-07-30,WK 31,OMR,In Store,Snacks,COCO,TN,491.15000000000003,302.85,24.58,794.0,0,5,38.142317380352644,98.23,0-100,30%-40%
Frozen Bottle,2026-07-30,WK 31,OMR,Swiggy,Dinner,COCO,TN,4255.13,2374.87,0.0,6380.0,0,16,37.22366771159874,265.945625,200-300,30%-40%
Frozen Bottle,2026-07-30,WK 31,OMR,Swiggy,Late Night,COCO,TN,478.0,297.33000000000004,0.0,745.3299999999999,0,2,39.89239665651457,239.0,200-300,30%-40%
Frozen Bottle,2026-07-30,WK 31,OMR,Swiggy,Lunch,COCO,TN,1292.0,518.0,0.0,1750.0,0,5,29.599999999999998,258.4,200-300,20%-30%
Frozen Bottle,2026-07-30,WK 31,OMR,Swiggy,Snacks,COCO,TN,4109.53,1813.32,0.0,5692.85,0,15,31.852587017047696,273.96866666666665,200-300,30%-40%
Frozen Bottle,2026-07-30,WK 31,OMR,Zomato,Dinner,COCO,TN,1545.9,1265.1,77.32,2721.0,0,6,46.49393605292172,257.65000000000003,200-300,40%-50%
Frozen Bottle,2026-07-30,WK 31,OMR,Zomato,Late Night,COCO,TN,247.5,252.5,12.38,480.0,0,1,52.604166666666664,247.5,200-300,50%-60%
Frozen Bottle,2026-07-30,WK 31,OMR,Zomato,Lunch,COCO,TN,1010.3,1104.7,50.54,2055.0,0,2,53.75669099756691,505.15,500-600,50%-60%
Frozen Bottle,2026-07-30,WK 31,OMR,Zomato,Snacks,COCO,TN,1129.2,1095.8,56.480000000000004,2135.0,0,3,51.32552693208431,376.40000000000003,300-400,50%-60%
Frozen Bottle,2026-07-30,WK 31,PALAM VIHAR,In Store,Dinner,FOFO,ROI,436.0,0.0,21.82,436.0,0,3,0.0,145.33333333333334,100-200,0%
Frozen Bottle,2026-07-30,WK 31,PALAM VIHAR,In Store,Lunch,FOFO,ROI,903.0,0.0,45.16,903.0,0,3,0.0,301.0,300-400,0%
Frozen Bottle,2026-07-30,WK 31,PALAM VIHAR,In Store,Snacks,FOFO,ROI,39.0,0.0,1.96,39.0,0,1,0.0,39.0,0-100,0%
Frozen Bottle,2026-07-30,WK 31,PALAM VIHAR,Swiggy,Closing,FOFO,ROI,270.0,100.0,0.0,360.0,0,1,27.77777777777778,270.0,200-300,20%-30%
Frozen Bottle,2026-07-30,WK 31,PALAM VIHAR,Swiggy,Dinner,FOFO,ROI,318.0,100.0,0.0,398.0,0,1,25.125628140703515,318.0,300-400,20%-30%
Frozen Bottle,2026-07-30,WK 31,PALAM VIHAR,Zomato,Dinner,FOFO,ROI,653.0,315.0,32.68,928.0,0,4,33.94396551724138,163.25,100-200,30%-40%
Frozen Bottle,2026-07-30,WK 31,PALAM VIHAR,Zomato,Lunch,FOFO,ROI,620.0,150.0,31.020000000000003,750.0,0,2,20.0,310.0,300-400,10%-20%
Frozen Bottle,2026-07-30,WK 31,PALAM VIHAR,Zomato,Snacks,FOFO,ROI,129.0,80.0,6.46,199.0,0,1,40.20100502512563,129.0,100-200,40%-50%
Frozen Bottle,2026-07-30,WK 31,Pallikaranai,In Store,Dinner,COCO,TN,1300.13,774.87,65.04,2075.0,0,5,37.343132530120485,260.026,200-300,30%-40%
Frozen Bottle,2026-07-30,WK 31,Pallikaranai,In Store,Lunch,COCO,TN,437.0,0.0,21.86,437.0,0,2,0.0,218.5,200-300,0%
Frozen Bottle,2026-07-30,WK 31,Pallikaranai,In Store,Snacks,COCO,TN,541.34,192.66,27.06,734.0,0,3,26.247956403269757,180.4466666666667,100-200,20%-30%
Frozen Bottle,2026-07-30,WK 31,Pallikaranai,Swiggy,Dinner,COCO,TN,1983.77,1496.56,0.0,3340.33,0,8,44.80275900884044,247.97125,200-300,40%-50%
Frozen Bottle,2026-07-30,WK 31,Pallikaranai,Swiggy,Late Night,COCO,TN,843.2,572.13,0.0,1345.33,0,4,42.52711230701761,210.8,200-300,40%-50%
Frozen Bottle,2026-07-30,WK 31,Pallikaranai,Swiggy,Snacks,COCO,TN,921.2,749.8,0.0,1611.0,0,4,46.54252017380509,230.3,200-300,40%-50%
Frozen Bottle,2026-07-30,WK 31,Pallikaranai,Zomato,Dinner,COCO,TN,1511.5,1301.5,75.6,2713.0,0,6,47.97272392185772,251.91666666666666,200-300,40%-50%
Frozen Bottle,2026-07-30,WK 31,Pallikaranai,Zomato,Late Night,COCO,TN,211.0,120.0,10.56,321.0,0,1,37.38317757009346,211.0,200-300,30%-40%
Frozen Bottle,2026-07-30,WK 31,Pallikaranai,Zomato,Lunch,COCO,TN,578.0,339.0,28.92,887.0,0,2,38.21871476888388,289.0,200-300,30%-40%
Frozen Bottle,2026-07-30,WK 31,Pallikaranai,Zomato,Snacks,COCO,TN,361.0,299.0,18.06,640.0,0,1,46.71875,361.0,300-400,40%-50%
Frozen Bottle,2026-07-30,WK 31,Parbhani,In Store,Dinner,FOFO,MH,1821.0,0.0,91.06,1821.0,0,4,0.0,455.25,400-500,0%
Frozen Bottle,2026-07-30,WK 31,Parbhani,In Store,Snacks,FOFO,MH,1112.0,0.0,55.64,1112.0,0,5,0.0,222.4,200-300,0%
Frozen Bottle,2026-07-30,WK 31,Parbhani,Swiggy,Closing,FOFO,MH,318.0,1.0,0.0,319.0,0,1,0.3134796238244514,318.0,300-400,1%-10%
Frozen Bottle,2026-07-30,WK 31,Parbhani,Swiggy,Dinner,FOFO,MH,289.0,41.0,0.0,330.0,0,1,12.424242424242424,289.0,200-300,10%-20%
Frozen Bottle,2026-07-30,WK 31,Parbhani,Swiggy,Snacks,FOFO,MH,320.0,0.0,0.0,310.0,0,1,0.0,320.0,300-400,0%
Frozen Bottle,2026-07-30,WK 31,Parbhani,Zomato,Closing,FOFO,MH,270.0,250.0,13.5,500.0,0,1,50.0,270.0,200-300,40%-50%
Frozen Bottle,2026-07-30,WK 31,Parbhani,Zomato,Dinner,FOFO,MH,1731.6399999999999,246.36,86.6,1908.0,0,7,12.91194968553459,247.37714285714284,200-300,10%-20%
Frozen Bottle,2026-07-30,WK 31,Parbhani,Zomato,Late Night,FOFO,MH,914.27,74.73,45.72,959.0,0,2,7.792492179353494,457.135,400-500,1%-10%
Frozen Bottle,2026-07-30,WK 31,Parbhani,Zomato,Lunch,FOFO,MH,372.7,27.3,18.64,390.0,0,1,7.000000000000001,372.7,300-400,1%-10%
Frozen Bottle,2026-07-30,WK 31,Parbhani,Zomato,Snacks,FOFO,MH,290.0,0.0,14.5,280.0,0,1,0.0,290.0,200-300,0%
Frozen Bottle,2026-07-30,WK 31,Perambur - CK,Swiggy,Breakfast,COCO,TN,278.0,202.0,0.0,460.0,0,1,43.913043478260875,278.0,200-300,40%-50%
Frozen Bottle,2026-07-30,WK 31,Perambur - CK,Swiggy,Dinner,COCO,TN,2105.05,1365.59,0.0,3380.64,0,6,40.39442235789673,350.8416666666667,300-400,40%-50%
Frozen Bottle,2026-07-30,WK 31,Perambur - CK,Swiggy,Late Night,COCO,TN,786.0,365.0,0.0,1111.0,0,3,32.853285328532856,262.0,200-300,30%-40%
Frozen Bottle,2026-07-30,WK 31,Perambur - CK,Swiggy,Lunch,COCO,TN,428.0,383.0,0.0,791.0,0,2,48.419721871049305,214.0,200-300,40%-50%
Frozen Bottle,2026-07-30,WK 31,Perambur - CK,Swiggy,Snacks,COCO,TN,485.4,414.6,0.0,870.0,0,4,47.6551724137931,121.35,100-200,40%-50%
Frozen Bottle,2026-07-30,WK 31,Perambur - CK,Zomato,Breakfast,COCO,TN,169.5,159.5,8.48,319.0,0,1,50.0,169.5,100-200,40%-50%
Frozen Bottle,2026-07-30,WK 31,Perambur - CK,Zomato,Dinner,COCO,TN,474.0,444.0,23.72,888.0,0,2,50.0,237.0,200-300,40%-50%
Frozen Bottle,2026-07-30,WK 31,Perambur - CK,Zomato,Late Night,COCO,TN,315.0,295.0,15.76,590.0,0,2,50.0,157.5,100-200,40%-50%
Frozen Bottle,2026-07-30,WK 31,Perambur - CK,Zomato,Lunch,COCO,TN,465.0,365.0,23.259999999999998,800.0,0,2,45.625,232.5,200-300,40%-50%
Frozen Bottle,2026-07-30,WK 31,Perambur - CK,Zomato,Snacks,COCO,TN,477.0,342.0,23.86,789.0,0,2,43.346007604562736,238.5,200-300,40%-50%
Frozen Bottle,2026-07-30,WK 31,Pimple Saudagar,In Store,Dinner,FOFO,MH,244.23,0.0,12.22,244.23,0,1,0.0,244.23,200-300,0%
Frozen Bottle,2026-07-30,WK 31,Pimple Saudagar,Swiggy,Dinner,FOFO,MH,880.01,159.99,0.0,1010.0,0,2,15.840594059405941,440.005,400-500,10%-20%
Frozen Bottle,2026-07-30,WK 31,Pimple Saudagar,Swiggy,Lunch,FOFO,MH,542.0,100.0,0.0,622.0,0,1,16.077170418006432,542.0,500-600,10%-20%
Frozen Bottle,2026-07-30,WK 31,Pimple Saudagar,Zomato,Dinner,FOFO,MH,290.0,50.0,14.5,330.0,0,1,15.151515151515152,290.0,200-300,10%-20%
Frozen Bottle,2026-07-30,WK 31,Pimple Saudagar,Zomato,Late Night,FOFO,MH,240.0,100.0,12.0,330.0,0,1,30.303030303030305,240.0,200-300,30%-40%
Frozen Bottle,2026-07-30,WK 31,Pimple Saudagar,Zomato,Snacks,FOFO,MH,883.0,46.0,44.16,899.0,0,2,5.116796440489433,441.5,400-500,1%-10%
Frozen Bottle,2026-07-30,WK 31,Pimpri Chinchwad,In Store,Snacks,FOFO,MH,408.0,0.0,20.4,408.0,0,1,0.0,408.0,400-500,0%
Frozen Bottle,2026-07-30,WK 31,Pimpri Chinchwad,Swiggy,Snacks,FOFO,MH,780.0,0.0,0.0,760.0,0,2,0.0,390.0,300-400,0%
Frozen Bottle,2026-07-30,WK 31,Pimpri Chinchwad,Zomato,Dinner,FOFO,MH,341.0,0.0,17.06,331.0,0,1,0.0,341.0,300-400,0%
Frozen Bottle,2026-07-30,WK 31,Pimpri Chinchwad,Zomato,Snacks,FOFO,MH,171.0,69.0,8.56,230.0,0,1,30.0,171.0,100-200,20%-30%
Frozen Bottle,2026-07-30,WK 31,Poonamalle,In Store,Dinner,FOFO,TN,1611.0,0.0,80.58,1611.0,0,5,0.0,322.2,300-400,0%
Frozen Bottle,2026-07-30,WK 31,Poonamalle,In Store,Lunch,FOFO,TN,1566.23,0.0,78.32,1566.23,0,4,0.0,391.5575,300-400,0%
Frozen Bottle,2026-07-30,WK 31,Poonamalle,In Store,Snacks,FOFO,TN,1487.0,0.0,74.38,1487.0,0,7,0.0,212.42857142857142,200-300,0%
Frozen Bottle,2026-07-30,WK 31,Poonamalle,Swiggy,Dinner,FOFO,TN,300.0,0.0,0.0,280.0,0,1,0.0,300.0,200-300,0%
Frozen Bottle,2026-07-30,WK 31,Poonamalle,Swiggy,Lunch,FOFO,TN,679.01,159.99,0.0,799.0,0,1,20.02377972465582,679.01,600-900,20%-30%
Frozen Bottle,2026-07-30,WK 31,Poonamalle,Swiggy,Snacks,FOFO,TN,350.0,0.0,0.0,330.0,0,1,0.0,350.0,300-400,0%
Frozen Bottle,2026-07-30,WK 31,Poonamalle,Zomato,Dinner,FOFO,TN,190.0,100.0,9.5,280.0,0,1,35.714285714285715,190.0,100-200,30%-40%
Frozen Bottle,2026-07-30,WK 31,Poonamalle,Zomato,Snacks,FOFO,TN,1011.0,0.0,50.56,981.0,0,1,0.0,1011.0,>900,0%
Frozen Bottle,2026-07-30,WK 31,Powai- CF - CK,Swiggy,Dinner,COCO,MH,1130.05,960.59,0.0,2020.6399999999999,0,6,47.53889856679073,188.34166666666667,100-200,40%-50%
Frozen Bottle,2026-07-30,WK 31,Powai- CF - CK,Swiggy,Late Night,COCO,MH,178.0,112.0,0.0,280.0,0,1,40.0,178.0,100-200,30%-40%
Frozen Bottle,2026-07-30,WK 31,Powai- CF - CK,Swiggy,Snacks,COCO,MH,276.0,202.0,0.0,458.0,0,1,44.10480349344978,276.0,200-300,40%-50%
Frozen Bottle,2026-07-30,WK 31,Powai- CF - CK,Zomato,Dinner,COCO,MH,4868.2,3888.13,243.54,8476.33,0,13,45.870441570821335,374.4769230769231,300-400,40%-50%
Frozen Bottle,2026-07-30,WK 31,Powai- CF - CK,Zomato,Late Night,COCO,MH,275.0,255.0,13.76,510.0,0,2,50.0,137.5,100-200,40%-50%
Frozen Bottle,2026-07-30,WK 31,Powai- CF - CK,Zomato,Lunch,COCO,MH,1142.7,770.3,57.16,1853.0,0,3,41.570426335671876,380.90000000000003,300-400,40%-50%
Frozen Bottle,2026-07-30,WK 31,Powai- CF - CK,Zomato,Snacks,COCO,MH,486.56,461.77,24.34,928.33,0,1,49.74200984563679,486.56,400-500,40%-50%
Frozen Bottle,2026-07-30,WK 31,Prabhadevi,Swiggy,Dinner,COCO,MH,972.2,666.8,0.0,1569.0,0,5,42.49840662842574,194.44,100-200,40%-50%
Frozen Bottle,2026-07-30,WK 31,Prabhadevi,Swiggy,Late Night,COCO,MH,488.0,112.0,0.0,580.0,0,2,19.310344827586206,244.0,200-300,10%-20%
Frozen Bottle,2026-07-30,WK 31,Prabhadevi,Swiggy,Lunch,COCO,MH,1537.2,603.8,0.0,2071.0,0,6,29.154997585707388,256.2,200-300,20%-30%
Frozen Bottle,2026-07-30,WK 31,Prabhadevi,Swiggy,Snacks,COCO,MH,609.6800000000001,567.3199999999999,0.0,1127.0,0,5,50.338952972493345,121.936,100-200,50%-60%
Frozen Bottle,2026-07-30,WK 31,Prabhadevi,Zomato,Closing,COCO,MH,125.0,115.0,6.26,230.0,0,1,50.0,125.0,100-200,40%-50%
Frozen Bottle,2026-07-30,WK 31,Prabhadevi,Zomato,Dinner,COCO,MH,2556.1,2151.9,127.84,4558.0,0,8,47.21149627029399,319.5125,300-400,40%-50%
Frozen Bottle,2026-07-30,WK 31,Prabhadevi,Zomato,Late Night,COCO,MH,1548.2,799.8,77.42,2288.0,0,3,34.95629370629371,516.0666666666667,500-600,30%-40%
Frozen Bottle,2026-07-30,WK 31,Prabhadevi,Zomato,Lunch,COCO,MH,1070.72,1019.28,53.54,2020.0,0,5,50.45940594059406,214.144,200-300,50%-60%
Frozen Bottle,2026-07-30,WK 31,Prabhadevi,Zomato,Snacks,COCO,MH,1243.22,1213.79,62.2,2386.99,0,2,50.850233976681935,621.61,600-900,50%-60%
Frozen Bottle,2026-07-30,WK 31,Puducherry,In Store,Snacks,FOFO,TN,895.0,0.0,44.76,895.0,0,2,0.0,447.5,400-500,0%
Frozen Bottle,2026-07-30,WK 31,Puducherry,Swiggy,Lunch,FOFO,TN,2059.0,0.0,0.0,1989.0,0,1,0.0,2059.0,>900,0%
Frozen Bottle,2026-07-30,WK 31,Puducherry,Swiggy,Snacks,FOFO,TN,280.0,0.0,0.0,270.0,0,1,0.0,280.0,200-300,0%
Frozen Bottle,2026-07-30,WK 31,Puducherry,Zomato,Dinner,FOFO,TN,1222.0,0.0,61.1,1182.0,0,1,0.0,1222.0,>900,0%
Frozen Bottle,2026-07-30,WK 31,Puducherry,Zomato,Lunch,FOFO,TN,1208.0,0.0,60.4,1178.0,0,1,0.0,1208.0,>900,0%
Frozen Bottle,2026-07-30,WK 31,RT Nagar,In Store,Dinner,FOFO,KA,1085.0,0.0,54.260000000000005,1085.0,0,3,0.0,361.6666666666667,300-400,0%
Frozen Bottle,2026-07-30,WK 31,RT Nagar,In Store,Snacks,FOFO,KA,955.0,0.0,47.78,955.0,0,4,0.0,238.75,200-300,0%
Frozen Bottle,2026-07-30,WK 31,RT Nagar,Swiggy,Late Night,FOFO,KA,109.0,131.0,0.0,230.0,0,1,56.95652173913044,109.0,100-200,50%-60%
Frozen Bottle,2026-07-30,WK 31,RT Nagar,Swiggy,Snacks,FOFO,KA,1039.0,289.0,0.0,1298.0,0,2,22.26502311248074,519.5,500-600,20%-30%
Frozen Bottle,2026-07-30,WK 31,RT Nagar,Zomato,Dinner,FOFO,KA,750.0,0.0,37.519999999999996,720.0,0,3,0.0,250.0,200-300,0%
Frozen Bottle,2026-07-30,WK 31,RT Nagar,Zomato,Lunch,FOFO,KA,260.0,0.0,13.0,250.0,0,1,0.0,260.0,200-300,0%
Frozen Bottle,2026-07-30,WK 31,RT Nagar,Zomato,Snacks,FOFO,KA,418.0,0.0,20.92,398.0,0,2,0.0,209.0,200-300,0%
Frozen Bottle,2026-07-30,WK 31,Race Course Road,In Store,Dinner,COCO,TN,796.0,0.0,39.8,796.0,0,1,0.0,796.0,600-900,0%
Frozen Bottle,2026-07-30,WK 31,Race Course Road,In Store,Late Night,COCO,TN,217.0,0.0,10.86,217.0,0,1,0.0,217.0,200-300,0%
Frozen Bottle,2026-07-30,WK 31,Race Course Road,In Store,Lunch,COCO,TN,1491.22,128.78,74.56,1620.0,0,5,7.949382716049383,298.244,200-300,1%-10%
Frozen Bottle,2026-07-30,WK 31,Race Course Road,In Store,Snacks,COCO,TN,955.0,0.0,47.76,955.0,0,1,0.0,955.0,>900,0%
Frozen Bottle,2026-07-30,WK 31,Race Course Road,Swiggy,Dinner,COCO,TN,2321.0,1740.0,0.0,3901.0,0,11,44.603947705716486,211.0,200-300,40%-50%
Frozen Bottle,2026-07-30,WK 31,Race Course Road,Swiggy,Late Night,COCO,TN,2785.01,1671.99,0.0,4287.0,0,7,39.00139958012596,397.85857142857145,300-400,30%-40%
Frozen Bottle,2026-07-30,WK 31,Race Course Road,Swiggy,Lunch,COCO,TN,2570.12,1197.88,0.0,3628.0,0,7,33.01764057331864,367.15999999999997,300-400,30%-40%
Frozen Bottle,2026-07-30,WK 31,Race Course Road,Swiggy,Snacks,COCO,TN,1915.0,1026.0,0.0,2851.0,0,8,35.98737285163101,239.375,200-300,30%-40%
Frozen Bottle,2026-07-30,WK 31,Race Course Road,Zomato,Dinner,COCO,TN,3008.0,2534.0,150.46,5372.0,0,10,47.17051377513031,300.8,300-400,40%-50%
Frozen Bottle,2026-07-30,WK 31,Race Course Road,Zomato,Late Night,COCO,TN,691.0,280.0,34.56,941.0,0,2,29.75557917109458,345.5,300-400,20%-30%
Frozen Bottle,2026-07-30,WK 31,Race Course Road,Zomato,Lunch,COCO,TN,1234.0,955.0,61.739999999999995,2119.0,0,4,45.06842850401133,308.5,300-400,40%-50%
Frozen Bottle,2026-07-30,WK 31,Race Course Road,Zomato,Snacks,COCO,TN,1974.0,1615.0,98.72,3469.0,0,6,46.555203228596135,329.0,300-400,40%-50%
Frozen Bottle,2026-07-30,WK 31,Raichur,In Store,Dinner,FOFO,KA,556.0,0.0,27.82,556.0,0,2,0.0,278.0,200-300,0%
Frozen Bottle,2026-07-30,WK 31,Raichur,In Store,Late Night,FOFO,KA,218.0,0.0,10.9,218.0,0,1,0.0,218.0,200-300,0%
Frozen Bottle,2026-07-30,WK 31,Raichur,Swiggy,Dinner,FOFO,KA,180.0,100.0,9.0,270.0,0,1,37.03703703703704,180.0,100-200,30%-40%
Frozen Bottle,2026-07-30,WK 31,Raipur-1,In Store,Dinner,FOFO,ROI,209.0,0.0,10.46,209.0,0,1,0.0,209.0,200-300,0%
Frozen Bottle,2026-07-30,WK 31,Raipur-1,Swiggy,Late Night,FOFO,ROI,480.0,0.0,0.0,460.0,0,1,0.0,480.0,400-500,0%
Frozen Bottle,2026-07-30,WK 31,Raipur-1,Zomato,Dinner,FOFO,ROI,209.0,100.0,10.46,299.0,0,1,33.44481605351171,209.0,200-300,30%-40%
Frozen Bottle,2026-07-30,WK 31,Raipur-1,Zomato,Late Night,FOFO,ROI,686.1,250.9,34.34,897.0,0,3,27.971014492753625,228.70000000000002,200-300,20%-30%
Frozen Bottle,2026-07-30,WK 31,Raipur-1,Zomato,Snacks,FOFO,ROI,209.0,0.0,10.46,199.0,0,1,0.0,209.0,200-300,0%
Frozen Bottle,2026-07-30,WK 31,Raipur-2,In Store,Closing,FOFO,ROI,498.0,0.0,24.9,498.0,0,1,0.0,498.0,400-500,0%
Frozen Bottle,2026-07-30,WK 31,Raipur-2,Swiggy,Late Night,FOFO,ROI,424.01,74.99,0.0,479.0,0,1,15.65553235908142,424.01,400-500,10%-20%
Frozen Bottle,2026-07-30,WK 31,Raipur-2,Zomato,Dinner,FOFO,ROI,489.0,40.0,24.46,509.0,0,2,7.858546168958743,244.5,200-300,1%-10%
Frozen Bottle,2026-07-30,WK 31,Raipur-2,Zomato,Late Night,FOFO,ROI,803.9,126.1,40.2,890.0,0,2,14.168539325842696,401.95,400-500,10%-20%
Frozen Bottle,2026-07-30,WK 31,Ramanathapuram,In Store,Dinner,FOFO,TN,1073.0,0.0,53.66,1073.0,0,3,0.0,357.6666666666667,300-400,0%
Frozen Bottle,2026-07-30,WK 31,Ramanathapuram,In Store,Lunch,FOFO,TN,1343.0,0.0,67.16,1343.0,0,3,0.0,447.6666666666667,400-500,0%
Frozen Bottle,2026-07-30,WK 31,Ramanathapuram,In Store,Snacks,FOFO,TN,1806.0,0.0,90.36,1806.0,0,9,0.0,200.66666666666666,200-300,0%
Frozen Bottle,2026-07-30,WK 31,Ranchi,In Store,Dinner,FOFO,ROI,1419.0,0.0,70.98,1419.0,0,7,0.0,202.71428571428572,200-300,0%
Frozen Bottle,2026-07-30,WK 31,Ranchi,In Store,Lunch,FOFO,ROI,198.0,0.0,9.9,198.0,0,1,0.0,198.0,100-200,0%
Frozen Bottle,2026-07-30,WK 31,Ranchi,In Store,Snacks,FOFO,ROI,507.0,0.0,25.380000000000003,507.0,0,3,0.0,169.0,100-200,0%
Frozen Bottle,2026-07-30,WK 31,Ranchi,Zomato,Snacks,FOFO,ROI,384.0,135.0,19.2,499.0,0,2,27.054108216432866,192.0,100-200,20%-30%
Frozen Bottle,2026-07-30,WK 31,Ravipuram,In Store,Closing,COCO,Kerela,191.2,186.8,9.56,378.0,0,1,49.417989417989425,191.2,100-200,40%-50%
Frozen Bottle,2026-07-30,WK 31,Ravipuram,In Store,Dinner,COCO,Kerela,328.0,0.0,16.42,328.0,0,2,0.0,164.0,100-200,0%
Frozen Bottle,2026-07-30,WK 31,Ravipuram,In Store,Lunch,COCO,Kerela,3874.0,0.0,193.82,3874.0,0,19,0.0,203.89473684210526,200-300,0%
Frozen Bottle,2026-07-30,WK 31,Ravipuram,In Store,Snacks,COCO,Kerela,2515.0,0.0,125.8,2515.0,0,10,0.0,251.5,200-300,0%
Frozen Bottle,2026-07-30,WK 31,Ravipuram,Swiggy,Breakfast,COCO,Kerela,955.0,401.0,0.0,1306.0,0,2,30.704441041347625,477.5,400-500,30%-40%
Frozen Bottle,2026-07-30,WK 31,Ravipuram,Swiggy,Closing,COCO,Kerela,368.0,112.0,0.0,470.0,0,1,23.829787234042556,368.0,300-400,20%-30%
Frozen Bottle,2026-07-30,WK 31,Ravipuram,Swiggy,Dinner,COCO,Kerela,3624.22,2080.11,0.0,5484.33,0,13,37.92824283002664,278.7861538461538,200-300,30%-40%
Frozen Bottle,2026-07-30,WK 31,Ravipuram,Swiggy,Late Night,COCO,Kerela,1964.2,1485.13,0.0,3299.33,0,8,45.0130784128899,245.525,200-300,40%-50%
Frozen Bottle,2026-07-30,WK 31,Ravipuram,Swiggy,Lunch,COCO,Kerela,1918.4,1433.5900000000001,0.0,3211.99,0,9,44.632455269163366,213.15555555555557,200-300,40%-50%
Frozen Bottle,2026-07-30,WK 31,Ravipuram,Swiggy,Snacks,COCO,Kerela,644.2,674.8,0.0,1259.0,0,2,53.59809372517871,322.1,300-400,50%-60%
Frozen Bottle,2026-07-30,WK 31,Ravipuram,Zomato,Dinner,COCO,Kerela,3353.4,2554.6,167.76,5708.0,0,12,44.754730203223545,279.45,200-300,40%-50%
Frozen Bottle,2026-07-30,WK 31,Ravipuram,Zomato,Late Night,COCO,Kerela,1155.6399999999999,765.0,57.8,1850.6399999999999,0,5,41.337050966152255,231.128,200-300,40%-50%
Frozen Bottle,2026-07-30,WK 31,Ravipuram,Zomato,Lunch,COCO,Kerela,999.0,910.0,49.96,1849.0,0,4,49.215792320173065,249.75,200-300,40%-50%
Frozen Bottle,2026-07-30,WK 31,Ravipuram,Zomato,Snacks,COCO,Kerela,740.5,690.5,37.04,1381.0,0,2,50.0,370.25,300-400,40%-50%
Frozen Bottle,2026-07-30,WK 31,SEAWOOD,In Store,Dinner,COCO,MH,1602.27,823.96,80.16,2426.23,0,9,33.960506629627034,178.03,100-200,30%-40%
Frozen Bottle,2026-07-30,WK 31,SEAWOOD,In Store,Late Night,COCO,MH,588.99,741.01,29.44,1330.0,0,1,55.71503759398496,588.99,500-600,50%-60%
Frozen Bottle,2026-07-30,WK 31,SEAWOOD,In Store,Lunch,COCO,MH,634.3,59.7,31.740000000000002,694.0,0,3,8.602305475504323,211.4333333333333,200-300,1%-10%
Frozen Bottle,2026-07-30,WK 31,SEAWOOD,In Store,Snacks,COCO,MH,209.0,0.0,10.46,209.0,0,1,0.0,209.0,200-300,0%
Frozen Bottle,2026-07-30,WK 31,SEAWOOD,Others,Lunch,COCO,MH,134.20999999999998,245.79,6.7,360.0,0,1,68.27499999999999,134.20999999999998,100-200,60%-70%
Frozen Bottle,2026-07-30,WK 31,SEAWOOD,Swiggy,Dinner,COCO,MH,2040.01,1348.17,0.0,3278.1800000000003,0,7,41.125563574910466,291.43,200-300,40%-50%
Frozen Bottle,2026-07-30,WK 31,SEAWOOD,Swiggy,Late Night,COCO,MH,565.4,693.6,0.0,1209.0,0,3,57.3697270471464,188.46666666666667,100-200,50%-60%
Frozen Bottle,2026-07-30,WK 31,SEAWOOD,Swiggy,Lunch,COCO,MH,687.2,474.8,0.0,1122.0,0,5,42.317290552584666,137.44,100-200,40%-50%
Frozen Bottle,2026-07-30,WK 31,SEAWOOD,Swiggy,Snacks,COCO,MH,208.0,112.0,0.0,310.0,0,1,36.12903225806451,208.0,200-300,30%-40%
Frozen Bottle,2026-07-30,WK 31,SEAWOOD,Zomato,Dinner,COCO,MH,1680.0,1510.0,84.02000000000001,3090.0,0,4,48.86731391585761,420.0,400-500,40%-50%
Frozen Bottle,2026-07-30,WK 31,SEAWOOD,Zomato,Late Night,COCO,MH,410.0,180.0,20.5,570.0,0,1,31.57894736842105,410.0,400-500,30%-40%
Frozen Bottle,2026-07-30,WK 31,SEAWOOD,Zomato,Lunch,COCO,MH,1230.5,1010.5,61.54,2161.0,0,5,46.760758907913,246.1,200-300,40%-50%
Frozen Bottle,2026-07-30,WK 31,Sahakarnagar,In Store,Dinner,FOFO,KA,2190.05,0.0,109.52000000000001,2190.05,0,7,0.0,312.86428571428576,300-400,0%
Frozen Bottle,2026-07-30,WK 31,Sahakarnagar,In Store,Lunch,FOFO,KA,303.0,0.0,15.16,303.0,0,1,0.0,303.0,300-400,0%
Frozen Bottle,2026-07-30,WK 31,Sahakarnagar,In Store,Snacks,FOFO,KA,388.0,0.0,19.4,388.0,0,1,0.0,388.0,300-400,0%
Frozen Bottle,2026-07-30,WK 31,Sahakarnagar,Swiggy,Dinner,FOFO,KA,1114.0,0.0,0.0,1074.0,0,2,0.0,557.0,500-600,0%
Frozen Bottle,2026-07-30,WK 31,Sahakarnagar,Zomato,Dinner,FOFO,KA,570.0,0.0,28.5,550.0,0,2,0.0,285.0,200-300,0%
Frozen Bottle,2026-07-30,WK 31,Sahakarnagar,Zomato,Lunch,FOFO,KA,350.0,0.0,17.5,340.0,0,1,0.0,350.0,300-400,0%
Frozen Bottle,2026-07-30,WK 31,Saharanpur,In Store,Dinner,FOFO,ROI,497.0,0.0,24.880000000000003,497.0,0,3,0.0,165.66666666666666,100-200,0%
Frozen Bottle,2026-07-30,WK 31,Saharanpur,In Store,Lunch,FOFO,ROI,209.0,0.0,10.46,209.0,0,1,0.0,209.0,200-300,0%
Frozen Bottle,2026-07-30,WK 31,Salem,In Store,Dinner,FOFO,TN,3848.46,0.0,192.48,3848.46,0,11,0.0,349.86,300-400,0%
Frozen Bottle,2026-07-30,WK 31,Salem,In Store,Lunch,FOFO,TN,895.0,0.0,44.78,895.0,0,3,0.0,298.3333333333333,200-300,0%
Frozen Bottle,2026-07-30,WK 31,Salem,In Store,Snacks,FOFO,TN,1045.0,0.0,52.28,1045.0,0,4,0.0,261.25,200-300,0%
Frozen Bottle,2026-07-30,WK 31,Salem,Swiggy,Dinner,FOFO,TN,441.0,0.0,0.0,431.0,0,1,0.0,441.0,400-500,0%
Frozen Bottle,2026-07-30,WK 31,Salem,Zomato,Lunch,FOFO,TN,262.0,28.0,13.1,280.0,0,1,10.0,262.0,200-300,1%-10%
Frozen Bottle,2026-07-30,WK 31,Salem,Zomato,Snacks,FOFO,TN,638.9,33.1,31.96,652.0,0,2,5.076687116564417,319.45,300-400,1%-10%
Frozen Bottle,2026-07-30,WK 31,Sambalpur,Zomato,Dinner,FOFO,ROI,829.0,0.0,41.46,799.0,0,2,0.0,414.5,400-500,0%
Frozen Bottle,2026-07-30,WK 31,Sambalpur,Zomato,Snacks,FOFO,ROI,1533.0,0.0,76.66,1483.0,0,3,0.0,511.0,500-600,0%
Frozen Bottle,2026-07-30,WK 31,Saravanampatti,In Store,Dinner,FOFO,TN,1784.33,0.0,89.26,1784.33,0,8,0.0,223.04125,200-300,0%
Frozen Bottle,2026-07-30,WK 31,Saravanampatti,In Store,Lunch,FOFO,TN,267.0,0.0,13.36,267.0,0,2,0.0,133.5,100-200,0%
Frozen Bottle,2026-07-30,WK 31,Saravanampatti,In Store,Snacks,FOFO,TN,637.0,0.0,31.880000000000003,637.0,0,3,0.0,212.33333333333334,200-300,0%
Frozen Bottle,2026-07-30,WK 31,Saravanampatti,Swiggy,Lunch,FOFO,TN,1390.03,259.96999999999997,0.0,1600.0,0,2,16.248124999999998,695.015,600-900,10%-20%
Frozen Bottle,2026-07-30,WK 31,Saravanampatti,Swiggy,Snacks,FOFO,TN,1156.0,283.0,0.0,1389.0,0,2,20.374370050395967,578.0,500-600,20%-30%
Frozen Bottle,2026-07-30,WK 31,Saravanampatti,Zomato,Dinner,FOFO,TN,1346.0,369.0,67.32,1655.0,0,5,22.296072507552868,269.2,200-300,20%-30%
Frozen Bottle,2026-07-30,WK 31,Saravanampatti,Zomato,Snacks,FOFO,TN,338.0,0.0,16.9,318.0,0,1,0.0,338.0,300-400,0%
Frozen Bottle,2026-07-30,WK 31,Sarjapur Road,Ownly,Dinner,COCO,KA,179.0,0.0,8.96,179.0,0,1,0.0,179.0,100-200,0%
Frozen Bottle,2026-07-30,WK 31,Sarjapur Road,Swiggy,Breakfast,COCO,KA,134.0,121.0,0.0,245.0,0,1,49.38775510204081,134.0,100-200,40%-50%
Frozen Bottle,2026-07-30,WK 31,Sarjapur Road,Swiggy,Dinner,COCO,KA,3111.44,2604.56,0.0,5506.0,0,12,47.30403196512895,259.2866666666667,200-300,40%-50%
Frozen Bottle,2026-07-30,WK 31,Sarjapur Road,Swiggy,Late Night,COCO,KA,879.3199999999999,674.6800000000001,0.0,1484.0,0,6,45.463611859838274,146.5533333333333,100-200,40%-50%
Frozen Bottle,2026-07-30,WK 31,Sarjapur Road,Swiggy,Lunch,COCO,KA,139.0,101.0,0.0,230.0,0,1,43.913043478260875,139.0,100-200,40%-50%
Frozen Bottle,2026-07-30,WK 31,Sarjapur Road,Swiggy,Snacks,COCO,KA,568.12,547.88,0.0,1066.0,0,3,51.39587242026267,189.37333333333333,100-200,50%-60%
Frozen Bottle,2026-07-30,WK 31,Sarjapur Road,Zomato,Dinner,COCO,KA,1432.6,1186.4,71.64,2529.0,0,6,46.911822854883354,238.76666666666665,200-300,40%-50%
Frozen Bottle,2026-07-30,WK 31,Sarjapur Road,Zomato,Late Night,COCO,KA,1289.0,130.01,64.46000000000001,1379.01,0,2,9.427777898637428,644.5,600-900,1%-10%
Frozen Bottle,2026-07-30,WK 31,Sarjapur Road,Zomato,Lunch,COCO,KA,765.0,600.0,38.260000000000005,1325.0,0,2,45.28301886792453,382.5,300-400,40%-50%
Frozen Bottle,2026-07-30,WK 31,Sarjapur Road,Zomato,Snacks,COCO,KA,69.7,139.3,3.48,199.0,0,1,70.0,69.7,0-100,60%-70%
Frozen Bottle,2026-07-30,WK 31,Sarjapura 3,In Store,Dinner,FOFO,KA,148.0,0.0,7.4,148.0,0,1,0.0,148.0,100-200,0%
Frozen Bottle,2026-07-30,WK 31,Sarjapura 3,In Store,Lunch,FOFO,KA,368.0,0.0,18.4,368.0,0,1,0.0,368.0,300-400,0%
Frozen Bottle,2026-07-30,WK 31,Sarjapura 3,In Store,Snacks,FOFO,KA,446.0,0.0,22.32,446.0,0,3,0.0,148.66666666666666,100-200,0%
Frozen Bottle,2026-07-30,WK 31,Sarjapura 3,Swiggy,Dinner,FOFO,KA,396.0,332.0,0.0,728.0,0,2,45.604395604395606,198.0,100-200,40%-50%
Frozen Bottle,2026-07-30,WK 31,Sarjapura 3,Swiggy,Late Night,FOFO,KA,157.0,62.0,0.0,219.0,0,1,28.31050228310502,157.0,100-200,20%-30%
Frozen Bottle,2026-07-30,WK 31,Sarjapura 3,Swiggy,Snacks,FOFO,KA,455.8,253.2,0.0,699.0,0,2,36.223175965665234,227.9,200-300,30%-40%
Frozen Bottle,2026-07-30,WK 31,Sarjapura 3,Zomato,Dinner,FOFO,KA,1562.0,350.0,78.14,1842.0,0,6,19.001085776330076,260.3333333333333,200-300,10%-20%
Frozen Bottle,2026-07-30,WK 31,Sarjapura 3,Zomato,Lunch,FOFO,KA,350.85,200.0,17.56,520.85,0,2,38.39877123932034,175.425,100-200,30%-40%
Frozen Bottle,2026-07-30,WK 31,Sarjapura 3,Zomato,Snacks,FOFO,KA,1229.85,150.0,61.52,1319.85,0,5,11.364927832708263,245.96999999999997,200-300,10%-20%
Frozen Bottle,2026-07-30,WK 31,Sathanur,In Store,Dinner,FOFO,KA,1795.0,0.0,89.76,1795.0,0,11,0.0,163.1818181818182,100-200,0%
Frozen Bottle,2026-07-30,WK 31,Sathanur,In Store,Lunch,FOFO,KA,625.5600000000001,0.0,31.28,625.5600000000001,0,3,0.0,208.52,200-300,0%
Frozen Bottle,2026-07-30,WK 31,Sathanur,In Store,Snacks,FOFO,KA,691.23,0.0,34.58,691.23,0,3,0.0,230.41,200-300,0%
Frozen Bottle,2026-07-30,WK 31,Sathanur,Swiggy,Dinner,FOFO,KA,1493.08,605.9200000000001,0.0,2049.0,0,5,29.571498291849686,298.616,200-300,20%-30%
Frozen Bottle,2026-07-30,WK 31,Sathanur,Swiggy,Late Night,FOFO,KA,1085.1599999999999,765.1700000000001,0.0,1800.33,0,5,42.50165247482406,217.03199999999998,200-300,40%-50%
Frozen Bottle,2026-07-30,WK 31,Sathanur,Swiggy,Lunch,FOFO,KA,528.0,733.0,0.0,1261.0,0,2,58.12846946867566,264.0,200-300,50%-60%
Frozen Bottle,2026-07-30,WK 31,Sathanur,Swiggy,Snacks,FOFO,KA,90.0,109.0,0.0,199.0,0,1,54.773869346733676,90.0,0-100,50%-60%
Frozen Bottle,2026-07-30,WK 31,Sathanur,Zomato,Dinner,FOFO,KA,2145.9,429.1,107.3,2475.0,0,7,17.33737373737374,306.5571428571429,300-400,10%-20%
Frozen Bottle,2026-07-30,WK 31,Sathanur,Zomato,Late Night,FOFO,KA,1974.0,475.0,98.75999999999999,2369.0,0,6,20.050654284508234,329.0,300-400,20%-30%
Frozen Bottle,2026-07-30,WK 31,Sathanur,Zomato,Lunch,FOFO,KA,684.3,284.7,34.24,929.0,0,4,30.645855758880515,171.075,100-200,30%-40%
Frozen Bottle,2026-07-30,WK 31,Sathanur,Zomato,Snacks,FOFO,KA,1264.2,620.8,63.24,1815.0,0,6,34.20385674931129,210.70000000000002,200-300,30%-40%
Frozen Bottle,2026-07-30,WK 31,Seegehalli,In Store,Dinner,FOFO,KA,781.23,0.0,39.1,781.23,0,4,0.0,195.3075,100-200,0%
Frozen Bottle,2026-07-30,WK 31,Seegehalli,Zomato,Dinner,FOFO,KA,650.0,469.0,32.519999999999996,1069.0,0,3,43.87277829747428,216.66666666666666,200-300,40%-50%
Frozen Bottle,2026-07-30,WK 31,Seegehalli,Zomato,Lunch,FOFO,KA,149.3,59.7,7.46,199.0,0,1,30.0,149.3,100-200,20%-30%
Frozen Bottle,2026-07-30,WK 31,Seegehalli,Zomato,Snacks,FOFO,KA,149.3,59.7,7.46,199.0,0,1,30.0,149.3,100-200,20%-30%
Frozen Bottle,2026-07-30,WK 31,Selaiyur,In Store,Dinner,FOFO,TN,1605.0,0.0,80.32,1605.0,0,9,0.0,178.33333333333334,100-200,0%
Frozen Bottle,2026-07-30,WK 31,Selaiyur,In Store,Late Night,FOFO,TN,398.0,0.0,19.9,398.0,0,1,0.0,398.0,300-400,0%
Frozen Bottle,2026-07-30,WK 31,Selaiyur,In Store,Lunch,FOFO,TN,626.0,0.0,31.32,626.0,0,3,0.0,208.66666666666666,200-300,0%
Frozen Bottle,2026-07-30,WK 31,Selaiyur,Swiggy,Dinner,FOFO,TN,499.01,99.99,0.0,579.0,0,1,17.26943005181347,499.01,400-500,10%-20%
Frozen Bottle,2026-07-30,WK 31,Selaiyur,Swiggy,Late Night,FOFO,TN,780.01,179.99,0.0,930.0,0,2,19.353763440860217,390.005,300-400,10%-20%
Frozen Bottle,2026-07-30,WK 31,Selaiyur,Swiggy,Snacks,FOFO,TN,410.0,101.0,0.0,501.0,0,2,20.159680638722556,205.0,200-300,20%-30%
Frozen Bottle,2026-07-30,WK 31,Selaiyur,Zomato,Closing,FOFO,TN,140.0,100.0,7.0,230.0,0,1,43.47826086956522,140.0,100-200,40%-50%
Frozen Bottle,2026-07-30,WK 31,Selaiyur,Zomato,Late Night,FOFO,TN,326.0,75.0,16.3,381.0,0,1,19.68503937007874,326.0,300-400,10%-20%
Frozen Bottle,2026-07-30,WK 31,Selaiyur,Zomato,Lunch,FOFO,TN,425.0,95.0,21.26,500.0,0,1,19.0,425.0,400-500,10%-20%
Frozen Bottle,2026-07-30,WK 31,Sher- E-Punjab,Swiggy,Closing,COCO,MH,89.2,100.8,0.0,180.0,0,1,55.99999999999999,89.2,0-100,50%-60%
Frozen Bottle,2026-07-30,WK 31,Sher- E-Punjab,Swiggy,Dinner,COCO,MH,2392.21,1455.6399999999999,0.0,3717.85,0,9,39.15273612437296,265.80111111111114,200-300,30%-40%
Frozen Bottle,2026-07-30,WK 31,Sher- E-Punjab,Swiggy,Lunch,COCO,MH,566.0,354.0,0.0,890.0,0,1,39.7752808988764,566.0,500-600,30%-40%
Frozen Bottle,2026-07-30,WK 31,Sher- E-Punjab,Swiggy,Snacks,COCO,MH,666.2,845.8,0.0,1472.0,0,3,57.45923913043478,222.0666666666667,200-300,50%-60%
Frozen Bottle,2026-07-30,WK 31,Shivamogga,In Store,Dinner,COCO,KA,298.0,0.0,14.9,298.0,0,1,0.0,298.0,200-300,0%
Frozen Bottle,2026-07-30,WK 31,Shivamogga,In Store,Snacks,COCO,KA,773.0,0.0,38.66,773.0,0,3,0.0,257.6666666666667,200-300,0%
Frozen Bottle,2026-07-30,WK 31,Shivamogga,Swiggy,Dinner,COCO,KA,2465.25,903.75,0.0,3269.0,0,5,27.646069134291835,493.05,400-500,20%-30%
Frozen Bottle,2026-07-30,WK 31,Shivamogga,Swiggy,Snacks,COCO,KA,1702.0,0.0,0.0,1652.0,0,2,0.0,851.0,600-900,0%
Frozen Bottle,2026-07-30,WK 31,Sholinganallur,In Store,Dinner,FOFO,TN,1829.0,0.0,91.5,1829.0,0,8,0.0,228.625,200-300,0%
Frozen Bottle,2026-07-30,WK 31,Sholinganallur,In Store,Late Night,FOFO,TN,209.0,0.0,10.46,209.0,0,1,0.0,209.0,200-300,0%
Frozen Bottle,2026-07-30,WK 31,Sholinganallur,In Store,Lunch,FOFO,TN,896.83,0.0,44.839999999999996,896.83,0,5,0.0,179.366,100-200,0%
Frozen Bottle,2026-07-30,WK 31,Sholinganallur,In Store,Snacks,FOFO,TN,714.0,0.0,35.74,714.0,0,5,0.0,142.8,100-200,0%
Frozen Bottle,2026-07-30,WK 31,Sholinganallur,Swiggy,Dinner,FOFO,TN,1882.71,818.29,0.0,2581.0,0,5,31.704378148004647,376.54200000000003,300-400,30%-40%
Frozen Bottle,2026-07-30,WK 31,Sholinganallur,Swiggy,Lunch,FOFO,TN,139.0,101.0,0.0,230.0,0,1,43.913043478260875,139.0,100-200,40%-50%
Frozen Bottle,2026-07-30,WK 31,Sholinganallur,Zomato,Dinner,FOFO,TN,503.90000000000003,203.10000000000002,25.200000000000003,677.0,0,3,30.000000000000004,167.96666666666667,100-200,30%-40%
Frozen Bottle,2026-07-30,WK 31,Sholinganallur,Zomato,Late Night,FOFO,TN,521.0,150.0,26.06,651.0,0,1,23.04147465437788,521.0,500-600,20%-30%
Frozen Bottle,2026-07-30,WK 31,Sholinganallur,Zomato,Snacks,FOFO,TN,492.3,134.7,24.62,597.0,0,2,22.56281407035176,246.15,200-300,20%-30%
Frozen Bottle,2026-07-30,WK 31,Silchar,In Store,Lunch,FOFO,ROI,138.0,0.0,6.9,138.0,0,1,0.0,138.0,100-200,0%
Frozen Bottle,2026-07-30,WK 31,Silchar,In Store,Snacks,FOFO,ROI,249.0,0.0,12.46,249.0,0,1,0.0,249.0,200-300,0%
Frozen Bottle,2026-07-30,WK 31,Silchar,Swiggy,Dinner,FOFO,ROI,771.0,0.0,0.0,741.0,0,3,0.0,257.0,200-300,0%
Frozen Bottle,2026-07-30,WK 31,Silchar,Zomato,Dinner,FOFO,ROI,1163.0,285.0,58.18000000000001,1378.0,0,4,20.682148040638605,290.75,200-300,20%-30%
Frozen Bottle,2026-07-30,WK 31,Silchar,Zomato,Lunch,FOFO,ROI,430.0,50.0,21.5,460.0,0,1,10.869565217391305,430.0,400-500,10%-20%
Frozen Bottle,2026-07-30,WK 31,Silchar,Zomato,Snacks,FOFO,ROI,205.0,75.0,10.26,270.0,0,1,27.77777777777778,205.0,200-300,20%-30%
Frozen Bottle,2026-07-30,WK 31,Sinhagad,In Store,Dinner,COCO,MH,862.9,161.1,43.16,1024.0,0,5,15.732421875,172.57999999999998,100-200,10%-20%
Frozen Bottle,2026-07-30,WK 31,Sinhagad,In Store,Late Night,COCO,MH,0.0,69.0,0.0,69.0,0,1,100.0,0.0,,90%-100%
Frozen Bottle,2026-07-30,WK 31,Sinhagad,In Store,Lunch,COCO,MH,736.3,59.7,36.82,796.0,0,2,7.5,368.15,300-400,1%-10%
Frozen Bottle,2026-07-30,WK 31,Sinhagad,In Store,Snacks,COCO,MH,253.98000000000002,44.02,12.700000000000001,298.0,0,2,14.771812080536915,126.99000000000001,100-200,10%-20%
Frozen Bottle,2026-07-30,WK 31,Sinhagad,Others,Dinner,COCO,MH,381.57,574.4300000000001,19.08,916.0,0,2,62.71069868995633,190.785,100-200,60%-70%
Frozen Bottle,2026-07-30,WK 31,Sinhagad,Swiggy,Dinner,COCO,MH,1749.56,1631.44,0.0,3281.0,0,6,49.72386467540384,291.5933333333333,200-300,40%-50%
Frozen Bottle,2026-07-30,WK 31,Sinhagad,Swiggy,Late Night,COCO,MH,568.0,301.99,0.0,829.99,0,2,36.3847757201894,284.0,200-300,30%-40%
Frozen Bottle,2026-07-30,WK 31,Sinhagad,Swiggy,Lunch,COCO,MH,97.56,111.44,0.0,199.0,0,1,55.99999999999999,97.56,0-100,50%-60%
Frozen Bottle,2026-07-30,WK 31,Sinhagad,Swiggy,Snacks,COCO,MH,663.56,715.44,0.0,1349.0,0,4,53.034840622683475,165.89,100-200,50%-60%
Frozen Bottle,2026-07-30,WK 31,Sinhagad,Zomato,Closing,COCO,MH,125.0,115.0,6.26,230.0,0,1,50.0,125.0,100-200,40%-50%
Frozen Bottle,2026-07-30,WK 31,Sinhagad,Zomato,Dinner,COCO,MH,3822.0,2777.99,191.12,6379.99,0,11,43.542231257415764,347.45454545454544,300-400,40%-50%
Frozen Bottle,2026-07-30,WK 31,Sinhagad,Zomato,Late Night,COCO,MH,461.0,120.0,23.04,561.0,0,1,21.390374331550802,461.0,400-500,20%-30%
Frozen Bottle,2026-07-30,WK 31,Sinhagad,Zomato,Lunch,COCO,MH,349.0,270.0,17.46,599.0,0,1,45.07512520868113,349.0,300-400,40%-50%
Frozen Bottle,2026-07-30,WK 31,Sinhagad,Zomato,Snacks,COCO,MH,366.0,295.0,18.32,631.0,0,2,46.75118858954041,183.0,100-200,40%-50%
Frozen Bottle,2026-07-30,WK 31,Tata Sherwood,In Store,Dinner,COCO,KA,2424.14,198.03,121.22,2622.17,0,11,7.552141928250265,220.37636363636364,200-300,1%-10%
Frozen Bottle,2026-07-30,WK 31,Tata Sherwood,In Store,Late Night,COCO,KA,673.1,0.0,33.68,673.1,0,4,0.0,168.275,100-200,0%
Frozen Bottle,2026-07-30,WK 31,Tata Sherwood,In Store,Lunch,COCO,KA,129.0,0.0,6.46,129.0,0,1,0.0,129.0,100-200,0%
Frozen Bottle,2026-07-30,WK 31,Tata Sherwood,In Store,Snacks,COCO,KA,818.61,64.39,40.96,883.0,0,5,7.292185730464326,163.722,100-200,1%-10%
Frozen Bottle,2026-07-30,WK 31,Tata Sherwood,Ownly,Dinner,COCO,KA,556.0,0.0,27.82,556.0,0,3,0.0,185.33333333333334,100-200,0%
Frozen Bottle,2026-07-30,WK 31,Tata Sherwood,Ownly,Snacks,COCO,KA,183.0,0.0,9.16,183.0,0,1,0.0,183.0,100-200,0%
Frozen Bottle,2026-07-30,WK 31,Tata Sherwood,Swiggy,Breakfast,COCO,KA,97.56,111.44,0.0,199.0,0,1,55.99999999999999,97.56,0-100,50%-60%
Frozen Bottle,2026-07-30,WK 31,Tata Sherwood,Swiggy,Dinner,COCO,KA,6046.58,3349.42,0.0,9106.0,0,21,36.78256094882495,287.9323809523809,200-300,30%-40%
Frozen Bottle,2026-07-30,WK 31,Tata Sherwood,Swiggy,Late Night,COCO,KA,2028.78,1294.4,0.0,3183.18,0,9,40.66373877694633,225.42,200-300,40%-50%
Frozen Bottle,2026-07-30,WK 31,Tata Sherwood,Swiggy,Lunch,COCO,KA,635.0,484.0,0.0,1079.0,0,4,44.8563484708063,158.75,100-200,40%-50%
Frozen Bottle,2026-07-30,WK 31,Tata Sherwood,Swiggy,Snacks,COCO,KA,3090.56,2357.77,0.0,5258.33,0,11,44.83876059509388,280.96,200-300,40%-50%
Frozen Bottle,2026-07-30,WK 31,Tata Sherwood,Zomato,Dinner,COCO,KA,4341.2,4373.8,217.12,8415.0,0,18,51.97623291740939,241.17777777777778,200-300,50%-60%
Frozen Bottle,2026-07-30,WK 31,Tata Sherwood,Zomato,Late Night,COCO,KA,1453.5,792.5,72.72,2156.0,0,8,36.757884972170686,181.6875,100-200,30%-40%
Frozen Bottle,2026-07-30,WK 31,Tata Sherwood,Zomato,Lunch,COCO,KA,1442.54,1066.48,72.16,2389.02,0,5,44.640898778578666,288.508,200-300,40%-50%
Frozen Bottle,2026-07-30,WK 31,Tata Sherwood,Zomato,Snacks,COCO,KA,758.0,539.0,37.9,1247.0,0,3,43.22373696872494,252.66666666666666,200-300,40%-50%
Frozen Bottle,2026-07-30,WK 31,Thakur Village,In Store,Closing,COCO,MH,199.0,0.0,9.96,199.0,0,1,0.0,199.0,100-200,0%
Frozen Bottle,2026-07-30,WK 31,Thakur Village,In Store,Dinner,COCO,MH,542.13,649.87,27.1,1192.0,0,8,54.519295302013425,67.76625,0-100,50%-60%
Frozen Bottle,2026-07-30,WK 31,Thakur Village,In Store,Lunch,COCO,MH,45.12,63.88,2.26,109.0,0,1,58.60550458715596,45.12,0-100,50%-60%
Frozen Bottle,2026-07-30,WK 31,Thakur Village,Swiggy,Dinner,COCO,MH,2991.88,2093.12,0.0,4925.0,0,15,42.49989847715736,199.4586666666667,100-200,40%-50%
Frozen Bottle,2026-07-30,WK 31,Thakur Village,Swiggy,Late Night,COCO,MH,873.2,490.13,0.0,1303.33,0,4,37.60597853191441,218.3,200-300,30%-40%
Frozen Bottle,2026-07-30,WK 31,Thakur Village,Swiggy,Snacks,COCO,MH,308.0,192.0,0.0,480.0,0,2,40.0,154.0,100-200,30%-40%
Frozen Bottle,2026-07-30,WK 31,Thakur Village,Zomato,Dinner,COCO,MH,3570.9,3522.1,178.6,6863.0,0,9,51.32012239545388,396.76666666666665,300-400,50%-60%
Frozen Bottle,2026-07-30,WK 31,Thakur Village,Zomato,Late Night,COCO,MH,784.5,467.5,39.24,1212.0,0,3,38.57260726072607,261.5,200-300,30%-40%
Frozen Bottle,2026-07-30,WK 31,Thakur Village,Zomato,Lunch,COCO,MH,641.1,537.9,32.06,1139.0,0,2,47.225636523266026,320.55,300-400,40%-50%
Frozen Bottle,2026-07-30,WK 31,Thakur Village,Zomato,Snacks,COCO,MH,456.0,402.0,22.82,828.0,0,2,48.55072463768116,228.0,200-300,40%-50%
Frozen Bottle,2026-07-30,WK 31,Thanjavur,In Store,Dinner,FOFO,TN,2541.0,0.0,127.06,2541.0,0,4,0.0,635.25,600-900,0%
Frozen Bottle,2026-07-30,WK 31,Thanjavur,In Store,Lunch,FOFO,TN,940.23,0.0,47.04,940.23,0,3,0.0,313.41,300-400,0%
Frozen Bottle,2026-07-30,WK 31,Thanjavur,In Store,Snacks,FOFO,TN,1548.0,0.0,77.44,1548.0,0,4,0.0,387.0,300-400,0%
Frozen Bottle,2026-07-30,WK 31,Thanjavur,Swiggy,Lunch,FOFO,TN,1238.9,132.1,0.0,1321.0,0,1,10.0,1238.9,>900,1%-10%
Frozen Bottle,2026-07-30,WK 31,Thanjavur,Swiggy,Snacks,FOFO,TN,459.01,49.99,0.0,489.0,0,1,10.222903885480573,459.01,400-500,10%-20%
Frozen Bottle,2026-07-30,WK 31,Thanjavur,Zomato,Lunch,FOFO,TN,430.0,0.0,21.520000000000003,410.0,0,2,0.0,215.0,200-300,0%
Frozen Bottle,2026-07-30,WK 31,Thanjavur,Zomato,Snacks,FOFO,TN,549.0,0.0,27.46,529.0,0,2,0.0,274.5,200-300,0%
Frozen Bottle,2026-07-30,WK 31,Thiruvalla,In Store,Snacks,COCO,Kerela,258.0,0.0,12.9,258.0,0,1,0.0,258.0,200-300,0%
Frozen Bottle,2026-07-30,WK 31,Thiruvalla,Swiggy,Dinner,COCO,Kerela,1284.2,436.8,0.0,1661.0,0,4,26.29741119807345,321.05,300-400,20%-30%
Frozen Bottle,2026-07-30,WK 31,Thiruvalla,Swiggy,Lunch,COCO,Kerela,2919.76,1028.24,0.0,3798.0,0,9,27.07319641916798,324.4177777777778,300-400,20%-30%
Frozen Bottle,2026-07-30,WK 31,Thiruvalla,Swiggy,Snacks,COCO,Kerela,3259.7,2293.3,0.0,5353.0,0,11,42.8413973472819,296.3363636363636,200-300,40%-50%
Frozen Bottle,2026-07-30,WK 31,Thiruvalla,Zomato,Dinner,COCO,Kerela,1152.0,964.0,57.620000000000005,2046.0,0,5,47.116324535679375,230.4,200-300,40%-50%
Frozen Bottle,2026-07-30,WK 31,Thiruvalla,Zomato,Lunch,COCO,Kerela,2453.0,1902.0,122.7,4185.0,0,9,45.448028673835125,272.55555555555554,200-300,40%-50%
Frozen Bottle,2026-07-30,WK 31,Thiruvalla,Zomato,Snacks,COCO,Kerela,2837.0,2189.0,141.92,4856.0,0,9,45.07825370675453,315.22222222222223,300-400,40%-50%
Frozen Bottle,2026-07-30,WK 31,Thiruvananthpuram,In Store,Dinner,FOFO,Kerela,376.0,0.0,18.8,376.0,0,2,0.0,188.0,100-200,0%
Frozen Bottle,2026-07-30,WK 31,Thiruvananthpuram,In Store,Late Night,FOFO,Kerela,674.0,0.0,33.72,674.0,0,4,0.0,168.5,100-200,0%
Frozen Bottle,2026-07-30,WK 31,Thiruvananthpuram,In Store,Lunch,FOFO,Kerela,1174.0,0.0,58.72,1174.0,0,4,0.0,293.5,200-300,0%
Frozen Bottle,2026-07-30,WK 31,Thiruvananthpuram,In Store,Snacks,FOFO,Kerela,236.55,0.0,11.82,236.55,0,2,0.0,118.275,100-200,0%
Frozen Bottle,2026-07-30,WK 31,Thiruvananthpuram,Swiggy,Dinner,FOFO,Kerela,3031.01,199.99,0.0,3131.0,0,5,6.387416160970936,606.202,600-900,1%-10%
Frozen Bottle,2026-07-30,WK 31,Thiruvananthpuram,Swiggy,Late Night,FOFO,Kerela,939.0,0.0,0.0,909.0,0,2,0.0,469.5,400-500,0%
Frozen Bottle,2026-07-30,WK 31,Thiruvananthpuram,Swiggy,Lunch,FOFO,Kerela,746.0,152.0,0.0,878.0,0,3,17.312072892938495,248.66666666666666,200-300,10%-20%
Frozen Bottle,2026-07-30,WK 31,Thiruvananthpuram,Swiggy,Snacks,FOFO,Kerela,1846.0,60.0,0.0,1826.0,0,4,3.285870755750274,461.5,400-500,1%-10%
Frozen Bottle,2026-07-30,WK 31,Thiruvananthpuram,Zomato,Closing,FOFO,Kerela,667.2,160.79,33.38,797.99,0,1,20.149375305454956,667.2,600-900,20%-30%
Frozen Bottle,2026-07-30,WK 31,Thiruvananthpuram,Zomato,Dinner,FOFO,Kerela,1875.83,924.19,93.82000000000001,2710.02,0,3,34.102700349074915,625.2766666666666,600-900,30%-40%
Frozen Bottle,2026-07-30,WK 31,Thiruvananthpuram,Zomato,Lunch,FOFO,Kerela,880.0,280.0,44.0,1120.0,0,1,25.0,880.0,600-900,20%-30%
Frozen Bottle,2026-07-30,WK 31,Thiruvananthpuram,Zomato,Snacks,FOFO,Kerela,1447.43,918.5699999999999,72.41999999999999,2296.0,0,3,40.00740418118466,482.4766666666667,400-500,40%-50%
Frozen Bottle,2026-07-30,WK 31,Thoraipakkam,In Store,Dinner,COCO,TN,484.40999999999997,157.09,24.22,641.5,0,3,24.487918939984414,161.47,100-200,20%-30%
Frozen Bottle,2026-07-30,WK 31,Thoraipakkam,In Store,Snacks,COCO,TN,178.0,0.0,8.92,178.0,0,2,0.0,89.0,0-100,0%
Frozen Bottle,2026-07-30,WK 31,Thoraipakkam,Swiggy,Dinner,COCO,TN,2092.32,1835.68,0.0,3818.0,0,12,48.07962283918282,174.36,100-200,40%-50%
Frozen Bottle,2026-07-30,WK 31,Thoraipakkam,Swiggy,Late Night,COCO,TN,229.0,312.0,0.0,531.0,0,1,58.75706214689266,229.0,200-300,50%-60%
Frozen Bottle,2026-07-30,WK 31,Thoraipakkam,Swiggy,Lunch,COCO,TN,722.2,757.8,0.0,1430.0,0,3,52.993006993006986,240.73333333333335,200-300,50%-60%
Frozen Bottle,2026-07-30,WK 31,Thoraipakkam,Swiggy,Snacks,COCO,TN,1271.0,1055.0,0.0,2256.0,0,4,46.76418439716312,317.75,300-400,40%-50%
Frozen Bottle,2026-07-30,WK 31,Thoraipakkam,Zomato,Dinner,COCO,TN,2003.4,1782.6,100.2,3666.0,0,7,48.625204582651385,286.2,200-300,40%-50%
Frozen Bottle,2026-07-30,WK 31,Thoraipakkam,Zomato,Snacks,COCO,TN,488.2,529.8,24.42,978.0,0,1,54.171779141104295,488.2,400-500,50%-60%
Frozen Bottle,2026-07-30,WK 31,Tirunelveli,In Store,Breakfast,FOFO,TN,856.0,0.0,42.8,856.0,0,1,0.0,856.0,600-900,0%
Frozen Bottle,2026-07-30,WK 31,Tirunelveli,In Store,Dinner,FOFO,TN,4418.96,0.0,221.04000000000002,4418.96,0,15,0.0,294.5973333333333,200-300,0%
Frozen Bottle,2026-07-30,WK 31,Tirunelveli,In Store,Lunch,FOFO,TN,1433.0,0.0,71.66,1433.0,0,4,0.0,358.25,300-400,0%
Frozen Bottle,2026-07-30,WK 31,Tirunelveli,In Store,Snacks,FOFO,TN,1015.0,0.0,50.76,1015.0,0,2,0.0,507.5,500-600,0%
Frozen Bottle,2026-07-30,WK 31,Tirunelveli,Zomato,Dinner,FOFO,TN,141.0,0.0,7.06,131.0,0,1,0.0,141.0,100-200,0%
Frozen Bottle,2026-07-30,WK 31,Tirupati,In Store,Dinner,FOFO,AP & TL,4028.23,0.0,201.48,4028.23,0,13,0.0,309.86384615384617,300-400,0%
Frozen Bottle,2026-07-30,WK 31,Tirupati,In Store,Lunch,FOFO,AP & TL,3107.1,0.0,155.36,3107.1,0,8,0.0,388.3875,300-400,0%
Frozen Bottle,2026-07-30,WK 31,Tirupati,In Store,Snacks,FOFO,AP & TL,3520.23,0.0,176.06,3520.23,0,11,0.0,320.0209090909091,300-400,0%
Frozen Bottle,2026-07-30,WK 31,Tirupati,Swiggy,Closing,FOFO,AP & TL,259.0,0.0,0.0,249.0,0,1,0.0,259.0,200-300,0%
Frozen Bottle,2026-07-30,WK 31,Tirupati,Swiggy,Dinner,FOFO,AP & TL,1089.0,0.0,0.0,1049.0,0,3,0.0,363.0,300-400,0%
Frozen Bottle,2026-07-30,WK 31,Tirupati,Swiggy,Lunch,FOFO,AP & TL,499.0,0.0,0.0,479.0,0,2,0.0,249.5,200-300,0%
Frozen Bottle,2026-07-30,WK 31,Tirupati,Swiggy,Snacks,FOFO,AP & TL,1421.0,0.0,0.0,1371.0,0,3,0.0,473.6666666666667,400-500,0%
Frozen Bottle,2026-07-30,WK 31,Tirupati,Zomato,Closing,FOFO,AP & TL,189.1,19.9,9.46,199.0,0,1,10.0,189.1,100-200,1%-10%
Frozen Bottle,2026-07-30,WK 31,Tirupati,Zomato,Dinner,FOFO,AP & TL,2245.4,240.6,112.28,2406.0,0,5,10.0,449.08000000000004,400-500,1%-10%
Frozen Bottle,2026-07-30,WK 31,Tirupati,Zomato,Lunch,FOFO,AP & TL,804.0,86.0,40.2,860.0,0,2,10.0,402.0,400-500,1%-10%
Frozen Bottle,2026-07-30,WK 31,Tirupati,Zomato,Snacks,FOFO,AP & TL,1490.0,160.0,74.52,1600.0,0,3,10.0,496.6666666666667,400-500,1%-10%
Frozen Bottle,2026-07-30,WK 31,Tirupati-2,In Store,Dinner,FOFO,AP & TL,3965.69,0.0,198.38,3965.69,0,14,0.0,283.2635714285714,200-300,0%
Frozen Bottle,2026-07-30,WK 31,Tirupati-2,In Store,Lunch,FOFO,AP & TL,4119.1,0.0,206.0,4119.1,0,11,0.0,374.4636363636364,300-400,0%
Frozen Bottle,2026-07-30,WK 31,Tirupati-2,In Store,Snacks,FOFO,AP & TL,2742.05,0.0,137.14,2742.05,0,10,0.0,274.20500000000004,200-300,0%
Frozen Bottle,2026-07-30,WK 31,Tirupati-2,Swiggy,Dinner,FOFO,AP & TL,2903.0,3.0,0.0,2826.0,0,5,0.10615711252653928,580.6,500-600,1%-10%
Frozen Bottle,2026-07-30,WK 31,Tirupati-2,Swiggy,Snacks,FOFO,AP & TL,2131.0,0.0,0.0,2071.0,0,2,0.0,1065.5,>900,0%
Frozen Bottle,2026-07-30,WK 31,Tirupati-2,Zomato,Dinner,FOFO,AP & TL,1581.1,136.9,79.08,1658.0,0,4,8.256936067551267,395.275,300-400,1%-10%
Frozen Bottle,2026-07-30,WK 31,Tirupati-2,Zomato,Lunch,FOFO,AP & TL,525.8,56.2,26.3,562.0,0,1,10.0,525.8,500-600,1%-10%
Frozen Bottle,2026-07-30,WK 31,Tiruvallur,In Store,Dinner,FOFO,TN,1913.0,0.0,95.69999999999999,1913.0,0,9,0.0,212.55555555555554,200-300,0%
Frozen Bottle,2026-07-30,WK 31,Tiruvallur,In Store,Snacks,FOFO,TN,1935.3899999999999,0.0,96.78,1935.3899999999999,0,6,0.0,322.565,300-400,0%
Frozen Bottle,2026-07-30,WK 31,Tiruvallur,Swiggy,Dinner,FOFO,TN,309.0,0.0,0.0,299.0,0,1,0.0,309.0,300-400,0%
Frozen Bottle,2026-07-30,WK 31,Tiruvallur,Swiggy,Lunch,FOFO,TN,209.0,0.0,0.0,199.0,0,1,0.0,209.0,200-300,0%
Frozen Bottle,2026-07-30,WK 31,Tiruvallur,Swiggy,Snacks,FOFO,TN,1002.0,0.0,0.0,962.0,0,3,0.0,334.0,300-400,0%
Frozen Bottle,2026-07-30,WK 31,Tiruvallur,Zomato,Dinner,FOFO,TN,946.9,212.10999999999999,47.34,1109.01,0,3,19.126067393440994,315.6333333333333,300-400,10%-20%
Frozen Bottle,2026-07-30,WK 31,Tiruvallur,Zomato,Lunch,FOFO,TN,363.2,85.8,18.16,429.0,0,2,20.0,181.6,100-200,10%-20%
Frozen Bottle,2026-07-30,WK 31,Tiruvallur,Zomato,Snacks,FOFO,TN,643.0,175.0,32.16,788.0,0,2,22.20812182741117,321.5,300-400,20%-30%
Frozen Bottle,2026-07-30,WK 31,Trichy,In Store,Dinner,FOFO,TN,4642.23,0.0,232.16,4642.23,0,13,0.0,357.09461538461534,300-400,0%
Frozen Bottle,2026-07-30,WK 31,Trichy,In Store,Lunch,FOFO,TN,2794.0,0.0,139.7,2794.0,0,4,0.0,698.5,600-900,0%
Frozen Bottle,2026-07-30,WK 31,Trichy,In Store,Snacks,FOFO,TN,2063.0,0.0,103.18,2063.0,0,6,0.0,343.8333333333333,300-400,0%
Frozen Bottle,2026-07-30,WK 31,Trichy,Swiggy,Dinner,FOFO,TN,777.9,83.1,0.0,831.0,0,1,10.0,777.9,600-900,1%-10%
Frozen Bottle,2026-07-30,WK 31,Trichy,Swiggy,Lunch,FOFO,TN,368.0,50.0,0.0,398.0,0,1,12.562814070351758,368.0,300-400,10%-20%
Frozen Bottle,2026-07-30,WK 31,Trichy,Swiggy,Snacks,FOFO,TN,531.21,56.79,0.0,568.0,0,1,9.998239436619718,531.21,500-600,1%-10%
Frozen Bottle,2026-07-30,WK 31,Trichy,Zomato,Breakfast,FOFO,TN,399.0,0.0,19.96,379.0,0,1,0.0,399.0,300-400,0%
Frozen Bottle,2026-07-30,WK 31,Trichy,Zomato,Closing,FOFO,TN,435.0,30.0,21.76,455.0,0,1,6.593406593406594,435.0,400-500,1%-10%
Frozen Bottle,2026-07-30,WK 31,Trichy,Zomato,Dinner,FOFO,TN,509.0,0.0,25.46,489.0,0,2,0.0,254.5,200-300,0%
Frozen Bottle,2026-07-30,WK 31,Ujjain,In Store,Closing,FOFO,ROI,278.0,0.0,13.9,278.0,0,1,0.0,278.0,200-300,0%
Frozen Bottle,2026-07-30,WK 31,Ujjain,In Store,Dinner,FOFO,ROI,229.0,0.0,11.46,229.0,0,1,0.0,229.0,200-300,0%
Frozen Bottle,2026-07-30,WK 31,Ujjain,Swiggy,Dinner,FOFO,ROI,190.0,0.0,0.0,180.0,0,1,0.0,190.0,100-200,0%
Frozen Bottle,2026-07-30,WK 31,Ujjain,Swiggy,Late Night,FOFO,ROI,1940.97,0.0,0.0,1860.97,0,3,0.0,646.99,600-900,0%
Frozen Bottle,2026-07-30,WK 31,Ujjain,Zomato,Dinner,FOFO,ROI,1745.0,455.0,87.26,2130.0,0,4,21.36150234741784,436.25,400-500,20%-30%
Frozen Bottle,2026-07-30,WK 31,Ujjain,Zomato,Late Night,FOFO,ROI,446.65999999999997,80.0,22.34,496.65999999999997,0,2,16.107598759714897,223.32999999999998,200-300,10%-20%
Frozen Bottle,2026-07-30,WK 31,Ujjain,Zomato,Lunch,FOFO,ROI,129.0,80.0,6.46,199.0,0,1,40.20100502512563,129.0,100-200,40%-50%
Frozen Bottle,2026-07-30,WK 31,Ulwe,Swiggy,Closing,FOFO,MH,636.0,484.0,0.0,1080.0,0,1,44.81481481481481,636.0,600-900,40%-50%
Frozen Bottle,2026-07-30,WK 31,Ulwe,Swiggy,Dinner,FOFO,MH,615.6,173.4,0.0,769.0,0,3,22.548764629388817,205.20000000000002,200-300,20%-30%
Frozen Bottle,2026-07-30,WK 31,Ulwe,Swiggy,Snacks,FOFO,MH,238.0,242.0,0.0,460.0,0,1,52.60869565217391,238.0,200-300,50%-60%
Frozen Bottle,2026-07-30,WK 31,Ulwe,Zomato,Dinner,FOFO,MH,586.0,350.0,29.3,896.0,0,2,39.0625,293.0,200-300,30%-40%
Frozen Bottle,2026-07-30,WK 31,Ulwe,Zomato,Snacks,FOFO,MH,525.0,275.0,26.259999999999998,780.0,0,2,35.256410256410255,262.5,200-300,30%-40%
Frozen Bottle,2026-07-30,WK 31,Undri,In Store,Dinner,FOFO,MH,239.0,0.0,11.96,239.0,0,1,0.0,239.0,200-300,0%
Frozen Bottle,2026-07-30,WK 31,Undri,Swiggy,Dinner,FOFO,MH,893.01,155.99,0.0,1029.0,0,2,15.159378036929057,446.505,400-500,10%-20%
Frozen Bottle,2026-07-30,WK 31,Undri,Swiggy,Snacks,FOFO,MH,161.24,47.76,0.0,199.0,0,1,24.0,161.24,100-200,20%-30%
Frozen Bottle,2026-07-30,WK 31,Undri,Zomato,Lunch,FOFO,MH,552.0,150.0,27.6,682.0,0,1,21.994134897360702,552.0,500-600,20%-30%
Frozen Bottle,2026-07-30,WK 31,Undri,Zomato,Snacks,FOFO,MH,181.0,0.0,9.06,171.0,0,1,0.0,181.0,100-200,0%
Frozen Bottle,2026-07-30,WK 31,Urapakkam CK,Swiggy,Dinner,COCO,TN,871.0,697.0,0.0,1498.0,0,4,46.52870493991989,217.75,200-300,40%-50%
Frozen Bottle,2026-07-30,WK 31,Urapakkam CK,Swiggy,Lunch,COCO,TN,229.0,312.0,0.0,531.0,0,1,58.75706214689266,229.0,200-300,50%-60%
Frozen Bottle,2026-07-30,WK 31,Urapakkam CK,Swiggy,Snacks,COCO,TN,425.0,213.0,0.0,618.0,0,2,34.46601941747573,212.5,200-300,30%-40%
Frozen Bottle,2026-07-30,WK 31,Urapakkam CK,Zomato,Dinner,COCO,TN,280.0,260.0,14.0,520.0,0,1,50.0,280.0,200-300,40%-50%
Frozen Bottle,2026-07-30,WK 31,Urapakkam CK,Zomato,Late Night,COCO,TN,475.0,125.0,23.759999999999998,580.0,0,2,21.551724137931032,237.5,200-300,20%-30%
Frozen Bottle,2026-07-30,WK 31,Urapakkam CK,Zomato,Lunch,COCO,TN,341.1,257.9,17.06,579.0,0,1,44.542314335060446,341.1,300-400,40%-50%
Frozen Bottle,2026-07-30,WK 31,Urapakkam CK,Zomato,Snacks,COCO,TN,300.0,230.0,15.0,510.0,0,1,45.09803921568628,300.0,200-300,40%-50%
Frozen Bottle,2026-07-30,WK 31,Vadapalani,In Store,Breakfast,FOFO,TN,229.0,0.0,11.46,229.0,0,1,0.0,229.0,200-300,0%
Frozen Bottle,2026-07-30,WK 31,Vadapalani,In Store,Dinner,FOFO,TN,257.0,0.0,12.86,257.0,0,2,0.0,128.5,100-200,0%
Frozen Bottle,2026-07-30,WK 31,Vadapalani,In Store,Lunch,FOFO,TN,873.0,0.0,43.68,873.0,0,5,0.0,174.6,100-200,0%
Frozen Bottle,2026-07-30,WK 31,Vadapalani,In Store,Snacks,FOFO,TN,933.0,0.0,46.68,933.0,0,3,0.0,311.0,300-400,0%
Frozen Bottle,2026-07-30,WK 31,Vadapalani,Swiggy,Breakfast,FOFO,TN,1390.01,99.99,0.0,1450.0,0,2,6.895862068965516,695.005,600-900,1%-10%
Frozen Bottle,2026-07-30,WK 31,Vadapalani,Swiggy,Dinner,FOFO,TN,777.0,72.0,0.0,819.0,0,2,8.791208791208792,388.5,300-400,1%-10%
Frozen Bottle,2026-07-30,WK 31,Vadapalani,Swiggy,Lunch,FOFO,TN,1212.01,259.99,0.0,1422.0,0,3,18.283403656821378,404.00333333333333,400-500,10%-20%
Frozen Bottle,2026-07-30,WK 31,Vadapalani,Swiggy,Snacks,FOFO,TN,2178.02,319.98,0.0,2418.0,0,3,13.233250620347395,726.0066666666667,600-900,10%-20%
Frozen Bottle,2026-07-30,WK 31,Vadapalani,Zomato,Closing,FOFO,TN,240.0,100.0,12.0,330.0,0,1,30.303030303030305,240.0,200-300,30%-40%
Frozen Bottle,2026-07-30,WK 31,Vadapalani,Zomato,Dinner,FOFO,TN,1721.0,479.0,86.08,2150.0,0,5,22.27906976744186,344.2,300-400,20%-30%
Frozen Bottle,2026-07-30,WK 31,Vadapalani,Zomato,Late Night,FOFO,TN,1376.0,125.0,68.8,1451.0,0,2,8.61474844934528,688.0,600-900,1%-10%
Frozen Bottle,2026-07-30,WK 31,Vadapalani,Zomato,Lunch,FOFO,TN,1469.0,450.0,73.47999999999999,1859.0,0,3,24.20656266810113,489.6666666666667,400-500,20%-30%
Frozen Bottle,2026-07-30,WK 31,Vadapalani,Zomato,Snacks,FOFO,TN,1262.4,263.6,63.16,1456.0,0,5,18.104395604395606,252.48000000000002,200-300,10%-20%
Frozen Bottle,2026-07-30,WK 31,Valsarvakkam,In Store,Dinner,COCO,TN,5985.9400000000005,1477.3400000000001,299.36,7463.28,0,21,19.79478191894181,285.0447619047619,200-300,10%-20%
Frozen Bottle,2026-07-30,WK 31,Valsarvakkam,In Store,Late Night,COCO,TN,626.0,0.0,31.32,626.0,0,3,0.0,208.66666666666666,200-300,0%
Frozen Bottle,2026-07-30,WK 31,Valsarvakkam,In Store,Lunch,COCO,TN,1453.92,460.08000000000004,72.74,1914.0,0,6,24.037617554858937,242.32000000000002,200-300,20%-30%
Frozen Bottle,2026-07-30,WK 31,Valsarvakkam,In Store,Snacks,COCO,TN,1604.29,284.71000000000004,80.24,1889.0,0,7,15.071995764955004,229.18428571428572,200-300,10%-20%
Frozen Bottle,2026-07-30,WK 31,Valsarvakkam,Swiggy,Dinner,COCO,TN,6210.98,4293.02,0.0,10084.0,0,25,42.572590241967475,248.43919999999997,200-300,40%-50%
Frozen Bottle,2026-07-30,WK 31,Valsarvakkam,Swiggy,Late Night,COCO,TN,1589.21,909.79,0.0,2399.0,0,6,37.9237182159233,264.86833333333334,200-300,30%-40%
Frozen Bottle,2026-07-30,WK 31,Valsarvakkam,Swiggy,Lunch,COCO,TN,4150.76,2169.24,0.0,6100.0,0,14,35.56131147540984,296.48285714285714,200-300,30%-40%
Frozen Bottle,2026-07-30,WK 31,Valsarvakkam,Swiggy,Snacks,COCO,TN,4694.5599999999995,2234.44,0.0,6679.0,0,13,33.45470878874083,361.11999999999995,300-400,30%-40%
Frozen Bottle,2026-07-30,WK 31,Valsarvakkam,Zomato,Dinner,COCO,TN,6355.31,4848.69,317.88,10814.0,0,23,44.837155539115955,276.31782608695653,200-300,40%-50%
Frozen Bottle,2026-07-30,WK 31,Valsarvakkam,Zomato,Late Night,COCO,TN,1977.0,1202.0,98.9,3059.0,0,7,39.29388689114089,282.42857142857144,200-300,30%-40%
Frozen Bottle,2026-07-30,WK 31,Valsarvakkam,Zomato,Lunch,COCO,TN,967.9000000000001,742.0999999999999,48.4,1650.0,0,4,44.97575757575757,241.97500000000002,200-300,40%-50%
Frozen Bottle,2026-07-30,WK 31,Valsarvakkam,Zomato,Snacks,COCO,TN,1341.0,1160.0,67.08,2421.0,0,4,47.91408508880628,335.25,300-400,40%-50%
Frozen Bottle,2026-07-30,WK 31,Vashi,Swiggy,Dinner,FOFO,MH,471.0,0.0,0.0,461.0,0,1,0.0,471.0,400-500,0%
Frozen Bottle,2026-07-30,WK 31,Vashi,Swiggy,Late Night,FOFO,MH,280.24,168.76,0.0,429.0,0,2,39.33799533799534,140.12,100-200,30%-40%
Frozen Bottle,2026-07-30,WK 31,Vashi,Swiggy,Lunch,FOFO,MH,627.0,403.0,0.0,1000.0,0,3,40.300000000000004,209.0,200-300,40%-50%
Frozen Bottle,2026-07-30,WK 31,Vashi,Swiggy,Snacks,FOFO,MH,313.6,26.4,0.0,330.0,0,1,8.0,313.6,300-400,1%-10%
Frozen Bottle,2026-07-30,WK 31,Vashi,Zomato,Dinner,FOFO,MH,2135.0,924.99,106.76,2969.99,0,6,31.144549308246834,355.8333333333333,300-400,30%-40%
Frozen Bottle,2026-07-30,WK 31,Vashi,Zomato,Late Night,FOFO,MH,449.0,100.0,22.46,529.0,0,2,18.90359168241966,224.5,200-300,10%-20%
Frozen Bottle,2026-07-30,WK 31,Vashi,Zomato,Lunch,FOFO,MH,1868.0,200.0,93.42,2008.0,0,3,9.9601593625498,622.6666666666666,600-900,1%-10%
Frozen Bottle,2026-07-30,WK 31,Velachery,In Store,Dinner,COCO,TN,1693.5100000000002,522.9499999999999,84.7,2216.46,0,6,23.593929058047515,282.2516666666667,200-300,20%-30%
Frozen Bottle,2026-07-30,WK 31,Velachery,In Store,Snacks,COCO,TN,727.28,425.72,36.400000000000006,1153.0,0,5,36.92281006071119,145.456,100-200,30%-40%
Frozen Bottle,2026-07-30,WK 31,Velachery,Swiggy,Dinner,COCO,TN,4300.52,3007.48,0.0,7028.0,0,22,42.79282868525897,195.47818181818184,100-200,40%-50%
Frozen Bottle,2026-07-30,WK 31,Velachery,Swiggy,Late Night,COCO,TN,2490.77,1658.23,0.0,3999.0,0,11,41.466116529132286,226.43363636363637,200-300,40%-50%
Frozen Bottle,2026-07-30,WK 31,Velachery,Swiggy,Lunch,COCO,TN,1139.01,445.99,0.0,1525.0,0,5,29.245245901639343,227.802,200-300,20%-30%
Frozen Bottle,2026-07-30,WK 31,Velachery,Swiggy,Snacks,COCO,TN,1486.77,1200.74,0.0,2557.51,0,4,46.94957204468408,371.6925,300-400,40%-50%
Frozen Bottle,2026-07-30,WK 31,Velachery,Zomato,Dinner,COCO,TN,826.0,775.0,41.32000000000001,1551.0,0,3,49.96776273372018,275.3333333333333,200-300,40%-50%
Frozen Bottle,2026-07-30,WK 31,Velachery,Zomato,Late Night,COCO,TN,375.9,285.1,18.8,631.0,0,2,45.182250396196515,187.95,100-200,40%-50%
Frozen Bottle,2026-07-30,WK 31,Velachery,Zomato,Lunch,COCO,TN,559.4200000000001,423.43,27.98,942.85,0,2,44.9095826483534,279.71000000000004,200-300,40%-50%
Frozen Bottle,2026-07-30,WK 31,Velachery,Zomato,Snacks,COCO,TN,306.0,254.0,15.32,540.0,0,1,47.03703703703704,306.0,300-400,40%-50%
Frozen Bottle,2026-07-30,WK 31,Vellore,In Store,Dinner,COCO,TN,2746.85,0.0,137.42,2746.85,0,12,0.0,228.90416666666667,200-300,0%
Frozen Bottle,2026-07-30,WK 31,Vellore,In Store,Late Night,COCO,TN,527.0,0.0,26.36,527.0,0,1,0.0,527.0,500-600,0%
Frozen Bottle,2026-07-30,WK 31,Vellore,In Store,Lunch,COCO,TN,1462.0,0.0,73.14,1462.0,0,5,0.0,292.4,200-300,0%
Frozen Bottle,2026-07-30,WK 31,Vellore,In Store,Snacks,COCO,TN,2677.0,0.0,133.88,2677.0,0,7,0.0,382.42857142857144,300-400,0%
Frozen Bottle,2026-07-30,WK 31,Vellore,Swiggy,Dinner,COCO,TN,1193.0,567.0,0.0,1690.0,0,6,33.55029585798817,198.83333333333334,100-200,30%-40%
Frozen Bottle,2026-07-30,WK 31,Vellore,Swiggy,Late Night,COCO,TN,1081.01,537.99,0.0,1559.0,0,5,34.50865939704939,216.202,200-300,30%-40%
Frozen Bottle,2026-07-30,WK 31,Vellore,Swiggy,Lunch,COCO,TN,1273.0,773.33,0.0,1966.33,0,6,39.32859692930485,212.16666666666666,200-300,30%-40%
Frozen Bottle,2026-07-30,WK 31,Vellore,Swiggy,Snacks,COCO,TN,468.01,440.53999999999996,0.0,858.55,0,3,51.31209597577311,156.00333333333333,100-200,50%-60%
Frozen Bottle,2026-07-30,WK 31,Vellore,Zomato,Dinner,COCO,TN,515.0,485.0,25.759999999999998,970.0,0,2,50.0,257.5,200-300,40%-50%
Frozen Bottle,2026-07-30,WK 31,Vellore,Zomato,Lunch,COCO,TN,481.5,468.5,24.08,920.0,0,2,50.923913043478265,240.75,200-300,50%-60%
Frozen Bottle,2026-07-30,WK 31,Vellore,Zomato,Snacks,COCO,TN,1315.0,1023.0,65.78,2258.0,0,5,45.30558015943313,263.0,200-300,40%-50%
Frozen Bottle,2026-07-30,WK 31,Vidyaranyapura,In Store,Dinner,FOFO,KA,1396.23,0.0,69.86,1396.23,0,7,0.0,199.46142857142857,100-200,0%
Frozen Bottle,2026-07-30,WK 31,Vidyaranyapura,In Store,Lunch,FOFO,KA,199.0,0.0,9.96,199.0,0,1,0.0,199.0,100-200,0%
Frozen Bottle,2026-07-30,WK 31,Vidyaranyapura,Swiggy,Dinner,FOFO,KA,898.0,0.0,0.0,858.0,0,2,0.0,449.0,400-500,0%
Frozen Bottle,2026-07-30,WK 31,Vidyaranyapura,Swiggy,Snacks,FOFO,KA,309.0,421.0,0.0,730.0,0,2,57.67123287671233,154.5,100-200,50%-60%
Frozen Bottle,2026-07-30,WK 31,Vidyaranyapura,Zomato,Dinner,FOFO,KA,278.0,140.0,13.92,398.0,0,1,35.175879396984925,278.0,200-300,30%-40%
Frozen Bottle,2026-07-30,WK 31,Vidyaranyapura,Zomato,Snacks,FOFO,KA,829.0,0.0,41.46,799.0,0,1,0.0,829.0,600-900,0%
Frozen Bottle,2026-07-30,WK 31,Vijaywada,In Store,Breakfast,FOFO,AP & TL,189.0,0.0,9.46,189.0,0,1,0.0,189.0,100-200,0%
Frozen Bottle,2026-07-30,WK 31,Vijaywada,In Store,Dinner,FOFO,AP & TL,3721.0,0.0,186.14,3721.0,0,13,0.0,286.2307692307692,200-300,0%
Frozen Bottle,2026-07-30,WK 31,Vijaywada,In Store,Late Night,FOFO,AP & TL,1509.0,0.0,75.5,1509.0,0,6,0.0,251.5,200-300,0%
Frozen Bottle,2026-07-30,WK 31,Vijaywada,In Store,Lunch,FOFO,AP & TL,199.0,0.0,9.96,199.0,0,1,0.0,199.0,100-200,0%
Frozen Bottle,2026-07-30,WK 31,Vijaywada,In Store,Snacks,FOFO,AP & TL,1280.05,0.0,64.04,1280.05,0,5,0.0,256.01,200-300,0%
Frozen Bottle,2026-07-30,WK 31,Vijaywada,Swiggy,Dinner,FOFO,AP & TL,1887.9099999999999,172.08999999999997,0.0,2000.0,0,5,8.604499999999998,377.582,300-400,1%-10%
Frozen Bottle,2026-07-30,WK 31,Vijaywada,Swiggy,Late Night,FOFO,AP & TL,1493.92,254.07999999999998,0.0,1688.0,0,4,15.0521327014218,373.48,300-400,10%-20%
Frozen Bottle,2026-07-30,WK 31,Vijaywada,Swiggy,Lunch,FOFO,AP & TL,552.0,28.0,0.0,560.0,0,2,5.0,276.0,200-300,1%-10%
Frozen Bottle,2026-07-30,WK 31,Vijaywada,Swiggy,Snacks,FOFO,AP & TL,641.1,47.9,0.0,659.0,0,3,7.268588770864946,213.70000000000002,200-300,1%-10%
Frozen Bottle,2026-07-30,WK 31,Vijaywada,Zomato,Closing,FOFO,AP & TL,410.5,169.5,20.54,560.0,0,2,30.267857142857142,205.25,200-300,30%-40%
Frozen Bottle,2026-07-30,WK 31,Vijaywada,Zomato,Late Night,FOFO,AP & TL,1438.2,478.8,71.94,1847.0,0,5,25.923118570655117,287.64,200-300,20%-30%
Frozen Bottle,2026-07-30,WK 31,Vijaywada,Zomato,Lunch,FOFO,AP & TL,994.1,404.9,49.72,1349.0,0,3,30.01482579688658,331.3666666666667,300-400,30%-40%
Frozen Bottle,2026-07-30,WK 31,Vikhroli,In Store,Dinner,FOFO,MH,1222.0,0.0,61.160000000000004,1222.0,0,7,0.0,174.57142857142858,100-200,0%
Frozen Bottle,2026-07-30,WK 31,Vikhroli,In Store,Snacks,FOFO,MH,716.0,0.0,35.8,716.0,0,2,0.0,358.0,300-400,0%
Frozen Bottle,2026-07-30,WK 31,Vikhroli,Swiggy,Dinner,FOFO,MH,1958.0,0.0,0.0,1908.0,0,2,0.0,979.0,>900,0%
Frozen Bottle,2026-07-30,WK 31,Vikhroli,Swiggy,Lunch,FOFO,MH,580.0,0.0,0.0,560.0,0,1,0.0,580.0,500-600,0%
Frozen Bottle,2026-07-30,WK 31,Vimannagar,In Store,Lunch,FOFO,MH,88.0,0.0,4.4,88.0,0,1,0.0,88.0,0-100,0%
Frozen Bottle,2026-07-30,WK 31,Vimannagar,Swiggy,Dinner,FOFO,MH,480.0,0.0,0.0,460.0,0,1,0.0,480.0,400-500,0%
Frozen Bottle,2026-07-30,WK 31,Vimannagar,Zomato,Dinner,FOFO,MH,411.0,50.0,20.56,451.0,0,1,11.086474501108649,411.0,400-500,10%-20%
Frozen Bottle,2026-07-30,WK 31,Vimannagar,Zomato,Late Night,FOFO,MH,1814.0,165.0,90.7,1909.0,0,3,8.64326872708224,604.6666666666666,600-900,1%-10%
Frozen Bottle,2026-07-30,WK 31,Vimannagar,Zomato,Snacks,FOFO,MH,912.0,250.0,45.599999999999994,1132.0,0,2,22.084805653710244,456.0,400-500,20%-30%
Frozen Bottle,2026-07-30,WK 31,Virar,In Store,Dinner,COCO,MH,1012.0,0.0,50.620000000000005,1012.0,0,5,0.0,202.4,200-300,0%
Frozen Bottle,2026-07-30,WK 31,Virar,In Store,Late Night,COCO,MH,165.0,110.0,8.26,275.0,0,1,40.0,165.0,100-200,30%-40%
Frozen Bottle,2026-07-30,WK 31,Virar,In Store,Lunch,COCO,MH,459.05,343.95,22.96,803.0,0,2,42.83312577833126,229.525,200-300,40%-50%
Frozen Bottle,2026-07-30,WK 31,Virar,In Store,Snacks,COCO,MH,1103.0,50.0,55.18,1153.0,0,5,4.336513443191674,220.6,200-300,1%-10%
Frozen Bottle,2026-07-30,WK 31,Virar,Swiggy,Dinner,COCO,MH,794.0,618.0,0.0,1372.0,0,3,45.04373177842565,264.6666666666667,200-300,40%-50%
Frozen Bottle,2026-07-30,WK 31,Virar,Swiggy,Lunch,COCO,MH,229.0,312.0,0.0,531.0,0,1,58.75706214689266,229.0,200-300,50%-60%
Frozen Bottle,2026-07-30,WK 31,Virar,Swiggy,Snacks,COCO,MH,258.0,160.0,0.0,398.0,0,1,40.20100502512563,258.0,200-300,40%-50%
Frozen Bottle,2026-07-30,WK 31,Virar,Zomato,Dinner,COCO,MH,4737.23,3659.44,236.92000000000002,8106.66,0,14,45.14115554371344,338.3735714285714,300-400,40%-50%
Frozen Bottle,2026-07-30,WK 31,Virar,Zomato,Late Night,COCO,MH,859.0,410.0,42.96,1219.0,0,4,33.63412633305988,214.75,200-300,30%-40%
Frozen Bottle,2026-07-30,WK 31,Virar,Zomato,Lunch,COCO,MH,1179.0,670.0,58.96,1789.0,0,3,37.45108999441029,393.0,300-400,30%-40%
Frozen Bottle,2026-07-30,WK 31,Virar,Zomato,Snacks,COCO,MH,869.0,809.0,43.480000000000004,1618.0,0,4,50.0,217.25,200-300,40%-50%
Frozen Bottle,2026-07-30,WK 31,Wagholi - CF CK,Swiggy,Dinner,COCO,MH,1701.2,1019.8,0.0,2641.0,0,6,38.614161302536914,283.53333333333336,200-300,30%-40%
Frozen Bottle,2026-07-30,WK 31,Wagholi - CF CK,Swiggy,Late Night,COCO,MH,448.0,363.0,0.0,801.0,0,2,45.31835205992509,224.0,200-300,40%-50%
Frozen Bottle,2026-07-30,WK 31,Wagholi - CF CK,Swiggy,Lunch,COCO,MH,139.0,101.0,0.0,230.0,0,1,43.913043478260875,139.0,100-200,40%-50%
Frozen Bottle,2026-07-30,WK 31,Wagholi - CF CK,Swiggy,Snacks,COCO,MH,775.0,345.0,0.0,1080.0,0,3,31.944444444444443,258.3333333333333,200-300,30%-40%
Frozen Bottle,2026-07-30,WK 31,Wagholi - CF CK,Zomato,Dinner,COCO,MH,3156.66,2359.67,157.9,5316.33,0,10,44.38531844336225,315.666,300-400,40%-50%
Frozen Bottle,2026-07-30,WK 31,Wagholi - CF CK,Zomato,Late Night,COCO,MH,690.0,650.0,34.519999999999996,1300.0,0,3,50.0,230.0,200-300,40%-50%
Frozen Bottle,2026-07-30,WK 31,Wagholi - CF CK,Zomato,Lunch,COCO,MH,600.0,560.0,30.0,1120.0,0,2,50.0,300.0,200-300,40%-50%
Frozen Bottle,2026-07-30,WK 31,Wagholi - CF CK,Zomato,Snacks,COCO,MH,372.5,367.5,18.62,710.0,0,1,51.76056338028169,372.5,300-400,50%-60%
Frozen Bottle,2026-07-30,WK 31,Whitefield,In Store,Dinner,COCO,KA,2644.68,522.09,132.3,3166.77,0,17,16.48651465057456,155.56941176470588,100-200,10%-20%
Frozen Bottle,2026-07-30,WK 31,Whitefield,In Store,Lunch,COCO,KA,467.0,0.0,23.380000000000003,467.0,0,3,0.0,155.66666666666666,100-200,0%
Frozen Bottle,2026-07-30,WK 31,Whitefield,In Store,Snacks,COCO,KA,1693.57,264.99,84.72,1958.56,0,12,13.52983824850911,141.13083333333333,100-200,10%-20%
Frozen Bottle,2026-07-30,WK 31,Whitefield,Ownly,Snacks,COCO,KA,119.0,0.0,5.96,119.0,0,1,0.0,119.0,100-200,0%
Frozen Bottle,2026-07-30,WK 31,Whitefield,Swiggy,Dinner,COCO,KA,3424.4,2196.6,0.0,5451.0,0,12,40.29719317556412,285.3666666666667,200-300,40%-50%
Frozen Bottle,2026-07-30,WK 31,Whitefield,Swiggy,Late Night,COCO,KA,1180.0,881.0,0.0,2001.0,0,5,44.0279860069965,236.0,200-300,40%-50%
Frozen Bottle,2026-07-30,WK 31,Whitefield,Swiggy,Lunch,COCO,KA,486.0,484.0,0.0,930.0,0,3,52.04301075268817,162.0,100-200,50%-60%
Frozen Bottle,2026-07-30,WK 31,Whitefield,Swiggy,Snacks,COCO,KA,1651.2,1059.8,0.0,2631.0,0,7,40.281261877613076,235.8857142857143,200-300,40%-50%
Frozen Bottle,2026-07-30,WK 31,Whitefield,Zomato,Dinner,COCO,KA,807.0,825.0,40.36,1572.0,0,4,52.48091603053435,201.75,200-300,50%-60%
Frozen Bottle,2026-07-30,WK 31,Whitefield,Zomato,Late Night,COCO,KA,1002.17,676.83,50.120000000000005,1629.0,0,3,41.54880294659301,334.0566666666667,300-400,40%-50%
Frozen Bottle,2026-07-30,WK 31,Whitefield,Zomato,Snacks,COCO,KA,1912.49,1693.51,95.64,3466.0,0,9,48.86064627813041,212.4988888888889,200-300,40%-50%
Frozen Bottle,2026-07-30,WK 31,Yelahanka,In Store,Dinner,COCO,KA,406.32,126.73,20.32,533.05,0,3,23.77450520589063,135.44,100-200,20%-30%
Frozen Bottle,2026-07-30,WK 31,Yelahanka,Swiggy,Dinner,COCO,KA,2873.56,2616.44,0.0,5330.0,0,4,49.08893058161351,718.39,600-900,40%-50%
Frozen Bottle,2026-07-30,WK 31,Yelahanka,Swiggy,Late Night,COCO,KA,580.0,0.0,0.0,560.0,0,1,0.0,580.0,500-600,0%
Frozen Bottle,2026-07-30,WK 31,Yelahanka,Swiggy,Snacks,COCO,KA,1825.57,1017.76,0.0,2723.33,0,6,37.37189396804647,304.26166666666666,300-400,30%-40%
Frozen Bottle,2026-07-30,WK 31,Yelahanka,Zomato,Dinner,COCO,KA,1332.0,930.0,66.62,2192.0,0,4,42.42700729927007,333.0,300-400,40%-50%
Frozen Bottle,2026-07-30,WK 31,Yelahanka,Zomato,Lunch,COCO,KA,174.0,135.0,8.7,299.0,0,1,45.1505016722408,174.0,100-200,40%-50%
Frozen Bottle,2026-07-30,WK 31,Yelahanka,Zomato,Snacks,COCO,KA,2140.1,1445.9,107.03999999999999,3476.0,0,5,41.596662830840046,428.02,400-500,40%-50%
Frozen Bottle,2026-07-30,WK 31,Yemalur,In Store,Dinner,FOFO,KA,1771.8899999999999,0.0,88.66,1771.8899999999999,0,9,0.0,196.87666666666667,100-200,0%
Frozen Bottle,2026-07-30,WK 31,Yemalur,In Store,Late Night,FOFO,KA,773.5,0.0,38.66,773.5,0,4,0.0,193.375,100-200,0%
Frozen Bottle,2026-07-30,WK 31,Yemalur,In Store,Lunch,FOFO,KA,297.0,0.0,14.86,297.0,0,1,0.0,297.0,200-300,0%
Frozen Bottle,2026-07-30,WK 31,Yemalur,In Store,Snacks,FOFO,KA,179.0,0.0,8.96,179.0,0,1,0.0,179.0,100-200,0%
Frozen Bottle,2026-07-30,WK 31,Yemalur,Zomato,Dinner,FOFO,KA,685.2,359.8,34.3,995.0,0,5,36.1608040201005,137.04000000000002,100-200,30%-40%
Frozen Bottle,2026-07-30,WK 31,Yemalur,Zomato,Late Night,FOFO,KA,419.0,80.0,20.94,479.0,0,1,16.701461377870565,419.0,400-500,10%-20%
Frozen Bottle,2026-07-30,WK 31,Yemalur,Zomato,Lunch,FOFO,KA,1053.0,50.0,52.660000000000004,1063.0,0,2,4.703668861712136,526.5,500-600,1%-10%
Frozen Bottle,2026-07-30,WK 31,Zamin Pallavaram,In Store,Dinner,COCO,TN,583.6800000000001,220.32,29.2,804.0,0,5,27.402985074626862,116.73600000000002,100-200,20%-30%
Frozen Bottle,2026-07-30,WK 31,Zamin Pallavaram,In Store,Lunch,COCO,TN,1267.37,442.08,63.4,1709.45,0,13,25.860949428178653,97.49,0-100,20%-30%
Frozen Bottle,2026-07-30,WK 31,Zamin Pallavaram,In Store,Snacks,COCO,TN,1581.96,227.04,79.1,1809.0,0,7,12.550580431177446,225.99428571428572,200-300,10%-20%
Frozen Bottle,2026-07-30,WK 31,Zamin Pallavaram,Swiggy,Dinner,COCO,TN,3527.0299999999997,1237.82,0.0,4604.85,0,10,26.880788733617813,352.703,300-400,20%-30%
Frozen Bottle,2026-07-30,WK 31,Zamin Pallavaram,Swiggy,Late Night,COCO,TN,2070.01,1083.99,0.0,3044.0,0,8,35.61070959264126,258.75125,200-300,30%-40%
Frozen Bottle,2026-07-30,WK 31,Zamin Pallavaram,Swiggy,Lunch,COCO,TN,1810.01,1561.17,0.0,3241.1800000000003,0,8,48.16671705983623,226.25125,200-300,40%-50%
Frozen Bottle,2026-07-30,WK 31,Zamin Pallavaram,Swiggy,Snacks,COCO,TN,627.0,776.0,0.0,1373.0,0,3,56.51857246904588,209.0,200-300,50%-60%
Frozen Bottle,2026-07-30,WK 31,Zamin Pallavaram,Zomato,Dinner,COCO,TN,2224.5,1494.5,111.24000000000001,3609.0,0,6,41.4103629814353,370.75,300-400,40%-50%
Frozen Bottle,2026-07-30,WK 31,Zamin Pallavaram,Zomato,Late Night,COCO,TN,1082.0,730.0,54.14,1752.0,0,4,41.66666666666667,270.5,200-300,40%-50%
Frozen Bottle,2026-07-30,WK 31,Zamin Pallavaram,Zomato,Snacks,COCO,TN,808.0,699.0,40.42,1457.0,0,2,47.97529169526425,404.0,400-500,40%-50%
Frozen Bottle,2026-07-31,WK 31,AECS Layout,In Store,Dinner,COCO,KA,9536.78,1461.81,476.98,10998.59,0,61,13.290885468046357,156.34065573770494,100-200,10%-20%
Frozen Bottle,2026-07-31,WK 31,AECS Layout,In Store,Late Night,COCO,KA,4918.28,0.0,245.98000000000002,4918.28,0,14,0.0,351.30571428571426,300-400,0%
Frozen Bottle,2026-07-31,WK 31,AECS Layout,In Store,Lunch,COCO,KA,532.27,198.87,26.64,731.14,0,5,27.19998905818311,106.454,100-200,20%-30%
Frozen Bottle,2026-07-31,WK 31,AECS Layout,In Store,Snacks,COCO,KA,585.76,134.99,29.3,720.75,0,4,18.729101630246273,146.44,100-200,10%-20%
Frozen Bottle,2026-07-31,WK 31,AECS Layout,Ownly,Dinner,COCO,KA,230.0,0.0,11.5,230.0,0,1,0.0,230.0,200-300,0%
Frozen Bottle,2026-07-31,WK 31,AECS Layout,Ownly,Late Night,COCO,KA,738.0,0.0,36.9,738.0,0,3,0.0,246.0,200-300,0%
Frozen Bottle,2026-07-31,WK 31,AECS Layout,Ownly,Lunch,COCO,KA,381.0,0.0,19.060000000000002,381.0,0,2,0.0,190.5,100-200,0%
Frozen Bottle,2026-07-31,WK 31,AECS Layout,Swiggy,Dinner,COCO,KA,5656.01,2734.99,0.0,8111.0,0,20,33.719516705708294,282.8005,200-300,30%-40%
Frozen Bottle,2026-07-31,WK 31,AECS Layout,Swiggy,Late Night,COCO,KA,6058.52,3608.85,0.0,9287.37,0,22,38.85760985079737,275.3872727272728,200-300,30%-40%
Frozen Bottle,2026-07-31,WK 31,AECS Layout,Swiggy,Lunch,COCO,KA,716.0,565.0,0.0,1231.0,0,3,45.89764419171406,238.66666666666666,200-300,40%-50%
Frozen Bottle,2026-07-31,WK 31,AECS Layout,Swiggy,Snacks,COCO,KA,1729.01,1070.99,0.0,2720.0,0,6,39.37463235294118,288.16833333333335,200-300,30%-40%
Frozen Bottle,2026-07-31,WK 31,AECS Layout,Zomato,Dinner,COCO,KA,4326.26,3378.07,216.42,7444.33,0,17,45.37775729985103,254.4858823529412,200-300,40%-50%
Frozen Bottle,2026-07-31,WK 31,AECS Layout,Zomato,Late Night,COCO,KA,3079.2200000000003,1919.44,154.02,4818.66,0,15,39.83348067720072,205.28133333333335,200-300,30%-40%
Frozen Bottle,2026-07-31,WK 31,AECS Layout,Zomato,Lunch,COCO,KA,44.0,79.33,2.2,113.33,0,1,69.99911762110649,44.0,0-100,60%-70%
Frozen Bottle,2026-07-31,WK 31,AECS Layout,Zomato,Snacks,COCO,KA,1555.0,1134.0,77.78,2599.0,0,6,43.63216621777607,259.1666666666667,200-300,40%-50%
Frozen Bottle,2026-07-31,WK 31,Adoor,In Store,Dinner,FOFO,Kerela,447.0,0.0,22.36,447.0,0,2,0.0,223.5,200-300,0%
Frozen Bottle,2026-07-31,WK 31,Adoor,In Store,Lunch,FOFO,Kerela,148.0,0.0,7.4,148.0,0,1,0.0,148.0,100-200,0%
Frozen Bottle,2026-07-31,WK 31,Adoor,In Store,Snacks,FOFO,Kerela,1569.0,0.0,78.48,1569.0,0,3,0.0,523.0,500-600,0%
Frozen Bottle,2026-07-31,WK 31,Adoor,Swiggy,Dinner,FOFO,Kerela,1459.0,0.0,0.0,1409.0,0,3,0.0,486.3333333333333,400-500,0%
Frozen Bottle,2026-07-31,WK 31,Adoor,Swiggy,Lunch,FOFO,Kerela,2701.0,0.0,0.0,2611.0,0,4,0.0,675.25,600-900,0%
Frozen Bottle,2026-07-31,WK 31,Adoor,Swiggy,Snacks,FOFO,Kerela,563.0,0.0,0.0,533.0,0,3,0.0,187.66666666666666,100-200,0%
Frozen Bottle,2026-07-31,WK 31,Agra,In Store,Dinner,FOFO,ROI,1262.0,0.0,63.12,1262.0,0,5,0.0,252.4,200-300,0%
Frozen Bottle,2026-07-31,WK 31,Agra,In Store,Lunch,FOFO,ROI,129.0,0.0,6.46,129.0,0,1,0.0,129.0,100-200,0%
Frozen Bottle,2026-07-31,WK 31,Agra,In Store,Snacks,FOFO,ROI,377.0,0.0,18.86,377.0,0,2,0.0,188.5,100-200,0%
Frozen Bottle,2026-07-31,WK 31,Agra,Swiggy,Snacks,FOFO,ROI,968.0,0.0,0.0,918.0,0,2,0.0,484.0,400-500,0%
Frozen Bottle,2026-07-31,WK 31,Agra,Zomato,Lunch,FOFO,ROI,265.2,63.8,13.26,319.0,0,1,20.0,265.2,200-300,10%-20%
Frozen Bottle,2026-07-31,WK 31,Agra,Zomato,Snacks,FOFO,ROI,862.0,68.0,43.1,900.0,0,2,7.555555555555555,431.0,400-500,1%-10%
Frozen Bottle,2026-07-31,WK 31,Akshay Nagar,Ownly,Dinner,FOFO,KA,196.0,0.0,9.8,196.0,0,1,0.0,196.0,100-200,0%
Frozen Bottle,2026-07-31,WK 31,Akshay Nagar,Swiggy,Dinner,FOFO,KA,3820.0,679.0,0.0,4349.0,0,8,15.612784548171993,477.5,400-500,10%-20%
Frozen Bottle,2026-07-31,WK 31,Akshay Nagar,Swiggy,Late Night,FOFO,KA,1048.0,299.0,0.0,1297.0,0,2,23.053199691595992,524.0,500-600,20%-30%
Frozen Bottle,2026-07-31,WK 31,Akshay Nagar,Swiggy,Snacks,FOFO,KA,321.0,0.0,0.0,311.0,0,1,0.0,321.0,300-400,0%
Frozen Bottle,2026-07-31,WK 31,Akshay Nagar,Zomato,Closing,FOFO,KA,465.0,125.0,23.26,570.0,0,1,21.929824561403507,465.0,400-500,20%-30%
Frozen Bottle,2026-07-31,WK 31,Akshay Nagar,Zomato,Dinner,FOFO,KA,769.0,100.0,38.480000000000004,839.0,0,3,11.918951132300357,256.3333333333333,200-300,10%-20%
Frozen Bottle,2026-07-31,WK 31,Akshay Nagar,Zomato,Late Night,FOFO,KA,3043.0,525.0,152.2,3448.0,0,6,15.226218097447797,507.1666666666667,500-600,10%-20%
Frozen Bottle,2026-07-31,WK 31,Akshay Nagar,Zomato,Lunch,FOFO,KA,489.0,0.0,24.46,469.0,0,1,0.0,489.0,400-500,0%
Frozen Bottle,2026-07-31,WK 31,Akshay Nagar,Zomato,Snacks,FOFO,KA,209.0,0.0,10.46,199.0,0,1,0.0,209.0,200-300,0%
Frozen Bottle,2026-07-31,WK 31,Aluva,In Store,Dinner,FOFO,Kerela,1113.0,0.0,55.66,1113.0,0,3,0.0,371.0,300-400,0%
Frozen Bottle,2026-07-31,WK 31,Aluva,In Store,Snacks,FOFO,Kerela,796.0,0.0,39.82,796.0,0,2,0.0,398.0,300-400,0%
Frozen Bottle,2026-07-31,WK 31,Aluva,Swiggy,Dinner,FOFO,Kerela,1379.0,60.0,0.0,1409.0,0,4,4.258339247693399,344.75,300-400,1%-10%
Frozen Bottle,2026-07-31,WK 31,Aluva,Swiggy,Lunch,FOFO,Kerela,660.0,0.0,0.0,640.0,0,1,0.0,660.0,600-900,0%
Frozen Bottle,2026-07-31,WK 31,Aluva,Swiggy,Snacks,FOFO,Kerela,239.0,0.0,0.0,229.0,0,1,0.0,239.0,200-300,0%
Frozen Bottle,2026-07-31,WK 31,Aluva,Zomato,Dinner,FOFO,Kerela,1001.75,68.25,50.08,1030.0,0,2,6.62621359223301,500.875,500-600,1%-10%
Frozen Bottle,2026-07-31,WK 31,Aluva,Zomato,Lunch,FOFO,Kerela,2033.1,544.9100000000001,101.68,2498.01,0,3,21.813763755949736,677.6999999999999,600-900,20%-30%
Frozen Bottle,2026-07-31,WK 31,Alwarpet,In Store,Lunch,COCO,TN,236.4,70.6,11.82,307.0,0,2,22.99674267100977,118.2,100-200,20%-30%
Frozen Bottle,2026-07-31,WK 31,Alwarpet,In Store,Snacks,COCO,TN,463.6,93.4,23.200000000000003,557.0,0,3,16.768402154398565,154.53333333333333,100-200,10%-20%
Frozen Bottle,2026-07-31,WK 31,Alwarpet,Swiggy,Dinner,COCO,TN,3289.0299999999997,1368.97,0.0,4548.0,0,8,30.100483729111698,411.12874999999997,400-500,30%-40%
Frozen Bottle,2026-07-31,WK 31,Alwarpet,Swiggy,Late Night,COCO,TN,975.0,709.0,0.0,1634.0,0,2,43.39045287637699,487.5,400-500,40%-50%
Frozen Bottle,2026-07-31,WK 31,Alwarpet,Swiggy,Lunch,COCO,TN,1456.0,973.0,0.0,2349.0,0,6,41.421881651766704,242.66666666666666,200-300,40%-50%
Frozen Bottle,2026-07-31,WK 31,Alwarpet,Swiggy,Snacks,COCO,TN,1383.0,847.0,0.0,2170.0,0,5,39.03225806451613,276.6,200-300,30%-40%
Frozen Bottle,2026-07-31,WK 31,Alwarpet,Zomato,Breakfast,COCO,TN,626.1,332.9,31.32,929.0,0,1,35.83423035522066,626.1,600-900,30%-40%
Frozen Bottle,2026-07-31,WK 31,Alwarpet,Zomato,Dinner,COCO,TN,1755.9,807.1,87.84,2473.0,0,5,32.63647391831783,351.18,300-400,30%-40%
Frozen Bottle,2026-07-31,WK 31,Alwarpet,Zomato,Lunch,COCO,TN,1445.0,1145.0,72.26,2540.0,0,2,45.07874015748031,722.5,600-900,40%-50%
Frozen Bottle,2026-07-31,WK 31,Alwarpet,Zomato,Snacks,COCO,TN,1259.9,840.0899999999999,63.019999999999996,2029.99,0,4,41.383947704175874,314.975,300-400,40%-50%
Frozen Bottle,2026-07-31,WK 31,Ambattur,In Store,Dinner,FOFO,TN,8512.0,0.0,425.8,8512.0,0,31,0.0,274.5806451612903,200-300,0%
Frozen Bottle,2026-07-31,WK 31,Ambattur,In Store,Lunch,FOFO,TN,485.0,0.0,24.28,485.0,0,4,0.0,121.25,100-200,0%
Frozen Bottle,2026-07-31,WK 31,Ambattur,In Store,Snacks,FOFO,TN,5293.5,0.0,264.76,5293.5,0,15,0.0,352.9,300-400,0%
Frozen Bottle,2026-07-31,WK 31,Ambattur,Swiggy,Dinner,FOFO,TN,831.0,289.0,0.0,1080.0,0,3,26.75925925925926,277.0,200-300,20%-30%
Frozen Bottle,2026-07-31,WK 31,Ambattur,Swiggy,Lunch,FOFO,TN,1671.0,0.0,0.0,1601.0,0,1,0.0,1671.0,>900,0%
Frozen Bottle,2026-07-31,WK 31,Ambattur,Swiggy,Snacks,FOFO,TN,1137.0,0.0,0.0,1087.0,0,2,0.0,568.5,500-600,0%
Frozen Bottle,2026-07-31,WK 31,Ananth Nagar,In Store,Closing,COCO,KA,181.51,225.49,9.08,407.0,0,3,55.402948402948404,60.50333333333333,0-100,50%-60%
Frozen Bottle,2026-07-31,WK 31,Ananth Nagar,In Store,Dinner,COCO,KA,667.0,0.0,33.36,667.0,0,2,0.0,333.5,300-400,0%
Frozen Bottle,2026-07-31,WK 31,Ananth Nagar,In Store,Lunch,COCO,KA,605.0,0.0,30.259999999999998,605.0,0,2,0.0,302.5,300-400,0%
Frozen Bottle,2026-07-31,WK 31,Ananth Nagar,In Store,Snacks,COCO,KA,417.0,0.0,20.86,417.0,0,2,0.0,208.5,200-300,0%
Frozen Bottle,2026-07-31,WK 31,Ananth Nagar,Swiggy,Breakfast,COCO,KA,400.0,242.0,0.0,622.0,0,1,38.90675241157556,400.0,300-400,30%-40%
Frozen Bottle,2026-07-31,WK 31,Ananth Nagar,Swiggy,Dinner,COCO,KA,2621.5699999999997,1602.43,0.0,4104.0,0,7,39.045565302144254,374.50999999999993,300-400,30%-40%
Frozen Bottle,2026-07-31,WK 31,Ananth Nagar,Swiggy,Lunch,COCO,KA,964.0,608.3299999999999,0.0,1512.33,0,2,40.224686411034625,482.0,400-500,40%-50%
Frozen Bottle,2026-07-31,WK 31,Ananth Nagar,Swiggy,Snacks,COCO,KA,429.0,121.0,0.0,530.0,0,1,22.830188679245282,429.0,400-500,20%-30%
Frozen Bottle,2026-07-31,WK 31,Ananth Nagar,Zomato,Dinner,COCO,KA,3096.23,1742.1,154.84,4648.33,0,13,37.477975961259204,238.17153846153846,200-300,30%-40%
Frozen Bottle,2026-07-31,WK 31,Ananth Nagar,Zomato,Lunch,COCO,KA,313.4,235.6,15.68,529.0,0,2,44.53686200378072,156.7,100-200,40%-50%
Frozen Bottle,2026-07-31,WK 31,Ananth Nagar,Zomato,Snacks,COCO,KA,885.8,672.2,44.3,1498.0,0,4,44.873164218958614,221.45,200-300,40%-50%
Frozen Bottle,2026-07-31,WK 31,Annanagar,In Store,Dinner,COCO,TN,3033.23,1407.96,151.82,4441.19,0,34,31.702314019440742,89.21264705882353,0-100,30%-40%
Frozen Bottle,2026-07-31,WK 31,Annanagar,In Store,Lunch,COCO,TN,3034.53,1336.43,151.78,4370.96,0,26,30.575205446858355,116.71269230769232,100-200,30%-40%
Frozen Bottle,2026-07-31,WK 31,Annanagar,In Store,Snacks,COCO,TN,2308.02,428.71,115.46,2736.73,0,16,15.665045510518027,144.25125,100-200,10%-20%
Frozen Bottle,2026-07-31,WK 31,Annanagar,Swiggy,Dinner,COCO,TN,2873.57,1729.43,0.0,4433.0,0,14,39.012632528761564,205.25500000000002,200-300,30%-40%
Frozen Bottle,2026-07-31,WK 31,Annanagar,Swiggy,Late Night,COCO,TN,712.3199999999999,733.6800000000001,0.0,1396.0,0,4,52.55587392550144,178.07999999999998,100-200,50%-60%
Frozen Bottle,2026-07-31,WK 31,Annanagar,Swiggy,Lunch,COCO,TN,2072.76,1302.24,0.0,3245.0,0,9,40.13066255778121,230.3066666666667,200-300,40%-50%
Frozen Bottle,2026-07-31,WK 31,Annanagar,Swiggy,Snacks,COCO,TN,2078.2,1268.8,0.0,3207.0,0,7,39.56345494231368,296.88571428571424,200-300,30%-40%
Frozen Bottle,2026-07-31,WK 31,Annanagar,Zomato,Dinner,COCO,TN,546.1,292.9,27.32,809.0,0,2,36.20519159456118,273.05,200-300,30%-40%
Frozen Bottle,2026-07-31,WK 31,Annanagar,Zomato,Late Night,COCO,TN,1296.0,752.0,64.86,1978.0,0,5,38.01820020222447,259.2,200-300,30%-40%
Frozen Bottle,2026-07-31,WK 31,Annanagar,Zomato,Lunch,COCO,TN,2274.2,1253.8,113.74,3418.0,0,5,36.68227033352838,454.84,400-500,30%-40%
Frozen Bottle,2026-07-31,WK 31,Annanagar,Zomato,Snacks,COCO,TN,888.0,731.0,44.42,1569.0,0,4,46.59018483110262,222.0,200-300,40%-50%
Frozen Bottle,2026-07-31,WK 31,Attibele,In Store,Dinner,FOFO,KA,2065.46,0.0,103.3,2065.46,0,6,0.0,344.24333333333334,300-400,0%
Frozen Bottle,2026-07-31,WK 31,Attibele,In Store,Lunch,FOFO,KA,891.66,0.0,44.6,891.66,0,3,0.0,297.21999999999997,200-300,0%
Frozen Bottle,2026-07-31,WK 31,Attibele,In Store,Snacks,FOFO,KA,737.0,0.0,36.86,737.0,0,2,0.0,368.5,300-400,0%
Frozen Bottle,2026-07-31,WK 31,Attibele,Swiggy,Lunch,FOFO,KA,229.0,312.0,0.0,531.0,0,1,58.75706214689266,229.0,200-300,50%-60%
Frozen Bottle,2026-07-31,WK 31,Attibele,Zomato,Dinner,FOFO,KA,3328.0,0.0,166.46,3208.0,0,6,0.0,554.6666666666666,500-600,0%
Frozen Bottle,2026-07-31,WK 31,Attibele,Zomato,Lunch,FOFO,KA,149.3,59.7,7.46,199.0,0,1,30.0,149.3,100-200,20%-30%
Frozen Bottle,2026-07-31,WK 31,Attibele,Zomato,Snacks,FOFO,KA,1607.33,39.99,80.38,1567.3200000000002,0,4,2.551489166220044,401.8325,400-500,1%-10%
Frozen Bottle,2026-07-31,WK 31,Aundh,Swiggy,Dinner,FOFO,MH,498.01,99.99,0.0,578.0,0,1,17.29930795847751,498.01,400-500,10%-20%
Frozen Bottle,2026-07-31,WK 31,Aundh,Swiggy,Late Night,FOFO,MH,445.0,0.0,0.0,435.0,0,1,0.0,445.0,400-500,0%
Frozen Bottle,2026-07-31,WK 31,Aundh,Swiggy,Snacks,FOFO,MH,408.0,142.0,0.0,550.0,0,1,25.818181818181817,408.0,400-500,20%-30%
Frozen Bottle,2026-07-31,WK 31,Aundh,Zomato,Dinner,FOFO,MH,549.0,0.0,27.46,529.0,0,2,0.0,274.5,200-300,0%
Frozen Bottle,2026-07-31,WK 31,Aundh,Zomato,Late Night,FOFO,MH,2261.9700000000003,373.03,113.14,2555.0,0,5,14.6,452.39400000000006,400-500,10%-20%
Frozen Bottle,2026-07-31,WK 31,Aundh,Zomato,Lunch,FOFO,MH,1271.2,478.8,63.6,1710.0,0,1,28.000000000000004,1271.2,>900,20%-30%
Frozen Bottle,2026-07-31,WK 31,Aurangabad- 1,In Store,Dinner,FOFO,MH,1777.0,0.0,88.88,1777.0,0,6,0.0,296.1666666666667,200-300,0%
Frozen Bottle,2026-07-31,WK 31,Aurangabad- 1,In Store,Late Night,FOFO,MH,396.0,0.0,19.8,396.0,0,1,0.0,396.0,300-400,0%
Frozen Bottle,2026-07-31,WK 31,Aurangabad- 1,In Store,Lunch,FOFO,MH,691.23,0.0,34.58,691.23,0,3,0.0,230.41,200-300,0%
Frozen Bottle,2026-07-31,WK 31,Aurangabad- 1,In Store,Snacks,FOFO,MH,3457.42,0.0,172.88,3457.42,0,7,0.0,493.9171428571429,400-500,0%
Frozen Bottle,2026-07-31,WK 31,Aurangabad- 1,Swiggy,Closing,FOFO,MH,709.0,0.0,0.0,689.0,0,1,0.0,709.0,600-900,0%
Frozen Bottle,2026-07-31,WK 31,Aurangabad- 1,Swiggy,Dinner,FOFO,MH,600.0,0.0,0.0,580.0,0,2,0.0,300.0,200-300,0%
Frozen Bottle,2026-07-31,WK 31,Aurangabad- 1,Zomato,Closing,FOFO,MH,1300.0,0.0,65.0,1260.0,0,2,0.0,650.0,600-900,0%
Frozen Bottle,2026-07-31,WK 31,Aurangabad- 1,Zomato,Dinner,FOFO,MH,3725.0,0.0,186.28,3615.0,0,7,0.0,532.1428571428571,500-600,0%
Frozen Bottle,2026-07-31,WK 31,Aurangabad- 1,Zomato,Late Night,FOFO,MH,1272.0,0.0,63.620000000000005,1222.0,0,4,0.0,318.0,300-400,0%
Frozen Bottle,2026-07-31,WK 31,Avadi,In Store,Closing,FOFO,TN,127.5,0.0,6.38,127.5,0,1,0.0,127.5,100-200,0%
Frozen Bottle,2026-07-31,WK 31,Avadi,In Store,Dinner,FOFO,TN,4626.0,0.0,231.36,4626.0,0,18,0.0,257.0,200-300,0%
Frozen Bottle,2026-07-31,WK 31,Avadi,In Store,Lunch,FOFO,TN,1269.23,0.0,63.5,1269.23,0,7,0.0,181.31857142857143,100-200,0%
Frozen Bottle,2026-07-31,WK 31,Avadi,In Store,Snacks,FOFO,TN,3432.18,0.0,171.62,3432.18,0,9,0.0,381.3533333333333,300-400,0%
Frozen Bottle,2026-07-31,WK 31,Avadi,Swiggy,Breakfast,FOFO,TN,169.0,110.0,0.0,279.0,0,1,39.42652329749104,169.0,100-200,30%-40%
Frozen Bottle,2026-07-31,WK 31,Avadi,Swiggy,Dinner,FOFO,TN,290.0,0.0,0.0,280.0,0,1,0.0,290.0,200-300,0%
Frozen Bottle,2026-07-31,WK 31,Avadi,Zomato,Breakfast,FOFO,TN,234.0,75.0,11.7,299.0,0,1,25.08361204013378,234.0,200-300,20%-30%
Frozen Bottle,2026-07-31,WK 31,Avadi,Zomato,Dinner,FOFO,TN,981.99,152.86,49.099999999999994,1094.85,0,3,13.961729917340277,327.33,300-400,10%-20%
Frozen Bottle,2026-07-31,WK 31,Avadi,Zomato,Lunch,FOFO,TN,730.0,200.0,36.5,900.0,0,2,22.22222222222222,365.0,300-400,20%-30%
Frozen Bottle,2026-07-31,WK 31,Avadi,Zomato,Snacks,FOFO,TN,599.0,50.0,29.96,629.0,0,2,7.94912559618442,299.5,200-300,1%-10%
Frozen Bottle,2026-07-31,WK 31,Ayyappa Nagar,In Store,Dinner,FOFO,KA,2084.23,0.0,104.28,2084.23,0,10,0.0,208.423,200-300,0%
Frozen Bottle,2026-07-31,WK 31,Ayyappa Nagar,In Store,Snacks,FOFO,KA,4392.79,0.0,219.76,4392.79,0,14,0.0,313.7707142857143,300-400,0%
Frozen Bottle,2026-07-31,WK 31,Ayyappa Nagar,Swiggy,Dinner,FOFO,KA,2500.0,367.0,0.0,2807.0,0,6,13.07445671535447,416.6666666666667,400-500,10%-20%
Frozen Bottle,2026-07-31,WK 31,Ayyappa Nagar,Swiggy,Late Night,FOFO,KA,355.0,256.0,0.0,611.0,0,1,41.89852700490999,355.0,300-400,40%-50%
Frozen Bottle,2026-07-31,WK 31,Ayyappa Nagar,Swiggy,Lunch,FOFO,KA,591.01,99.99,0.0,661.0,0,1,15.127080181543114,591.01,500-600,10%-20%
Frozen Bottle,2026-07-31,WK 31,Ayyappa Nagar,Swiggy,Snacks,FOFO,KA,711.0,427.0,0.0,1118.0,0,2,38.19320214669052,355.5,300-400,30%-40%
Frozen Bottle,2026-07-31,WK 31,Ayyappa Nagar,Zomato,Dinner,FOFO,KA,4112.0,1935.0,205.66,5847.0,0,9,33.09389430477167,456.8888888888889,400-500,30%-40%
Frozen Bottle,2026-07-31,WK 31,Ayyappa Nagar,Zomato,Late Night,FOFO,KA,1459.0,140.0,72.96000000000001,1529.0,0,3,9.156311314584697,486.3333333333333,400-500,1%-10%
Frozen Bottle,2026-07-31,WK 31,Ayyappa Nagar,Zomato,Lunch,FOFO,KA,529.0,300.0,26.46,799.0,0,1,37.546933667083856,529.0,500-600,30%-40%
Frozen Bottle,2026-07-31,WK 31,Ayyappa Nagar,Zomato,Snacks,FOFO,KA,480.0,270.0,24.0,720.0,0,1,37.5,480.0,400-500,30%-40%
Frozen Bottle,2026-07-31,WK 31,BTM Layout,In Store,Dinner,COCO,KA,2426.39,1739.12,121.38,4165.51,0,15,41.75046993045269,161.75933333333333,100-200,40%-50%
Frozen Bottle,2026-07-31,WK 31,BTM Layout,In Store,Lunch,COCO,KA,212.01,134.99,10.620000000000001,347.0,0,3,38.90201729106629,70.67,0-100,30%-40%
Frozen Bottle,2026-07-31,WK 31,BTM Layout,In Store,Snacks,COCO,KA,84.98,44.02,4.24,129.0,0,1,34.124031007751945,84.98,0-100,30%-40%
Frozen Bottle,2026-07-31,WK 31,BTM Layout,Ownly,Dinner,COCO,KA,134.0,0.0,6.7,134.0,0,1,0.0,134.0,100-200,0%
Frozen Bottle,2026-07-31,WK 31,BTM Layout,Swiggy,Dinner,COCO,KA,4851.1,2375.23,0.0,6966.33,0,17,34.09585822089967,285.3588235294118,200-300,30%-40%
Frozen Bottle,2026-07-31,WK 31,BTM Layout,Swiggy,Late Night,COCO,KA,6719.34,3395.65,0.0,9744.99,0,24,34.84508449983017,279.9725,200-300,30%-40%
Frozen Bottle,2026-07-31,WK 31,BTM Layout,Swiggy,Lunch,COCO,KA,904.56,707.44,0.0,1582.0,0,5,44.7180783817952,180.91199999999998,100-200,40%-50%
Frozen Bottle,2026-07-31,WK 31,BTM Layout,Swiggy,Snacks,COCO,KA,1603.88,1246.12,0.0,2780.0,0,9,44.82446043165467,178.2088888888889,100-200,40%-50%
Frozen Bottle,2026-07-31,WK 31,BTM Layout,Zomato,Dinner,COCO,KA,1554.1,1278.9,77.76,2723.0,0,7,46.96658097686376,222.0142857142857,200-300,40%-50%
Frozen Bottle,2026-07-31,WK 31,BTM Layout,Zomato,Late Night,COCO,KA,5755.32,3461.19,287.9,8896.51,0,23,38.9050312987902,250.23130434782607,200-300,30%-40%
Frozen Bottle,2026-07-31,WK 31,BTM Layout,Zomato,Lunch,COCO,KA,348.7,449.3,17.44,768.0,0,2,58.50260416666667,174.35,100-200,50%-60%
Frozen Bottle,2026-07-31,WK 31,BTM Layout,Zomato,Snacks,COCO,KA,676.06,775.27,33.82,1391.33,0,4,55.721503884772126,169.015,100-200,50%-60%
Frozen Bottle,2026-07-31,WK 31,Badlapur,In Store,Dinner,COCO,MH,2486.61,64.39,124.38,2551.0,0,8,2.524108192865543,310.82625,300-400,1%-10%
Frozen Bottle,2026-07-31,WK 31,Badlapur,In Store,Snacks,COCO,MH,486.0,0.0,24.299999999999997,486.0,0,2,0.0,243.0,200-300,0%
Frozen Bottle,2026-07-31,WK 31,Badlapur,Swiggy,Dinner,COCO,MH,1082.35,297.32,0.0,1329.67,0,3,22.36043529597569,360.7833333333333,300-400,20%-30%
Frozen Bottle,2026-07-31,WK 31,Badlapur,Swiggy,Snacks,COCO,MH,864.0,526.0,0.0,1340.0,0,3,39.25373134328358,288.0,200-300,30%-40%
Frozen Bottle,2026-07-31,WK 31,Badlapur,Zomato,Dinner,COCO,MH,4047.51,1557.0,202.44,5414.51,0,10,28.75606472238485,404.75100000000003,400-500,20%-30%
Frozen Bottle,2026-07-31,WK 31,Badlapur,Zomato,Late Night,COCO,MH,790.0,690.0,39.5,1430.0,0,3,48.25174825174825,263.3333333333333,200-300,40%-50%
Frozen Bottle,2026-07-31,WK 31,Badlapur,Zomato,Lunch,COCO,MH,411.0,220.0,20.560000000000002,611.0,0,2,36.00654664484452,205.5,200-300,30%-40%
Frozen Bottle,2026-07-31,WK 31,Badlapur,Zomato,Snacks,COCO,MH,1754.9,1271.1100000000001,87.80000000000001,2896.01,0,7,43.89176832952925,250.70000000000002,200-300,40%-50%
Frozen Bottle,2026-07-31,WK 31,Banashankari,In Store,Dinner,COCO,KA,1812.8600000000001,1005.31,90.7,2818.17,0,19,35.672439916683516,95.41368421052633,0-100,30%-40%
Frozen Bottle,2026-07-31,WK 31,Banashankari,In Store,Lunch,COCO,KA,69.0,0.0,3.46,69.0,0,1,0.0,69.0,0-100,0%
Frozen Bottle,2026-07-31,WK 31,Banashankari,In Store,Snacks,COCO,KA,2167.09,292.24,108.34,2459.33,0,11,11.882911199391705,197.00818181818184,100-200,10%-20%
Frozen Bottle,2026-07-31,WK 31,Banashankari,Others,Late Night,COCO,KA,617.4,53.6,30.86,651.0,0,1,8.233486943164364,617.4,600-900,1%-10%
Frozen Bottle,2026-07-31,WK 31,Banashankari,Ownly,Snacks,COCO,KA,223.0,0.0,11.16,223.0,0,1,0.0,223.0,200-300,0%
Frozen Bottle,2026-07-31,WK 31,Banashankari,Swiggy,Dinner,COCO,KA,3695.02,1900.34,0.0,5385.36,0,12,35.28714886284297,307.91833333333335,300-400,30%-40%
Frozen Bottle,2026-07-31,WK 31,Banashankari,Swiggy,Late Night,COCO,KA,3123.87,1706.0,0.0,4649.87,0,12,36.68919776251809,260.3225,200-300,30%-40%
Frozen Bottle,2026-07-31,WK 31,Banashankari,Swiggy,Lunch,COCO,KA,2435.01,1420.99,0.0,3776.0,0,7,37.63215042372882,347.85857142857145,300-400,30%-40%
Frozen Bottle,2026-07-31,WK 31,Banashankari,Swiggy,Snacks,COCO,KA,515.0,334.0,0.0,819.0,0,2,40.78144078144078,257.5,200-300,40%-50%
Frozen Bottle,2026-07-31,WK 31,Banashankari,Zomato,Dinner,COCO,KA,3444.41,2543.26,172.26,5777.67,0,9,44.01878265806112,382.7122222222222,300-400,40%-50%
Frozen Bottle,2026-07-31,WK 31,Banashankari,Zomato,Late Night,COCO,KA,5433.0,3606.0,271.74,8769.0,0,17,41.12213479302087,319.5882352941176,300-400,40%-50%
Frozen Bottle,2026-07-31,WK 31,Banashankari,Zomato,Lunch,COCO,KA,1048.02,913.83,52.44,1901.85,0,5,48.04953072008834,209.60399999999998,200-300,40%-50%
Frozen Bottle,2026-07-31,WK 31,Banashankari,Zomato,Snacks,COCO,KA,1074.6599999999999,751.0,53.78,1745.6599999999999,0,5,43.02097773907863,214.93199999999996,200-300,40%-50%
Frozen Bottle,2026-07-31,WK 31,Baner Road - Pune,In Store,Dinner,COCO,MH,598.71,134.29,29.92,733.0,0,4,18.320600272851294,149.6775,100-200,10%-20%
Frozen Bottle,2026-07-31,WK 31,Baner Road - Pune,In Store,Late Night,COCO,MH,536.0,0.0,26.8,536.0,0,1,0.0,536.0,500-600,0%
Frozen Bottle,2026-07-31,WK 31,Baner Road - Pune,In Store,Lunch,COCO,MH,99.0,0.0,4.96,99.0,0,1,0.0,99.0,0-100,0%
Frozen Bottle,2026-07-31,WK 31,Baner Road - Pune,In Store,Snacks,COCO,MH,629.71,134.29,31.48,764.0,0,2,17.57722513089005,314.855,300-400,10%-20%
Frozen Bottle,2026-07-31,WK 31,Baner Road - Pune,Swiggy,Breakfast,COCO,MH,266.56,212.44,0.0,459.0,0,2,46.28322440087146,133.28,100-200,40%-50%
Frozen Bottle,2026-07-31,WK 31,Baner Road - Pune,Swiggy,Closing,COCO,MH,161.24,47.76,0.0,199.0,0,1,24.0,161.24,100-200,20%-30%
Frozen Bottle,2026-07-31,WK 31,Baner Road - Pune,Swiggy,Dinner,COCO,MH,5168.85,2297.15,0.0,7216.0,0,20,31.834118625277164,258.4425,200-300,30%-40%
Frozen Bottle,2026-07-31,WK 31,Baner Road - Pune,Swiggy,Late Night,COCO,MH,2431.0,1184.0,0.0,3485.0,0,8,33.974175035868,303.875,300-400,30%-40%
Frozen Bottle,2026-07-31,WK 31,Baner Road - Pune,Swiggy,Lunch,COCO,MH,89.2,100.8,0.0,180.0,0,1,55.99999999999999,89.2,0-100,50%-60%
Frozen Bottle,2026-07-31,WK 31,Baner Road - Pune,Swiggy,Snacks,COCO,MH,2391.2,1290.8,0.0,3542.0,0,6,36.44268774703557,398.5333333333333,300-400,30%-40%
Frozen Bottle,2026-07-31,WK 31,Baner Road - Pune,Zomato,Dinner,COCO,MH,6270.7,4199.31,313.64,10120.01,0,20,41.49511709968666,313.53499999999997,300-400,40%-50%
Frozen Bottle,2026-07-31,WK 31,Baner Road - Pune,Zomato,Late Night,COCO,MH,2059.0,1190.0,102.96,3139.0,0,7,37.91016247212488,294.14285714285717,200-300,30%-40%
Frozen Bottle,2026-07-31,WK 31,Baner Road - Pune,Zomato,Lunch,COCO,MH,118.0,72.0,5.9,180.0,0,1,40.0,118.0,100-200,30%-40%
Frozen Bottle,2026-07-31,WK 31,Banjara Hills,In Store,Closing,FOFO,AP & TL,416.0,0.0,20.8,416.0,0,1,0.0,416.0,400-500,0%
Frozen Bottle,2026-07-31,WK 31,Banjara Hills,In Store,Dinner,FOFO,AP & TL,1926.0,0.0,96.38,1926.0,0,14,0.0,137.57142857142858,100-200,0%
Frozen Bottle,2026-07-31,WK 31,Banjara Hills,In Store,Late Night,FOFO,AP & TL,283.0,0.0,14.16,283.0,0,2,0.0,141.5,100-200,0%
Frozen Bottle,2026-07-31,WK 31,Banjara Hills,In Store,Lunch,FOFO,AP & TL,216.1,0.0,10.82,216.1,0,3,0.0,72.03333333333333,0-100,0%
Frozen Bottle,2026-07-31,WK 31,Banjara Hills,In Store,Snacks,FOFO,AP & TL,2153.15,0.0,107.72,2153.15,0,11,0.0,195.7409090909091,100-200,0%
Frozen Bottle,2026-07-31,WK 31,Banjara Hills,Swiggy,Dinner,FOFO,AP & TL,189.0,41.0,0.0,230.0,0,1,17.82608695652174,189.0,100-200,10%-20%
Frozen Bottle,2026-07-31,WK 31,Banjara Hills,Swiggy,Snacks,FOFO,AP & TL,1421.0,0.0,0.0,1381.0,0,2,0.0,710.5,600-900,0%
Frozen Bottle,2026-07-31,WK 31,Banjara Hills,Zomato,Dinner,FOFO,AP & TL,439.0,200.0,21.94,619.0,0,1,32.31017770597738,439.0,400-500,30%-40%
Frozen Bottle,2026-07-31,WK 31,Banjara Hills,Zomato,Late Night,FOFO,AP & TL,240.0,100.0,12.0,330.0,0,1,30.303030303030305,240.0,200-300,30%-40%
Frozen Bottle,2026-07-31,WK 31,Banjara Hills,Zomato,Lunch,FOFO,AP & TL,338.0,180.0,16.92,498.0,0,2,36.144578313253014,169.0,100-200,30%-40%
Frozen Bottle,2026-07-31,WK 31,Basaveshwarnagar,In Store,Dinner,COCO,KA,3353.31,463.15,167.74,3816.46,0,12,12.135591621555053,279.4425,200-300,10%-20%
Frozen Bottle,2026-07-31,WK 31,Basaveshwarnagar,In Store,Late Night,COCO,KA,355.0,0.0,17.759999999999998,355.0,0,2,0.0,177.5,100-200,0%
Frozen Bottle,2026-07-31,WK 31,Basaveshwarnagar,In Store,Lunch,COCO,KA,467.25,435.75,23.36,903.0,0,3,48.25581395348838,155.75,100-200,40%-50%
Frozen Bottle,2026-07-31,WK 31,Basaveshwarnagar,In Store,Snacks,COCO,KA,526.28,38.72,26.34,565.0,0,3,6.853097345132743,175.42666666666665,100-200,1%-10%
Frozen Bottle,2026-07-31,WK 31,Basaveshwarnagar,Ownly,Snacks,COCO,KA,174.0,0.0,8.7,174.0,0,1,0.0,174.0,100-200,0%
Frozen Bottle,2026-07-31,WK 31,Basaveshwarnagar,Swiggy,Dinner,COCO,KA,1970.0,874.0,0.0,2734.0,0,5,31.96781272860278,394.0,300-400,30%-40%
Frozen Bottle,2026-07-31,WK 31,Basaveshwarnagar,Swiggy,Late Night,COCO,KA,2418.0,1595.0,0.0,3843.0,0,8,41.50403330731199,302.25,300-400,40%-50%
Frozen Bottle,2026-07-31,WK 31,Basaveshwarnagar,Swiggy,Lunch,COCO,KA,943.05,518.59,0.0,1411.6399999999999,0,4,36.73670340880112,235.7625,200-300,30%-40%
Frozen Bottle,2026-07-31,WK 31,Basaveshwarnagar,Swiggy,Snacks,COCO,KA,516.0,334.0,0.0,820.0,0,2,40.731707317073166,258.0,200-300,40%-50%
Frozen Bottle,2026-07-31,WK 31,Basaveshwarnagar,Zomato,Dinner,COCO,KA,3000.3,2132.7,150.06,4953.0,0,10,43.05875227135069,300.03000000000003,300-400,40%-50%
Frozen Bottle,2026-07-31,WK 31,Basaveshwarnagar,Zomato,Late Night,COCO,KA,1267.1,611.9,63.36,1819.0,0,4,33.639362286970865,316.775,300-400,30%-40%
Frozen Bottle,2026-07-31,WK 31,Basaveshwarnagar,Zomato,Lunch,COCO,KA,237.0,203.0,11.86,430.0,0,1,47.20930232558139,237.0,200-300,40%-50%
Frozen Bottle,2026-07-31,WK 31,Basaveshwarnagar,Zomato,Snacks,COCO,KA,422.0,297.0,21.1,699.0,0,2,42.48927038626609,211.0,200-300,40%-50%
Frozen Bottle,2026-07-31,WK 31,Bavdhan,In Store,Dinner,FOFO,MH,498.0,0.0,24.9,498.0,0,1,0.0,498.0,400-500,0%
Frozen Bottle,2026-07-31,WK 31,Bavdhan,Swiggy,Dinner,FOFO,MH,2844.01,1029.99,0.0,3744.0,0,7,27.510416666666664,406.2871428571429,400-500,20%-30%
Frozen Bottle,2026-07-31,WK 31,Bavdhan,Zomato,Dinner,FOFO,MH,1491.0,225.0,74.56,1656.0,0,3,13.586956521739129,497.0,400-500,10%-20%
Frozen Bottle,2026-07-31,WK 31,Bavdhan,Zomato,Lunch,FOFO,MH,415.0,125.0,20.76,520.0,0,1,24.03846153846154,415.0,400-500,20%-30%
Frozen Bottle,2026-07-31,WK 31,Bel Road,In Store,Dinner,COCO,KA,2827.7799999999997,257.05,141.5,3084.83,0,17,8.332712013303812,166.33999999999997,100-200,1%-10%
Frozen Bottle,2026-07-31,WK 31,Bel Road,In Store,Late Night,COCO,KA,199.0,0.0,9.96,199.0,0,1,0.0,199.0,100-200,0%
Frozen Bottle,2026-07-31,WK 31,Bel Road,In Store,Lunch,COCO,KA,376.0,0.0,18.82,376.0,0,3,0.0,125.33333333333333,100-200,0%
Frozen Bottle,2026-07-31,WK 31,Bel Road,In Store,Snacks,COCO,KA,2584.16,855.28,129.28,3439.44,0,20,24.866838787709625,129.208,100-200,20%-30%
Frozen Bottle,2026-07-31,WK 31,Bel Road,Ownly,Dinner,COCO,KA,298.0,0.0,14.9,298.0,0,1,0.0,298.0,200-300,0%
Frozen Bottle,2026-07-31,WK 31,Bel Road,Swiggy,Breakfast,COCO,KA,365.0,293.0,0.0,628.0,0,1,46.65605095541402,365.0,300-400,40%-50%
Frozen Bottle,2026-07-31,WK 31,Bel Road,Swiggy,Dinner,COCO,KA,2343.7599999999998,1253.24,0.0,3467.0,0,7,36.14767810787424,334.8228571428571,300-400,30%-40%
Frozen Bottle,2026-07-31,WK 31,Bel Road,Swiggy,Late Night,COCO,KA,1768.0,1103.0,0.0,2791.0,0,5,39.519885345754204,353.6,300-400,30%-40%
Frozen Bottle,2026-07-31,WK 31,Bel Road,Swiggy,Lunch,COCO,KA,587.0,301.0,0.0,878.0,0,2,34.28246013667426,293.5,200-300,30%-40%
Frozen Bottle,2026-07-31,WK 31,Bel Road,Swiggy,Snacks,COCO,KA,2862.2,915.8,0.0,3608.0,0,6,25.382483370288245,477.0333333333333,400-500,20%-30%
Frozen Bottle,2026-07-31,WK 31,Bel Road,Zomato,Dinner,COCO,KA,1236.6299999999999,662.37,61.839999999999996,1829.0,0,5,36.21487151448879,247.32599999999996,200-300,30%-40%
Frozen Bottle,2026-07-31,WK 31,Bel Road,Zomato,Late Night,COCO,KA,2170.9,824.1,108.58000000000001,2895.0,0,6,28.466321243523318,361.81666666666666,300-400,20%-30%
Frozen Bottle,2026-07-31,WK 31,Bel Road,Zomato,Lunch,COCO,KA,116.73,122.27,5.84,229.0,0,1,53.39301310043668,116.73,100-200,50%-60%
Frozen Bottle,2026-07-31,WK 31,Bel Road,Zomato,Snacks,COCO,KA,549.03,589.97,27.439999999999998,1089.0,0,3,54.17539026629936,183.01,100-200,50%-60%
Frozen Bottle,2026-07-31,WK 31,Berhampur,Swiggy,Dinner,FOFO,ROI,240.0,0.0,0.0,230.0,0,1,0.0,240.0,200-300,0%
Frozen Bottle,2026-07-31,WK 31,Berhampur,Swiggy,Late Night,FOFO,ROI,210.0,0.0,0.0,200.0,0,1,0.0,210.0,200-300,0%
Frozen Bottle,2026-07-31,WK 31,Berhampur,Zomato,Dinner,FOFO,ROI,280.0,0.0,14.0,270.0,0,1,0.0,280.0,200-300,0%
Frozen Bottle,2026-07-31,WK 31,Besant Nagar,In Store,Dinner,COCO,TN,3126.67,127.57,156.4,3254.2400000000002,0,15,3.9201165249028955,208.44466666666668,200-300,1%-10%
Frozen Bottle,2026-07-31,WK 31,Besant Nagar,In Store,Lunch,COCO,TN,667.0,0.0,33.36,667.0,0,2,0.0,333.5,300-400,0%
Frozen Bottle,2026-07-31,WK 31,Besant Nagar,In Store,Snacks,COCO,TN,1622.84,873.39,81.22,2496.23,0,15,34.988362450575465,108.18933333333332,100-200,30%-40%
Frozen Bottle,2026-07-31,WK 31,Besant Nagar,Swiggy,Dinner,COCO,TN,2916.01,1363.99,0.0,4140.0,0,11,32.94661835748792,265.0918181818182,200-300,30%-40%
Frozen Bottle,2026-07-31,WK 31,Besant Nagar,Swiggy,Late Night,COCO,TN,547.0,394.0,0.0,911.0,0,2,43.24917672886938,273.5,200-300,40%-50%
Frozen Bottle,2026-07-31,WK 31,Besant Nagar,Swiggy,Lunch,COCO,TN,1406.0,373.0,0.0,1729.0,0,3,21.573163678426837,468.6666666666667,400-500,20%-30%
Frozen Bottle,2026-07-31,WK 31,Besant Nagar,Swiggy,Snacks,COCO,TN,2392.02,623.98,0.0,2916.0,0,3,21.39849108367627,797.34,600-900,20%-30%
Frozen Bottle,2026-07-31,WK 31,Besant Nagar,Zomato,Dinner,COCO,TN,705.0,315.0,35.26,990.0,0,3,31.818181818181817,235.0,200-300,30%-40%
Frozen Bottle,2026-07-31,WK 31,Besant Nagar,Zomato,Late Night,COCO,TN,651.0,100.0,32.56,731.0,0,2,13.679890560875513,325.5,300-400,10%-20%
Frozen Bottle,2026-07-31,WK 31,Besant Nagar,Zomato,Snacks,COCO,TN,719.0,585.0,35.980000000000004,1264.0,0,3,46.28164556962025,239.66666666666666,200-300,40%-50%
Frozen Bottle,2026-07-31,WK 31,Bhavanipuram,In Store,Dinner,FOFO,AP & TL,413.23,0.0,20.66,413.23,0,1,0.0,413.23,400-500,0%
Frozen Bottle,2026-07-31,WK 31,Bhavanipuram,Swiggy,Breakfast,FOFO,AP & TL,170.0,120.0,0.0,280.0,0,1,42.857142857142854,170.0,100-200,40%-50%
Frozen Bottle,2026-07-31,WK 31,Bhavanipuram,Swiggy,Closing,FOFO,AP & TL,89.2,118.8,0.0,198.0,0,1,60.0,89.2,0-100,50%-60%
Frozen Bottle,2026-07-31,WK 31,Bhavanipuram,Swiggy,Dinner,FOFO,AP & TL,623.6,575.4,0.0,1149.0,0,5,50.07832898172323,124.72,100-200,50%-60%
Frozen Bottle,2026-07-31,WK 31,Bhavanipuram,Swiggy,Lunch,FOFO,AP & TL,843.0,348.0,0.0,1151.0,0,3,30.234578627280627,281.0,200-300,30%-40%
Frozen Bottle,2026-07-31,WK 31,Bhavanipuram,Swiggy,Snacks,FOFO,AP & TL,390.0,240.0,0.0,610.0,0,2,39.34426229508197,195.0,100-200,30%-40%
Frozen Bottle,2026-07-31,WK 31,Bhavanipuram,Zomato,Dinner,FOFO,AP & TL,3382.02,700.0,169.22,3932.0,0,8,17.80264496439471,422.7525,400-500,10%-20%
Frozen Bottle,2026-07-31,WK 31,Bhavanipuram,Zomato,Lunch,FOFO,AP & TL,901.0,200.0,45.08,1051.0,0,4,19.029495718363464,225.25,200-300,10%-20%
Frozen Bottle,2026-07-31,WK 31,Bhavanipuram,Zomato,Snacks,FOFO,AP & TL,956.0,100.0,47.82,1016.0,0,2,9.84251968503937,478.0,400-500,1%-10%
Frozen Bottle,2026-07-31,WK 31,Bhubaneswar,In Store,Dinner,FOFO,ROI,825.0,0.0,41.26,825.0,0,3,0.0,275.0,200-300,0%
Frozen Bottle,2026-07-31,WK 31,Bhubaneswar,In Store,Lunch,FOFO,ROI,328.0,0.0,16.4,328.0,0,1,0.0,328.0,300-400,0%
Frozen Bottle,2026-07-31,WK 31,Bhubaneswar,In Store,Snacks,FOFO,ROI,1476.23,0.0,73.82000000000001,1476.23,0,4,0.0,369.0575,300-400,0%
Frozen Bottle,2026-07-31,WK 31,Bhubaneswar,Swiggy,Lunch,FOFO,ROI,610.0,0.0,0.0,590.0,0,1,0.0,610.0,600-900,0%
Frozen Bottle,2026-07-31,WK 31,Bhubaneswar,Zomato,Snacks,FOFO,ROI,627.0,0.0,31.38,597.0,0,1,0.0,627.0,600-900,0%
Frozen Bottle,2026-07-31,WK 31,Budigere,In Store,Dinner,FOFO,KA,1699.0,0.0,84.97999999999999,1699.0,0,6,0.0,283.1666666666667,200-300,0%
Frozen Bottle,2026-07-31,WK 31,Budigere,In Store,Lunch,FOFO,KA,696.0,0.0,34.84,696.0,0,4,0.0,174.0,100-200,0%
Frozen Bottle,2026-07-31,WK 31,Budigere,In Store,Snacks,FOFO,KA,516.0,0.0,25.82,516.0,0,2,0.0,258.0,200-300,0%
Frozen Bottle,2026-07-31,WK 31,Budigere,Swiggy,Snacks,FOFO,KA,329.0,268.0,0.0,597.0,0,1,44.89112227805695,329.0,300-400,40%-50%
Frozen Bottle,2026-07-31,WK 31,Budigere,Zomato,Dinner,FOFO,KA,938.0,289.0,46.92,1177.0,0,5,24.55395072217502,187.6,100-200,20%-30%
Frozen Bottle,2026-07-31,WK 31,Budigere,Zomato,Lunch,FOFO,KA,942.0,228.0,47.1,1140.0,0,1,20.0,942.0,>900,10%-20%
Frozen Bottle,2026-07-31,WK 31,Byculla,In Store,Dinner,COCO,MH,2033.67,552.64,101.72,2586.31,0,11,21.36789479992731,184.8790909090909,100-200,20%-30%
Frozen Bottle,2026-07-31,WK 31,Byculla,In Store,Late Night,COCO,MH,3808.0,814.0,190.42000000000002,4622.0,0,8,17.61142362613587,476.0,400-500,10%-20%
Frozen Bottle,2026-07-31,WK 31,Byculla,In Store,Snacks,COCO,MH,841.9200000000001,858.31,42.1,1700.23,0,5,50.48199361262887,168.38400000000001,100-200,50%-60%
Frozen Bottle,2026-07-31,WK 31,Byculla,Swiggy,Closing,COCO,MH,354.0,216.0,0.0,550.0,0,2,39.27272727272727,177.0,100-200,30%-40%
Frozen Bottle,2026-07-31,WK 31,Byculla,Swiggy,Dinner,COCO,MH,1259.56,496.44,0.0,1706.0,0,6,29.09964830011723,209.92666666666665,200-300,20%-30%
Frozen Bottle,2026-07-31,WK 31,Byculla,Swiggy,Late Night,COCO,MH,757.2,212.8,0.0,940.0,0,3,22.638297872340427,252.4,200-300,20%-30%
Frozen Bottle,2026-07-31,WK 31,Byculla,Swiggy,Lunch,COCO,MH,2317.0,1446.0,0.0,3623.0,0,6,39.91167540712117,386.1666666666667,300-400,30%-40%
Frozen Bottle,2026-07-31,WK 31,Byculla,Swiggy,Snacks,COCO,MH,1110.2,933.8,0.0,1944.0,0,5,48.034979423868315,222.04000000000002,200-300,40%-50%
Frozen Bottle,2026-07-31,WK 31,Byculla,Zomato,Dinner,COCO,MH,2576.8,1504.21,128.88,3951.01,0,8,38.07153107686389,322.1,300-400,30%-40%
Frozen Bottle,2026-07-31,WK 31,Byculla,Zomato,Late Night,COCO,MH,2643.3,1283.7,132.22,3797.0,0,8,33.808269686594684,330.4125,300-400,30%-40%
Frozen Bottle,2026-07-31,WK 31,Byculla,Zomato,Lunch,COCO,MH,600.0,560.0,30.0,1120.0,0,1,50.0,600.0,500-600,40%-50%
Frozen Bottle,2026-07-31,WK 31,Byculla,Zomato,Snacks,COCO,MH,129.4,79.6,6.48,199.0,0,1,40.0,129.4,100-200,30%-40%
Frozen Bottle,2026-07-31,WK 31,Chandra Layout,In Store,Dinner,FOFO,KA,3898.23,0.0,194.94,3898.23,0,13,0.0,299.86384615384617,200-300,0%
Frozen Bottle,2026-07-31,WK 31,Chandra Layout,In Store,Late Night,FOFO,KA,1312.0,0.0,65.64,1312.0,0,5,0.0,262.4,200-300,0%
Frozen Bottle,2026-07-31,WK 31,Chandra Layout,In Store,Lunch,FOFO,KA,194.23,0.0,9.72,194.23,0,1,0.0,194.23,100-200,0%
Frozen Bottle,2026-07-31,WK 31,Chandra Layout,In Store,Snacks,FOFO,KA,524.0,0.0,26.22,524.0,0,4,0.0,131.0,100-200,0%
Frozen Bottle,2026-07-31,WK 31,Chandra Layout,Swiggy,Closing,FOFO,KA,291.0,40.0,0.0,321.0,0,1,12.461059190031152,291.0,200-300,10%-20%
Frozen Bottle,2026-07-31,WK 31,Chandra Layout,Swiggy,Dinner,FOFO,KA,2110.87,496.98,0.0,2537.85,0,4,19.582717654707725,527.7175,500-600,10%-20%
Frozen Bottle,2026-07-31,WK 31,Chandra Layout,Swiggy,Late Night,FOFO,KA,621.0,120.0,0.0,731.0,0,1,16.415868673050614,621.0,600-900,10%-20%
Frozen Bottle,2026-07-31,WK 31,Chandra Layout,Swiggy,Lunch,FOFO,KA,264.0,236.0,0.0,500.0,0,1,47.199999999999996,264.0,200-300,40%-50%
Frozen Bottle,2026-07-31,WK 31,Chandra Layout,Swiggy,Snacks,FOFO,KA,1307.02,400.98,0.0,1668.0,0,3,24.03956834532374,435.67333333333335,400-500,20%-30%
Frozen Bottle,2026-07-31,WK 31,Chandra Layout,Zomato,Dinner,FOFO,KA,2591.0,231.0,129.58,2722.0,0,5,8.48640705363703,518.2,500-600,1%-10%
Frozen Bottle,2026-07-31,WK 31,Chandra Layout,Zomato,Late Night,FOFO,KA,280.0,0.0,14.0,270.0,0,1,0.0,280.0,200-300,0%
Frozen Bottle,2026-07-31,WK 31,Chandra Layout,Zomato,Lunch,FOFO,KA,420.0,130.0,21.0,530.0,0,2,24.528301886792452,210.0,200-300,20%-30%
Frozen Bottle,2026-07-31,WK 31,Chandra Layout,Zomato,Snacks,FOFO,KA,2251.42,141.43,112.6,2322.85,0,2,6.0886411089825,1125.71,>900,1%-10%
Frozen Bottle,2026-07-31,WK 31,Channasandra,In Store,Dinner,COCO,KA,2500.4,102.6,125.06,2603.0,0,10,3.9416058394160585,250.04000000000002,200-300,1%-10%
Frozen Bottle,2026-07-31,WK 31,Channasandra,In Store,Late Night,COCO,KA,0.0,276.0,0.0,276.0,0,1,100.0,0.0,,90%-100%
Frozen Bottle,2026-07-31,WK 31,Channasandra,In Store,Lunch,COCO,KA,221.45,294.55,11.08,516.0,0,1,57.08333333333333,221.45,200-300,50%-60%
Frozen Bottle,2026-07-31,WK 31,Channasandra,Ownly,Snacks,COCO,KA,500.0,0.0,25.0,500.0,0,1,0.0,500.0,400-500,0%
Frozen Bottle,2026-07-31,WK 31,Channasandra,Swiggy,Dinner,COCO,KA,3165.02,1442.98,0.0,4438.0,0,9,32.51419558359622,351.6688888888889,300-400,30%-40%
Frozen Bottle,2026-07-31,WK 31,Channasandra,Swiggy,Late Night,COCO,KA,1068.0,112.0,0.0,1130.0,0,2,9.91150442477876,534.0,500-600,1%-10%
Frozen Bottle,2026-07-31,WK 31,Channasandra,Swiggy,Lunch,COCO,KA,817.0,383.0,0.0,1160.0,0,4,33.01724137931035,204.25,200-300,30%-40%
Frozen Bottle,2026-07-31,WK 31,Channasandra,Swiggy,Snacks,COCO,KA,564.2,516.8,0.0,1041.0,0,3,49.6445725264169,188.0666666666667,100-200,40%-50%
Frozen Bottle,2026-07-31,WK 31,Channasandra,Zomato,Dinner,COCO,KA,1158.4,413.6,57.92,1492.0,0,6,27.72117962466488,193.0666666666667,100-200,20%-30%
Frozen Bottle,2026-07-31,WK 31,Channasandra,Zomato,Late Night,COCO,KA,603.0,405.0,30.18,968.0,0,3,41.83884297520662,201.0,200-300,40%-50%
Frozen Bottle,2026-07-31,WK 31,Channasandra,Zomato,Lunch,COCO,KA,1694.2,502.8,84.72,2127.0,0,3,23.638928067700988,564.7333333333333,500-600,20%-30%
Frozen Bottle,2026-07-31,WK 31,Channasandra,Zomato,Snacks,COCO,KA,838.95,511.9,41.96,1300.85,0,4,39.351193450436256,209.7375,200-300,30%-40%
Frozen Bottle,2026-07-31,WK 31,Chikkabellandur,In Store,Dinner,FOFO,KA,4767.5,0.0,238.42,4767.5,0,12,0.0,397.2916666666667,300-400,0%
Frozen Bottle,2026-07-31,WK 31,Chikkabellandur,In Store,Lunch,FOFO,KA,994.0,0.0,49.72,994.0,0,4,0.0,248.5,200-300,0%
Frozen Bottle,2026-07-31,WK 31,Chikkabellandur,In Store,Snacks,FOFO,KA,1696.0,0.0,84.86,1696.0,0,8,0.0,212.0,200-300,0%
Frozen Bottle,2026-07-31,WK 31,Chikkabellandur,Swiggy,Dinner,FOFO,KA,1460.0,0.0,0.0,1410.0,0,2,0.0,730.0,600-900,0%
Frozen Bottle,2026-07-31,WK 31,Chikkabellandur,Swiggy,Late Night,FOFO,KA,331.0,0.0,0.0,321.0,0,1,0.0,331.0,300-400,0%
Frozen Bottle,2026-07-31,WK 31,Chikkabellandur,Swiggy,Lunch,FOFO,KA,812.0,0.0,0.0,782.0,0,2,0.0,406.0,400-500,0%
Frozen Bottle,2026-07-31,WK 31,Chikkabellandur,Swiggy,Snacks,FOFO,KA,249.0,249.0,0.0,498.0,0,1,50.0,249.0,200-300,40%-50%
Frozen Bottle,2026-07-31,WK 31,Chikkabellandur,Zomato,Closing,FOFO,KA,338.0,80.0,16.9,398.0,0,1,20.100502512562816,338.0,300-400,20%-30%
Frozen Bottle,2026-07-31,WK 31,Chikkabellandur,Zomato,Dinner,FOFO,KA,1347.0,285.0,67.38,1572.0,0,4,18.12977099236641,336.75,300-400,10%-20%
Frozen Bottle,2026-07-31,WK 31,Chikkabellandur,Zomato,Lunch,FOFO,KA,290.0,50.0,14.5,330.0,0,1,15.151515151515152,290.0,200-300,10%-20%
Frozen Bottle,2026-07-31,WK 31,Chikkabellandur,Zomato,Snacks,FOFO,KA,788.0,210.0,39.400000000000006,958.0,0,3,21.920668058455114,262.6666666666667,200-300,20%-30%
Frozen Bottle,2026-07-31,WK 31,Chikkanayakanahalli,In Store,Dinner,FOFO,KA,4288.12,1117.7,214.5,5405.82,0,18,20.675864161218836,238.2288888888889,200-300,20%-30%
Frozen Bottle,2026-07-31,WK 31,Chikkanayakanahalli,In Store,Lunch,FOFO,KA,1213.46,0.0,60.720000000000006,1213.46,0,6,0.0,202.24333333333334,200-300,0%
Frozen Bottle,2026-07-31,WK 31,Chikkanayakanahalli,In Store,Snacks,FOFO,KA,1549.46,220.0,77.48,1769.46,0,5,12.433171702101205,309.892,300-400,10%-20%
Frozen Bottle,2026-07-31,WK 31,City Mall Kota,In Store,Breakfast,FOFO,ROI,109.0,0.0,5.46,109.0,0,1,0.0,109.0,100-200,0%
Frozen Bottle,2026-07-31,WK 31,City Mall Kota,In Store,Dinner,FOFO,ROI,2153.0,0.0,107.68,2153.0,0,9,0.0,239.22222222222223,200-300,0%
Frozen Bottle,2026-07-31,WK 31,City Mall Kota,In Store,Lunch,FOFO,ROI,169.0,0.0,8.46,169.0,0,1,0.0,169.0,100-200,0%
Frozen Bottle,2026-07-31,WK 31,City Mall Kota,In Store,Snacks,FOFO,ROI,1998.0,0.0,99.91999999999999,1998.0,0,6,0.0,333.0,300-400,0%
Frozen Bottle,2026-07-31,WK 31,City Mall Kota,Zomato,Dinner,FOFO,ROI,258.0,80.0,12.9,328.0,0,1,24.390243902439025,258.0,200-300,20%-30%
Frozen Bottle,2026-07-31,WK 31,City Mall Kota,Zomato,Snacks,FOFO,ROI,129.0,80.0,6.46,199.0,0,1,40.20100502512563,129.0,100-200,40%-50%
Frozen Bottle,2026-07-31,WK 31,DLF Gachibowli,In Store,Breakfast,FOFO,AP & TL,507.0,0.0,25.36,507.0,0,2,0.0,253.5,200-300,0%
Frozen Bottle,2026-07-31,WK 31,DLF Gachibowli,In Store,Closing,FOFO,AP & TL,1061.0,0.0,53.06,1061.0,0,4,0.0,265.25,200-300,0%
Frozen Bottle,2026-07-31,WK 31,DLF Gachibowli,In Store,Dinner,FOFO,AP & TL,1831.0,0.0,91.62,1831.0,0,12,0.0,152.58333333333334,100-200,0%
Frozen Bottle,2026-07-31,WK 31,DLF Gachibowli,In Store,Late Night,FOFO,AP & TL,1849.23,0.0,92.5,1849.23,0,8,0.0,231.15375,200-300,0%
Frozen Bottle,2026-07-31,WK 31,DLF Gachibowli,In Store,Lunch,FOFO,AP & TL,745.0,0.0,37.28,745.0,0,3,0.0,248.33333333333334,200-300,0%
Frozen Bottle,2026-07-31,WK 31,DLF Gachibowli,In Store,Snacks,FOFO,AP & TL,633.0,0.0,31.68,633.0,0,4,0.0,158.25,100-200,0%
Frozen Bottle,2026-07-31,WK 31,DLF Gachibowli,Zomato,Dinner,FOFO,AP & TL,1398.0,360.0,69.92,1698.0,0,5,21.20141342756184,279.6,200-300,20%-30%
Frozen Bottle,2026-07-31,WK 31,DLF Gachibowli,Zomato,Late Night,FOFO,AP & TL,452.7,138.3,22.64,571.0,0,2,24.220665499124344,226.35,200-300,20%-30%
Frozen Bottle,2026-07-31,WK 31,DLF Gachibowli,Zomato,Lunch,FOFO,AP & TL,171.0,69.0,8.56,230.0,0,1,30.0,171.0,100-200,20%-30%
Frozen Bottle,2026-07-31,WK 31,DLF Gachibowli,Zomato,Snacks,FOFO,AP & TL,712.0,150.0,35.62,832.0,0,2,18.028846153846153,356.0,300-400,10%-20%
Frozen Bottle,2026-07-31,WK 31,Dahisar,In Store,Dinner,COCO,MH,1183.43,127.57,59.22,1311.0,0,8,9.73073989321129,147.92875,100-200,1%-10%
Frozen Bottle,2026-07-31,WK 31,Dahisar,In Store,Lunch,COCO,MH,218.0,0.0,10.9,218.0,0,1,0.0,218.0,200-300,0%
Frozen Bottle,2026-07-31,WK 31,Dahisar,In Store,Snacks,COCO,MH,1367.85,192.15,68.42,1560.0,0,7,12.317307692307693,195.40714285714284,100-200,10%-20%
Frozen Bottle,2026-07-31,WK 31,Dahisar,Others,Dinner,COCO,MH,207.92,371.08,10.379999999999999,559.0,0,2,66.38282647584973,103.96,100-200,60%-70%
Frozen Bottle,2026-07-31,WK 31,Dahisar,Others,Snacks,COCO,MH,76.67,113.33,3.82,180.0,0,1,62.96111111111111,76.67,0-100,60%-70%
Frozen Bottle,2026-07-31,WK 31,Dahisar,Swiggy,Dinner,COCO,MH,959.12,578.88,0.0,1478.0,0,4,39.166441136671175,239.78,200-300,30%-40%
Frozen Bottle,2026-07-31,WK 31,Dahisar,Swiggy,Late Night,COCO,MH,1055.01,432.99,0.0,1428.0,0,3,30.321428571428573,351.67,300-400,30%-40%
Frozen Bottle,2026-07-31,WK 31,Dahisar,Swiggy,Lunch,COCO,MH,3230.7999999999997,977.1999999999999,0.0,4048.0,0,3,24.140316205533598,1076.9333333333332,>900,20%-30%
Frozen Bottle,2026-07-31,WK 31,Dahisar,Swiggy,Snacks,COCO,MH,952.2,654.8,0.0,1547.0,0,4,42.327084680025855,238.05,200-300,40%-50%
Frozen Bottle,2026-07-31,WK 31,Dahisar,Zomato,Dinner,COCO,MH,1571.8400000000001,796.16,78.62,2278.0,0,7,34.94995610184372,224.54857142857145,200-300,30%-40%
Frozen Bottle,2026-07-31,WK 31,Dahisar,Zomato,Late Night,COCO,MH,3574.85,920.15,178.8,4335.0,0,9,21.226066897347174,397.2055555555555,300-400,20%-30%
Frozen Bottle,2026-07-31,WK 31,Dahisar,Zomato,Lunch,COCO,MH,129.4,79.6,6.48,199.0,0,1,40.0,129.4,100-200,30%-40%
Frozen Bottle,2026-07-31,WK 31,Dhanori,In Store,Breakfast,FOFO,MH,99.0,0.0,4.96,99.0,0,1,0.0,99.0,0-100,0%
Frozen Bottle,2026-07-31,WK 31,Dhanori,In Store,Dinner,FOFO,MH,446.0,0.0,22.32,446.0,0,3,0.0,148.66666666666666,100-200,0%
Frozen Bottle,2026-07-31,WK 31,Dhanori,Swiggy,Dinner,FOFO,MH,290.0,0.0,0.0,280.0,0,1,0.0,290.0,200-300,0%
Frozen Bottle,2026-07-31,WK 31,Dhanori,Zomato,Dinner,FOFO,MH,2378.0,0.0,118.9,2308.0,0,5,0.0,475.6,400-500,0%
Frozen Bottle,2026-07-31,WK 31,Dharmapuri,In Store,Dinner,FOFO,TN,10455.89,0.0,522.9,10455.89,0,26,0.0,402.14961538461534,400-500,0%
Frozen Bottle,2026-07-31,WK 31,Dharmapuri,In Store,Lunch,FOFO,TN,2456.0,0.0,122.86,2456.0,0,9,0.0,272.8888888888889,200-300,0%
Frozen Bottle,2026-07-31,WK 31,Dharmapuri,In Store,Snacks,FOFO,TN,6147.56,0.0,307.42,6147.56,0,21,0.0,292.7409523809524,200-300,0%
Frozen Bottle,2026-07-31,WK 31,Dharmapuri,Swiggy,Dinner,FOFO,TN,1238.0,0.0,0.0,1188.0,0,3,0.0,412.6666666666667,400-500,0%
Frozen Bottle,2026-07-31,WK 31,Dindigul,In Store,Dinner,FOFO,TN,3982.0,0.0,199.14,3982.0,0,5,0.0,796.4,600-900,0%
Frozen Bottle,2026-07-31,WK 31,Dindigul,In Store,Lunch,FOFO,TN,2725.0,0.0,136.3,2725.0,0,7,0.0,389.2857142857143,300-400,0%
Frozen Bottle,2026-07-31,WK 31,Dindigul,In Store,Snacks,FOFO,TN,1720.0,0.0,86.03999999999999,1720.0,0,4,0.0,430.0,400-500,0%
Frozen Bottle,2026-07-31,WK 31,Dindigul,Swiggy,Lunch,FOFO,TN,411.0,0.0,0.0,391.0,0,1,0.0,411.0,400-500,0%
Frozen Bottle,2026-07-31,WK 31,Dindigul,Swiggy,Snacks,FOFO,TN,1951.0,0.0,0.0,1901.0,0,1,0.0,1951.0,>900,0%
Frozen Bottle,2026-07-31,WK 31,Dindigul,Zomato,Dinner,FOFO,TN,427.2,81.8,21.36,489.0,0,2,16.7280163599182,213.6,200-300,10%-20%
Frozen Bottle,2026-07-31,WK 31,Dindigul,Zomato,Snacks,FOFO,TN,1117.25,249.75,55.9,1317.0,0,2,18.96355353075171,558.625,500-600,10%-20%
Frozen Bottle,2026-07-31,WK 31,Dombivali Experia,In Store,Snacks,FOFO,MH,285877.0,0.0,14293.86,285877.0,0,1,0.0,285877.0,>900,0%
Frozen Bottle,2026-07-31,WK 31,Dombivali Experia,Zomato,Lunch,FOFO,MH,340.0,100.0,17.0,430.0,0,1,23.25581395348837,340.0,300-400,20%-30%
Frozen Bottle,2026-07-31,WK 31,Dombivali Experia,Zomato,Snacks,FOFO,MH,200.0,100.0,10.0,290.0,0,1,34.48275862068966,200.0,100-200,30%-40%
Frozen Bottle,2026-07-31,WK 31,Edappally,In Store,Dinner,FOFO,Kerela,397.0,0.0,19.86,397.0,0,1,0.0,397.0,300-400,0%
Frozen Bottle,2026-07-31,WK 31,Edappally,In Store,Lunch,FOFO,Kerela,189.0,0.0,9.46,189.0,0,1,0.0,189.0,100-200,0%
Frozen Bottle,2026-07-31,WK 31,Edappally,Swiggy,Dinner,FOFO,Kerela,1997.0,132.0,0.0,2069.0,0,7,6.379893668438859,285.2857142857143,200-300,1%-10%
Frozen Bottle,2026-07-31,WK 31,Edappally,Swiggy,Lunch,FOFO,Kerela,716.0,0.0,0.0,686.0,0,3,0.0,238.66666666666666,200-300,0%
Frozen Bottle,2026-07-31,WK 31,Edappally,Swiggy,Snacks,FOFO,Kerela,608.0,60.0,0.0,648.0,0,2,9.25925925925926,304.0,300-400,1%-10%
Frozen Bottle,2026-07-31,WK 31,Edappally,Zomato,Dinner,FOFO,Kerela,420.0,0.0,21.0,400.0,0,1,0.0,420.0,400-500,0%
Frozen Bottle,2026-07-31,WK 31,Edappally,Zomato,Snacks,FOFO,Kerela,740.0,0.0,37.02,710.0,0,3,0.0,246.66666666666666,200-300,0%
Frozen Bottle,2026-07-31,WK 31,Electronic city,In Store,Closing,FOFO,KA,249.0,0.0,12.46,249.0,0,1,0.0,249.0,200-300,0%
Frozen Bottle,2026-07-31,WK 31,Electronic city,In Store,Dinner,FOFO,KA,6211.639999999999,0.0,310.58,6211.639999999999,0,13,0.0,477.8184615384615,400-500,0%
Frozen Bottle,2026-07-31,WK 31,Electronic city,In Store,Late Night,FOFO,KA,6405.94,0.0,320.28,6405.94,0,4,0.0,1601.485,>900,0%
Frozen Bottle,2026-07-31,WK 31,Electronic city,In Store,Lunch,FOFO,KA,1429.6,0.0,71.5,1429.6,0,3,0.0,476.5333333333333,400-500,0%
Frozen Bottle,2026-07-31,WK 31,Electronic city,In Store,Snacks,FOFO,KA,719.28,0.0,36.0,719.28,0,4,0.0,179.82,100-200,0%
Frozen Bottle,2026-07-31,WK 31,Electronic city,Swiggy,Dinner,FOFO,KA,3209.0299999999997,439.97,0.0,3529.0,0,6,12.467271181637859,534.8383333333333,500-600,10%-20%
Frozen Bottle,2026-07-31,WK 31,Electronic city,Swiggy,Late Night,FOFO,KA,1358.77,214.23,0.0,1513.0,0,4,14.159286186384664,339.6925,300-400,10%-20%
Frozen Bottle,2026-07-31,WK 31,Electronic city,Swiggy,Lunch,FOFO,KA,1109.0,100.0,0.0,1169.0,0,3,8.554319931565441,369.6666666666667,300-400,1%-10%
Frozen Bottle,2026-07-31,WK 31,Electronic city,Swiggy,Snacks,FOFO,KA,875.01,63.989999999999995,0.0,909.0,0,2,7.039603960396039,437.505,400-500,1%-10%
Frozen Bottle,2026-07-31,WK 31,Electronic city,Zomato,Breakfast,FOFO,KA,232.33,100.0,11.62,312.33,0,1,32.017417475106456,232.33,200-300,30%-40%
Frozen Bottle,2026-07-31,WK 31,Electronic city,Zomato,Dinner,FOFO,KA,4411.8,128.2,220.64,4390.0,0,13,2.920273348519362,339.3692307692308,300-400,1%-10%
Frozen Bottle,2026-07-31,WK 31,Electronic city,Zomato,Late Night,FOFO,KA,3954.66,803.34,197.74,4598.0,0,9,17.471509351892127,439.40666666666664,400-500,10%-20%
Frozen Bottle,2026-07-31,WK 31,Electronic city,Zomato,Lunch,FOFO,KA,320.0,50.0,16.0,360.0,0,1,13.88888888888889,320.0,300-400,10%-20%
Frozen Bottle,2026-07-31,WK 31,Electronic city,Zomato,Snacks,FOFO,KA,700.85,0.0,35.06,670.85,0,2,0.0,350.425,300-400,0%
Frozen Bottle,2026-07-31,WK 31,Erode,In Store,Dinner,COCO,TN,2332.23,0.0,116.68,2332.23,0,10,0.0,233.223,200-300,0%
Frozen Bottle,2026-07-31,WK 31,Erode,In Store,Lunch,COCO,TN,1541.0,0.0,77.1,1541.0,0,6,0.0,256.8333333333333,200-300,0%
Frozen Bottle,2026-07-31,WK 31,Erode,In Store,Snacks,COCO,TN,730.3299999999999,0.0,36.519999999999996,730.3299999999999,0,2,0.0,365.16499999999996,300-400,0%
Frozen Bottle,2026-07-31,WK 31,Erode,Swiggy,Dinner,COCO,TN,2994.0,1557.0,0.0,4391.0,0,9,35.45889319061717,332.6666666666667,300-400,30%-40%
Frozen Bottle,2026-07-31,WK 31,Erode,Swiggy,Late Night,COCO,TN,158.0,180.0,0.0,318.0,0,1,56.60377358490566,158.0,100-200,50%-60%
Frozen Bottle,2026-07-31,WK 31,Erode,Swiggy,Lunch,COCO,TN,139.0,121.0,0.0,250.0,0,1,48.4,139.0,100-200,40%-50%
Frozen Bottle,2026-07-31,WK 31,Erode,Swiggy,Snacks,COCO,TN,1800.0,1042.0,0.0,2742.0,0,6,38.00145878920496,300.0,200-300,30%-40%
Frozen Bottle,2026-07-31,WK 31,Erode,Zomato,Dinner,COCO,TN,1851.0,480.0,92.6,2251.0,0,4,21.32385606397157,462.75,400-500,20%-30%
Frozen Bottle,2026-07-31,WK 31,Erode,Zomato,Lunch,COCO,TN,634.5,507.5,31.740000000000002,1102.0,0,2,46.05263157894737,317.25,300-400,40%-50%
Frozen Bottle,2026-07-31,WK 31,Erode,Zomato,Snacks,COCO,TN,495.0,465.0,24.759999999999998,930.0,0,2,50.0,247.5,200-300,40%-50%
Frozen Bottle,2026-07-31,WK 31,Express Avenue Mall,In Store,Dinner,COCO,TN,2457.0,0.0,122.92,2457.0,0,10,0.0,245.7,200-300,0%
Frozen Bottle,2026-07-31,WK 31,Express Avenue Mall,In Store,Lunch,COCO,TN,2268.51,261.72,113.5,2530.23,0,13,10.343723693103,174.50076923076924,100-200,10%-20%
Frozen Bottle,2026-07-31,WK 31,Express Avenue Mall,In Store,Snacks,COCO,TN,3326.79,0.0,166.4,3326.79,0,14,0.0,237.62785714285715,200-300,0%
Frozen Bottle,2026-07-31,WK 31,Express Avenue Mall,Swiggy,Dinner,COCO,TN,1583.0,534.0,0.0,2047.0,0,4,26.08695652173913,395.75,300-400,20%-30%
Frozen Bottle,2026-07-31,WK 31,Express Avenue Mall,Swiggy,Late Night,COCO,TN,337.0,194.0,0.0,511.0,0,2,37.96477495107632,168.5,100-200,30%-40%
Frozen Bottle,2026-07-31,WK 31,Express Avenue Mall,Swiggy,Lunch,COCO,TN,1163.0,565.0,0.0,1668.0,0,2,33.87290167865707,581.5,500-600,30%-40%
Frozen Bottle,2026-07-31,WK 31,Express Avenue Mall,Swiggy,Snacks,COCO,TN,868.01,403.99,0.0,1222.0,0,2,33.05973813420622,434.005,400-500,30%-40%
Frozen Bottle,2026-07-31,WK 31,Express Avenue Mall,Zomato,Dinner,COCO,TN,805.0,545.0,40.260000000000005,1300.0,0,3,41.92307692307693,268.3333333333333,200-300,40%-50%
Frozen Bottle,2026-07-31,WK 31,Express Avenue Mall,Zomato,Late Night,COCO,TN,335.0,80.0,16.76,405.0,0,1,19.753086419753085,335.0,300-400,10%-20%
Frozen Bottle,2026-07-31,WK 31,Express Avenue Mall,Zomato,Lunch,COCO,TN,340.0,260.0,17.02,580.0,0,1,44.827586206896555,340.0,300-400,40%-50%
Frozen Bottle,2026-07-31,WK 31,Express Avenue Mall,Zomato,Snacks,COCO,TN,2111.0,1695.0,105.58,3686.0,0,5,45.98480737927292,422.2,400-500,40%-50%
Frozen Bottle,2026-07-31,WK 31,FC Road,In Store,Dinner,FOFO,MH,839.23,0.0,42.0,839.23,0,6,0.0,139.87166666666667,100-200,0%
Frozen Bottle,2026-07-31,WK 31,FC Road,In Store,Lunch,FOFO,MH,378.0,0.0,18.9,378.0,0,1,0.0,378.0,300-400,0%
Frozen Bottle,2026-07-31,WK 31,FC Road,In Store,Snacks,FOFO,MH,189.0,0.0,9.46,189.0,0,1,0.0,189.0,100-200,0%
Frozen Bottle,2026-07-31,WK 31,FC Road,Zomato,Dinner,FOFO,MH,1466.0,0.0,73.34,1406.0,0,3,0.0,488.6666666666667,400-500,0%
Frozen Bottle,2026-07-31,WK 31,FC Road,Zomato,Snacks,FOFO,MH,280.0,0.0,14.0,270.0,0,1,0.0,280.0,200-300,0%
Frozen Bottle,2026-07-31,WK 31,Frazer Town,In Store,Dinner,COCO,KA,1611.72,1243.78,80.66,2855.5,0,10,43.557345473647345,161.172,100-200,40%-50%
Frozen Bottle,2026-07-31,WK 31,Frazer Town,In Store,Lunch,COCO,KA,1287.23,0.0,64.36,1287.23,0,3,0.0,429.07666666666665,400-500,0%
Frozen Bottle,2026-07-31,WK 31,Frazer Town,In Store,Snacks,COCO,KA,692.9,170.1,34.66,863.0,0,5,19.71031286210892,138.57999999999998,100-200,10%-20%
Frozen Bottle,2026-07-31,WK 31,Frazer Town,Ownly,Dinner,COCO,KA,161.0,0.0,8.06,161.0,0,1,0.0,161.0,100-200,0%
Frozen Bottle,2026-07-31,WK 31,Frazer Town,Swiggy,Breakfast,COCO,KA,208.0,112.0,0.0,310.0,0,1,36.12903225806451,208.0,200-300,30%-40%
Frozen Bottle,2026-07-31,WK 31,Frazer Town,Swiggy,Dinner,COCO,KA,448.01,201.99,0.0,620.0,0,2,32.579032258064515,224.005,200-300,30%-40%
Frozen Bottle,2026-07-31,WK 31,Frazer Town,Swiggy,Late Night,COCO,KA,502.0,303.0,0.0,775.0,0,3,39.09677419354839,167.33333333333334,100-200,30%-40%
Frozen Bottle,2026-07-31,WK 31,Frazer Town,Swiggy,Lunch,COCO,KA,668.2,201.8,0.0,840.0,0,3,24.023809523809526,222.73333333333335,200-300,20%-30%
Frozen Bottle,2026-07-31,WK 31,Frazer Town,Swiggy,Snacks,COCO,KA,913.4000000000001,651.93,0.0,1495.33,0,2,43.59773427938983,456.70000000000005,400-500,40%-50%
Frozen Bottle,2026-07-31,WK 31,Frazer Town,Zomato,Dinner,COCO,KA,370.0,350.0,18.52,700.0,0,2,50.0,185.0,100-200,40%-50%
Frozen Bottle,2026-07-31,WK 31,Frazer Town,Zomato,Lunch,COCO,KA,250.0,40.0,12.5,280.0,0,1,14.285714285714285,250.0,200-300,10%-20%
Frozen Bottle,2026-07-31,WK 31,Frazer Town,Zomato,Snacks,COCO,KA,1135.0,630.0,56.74,1705.0,0,3,36.950146627565985,378.3333333333333,300-400,30%-40%
Frozen Bottle,2026-07-31,WK 31,GIP GOA,In Store,Dinner,FOFO,ROI,616.0,0.0,30.799999999999997,616.0,0,2,0.0,308.0,300-400,0%
Frozen Bottle,2026-07-31,WK 31,GIP GOA,In Store,Late Night,FOFO,ROI,278.0,0.0,13.9,278.0,0,1,0.0,278.0,200-300,0%
Frozen Bottle,2026-07-31,WK 31,GIP GOA,In Store,Snacks,FOFO,ROI,926.0,0.0,46.32,926.0,0,3,0.0,308.6666666666667,300-400,0%
Frozen Bottle,2026-07-31,WK 31,GIP GOA,Swiggy,Dinner,FOFO,ROI,391.0,0.0,0.0,381.0,0,1,0.0,391.0,300-400,0%
Frozen Bottle,2026-07-31,WK 31,Gangadham,In Store,Dinner,FOFO,MH,447.0,0.0,22.36,447.0,0,2,0.0,223.5,200-300,0%
Frozen Bottle,2026-07-31,WK 31,Gangadham,In Store,Late Night,FOFO,MH,1131.0,0.0,56.56,1131.0,0,4,0.0,282.75,200-300,0%
Frozen Bottle,2026-07-31,WK 31,Gangadham,In Store,Lunch,FOFO,MH,99.0,0.0,4.96,99.0,0,1,0.0,99.0,0-100,0%
Frozen Bottle,2026-07-31,WK 31,Gangadham,In Store,Snacks,FOFO,MH,79.0,0.0,3.96,79.0,0,1,0.0,79.0,0-100,0%
Frozen Bottle,2026-07-31,WK 31,Gangadham,Swiggy,Dinner,FOFO,MH,1959.01,1331.99,0.0,3201.0,0,6,41.61168384879725,326.50166666666667,300-400,40%-50%
Frozen Bottle,2026-07-31,WK 31,Gangadham,Swiggy,Snacks,FOFO,MH,710.0,0.0,0.0,690.0,0,1,0.0,710.0,600-900,0%
Frozen Bottle,2026-07-31,WK 31,Gangadham,Zomato,Breakfast,FOFO,MH,159.0,100.0,7.96,249.0,0,1,40.16064257028113,159.0,100-200,40%-50%
Frozen Bottle,2026-07-31,WK 31,Gangadham,Zomato,Closing,FOFO,MH,960.0,0.0,48.0,930.0,0,1,0.0,960.0,>900,0%
Frozen Bottle,2026-07-31,WK 31,Gangadham,Zomato,Dinner,FOFO,MH,5883.0,0.0,294.2,5683.0,0,10,0.0,588.3,500-600,0%
Frozen Bottle,2026-07-31,WK 31,Gangadham,Zomato,Late Night,FOFO,MH,811.0,60.0,40.58,841.0,0,2,7.13436385255648,405.5,400-500,1%-10%
Frozen Bottle,2026-07-31,WK 31,Gangadham,Zomato,Snacks,FOFO,MH,280.0,0.0,14.0,270.0,0,1,0.0,280.0,200-300,0%
Frozen Bottle,2026-07-31,WK 31,Ghaziabad-1,Zomato,Snacks,FOFO,ROI,1840.0,200.0,92.04,2000.0,0,1,10.0,1840.0,>900,1%-10%
Frozen Bottle,2026-07-31,WK 31,Guduvanchery,In Store,Dinner,COCO,TN,8002.16,211.84,400.28,8214.0,0,37,2.579011443876309,216.2745945945946,200-300,1%-10%
Frozen Bottle,2026-07-31,WK 31,Guduvanchery,In Store,Lunch,COCO,TN,5068.26,394.66,253.5,5462.92,0,15,7.224341560923462,337.884,300-400,1%-10%
Frozen Bottle,2026-07-31,WK 31,Guduvanchery,In Store,Snacks,COCO,TN,7127.74,38.72,356.52,7166.46,0,25,0.5402946503573591,285.1096,200-300,1%-10%
Frozen Bottle,2026-07-31,WK 31,Guduvanchery,Swiggy,Dinner,COCO,TN,4122.0,1610.0,0.0,5542.0,0,14,29.05088415734392,294.42857142857144,200-300,20%-30%
Frozen Bottle,2026-07-31,WK 31,Guduvanchery,Swiggy,Late Night,COCO,TN,309.0,289.0,0.0,588.0,0,1,49.14965986394558,309.0,300-400,40%-50%
Frozen Bottle,2026-07-31,WK 31,Guduvanchery,Swiggy,Lunch,COCO,TN,1716.56,880.44,0.0,2497.0,0,7,35.25991189427313,245.22285714285712,200-300,30%-40%
Frozen Bottle,2026-07-31,WK 31,Guduvanchery,Swiggy,Snacks,COCO,TN,2486.7599999999998,1234.24,0.0,3601.0,0,9,34.27492363232435,276.3066666666666,200-300,30%-40%
Frozen Bottle,2026-07-31,WK 31,Guduvanchery,Zomato,Dinner,COCO,TN,2374.3,1843.7,118.8,4078.0,0,10,45.21088769004414,237.43,200-300,40%-50%
Frozen Bottle,2026-07-31,WK 31,Guduvanchery,Zomato,Late Night,COCO,TN,735.9,595.1,36.82,1281.0,0,3,46.45589383294301,245.29999999999998,200-300,40%-50%
Frozen Bottle,2026-07-31,WK 31,Guduvanchery,Zomato,Lunch,COCO,TN,1726.0,1033.0,86.34,2669.0,0,5,38.70363431997003,345.2,300-400,30%-40%
Frozen Bottle,2026-07-31,WK 31,Guduvanchery,Zomato,Snacks,COCO,TN,1913.2,1671.8,95.72,3465.0,0,8,48.248196248196244,239.15,200-300,40%-50%
Frozen Bottle,2026-07-31,WK 31,Gunjur,In Store,Breakfast,COCO,KA,222.84,0.0,11.14,222.84,0,1,0.0,222.84,200-300,0%
Frozen Bottle,2026-07-31,WK 31,Gunjur,In Store,Dinner,COCO,KA,9759.87,0.0,488.18,9759.87,0,40,0.0,243.99675000000002,200-300,0%
Frozen Bottle,2026-07-31,WK 31,Gunjur,In Store,Late Night,COCO,KA,158.0,0.0,7.9,158.0,0,1,0.0,158.0,100-200,0%
Frozen Bottle,2026-07-31,WK 31,Gunjur,In Store,Lunch,COCO,KA,925.5,0.0,46.3,925.5,0,4,0.0,231.375,200-300,0%
Frozen Bottle,2026-07-31,WK 31,Gunjur,In Store,Snacks,COCO,KA,2504.2799999999997,0.0,125.24000000000001,2504.2799999999997,0,4,0.0,626.0699999999999,600-900,0%
Frozen Bottle,2026-07-31,WK 31,Gunjur,Swiggy,Dinner,COCO,KA,3169.14,1782.04,0.0,4761.18,0,15,37.42853662327406,211.27599999999998,200-300,30%-40%
Frozen Bottle,2026-07-31,WK 31,Gunjur,Swiggy,Late Night,COCO,KA,1005.01,393.99,0.0,1349.0,0,2,29.2060785767235,502.505,500-600,20%-30%
Frozen Bottle,2026-07-31,WK 31,Gunjur,Swiggy,Lunch,COCO,KA,129.0,80.0,0.0,199.0,0,1,40.20100502512563,129.0,100-200,40%-50%
Frozen Bottle,2026-07-31,WK 31,Gunjur,Swiggy,Snacks,COCO,KA,2228.0,1659.0,0.0,3767.0,0,6,44.04035041146801,371.3333333333333,300-400,40%-50%
Frozen Bottle,2026-07-31,WK 31,Gunjur,Zomato,Dinner,COCO,KA,1482.67,1288.1799999999998,74.16,2670.85,0,6,48.23108748151338,247.11166666666668,200-300,40%-50%
Frozen Bottle,2026-07-31,WK 31,Gunjur,Zomato,Lunch,COCO,KA,783.0,615.0,39.14,1338.0,0,3,45.964125560538115,261.0,200-300,40%-50%
Frozen Bottle,2026-07-31,WK 31,Gunjur,Zomato,Snacks,COCO,KA,447.0,92.0,22.36,519.0,0,2,17.726396917148364,223.5,200-300,10%-20%
Frozen Bottle,2026-07-31,WK 31,Guwahati,In Store,Dinner,FOFO,ROI,4690.0,0.0,234.66,4690.0,0,24,0.0,195.41666666666666,100-200,0%
Frozen Bottle,2026-07-31,WK 31,Guwahati,In Store,Lunch,FOFO,ROI,2505.0,0.0,125.28,2505.0,0,10,0.0,250.5,200-300,0%
Frozen Bottle,2026-07-31,WK 31,Guwahati,In Store,Snacks,FOFO,ROI,6992.0,0.0,349.74,6992.0,0,32,0.0,218.5,200-300,0%
Frozen Bottle,2026-07-31,WK 31,Guwahati,Swiggy,Dinner,FOFO,ROI,209.0,0.0,0.0,199.0,0,1,0.0,209.0,200-300,0%
Frozen Bottle,2026-07-31,WK 31,Guwahati,Zomato,Snacks,FOFO,ROI,321.0,0.0,16.06,311.0,0,1,0.0,321.0,300-400,0%
Frozen Bottle,2026-07-31,WK 31,Gwalior,In Store,Closing,FOFO,ROI,49.0,0.0,2.46,49.0,0,1,0.0,49.0,0-100,0%
Frozen Bottle,2026-07-31,WK 31,Gwalior,In Store,Dinner,FOFO,ROI,1527.6200000000001,8.8,76.4,1536.42,0,8,0.5727600525897867,190.95250000000001,100-200,1%-10%
Frozen Bottle,2026-07-31,WK 31,Gwalior,In Store,Lunch,FOFO,ROI,1191.5,10.0,59.6,1201.5,0,3,0.8322929671244279,397.1666666666667,300-400,1%-10%
Frozen Bottle,2026-07-31,WK 31,Gwalior,In Store,Snacks,FOFO,ROI,644.0,0.0,32.2,644.0,0,3,0.0,214.66666666666666,200-300,0%
Frozen Bottle,2026-07-31,WK 31,Gwalior,Swiggy,Dinner,FOFO,ROI,139.0,101.0,0.0,230.0,0,1,43.913043478260875,139.0,100-200,40%-50%
Frozen Bottle,2026-07-31,WK 31,Gwalior,Zomato,Closing,FOFO,ROI,1068.0,0.0,53.44,1018.0,0,1,0.0,1068.0,>900,0%
Frozen Bottle,2026-07-31,WK 31,Gwalior,Zomato,Late Night,FOFO,ROI,241.57,47.43,12.08,279.0,0,1,17.0,241.57,200-300,10%-20%
Frozen Bottle,2026-07-31,WK 31,Gwalior,Zomato,Lunch,FOFO,ROI,240.0,0.0,12.0,230.0,0,1,0.0,240.0,200-300,0%
Frozen Bottle,2026-07-31,WK 31,HSR Layout,In Store,Dinner,COCO,KA,3914.13,489.6,195.86,4403.73,0,26,11.117847824457904,150.54346153846154,100-200,10%-20%
Frozen Bottle,2026-07-31,WK 31,HSR Layout,In Store,Lunch,COCO,KA,605.89,64.39,30.32,670.28,0,4,9.606433132422271,151.4725,100-200,1%-10%
Frozen Bottle,2026-07-31,WK 31,HSR Layout,In Store,Snacks,COCO,KA,1792.72,1243.89,89.64,3036.61,0,18,40.963113471930875,99.59555555555556,0-100,40%-50%
Frozen Bottle,2026-07-31,WK 31,HSR Layout,Ownly,Dinner,COCO,KA,232.0,0.0,11.6,232.0,0,1,0.0,232.0,200-300,0%
Frozen Bottle,2026-07-31,WK 31,HSR Layout,Ownly,Late Night,COCO,KA,237.0,0.0,11.86,237.0,0,1,0.0,237.0,200-300,0%
Frozen Bottle,2026-07-31,WK 31,HSR Layout,Ownly,Snacks,COCO,KA,134.0,0.0,6.7,134.0,0,1,0.0,134.0,100-200,0%
Frozen Bottle,2026-07-31,WK 31,HSR Layout,Swiggy,Dinner,COCO,KA,6411.12,4155.73,0.0,10206.85,0,23,40.71510799120198,278.74434782608694,200-300,40%-50%
Frozen Bottle,2026-07-31,WK 31,HSR Layout,Swiggy,Late Night,COCO,KA,6862.74,3708.92,0.0,10181.66,0,21,36.42745878373468,326.79714285714283,300-400,30%-40%
Frozen Bottle,2026-07-31,WK 31,HSR Layout,Swiggy,Lunch,COCO,KA,3908.58,2353.42,0.0,6012.0,0,9,39.145375914837,434.28666666666663,400-500,30%-40%
Frozen Bottle,2026-07-31,WK 31,HSR Layout,Swiggy,Snacks,COCO,KA,1523.21,897.1500000000001,0.0,2300.36,0,7,39.00041732598376,217.60142857142858,200-300,30%-40%
Frozen Bottle,2026-07-31,WK 31,HSR Layout,Zomato,Dinner,COCO,KA,5860.01,4165.68,293.14,9665.69,0,21,43.097595722602314,279.04809523809524,200-300,40%-50%
Frozen Bottle,2026-07-31,WK 31,HSR Layout,Zomato,Late Night,COCO,KA,2951.5,1940.5,147.62,4712.0,0,14,41.1820882852292,210.82142857142858,200-300,40%-50%
Frozen Bottle,2026-07-31,WK 31,HSR Layout,Zomato,Lunch,COCO,KA,544.7,544.3,27.24,1049.0,0,4,51.887511916110576,136.175,100-200,50%-60%
Frozen Bottle,2026-07-31,WK 31,HSR Layout,Zomato,Snacks,COCO,KA,1119.8,1016.2,56.0,2046.0,0,6,49.66764418377322,186.63333333333333,100-200,40%-50%
Frozen Bottle,2026-07-31,WK 31,Hadapsar,In Store,Dinner,FOFO,MH,1453.0,0.0,72.67999999999999,1453.0,0,5,0.0,290.6,200-300,0%
Frozen Bottle,2026-07-31,WK 31,Hadapsar,In Store,Snacks,FOFO,MH,169.0,0.0,8.46,169.0,0,1,0.0,169.0,100-200,0%
Frozen Bottle,2026-07-31,WK 31,Hadapsar,Swiggy,Closing,FOFO,MH,240.0,0.0,0.0,230.0,0,1,0.0,240.0,200-300,0%
Frozen Bottle,2026-07-31,WK 31,Hadapsar,Swiggy,Dinner,FOFO,MH,1472.0,0.0,0.0,1422.0,0,2,0.0,736.0,600-900,0%
Frozen Bottle,2026-07-31,WK 31,Hadapsar,Swiggy,Late Night,FOFO,MH,571.0,0.0,0.0,551.0,0,2,0.0,285.5,200-300,0%
Frozen Bottle,2026-07-31,WK 31,Hadapsar,Swiggy,Lunch,FOFO,MH,210.0,0.0,0.0,200.0,0,1,0.0,210.0,200-300,0%
Frozen Bottle,2026-07-31,WK 31,Hadapsar,Swiggy,Snacks,FOFO,MH,421.0,0.0,0.0,401.0,0,2,0.0,210.5,200-300,0%
Frozen Bottle,2026-07-31,WK 31,Hadapsar,Zomato,Closing,FOFO,MH,750.0,200.0,37.5,920.0,0,2,21.73913043478261,375.0,300-400,20%-30%
Frozen Bottle,2026-07-31,WK 31,Hadapsar,Zomato,Dinner,FOFO,MH,1432.0,180.0,71.6,1562.0,0,4,11.523687580025609,358.0,300-400,10%-20%
Frozen Bottle,2026-07-31,WK 31,Hadapsar,Zomato,Late Night,FOFO,MH,220.0,80.0,11.0,290.0,0,1,27.586206896551722,220.0,200-300,20%-30%
Frozen Bottle,2026-07-31,WK 31,Hadapsar,Zomato,Lunch,FOFO,MH,1793.0,566.0,89.66,2279.0,0,3,24.83545414655551,597.6666666666666,500-600,20%-30%
Frozen Bottle,2026-07-31,WK 31,Hadapsar,Zomato,Snacks,FOFO,MH,1355.2,484.8,67.75999999999999,1780.0,0,3,27.23595505617978,451.73333333333335,400-500,20%-30%
Frozen Bottle,2026-07-31,WK 31,Hafizpet,In Store,Dinner,FOFO,AP & TL,3763.69,0.0,188.26,3763.69,0,12,0.0,313.6408333333333,300-400,0%
Frozen Bottle,2026-07-31,WK 31,Hafizpet,In Store,Late Night,FOFO,AP & TL,823.0,0.0,41.16,823.0,0,3,0.0,274.3333333333333,200-300,0%
Frozen Bottle,2026-07-31,WK 31,Hafizpet,In Store,Lunch,FOFO,AP & TL,78.0,0.0,3.92,78.0,0,2,0.0,39.0,0-100,0%
Frozen Bottle,2026-07-31,WK 31,Hafizpet,In Store,Snacks,FOFO,AP & TL,505.0,0.0,25.28,505.0,0,4,0.0,126.25,100-200,0%
Frozen Bottle,2026-07-31,WK 31,Hafizpet,Swiggy,Dinner,FOFO,AP & TL,1006.0,142.0,0.0,1108.0,0,2,12.815884476534295,503.0,500-600,10%-20%
Frozen Bottle,2026-07-31,WK 31,Hafizpet,Zomato,Dinner,FOFO,AP & TL,857.1,190.9,42.879999999999995,1008.0,0,3,18.938492063492063,285.7,200-300,10%-20%
Frozen Bottle,2026-07-31,WK 31,Hafizpet,Zomato,Late Night,FOFO,AP & TL,842.0,75.0,42.120000000000005,877.0,0,2,8.551881413911062,421.0,400-500,1%-10%
Frozen Bottle,2026-07-31,WK 31,Hafizpet,Zomato,Lunch,FOFO,AP & TL,340.0,0.0,17.0,330.0,0,1,0.0,340.0,300-400,0%
Frozen Bottle,2026-07-31,WK 31,Hafizpet,Zomato,Snacks,FOFO,AP & TL,1040.0,282.0,52.0,1272.0,0,3,22.169811320754718,346.6666666666667,300-400,20%-30%
Frozen Bottle,2026-07-31,WK 31,Harlur Road,In Store,Dinner,COCO,KA,1415.6599999999999,0.0,70.8,1415.6599999999999,0,4,0.0,353.91499999999996,300-400,0%
Frozen Bottle,2026-07-31,WK 31,Harlur Road,In Store,Lunch,COCO,KA,39.0,0.0,1.96,39.0,0,1,0.0,39.0,0-100,0%
Frozen Bottle,2026-07-31,WK 31,Harlur Road,In Store,Snacks,COCO,KA,642.31,82.74000000000001,32.12,725.05,0,3,11.411626784359703,214.10333333333332,200-300,10%-20%
Frozen Bottle,2026-07-31,WK 31,Harlur Road,Swiggy,Dinner,COCO,KA,4207.47,1871.38,0.0,5888.85,0,13,31.778360800495854,323.6515384615385,300-400,30%-40%
Frozen Bottle,2026-07-31,WK 31,Harlur Road,Swiggy,Late Night,COCO,KA,3456.0,1565.66,0.0,4811.66,0,11,32.53887431780301,314.1818181818182,300-400,30%-40%
Frozen Bottle,2026-07-31,WK 31,Harlur Road,Swiggy,Lunch,COCO,KA,1507.76,1325.57,0.0,2713.33,0,5,48.853991221119436,301.552,300-400,40%-50%
Frozen Bottle,2026-07-31,WK 31,Harlur Road,Swiggy,Snacks,COCO,KA,1098.12,607.88,0.0,1626.0,0,5,37.384993849938496,219.62399999999997,200-300,30%-40%
Frozen Bottle,2026-07-31,WK 31,Harlur Road,Zomato,Dinner,COCO,KA,2059.15,1436.71,102.97999999999999,3365.86,0,8,42.684781898237,257.39375,200-300,40%-50%
Frozen Bottle,2026-07-31,WK 31,Harlur Road,Zomato,Late Night,COCO,KA,175.0,165.0,8.76,330.0,0,1,50.0,175.0,100-200,40%-50%
Frozen Bottle,2026-07-31,WK 31,Harlur Road,Zomato,Snacks,COCO,KA,465.9,445.1,23.28,881.0,0,2,50.52213393870601,232.95,200-300,50%-60%
Frozen Bottle,2026-07-31,WK 31,Hinjewadi,In Store,Dinner,COCO,MH,2072.33,221.67000000000002,103.64,2294.0,0,10,9.66303400174368,207.233,200-300,1%-10%
Frozen Bottle,2026-07-31,WK 31,Hinjewadi,In Store,Snacks,COCO,MH,278.0,0.0,13.9,278.0,0,1,0.0,278.0,200-300,0%
Frozen Bottle,2026-07-31,WK 31,Hinjewadi,Others,Dinner,COCO,MH,119.56,170.44,5.98,280.0,0,1,60.87142857142857,119.56,100-200,60%-70%
Frozen Bottle,2026-07-31,WK 31,Hinjewadi,Swiggy,Dinner,COCO,MH,3193.2,1934.8,0.0,4968.0,0,14,38.94524959742351,228.08571428571426,200-300,30%-40%
Frozen Bottle,2026-07-31,WK 31,Hinjewadi,Swiggy,Late Night,COCO,MH,1826.2,1357.8,0.0,3074.0,0,6,44.170461938841896,304.3666666666667,300-400,40%-50%
Frozen Bottle,2026-07-31,WK 31,Hinjewadi,Swiggy,Lunch,COCO,MH,1314.44,1170.56,0.0,2375.0,0,9,49.28673684210526,146.04888888888888,100-200,40%-50%
Frozen Bottle,2026-07-31,WK 31,Hinjewadi,Swiggy,Snacks,COCO,MH,1276.12,956.88,0.0,2133.0,0,6,44.86075949367089,212.68666666666664,200-300,40%-50%
Frozen Bottle,2026-07-31,WK 31,Hinjewadi,Zomato,Closing,COCO,MH,115.5,105.5,5.78,211.0,0,1,50.0,115.5,100-200,40%-50%
Frozen Bottle,2026-07-31,WK 31,Hinjewadi,Zomato,Dinner,COCO,MH,5680.5,2258.5,284.1,7679.0,0,15,29.411381690324262,378.7,300-400,20%-30%
Frozen Bottle,2026-07-31,WK 31,Hinjewadi,Zomato,Late Night,COCO,MH,1538.5,662.5,76.94,2121.0,0,3,31.235266383781234,512.8333333333334,500-600,30%-40%
Frozen Bottle,2026-07-31,WK 31,Hinjewadi,Zomato,Lunch,COCO,MH,347.7,391.3,17.38,709.0,0,3,55.19040902679831,115.89999999999999,100-200,50%-60%
Frozen Bottle,2026-07-31,WK 31,Hinjewadi,Zomato,Snacks,COCO,MH,1313.0,727.0,65.67999999999999,1970.0,0,5,36.90355329949239,262.6,200-300,30%-40%
Frozen Bottle,2026-07-31,WK 31,Hinjewadi Phase 3,In Store,Dinner,COCO,MH,2251.79,261.21,112.66,2513.0,0,9,10.394349383207322,250.1988888888889,200-300,10%-20%
Frozen Bottle,2026-07-31,WK 31,Hinjewadi Phase 3,In Store,Late Night,COCO,MH,368.0,0.0,18.4,368.0,0,1,0.0,368.0,300-400,0%
Frozen Bottle,2026-07-31,WK 31,Hinjewadi Phase 3,In Store,Lunch,COCO,MH,372.9,262.56,18.66,635.46,0,6,41.318100273817386,62.15,0-100,40%-50%
Frozen Bottle,2026-07-31,WK 31,Hinjewadi Phase 3,In Store,Snacks,COCO,MH,368.0,50.0,18.4,418.0,0,1,11.961722488038278,368.0,300-400,10%-20%
Frozen Bottle,2026-07-31,WK 31,Hinjewadi Phase 3,Swiggy,Closing,COCO,MH,119.0,121.0,0.0,230.0,0,1,52.60869565217391,119.0,100-200,50%-60%
Frozen Bottle,2026-07-31,WK 31,Hinjewadi Phase 3,Swiggy,Dinner,COCO,MH,3666.2,2094.8,0.0,5581.0,0,13,37.53449202651854,282.0153846153846,200-300,30%-40%
Frozen Bottle,2026-07-31,WK 31,Hinjewadi Phase 3,Swiggy,Late Night,COCO,MH,745.2,495.8,0.0,1191.0,0,4,41.628883291351805,186.3,100-200,40%-50%
Frozen Bottle,2026-07-31,WK 31,Hinjewadi Phase 3,Swiggy,Lunch,COCO,MH,119.0,121.0,0.0,230.0,0,1,52.60869565217391,119.0,100-200,50%-60%
Frozen Bottle,2026-07-31,WK 31,Hinjewadi Phase 3,Swiggy,Snacks,COCO,MH,2347.0,1712.0,0.0,3929.0,0,6,43.57342835327056,391.1666666666667,300-400,40%-50%
Frozen Bottle,2026-07-31,WK 31,Hinjewadi Phase 3,Zomato,Dinner,COCO,MH,1124.0,896.0,56.22,1950.0,0,5,45.94871794871795,224.8,200-300,40%-50%
Frozen Bottle,2026-07-31,WK 31,Hinjewadi Phase 3,Zomato,Late Night,COCO,MH,1270.0,530.0,63.5,1740.0,0,5,30.45977011494253,254.0,200-300,30%-40%
Frozen Bottle,2026-07-31,WK 31,Hinjewadi Phase 3,Zomato,Lunch,COCO,MH,288.0,172.0,14.4,440.0,0,2,39.09090909090909,144.0,100-200,30%-40%
Frozen Bottle,2026-07-31,WK 31,Hinjewadi Phase 3,Zomato,Snacks,COCO,MH,1249.0,940.0,62.48,2109.0,0,5,44.57088667614983,249.8,200-300,40%-50%
Frozen Bottle,2026-07-31,WK 31,Hosur,In Store,Dinner,FOFO,TN,1256.25,34.75,62.839999999999996,1291.0,0,5,2.691711851278079,251.25,200-300,1%-10%
Frozen Bottle,2026-07-31,WK 31,Hosur,In Store,Lunch,FOFO,TN,1491.0,0.0,74.56,1491.0,0,3,0.0,497.0,400-500,0%
Frozen Bottle,2026-07-31,WK 31,Hosur,In Store,Snacks,FOFO,TN,3200.0,0.0,160.06,3200.0,0,9,0.0,355.55555555555554,300-400,0%
Frozen Bottle,2026-07-31,WK 31,Hosur,Swiggy,Dinner,FOFO,TN,1180.76,154.24,0.0,1275.0,0,4,12.097254901960785,295.19,200-300,10%-20%
Frozen Bottle,2026-07-31,WK 31,Hosur,Swiggy,Lunch,FOFO,TN,249.0,60.0,0.0,299.0,0,1,20.066889632107024,249.0,200-300,20%-30%
Frozen Bottle,2026-07-31,WK 31,Hosur,Swiggy,Snacks,FOFO,TN,849.16,199.84,0.0,1009.0,0,3,19.805748265609516,283.05333333333334,200-300,10%-20%
Frozen Bottle,2026-07-31,WK 31,Hosur,Zomato,Dinner,FOFO,TN,2510.0,0.0,125.56,2410.0,0,5,0.0,502.0,500-600,0%
Frozen Bottle,2026-07-31,WK 31,Hosur,Zomato,Lunch,FOFO,TN,1106.0,160.0,55.34,1206.0,0,5,13.266998341625207,221.2,200-300,10%-20%
Frozen Bottle,2026-07-31,WK 31,Hosur,Zomato,Snacks,FOFO,TN,1701.0,125.0,85.10000000000001,1756.0,0,4,7.118451025056947,425.25,400-500,1%-10%
Frozen Bottle,2026-07-31,WK 31,Hubballi,In Store,Dinner,FOFO,KA,620.53,0.0,31.02,620.53,0,1,0.0,620.53,600-900,0%
Frozen Bottle,2026-07-31,WK 31,Hubballi,Swiggy,Dinner,FOFO,KA,570.0,0.0,0.0,550.0,0,1,0.0,570.0,500-600,0%
Frozen Bottle,2026-07-31,WK 31,Hubballi,Zomato,Late Night,FOFO,KA,376.96000000000004,71.03999999999999,18.86,428.0,0,2,16.598130841121495,188.48000000000002,100-200,10%-20%
Frozen Bottle,2026-07-31,WK 31,Hubballi,Zomato,Snacks,FOFO,KA,418.0,0.0,20.92,398.0,0,1,0.0,418.0,400-500,0%
Frozen Bottle,2026-07-31,WK 31,ITPL,In Store,Dinner,COCO,KA,4344.08,943.79,217.3,5287.87,0,21,17.84820731220699,206.86095238095237,200-300,10%-20%
Frozen Bottle,2026-07-31,WK 31,ITPL,In Store,Lunch,COCO,KA,136.24,101.75999999999999,6.819999999999999,238.0,0,2,42.7563025210084,68.12,0-100,40%-50%
Frozen Bottle,2026-07-31,WK 31,ITPL,In Store,Snacks,COCO,KA,1463.71,134.99,73.22,1598.7,0,7,8.443735535122288,209.10142857142858,200-300,1%-10%
Frozen Bottle,2026-07-31,WK 31,ITPL,Ownly,Dinner,COCO,KA,141.0,0.0,7.06,141.0,0,1,0.0,141.0,100-200,0%
Frozen Bottle,2026-07-31,WK 31,ITPL,Swiggy,Dinner,COCO,KA,2955.0,1105.0,0.0,3930.0,0,9,28.117048346055977,328.3333333333333,300-400,20%-30%
Frozen Bottle,2026-07-31,WK 31,ITPL,Swiggy,Late Night,COCO,KA,1219.0,906.0,0.0,2075.0,0,5,43.662650602409634,243.8,200-300,40%-50%
Frozen Bottle,2026-07-31,WK 31,ITPL,Swiggy,Lunch,COCO,KA,931.0,817.0,0.0,1678.0,0,3,48.68891537544696,310.3333333333333,300-400,40%-50%
Frozen Bottle,2026-07-31,WK 31,ITPL,Swiggy,Snacks,COCO,KA,1450.2,1304.8,0.0,2655.0,0,4,49.145009416195855,362.55,300-400,40%-50%
Frozen Bottle,2026-07-31,WK 31,ITPL,Zomato,Dinner,COCO,KA,1538.6,821.41,76.92,2270.01,0,5,36.18530314844428,307.71999999999997,300-400,30%-40%
Frozen Bottle,2026-07-31,WK 31,ITPL,Zomato,Late Night,COCO,KA,2185.25,1372.45,109.30000000000001,3437.7,0,6,39.92349536026995,364.2083333333333,300-400,30%-40%
Frozen Bottle,2026-07-31,WK 31,ITPL,Zomato,Lunch,COCO,KA,425.0,395.0,21.259999999999998,790.0,0,2,50.0,212.5,200-300,40%-50%
Frozen Bottle,2026-07-31,WK 31,ITPL,Zomato,Snacks,COCO,KA,506.2,504.8,25.32,971.0,0,3,51.98764160659114,168.73333333333332,100-200,50%-60%
Frozen Bottle,2026-07-31,WK 31,Indiranagar - CK,Ownly,Dinner,COCO,KA,298.0,0.0,14.9,298.0,0,1,0.0,298.0,200-300,0%
Frozen Bottle,2026-07-31,WK 31,Indiranagar - CK,Swiggy,Dinner,COCO,KA,2973.01,1365.99,0.0,4219.0,0,10,32.377103579047166,297.30100000000004,200-300,30%-40%
Frozen Bottle,2026-07-31,WK 31,Indiranagar - CK,Swiggy,Snacks,COCO,KA,1635.56,1033.77,0.0,2589.33,0,8,39.92422750286754,204.445,200-300,30%-40%
Frozen Bottle,2026-07-31,WK 31,Indiranagar - CK,Zomato,Dinner,COCO,KA,1996.03,1437.3,99.8,3313.33,0,10,43.379319295089836,199.603,100-200,40%-50%
Frozen Bottle,2026-07-31,WK 31,Indiranagar - CK,Zomato,Late Night,COCO,KA,485.5,365.5,24.28,821.0,0,3,44.51887941534714,161.83333333333334,100-200,40%-50%
Frozen Bottle,2026-07-31,WK 31,Indiranagar - CK,Zomato,Lunch,COCO,KA,301.0,280.0,15.059999999999999,561.0,0,2,49.9108734402852,150.5,100-200,40%-50%
Frozen Bottle,2026-07-31,WK 31,Indiranagar - CK,Zomato,Snacks,COCO,KA,1871.52,1421.33,93.62,3172.85,0,5,44.796633941093965,374.304,300-400,40%-50%
Frozen Bottle,2026-07-31,WK 31,Iyyappanthangal - CK,Swiggy,Dinner,COCO,TN,2164.2,1460.8,0.0,3475.0,0,9,42.037410071942446,240.46666666666664,200-300,40%-50%
Frozen Bottle,2026-07-31,WK 31,Iyyappanthangal - CK,Swiggy,Late Night,COCO,TN,1574.0,589.0,0.0,2083.0,0,4,28.27652424387902,393.5,300-400,20%-30%
Frozen Bottle,2026-07-31,WK 31,Iyyappanthangal - CK,Swiggy,Lunch,COCO,TN,357.56,182.44,0.0,520.0,0,2,35.08461538461539,178.78,100-200,30%-40%
Frozen Bottle,2026-07-31,WK 31,Iyyappanthangal - CK,Swiggy,Snacks,COCO,TN,555.0,345.0,0.0,870.0,0,3,39.6551724137931,185.0,100-200,30%-40%
Frozen Bottle,2026-07-31,WK 31,Iyyappanthangal - CK,Zomato,Dinner,COCO,TN,3304.6000000000004,1647.3899999999999,165.26,4801.99,0,7,34.306402137447186,472.08571428571435,400-500,30%-40%
Frozen Bottle,2026-07-31,WK 31,Iyyappanthangal - CK,Zomato,Late Night,COCO,TN,1254.9,795.1,62.78,1980.0,0,3,40.156565656565654,418.3,400-500,40%-50%
Frozen Bottle,2026-07-31,WK 31,Iyyappanthangal - CK,Zomato,Lunch,COCO,TN,616.7,572.3,30.839999999999996,1139.0,0,4,50.245829675153644,154.175,100-200,50%-60%
Frozen Bottle,2026-07-31,WK 31,Iyyappanthangal - CK,Zomato,Snacks,COCO,TN,2767.0,1774.01,138.36,4381.01,0,5,40.493173948473064,553.4,500-600,40%-50%
Frozen Bottle,2026-07-31,WK 31,JP Nagar,In Store,Closing,COCO,KA,168.72,267.28,8.44,436.0,0,4,61.30275229357798,42.18,0-100,60%-70%
Frozen Bottle,2026-07-31,WK 31,JP Nagar,In Store,Dinner,COCO,KA,2366.91,630.27,118.4,2997.1800000000003,0,16,21.028767041018554,147.931875,100-200,20%-30%
Frozen Bottle,2026-07-31,WK 31,JP Nagar,In Store,Late Night,COCO,KA,2746.94,0.0,137.36,2746.94,0,6,0.0,457.8233333333333,400-500,0%
Frozen Bottle,2026-07-31,WK 31,JP Nagar,In Store,Lunch,COCO,KA,532.12,63.88,26.62,596.0,0,3,10.718120805369127,177.37333333333333,100-200,10%-20%
Frozen Bottle,2026-07-31,WK 31,JP Nagar,In Store,Snacks,COCO,KA,715.56,0.0,35.8,715.56,0,4,0.0,178.89,100-200,0%
Frozen Bottle,2026-07-31,WK 31,JP Nagar,Ownly,Dinner,COCO,KA,160.0,0.0,8.0,160.0,0,1,0.0,160.0,100-200,0%
Frozen Bottle,2026-07-31,WK 31,JP Nagar,Swiggy,Dinner,COCO,KA,5120.89,3242.77,0.0,8043.66,0,16,40.314608026694316,320.055625,300-400,40%-50%
Frozen Bottle,2026-07-31,WK 31,JP Nagar,Swiggy,Late Night,COCO,KA,5370.01,2392.99,0.0,7513.0,0,12,31.851324371090108,447.50083333333333,400-500,30%-40%
Frozen Bottle,2026-07-31,WK 31,JP Nagar,Swiggy,Snacks,COCO,KA,97.56,111.44,0.0,199.0,0,1,55.99999999999999,97.56,0-100,50%-60%
Frozen Bottle,2026-07-31,WK 31,JP Nagar,Zomato,Dinner,COCO,KA,2162.4,1939.59,108.14,3961.99,0,6,48.954944358769204,360.40000000000003,300-400,40%-50%
Frozen Bottle,2026-07-31,WK 31,JP Nagar,Zomato,Late Night,COCO,KA,1504.6599999999999,447.67,75.28,1882.33,0,5,23.782758602370468,300.93199999999996,300-400,20%-30%
Frozen Bottle,2026-07-31,WK 31,JP Nagar,Zomato,Lunch,COCO,KA,745.5,724.5,37.3,1410.0,0,3,51.38297872340426,248.5,200-300,50%-60%
Frozen Bottle,2026-07-31,WK 31,JP Nagar,Zomato,Snacks,COCO,KA,534.1,544.9100000000001,26.72,1039.01,0,2,52.44511602390738,267.05,200-300,50%-60%
Frozen Bottle,2026-07-31,WK 31,Jalna,Zomato,Dinner,FOFO,MH,765.33,125.0,38.260000000000005,850.33,0,2,14.700175226088694,382.665,300-400,10%-20%
Frozen Bottle,2026-07-31,WK 31,Jalna,Zomato,Lunch,FOFO,MH,149.3,59.7,7.46,199.0,0,1,30.0,149.3,100-200,20%-30%
Frozen Bottle,2026-07-31,WK 31,Jamshedpur,In Store,Dinner,FOFO,ROI,936.0,0.0,46.82,936.0,0,3,0.0,312.0,300-400,0%
Frozen Bottle,2026-07-31,WK 31,Jamshedpur,In Store,Lunch,FOFO,ROI,1201.33,600.0,60.08,1801.33,0,4,33.30872188882659,300.3325,300-400,30%-40%
Frozen Bottle,2026-07-31,WK 31,Jamshedpur,In Store,Snacks,FOFO,ROI,2341.0,500.0,117.08,2841.0,0,6,17.599436818021825,390.1666666666667,300-400,10%-20%
Frozen Bottle,2026-07-31,WK 31,Jamshedpur,Swiggy,Dinner,FOFO,ROI,1271.0,0.0,0.0,1231.0,0,2,0.0,635.5,600-900,0%
Frozen Bottle,2026-07-31,WK 31,Jamshedpur,Zomato,Dinner,FOFO,ROI,2230.3,559.7,111.56,2690.0,0,7,20.806691449814128,318.61428571428576,300-400,20%-30%
Frozen Bottle,2026-07-31,WK 31,Jamshedpur,Zomato,Lunch,FOFO,ROI,784.0,75.0,39.22,829.0,0,2,9.047044632086852,392.0,300-400,1%-10%
Frozen Bottle,2026-07-31,WK 31,Jamshedpur,Zomato,Snacks,FOFO,ROI,816.0,75.0,40.8,861.0,0,2,8.710801393728223,408.0,400-500,1%-10%
Frozen Bottle,2026-07-31,WK 31,Jim Corbett,In Store,Closing,FOFO,ROI,276.0,0.0,13.8,276.0,0,1,0.0,276.0,200-300,0%
Frozen Bottle,2026-07-31,WK 31,Jim Corbett,In Store,Lunch,FOFO,ROI,874.0,0.0,43.7,874.0,0,3,0.0,291.3333333333333,200-300,0%
Frozen Bottle,2026-07-31,WK 31,Jim Corbett,In Store,Snacks,FOFO,ROI,816.0,0.0,40.8,816.0,0,1,0.0,816.0,600-900,0%
Frozen Bottle,2026-07-31,WK 31,Jim Corbett,Zomato,Dinner,FOFO,ROI,379.0,160.0,18.96,519.0,0,2,30.828516377649322,189.5,100-200,30%-40%
Frozen Bottle,2026-07-31,WK 31,Jim Corbett,Zomato,Lunch,FOFO,ROI,288.0,160.0,14.42,428.0,0,2,37.38317757009346,144.0,100-200,30%-40%
Frozen Bottle,2026-07-31,WK 31,Jim Corbett,Zomato,Snacks,FOFO,ROI,575.0,124.99,28.76,669.99,0,1,18.65550232093016,575.0,500-600,10%-20%
Frozen Bottle,2026-07-31,WK 31,Jubilee Hills,In Store,Dinner,FOFO,AP & TL,2217.0,0.0,110.86,2217.0,0,4,0.0,554.25,500-600,0%
Frozen Bottle,2026-07-31,WK 31,Jubilee Hills,In Store,Lunch,FOFO,AP & TL,156.0,0.0,7.82,156.0,0,2,0.0,78.0,0-100,0%
Frozen Bottle,2026-07-31,WK 31,Jubilee Hills,In Store,Snacks,FOFO,AP & TL,541.0,0.0,27.08,541.0,0,4,0.0,135.25,100-200,0%
Frozen Bottle,2026-07-31,WK 31,Jubilee Hills,Swiggy,Closing,FOFO,AP & TL,916.0,165.0,0.0,1061.0,0,2,15.551366635249764,458.0,400-500,10%-20%
Frozen Bottle,2026-07-31,WK 31,Jubilee Hills,Swiggy,Dinner,FOFO,AP & TL,1669.17,164.83,0.0,1774.0,0,3,9.29143179255919,556.39,500-600,1%-10%
Frozen Bottle,2026-07-31,WK 31,Jubilee Hills,Swiggy,Late Night,FOFO,AP & TL,163.0,27.0,0.0,180.0,0,1,15.0,163.0,100-200,10%-20%
Frozen Bottle,2026-07-31,WK 31,Jubilee Hills,Swiggy,Lunch,FOFO,AP & TL,179.15,29.85,0.0,199.0,0,1,15.0,179.15,100-200,10%-20%
Frozen Bottle,2026-07-31,WK 31,Jubilee Hills,Zomato,Closing,FOFO,AP & TL,374.0,75.0,18.72,429.0,0,1,17.482517482517483,374.0,300-400,10%-20%
Frozen Bottle,2026-07-31,WK 31,Jubilee Hills,Zomato,Dinner,FOFO,AP & TL,3628.0,500.0,181.45999999999998,3988.0,0,8,12.537612838515546,453.5,400-500,10%-20%
Frozen Bottle,2026-07-31,WK 31,Jubilee Hills,Zomato,Late Night,FOFO,AP & TL,714.0,75.0,35.72,759.0,0,2,9.881422924901186,357.0,300-400,1%-10%
Frozen Bottle,2026-07-31,WK 31,Jubilee Hills,Zomato,Snacks,FOFO,AP & TL,320.0,0.0,16.0,310.0,0,1,0.0,320.0,300-400,0%
Frozen Bottle,2026-07-31,WK 31,Kadubisanahalli - CF CK,Ownly,Dinner,COCO,KA,620.0,0.0,31.02,620.0,0,3,0.0,206.66666666666666,200-300,0%
Frozen Bottle,2026-07-31,WK 31,Kadubisanahalli - CF CK,Ownly,Snacks,COCO,KA,224.0,0.0,11.2,224.0,0,1,0.0,224.0,200-300,0%
Frozen Bottle,2026-07-31,WK 31,Kadubisanahalli - CF CK,Swiggy,Dinner,COCO,KA,1679.0,1001.0,0.0,2570.0,0,6,38.949416342412455,279.8333333333333,200-300,30%-40%
Frozen Bottle,2026-07-31,WK 31,Kadubisanahalli - CF CK,Swiggy,Late Night,COCO,KA,773.0,694.0,0.0,1397.0,0,3,49.677881173944165,257.6666666666667,200-300,40%-50%
Frozen Bottle,2026-07-31,WK 31,Kadubisanahalli - CF CK,Swiggy,Lunch,COCO,KA,1023.01,415.99,0.0,1389.0,0,4,29.94888408927286,255.7525,200-300,20%-30%
Frozen Bottle,2026-07-31,WK 31,Kadubisanahalli - CF CK,Swiggy,Snacks,COCO,KA,785.0,345.0,0.0,1100.0,0,3,31.363636363636367,261.6666666666667,200-300,30%-40%
Frozen Bottle,2026-07-31,WK 31,Kadubisanahalli - CF CK,Zomato,Dinner,COCO,KA,1820.8,1412.2,91.06,3123.0,0,8,45.219340377841824,227.6,200-300,40%-50%
Frozen Bottle,2026-07-31,WK 31,Kadubisanahalli - CF CK,Zomato,Late Night,COCO,KA,3379.7799999999997,994.2,169.0,4294.0,0,4,23.153237074988358,844.9449999999999,600-900,20%-30%
Frozen Bottle,2026-07-31,WK 31,Kadubisanahalli - CF CK,Zomato,Snacks,COCO,KA,459.0,464.33,22.98,883.3299999999999,0,4,52.56585873908959,114.75,100-200,50%-60%
Frozen Bottle,2026-07-31,WK 31,Kakkanad,In Store,Dinner,COCO,Kerela,2568.29,223.71,128.46,2792.0,0,11,8.012535816618911,233.48090909090908,200-300,1%-10%
Frozen Bottle,2026-07-31,WK 31,Kakkanad,In Store,Late Night,COCO,Kerela,704.0,0.0,35.2,704.0,0,1,0.0,704.0,600-900,0%
Frozen Bottle,2026-07-31,WK 31,Kakkanad,In Store,Lunch,COCO,Kerela,1288.0,0.0,64.44,1288.0,0,6,0.0,214.66666666666666,200-300,0%
Frozen Bottle,2026-07-31,WK 31,Kakkanad,In Store,Snacks,COCO,Kerela,2861.0,0.0,143.1,2861.0,0,10,0.0,286.1,200-300,0%
Frozen Bottle,2026-07-31,WK 31,Kakkanad,Others,Lunch,COCO,Kerela,959.0,0.0,47.96,929.0,0,3,0.0,319.6666666666667,300-400,0%
Frozen Bottle,2026-07-31,WK 31,Kakkanad,Others,Snacks,COCO,Kerela,449.0,0.0,22.46,429.0,0,1,0.0,449.0,400-500,0%
Frozen Bottle,2026-07-31,WK 31,Kakkanad,Swiggy,Breakfast,COCO,Kerela,179.0,112.0,0.0,281.0,0,1,39.8576512455516,179.0,100-200,30%-40%
Frozen Bottle,2026-07-31,WK 31,Kakkanad,Swiggy,Dinner,COCO,Kerela,2770.01,1363.99,0.0,3984.0,0,7,34.236696787148595,395.71571428571434,300-400,30%-40%
Frozen Bottle,2026-07-31,WK 31,Kakkanad,Swiggy,Lunch,COCO,Kerela,2682.56,1530.44,0.0,4043.0,0,12,37.85406876082117,223.54666666666665,200-300,30%-40%
Frozen Bottle,2026-07-31,WK 31,Kakkanad,Swiggy,Snacks,COCO,Kerela,1759.0,909.0,0.0,2558.0,0,7,35.53557466770915,251.28571428571428,200-300,30%-40%
Frozen Bottle,2026-07-31,WK 31,Kakkanad,Zomato,Dinner,COCO,Kerela,470.0,50.0,23.5,500.0,0,1,10.0,470.0,400-500,1%-10%
Frozen Bottle,2026-07-31,WK 31,Kakkanad,Zomato,Snacks,COCO,Kerela,1551.01,950.0,77.58,2431.0,0,3,39.0785684903332,517.0033333333333,500-600,30%-40%
Frozen Bottle,2026-07-31,WK 31,Kakkanad-2,In Store,Dinner,FOFO,Kerela,804.0,0.0,40.2,804.0,0,2,0.0,402.0,400-500,0%
Frozen Bottle,2026-07-31,WK 31,Kakkanad-2,In Store,Lunch,FOFO,Kerela,776.0,0.0,38.8,776.0,0,1,0.0,776.0,600-900,0%
Frozen Bottle,2026-07-31,WK 31,Kakkanad-2,Swiggy,Dinner,FOFO,Kerela,2165.0,0.0,0.0,2085.0,0,5,0.0,433.0,400-500,0%
Frozen Bottle,2026-07-31,WK 31,Kakkanad-2,Swiggy,Lunch,FOFO,Kerela,2381.0,0.0,0.0,2301.0,0,5,0.0,476.2,400-500,0%
Frozen Bottle,2026-07-31,WK 31,Kakkanad-2,Swiggy,Snacks,FOFO,Kerela,2482.0,0.0,0.0,2412.0,0,3,0.0,827.3333333333334,600-900,0%
Frozen Bottle,2026-07-31,WK 31,Kakkanad-2,Zomato,Dinner,FOFO,Kerela,1338.0,0.0,66.92,1288.0,0,3,0.0,446.0,400-500,0%
Frozen Bottle,2026-07-31,WK 31,Kakkanad-2,Zomato,Lunch,FOFO,Kerela,910.0,0.0,45.5,880.0,0,1,0.0,910.0,>900,0%
Frozen Bottle,2026-07-31,WK 31,Kakkanad-2,Zomato,Snacks,FOFO,Kerela,539.0,0.0,26.96,519.0,0,2,0.0,269.5,200-300,0%
Frozen Bottle,2026-07-31,WK 31,Kalyan,In Store,Dinner,COCO,MH,3191.0,0.0,159.6,3191.0,0,7,0.0,455.85714285714283,400-500,0%
Frozen Bottle,2026-07-31,WK 31,Kalyan,In Store,Lunch,COCO,MH,931.51,264.72,46.58,1196.23,0,5,22.12952358660124,186.302,100-200,20%-30%
Frozen Bottle,2026-07-31,WK 31,Kalyan,In Store,Snacks,COCO,MH,154.96,63.04,7.74,218.0,0,1,28.917431192660548,154.96,100-200,20%-30%
Frozen Bottle,2026-07-31,WK 31,Kalyan,Swiggy,Dinner,COCO,MH,1521.4099999999999,755.59,0.0,2207.0,0,5,34.23606705935659,304.282,300-400,30%-40%
Frozen Bottle,2026-07-31,WK 31,Kalyan,Swiggy,Late Night,COCO,MH,109.0,112.0,0.0,211.0,0,1,53.08056872037915,109.0,100-200,50%-60%
Frozen Bottle,2026-07-31,WK 31,Kalyan,Zomato,Dinner,COCO,MH,2667.0,2184.0,133.4,4691.0,0,9,46.55723726284374,296.3333333333333,200-300,40%-50%
Frozen Bottle,2026-07-31,WK 31,Kalyan,Zomato,Late Night,COCO,MH,800.0,435.0,40.019999999999996,1195.0,0,3,36.40167364016737,266.6666666666667,200-300,30%-40%
Frozen Bottle,2026-07-31,WK 31,Kalyan,Zomato,Snacks,COCO,MH,1836.5,1445.49,91.86000000000001,3181.99,0,5,45.42723264372296,367.3,300-400,40%-50%
Frozen Bottle,2026-07-31,WK 31,Kammanhalli,In Store,Dinner,COCO,KA,4421.08,278.10999999999996,221.1,4699.19,0,17,5.918253996965435,260.0635294117647,200-300,1%-10%
Frozen Bottle,2026-07-31,WK 31,Kammanhalli,In Store,Late Night,COCO,KA,467.0,0.0,23.380000000000003,467.0,0,3,0.0,155.66666666666666,100-200,0%
Frozen Bottle,2026-07-31,WK 31,Kammanhalli,In Store,Lunch,COCO,KA,2078.29,287.83,103.94,2366.12,0,10,12.164640846618093,207.829,200-300,10%-20%
Frozen Bottle,2026-07-31,WK 31,Kammanhalli,In Store,Snacks,COCO,KA,2260.13,452.87,113.03999999999999,2713.0,0,9,16.692591227423517,251.12555555555556,200-300,10%-20%
Frozen Bottle,2026-07-31,WK 31,Kammanhalli,Ownly,Dinner,COCO,KA,237.0,0.0,11.86,237.0,0,1,0.0,237.0,200-300,0%
Frozen Bottle,2026-07-31,WK 31,Kammanhalli,Ownly,Late Night,COCO,KA,223.0,0.0,11.16,223.0,0,1,0.0,223.0,200-300,0%
Frozen Bottle,2026-07-31,WK 31,Kammanhalli,Swiggy,Breakfast,COCO,KA,1256.0,381.0,0.0,1597.0,0,2,23.85723231058234,628.0,600-900,20%-30%
Frozen Bottle,2026-07-31,WK 31,Kammanhalli,Swiggy,Dinner,COCO,KA,9658.33,5394.7,0.0,14533.03,0,31,37.1202701707765,311.5590322580645,300-400,30%-40%
Frozen Bottle,2026-07-31,WK 31,Kammanhalli,Swiggy,Late Night,COCO,KA,4030.01,2510.5,0.0,6300.51,0,16,39.8459807221955,251.875625,200-300,30%-40%
Frozen Bottle,2026-07-31,WK 31,Kammanhalli,Swiggy,Lunch,COCO,KA,1451.0,537.0,0.0,1918.0,0,5,27.997914494264858,290.2,200-300,20%-30%
Frozen Bottle,2026-07-31,WK 31,Kammanhalli,Swiggy,Snacks,COCO,KA,1550.01,1214.5,0.0,2654.51,0,6,45.75232340431944,258.335,200-300,40%-50%
Frozen Bottle,2026-07-31,WK 31,Kammanhalli,Zomato,Dinner,COCO,KA,3495.67,2567.49,174.82,5843.16,0,12,43.94009405869427,291.30583333333334,200-300,40%-50%
Frozen Bottle,2026-07-31,WK 31,Kammanhalli,Zomato,Late Night,COCO,KA,1558.66,611.67,77.98,2090.33,0,6,29.261886879105216,259.7766666666667,200-300,20%-30%
Frozen Bottle,2026-07-31,WK 31,Kammanhalli,Zomato,Lunch,COCO,KA,529.12,511.74,26.46,990.86,0,3,51.646044849928344,176.37333333333333,100-200,50%-60%
Frozen Bottle,2026-07-31,WK 31,Kammanhalli,Zomato,Snacks,COCO,KA,1713.76,1373.57,85.74,2957.33,0,8,46.44628769870119,214.22,200-300,40%-50%
Frozen Bottle,2026-07-31,WK 31,Kamothe,In Store,Dinner,COCO,MH,2254.92,0.0,112.78,2254.92,0,5,0.0,450.98400000000004,400-500,0%
Frozen Bottle,2026-07-31,WK 31,Kamothe,In Store,Snacks,COCO,MH,135.23000000000002,191.77,6.76,327.0,0,2,58.645259938837924,67.61500000000001,0-100,50%-60%
Frozen Bottle,2026-07-31,WK 31,Kamothe,Swiggy,Dinner,COCO,MH,4542.88,1801.12,0.0,6144.0,0,9,29.315104166666668,504.76444444444445,500-600,20%-30%
Frozen Bottle,2026-07-31,WK 31,Kamothe,Swiggy,Late Night,COCO,MH,608.0,520.0,0.0,1108.0,0,2,46.931407942238266,304.0,300-400,40%-50%
Frozen Bottle,2026-07-31,WK 31,Kamothe,Swiggy,Lunch,COCO,MH,491.0,404.0,0.0,855.0,0,3,47.251461988304094,163.66666666666666,100-200,40%-50%
Frozen Bottle,2026-07-31,WK 31,Kamothe,Swiggy,Snacks,COCO,MH,1819.0,1183.0,0.0,2882.0,0,5,41.047883414295626,363.8,300-400,40%-50%
Frozen Bottle,2026-07-31,WK 31,Kamothe,Zomato,Dinner,COCO,MH,2738.0,1585.0,136.94,4193.0,0,7,37.80109706653947,391.14285714285717,300-400,30%-40%
Frozen Bottle,2026-07-31,WK 31,Kamothe,Zomato,Late Night,COCO,MH,645.0,235.0,32.28,850.0,0,2,27.647058823529413,322.5,300-400,20%-30%
Frozen Bottle,2026-07-31,WK 31,Kamothe,Zomato,Lunch,COCO,MH,165.0,155.0,8.26,310.0,0,1,50.0,165.0,100-200,40%-50%
Frozen Bottle,2026-07-31,WK 31,Kamothe,Zomato,Snacks,COCO,MH,360.0,300.0,18.02,640.0,0,2,46.875,180.0,100-200,40%-50%
Frozen Bottle,2026-07-31,WK 31,Kanakapura,In Store,Dinner,COCO,KA,4134.13,0.0,206.78,4134.13,0,13,0.0,318.01,300-400,0%
Frozen Bottle,2026-07-31,WK 31,Kanakapura,In Store,Late Night,COCO,KA,284.75,0.0,14.24,284.75,0,1,0.0,284.75,200-300,0%
Frozen Bottle,2026-07-31,WK 31,Kanakapura,In Store,Lunch,COCO,KA,358.0,0.0,17.9,358.0,0,1,0.0,358.0,300-400,0%
Frozen Bottle,2026-07-31,WK 31,Kanakapura,In Store,Snacks,COCO,KA,707.64,285.36,35.400000000000006,993.0,0,5,28.73716012084592,141.528,100-200,20%-30%
Frozen Bottle,2026-07-31,WK 31,Kanakapura,Swiggy,Dinner,COCO,KA,6453.36,2415.82,0.0,8549.18,0,19,28.257914794167394,339.6505263157895,300-400,20%-30%
Frozen Bottle,2026-07-31,WK 31,Kanakapura,Swiggy,Late Night,COCO,KA,2588.62,1634.02,0.0,4092.64,0,10,39.92581805387232,258.86199999999997,200-300,30%-40%
Frozen Bottle,2026-07-31,WK 31,Kanakapura,Swiggy,Lunch,COCO,KA,290.0,0.0,0.0,280.0,0,1,0.0,290.0,200-300,0%
Frozen Bottle,2026-07-31,WK 31,Kanakapura,Swiggy,Snacks,COCO,KA,904.01,584.5,0.0,1408.51,0,3,41.49775294460103,301.33666666666664,300-400,40%-50%
Frozen Bottle,2026-07-31,WK 31,Kanakapura,Zomato,Dinner,COCO,KA,3897.17,3283.6800000000003,194.9,6900.85,0,16,47.58370345682054,243.573125,200-300,40%-50%
Frozen Bottle,2026-07-31,WK 31,Kanakapura,Zomato,Late Night,COCO,KA,2280.3,1490.73,114.1,3621.0299999999997,0,8,41.168673001880684,285.0375,200-300,40%-50%
Frozen Bottle,2026-07-31,WK 31,Kanakapura,Zomato,Lunch,COCO,KA,520.7,579.3,26.06,1060.0,0,3,54.65094339622642,173.5666666666667,100-200,50%-60%
Frozen Bottle,2026-07-31,WK 31,Kanakapura,Zomato,Snacks,COCO,KA,941.77,480.59000000000003,47.120000000000005,1352.3600000000001,0,3,35.53713508237452,313.92333333333335,300-400,30%-40%
Frozen Bottle,2026-07-31,WK 31,Kancheepuram,In Store,Dinner,FOFO,TN,5949.33,130.0,297.56,6079.33,0,21,2.1383935400776073,283.3014285714286,200-300,1%-10%
Frozen Bottle,2026-07-31,WK 31,Kancheepuram,In Store,Lunch,FOFO,TN,844.0,0.0,42.24,844.0,0,5,0.0,168.8,100-200,0%
Frozen Bottle,2026-07-31,WK 31,Kancheepuram,In Store,Snacks,FOFO,TN,975.85,0.0,48.82,975.85,0,5,0.0,195.17000000000002,100-200,0%
Frozen Bottle,2026-07-31,WK 31,Kancheepuram,Swiggy,Lunch,FOFO,TN,1151.0,0.0,0.0,1121.0,0,2,0.0,575.5,500-600,0%
Frozen Bottle,2026-07-31,WK 31,Kancheepuram,Swiggy,Snacks,FOFO,TN,379.0,0.0,0.0,369.0,0,1,0.0,379.0,300-400,0%
Frozen Bottle,2026-07-31,WK 31,Kancheepuram,Zomato,Lunch,FOFO,TN,425.33000000000004,0.0,21.28,395.33000000000004,0,2,0.0,212.66500000000002,200-300,0%
Frozen Bottle,2026-07-31,WK 31,Kanuru,In Store,Closing,FOFO,AP & TL,264.0,0.0,13.2,264.0,0,1,0.0,264.0,200-300,0%
Frozen Bottle,2026-07-31,WK 31,Kanuru,In Store,Dinner,FOFO,AP & TL,2036.0,0.0,101.82,2036.0,0,5,0.0,407.2,400-500,0%
Frozen Bottle,2026-07-31,WK 31,Kanuru,In Store,Lunch,FOFO,AP & TL,467.0,0.0,23.36,467.0,0,2,0.0,233.5,200-300,0%
Frozen Bottle,2026-07-31,WK 31,Kanuru,In Store,Snacks,FOFO,AP & TL,1604.0,0.0,80.24000000000001,1604.0,0,7,0.0,229.14285714285714,200-300,0%
Frozen Bottle,2026-07-31,WK 31,Kanuru,Swiggy,Late Night,FOFO,AP & TL,779.0,231.0,0.0,980.0,0,2,23.57142857142857,389.5,300-400,20%-30%
Frozen Bottle,2026-07-31,WK 31,Kanuru,Swiggy,Lunch,FOFO,AP & TL,340.0,0.0,0.0,330.0,0,1,0.0,340.0,300-400,0%
Frozen Bottle,2026-07-31,WK 31,Kanuru,Zomato,Dinner,FOFO,AP & TL,1702.0,0.0,85.14,1632.0,0,4,0.0,425.5,400-500,0%
Frozen Bottle,2026-07-31,WK 31,Kanuru,Zomato,Late Night,FOFO,AP & TL,340.0,0.0,17.0,330.0,0,1,0.0,340.0,300-400,0%
Frozen Bottle,2026-07-31,WK 31,Kanuru,Zomato,Lunch,FOFO,AP & TL,757.0,0.0,37.88,727.0,0,2,0.0,378.5,300-400,0%
Frozen Bottle,2026-07-31,WK 31,Karaikal,In Store,Dinner,FOFO,TN,3869.46,0.0,193.52,3869.46,0,10,0.0,386.946,300-400,0%
Frozen Bottle,2026-07-31,WK 31,Karaikal,In Store,Lunch,FOFO,TN,565.0,0.0,28.26,565.0,0,2,0.0,282.5,200-300,0%
Frozen Bottle,2026-07-31,WK 31,Karaikal,In Store,Snacks,FOFO,TN,376.0,0.0,18.8,376.0,0,2,0.0,188.0,100-200,0%
Frozen Bottle,2026-07-31,WK 31,Karaikal,Swiggy,Snacks,FOFO,TN,547.0,0.0,0.0,527.0,0,2,0.0,273.5,200-300,0%
Frozen Bottle,2026-07-31,WK 31,Kazhakkoottam,In Store,Dinner,FOFO,Kerela,677.0,0.0,33.86,677.0,0,2,0.0,338.5,300-400,0%
Frozen Bottle,2026-07-31,WK 31,Kazhakkoottam,In Store,Late Night,FOFO,Kerela,886.0,0.0,44.3,886.0,0,2,0.0,443.0,400-500,0%
Frozen Bottle,2026-07-31,WK 31,Kazhakkoottam,In Store,Lunch,FOFO,Kerela,1650.0,0.0,82.52,1650.0,0,3,0.0,550.0,500-600,0%
Frozen Bottle,2026-07-31,WK 31,Kazhakkoottam,In Store,Snacks,FOFO,Kerela,1372.0,0.0,68.6,1372.0,0,4,0.0,343.0,300-400,0%
Frozen Bottle,2026-07-31,WK 31,Kazhakkoottam,Swiggy,Dinner,FOFO,Kerela,599.0,2.0,0.0,591.0,0,2,0.338409475465313,299.5,200-300,1%-10%
Frozen Bottle,2026-07-31,WK 31,Kazhakkoottam,Swiggy,Late Night,FOFO,Kerela,400.0,0.0,0.0,390.0,0,1,0.0,400.0,300-400,0%
Frozen Bottle,2026-07-31,WK 31,Kazhakkoottam,Swiggy,Snacks,FOFO,Kerela,820.0,0.0,0.0,790.0,0,2,0.0,410.0,400-500,0%
Frozen Bottle,2026-07-31,WK 31,Kazhakkoottam,Zomato,Dinner,FOFO,Kerela,239.0,80.0,11.96,309.0,0,1,25.88996763754045,239.0,200-300,20%-30%
Frozen Bottle,2026-07-31,WK 31,Kazhakkoottam,Zomato,Lunch,FOFO,Kerela,518.0,240.0,25.92,728.0,0,3,32.967032967032964,172.66666666666666,100-200,30%-40%
Frozen Bottle,2026-07-31,WK 31,Kazhakkoottam,Zomato,Snacks,FOFO,Kerela,498.0,80.0,24.92,558.0,0,2,14.336917562724013,249.0,200-300,10%-20%
Frozen Bottle,2026-07-31,WK 31,Kempfort,In Store,Dinner,COCO,KA,5018.27,311.21,250.98,5329.4800000000005,0,20,5.839406471175423,250.91350000000003,200-300,1%-10%
Frozen Bottle,2026-07-31,WK 31,Kempfort,In Store,Late Night,COCO,KA,19.05,0.0,0.96,19.05,0,1,0.0,19.05,0-100,0%
Frozen Bottle,2026-07-31,WK 31,Kempfort,In Store,Lunch,COCO,KA,69.0,0.0,3.46,69.0,0,1,0.0,69.0,0-100,0%
Frozen Bottle,2026-07-31,WK 31,Kempfort,In Store,Snacks,COCO,KA,1508.48,297.52,75.5,1806.0,0,10,16.473975636766333,150.848,100-200,10%-20%
Frozen Bottle,2026-07-31,WK 31,Kempfort,Ownly,Dinner,COCO,KA,366.0,0.0,18.32,366.0,0,2,0.0,183.0,100-200,0%
Frozen Bottle,2026-07-31,WK 31,Kempfort,Swiggy,Breakfast,COCO,KA,258.0,160.0,0.0,398.0,0,1,40.20100502512563,258.0,200-300,40%-50%
Frozen Bottle,2026-07-31,WK 31,Kempfort,Swiggy,Dinner,COCO,KA,2088.24,1415.76,0.0,3364.0,0,12,42.08561236623068,174.01999999999998,100-200,40%-50%
Frozen Bottle,2026-07-31,WK 31,Kempfort,Swiggy,Late Night,COCO,KA,2959.01,1937.02,0.0,4726.03,0,13,40.98619771774619,227.61615384615385,200-300,40%-50%
Frozen Bottle,2026-07-31,WK 31,Kempfort,Swiggy,Lunch,COCO,KA,1136.0,304.0,0.0,1390.0,0,3,21.8705035971223,378.6666666666667,300-400,20%-30%
Frozen Bottle,2026-07-31,WK 31,Kempfort,Swiggy,Snacks,COCO,KA,688.0,281.0,0.0,939.0,0,2,29.925452609158683,344.0,300-400,20%-30%
Frozen Bottle,2026-07-31,WK 31,Kempfort,Zomato,Dinner,COCO,KA,2408.3,1796.7,120.46,4065.0,0,9,44.199261992619924,267.5888888888889,200-300,40%-50%
Frozen Bottle,2026-07-31,WK 31,Kempfort,Zomato,Late Night,COCO,KA,3078.19,1690.8,153.96,4619.0,0,10,36.60532582810132,307.819,300-400,30%-40%
Frozen Bottle,2026-07-31,WK 31,Kempfort,Zomato,Lunch,COCO,KA,482.2,405.8,24.119999999999997,858.0,0,2,47.2960372960373,241.1,200-300,40%-50%
Frozen Bottle,2026-07-31,WK 31,Kempfort,Zomato,Snacks,COCO,KA,919.8,828.2,46.0,1678.0,0,3,49.35637663885578,306.59999999999997,300-400,40%-50%
Frozen Bottle,2026-07-31,WK 31,Kengeri,In Store,Dinner,FOFO,KA,226.0,0.0,11.32,226.0,0,2,0.0,113.0,100-200,0%
Frozen Bottle,2026-07-31,WK 31,Kengeri,In Store,Snacks,FOFO,KA,627.0,0.0,31.36,627.0,0,1,0.0,627.0,600-900,0%
Frozen Bottle,2026-07-31,WK 31,Kengeri,Swiggy,Dinner,FOFO,KA,340.0,0.0,0.0,330.0,0,1,0.0,340.0,300-400,0%
Frozen Bottle,2026-07-31,WK 31,Kengeri,Swiggy,Late Night,FOFO,KA,202.36,36.64,0.0,229.0,0,1,16.0,202.36,200-300,10%-20%
Frozen Bottle,2026-07-31,WK 31,Kengeri,Swiggy,Snacks,FOFO,KA,470.01,99.99,0.0,550.0,0,1,18.18,470.01,400-500,10%-20%
Frozen Bottle,2026-07-31,WK 31,Kengeri,Zomato,Dinner,FOFO,KA,1270.0,0.0,63.519999999999996,1220.0,0,5,0.0,254.0,200-300,0%
Frozen Bottle,2026-07-31,WK 31,Kengeri,Zomato,Late Night,FOFO,KA,913.85,0.0,45.72,863.85,0,3,0.0,304.6166666666667,300-400,0%
Frozen Bottle,2026-07-31,WK 31,Kengeri,Zomato,Lunch,FOFO,KA,109.0,100.0,5.46,199.0,0,1,50.25125628140703,109.0,100-200,50%-60%
Frozen Bottle,2026-07-31,WK 31,Kengeri,Zomato,Snacks,FOFO,KA,627.0,0.0,31.380000000000003,597.0,0,3,0.0,209.0,200-300,0%
Frozen Bottle,2026-07-31,WK 31,Khar,Swiggy,Dinner,COCO,MH,2466.74,1253.59,0.0,3590.33,0,9,34.915731980068685,274.0822222222222,200-300,30%-40%
Frozen Bottle,2026-07-31,WK 31,Khar,Swiggy,Late Night,COCO,MH,2491.0,878.0,0.0,3259.0,0,7,26.940779380177972,355.85714285714283,300-400,20%-30%
Frozen Bottle,2026-07-31,WK 31,Khar,Swiggy,Lunch,COCO,MH,225.56,223.44,0.0,429.0,0,2,52.08391608391608,112.78,100-200,50%-60%
Frozen Bottle,2026-07-31,WK 31,Khar,Swiggy,Snacks,COCO,MH,317.4,302.6,0.0,590.0,0,2,51.28813559322034,158.7,100-200,50%-60%
Frozen Bottle,2026-07-31,WK 31,Khar,Zomato,Dinner,COCO,MH,1253.0,917.0,62.7,2100.0,0,6,43.666666666666664,208.83333333333334,200-300,40%-50%
Frozen Bottle,2026-07-31,WK 31,Khar,Zomato,Late Night,COCO,MH,655.0,215.0,32.76,840.0,0,3,25.595238095238095,218.33333333333334,200-300,20%-30%
Frozen Bottle,2026-07-31,WK 31,Khar,Zomato,Lunch,COCO,MH,310.2,147.8,15.52,438.0,0,2,33.74429223744293,155.1,100-200,30%-40%
Frozen Bottle,2026-07-31,WK 31,Khar,Zomato,Snacks,COCO,MH,2521.1800000000003,1262.82,126.14000000000001,3684.0,0,5,34.27850162866449,504.23600000000005,500-600,30%-40%
Frozen Bottle,2026-07-31,WK 31,Kharghar,Swiggy,Dinner,FOFO,MH,1980.0,377.0,0.0,2287.0,0,6,16.484477481416704,330.0,300-400,10%-20%
Frozen Bottle,2026-07-31,WK 31,Kharghar,Swiggy,Late Night,FOFO,MH,400.0,40.0,0.0,430.0,0,1,9.30232558139535,400.0,300-400,1%-10%
Frozen Bottle,2026-07-31,WK 31,Kharghar,Swiggy,Snacks,FOFO,MH,276.0,64.0,0.0,330.0,0,1,19.393939393939394,276.0,200-300,10%-20%
Frozen Bottle,2026-07-31,WK 31,Kharghar,Zomato,Dinner,FOFO,MH,2394.3,152.7,119.75999999999999,2467.0,0,3,6.189704094041345,798.1,600-900,1%-10%
Frozen Bottle,2026-07-31,WK 31,Kharghar,Zomato,Late Night,FOFO,MH,1151.94,187.06,57.58,1299.0,0,2,14.40030792917629,575.97,500-600,10%-20%
Frozen Bottle,2026-07-31,WK 31,Kharghar,Zomato,Lunch,FOFO,MH,1418.0,382.0,70.9,1740.0,0,3,21.95402298850575,472.6666666666667,400-500,20%-30%
Frozen Bottle,2026-07-31,WK 31,Kharghar,Zomato,Snacks,FOFO,MH,340.0,0.0,17.0,330.0,0,1,0.0,340.0,300-400,0%
Frozen Bottle,2026-07-31,WK 31,Kolar- Highway Star,In Store,Dinner,COCO,KA,3991.46,0.0,199.62,3991.46,0,10,0.0,399.146,300-400,0%
Frozen Bottle,2026-07-31,WK 31,Kolar- Highway Star,In Store,Lunch,COCO,KA,923.05,0.0,46.18000000000001,923.05,0,5,0.0,184.60999999999999,100-200,0%
Frozen Bottle,2026-07-31,WK 31,Kolar- Highway Star,In Store,Snacks,COCO,KA,4263.0,856.0,213.22000000000003,5119.0,0,8,16.722016018753664,532.875,500-600,10%-20%
Frozen Bottle,2026-07-31,WK 31,Kolar- Highway Star,Swiggy,Dinner,COCO,KA,188.0,112.0,0.0,290.0,0,1,38.62068965517241,188.0,100-200,30%-40%
Frozen Bottle,2026-07-31,WK 31,Kolar- Highway Star,Swiggy,Lunch,COCO,KA,119.0,121.0,0.0,230.0,0,1,52.60869565217391,119.0,100-200,50%-60%
Frozen Bottle,2026-07-31,WK 31,Kolathur,Swiggy,Breakfast,COCO,TN,387.0,394.0,0.0,771.0,0,2,51.10246433203631,193.5,100-200,50%-60%
Frozen Bottle,2026-07-31,WK 31,Kolathur,Swiggy,Dinner,COCO,TN,1899.0,1140.0,0.0,2929.0,0,7,38.92113349265961,271.2857142857143,200-300,30%-40%
Frozen Bottle,2026-07-31,WK 31,Kolathur,Swiggy,Late Night,COCO,TN,1618.0,1053.0,0.0,2571.0,0,6,40.95682613768962,269.6666666666667,200-300,40%-50%
Frozen Bottle,2026-07-31,WK 31,Kolathur,Swiggy,Lunch,COCO,TN,577.0,504.0,0.0,1051.0,0,2,47.95432921027592,288.5,200-300,40%-50%
Frozen Bottle,2026-07-31,WK 31,Kolathur,Swiggy,Snacks,COCO,TN,2630.69,1572.31,0.0,4033.0,0,9,38.98611455492189,292.2988888888889,200-300,30%-40%
Frozen Bottle,2026-07-31,WK 31,Kolathur,Zomato,Dinner,COCO,TN,2965.3,1961.71,148.3,4757.01,0,8,41.238298847385224,370.6625,300-400,40%-50%
Frozen Bottle,2026-07-31,WK 31,Kolathur,Zomato,Late Night,COCO,TN,744.1,554.9,37.22,1249.0,0,3,44.4275420336269,248.03333333333333,200-300,40%-50%
Frozen Bottle,2026-07-31,WK 31,Kolathur,Zomato,Lunch,COCO,TN,1318.3899999999999,524.95,65.94,1783.34,0,3,29.436338555743717,439.4633333333333,400-500,20%-30%
Frozen Bottle,2026-07-31,WK 31,Kolathur,Zomato,Snacks,COCO,TN,849.3,537.69,42.480000000000004,1336.99,0,2,40.216456368409645,424.65,400-500,40%-50%
Frozen Bottle,2026-07-31,WK 31,Kollur,In Store,Closing,FOFO,AP & TL,326.0,0.0,16.3,326.0,0,2,0.0,163.0,100-200,0%
Frozen Bottle,2026-07-31,WK 31,Kollur,In Store,Dinner,FOFO,AP & TL,5887.0,0.0,294.46,5887.0,0,17,0.0,346.29411764705884,300-400,0%
Frozen Bottle,2026-07-31,WK 31,Kollur,In Store,Late Night,FOFO,AP & TL,418.0,0.0,20.9,418.0,0,1,0.0,418.0,400-500,0%
Frozen Bottle,2026-07-31,WK 31,Kollur,In Store,Lunch,FOFO,AP & TL,3311.0,0.0,165.6,3311.0,0,10,0.0,331.1,300-400,0%
Frozen Bottle,2026-07-31,WK 31,Kollur,In Store,Snacks,FOFO,AP & TL,3259.0,0.0,162.98,3259.0,0,9,0.0,362.1111111111111,300-400,0%
Frozen Bottle,2026-07-31,WK 31,Kollur,Swiggy,Dinner,FOFO,AP & TL,1501.0,0.0,0.0,1441.0,0,3,0.0,500.3333333333333,500-600,0%
Frozen Bottle,2026-07-31,WK 31,Kollur,Swiggy,Snacks,FOFO,AP & TL,607.0,0.0,0.0,587.0,0,2,0.0,303.5,300-400,0%
Frozen Bottle,2026-07-31,WK 31,Kollur,Zomato,Closing,FOFO,AP & TL,320.0,0.0,16.0,310.0,0,1,0.0,320.0,300-400,0%
Frozen Bottle,2026-07-31,WK 31,Kollur,Zomato,Dinner,FOFO,AP & TL,1911.0,350.0,95.58000000000001,2171.0,0,4,16.121602947950255,477.75,400-500,10%-20%
Frozen Bottle,2026-07-31,WK 31,Kollur,Zomato,Late Night,FOFO,AP & TL,240.0,0.0,12.0,230.0,0,1,0.0,240.0,200-300,0%
Frozen Bottle,2026-07-31,WK 31,Kollur,Zomato,Lunch,FOFO,AP & TL,550.0,0.0,27.52,530.0,0,1,0.0,550.0,500-600,0%
Frozen Bottle,2026-07-31,WK 31,Kondhwa,In Store,Dinner,FOFO,MH,1680.33,34.0,84.03999999999999,1714.33,0,4,1.9832820985457875,420.0825,400-500,1%-10%
Frozen Bottle,2026-07-31,WK 31,Kondhwa,In Store,Snacks,FOFO,MH,1780.0,0.0,89.04,1780.0,0,6,0.0,296.6666666666667,200-300,0%
Frozen Bottle,2026-07-31,WK 31,Kondhwa,Swiggy,Dinner,FOFO,MH,1127.0,1.0,0.0,1088.0,0,4,0.09191176470588235,281.75,200-300,1%-10%
Frozen Bottle,2026-07-31,WK 31,Kondhwa,Swiggy,Snacks,FOFO,MH,1819.0,241.0,0.0,2010.0,0,3,11.990049751243781,606.3333333333334,600-900,10%-20%
Frozen Bottle,2026-07-31,WK 31,Kondhwa,Zomato,Closing,FOFO,MH,742.0,0.0,37.12,722.0,0,1,0.0,742.0,600-900,0%
Frozen Bottle,2026-07-31,WK 31,Kondhwa,Zomato,Dinner,FOFO,MH,379.0,0.0,18.96,369.0,0,1,0.0,379.0,300-400,0%
Frozen Bottle,2026-07-31,WK 31,Kondhwa,Zomato,Late Night,FOFO,MH,669.0,0.0,33.46,649.0,0,2,0.0,334.5,300-400,0%
Frozen Bottle,2026-07-31,WK 31,Koramangala,In Store,Dinner,COCO,KA,6070.46,662.68,303.68,6733.14,0,29,9.842064772156824,209.32620689655172,200-300,1%-10%
Frozen Bottle,2026-07-31,WK 31,Koramangala,In Store,Late Night,COCO,KA,2567.23,0.0,128.46,2567.23,0,12,0.0,213.93583333333333,200-300,0%
Frozen Bottle,2026-07-31,WK 31,Koramangala,In Store,Lunch,COCO,KA,1370.28,261.71999999999997,68.56,1632.0,0,11,16.03676470588235,124.57090909090908,100-200,10%-20%
Frozen Bottle,2026-07-31,WK 31,Koramangala,In Store,Snacks,COCO,KA,2409.99,329.24,120.58000000000001,2739.23,0,13,12.019436118909328,185.38384615384615,100-200,10%-20%
Frozen Bottle,2026-07-31,WK 31,Koramangala,Ownly,Lunch,COCO,KA,191.0,0.0,9.56,191.0,0,1,0.0,191.0,100-200,0%
Frozen Bottle,2026-07-31,WK 31,Koramangala,Swiggy,Breakfast,COCO,KA,109.0,121.0,0.0,230.0,0,1,52.60869565217391,109.0,100-200,50%-60%
Frozen Bottle,2026-07-31,WK 31,Koramangala,Swiggy,Dinner,COCO,KA,5376.02,3907.18,0.0,8873.2,0,21,44.0334941171167,256.0009523809524,200-300,40%-50%
Frozen Bottle,2026-07-31,WK 31,Koramangala,Swiggy,Late Night,COCO,KA,3513.21,1335.79,0.0,4679.0,0,11,28.548621500320582,319.38272727272727,300-400,20%-30%
Frozen Bottle,2026-07-31,WK 31,Koramangala,Swiggy,Lunch,COCO,KA,1891.02,896.49,0.0,2677.51,0,6,33.48222789083887,315.17,300-400,30%-40%
Frozen Bottle,2026-07-31,WK 31,Koramangala,Swiggy,Snacks,COCO,KA,2491.59,908.74,0.0,3300.33,0,8,27.534822275348226,311.44875,300-400,20%-30%
Frozen Bottle,2026-07-31,WK 31,Koramangala,Zomato,Dinner,COCO,KA,2632.8,1584.2,131.7,4067.0,0,10,38.95254487337104,263.28000000000003,200-300,30%-40%
Frozen Bottle,2026-07-31,WK 31,Koramangala,Zomato,Late Night,COCO,KA,5237.2,2155.8,261.98,7153.0,0,17,30.138403467076753,308.0705882352941,300-400,30%-40%
Frozen Bottle,2026-07-31,WK 31,Koramangala,Zomato,Lunch,COCO,KA,1249.2,977.8,62.5,2147.0,0,4,45.5426176059618,312.3,300-400,40%-50%
Frozen Bottle,2026-07-31,WK 31,Koramangala,Zomato,Snacks,COCO,KA,587.0,343.0,29.38,900.0,0,3,38.111111111111114,195.66666666666666,100-200,30%-40%
Frozen Bottle,2026-07-31,WK 31,Koregaon Park - Pune,In Store,Dinner,COCO,MH,1679.3,891.7,83.98,2571.0,0,5,34.683002722676,335.86,300-400,30%-40%
Frozen Bottle,2026-07-31,WK 31,Koregaon Park - Pune,In Store,Lunch,COCO,MH,1388.06,738.4,69.4,2126.46,0,3,34.724377604093185,462.68666666666667,400-500,30%-40%
Frozen Bottle,2026-07-31,WK 31,Koregaon Park - Pune,In Store,Snacks,COCO,MH,618.82,589.1800000000001,30.94,1208.0,0,3,48.773178807947026,206.27333333333334,200-300,40%-50%
Frozen Bottle,2026-07-31,WK 31,Koregaon Park - Pune,Others,Dinner,COCO,MH,161.58,278.42,8.08,430.0,0,1,64.74883720930234,161.58,100-200,60%-70%
Frozen Bottle,2026-07-31,WK 31,Koregaon Park - Pune,Swiggy,Dinner,COCO,MH,1791.0,747.0,0.0,2468.0,0,6,30.267423014586708,298.5,200-300,30%-40%
Frozen Bottle,2026-07-31,WK 31,Koregaon Park - Pune,Swiggy,Late Night,COCO,MH,976.0,557.0,0.0,1473.0,0,4,37.81398506449423,244.0,200-300,30%-40%
Frozen Bottle,2026-07-31,WK 31,Koregaon Park - Pune,Swiggy,Snacks,COCO,MH,119.0,121.0,0.0,230.0,0,1,52.60869565217391,119.0,100-200,50%-60%
Frozen Bottle,2026-07-31,WK 31,Koregaon Park - Pune,Zomato,Dinner,COCO,MH,777.0,562.0,38.86,1299.0,0,3,43.26404926866821,259.0,200-300,40%-50%
Frozen Bottle,2026-07-31,WK 31,Koregaon Park - Pune,Zomato,Late Night,COCO,MH,2840.0,1215.0,142.04,3925.0,0,7,30.955414012738853,405.7142857142857,400-500,30%-40%
Frozen Bottle,2026-07-31,WK 31,Koregaon Park - Pune,Zomato,Snacks,COCO,MH,690.0,270.0,34.52,930.0,0,1,29.03225806451613,690.0,600-900,20%-30%
Frozen Bottle,2026-07-31,WK 31,Kothanur,In Store,Dinner,FOFO,KA,836.0,0.0,41.8,836.0,0,1,0.0,836.0,600-900,0%
Frozen Bottle,2026-07-31,WK 31,Kothanur,In Store,Late Night,FOFO,KA,1115.0,0.0,55.76,1115.0,0,2,0.0,557.5,500-600,0%
Frozen Bottle,2026-07-31,WK 31,Kothanur,Swiggy,Dinner,FOFO,KA,2062.0,600.3199999999999,0.0,2542.3199999999997,0,5,23.613077818685298,412.4,400-500,20%-30%
Frozen Bottle,2026-07-31,WK 31,Kothanur,Swiggy,Lunch,FOFO,KA,787.01,119.99,0.0,877.0,0,1,13.68187001140251,787.01,600-900,10%-20%
Frozen Bottle,2026-07-31,WK 31,Kothanur,Swiggy,Snacks,FOFO,KA,801.01,139.99,0.0,911.0,0,2,15.36663007683864,400.505,400-500,10%-20%
Frozen Bottle,2026-07-31,WK 31,Kothanur,Zomato,Breakfast,FOFO,KA,295.0,75.0,14.76,360.0,0,1,20.833333333333336,295.0,200-300,20%-30%
Frozen Bottle,2026-07-31,WK 31,Kothanur,Zomato,Dinner,FOFO,KA,1308.0,43.0,65.44,1301.0,0,3,3.3051498847040737,436.0,400-500,1%-10%
Frozen Bottle,2026-07-31,WK 31,Kothanur,Zomato,Late Night,FOFO,KA,609.5,479.5,30.48,1049.0,0,4,45.710200190657766,152.375,100-200,40%-50%
Frozen Bottle,2026-07-31,WK 31,Kothanur,Zomato,Lunch,FOFO,KA,1114.9,56.1,55.76,1131.0,0,2,4.960212201591512,557.45,500-600,1%-10%
Frozen Bottle,2026-07-31,WK 31,Kothanur,Zomato,Snacks,FOFO,KA,590.0,0.0,29.5,570.0,0,1,0.0,590.0,500-600,0%
Frozen Bottle,2026-07-31,WK 31,Kotturpuram,In Store,Closing,FOFO,TN,347.0,0.0,17.36,347.0,0,1,0.0,347.0,300-400,0%
Frozen Bottle,2026-07-31,WK 31,Kotturpuram,In Store,Dinner,FOFO,TN,3497.0,0.0,174.94,3497.0,0,13,0.0,269.0,200-300,0%
Frozen Bottle,2026-07-31,WK 31,Kotturpuram,In Store,Late Night,FOFO,TN,199.0,0.0,9.96,199.0,0,1,0.0,199.0,100-200,0%
Frozen Bottle,2026-07-31,WK 31,Kotturpuram,In Store,Lunch,FOFO,TN,1332.0,0.0,66.62,1332.0,0,4,0.0,333.0,300-400,0%
Frozen Bottle,2026-07-31,WK 31,Kotturpuram,In Store,Snacks,FOFO,TN,1431.0,9.5,71.56,1440.5,0,3,0.6594932315168344,477.0,400-500,1%-10%
Frozen Bottle,2026-07-31,WK 31,Kotturpuram,Swiggy,Closing,FOFO,TN,569.0,0.0,0.0,549.0,0,2,0.0,284.5,200-300,0%
Frozen Bottle,2026-07-31,WK 31,Kotturpuram,Swiggy,Dinner,FOFO,TN,221.0,0.0,0.0,211.0,0,1,0.0,221.0,200-300,0%
Frozen Bottle,2026-07-31,WK 31,Kotturpuram,Swiggy,Lunch,FOFO,TN,691.0,0.0,0.0,661.0,0,2,0.0,345.5,300-400,0%
Frozen Bottle,2026-07-31,WK 31,Kotturpuram,Zomato,Dinner,FOFO,TN,240.0,0.0,12.0,230.0,0,1,0.0,240.0,200-300,0%
Frozen Bottle,2026-07-31,WK 31,Kotturpuram,Zomato,Late Night,FOFO,TN,298.6,119.4,14.92,398.0,0,1,30.0,298.6,200-300,20%-30%
Frozen Bottle,2026-07-31,WK 31,Kotturpuram,Zomato,Snacks,FOFO,TN,680.0,0.0,34.0,660.0,0,1,0.0,680.0,600-900,0%
Frozen Bottle,2026-07-31,WK 31,Kurnool,In Store,Breakfast,FOFO,AP & TL,418.0,0.0,20.92,418.0,0,2,0.0,209.0,200-300,0%
Frozen Bottle,2026-07-31,WK 31,Kurnool,In Store,Closing,FOFO,AP & TL,297.0,0.0,14.86,297.0,0,2,0.0,148.5,100-200,0%
Frozen Bottle,2026-07-31,WK 31,Kurnool,In Store,Dinner,FOFO,AP & TL,2604.0,0.0,130.22,2604.0,0,7,0.0,372.0,300-400,0%
Frozen Bottle,2026-07-31,WK 31,Kurnool,In Store,Lunch,FOFO,AP & TL,2195.0,0.0,109.76,2195.0,0,5,0.0,439.0,400-500,0%
Frozen Bottle,2026-07-31,WK 31,Kurnool,In Store,Snacks,FOFO,AP & TL,804.0,0.0,40.22,804.0,0,4,0.0,201.0,200-300,0%
Frozen Bottle,2026-07-31,WK 31,Lakshmi Mills,In Store,Dinner,FOFO,TN,3468.1,0.0,173.44,3468.1,0,11,0.0,315.28181818181815,300-400,0%
Frozen Bottle,2026-07-31,WK 31,Lakshmi Mills,In Store,Late Night,FOFO,TN,207.0,0.0,10.36,207.0,0,2,0.0,103.5,100-200,0%
Frozen Bottle,2026-07-31,WK 31,Lakshmi Mills,In Store,Snacks,FOFO,TN,525.0,0.0,26.240000000000002,525.0,0,3,0.0,175.0,100-200,0%
Frozen Bottle,2026-07-31,WK 31,Lakshmi Mills,Swiggy,Dinner,FOFO,TN,2407.5,434.5,0.0,2732.0,0,6,15.904099560761347,401.25,400-500,10%-20%
Frozen Bottle,2026-07-31,WK 31,Lakshmi Mills,Swiggy,Late Night,FOFO,TN,1909.0,0.0,0.0,1849.0,0,6,0.0,318.1666666666667,300-400,0%
Frozen Bottle,2026-07-31,WK 31,Lakshmi Mills,Swiggy,Lunch,FOFO,TN,3171.0,130.0,0.0,3191.0,0,7,4.07395800689439,453.0,400-500,1%-10%
Frozen Bottle,2026-07-31,WK 31,Lakshmi Mills,Swiggy,Snacks,FOFO,TN,1571.25,152.75,0.0,1664.0,0,3,9.1796875,523.75,500-600,1%-10%
Frozen Bottle,2026-07-31,WK 31,Lakshmi Mills,Zomato,Dinner,FOFO,TN,1844.0,567.0,92.24000000000001,2331.0,0,6,24.324324324324326,307.3333333333333,300-400,20%-30%
Frozen Bottle,2026-07-31,WK 31,Lakshmi Mills,Zomato,Late Night,FOFO,TN,848.9000000000001,308.1,42.44,1107.0,0,3,27.8319783197832,282.9666666666667,200-300,20%-30%
Frozen Bottle,2026-07-31,WK 31,Lakshmi Mills,Zomato,Snacks,FOFO,TN,1503.0,318.0,75.18,1751.0,0,4,18.16105082809823,375.75,300-400,10%-20%
Frozen Bottle,2026-07-31,WK 31,Latur,In Store,Dinner,FOFO,MH,676.0,0.0,33.8,676.0,0,1,0.0,676.0,600-900,0%
Frozen Bottle,2026-07-31,WK 31,Latur,Swiggy,Snacks,FOFO,MH,240.0,0.0,0.0,230.0,0,1,0.0,240.0,200-300,0%
Frozen Bottle,2026-07-31,WK 31,Lokhandwala,In Store,Breakfast,COCO,MH,76.8,141.2,3.84,218.0,0,1,64.77064220183486,76.8,0-100,60%-70%
Frozen Bottle,2026-07-31,WK 31,Lokhandwala,In Store,Dinner,COCO,MH,2586.1,1539.9,129.38,4126.0,0,11,37.32186136694135,235.1,200-300,30%-40%
Frozen Bottle,2026-07-31,WK 31,Lokhandwala,In Store,Late Night,COCO,MH,0.0,556.0,0.0,556.0,0,1,100.0,0.0,,90%-100%
Frozen Bottle,2026-07-31,WK 31,Lokhandwala,In Store,Snacks,COCO,MH,771.59,429.40999999999997,38.6,1201.0,0,4,35.75437135720233,192.8975,100-200,30%-40%
Frozen Bottle,2026-07-31,WK 31,Lokhandwala,Swiggy,Dinner,COCO,MH,5397.02,2361.3,0.0,7518.32,0,16,31.407282478000408,337.31375,300-400,30%-40%
Frozen Bottle,2026-07-31,WK 31,Lokhandwala,Swiggy,Late Night,COCO,MH,840.2,757.8,0.0,1528.0,0,5,49.59424083769633,168.04000000000002,100-200,40%-50%
Frozen Bottle,2026-07-31,WK 31,Lokhandwala,Swiggy,Lunch,COCO,MH,525.2,584.8,0.0,1100.0,0,3,53.16363636363636,175.0666666666667,100-200,50%-60%
Frozen Bottle,2026-07-31,WK 31,Lokhandwala,Swiggy,Snacks,COCO,MH,1072.0,1041.0,0.0,2023.0,0,8,51.458230350963916,134.0,100-200,50%-60%
Frozen Bottle,2026-07-31,WK 31,Lokhandwala,Zomato,Closing,COCO,MH,315.0,295.0,15.76,590.0,0,1,50.0,315.0,300-400,40%-50%
Frozen Bottle,2026-07-31,WK 31,Lokhandwala,Zomato,Dinner,COCO,MH,2828.85,1906.0,141.46,4574.85,0,10,41.66256817163404,282.885,200-300,40%-50%
Frozen Bottle,2026-07-31,WK 31,Lokhandwala,Zomato,Late Night,COCO,MH,4965.46,2008.8700000000001,248.3,6794.33,0,10,29.56685942543268,496.546,400-500,20%-30%
Frozen Bottle,2026-07-31,WK 31,Lokhandwala,Zomato,Lunch,COCO,MH,269.1,249.9,13.46,499.0,0,1,50.08016032064128,269.1,200-300,50%-60%
Frozen Bottle,2026-07-31,WK 31,Lokhandwala,Zomato,Snacks,COCO,MH,958.6,802.4,47.94,1701.0,0,4,47.17225161669606,239.65,200-300,40%-50%
Frozen Bottle,2026-07-31,WK 31,Madno - HSR Layout,In Store,Breakfast,FOFO,KA,99.0,0.0,4.96,99.0,0,1,0.0,99.0,0-100,0%
Frozen Bottle,2026-07-31,WK 31,Madno - HSR Layout,In Store,Dinner,FOFO,KA,178.0,0.0,8.9,178.0,0,1,0.0,178.0,100-200,0%
Frozen Bottle,2026-07-31,WK 31,Madno - HSR Layout,In Store,Lunch,FOFO,KA,1735.0,0.0,86.82000000000001,1735.0,0,11,0.0,157.72727272727272,100-200,0%
Frozen Bottle,2026-07-31,WK 31,Madno - HSR Layout,In Store,Snacks,FOFO,KA,2094.0,0.0,104.78,2094.0,0,11,0.0,190.36363636363637,100-200,0%
Frozen Bottle,2026-07-31,WK 31,Madno - Hinjewadi,Swiggy,Dinner,FOFO,MH,918.03,221.97,0.0,1090.0,0,3,20.36422018348624,306.01,300-400,20%-30%
Frozen Bottle,2026-07-31,WK 31,Madno - Hinjewadi,Zomato,Dinner,FOFO,MH,1627.0,590.0,81.4,2127.0,0,4,27.738598965679362,406.75,400-500,20%-30%
Frozen Bottle,2026-07-31,WK 31,Madno - Hinjewadi,Zomato,Lunch,FOFO,MH,440.0,230.0,22.0,640.0,0,2,35.9375,220.0,200-300,30%-40%
Frozen Bottle,2026-07-31,WK 31,Madno - Thane,Swiggy,Dinner,FOFO,MH,1561.0,0.0,0.0,1511.0,0,2,0.0,780.5,600-900,0%
Frozen Bottle,2026-07-31,WK 31,Madno - Thane,Swiggy,Snacks,FOFO,MH,920.0,0.0,0.0,880.0,0,1,0.0,920.0,>900,0%
Frozen Bottle,2026-07-31,WK 31,Madno - Thane,Zomato,Dinner,FOFO,MH,1797.0,500.0,89.88,2217.0,0,5,22.552999548940008,359.4,300-400,20%-30%
Frozen Bottle,2026-07-31,WK 31,Madurai Bypass,In Store,Breakfast,FOFO,TN,466.46,0.0,23.32,466.46,0,1,0.0,466.46,400-500,0%
Frozen Bottle,2026-07-31,WK 31,Madurai Bypass,In Store,Dinner,FOFO,TN,4780.6900000000005,0.0,239.1,4780.6900000000005,0,13,0.0,367.74538461538464,300-400,0%
Frozen Bottle,2026-07-31,WK 31,Madurai Bypass,In Store,Late Night,FOFO,TN,257.0,0.0,12.88,257.0,0,3,0.0,85.66666666666667,0-100,0%
Frozen Bottle,2026-07-31,WK 31,Madurai Bypass,In Store,Lunch,FOFO,TN,487.0,0.0,24.380000000000003,487.0,0,3,0.0,162.33333333333334,100-200,0%
Frozen Bottle,2026-07-31,WK 31,Madurai Bypass,In Store,Snacks,FOFO,TN,3060.7,0.0,153.06,3060.7,0,9,0.0,340.0777777777778,300-400,0%
Frozen Bottle,2026-07-31,WK 31,Madurai Bypass,Swiggy,Dinner,FOFO,TN,4311.3,365.7,0.0,4497.0,0,8,8.132088058705804,538.9125,500-600,1%-10%
Frozen Bottle,2026-07-31,WK 31,Madurai Bypass,Swiggy,Late Night,FOFO,TN,1158.0,100.0,0.0,1218.0,0,3,8.210180623973727,386.0,300-400,1%-10%
Frozen Bottle,2026-07-31,WK 31,Madurai Bypass,Swiggy,Lunch,FOFO,TN,1190.0,100.0,0.0,1250.0,0,3,8.0,396.6666666666667,300-400,1%-10%
Frozen Bottle,2026-07-31,WK 31,Madurai Bypass,Swiggy,Snacks,FOFO,TN,2629.35,333.98,0.0,2863.33,0,6,11.66404151809257,438.22499999999997,400-500,10%-20%
Frozen Bottle,2026-07-31,WK 31,Madurai Bypass,Zomato,Breakfast,FOFO,TN,270.0,0.0,13.5,260.0,0,1,0.0,270.0,200-300,0%
Frozen Bottle,2026-07-31,WK 31,Madurai Bypass,Zomato,Dinner,FOFO,TN,789.0,0.0,39.46,759.0,0,2,0.0,394.5,300-400,0%
Frozen Bottle,2026-07-31,WK 31,Madurai Bypass,Zomato,Late Night,FOFO,TN,291.0,0.0,14.56,281.0,0,1,0.0,291.0,200-300,0%
Frozen Bottle,2026-07-31,WK 31,Madurai Bypass,Zomato,Lunch,FOFO,TN,1600.0,0.0,80.03999999999999,1550.0,0,3,0.0,533.3333333333334,500-600,0%
Frozen Bottle,2026-07-31,WK 31,Madurai Bypass,Zomato,Snacks,FOFO,TN,906.0,0.0,45.32,876.0,0,2,0.0,453.0,400-500,0%
Frozen Bottle,2026-07-31,WK 31,Malad - CF - CK,Swiggy,Closing,COCO,MH,119.0,121.0,0.0,230.0,0,1,52.60869565217391,119.0,100-200,50%-60%
Frozen Bottle,2026-07-31,WK 31,Malad - CF - CK,Swiggy,Dinner,COCO,MH,2659.0,1583.33,0.0,4072.33,0,8,38.88019880510666,332.375,300-400,30%-40%
Frozen Bottle,2026-07-31,WK 31,Malad - CF - CK,Swiggy,Late Night,COCO,MH,789.0,599.33,0.0,1328.33,0,4,45.119059269910345,197.25,100-200,40%-50%
Frozen Bottle,2026-07-31,WK 31,Malad - CF - CK,Swiggy,Lunch,COCO,MH,447.0,233.0,0.0,660.0,0,2,35.303030303030305,223.5,200-300,30%-40%
Frozen Bottle,2026-07-31,WK 31,Malad - CF - CK,Swiggy,Snacks,COCO,MH,967.2,493.8,0.0,1411.0,0,4,34.99645641389086,241.8,200-300,30%-40%
Frozen Bottle,2026-07-31,WK 31,Malad - CF - CK,Zomato,Closing,COCO,MH,958.0,0.0,47.9,928.0,0,2,0.0,479.0,400-500,0%
Frozen Bottle,2026-07-31,WK 31,Malad - CF - CK,Zomato,Dinner,COCO,MH,2603.7,2104.3,130.18,4558.0,0,8,46.16717858709961,325.4625,300-400,40%-50%
Frozen Bottle,2026-07-31,WK 31,Malad - CF - CK,Zomato,Late Night,COCO,MH,3438.0,2336.0,171.94,5604.0,0,9,41.68451106352605,382.0,300-400,40%-50%
Frozen Bottle,2026-07-31,WK 31,Malad - CF - CK,Zomato,Lunch,COCO,MH,784.0,595.0,39.2,1339.0,0,3,44.43614637789395,261.3333333333333,200-300,40%-50%
Frozen Bottle,2026-07-31,WK 31,Malad - CF - CK,Zomato,Snacks,COCO,MH,774.9,616.1,38.76,1361.0,0,2,45.26818515797208,387.45,300-400,40%-50%
Frozen Bottle,2026-07-31,WK 31,Malleswaram,In Store,Breakfast,FOFO,KA,495.0,0.0,24.78,495.0,0,3,0.0,165.0,100-200,0%
Frozen Bottle,2026-07-31,WK 31,Malleswaram,In Store,Dinner,FOFO,KA,564.0,0.0,28.22,564.0,0,3,0.0,188.0,100-200,0%
Frozen Bottle,2026-07-31,WK 31,Malleswaram,In Store,Late Night,FOFO,KA,2432.0,0.0,121.62,2432.0,0,7,0.0,347.42857142857144,300-400,0%
Frozen Bottle,2026-07-31,WK 31,Malleswaram,In Store,Lunch,FOFO,KA,1475.0,0.0,73.78,1475.0,0,6,0.0,245.83333333333334,200-300,0%
Frozen Bottle,2026-07-31,WK 31,Malleswaram,In Store,Snacks,FOFO,KA,490.0,0.0,24.520000000000003,490.0,0,3,0.0,163.33333333333334,100-200,0%
Frozen Bottle,2026-07-31,WK 31,Malleswaram,Swiggy,Dinner,FOFO,KA,498.0,100.0,0.0,578.0,0,2,17.301038062283737,249.0,200-300,10%-20%
Frozen Bottle,2026-07-31,WK 31,Malleswaram,Swiggy,Late Night,FOFO,KA,1173.4,194.6,0.0,1328.0,0,4,14.653614457831324,293.35,200-300,10%-20%
Frozen Bottle,2026-07-31,WK 31,Malleswaram,Swiggy,Lunch,FOFO,KA,249.0,50.0,0.0,289.0,0,1,17.301038062283737,249.0,200-300,10%-20%
Frozen Bottle,2026-07-31,WK 31,Malleswaram,Swiggy,Snacks,FOFO,KA,1250.01,149.99,0.0,1340.0,0,3,11.193283582089553,416.67,400-500,10%-20%
Frozen Bottle,2026-07-31,WK 31,Malleswaram,Zomato,Closing,FOFO,KA,290.0,0.0,14.5,280.0,0,1,0.0,290.0,200-300,0%
Frozen Bottle,2026-07-31,WK 31,Malleswaram,Zomato,Dinner,FOFO,KA,290.0,0.0,14.5,280.0,0,1,0.0,290.0,200-300,0%
Frozen Bottle,2026-07-31,WK 31,Malleswaram,Zomato,Late Night,FOFO,KA,700.0,80.0,35.0,750.0,0,2,10.666666666666668,350.0,300-400,10%-20%
Frozen Bottle,2026-07-31,WK 31,Malleswaram,Zomato,Lunch,FOFO,KA,190.0,100.0,9.5,280.0,0,1,35.714285714285715,190.0,100-200,30%-40%
Frozen Bottle,2026-07-31,WK 31,Malleswaram,Zomato,Snacks,FOFO,KA,290.0,0.0,14.5,280.0,0,1,0.0,290.0,200-300,0%
Frozen Bottle,2026-07-31,WK 31,Mangalore,Swiggy,Dinner,FOFO,KA,2684.19,384.80999999999995,0.0,2979.0,0,6,12.917421953675728,447.365,400-500,10%-20%
Frozen Bottle,2026-07-31,WK 31,Mangalore,Swiggy,Late Night,FOFO,KA,2728.0,272.0,0.0,2890.0,0,6,9.411764705882353,454.6666666666667,400-500,1%-10%
Frozen Bottle,2026-07-31,WK 31,Mangalore,Swiggy,Lunch,FOFO,KA,1176.02,131.98,0.0,1258.0,0,3,10.491255961844196,392.00666666666666,300-400,10%-20%
Frozen Bottle,2026-07-31,WK 31,Mangalore,Swiggy,Snacks,FOFO,KA,492.2,36.8,0.0,509.0,0,2,7.229862475442042,246.1,200-300,1%-10%
Frozen Bottle,2026-07-31,WK 31,Mangalore,Zomato,Dinner,FOFO,KA,2416.0,0.0,120.82,2326.0,0,5,0.0,483.2,400-500,0%
Frozen Bottle,2026-07-31,WK 31,Mangalore,Zomato,Late Night,FOFO,KA,2453.82,534.1800000000001,122.68,2878.0,0,7,18.560806115357888,350.5457142857143,300-400,10%-20%
Frozen Bottle,2026-07-31,WK 31,Mangalore,Zomato,Lunch,FOFO,KA,1188.9,210.1,59.46,1349.0,0,2,15.574499629355076,594.45,500-600,10%-20%
Frozen Bottle,2026-07-31,WK 31,Mangalore,Zomato,Snacks,FOFO,KA,1445.0,75.0,72.28,1470.0,0,4,5.1020408163265305,361.25,300-400,1%-10%
Frozen Bottle,2026-07-31,WK 31,Manikonda,In Store,Dinner,FOFO,AP & TL,546.0,0.0,27.299999999999997,546.0,0,2,0.0,273.0,200-300,0%
Frozen Bottle,2026-07-31,WK 31,Manipal,In Store,Dinner,COCO,KA,1307.0,0.0,65.44,1307.0,0,10,0.0,130.7,100-200,0%
Frozen Bottle,2026-07-31,WK 31,Manipal,In Store,Lunch,COCO,KA,626.0,0.0,31.32,626.0,0,3,0.0,208.66666666666666,200-300,0%
Frozen Bottle,2026-07-31,WK 31,Manipal,In Store,Snacks,COCO,KA,2050.4,75.6,102.56,2126.0,0,7,3.555973659454374,292.9142857142857,200-300,1%-10%
Frozen Bottle,2026-07-31,WK 31,Manipal,Swiggy,Breakfast,COCO,KA,278.0,202.0,0.0,460.0,0,2,43.913043478260875,139.0,100-200,40%-50%
Frozen Bottle,2026-07-31,WK 31,Manipal,Swiggy,Dinner,COCO,KA,3920.12,2822.88,0.0,6483.0,0,19,43.542804257288296,206.32210526315788,200-300,40%-50%
Frozen Bottle,2026-07-31,WK 31,Manipal,Swiggy,Lunch,COCO,KA,2051.12,1210.88,0.0,3132.0,0,8,38.661558109833976,256.39,200-300,30%-40%
Frozen Bottle,2026-07-31,WK 31,Manipal,Swiggy,Snacks,COCO,KA,364.76,324.24,0.0,659.0,0,3,49.201820940819424,121.58666666666666,100-200,40%-50%
Frozen Bottle,2026-07-31,WK 31,Manipal,Zomato,Dinner,COCO,KA,624.0,455.0,31.22,1039.0,0,4,43.792107795957655,156.0,100-200,40%-50%
Frozen Bottle,2026-07-31,WK 31,Manipal,Zomato,Lunch,COCO,KA,411.0,270.0,20.560000000000002,661.0,0,2,40.847201210287444,205.5,200-300,40%-50%
Frozen Bottle,2026-07-31,WK 31,Manipal,Zomato,Snacks,COCO,KA,334.0,115.0,16.72,429.0,0,1,26.806526806526808,334.0,300-400,20%-30%
Frozen Bottle,2026-07-31,WK 31,Manpada - CF CK,Swiggy,Dinner,COCO,MH,5772.72,3210.4700000000003,0.0,8683.19,0,18,36.97339341877812,320.7066666666667,300-400,30%-40%
Frozen Bottle,2026-07-31,WK 31,Manpada - CF CK,Swiggy,Late Night,COCO,MH,456.0,213.0,0.0,649.0,0,2,32.81972265023113,228.0,200-300,30%-40%
Frozen Bottle,2026-07-31,WK 31,Manpada - CF CK,Swiggy,Lunch,COCO,MH,653.0,484.0,0.0,1097.0,0,2,44.12032816773017,326.5,300-400,40%-50%
Frozen Bottle,2026-07-31,WK 31,Manpada - CF CK,Swiggy,Snacks,COCO,MH,1021.0,769.0,0.0,1720.0,0,4,44.7093023255814,255.25,200-300,40%-50%
Frozen Bottle,2026-07-31,WK 31,Manpada - CF CK,Zomato,Dinner,COCO,MH,3549.1,2204.91,177.5,5564.01,0,10,39.628073996991375,354.90999999999997,300-400,30%-40%
Frozen Bottle,2026-07-31,WK 31,Manpada - CF CK,Zomato,Late Night,COCO,MH,3707.5299999999997,1349.75,185.4,4927.3099999999995,0,7,27.393242966243246,529.6471428571429,500-600,20%-30%
Frozen Bottle,2026-07-31,WK 31,Manpada - CF CK,Zomato,Lunch,COCO,MH,629.8599999999999,451.47,31.520000000000003,1041.33,0,2,43.35513237878483,314.92999999999995,300-400,40%-50%
Frozen Bottle,2026-07-31,WK 31,Manpada - CF CK,Zomato,Snacks,COCO,MH,288.0,252.0,14.4,520.0,0,1,48.46153846153846,288.0,200-300,40%-50%
Frozen Bottle,2026-07-31,WK 31,Mansarovar,In Store,Dinner,FOFO,ROI,109.0,0.0,5.46,109.0,0,1,0.0,109.0,100-200,0%
Frozen Bottle,2026-07-31,WK 31,Mansarovar,In Store,Snacks,FOFO,ROI,109.0,0.0,5.46,109.0,0,1,0.0,109.0,100-200,0%
Frozen Bottle,2026-07-31,WK 31,Mansarovar,Swiggy,Dinner,FOFO,ROI,378.2,251.8,0.0,610.0,0,3,41.278688524590166,126.06666666666666,100-200,40%-50%
Frozen Bottle,2026-07-31,WK 31,Mansarovar,Swiggy,Late Night,FOFO,ROI,663.0,524.0,0.0,1157.0,0,5,45.2895419187554,132.6,100-200,40%-50%
Frozen Bottle,2026-07-31,WK 31,Mansarovar,Swiggy,Lunch,FOFO,ROI,225.0,104.0,0.0,319.0,0,1,32.60188087774294,225.0,200-300,30%-40%
Frozen Bottle,2026-07-31,WK 31,Mansarovar,Swiggy,Snacks,FOFO,ROI,610.0,490.0,0.0,1060.0,0,4,46.22641509433962,152.5,100-200,40%-50%
Frozen Bottle,2026-07-31,WK 31,Mansarovar,Zomato,Dinner,FOFO,ROI,690.0,270.0,34.5,930.0,0,3,29.03225806451613,230.0,200-300,20%-30%
Frozen Bottle,2026-07-31,WK 31,Mansarovar,Zomato,Late Night,FOFO,ROI,1257.74,219.26,62.900000000000006,1417.0,0,3,15.473535638673253,419.24666666666667,400-500,10%-20%
Frozen Bottle,2026-07-31,WK 31,Mansarovar,Zomato,Lunch,FOFO,ROI,214.0,135.0,10.7,339.0,0,1,39.823008849557525,214.0,200-300,30%-40%
Frozen Bottle,2026-07-31,WK 31,Margaon- Goa,In Store,Dinner,FOFO,ROI,4286.0,0.0,214.34,4286.0,0,13,0.0,329.6923076923077,300-400,0%
Frozen Bottle,2026-07-31,WK 31,Margaon- Goa,In Store,Lunch,FOFO,ROI,646.0,0.0,32.3,646.0,0,2,0.0,323.0,300-400,0%
Frozen Bottle,2026-07-31,WK 31,Margaon- Goa,In Store,Snacks,FOFO,ROI,3301.0,0.0,165.08,3301.0,0,10,0.0,330.1,300-400,0%
Frozen Bottle,2026-07-31,WK 31,Margaon- Goa,Swiggy,Lunch,FOFO,ROI,190.0,0.0,0.0,180.0,0,1,0.0,190.0,100-200,0%
Frozen Bottle,2026-07-31,WK 31,Margaon- Goa,Zomato,Dinner,FOFO,ROI,1836.0,0.0,91.82,1766.0,0,4,0.0,459.0,400-500,0%
Frozen Bottle,2026-07-31,WK 31,Margaon- Goa,Zomato,Lunch,FOFO,ROI,261.0,0.0,13.06,251.0,0,1,0.0,261.0,200-300,0%
Frozen Bottle,2026-07-31,WK 31,Margaon- Goa,Zomato,Snacks,FOFO,ROI,1340.0,0.0,67.0,1290.0,0,3,0.0,446.6666666666667,400-500,0%
Frozen Bottle,2026-07-31,WK 31,Marol - CF CK,Others,Dinner,COCO,MH,171.27,21.58,8.56,182.85,0,1,11.802023516543613,171.27,100-200,10%-20%
Frozen Bottle,2026-07-31,WK 31,Marol - CF CK,Swiggy,Dinner,COCO,MH,1907.2,949.8,0.0,2757.0,0,7,34.45048966267682,272.45714285714286,200-300,30%-40%
Frozen Bottle,2026-07-31,WK 31,Marol - CF CK,Swiggy,Late Night,COCO,MH,209.0,71.0,0.0,270.0,0,1,26.296296296296294,209.0,200-300,20%-30%
Frozen Bottle,2026-07-31,WK 31,Marol - CF CK,Swiggy,Lunch,COCO,MH,1726.2,592.8,0.0,2229.0,0,3,26.594885598923284,575.4,500-600,20%-30%
Frozen Bottle,2026-07-31,WK 31,Marol - CF CK,Swiggy,Snacks,COCO,MH,952.01,719.84,0.0,1611.85,0,3,44.65924248534293,317.33666666666664,300-400,40%-50%
Frozen Bottle,2026-07-31,WK 31,Marol - CF CK,Zomato,Dinner,COCO,MH,1925.1,1123.9,96.32,2949.0,0,8,38.111224143777555,240.6375,200-300,30%-40%
Frozen Bottle,2026-07-31,WK 31,Marol - CF CK,Zomato,Late Night,COCO,MH,935.0,515.0,46.739999999999995,1400.0,0,3,36.78571428571429,311.6666666666667,300-400,30%-40%
Frozen Bottle,2026-07-31,WK 31,Marol - CF CK,Zomato,Lunch,COCO,MH,1573.33,1473.33,78.68,2946.66,0,3,50.0,524.4433333333333,500-600,40%-50%
Frozen Bottle,2026-07-31,WK 31,Marol - CF CK,Zomato,Snacks,COCO,MH,1483.4,858.6,74.19999999999999,2262.0,0,3,37.95755968169761,494.4666666666667,400-500,30%-40%
Frozen Bottle,2026-07-31,WK 31,Mathura,In Store,Dinner,FOFO,ROI,1040.0,250.0,52.04,1290.0,0,7,19.379844961240313,148.57142857142858,100-200,10%-20%
Frozen Bottle,2026-07-31,WK 31,Mathura,In Store,Lunch,FOFO,ROI,521.0,0.0,26.08,521.0,0,4,0.0,130.25,100-200,0%
Frozen Bottle,2026-07-31,WK 31,Mathura,In Store,Snacks,FOFO,ROI,447.0,0.0,22.36,447.0,0,2,0.0,223.5,200-300,0%
Frozen Bottle,2026-07-31,WK 31,Mathura,Swiggy,Snacks,FOFO,ROI,184.8,55.2,0.0,230.0,0,1,24.000000000000004,184.8,100-200,20%-30%
Frozen Bottle,2026-07-31,WK 31,Mathura,Zomato,Dinner,FOFO,ROI,300.0,280.0,15.0,560.0,0,1,50.0,300.0,200-300,40%-50%
Frozen Bottle,2026-07-31,WK 31,Mathura,Zomato,Late Night,FOFO,ROI,636.32,45.68,31.8,662.0,0,1,6.900302114803624,636.32,600-900,1%-10%
Frozen Bottle,2026-07-31,WK 31,Mathura,Zomato,Lunch,FOFO,ROI,359.0,140.0,17.96,479.0,0,1,29.227557411273487,359.0,300-400,20%-30%
Frozen Bottle,2026-07-31,WK 31,Medavakkam,In Store,Breakfast,FOFO,TN,249.0,0.0,12.46,249.0,0,1,0.0,249.0,200-300,0%
Frozen Bottle,2026-07-31,WK 31,Medavakkam,In Store,Closing,FOFO,TN,558.0,0.0,27.9,558.0,0,1,0.0,558.0,500-600,0%
Frozen Bottle,2026-07-31,WK 31,Medavakkam,In Store,Dinner,FOFO,TN,1203.0,0.0,60.2,1203.0,0,6,0.0,200.5,200-300,0%
Frozen Bottle,2026-07-31,WK 31,Medavakkam,In Store,Late Night,FOFO,TN,298.0,0.0,14.9,298.0,0,1,0.0,298.0,200-300,0%
Frozen Bottle,2026-07-31,WK 31,Medavakkam,In Store,Lunch,FOFO,TN,1322.0,0.0,66.12,1322.0,0,5,0.0,264.4,200-300,0%
Frozen Bottle,2026-07-31,WK 31,Medavakkam,In Store,Snacks,FOFO,TN,680.0,0.0,34.019999999999996,680.0,0,5,0.0,136.0,100-200,0%
Frozen Bottle,2026-07-31,WK 31,Medavakkam,Swiggy,Breakfast,FOFO,TN,229.0,40.0,0.0,259.0,0,1,15.444015444015443,229.0,200-300,10%-20%
Frozen Bottle,2026-07-31,WK 31,Medavakkam,Swiggy,Dinner,FOFO,TN,4488.23,619.9499999999999,0.0,4928.18,0,9,12.579694735176068,498.6922222222222,400-500,10%-20%
Frozen Bottle,2026-07-31,WK 31,Medavakkam,Swiggy,Late Night,FOFO,TN,1120.02,239.98,0.0,1310.0,0,3,18.319083969465648,373.34,300-400,10%-20%
Frozen Bottle,2026-07-31,WK 31,Medavakkam,Swiggy,Lunch,FOFO,TN,1012.0,68.0,0.0,1050.0,0,3,6.476190476190475,337.3333333333333,300-400,1%-10%
Frozen Bottle,2026-07-31,WK 31,Medavakkam,Swiggy,Snacks,FOFO,TN,951.0,0.0,0.0,921.0,0,2,0.0,475.5,400-500,0%
Frozen Bottle,2026-07-31,WK 31,Medavakkam,Zomato,Dinner,FOFO,TN,1510.0,0.0,75.5,1460.0,0,3,0.0,503.3333333333333,500-600,0%
Frozen Bottle,2026-07-31,WK 31,Medavakkam,Zomato,Late Night,FOFO,TN,422.85,0.0,21.14,402.85,0,1,0.0,422.85,400-500,0%
Frozen Bottle,2026-07-31,WK 31,Medavakkam,Zomato,Lunch,FOFO,TN,1155.1,123.9,57.78,1239.0,0,1,10.0,1155.1,>900,1%-10%
Frozen Bottle,2026-07-31,WK 31,Medavakkam,Zomato,Snacks,FOFO,TN,858.0,0.0,42.92,828.0,0,3,0.0,286.0,200-300,0%
Frozen Bottle,2026-07-31,WK 31,Meenakshi Mall,In Store,Dinner,COCO,KA,2598.84,255.19,130.04,2854.0299999999997,0,13,8.941391646198534,199.91076923076923,100-200,1%-10%
Frozen Bottle,2026-07-31,WK 31,Meenakshi Mall,In Store,Snacks,COCO,KA,1084.63,257.4,54.26,1342.03,0,7,19.179899108067627,154.94714285714286,100-200,10%-20%
Frozen Bottle,2026-07-31,WK 31,Meenakshi Mall,Swiggy,Dinner,COCO,KA,2760.02,1217.98,0.0,3858.0,0,7,31.57024364955936,394.2885714285714,300-400,30%-40%
Frozen Bottle,2026-07-31,WK 31,Meenakshi Mall,Swiggy,Lunch,COCO,KA,188.0,112.0,0.0,290.0,0,1,38.62068965517241,188.0,100-200,30%-40%
Frozen Bottle,2026-07-31,WK 31,Meenakshi Mall,Swiggy,Snacks,COCO,KA,1447.0,485.0,0.0,1892.0,0,5,25.634249471458777,289.4,200-300,20%-30%
Frozen Bottle,2026-07-31,WK 31,Meenakshi Mall,Zomato,Breakfast,COCO,KA,242.0,58.0,12.1,290.0,0,1,20.0,242.0,200-300,10%-20%
Frozen Bottle,2026-07-31,WK 31,Meenakshi Mall,Zomato,Dinner,COCO,KA,799.9,511.1,40.0,1271.0,0,2,40.212431156569636,399.95,300-400,40%-50%
Frozen Bottle,2026-07-31,WK 31,Meenakshi Mall,Zomato,Snacks,COCO,KA,721.0,49.0,36.06,750.0,0,2,6.533333333333332,360.5,300-400,1%-10%
Frozen Bottle,2026-07-31,WK 31,Mira Road,In Store,Dinner,COCO,MH,685.22,128.78,34.32,814.0,0,6,15.820638820638822,114.20333333333333,100-200,10%-20%
Frozen Bottle,2026-07-31,WK 31,Mira Road,Others,Snacks,COCO,MH,362.0,0.0,18.1,342.0,0,1,0.0,362.0,300-400,0%
Frozen Bottle,2026-07-31,WK 31,Mira Road,Swiggy,Dinner,COCO,MH,1348.2,996.13,0.0,2244.33,0,6,44.38429286245784,224.70000000000002,200-300,40%-50%
Frozen Bottle,2026-07-31,WK 31,Mira Road,Swiggy,Late Night,COCO,MH,1631.0,1219.0,0.0,2770.0,0,5,44.0072202166065,326.2,300-400,40%-50%
Frozen Bottle,2026-07-31,WK 31,Mira Road,Swiggy,Lunch,COCO,MH,764.0,475.0,0.0,1189.0,0,4,39.949537426408746,191.0,100-200,30%-40%
Frozen Bottle,2026-07-31,WK 31,Mira Road,Swiggy,Snacks,COCO,MH,832.2,607.8,0.0,1380.0,0,5,44.04347826086956,166.44,100-200,40%-50%
Frozen Bottle,2026-07-31,WK 31,Mira Road,Zomato,Closing,COCO,MH,171.0,120.0,8.56,281.0,0,1,42.704626334519574,171.0,100-200,40%-50%
Frozen Bottle,2026-07-31,WK 31,Mira Road,Zomato,Dinner,COCO,MH,3360.16,2824.16,168.1,5964.32,0,10,47.35091343187488,336.01599999999996,300-400,40%-50%
Frozen Bottle,2026-07-31,WK 31,Mira Road,Zomato,Late Night,COCO,MH,1581.0,909.98,79.06,2400.98,0,3,37.90035735408041,527.0,500-600,30%-40%
Frozen Bottle,2026-07-31,WK 31,Mira Road,Zomato,Lunch,COCO,MH,150.0,140.0,7.5,280.0,0,1,50.0,150.0,100-200,40%-50%
Frozen Bottle,2026-07-31,WK 31,Mira Road,Zomato,Snacks,COCO,MH,1027.0,795.0,51.379999999999995,1762.0,0,4,45.11918274687854,256.75,200-300,40%-50%
Frozen Bottle,2026-07-31,WK 31,Miraya Rose,In Store,Dinner,COCO,KA,3441.77,151.08,172.14,3592.85,0,15,4.20501830023519,229.45133333333334,200-300,1%-10%
Frozen Bottle,2026-07-31,WK 31,Miraya Rose,In Store,Late Night,COCO,KA,180.4,67.6,9.04,248.0,0,2,27.258064516129032,90.2,0-100,20%-30%
Frozen Bottle,2026-07-31,WK 31,Miraya Rose,In Store,Lunch,COCO,KA,258.0,0.0,12.9,258.0,0,1,0.0,258.0,200-300,0%
Frozen Bottle,2026-07-31,WK 31,Miraya Rose,In Store,Snacks,COCO,KA,3658.95,305.74,182.96,3964.69,0,13,7.7115739187679235,281.4576923076923,200-300,1%-10%
Frozen Bottle,2026-07-31,WK 31,Miraya Rose,Ownly,Dinner,COCO,KA,448.0,0.0,22.4,448.0,0,1,0.0,448.0,400-500,0%
Frozen Bottle,2026-07-31,WK 31,Miraya Rose,Swiggy,Breakfast,COCO,KA,269.0,1.0,0.0,270.0,0,1,0.3703703703703704,269.0,200-300,1%-10%
Frozen Bottle,2026-07-31,WK 31,Miraya Rose,Swiggy,Dinner,COCO,KA,1382.01,635.99,0.0,1958.0,0,5,32.481613891726255,276.402,200-300,30%-40%
Frozen Bottle,2026-07-31,WK 31,Miraya Rose,Swiggy,Late Night,COCO,KA,2254.0,779.0,0.0,2943.0,0,8,26.469588854909954,281.75,200-300,20%-30%
Frozen Bottle,2026-07-31,WK 31,Miraya Rose,Swiggy,Lunch,COCO,KA,356.0,224.0,0.0,560.0,0,2,40.0,178.0,100-200,30%-40%
Frozen Bottle,2026-07-31,WK 31,Miraya Rose,Swiggy,Snacks,COCO,KA,555.01,159.99,0.0,695.0,0,1,23.02014388489209,555.01,500-600,20%-30%
Frozen Bottle,2026-07-31,WK 31,Miraya Rose,Zomato,Dinner,COCO,KA,615.0,215.0,30.759999999999998,800.0,0,3,26.875,205.0,200-300,20%-30%
Frozen Bottle,2026-07-31,WK 31,Miraya Rose,Zomato,Late Night,COCO,KA,1055.0,395.0,52.76,1400.0,0,4,28.214285714285715,263.75,200-300,20%-30%
Frozen Bottle,2026-07-31,WK 31,Mirzapur,In Store,Dinner,FOFO,ROI,39.0,0.0,1.96,39.0,0,1,0.0,39.0,0-100,0%
Frozen Bottle,2026-07-31,WK 31,Mogappair,In Store,Dinner,COCO,TN,3871.32,428.45000000000005,193.62,4299.77,0,16,9.964486472532252,241.9575,200-300,1%-10%
Frozen Bottle,2026-07-31,WK 31,Mogappair,In Store,Late Night,COCO,TN,179.0,0.0,8.96,179.0,0,1,0.0,179.0,100-200,0%
Frozen Bottle,2026-07-31,WK 31,Mogappair,In Store,Lunch,COCO,TN,445.0,0.0,22.28,445.0,0,3,0.0,148.33333333333334,100-200,0%
Frozen Bottle,2026-07-31,WK 31,Mogappair,In Store,Snacks,COCO,TN,552.8,141.2,27.64,694.0,0,3,20.345821325648412,184.26666666666665,100-200,20%-30%
Frozen Bottle,2026-07-31,WK 31,Mogappair,Swiggy,Dinner,COCO,TN,6261.23,3028.79,0.0,8930.02,0,18,33.91694531479212,347.8461111111111,300-400,30%-40%
Frozen Bottle,2026-07-31,WK 31,Mogappair,Swiggy,Late Night,COCO,TN,4430.04,2042.8,0.0,6222.84,0,12,32.827454988397584,369.17,300-400,30%-40%
Frozen Bottle,2026-07-31,WK 31,Mogappair,Swiggy,Lunch,COCO,TN,1309.21,822.64,0.0,2071.85,0,7,39.70557714120231,187.03,100-200,30%-40%
Frozen Bottle,2026-07-31,WK 31,Mogappair,Swiggy,Snacks,COCO,TN,1079.6,870.4,0.0,1880.0,0,7,46.297872340425535,154.22857142857143,100-200,40%-50%
Frozen Bottle,2026-07-31,WK 31,Mogappair,Zomato,Dinner,COCO,TN,2481.8,1548.21,124.1,3890.01,0,8,39.79964061789044,310.225,300-400,30%-40%
Frozen Bottle,2026-07-31,WK 31,Mogappair,Zomato,Late Night,COCO,TN,340.5,341.5,17.04,652.0,0,2,52.377300613496935,170.25,100-200,50%-60%
Frozen Bottle,2026-07-31,WK 31,Mogappair,Zomato,Lunch,COCO,TN,2245.5,1976.5,112.3,4082.0,0,8,48.419892209701125,280.6875,200-300,40%-50%
Frozen Bottle,2026-07-31,WK 31,Mogappair,Zomato,Snacks,COCO,TN,1626.0,893.0,81.3,2429.0,0,5,36.76410045286126,325.2,300-400,30%-40%
Frozen Bottle,2026-07-31,WK 31,Mudichur,In Store,Dinner,COCO,TN,2621.07,64.39,131.07999999999998,2685.46,0,9,2.397727018834762,291.23,200-300,1%-10%
Frozen Bottle,2026-07-31,WK 31,Mudichur,In Store,Lunch,COCO,TN,358.0,0.0,17.9,358.0,0,1,0.0,358.0,300-400,0%
Frozen Bottle,2026-07-31,WK 31,Mudichur,In Store,Snacks,COCO,TN,249.0,0.0,12.46,249.0,0,1,0.0,249.0,200-300,0%
Frozen Bottle,2026-07-31,WK 31,Mudichur,Swiggy,Breakfast,COCO,TN,208.0,170.0,0.0,358.0,0,1,47.486033519553075,208.0,200-300,40%-50%
Frozen Bottle,2026-07-31,WK 31,Mudichur,Swiggy,Dinner,COCO,TN,3389.7799999999997,2151.92,0.0,5311.7,0,10,40.51283016736638,338.97799999999995,300-400,40%-50%
Frozen Bottle,2026-07-31,WK 31,Mudichur,Swiggy,Late Night,COCO,TN,1570.0,837.0,0.0,2297.0,0,7,36.43883326077492,224.28571428571428,200-300,30%-40%
Frozen Bottle,2026-07-31,WK 31,Mudichur,Swiggy,Lunch,COCO,TN,327.0,303.0,0.0,600.0,0,1,50.5,327.0,300-400,50%-60%
Frozen Bottle,2026-07-31,WK 31,Mudichur,Swiggy,Snacks,COCO,TN,2662.0,1094.0,0.0,3626.0,0,5,30.170987313844456,532.4,500-600,30%-40%
Frozen Bottle,2026-07-31,WK 31,Mudichur,Zomato,Dinner,COCO,TN,1101.1,960.9,55.1,1992.0,0,3,48.23795180722891,367.0333333333333,300-400,40%-50%
Frozen Bottle,2026-07-31,WK 31,Mudichur,Zomato,Late Night,COCO,TN,951.1,680.9,47.58,1572.0,0,5,43.31424936386769,190.22,100-200,40%-50%
Frozen Bottle,2026-07-31,WK 31,Mudichur,Zomato,Lunch,COCO,TN,275.0,255.0,13.76,510.0,0,2,50.0,137.5,100-200,40%-50%
Frozen Bottle,2026-07-31,WK 31,Mudichur,Zomato,Snacks,COCO,TN,1177.4,1026.6,58.88,2124.0,0,4,48.33333333333333,294.35,200-300,40%-50%
Frozen Bottle,2026-07-31,WK 31,Mulund,In Store,Dinner,COCO,MH,6995.25,425.31,349.84,7420.5599999999995,0,23,5.731508134156991,304.14130434782606,300-400,1%-10%
Frozen Bottle,2026-07-31,WK 31,Mulund,In Store,Lunch,COCO,MH,501.38,114.62,25.08,616.0,0,3,18.607142857142858,167.12666666666667,100-200,10%-20%
Frozen Bottle,2026-07-31,WK 31,Mulund,In Store,Snacks,COCO,MH,3892.23,871.77,194.68,4764.0,0,13,18.299118387909317,299.4023076923077,200-300,10%-20%
Frozen Bottle,2026-07-31,WK 31,Mulund,Swiggy,Dinner,COCO,MH,3511.01,2311.98,0.0,5592.99,0,11,41.33710233703261,319.1827272727273,300-400,40%-50%
Frozen Bottle,2026-07-31,WK 31,Mulund,Swiggy,Late Night,COCO,MH,567.0,434.0,0.0,961.0,0,3,45.16129032258064,189.0,100-200,40%-50%
Frozen Bottle,2026-07-31,WK 31,Mulund,Swiggy,Lunch,COCO,MH,913.4,616.6,0.0,1470.0,0,5,41.945578231292515,182.68,100-200,40%-50%
Frozen Bottle,2026-07-31,WK 31,Mulund,Swiggy,Snacks,COCO,MH,1042.67,571.66,0.0,1544.33,0,5,37.01669979861817,208.53400000000002,200-300,30%-40%
Frozen Bottle,2026-07-31,WK 31,Mulund,Zomato,Closing,COCO,MH,324.0,256.0,16.2,560.0,0,1,45.714285714285715,324.0,300-400,40%-50%
Frozen Bottle,2026-07-31,WK 31,Mulund,Zomato,Dinner,COCO,MH,4115.0,3005.01,205.82,6900.01,0,9,43.5508064481066,457.22222222222223,400-500,40%-50%
Frozen Bottle,2026-07-31,WK 31,Mulund,Zomato,Late Night,COCO,MH,1369.4,655.6,68.48,1965.0,0,5,33.36386768447837,273.88,200-300,30%-40%
Frozen Bottle,2026-07-31,WK 31,Mulund,Zomato,Lunch,COCO,MH,1298.1,590.9,64.92,1819.0,0,3,32.484881803188564,432.7,400-500,30%-40%
Frozen Bottle,2026-07-31,WK 31,Mulund,Zomato,Snacks,COCO,MH,1018.0,893.0,50.92,1851.0,0,4,48.244192328471094,254.5,200-300,40%-50%
Frozen Bottle,2026-07-31,WK 31,Nagadevanahally,In Store,Dinner,FOFO,KA,1112.85,0.0,55.7,1112.85,0,8,0.0,139.10625,100-200,0%
Frozen Bottle,2026-07-31,WK 31,Nagadevanahally,In Store,Late Night,FOFO,KA,953.0,0.0,47.68,953.0,0,3,0.0,317.6666666666667,300-400,0%
Frozen Bottle,2026-07-31,WK 31,Nagadevanahally,In Store,Lunch,FOFO,KA,521.0,0.0,26.060000000000002,521.0,0,4,0.0,130.25,100-200,0%
Frozen Bottle,2026-07-31,WK 31,Nagadevanahally,In Store,Snacks,FOFO,KA,318.33000000000004,0.0,15.919999999999998,318.33000000000004,0,2,0.0,159.16500000000002,100-200,0%
Frozen Bottle,2026-07-31,WK 31,Nagadevanahally,Swiggy,Dinner,FOFO,KA,236.01,176.84,0.0,392.85,0,1,45.01463662975691,236.01,200-300,40%-50%
Frozen Bottle,2026-07-31,WK 31,Nagadevanahally,Swiggy,Late Night,FOFO,KA,236.0,104.0,0.0,330.0,0,1,31.515151515151512,236.0,200-300,30%-40%
Frozen Bottle,2026-07-31,WK 31,Nagadevanahally,Swiggy,Lunch,FOFO,KA,298.0,311.0,0.0,609.0,0,2,51.06732348111659,149.0,100-200,50%-60%
Frozen Bottle,2026-07-31,WK 31,Nagadevanahally,Swiggy,Snacks,FOFO,KA,198.0,162.0,0.0,360.0,0,1,45.0,198.0,100-200,40%-50%
Frozen Bottle,2026-07-31,WK 31,Nagadevanahally,Zomato,Dinner,FOFO,KA,1551.0,0.0,77.58,1501.0,0,4,0.0,387.75,300-400,0%
Frozen Bottle,2026-07-31,WK 31,Nagadevanahally,Zomato,Late Night,FOFO,KA,561.72,91.13,28.08,632.85,0,2,14.399936793869003,280.86,200-300,10%-20%
Frozen Bottle,2026-07-31,WK 31,Nagarbhavi,In Store,Dinner,FOFO,KA,1594.38,48.85,79.74,1643.23,0,6,2.9728035637129313,265.73,200-300,1%-10%
Frozen Bottle,2026-07-31,WK 31,Nagarbhavi,In Store,Late Night,FOFO,KA,835.46,0.0,41.78,835.46,0,2,0.0,417.73,400-500,0%
Frozen Bottle,2026-07-31,WK 31,Nagarbhavi,In Store,Snacks,FOFO,KA,1015.0,0.0,50.76,1015.0,0,3,0.0,338.3333333333333,300-400,0%
Frozen Bottle,2026-07-31,WK 31,Nagarbhavi,Swiggy,Dinner,FOFO,KA,614.0,557.0,0.0,1171.0,0,2,47.566182749786506,307.0,300-400,40%-50%
Frozen Bottle,2026-07-31,WK 31,Nagarbhavi,Zomato,Dinner,FOFO,KA,1272.0,320.0,63.599999999999994,1522.0,0,5,21.02496714848883,254.4,200-300,20%-30%
Frozen Bottle,2026-07-31,WK 31,Nagarbhavi,Zomato,Late Night,FOFO,KA,1159.0,150.0,57.980000000000004,1259.0,0,4,11.914217633042098,289.75,200-300,10%-20%
Frozen Bottle,2026-07-31,WK 31,Nagarbhavi,Zomato,Lunch,FOFO,KA,262.0,28.0,13.1,280.0,0,1,10.0,262.0,200-300,1%-10%
Frozen Bottle,2026-07-31,WK 31,Nagarbhavi,Zomato,Snacks,FOFO,KA,833.0,125.0,41.66,918.0,0,2,13.616557734204793,416.5,400-500,10%-20%
Frozen Bottle,2026-07-31,WK 31,Nagavara,In Store,Dinner,COCO,KA,7199.92,211.84,360.2,7411.76,0,47,2.858160544863838,153.18978723404254,100-200,1%-10%
Frozen Bottle,2026-07-31,WK 31,Nagavara,In Store,Lunch,COCO,KA,1768.56,708.19,88.44,2476.75,0,13,28.593519733521756,136.0430769230769,100-200,20%-30%
Frozen Bottle,2026-07-31,WK 31,Nagavara,In Store,Snacks,COCO,KA,1609.5900000000001,340.83,80.48,1950.42,0,12,17.474697757406098,134.13250000000002,100-200,10%-20%
Frozen Bottle,2026-07-31,WK 31,Nagavara,Ownly,Dinner,COCO,KA,254.0,0.0,12.7,254.0,0,1,0.0,254.0,200-300,0%
Frozen Bottle,2026-07-31,WK 31,Nagavara,Ownly,Late Night,COCO,KA,224.0,0.0,11.2,224.0,0,1,0.0,224.0,200-300,0%
Frozen Bottle,2026-07-31,WK 31,Nagavara,Swiggy,Dinner,COCO,KA,3959.05,2021.8,0.0,5750.85,0,16,35.1565420763887,247.440625,200-300,30%-40%
Frozen Bottle,2026-07-31,WK 31,Nagavara,Swiggy,Late Night,COCO,KA,566.0,112.0,0.0,658.0,0,2,17.02127659574468,283.0,200-300,10%-20%
Frozen Bottle,2026-07-31,WK 31,Nagavara,Swiggy,Lunch,COCO,KA,338.0,161.0,0.0,489.0,0,2,32.92433537832311,169.0,100-200,30%-40%
Frozen Bottle,2026-07-31,WK 31,Nagavara,Swiggy,Snacks,COCO,KA,1017.21,586.64,0.0,1543.85,0,4,37.99851021796159,254.3025,200-300,30%-40%
Frozen Bottle,2026-07-31,WK 31,Nagavara,Zomato,Dinner,COCO,KA,2257.25,1623.6,112.9,3740.85,0,11,43.401900637555634,205.20454545454547,200-300,40%-50%
Frozen Bottle,2026-07-31,WK 31,Nagavara,Zomato,Lunch,COCO,KA,1435.0,735.0,71.75999999999999,2090.0,0,4,35.16746411483253,358.75,300-400,30%-40%
Frozen Bottle,2026-07-31,WK 31,Nagavara,Zomato,Snacks,COCO,KA,1224.0,727.0,61.22,1881.0,0,4,38.64965443912812,306.0,300-400,30%-40%
Frozen Bottle,2026-07-31,WK 31,Nalanchira,In Store,Breakfast,FOFO,Kerela,199.0,0.0,9.96,199.0,0,1,0.0,199.0,100-200,0%
Frozen Bottle,2026-07-31,WK 31,Nalanchira,In Store,Dinner,FOFO,Kerela,1599.0,0.0,79.96000000000001,1599.0,0,6,0.0,266.5,200-300,0%
Frozen Bottle,2026-07-31,WK 31,Nalanchira,In Store,Lunch,FOFO,Kerela,3327.15,0.0,166.4,3327.15,0,10,0.0,332.71500000000003,300-400,0%
Frozen Bottle,2026-07-31,WK 31,Nalanchira,In Store,Snacks,FOFO,Kerela,2800.0,0.0,140.07999999999998,2800.0,0,12,0.0,233.33333333333334,200-300,0%
Frozen Bottle,2026-07-31,WK 31,Nalanchira,Swiggy,Dinner,FOFO,Kerela,1322.0,0.0,0.0,1282.0,0,2,0.0,661.0,600-900,0%
Frozen Bottle,2026-07-31,WK 31,Nalanchira,Swiggy,Lunch,FOFO,Kerela,329.0,1.0,0.0,330.0,0,1,0.30303030303030304,329.0,300-400,1%-10%
Frozen Bottle,2026-07-31,WK 31,Nalanchira,Zomato,Dinner,FOFO,Kerela,798.0,0.0,39.92,758.0,0,3,0.0,266.0,200-300,0%
Frozen Bottle,2026-07-31,WK 31,Nallagandla,In Store,Snacks,FOFO,AP & TL,1254.0,0.0,62.7,1254.0,0,1,0.0,1254.0,>900,0%
Frozen Bottle,2026-07-31,WK 31,Namakkal,In Store,Dinner,FOFO,TN,3292.0,0.0,164.68,3292.0,0,12,0.0,274.3333333333333,200-300,0%
Frozen Bottle,2026-07-31,WK 31,Namakkal,In Store,Lunch,FOFO,TN,1138.23,0.0,56.92,1138.23,0,3,0.0,379.41,300-400,0%
Frozen Bottle,2026-07-31,WK 31,Namakkal,In Store,Snacks,FOFO,TN,437.0,0.0,21.86,437.0,0,2,0.0,218.5,200-300,0%
Frozen Bottle,2026-07-31,WK 31,Namakkal,Zomato,Dinner,FOFO,TN,728.0,0.0,36.42,708.0,0,1,0.0,728.0,600-900,0%
Frozen Bottle,2026-07-31,WK 31,Namakkal,Zomato,Lunch,FOFO,TN,2451.0,0.0,122.56,2381.0,0,3,0.0,817.0,600-900,0%
Frozen Bottle,2026-07-31,WK 31,Namakkal,Zomato,Snacks,FOFO,TN,309.0,0.0,15.46,299.0,0,1,0.0,309.0,300-400,0%
Frozen Bottle,2026-07-31,WK 31,Nanganallur CK,Swiggy,Dinner,COCO,TN,4118.58,1737.42,0.0,5636.0,0,10,30.827182398864444,411.858,400-500,30%-40%
Frozen Bottle,2026-07-31,WK 31,Nanganallur CK,Swiggy,Late Night,COCO,TN,1420.01,790.5,0.0,2110.51,0,7,37.455401774926436,202.85857142857142,200-300,30%-40%
Frozen Bottle,2026-07-31,WK 31,Nanganallur CK,Swiggy,Lunch,COCO,TN,2817.0,921.33,0.0,3628.33,0,5,25.392673764514257,563.4,500-600,20%-30%
Frozen Bottle,2026-07-31,WK 31,Nanganallur CK,Swiggy,Snacks,COCO,TN,1579.0,931.33,0.0,2410.33,0,5,38.63910750810055,315.8,300-400,30%-40%
Frozen Bottle,2026-07-31,WK 31,Nanganallur CK,Zomato,Dinner,COCO,TN,4849.3,2050.67,242.54,6649.97,0,12,30.83728197270063,404.10833333333335,400-500,30%-40%
Frozen Bottle,2026-07-31,WK 31,Nanganallur CK,Zomato,Late Night,COCO,TN,1057.0,340.0,52.86,1347.0,0,3,25.24127691165553,352.3333333333333,300-400,20%-30%
Frozen Bottle,2026-07-31,WK 31,Nanganallur CK,Zomato,Snacks,COCO,TN,770.64,540.0,38.54,1260.6399999999999,0,3,42.83538520116766,256.88,200-300,40%-50%
Frozen Bottle,2026-07-31,WK 31,Nungambakkam - CK,Swiggy,Dinner,COCO,TN,1667.56,843.44,0.0,2411.0,0,8,34.98299460804646,208.445,200-300,30%-40%
Frozen Bottle,2026-07-31,WK 31,Nungambakkam - CK,Swiggy,Late Night,COCO,TN,1017.12,820.88,0.0,1758.0,0,7,46.69397042093288,145.30285714285714,100-200,40%-50%
Frozen Bottle,2026-07-31,WK 31,Nungambakkam - CK,Swiggy,Lunch,COCO,TN,666.0,621.0,0.0,1267.0,0,3,49.01341752170482,222.0,200-300,40%-50%
Frozen Bottle,2026-07-31,WK 31,Nungambakkam - CK,Swiggy,Snacks,COCO,TN,3057.0,2443.0,0.0,5270.0,0,3,46.35673624288425,1019.0,>900,40%-50%
Frozen Bottle,2026-07-31,WK 31,Nungambakkam - CK,Zomato,Breakfast,COCO,TN,216.0,135.0,10.8,341.0,0,1,39.589442815249264,216.0,200-300,30%-40%
Frozen Bottle,2026-07-31,WK 31,Nungambakkam - CK,Zomato,Dinner,COCO,TN,1214.86,1056.47,60.760000000000005,2191.33,0,4,48.21136022415611,303.715,300-400,40%-50%
Frozen Bottle,2026-07-31,WK 31,Nungambakkam - CK,Zomato,Late Night,COCO,TN,1529.6399999999999,619.36,76.5,2069.0,0,4,29.935234412759787,382.40999999999997,300-400,20%-30%
Frozen Bottle,2026-07-31,WK 31,Nungambakkam - CK,Zomato,Snacks,COCO,TN,320.0,300.0,16.0,600.0,0,1,50.0,320.0,300-400,40%-50%
Frozen Bottle,2026-07-31,WK 31,OMR,In Store,Dinner,COCO,TN,1244.3,588.9300000000001,62.24,1833.23,0,7,32.125265242222746,177.75714285714284,100-200,30%-40%
Frozen Bottle,2026-07-31,WK 31,OMR,In Store,Lunch,COCO,TN,588.39,354.61,29.44,943.0,0,4,37.60445387062566,147.0975,100-200,30%-40%
Frozen Bottle,2026-07-31,WK 31,OMR,In Store,Snacks,COCO,TN,1070.02,269.98,53.56,1340.0,0,7,20.147761194029854,152.85999999999999,100-200,20%-30%
Frozen Bottle,2026-07-31,WK 31,OMR,Swiggy,Dinner,COCO,TN,3346.22,1227.63,0.0,4373.85,0,11,28.06749202647553,304.20181818181817,300-400,20%-30%
Frozen Bottle,2026-07-31,WK 31,OMR,Swiggy,Late Night,COCO,TN,944.21,535.79,0.0,1420.0,0,4,37.73169014084507,236.0525,200-300,30%-40%
Frozen Bottle,2026-07-31,WK 31,OMR,Swiggy,Lunch,COCO,TN,2574.58,1086.42,0.0,3531.0,0,8,30.768054375531012,321.8225,300-400,30%-40%
Frozen Bottle,2026-07-31,WK 31,OMR,Swiggy,Snacks,COCO,TN,3245.98,1326.02,0.0,4402.0,0,10,30.123125851885508,324.598,300-400,30%-40%
Frozen Bottle,2026-07-31,WK 31,OMR,Zomato,Dinner,COCO,TN,984.0,596.0,49.22,1520.0,0,4,39.21052631578947,246.0,200-300,30%-40%
Frozen Bottle,2026-07-31,WK 31,OMR,Zomato,Late Night,COCO,TN,178.0,112.0,8.9,280.0,0,1,40.0,178.0,100-200,30%-40%
Frozen Bottle,2026-07-31,WK 31,OMR,Zomato,Lunch,COCO,TN,1614.7,1464.29,80.78,2988.99,0,5,48.98945797744389,322.94,300-400,40%-50%
Frozen Bottle,2026-07-31,WK 31,OMR,Zomato,Snacks,COCO,TN,1141.5,1088.5,57.12,2150.0,0,7,50.627906976744185,163.07142857142858,100-200,50%-60%
Frozen Bottle,2026-07-31,WK 31,PALAM VIHAR,In Store,Dinner,FOFO,ROI,1842.33,0.0,92.16,1842.33,0,7,0.0,263.19,200-300,0%
Frozen Bottle,2026-07-31,WK 31,PALAM VIHAR,In Store,Lunch,FOFO,ROI,197.6,29.4,9.9,227.0,0,2,12.951541850220263,98.8,0-100,10%-20%
Frozen Bottle,2026-07-31,WK 31,PALAM VIHAR,Swiggy,Closing,FOFO,ROI,395.76,275.24,0.0,651.0,0,1,42.27956989247312,395.76,300-400,40%-50%
Frozen Bottle,2026-07-31,WK 31,PALAM VIHAR,Swiggy,Dinner,FOFO,ROI,219.0,199.0,0.0,398.0,0,2,50.0,109.5,100-200,40%-50%
Frozen Bottle,2026-07-31,WK 31,PALAM VIHAR,Swiggy,Snacks,FOFO,ROI,109.5,99.5,0.0,199.0,0,1,50.0,109.5,100-200,40%-50%
Frozen Bottle,2026-07-31,WK 31,PALAM VIHAR,Zomato,Dinner,FOFO,ROI,508.0,200.0,25.42,678.0,0,1,29.49852507374631,508.0,500-600,20%-30%
Frozen Bottle,2026-07-31,WK 31,PALAM VIHAR,Zomato,Lunch,FOFO,ROI,1451.2,548.8,72.56,1960.0,0,1,27.999999999999996,1451.2,>900,20%-30%
Frozen Bottle,2026-07-31,WK 31,PALAM VIHAR,Zomato,Snacks,FOFO,ROI,341.0,160.0,17.060000000000002,481.0,0,2,33.264033264033266,170.5,100-200,30%-40%
Frozen Bottle,2026-07-31,WK 31,Pallikaranai,In Store,Dinner,COCO,TN,3466.23,0.0,173.34,3466.23,0,12,0.0,288.8525,200-300,0%
Frozen Bottle,2026-07-31,WK 31,Pallikaranai,In Store,Late Night,COCO,TN,846.0,0.0,42.32,846.0,0,3,0.0,282.0,200-300,0%
Frozen Bottle,2026-07-31,WK 31,Pallikaranai,In Store,Lunch,COCO,TN,865.0,0.0,43.28,865.0,0,3,0.0,288.3333333333333,200-300,0%
Frozen Bottle,2026-07-31,WK 31,Pallikaranai,In Store,Snacks,COCO,TN,667.0,0.0,33.36,667.0,0,2,0.0,333.5,300-400,0%
Frozen Bottle,2026-07-31,WK 31,Pallikaranai,Swiggy,Dinner,COCO,TN,3849.2,2576.46,0.0,6175.66,0,16,41.719589485172435,240.575,200-300,40%-50%
Frozen Bottle,2026-07-31,WK 31,Pallikaranai,Swiggy,Late Night,COCO,TN,1125.0,354.0,0.0,1419.0,0,4,24.947145877378436,281.25,200-300,20%-30%
Frozen Bottle,2026-07-31,WK 31,Pallikaranai,Swiggy,Lunch,COCO,TN,3096.02,1159.98,0.0,4116.0,0,6,28.18221574344023,516.0033333333333,500-600,20%-30%
Frozen Bottle,2026-07-31,WK 31,Pallikaranai,Swiggy,Snacks,COCO,TN,1538.0,1157.66,0.0,2585.66,0,6,44.77232118685365,256.3333333333333,200-300,40%-50%
Frozen Bottle,2026-07-31,WK 31,Pallikaranai,Zomato,Dinner,COCO,TN,1706.66,1046.66,85.34,2653.32,0,5,39.44718315167413,341.332,300-400,30%-40%
Frozen Bottle,2026-07-31,WK 31,Pallikaranai,Zomato,Late Night,COCO,TN,1673.33,1021.0,83.68,2604.33,0,4,39.2039411288124,418.3325,400-500,30%-40%
Frozen Bottle,2026-07-31,WK 31,Pallikaranai,Zomato,Lunch,COCO,TN,260.0,180.0,13.0,430.0,0,1,41.86046511627907,260.0,200-300,40%-50%
Frozen Bottle,2026-07-31,WK 31,Pallikaranai,Zomato,Snacks,COCO,TN,520.0,378.0,26.0,868.0,0,3,43.54838709677419,173.33333333333334,100-200,40%-50%
Frozen Bottle,2026-07-31,WK 31,Parbhani,In Store,Dinner,FOFO,MH,1992.23,0.0,99.66,1992.23,0,9,0.0,221.35888888888888,200-300,0%
Frozen Bottle,2026-07-31,WK 31,Parbhani,In Store,Lunch,FOFO,MH,189.0,0.0,9.46,189.0,0,1,0.0,189.0,100-200,0%
Frozen Bottle,2026-07-31,WK 31,Parbhani,Swiggy,Dinner,FOFO,MH,3132.67,224.97,0.0,3257.64,0,5,6.905919622794415,626.534,600-900,1%-10%
Frozen Bottle,2026-07-31,WK 31,Parbhani,Swiggy,Lunch,FOFO,MH,942.01,89.99000000000001,0.0,1002.0,0,2,8.981037924151696,471.005,400-500,1%-10%
Frozen Bottle,2026-07-31,WK 31,Parbhani,Swiggy,Snacks,FOFO,MH,540.0,51.0,0.0,581.0,0,2,8.777969018932874,270.0,200-300,1%-10%
Frozen Bottle,2026-07-31,WK 31,Parbhani,Zomato,Dinner,FOFO,MH,6455.0,846.0,322.78,7061.0,0,15,11.981305764056083,430.3333333333333,400-500,10%-20%
Frozen Bottle,2026-07-31,WK 31,Parbhani,Zomato,Late Night,FOFO,MH,1771.0,150.0,88.58,1861.0,0,5,8.060182697474476,354.2,300-400,1%-10%
Frozen Bottle,2026-07-31,WK 31,Parbhani,Zomato,Lunch,FOFO,MH,209.0,0.0,10.46,199.0,0,1,0.0,209.0,200-300,0%
Frozen Bottle,2026-07-31,WK 31,Parbhani,Zomato,Snacks,FOFO,MH,1327.0,150.0,66.38,1417.0,0,4,10.58574453069866,331.75,300-400,10%-20%
Frozen Bottle,2026-07-31,WK 31,Perambur - CK,Swiggy,Breakfast,COCO,TN,300.0,0.0,0.0,290.0,0,1,0.0,300.0,200-300,0%
Frozen Bottle,2026-07-31,WK 31,Perambur - CK,Swiggy,Dinner,COCO,TN,3115.01,1522.99,0.0,4508.0,0,9,33.78416149068323,346.1122222222223,300-400,30%-40%
Frozen Bottle,2026-07-31,WK 31,Perambur - CK,Swiggy,Late Night,COCO,TN,544.0,314.0,0.0,828.0,0,3,37.92270531400966,181.33333333333334,100-200,30%-40%
Frozen Bottle,2026-07-31,WK 31,Perambur - CK,Swiggy,Lunch,COCO,TN,516.0,414.0,0.0,910.0,0,2,45.494505494505496,258.0,200-300,40%-50%
Frozen Bottle,2026-07-31,WK 31,Perambur - CK,Swiggy,Snacks,COCO,TN,1144.0,327.0,0.0,1421.0,0,4,23.01196340605208,286.0,200-300,20%-30%
Frozen Bottle,2026-07-31,WK 31,Perambur - CK,Zomato,Dinner,COCO,TN,801.0,536.99,40.06,1297.99,0,2,41.37088883581538,400.5,400-500,40%-50%
Frozen Bottle,2026-07-31,WK 31,Perambur - CK,Zomato,Late Night,COCO,TN,451.1,389.9,22.56,811.0,0,2,48.07644882860666,225.55,200-300,40%-50%
Frozen Bottle,2026-07-31,WK 31,Perambur - CK,Zomato,Lunch,COCO,TN,568.0,480.0,28.42,1008.0,0,3,47.61904761904761,189.33333333333334,100-200,40%-50%
Frozen Bottle,2026-07-31,WK 31,Perambur - CK,Zomato,Snacks,COCO,TN,978.6,832.4,48.980000000000004,1751.0,0,4,47.53854940034266,244.65,200-300,40%-50%
Frozen Bottle,2026-07-31,WK 31,Pimple Saudagar,Swiggy,Dinner,FOFO,MH,330.0,40.0,0.0,360.0,0,1,11.11111111111111,330.0,300-400,10%-20%
Frozen Bottle,2026-07-31,WK 31,Pimple Saudagar,Swiggy,Late Night,FOFO,MH,1020.01,139.99,0.0,1120.0,0,2,12.499107142857143,510.005,500-600,10%-20%
Frozen Bottle,2026-07-31,WK 31,Pimple Saudagar,Zomato,Dinner,FOFO,MH,1781.0,0.0,89.06,1721.0,0,3,0.0,593.6666666666666,500-600,0%
Frozen Bottle,2026-07-31,WK 31,Pimple Saudagar,Zomato,Lunch,FOFO,MH,1466.51,158.5,73.36,1585.0,0,1,10.0,1466.51,>900,1%-10%
Frozen Bottle,2026-07-31,WK 31,Pimple Saudagar,Zomato,Snacks,FOFO,MH,240.0,40.0,12.0,270.0,0,1,14.814814814814813,240.0,200-300,10%-20%
Frozen Bottle,2026-07-31,WK 31,Pimpri Chinchwad,Swiggy,Dinner,FOFO,MH,2208.0,2.0,0.0,2140.0,0,6,0.09345794392523366,368.0,300-400,1%-10%
Frozen Bottle,2026-07-31,WK 31,Pimpri Chinchwad,Swiggy,Snacks,FOFO,MH,290.0,0.0,0.0,280.0,0,1,0.0,290.0,200-300,0%
Frozen Bottle,2026-07-31,WK 31,Pimpri Chinchwad,Zomato,Dinner,FOFO,MH,1314.6,539.4000000000001,65.74000000000001,1794.0,0,2,30.06688963210703,657.3,600-900,30%-40%
Frozen Bottle,2026-07-31,WK 31,Poonamalle,In Store,Dinner,FOFO,TN,1193.0,0.0,59.68,1193.0,0,5,0.0,238.6,200-300,0%
Frozen Bottle,2026-07-31,WK 31,Poonamalle,In Store,Lunch,FOFO,TN,2188.0,0.0,109.46000000000001,2188.0,0,8,0.0,273.5,200-300,0%
Frozen Bottle,2026-07-31,WK 31,Poonamalle,In Store,Snacks,FOFO,TN,2395.0,0.0,119.78,2395.0,0,8,0.0,299.375,200-300,0%
Frozen Bottle,2026-07-31,WK 31,Poonamalle,Swiggy,Dinner,FOFO,TN,990.01,159.99,0.0,1100.0,0,2,14.544545454545455,495.005,400-500,10%-20%
Frozen Bottle,2026-07-31,WK 31,Poonamalle,Swiggy,Lunch,FOFO,TN,290.0,60.0,0.0,330.0,0,1,18.181818181818183,290.0,200-300,10%-20%
Frozen Bottle,2026-07-31,WK 31,Poonamalle,Zomato,Dinner,FOFO,TN,1841.0,0.0,92.08,1771.0,0,4,0.0,460.25,400-500,0%
Frozen Bottle,2026-07-31,WK 31,Poonamalle,Zomato,Lunch,FOFO,TN,455.5,174.5,22.8,600.0,0,3,29.083333333333332,151.83333333333334,100-200,20%-30%
Frozen Bottle,2026-07-31,WK 31,Poonamalle,Zomato,Snacks,FOFO,TN,419.0,0.0,20.96,399.0,0,2,0.0,209.5,200-300,0%
Frozen Bottle,2026-07-31,WK 31,Powai- CF - CK,Swiggy,Dinner,COCO,MH,1698.01,1383.99,0.0,2952.0,0,7,46.88313008130081,242.57285714285715,200-300,40%-50%
Frozen Bottle,2026-07-31,WK 31,Powai- CF - CK,Swiggy,Late Night,COCO,MH,1561.0,1255.0,0.0,2756.0,0,5,45.53701015965167,312.2,300-400,40%-50%
Frozen Bottle,2026-07-31,WK 31,Powai- CF - CK,Swiggy,Snacks,COCO,MH,1432.2,715.8,0.0,2068.0,0,4,34.61315280464217,358.05,300-400,30%-40%
Frozen Bottle,2026-07-31,WK 31,Powai- CF - CK,Zomato,Dinner,COCO,MH,5131.23,3394.4,256.62,8265.66,0,11,41.06629113706589,466.4754545454545,400-500,40%-50%
Frozen Bottle,2026-07-31,WK 31,Powai- CF - CK,Zomato,Late Night,COCO,MH,718.9,422.1,35.96,1101.0,0,2,38.33787465940055,359.45,300-400,30%-40%
Frozen Bottle,2026-07-31,WK 31,Powai- CF - CK,Zomato,Lunch,COCO,MH,417.0,292.0,20.86,689.0,0,2,42.380261248185775,208.5,200-300,40%-50%
Frozen Bottle,2026-07-31,WK 31,Powai- CF - CK,Zomato,Snacks,COCO,MH,548.0,441.0,27.419999999999998,959.0,0,2,45.98540145985402,274.0,200-300,40%-50%
Frozen Bottle,2026-07-31,WK 31,Prabhadevi,Swiggy,Dinner,COCO,MH,1322.0,696.0,0.0,1948.0,0,5,35.728952772073924,264.4,200-300,30%-40%
Frozen Bottle,2026-07-31,WK 31,Prabhadevi,Swiggy,Late Night,COCO,MH,1391.0,887.0,0.0,2188.0,0,4,40.53930530164534,347.75,300-400,40%-50%
Frozen Bottle,2026-07-31,WK 31,Prabhadevi,Swiggy,Lunch,COCO,MH,465.0,314.0,0.0,749.0,0,2,41.922563417890515,232.5,200-300,40%-50%
Frozen Bottle,2026-07-31,WK 31,Prabhadevi,Swiggy,Snacks,COCO,MH,1775.76,1119.24,0.0,2785.0,0,10,40.18815080789946,177.576,100-200,40%-50%
Frozen Bottle,2026-07-31,WK 31,Prabhadevi,Zomato,Dinner,COCO,MH,3227.64,2585.36,161.44,5643.0,0,13,45.815346446925396,248.28,200-300,40%-50%
Frozen Bottle,2026-07-31,WK 31,Prabhadevi,Zomato,Late Night,COCO,MH,2320.0,1392.0,116.06,3572.0,0,7,38.96976483762598,331.42857142857144,300-400,30%-40%
Frozen Bottle,2026-07-31,WK 31,Prabhadevi,Zomato,Lunch,COCO,MH,344.4,413.6,17.22,728.0,0,3,56.81318681318681,114.8,100-200,50%-60%
Frozen Bottle,2026-07-31,WK 31,Prabhadevi,Zomato,Snacks,COCO,MH,424.0,346.0,21.2,740.0,0,2,46.75675675675676,212.0,200-300,40%-50%
Frozen Bottle,2026-07-31,WK 31,Puducherry,In Store,Dinner,FOFO,TN,159.0,0.0,7.96,159.0,0,1,0.0,159.0,100-200,0%
Frozen Bottle,2026-07-31,WK 31,Puducherry,Swiggy,Dinner,FOFO,TN,560.0,0.0,0.0,540.0,0,2,0.0,280.0,200-300,0%
Frozen Bottle,2026-07-31,WK 31,Puducherry,Swiggy,Lunch,FOFO,TN,280.0,0.0,0.0,270.0,0,1,0.0,280.0,200-300,0%
Frozen Bottle,2026-07-31,WK 31,Puducherry,Zomato,Dinner,FOFO,TN,570.0,0.0,28.5,550.0,0,1,0.0,570.0,500-600,0%
Frozen Bottle,2026-07-31,WK 31,RT Nagar,In Store,Closing,FOFO,KA,447.0,0.0,22.36,447.0,0,1,0.0,447.0,400-500,0%
Frozen Bottle,2026-07-31,WK 31,RT Nagar,In Store,Dinner,FOFO,KA,1301.46,0.0,65.1,1301.46,0,5,0.0,260.29200000000003,200-300,0%
Frozen Bottle,2026-07-31,WK 31,RT Nagar,In Store,Late Night,FOFO,KA,264.0,0.0,13.2,264.0,0,1,0.0,264.0,200-300,0%
Frozen Bottle,2026-07-31,WK 31,RT Nagar,In Store,Lunch,FOFO,KA,39.0,0.0,1.96,39.0,0,1,0.0,39.0,0-100,0%
Frozen Bottle,2026-07-31,WK 31,RT Nagar,In Store,Snacks,FOFO,KA,880.23,0.0,44.019999999999996,880.23,0,3,0.0,293.41,200-300,0%
Frozen Bottle,2026-07-31,WK 31,RT Nagar,Swiggy,Dinner,FOFO,KA,2110.0,529.0,0.0,2589.0,0,5,20.432599459250675,422.0,400-500,20%-30%
Frozen Bottle,2026-07-31,WK 31,RT Nagar,Swiggy,Late Night,FOFO,KA,169.0,0.0,0.0,159.0,0,1,0.0,169.0,100-200,0%
Frozen Bottle,2026-07-31,WK 31,RT Nagar,Zomato,Dinner,FOFO,KA,592.0,0.0,29.619999999999997,572.0,0,2,0.0,296.0,200-300,0%
Frozen Bottle,2026-07-31,WK 31,Race Course Road,In Store,Dinner,COCO,TN,2266.0,0.0,113.32,2266.0,0,8,0.0,283.25,200-300,0%
Frozen Bottle,2026-07-31,WK 31,Race Course Road,In Store,Lunch,COCO,TN,135.69,191.31,6.78,327.0,0,1,58.50458715596331,135.69,100-200,50%-60%
Frozen Bottle,2026-07-31,WK 31,Race Course Road,In Store,Snacks,COCO,TN,757.4000000000001,197.52,37.900000000000006,954.9200000000001,0,4,20.684455242323963,189.35000000000002,100-200,20%-30%
Frozen Bottle,2026-07-31,WK 31,Race Course Road,Swiggy,Dinner,COCO,TN,4555.01,1885.99,0.0,6171.0,0,11,30.56214551936477,414.0918181818182,400-500,30%-40%
Frozen Bottle,2026-07-31,WK 31,Race Course Road,Swiggy,Late Night,COCO,TN,2384.0,1635.0,0.0,3869.0,0,9,42.25898164900491,264.8888888888889,200-300,40%-50%
Frozen Bottle,2026-07-31,WK 31,Race Course Road,Swiggy,Lunch,COCO,TN,1640.0,840.0,0.0,2400.0,0,5,35.0,328.0,300-400,30%-40%
Frozen Bottle,2026-07-31,WK 31,Race Course Road,Swiggy,Snacks,COCO,TN,2089.0,1349.0,0.0,3338.0,0,6,40.41342121030557,348.1666666666667,300-400,40%-50%
Frozen Bottle,2026-07-31,WK 31,Race Course Road,Zomato,Dinner,COCO,TN,1327.0,720.01,66.36,1987.01,0,3,36.23585185781652,442.3333333333333,400-500,30%-40%
Frozen Bottle,2026-07-31,WK 31,Race Course Road,Zomato,Late Night,COCO,TN,1155.0,604.99,57.78,1699.99,0,3,35.587856399155285,385.0,300-400,30%-40%
Frozen Bottle,2026-07-31,WK 31,Race Course Road,Zomato,Lunch,COCO,TN,749.0,670.0,37.46,1369.0,0,3,48.940832724616506,249.66666666666666,200-300,40%-50%
Frozen Bottle,2026-07-31,WK 31,Race Course Road,Zomato,Snacks,COCO,TN,510.0,337.0,25.5,817.0,0,2,41.2484700122399,255.0,200-300,40%-50%
Frozen Bottle,2026-07-31,WK 31,Raichur,In Store,Dinner,FOFO,KA,388.0,0.0,19.4,388.0,0,1,0.0,388.0,300-400,0%
Frozen Bottle,2026-07-31,WK 31,Raichur,In Store,Lunch,FOFO,KA,99.0,0.0,4.96,99.0,0,1,0.0,99.0,0-100,0%
Frozen Bottle,2026-07-31,WK 31,Raichur,Swiggy,Dinner,FOFO,KA,1069.0,0.0,53.480000000000004,1029.0,0,4,0.0,267.25,200-300,0%
Frozen Bottle,2026-07-31,WK 31,Raichur,Swiggy,Lunch,FOFO,KA,330.44,87.56,8.46,398.0,0,2,22.0,165.22,100-200,20%-30%
Frozen Bottle,2026-07-31,WK 31,Raichur,Swiggy,Snacks,FOFO,KA,300.0,0.0,15.0,290.0,0,1,0.0,300.0,200-300,0%
Frozen Bottle,2026-07-31,WK 31,Raipur-1,In Store,Dinner,FOFO,ROI,556.0,0.0,27.799999999999997,556.0,0,2,0.0,278.0,200-300,0%
Frozen Bottle,2026-07-31,WK 31,Raipur-1,In Store,Late Night,FOFO,ROI,2166.0,0.0,108.30000000000001,2166.0,0,2,0.0,1083.0,>900,0%
Frozen Bottle,2026-07-31,WK 31,Raipur-1,In Store,Snacks,FOFO,ROI,476.0,0.0,23.82,476.0,0,2,0.0,238.0,200-300,0%
Frozen Bottle,2026-07-31,WK 31,Raipur-1,Swiggy,Dinner,FOFO,ROI,461.0,0.0,0.0,441.0,0,1,0.0,461.0,400-500,0%
Frozen Bottle,2026-07-31,WK 31,Raipur-1,Swiggy,Late Night,FOFO,ROI,209.0,0.0,0.0,199.0,0,1,0.0,209.0,200-300,0%
Frozen Bottle,2026-07-31,WK 31,Raipur-1,Zomato,Dinner,FOFO,ROI,1039.2,139.8,51.980000000000004,1139.0,0,4,12.273924495171205,259.8,200-300,10%-20%
Frozen Bottle,2026-07-31,WK 31,Raipur-1,Zomato,Late Night,FOFO,ROI,540.0,100.0,27.0,620.0,0,2,16.129032258064516,270.0,200-300,10%-20%
Frozen Bottle,2026-07-31,WK 31,Raipur-1,Zomato,Lunch,FOFO,ROI,210.0,0.0,10.5,200.0,0,1,0.0,210.0,200-300,0%
Frozen Bottle,2026-07-31,WK 31,Raipur-1,Zomato,Snacks,FOFO,ROI,443.0,97.0,22.16,520.0,0,1,18.653846153846153,443.0,400-500,10%-20%
Frozen Bottle,2026-07-31,WK 31,Raipur-2,In Store,Dinner,FOFO,ROI,199.0,0.0,9.96,199.0,0,1,0.0,199.0,100-200,0%
Frozen Bottle,2026-07-31,WK 31,Raipur-2,Swiggy,Dinner,FOFO,ROI,439.0,150.0,0.0,569.0,0,2,26.36203866432337,219.5,200-300,20%-30%
Frozen Bottle,2026-07-31,WK 31,Raipur-2,Swiggy,Lunch,FOFO,ROI,268.0,1.0,0.0,269.0,0,1,0.37174721189591076,268.0,200-300,1%-10%
Frozen Bottle,2026-07-31,WK 31,Raipur-2,Swiggy,Snacks,FOFO,ROI,513.0,207.0,0.0,690.0,0,3,30.0,171.0,100-200,20%-30%
Frozen Bottle,2026-07-31,WK 31,Raipur-2,Zomato,Dinner,FOFO,ROI,321.0,0.0,16.06,311.0,0,1,0.0,321.0,300-400,0%
Frozen Bottle,2026-07-31,WK 31,Raipur-2,Zomato,Lunch,FOFO,ROI,709.0,41.0,35.46,720.0,0,1,5.694444444444445,709.0,600-900,1%-10%
Frozen Bottle,2026-07-31,WK 31,Raipur-2,Zomato,Snacks,FOFO,ROI,329.0,50.0,16.44,359.0,0,1,13.92757660167131,329.0,300-400,10%-20%
Frozen Bottle,2026-07-31,WK 31,Ramanathapuram,In Store,Dinner,FOFO,TN,3464.0,0.0,173.22,3464.0,0,6,0.0,577.3333333333334,500-600,0%
Frozen Bottle,2026-07-31,WK 31,Ramanathapuram,In Store,Lunch,FOFO,TN,1193.0,0.0,59.66,1193.0,0,3,0.0,397.6666666666667,300-400,0%
Frozen Bottle,2026-07-31,WK 31,Ramanathapuram,In Store,Snacks,FOFO,TN,2065.46,0.0,103.28,2065.46,0,4,0.0,516.365,500-600,0%
Frozen Bottle,2026-07-31,WK 31,Ramanathapuram,Zomato,Dinner,FOFO,TN,190.0,0.0,9.5,180.0,0,1,0.0,190.0,100-200,0%
Frozen Bottle,2026-07-31,WK 31,Ramanathapuram,Zomato,Lunch,FOFO,TN,449.3,59.7,22.46,489.0,0,2,12.208588957055214,224.65,200-300,10%-20%
Frozen Bottle,2026-07-31,WK 31,Ramanathapuram,Zomato,Snacks,FOFO,TN,979.0,300.0,48.94,1229.0,0,2,24.410089503661514,489.5,400-500,20%-30%
Frozen Bottle,2026-07-31,WK 31,Ranchi,In Store,Dinner,FOFO,ROI,1721.0,0.0,86.06,1721.0,0,5,0.0,344.2,300-400,0%
Frozen Bottle,2026-07-31,WK 31,Ranchi,In Store,Snacks,FOFO,ROI,625.0,0.0,31.26,625.0,0,3,0.0,208.33333333333334,200-300,0%
Frozen Bottle,2026-07-31,WK 31,Ranchi,Swiggy,Snacks,FOFO,ROI,300.0,40.0,0.0,330.0,0,1,12.121212121212121,300.0,200-300,10%-20%
Frozen Bottle,2026-07-31,WK 31,Ranchi,Zomato,Dinner,FOFO,ROI,521.0,0.0,26.060000000000002,501.0,0,2,0.0,260.5,200-300,0%
Frozen Bottle,2026-07-31,WK 31,Ranchi,Zomato,Lunch,FOFO,ROI,761.0,300.0,38.04,1011.0,0,3,29.673590504451035,253.66666666666666,200-300,20%-30%
Frozen Bottle,2026-07-31,WK 31,Ranchi,Zomato,Snacks,FOFO,ROI,240.0,0.0,12.0,230.0,0,1,0.0,240.0,200-300,0%
Frozen Bottle,2026-07-31,WK 31,Ravipuram,In Store,Dinner,COCO,Kerela,715.0,0.0,35.76,715.0,0,3,0.0,238.33333333333334,200-300,0%
Frozen Bottle,2026-07-31,WK 31,Ravipuram,In Store,Lunch,COCO,Kerela,4581.0,0.0,229.2,4581.0,0,19,0.0,241.10526315789474,200-300,0%
Frozen Bottle,2026-07-31,WK 31,Ravipuram,In Store,Snacks,COCO,Kerela,2759.23,0.0,138.01999999999998,2759.23,0,8,0.0,344.90375,300-400,0%
Frozen Bottle,2026-07-31,WK 31,Ravipuram,Swiggy,Breakfast,COCO,Kerela,803.4,775.6,0.0,1509.0,0,4,51.398277004638835,200.85,200-300,50%-60%
Frozen Bottle,2026-07-31,WK 31,Ravipuram,Swiggy,Closing,COCO,Kerela,327.2,342.8,0.0,640.0,0,2,53.5625,163.6,100-200,50%-60%
Frozen Bottle,2026-07-31,WK 31,Ravipuram,Swiggy,Dinner,COCO,Kerela,5964.68,2998.49,0.0,8603.17,0,16,34.85331569642353,372.7925,300-400,30%-40%
Frozen Bottle,2026-07-31,WK 31,Ravipuram,Swiggy,Late Night,COCO,Kerela,2692.21,1186.97,0.0,3729.18,0,8,31.829249325589004,336.52625,300-400,30%-40%
Frozen Bottle,2026-07-31,WK 31,Ravipuram,Swiggy,Lunch,COCO,Kerela,2249.2,1172.8,0.0,3322.0,0,9,35.30403371462974,249.9111111111111,200-300,30%-40%
Frozen Bottle,2026-07-31,WK 31,Ravipuram,Swiggy,Snacks,COCO,Kerela,1983.2,1322.12,0.0,3165.32,0,11,41.76892067784615,180.29090909090908,100-200,40%-50%
Frozen Bottle,2026-07-31,WK 31,Ravipuram,Zomato,Dinner,COCO,Kerela,1372.0,825.0,68.62,2127.0,0,6,38.787023977433,228.66666666666666,200-300,30%-40%
Frozen Bottle,2026-07-31,WK 31,Ravipuram,Zomato,Late Night,COCO,Kerela,1141.1100000000001,566.07,57.1,1627.1799999999998,0,5,34.78840693715509,228.22200000000004,200-300,30%-40%
Frozen Bottle,2026-07-31,WK 31,Ravipuram,Zomato,Lunch,COCO,Kerela,1159.9,741.1,58.02,1841.0,0,4,40.25529603476372,289.975,200-300,40%-50%
Frozen Bottle,2026-07-31,WK 31,Ravipuram,Zomato,Snacks,COCO,Kerela,348.0,270.0,17.4,598.0,0,2,45.1505016722408,174.0,100-200,40%-50%
Frozen Bottle,2026-07-31,WK 31,SEAWOOD,In Store,Dinner,COCO,MH,727.0,0.0,36.38,727.0,0,3,0.0,242.33333333333334,200-300,0%
Frozen Bottle,2026-07-31,WK 31,SEAWOOD,In Store,Late Night,COCO,MH,447.0,0.0,22.36,447.0,0,2,0.0,223.5,200-300,0%
Frozen Bottle,2026-07-31,WK 31,SEAWOOD,In Store,Lunch,COCO,MH,354.44,157.79000000000002,17.740000000000002,512.23,0,4,30.80452140639947,88.61,0-100,30%-40%
Frozen Bottle,2026-07-31,WK 31,SEAWOOD,In Store,Snacks,COCO,MH,1253.0,0.0,62.68,1253.0,0,5,0.0,250.6,200-300,0%
Frozen Bottle,2026-07-31,WK 31,SEAWOOD,Swiggy,Dinner,COCO,MH,2444.0,1564.66,0.0,3858.66,0,9,40.54930986404607,271.55555555555554,200-300,40%-50%
Frozen Bottle,2026-07-31,WK 31,SEAWOOD,Swiggy,Late Night,COCO,MH,1339.4,1100.6,0.0,2350.0,0,6,46.83404255319149,223.23333333333335,200-300,40%-50%
Frozen Bottle,2026-07-31,WK 31,SEAWOOD,Swiggy,Lunch,COCO,MH,822.0,576.0,0.0,1348.0,0,4,42.72997032640949,205.5,200-300,40%-50%
Frozen Bottle,2026-07-31,WK 31,SEAWOOD,Swiggy,Snacks,COCO,MH,711.22,716.0600000000001,0.0,1367.28,0,5,52.37113100462232,142.244,100-200,50%-60%
Frozen Bottle,2026-07-31,WK 31,SEAWOOD,Zomato,Dinner,COCO,MH,1651.6,945.73,82.62,2517.33,0,6,37.568773263735785,275.26666666666665,200-300,30%-40%
Frozen Bottle,2026-07-31,WK 31,SEAWOOD,Zomato,Late Night,COCO,MH,385.0,275.0,19.259999999999998,640.0,0,2,42.96875,192.5,100-200,40%-50%
Frozen Bottle,2026-07-31,WK 31,SEAWOOD,Zomato,Lunch,COCO,MH,993.0,615.0,49.66,1548.0,0,2,39.72868217054263,496.5,400-500,30%-40%
Frozen Bottle,2026-07-31,WK 31,SEAWOOD,Zomato,Snacks,COCO,MH,1081.4,631.6,54.08,1643.0,0,4,38.4418746195983,270.35,200-300,30%-40%
Frozen Bottle,2026-07-31,WK 31,Sahakarnagar,In Store,Closing,FOFO,KA,953.0,0.0,47.66,953.0,0,1,0.0,953.0,>900,0%
Frozen Bottle,2026-07-31,WK 31,Sahakarnagar,In Store,Dinner,FOFO,KA,3483.0,0.0,174.16,3483.0,0,8,0.0,435.375,400-500,0%
Frozen Bottle,2026-07-31,WK 31,Sahakarnagar,In Store,Lunch,FOFO,KA,665.0,0.0,33.26,665.0,0,2,0.0,332.5,300-400,0%
Frozen Bottle,2026-07-31,WK 31,Sahakarnagar,In Store,Snacks,FOFO,KA,1006.5,69.0,50.34,1075.5,0,2,6.4156206415620645,503.25,500-600,1%-10%
Frozen Bottle,2026-07-31,WK 31,Sahakarnagar,Swiggy,Closing,FOFO,KA,310.0,0.0,0.0,300.0,0,1,0.0,310.0,300-400,0%
Frozen Bottle,2026-07-31,WK 31,Sahakarnagar,Swiggy,Dinner,FOFO,KA,1322.0,112.0,0.0,1394.0,0,4,8.034433285509325,330.5,300-400,1%-10%
Frozen Bottle,2026-07-31,WK 31,Sahakarnagar,Swiggy,Late Night,FOFO,KA,159.0,152.0,0.0,311.0,0,1,48.87459807073955,159.0,100-200,40%-50%
Frozen Bottle,2026-07-31,WK 31,Sahakarnagar,Swiggy,Lunch,FOFO,KA,279.0,151.0,0.0,430.0,0,1,35.116279069767444,279.0,200-300,30%-40%
Frozen Bottle,2026-07-31,WK 31,Sahakarnagar,Swiggy,Snacks,FOFO,KA,299.0,0.0,0.0,289.0,0,1,0.0,299.0,200-300,0%
Frozen Bottle,2026-07-31,WK 31,Sahakarnagar,Zomato,Dinner,FOFO,KA,300.0,0.0,15.0,290.0,0,1,0.0,300.0,200-300,0%
Frozen Bottle,2026-07-31,WK 31,Sahakarnagar,Zomato,Late Night,FOFO,KA,815.0,54.0,40.78,839.0,0,2,6.436233611442193,407.5,400-500,1%-10%
Frozen Bottle,2026-07-31,WK 31,Sahakarnagar,Zomato,Lunch,FOFO,KA,399.43,22.57,19.98,402.0,0,1,5.614427860696517,399.43,300-400,1%-10%
Frozen Bottle,2026-07-31,WK 31,Sahakarnagar,Zomato,Snacks,FOFO,KA,1265.9,485.1,63.3,1701.0,0,2,28.51851851851852,632.95,600-900,20%-30%
Frozen Bottle,2026-07-31,WK 31,Saharanpur,In Store,Dinner,FOFO,ROI,117.0,0.0,5.859999999999999,117.0,0,2,0.0,58.5,0-100,0%
Frozen Bottle,2026-07-31,WK 31,Saharanpur,In Store,Snacks,FOFO,ROI,666.0,0.0,33.32,666.0,0,2,0.0,333.0,300-400,0%
Frozen Bottle,2026-07-31,WK 31,Salem,In Store,Dinner,FOFO,TN,3418.0,0.0,170.98000000000002,3418.0,0,12,0.0,284.8333333333333,200-300,0%
Frozen Bottle,2026-07-31,WK 31,Salem,In Store,Lunch,FOFO,TN,387.0,0.0,19.36,387.0,0,2,0.0,193.5,100-200,0%
Frozen Bottle,2026-07-31,WK 31,Salem,In Store,Snacks,FOFO,TN,1629.0,0.0,81.5,1629.0,0,7,0.0,232.71428571428572,200-300,0%
Frozen Bottle,2026-07-31,WK 31,Salem,Swiggy,Dinner,FOFO,TN,610.0,0.0,0.0,590.0,0,2,0.0,305.0,300-400,0%
Frozen Bottle,2026-07-31,WK 31,Salem,Swiggy,Lunch,FOFO,TN,431.0,0.0,0.0,411.0,0,1,0.0,431.0,400-500,0%
Frozen Bottle,2026-07-31,WK 31,Salem,Swiggy,Snacks,FOFO,TN,611.0,0.0,0.0,591.0,0,1,0.0,611.0,600-900,0%
Frozen Bottle,2026-07-31,WK 31,Salem,Zomato,Dinner,FOFO,TN,2138.2,57.8,106.96000000000001,2126.0,0,5,2.718720602069614,427.64,400-500,1%-10%
Frozen Bottle,2026-07-31,WK 31,Salem,Zomato,Lunch,FOFO,TN,321.0,0.0,16.06,311.0,0,1,0.0,321.0,300-400,0%
Frozen Bottle,2026-07-31,WK 31,Salem,Zomato,Snacks,FOFO,TN,897.1,61.9,44.86,929.0,0,3,6.663078579117331,299.03333333333336,200-300,1%-10%
Frozen Bottle,2026-07-31,WK 31,Saravanampatti,In Store,Dinner,FOFO,TN,2575.0,0.0,128.84,2575.0,0,12,0.0,214.58333333333334,200-300,0%
Frozen Bottle,2026-07-31,WK 31,Saravanampatti,In Store,Lunch,FOFO,TN,1075.0,0.0,53.78,1075.0,0,4,0.0,268.75,200-300,0%
Frozen Bottle,2026-07-31,WK 31,Saravanampatti,In Store,Snacks,FOFO,TN,1640.0,0.0,82.03999999999999,1640.0,0,7,0.0,234.28571428571428,200-300,0%
Frozen Bottle,2026-07-31,WK 31,Saravanampatti,Swiggy,Dinner,FOFO,TN,2142.44,479.56,0.0,2522.0,0,4,19.015067406819984,535.61,500-600,10%-20%
Frozen Bottle,2026-07-31,WK 31,Saravanampatti,Swiggy,Lunch,FOFO,TN,449.0,0.0,0.0,429.0,0,1,0.0,449.0,400-500,0%
Frozen Bottle,2026-07-31,WK 31,Saravanampatti,Zomato,Dinner,FOFO,TN,349.0,0.0,17.46,339.0,0,1,0.0,349.0,300-400,0%
Frozen Bottle,2026-07-31,WK 31,Saravanampatti,Zomato,Lunch,FOFO,TN,747.0,0.0,37.38,717.0,0,1,0.0,747.0,600-900,0%
Frozen Bottle,2026-07-31,WK 31,Saravanampatti,Zomato,Snacks,FOFO,TN,190.0,0.0,9.5,180.0,0,1,0.0,190.0,100-200,0%
Frozen Bottle,2026-07-31,WK 31,Sarjapur Road,Ownly,Late Night,COCO,KA,224.0,0.0,11.2,224.0,0,1,0.0,224.0,200-300,0%
Frozen Bottle,2026-07-31,WK 31,Sarjapur Road,Swiggy,Dinner,COCO,KA,3571.57,1733.43,0.0,5095.0,0,16,34.02217860647694,223.223125,200-300,30%-40%
Frozen Bottle,2026-07-31,WK 31,Sarjapur Road,Swiggy,Late Night,COCO,KA,2474.0,1074.0,0.0,3418.0,0,9,31.421884142773553,274.8888888888889,200-300,30%-40%
Frozen Bottle,2026-07-31,WK 31,Sarjapur Road,Swiggy,Lunch,COCO,KA,893.0,735.0,0.0,1578.0,0,4,46.57794676806083,223.25,200-300,40%-50%
Frozen Bottle,2026-07-31,WK 31,Sarjapur Road,Swiggy,Snacks,COCO,KA,1796.4,1118.93,0.0,2775.33,0,8,40.317007346874064,224.55,200-300,40%-50%
Frozen Bottle,2026-07-31,WK 31,Sarjapur Road,Zomato,Breakfast,COCO,KA,190.0,180.0,9.5,360.0,0,1,50.0,190.0,100-200,40%-50%
Frozen Bottle,2026-07-31,WK 31,Sarjapur Road,Zomato,Dinner,COCO,KA,1288.0,1138.0,64.42,2336.0,0,8,48.715753424657535,161.0,100-200,40%-50%
Frozen Bottle,2026-07-31,WK 31,Sarjapur Road,Zomato,Late Night,COCO,KA,2357.3,739.7,117.86,2987.0,0,8,24.763977234683633,294.6625,200-300,20%-30%
Frozen Bottle,2026-07-31,WK 31,Sarjapur Road,Zomato,Lunch,COCO,KA,511.0,300.0,25.560000000000002,781.0,0,2,38.41229193341869,255.5,200-300,30%-40%
Frozen Bottle,2026-07-31,WK 31,Sarjapur Road,Zomato,Snacks,COCO,KA,792.7,310.3,39.66,1063.0,0,3,29.19096895578551,264.23333333333335,200-300,20%-30%
Frozen Bottle,2026-07-31,WK 31,Sarjapura 3,In Store,Dinner,FOFO,KA,704.5,0.0,35.24,704.5,0,4,0.0,176.125,100-200,0%
Frozen Bottle,2026-07-31,WK 31,Sarjapura 3,In Store,Lunch,FOFO,KA,513.0,0.0,25.66,513.0,0,2,0.0,256.5,200-300,0%
Frozen Bottle,2026-07-31,WK 31,Sarjapura 3,In Store,Snacks,FOFO,KA,365.0,0.0,18.26,365.0,0,2,0.0,182.5,100-200,0%
Frozen Bottle,2026-07-31,WK 31,Sarjapura 3,Swiggy,Dinner,FOFO,KA,1333.34,71.84,0.0,1345.1799999999998,0,4,5.340549220178713,333.335,300-400,1%-10%
Frozen Bottle,2026-07-31,WK 31,Sarjapura 3,Swiggy,Late Night,FOFO,KA,1833.02,259.98,0.0,2023.0,0,3,12.851211072664363,611.0066666666667,600-900,10%-20%
Frozen Bottle,2026-07-31,WK 31,Sarjapura 3,Swiggy,Lunch,FOFO,KA,201.0,228.0,0.0,429.0,0,1,53.14685314685315,201.0,200-300,50%-60%
Frozen Bottle,2026-07-31,WK 31,Sarjapura 3,Swiggy,Snacks,FOFO,KA,1243.02,219.98,0.0,1413.0,0,2,15.568294409058739,621.51,600-900,10%-20%
Frozen Bottle,2026-07-31,WK 31,Sarjapura 3,Zomato,Dinner,FOFO,KA,3092.0,0.0,154.66,2982.0,0,4,0.0,773.0,600-900,0%
Frozen Bottle,2026-07-31,WK 31,Sarjapura 3,Zomato,Late Night,FOFO,KA,943.0,60.0,47.16,943.0,0,2,6.362672322375397,471.5,400-500,1%-10%
Frozen Bottle,2026-07-31,WK 31,Sarjapura 3,Zomato,Lunch,FOFO,KA,349.0,200.0,17.46,529.0,0,2,37.80718336483932,174.5,100-200,30%-40%
Frozen Bottle,2026-07-31,WK 31,Sarjapura 3,Zomato,Snacks,FOFO,KA,298.0,0.0,14.9,288.0,0,1,0.0,298.0,200-300,0%
Frozen Bottle,2026-07-31,WK 31,Sathanur,In Store,Dinner,FOFO,KA,4072.0,0.0,203.64,4072.0,0,10,0.0,407.2,400-500,0%
Frozen Bottle,2026-07-31,WK 31,Sathanur,In Store,Snacks,FOFO,KA,229.0,0.0,11.46,229.0,0,1,0.0,229.0,200-300,0%
Frozen Bottle,2026-07-31,WK 31,Sathanur,Swiggy,Closing,FOFO,KA,189.0,169.0,0.0,358.0,0,1,47.20670391061452,189.0,100-200,40%-50%
Frozen Bottle,2026-07-31,WK 31,Sathanur,Swiggy,Dinner,FOFO,KA,2828.1800000000003,943.48,0.0,3651.66,0,8,25.83701658971536,353.52250000000004,300-400,20%-30%
Frozen Bottle,2026-07-31,WK 31,Sathanur,Swiggy,Late Night,FOFO,KA,2051.01,786.3199999999999,0.0,2757.33,0,7,28.51744259845575,293.0014285714286,200-300,20%-30%
Frozen Bottle,2026-07-31,WK 31,Sathanur,Swiggy,Snacks,FOFO,KA,228.0,181.0,0.0,409.0,0,1,44.25427872860636,228.0,200-300,40%-50%
Frozen Bottle,2026-07-31,WK 31,Sathanur,Zomato,Breakfast,FOFO,KA,184.0,125.0,9.2,299.0,0,1,41.80602006688963,184.0,100-200,40%-50%
Frozen Bottle,2026-07-31,WK 31,Sathanur,Zomato,Closing,FOFO,KA,109.0,100.0,5.46,199.0,0,1,50.25125628140703,109.0,100-200,50%-60%
Frozen Bottle,2026-07-31,WK 31,Sathanur,Zomato,Dinner,FOFO,KA,2557.15,984.7,127.88,3411.85,0,10,28.86117502234858,255.715,200-300,20%-30%
Frozen Bottle,2026-07-31,WK 31,Sathanur,Zomato,Late Night,FOFO,KA,1773.3,353.7,88.7,2047.0,0,6,17.27894479726429,295.55,200-300,10%-20%
Frozen Bottle,2026-07-31,WK 31,Sathanur,Zomato,Lunch,FOFO,KA,424.0,125.0,21.2,529.0,0,1,23.629489603024574,424.0,400-500,20%-30%
Frozen Bottle,2026-07-31,WK 31,Sathanur,Zomato,Snacks,FOFO,KA,409.0,220.0,20.46,599.0,0,3,36.727879799666105,136.33333333333334,100-200,30%-40%
Frozen Bottle,2026-07-31,WK 31,Seegehalli,In Store,Closing,FOFO,KA,39.0,0.0,1.96,39.0,0,1,0.0,39.0,0-100,0%
Frozen Bottle,2026-07-31,WK 31,Seegehalli,In Store,Dinner,FOFO,KA,3490.23,0.0,174.62,3490.23,0,15,0.0,232.682,200-300,0%
Frozen Bottle,2026-07-31,WK 31,Seegehalli,In Store,Lunch,FOFO,KA,342.23,0.0,17.14,342.23,0,3,0.0,114.07666666666667,100-200,0%
Frozen Bottle,2026-07-31,WK 31,Seegehalli,In Store,Snacks,FOFO,KA,629.23,0.0,31.52,629.23,0,6,0.0,104.87166666666667,100-200,0%
Frozen Bottle,2026-07-31,WK 31,Seegehalli,Swiggy,Dinner,FOFO,KA,1151.01,268.99,0.0,1390.0,0,2,19.351798561151078,575.505,500-600,10%-20%
Frozen Bottle,2026-07-31,WK 31,Seegehalli,Zomato,Dinner,FOFO,KA,1571.27,604.28,78.60000000000001,2075.55,0,7,29.1142106911421,224.46714285714285,200-300,20%-30%
Frozen Bottle,2026-07-31,WK 31,Seegehalli,Zomato,Lunch,FOFO,KA,730.5,137.5,36.54,828.0,0,3,16.606280193236714,243.5,200-300,10%-20%
Frozen Bottle,2026-07-31,WK 31,Selaiyur,In Store,Breakfast,FOFO,TN,228.0,0.0,11.4,228.0,0,1,0.0,228.0,200-300,0%
Frozen Bottle,2026-07-31,WK 31,Selaiyur,In Store,Dinner,FOFO,TN,2281.0,0.0,114.1,2281.0,0,8,0.0,285.125,200-300,0%
Frozen Bottle,2026-07-31,WK 31,Selaiyur,In Store,Late Night,FOFO,TN,886.0,0.0,44.3,886.0,0,1,0.0,886.0,600-900,0%
Frozen Bottle,2026-07-31,WK 31,Selaiyur,In Store,Lunch,FOFO,TN,1092.0,0.0,54.620000000000005,1092.0,0,4,0.0,273.0,200-300,0%
Frozen Bottle,2026-07-31,WK 31,Selaiyur,In Store,Snacks,FOFO,TN,378.0,0.0,18.92,378.0,0,2,0.0,189.0,100-200,0%
Frozen Bottle,2026-07-31,WK 31,Selaiyur,Swiggy,Dinner,FOFO,TN,1450.0,160.0,0.0,1560.0,0,5,10.256410256410255,290.0,200-300,10%-20%
Frozen Bottle,2026-07-31,WK 31,Selaiyur,Swiggy,Late Night,FOFO,TN,431.0,40.0,0.0,451.0,0,2,8.869179600886918,215.5,200-300,1%-10%
Frozen Bottle,2026-07-31,WK 31,Selaiyur,Swiggy,Lunch,FOFO,TN,290.0,0.0,0.0,280.0,0,1,0.0,290.0,200-300,0%
Frozen Bottle,2026-07-31,WK 31,Selaiyur,Swiggy,Snacks,FOFO,TN,512.2,36.8,0.0,529.0,0,2,6.956521739130435,256.1,200-300,1%-10%
Frozen Bottle,2026-07-31,WK 31,Selaiyur,Zomato,Dinner,FOFO,TN,580.0,0.0,29.0,560.0,0,2,0.0,290.0,200-300,0%
Frozen Bottle,2026-07-31,WK 31,Selaiyur,Zomato,Late Night,FOFO,TN,284.56,55.44,14.22,330.0,0,1,16.799999999999997,284.56,200-300,10%-20%
Frozen Bottle,2026-07-31,WK 31,Selaiyur,Zomato,Lunch,FOFO,TN,209.0,100.0,10.46,299.0,0,1,33.44481605351171,209.0,200-300,30%-40%
Frozen Bottle,2026-07-31,WK 31,Sher- E-Punjab,Swiggy,Dinner,COCO,MH,1558.01,818.99,0.0,2297.0,0,7,35.65476708750544,222.57285714285715,200-300,30%-40%
Frozen Bottle,2026-07-31,WK 31,Sher- E-Punjab,Swiggy,Late Night,COCO,MH,786.2,354.8,0.0,1101.0,0,4,32.225249772933694,196.55,100-200,30%-40%
Frozen Bottle,2026-07-31,WK 31,Sher- E-Punjab,Swiggy,Lunch,COCO,MH,903.0,838.0,0.0,1681.0,0,3,49.851279000594886,301.0,300-400,40%-50%
Frozen Bottle,2026-07-31,WK 31,Sher- E-Punjab,Swiggy,Snacks,COCO,MH,2242.2,1955.8,0.0,4038.0,0,6,48.43486874690441,373.7,300-400,40%-50%
Frozen Bottle,2026-07-31,WK 31,Sher- E-Punjab,Zomato,Dinner,COCO,MH,197.33,135.0,9.88,312.33,0,1,43.22351359139372,197.33,100-200,40%-50%
Frozen Bottle,2026-07-31,WK 31,Sher- E-Punjab,Zomato,Snacks,COCO,MH,260.0,240.0,13.02,480.0,0,2,50.0,130.0,100-200,40%-50%
Frozen Bottle,2026-07-31,WK 31,Shivamogga,In Store,Dinner,COCO,KA,626.0,50.0,31.32,676.0,0,3,7.396449704142012,208.66666666666666,200-300,1%-10%
Frozen Bottle,2026-07-31,WK 31,Shivamogga,In Store,Snacks,COCO,KA,644.0,0.0,32.22,644.0,0,3,0.0,214.66666666666666,200-300,0%
Frozen Bottle,2026-07-31,WK 31,Shivamogga,Swiggy,Dinner,COCO,KA,512.24,87.75999999999999,0.0,580.0,0,2,15.131034482758619,256.12,200-300,10%-20%
Frozen Bottle,2026-07-31,WK 31,Shivamogga,Swiggy,Snacks,COCO,KA,1804.4,843.6,0.0,2558.0,0,6,32.97888975762314,300.73333333333335,300-400,30%-40%
Frozen Bottle,2026-07-31,WK 31,Sholinganallur,In Store,Dinner,FOFO,TN,7505.78,0.0,375.46000000000004,7505.78,0,33,0.0,227.44787878787878,200-300,0%
Frozen Bottle,2026-07-31,WK 31,Sholinganallur,In Store,Late Night,FOFO,TN,2262.0,0.0,113.14,2262.0,0,10,0.0,226.2,200-300,0%
Frozen Bottle,2026-07-31,WK 31,Sholinganallur,In Store,Lunch,FOFO,TN,2147.46,0.0,107.4,2147.46,0,7,0.0,306.78000000000003,300-400,0%
Frozen Bottle,2026-07-31,WK 31,Sholinganallur,In Store,Snacks,FOFO,TN,1945.5,0.0,97.32000000000001,1945.5,0,9,0.0,216.16666666666666,200-300,0%
Frozen Bottle,2026-07-31,WK 31,Sholinganallur,Swiggy,Dinner,FOFO,TN,1815.3,514.7,0.0,2230.0,0,5,23.08071748878924,363.06,300-400,20%-30%
Frozen Bottle,2026-07-31,WK 31,Sholinganallur,Swiggy,Late Night,FOFO,TN,460.01,239.99,0.0,670.0,0,1,35.819402985074625,460.01,400-500,30%-40%
Frozen Bottle,2026-07-31,WK 31,Sholinganallur,Swiggy,Lunch,FOFO,TN,599.0,150.0,0.0,729.0,0,2,20.5761316872428,299.5,200-300,20%-30%
Frozen Bottle,2026-07-31,WK 31,Sholinganallur,Swiggy,Snacks,FOFO,TN,1400.9299999999998,538.0699999999999,0.0,1869.0,0,4,28.78919208132691,350.23249999999996,300-400,20%-30%
Frozen Bottle,2026-07-31,WK 31,Sholinganallur,Zomato,Dinner,FOFO,TN,2930.85,0.0,146.58,2820.85,0,5,0.0,586.17,500-600,0%
Frozen Bottle,2026-07-31,WK 31,Sholinganallur,Zomato,Late Night,FOFO,TN,490.0,0.0,24.52,470.0,0,1,0.0,490.0,400-500,0%
Frozen Bottle,2026-07-31,WK 31,Sholinganallur,Zomato,Lunch,FOFO,TN,901.0,150.0,45.06,1021.0,0,2,14.691478942213514,450.5,400-500,10%-20%
Frozen Bottle,2026-07-31,WK 31,Sholinganallur,Zomato,Snacks,FOFO,TN,1489.0,60.0,74.46000000000001,1499.0,0,4,4.0026684456304205,372.25,300-400,1%-10%
Frozen Bottle,2026-07-31,WK 31,Silchar,In Store,Dinner,FOFO,ROI,69.0,0.0,3.46,69.0,0,1,0.0,69.0,0-100,0%
Frozen Bottle,2026-07-31,WK 31,Silchar,Swiggy,Snacks,FOFO,ROI,341.0,0.0,0.0,331.0,0,1,0.0,341.0,300-400,0%
Frozen Bottle,2026-07-31,WK 31,Silchar,Zomato,Dinner,FOFO,ROI,502.0,125.0,25.1,597.0,0,1,20.938023450586265,502.0,500-600,20%-30%
Frozen Bottle,2026-07-31,WK 31,Silchar,Zomato,Lunch,FOFO,ROI,200.0,80.0,10.0,270.0,0,1,29.629629629629626,200.0,100-200,20%-30%
Frozen Bottle,2026-07-31,WK 31,Silchar,Zomato,Snacks,FOFO,ROI,216.1,22.9,10.8,229.0,0,1,10.0,216.1,200-300,1%-10%
Frozen Bottle,2026-07-31,WK 31,Sinhagad,In Store,Dinner,COCO,MH,694.81,486.19,34.76,1181.0,0,9,41.167654530059274,77.2011111111111,0-100,40%-50%
Frozen Bottle,2026-07-31,WK 31,Sinhagad,In Store,Snacks,COCO,MH,225.89,201.11,11.280000000000001,427.0,0,3,47.09836065573771,75.29666666666667,0-100,40%-50%
Frozen Bottle,2026-07-31,WK 31,Sinhagad,Others,Dinner,COCO,MH,136.9,233.1,6.84,360.0,0,1,64.75,136.9,100-200,60%-70%
Frozen Bottle,2026-07-31,WK 31,Sinhagad,Swiggy,Dinner,COCO,MH,4476.2,2135.46,0.0,6401.66,0,15,33.35791029201801,298.4133333333333,200-300,30%-40%
Frozen Bottle,2026-07-31,WK 31,Sinhagad,Swiggy,Late Night,COCO,MH,1427.0,668.33,0.0,2005.33,0,3,33.327681728194364,475.6666666666667,400-500,30%-40%
Frozen Bottle,2026-07-31,WK 31,Sinhagad,Swiggy,Lunch,COCO,MH,546.0,337.33000000000004,0.0,883.3299999999999,0,2,38.18844599413583,273.0,200-300,30%-40%
Frozen Bottle,2026-07-31,WK 31,Sinhagad,Swiggy,Snacks,COCO,MH,244.0,96.0,0.0,330.0,0,1,29.09090909090909,244.0,200-300,20%-30%
Frozen Bottle,2026-07-31,WK 31,Sinhagad,Zomato,Dinner,COCO,MH,3246.83,1925.5,162.38,4982.33,0,9,38.64657700312905,360.75888888888886,300-400,30%-40%
Frozen Bottle,2026-07-31,WK 31,Sinhagad,Zomato,Lunch,COCO,MH,764.5,625.5,38.260000000000005,1340.0,0,3,46.679104477611936,254.83333333333334,200-300,40%-50%
Frozen Bottle,2026-07-31,WK 31,Sinhagad,Zomato,Snacks,COCO,MH,1748.5,1644.5,87.48,3283.0,0,10,50.09137983551629,174.85,100-200,50%-60%
Frozen Bottle,2026-07-31,WK 31,Tata Sherwood,In Store,Dinner,COCO,KA,4071.39,525.24,203.66,4596.63,0,24,11.426632119618068,169.64124999999999,100-200,10%-20%
Frozen Bottle,2026-07-31,WK 31,Tata Sherwood,In Store,Late Night,COCO,KA,594.0,0.0,29.7,594.0,0,2,0.0,297.0,200-300,0%
Frozen Bottle,2026-07-31,WK 31,Tata Sherwood,In Store,Lunch,COCO,KA,1386.12,63.88,69.32000000000001,1450.0,0,6,4.405517241379311,231.01999999999998,200-300,1%-10%
Frozen Bottle,2026-07-31,WK 31,Tata Sherwood,In Store,Snacks,COCO,KA,1549.71,63.04,77.53999999999999,1612.75,0,10,3.908851340877383,154.971,100-200,1%-10%
Frozen Bottle,2026-07-31,WK 31,Tata Sherwood,Ownly,Snacks,COCO,KA,265.0,0.0,13.26,265.0,0,1,0.0,265.0,200-300,0%
Frozen Bottle,2026-07-31,WK 31,Tata Sherwood,Swiggy,Breakfast,COCO,KA,178.0,112.0,0.0,280.0,0,1,40.0,178.0,100-200,30%-40%
Frozen Bottle,2026-07-31,WK 31,Tata Sherwood,Swiggy,Dinner,COCO,KA,7605.68,4322.64,0.0,11478.32,0,34,37.65916963458068,223.69647058823531,200-300,30%-40%
Frozen Bottle,2026-07-31,WK 31,Tata Sherwood,Swiggy,Late Night,COCO,KA,761.0,365.0,0.0,1096.0,0,3,33.3029197080292,253.66666666666666,200-300,30%-40%
Frozen Bottle,2026-07-31,WK 31,Tata Sherwood,Swiggy,Lunch,COCO,KA,615.0,323.0,0.0,908.0,0,3,35.5726872246696,205.0,200-300,30%-40%
Frozen Bottle,2026-07-31,WK 31,Tata Sherwood,Swiggy,Snacks,COCO,KA,2515.56,557.44,0.0,2963.0,0,7,18.81336483293959,359.36571428571426,300-400,10%-20%
Frozen Bottle,2026-07-31,WK 31,Tata Sherwood,Zomato,Dinner,COCO,KA,5708.69,4956.3,285.52,10304.99,0,25,48.09611654159781,228.34759999999997,200-300,40%-50%
Frozen Bottle,2026-07-31,WK 31,Tata Sherwood,Zomato,Late Night,COCO,KA,782.0,0.0,39.1,762.0,0,1,0.0,782.0,600-900,0%
Frozen Bottle,2026-07-31,WK 31,Tata Sherwood,Zomato,Lunch,COCO,KA,1450.7,948.3,72.56,2309.0,0,5,41.06972715461239,290.14,200-300,40%-50%
Frozen Bottle,2026-07-31,WK 31,Tata Sherwood,Zomato,Snacks,COCO,KA,1175.5,1060.5,58.8,2146.0,0,6,49.4175209692451,195.91666666666666,100-200,40%-50%
Frozen Bottle,2026-07-31,WK 31,Thakur Village,In Store,Breakfast,COCO,MH,130.18,167.82,6.5,298.0,0,2,56.31543624161074,65.09,0-100,50%-60%
Frozen Bottle,2026-07-31,WK 31,Thakur Village,In Store,Dinner,COCO,MH,1082.39,407.61,54.14,1490.0,0,9,27.356375838926176,120.26555555555557,100-200,20%-30%
Frozen Bottle,2026-07-31,WK 31,Thakur Village,In Store,Lunch,COCO,MH,134.85,192.15,6.76,327.0,0,3,58.76146788990826,44.949999999999996,0-100,50%-60%
Frozen Bottle,2026-07-31,WK 31,Thakur Village,In Store,Snacks,COCO,MH,876.0,0.0,43.8,876.0,0,2,0.0,438.0,400-500,0%
Frozen Bottle,2026-07-31,WK 31,Thakur Village,Swiggy,Closing,COCO,MH,964.0,473.0,0.0,1387.0,0,3,34.10237923576063,321.3333333333333,300-400,30%-40%
Frozen Bottle,2026-07-31,WK 31,Thakur Village,Swiggy,Dinner,COCO,MH,1041.0,717.0,0.0,1688.0,0,3,42.476303317535546,347.0,300-400,40%-50%
Frozen Bottle,2026-07-31,WK 31,Thakur Village,Swiggy,Lunch,COCO,MH,209.0,80.0,0.0,289.0,0,1,27.68166089965398,209.0,200-300,20%-30%
Frozen Bottle,2026-07-31,WK 31,Thakur Village,Swiggy,Snacks,COCO,MH,672.76,505.24,0.0,1138.0,0,4,44.39718804920914,168.19,100-200,40%-50%
Frozen Bottle,2026-07-31,WK 31,Thakur Village,Zomato,Dinner,COCO,MH,3890.0,2552.01,194.56,6232.01,0,12,40.95003056798689,324.1666666666667,300-400,40%-50%
Frozen Bottle,2026-07-31,WK 31,Thakur Village,Zomato,Late Night,COCO,MH,2426.0,1248.99,121.32,3554.99,0,4,35.1334321615532,606.5,600-900,30%-40%
Frozen Bottle,2026-07-31,WK 31,Thakur Village,Zomato,Lunch,COCO,MH,1967.1,1771.91,98.38000000000001,3659.01,0,3,48.42594034998538,655.6999999999999,600-900,40%-50%
Frozen Bottle,2026-07-31,WK 31,Thakur Village,Zomato,Snacks,COCO,MH,205.0,135.0,10.26,330.0,0,1,40.909090909090914,205.0,200-300,40%-50%
Frozen Bottle,2026-07-31,WK 31,Thanjavur,In Store,Dinner,FOFO,TN,2833.92,0.0,141.72,2833.92,0,6,0.0,472.32,400-500,0%
Frozen Bottle,2026-07-31,WK 31,Thanjavur,In Store,Late Night,FOFO,TN,545.0,0.0,27.26,545.0,0,1,0.0,545.0,500-600,0%
Frozen Bottle,2026-07-31,WK 31,Thanjavur,In Store,Lunch,FOFO,TN,476.0,0.0,23.8,476.0,0,2,0.0,238.0,200-300,0%
Frozen Bottle,2026-07-31,WK 31,Thanjavur,In Store,Snacks,FOFO,TN,1024.0,0.0,51.22,1024.0,0,3,0.0,341.3333333333333,300-400,0%
Frozen Bottle,2026-07-31,WK 31,Thanjavur,Swiggy,Dinner,FOFO,TN,1852.21,237.79,0.0,2010.0,0,6,11.830348258706467,308.70166666666665,300-400,10%-20%
Frozen Bottle,2026-07-31,WK 31,Thanjavur,Swiggy,Lunch,FOFO,TN,811.02,49.98,0.0,831.0,0,1,6.014440433212996,811.02,600-900,1%-10%
Frozen Bottle,2026-07-31,WK 31,Thanjavur,Swiggy,Snacks,FOFO,TN,1337.0,132.0,0.0,1409.0,0,5,9.36834634492548,267.4,200-300,1%-10%
Frozen Bottle,2026-07-31,WK 31,Thanjavur,Zomato,Snacks,FOFO,TN,418.0,0.0,20.92,398.0,0,1,0.0,418.0,400-500,0%
Frozen Bottle,2026-07-31,WK 31,Thiruvalla,In Store,Dinner,COCO,Kerela,1827.0,0.0,91.4,1827.0,0,7,0.0,261.0,200-300,0%
Frozen Bottle,2026-07-31,WK 31,Thiruvalla,In Store,Lunch,COCO,Kerela,586.0,0.0,29.32,586.0,0,3,0.0,195.33333333333334,100-200,0%
Frozen Bottle,2026-07-31,WK 31,Thiruvalla,In Store,Snacks,COCO,Kerela,3362.0,0.0,168.14,3362.0,0,7,0.0,480.2857142857143,400-500,0%
Frozen Bottle,2026-07-31,WK 31,Thiruvalla,Swiggy,Dinner,COCO,Kerela,408.2,342.8,0.0,721.0,0,3,47.545076282940364,136.06666666666666,100-200,40%-50%
Frozen Bottle,2026-07-31,WK 31,Thiruvalla,Swiggy,Lunch,COCO,Kerela,1413.0,722.0,0.0,2055.0,0,5,35.133819951338204,282.6,200-300,30%-40%
Frozen Bottle,2026-07-31,WK 31,Thiruvalla,Swiggy,Snacks,COCO,Kerela,1480.56,978.44,0.0,2359.0,0,6,41.476896990250104,246.76,200-300,40%-50%
Frozen Bottle,2026-07-31,WK 31,Thiruvalla,Zomato,Breakfast,COCO,Kerela,150.0,140.0,7.5,280.0,0,1,50.0,150.0,100-200,40%-50%
Frozen Bottle,2026-07-31,WK 31,Thiruvalla,Zomato,Dinner,COCO,Kerela,648.0,500.0,32.4,1108.0,0,3,45.12635379061371,216.0,200-300,40%-50%
Frozen Bottle,2026-07-31,WK 31,Thiruvalla,Zomato,Lunch,COCO,Kerela,737.0,576.0,36.86,1263.0,0,3,45.605700712589076,245.66666666666666,200-300,40%-50%
Frozen Bottle,2026-07-31,WK 31,Thiruvalla,Zomato,Snacks,COCO,Kerela,1666.0,1535.0,83.36,3111.0,0,4,49.341047894567666,416.5,400-500,40%-50%
Frozen Bottle,2026-07-31,WK 31,Thiruvananthpuram,In Store,Dinner,FOFO,Kerela,1630.0,0.0,81.53999999999999,1630.0,0,7,0.0,232.85714285714286,200-300,0%
Frozen Bottle,2026-07-31,WK 31,Thiruvananthpuram,In Store,Lunch,FOFO,Kerela,249.0,0.0,12.46,249.0,0,1,0.0,249.0,200-300,0%
Frozen Bottle,2026-07-31,WK 31,Thiruvananthpuram,In Store,Snacks,FOFO,Kerela,1162.0,0.0,58.120000000000005,1162.0,0,4,0.0,290.5,200-300,0%
Frozen Bottle,2026-07-31,WK 31,Thiruvananthpuram,Swiggy,Breakfast,FOFO,Kerela,270.0,0.0,0.0,260.0,0,1,0.0,270.0,200-300,0%
Frozen Bottle,2026-07-31,WK 31,Thiruvananthpuram,Swiggy,Closing,FOFO,Kerela,580.0,0.0,0.0,560.0,0,1,0.0,580.0,500-600,0%
Frozen Bottle,2026-07-31,WK 31,Thiruvananthpuram,Swiggy,Dinner,FOFO,Kerela,1687.0,2.0,0.0,1639.0,0,5,0.12202562538133008,337.4,300-400,1%-10%
Frozen Bottle,2026-07-31,WK 31,Thiruvananthpuram,Swiggy,Late Night,FOFO,Kerela,399.0,0.0,0.0,379.0,0,2,0.0,199.5,100-200,0%
Frozen Bottle,2026-07-31,WK 31,Thiruvananthpuram,Swiggy,Lunch,FOFO,Kerela,2003.02,199.98,0.0,2133.0,0,4,9.375527426160337,500.755,500-600,1%-10%
Frozen Bottle,2026-07-31,WK 31,Thiruvananthpuram,Swiggy,Snacks,FOFO,Kerela,1864.0,0.0,0.0,1804.0,0,3,0.0,621.3333333333334,600-900,0%
Frozen Bottle,2026-07-31,WK 31,Thiruvananthpuram,Zomato,Dinner,FOFO,Kerela,1419.43,211.57,70.98,1571.0,0,4,13.467218332272438,354.8575,300-400,10%-20%
Frozen Bottle,2026-07-31,WK 31,Thiruvananthpuram,Zomato,Snacks,FOFO,Kerela,621.75,198.26,31.1,790.01,0,2,25.095884862216934,310.875,300-400,20%-30%
Frozen Bottle,2026-07-31,WK 31,Thoraipakkam,In Store,Dinner,COCO,TN,2017.33,0.0,100.88,2017.33,0,8,0.0,252.16625,200-300,0%
Frozen Bottle,2026-07-31,WK 31,Thoraipakkam,In Store,Snacks,COCO,TN,870.23,0.0,43.54,870.23,0,3,0.0,290.07666666666665,200-300,0%
Frozen Bottle,2026-07-31,WK 31,Thoraipakkam,Swiggy,Dinner,COCO,TN,4168.02,1576.64,0.0,5504.66,0,14,28.641914305334026,297.71571428571434,200-300,20%-30%
Frozen Bottle,2026-07-31,WK 31,Thoraipakkam,Swiggy,Late Night,COCO,TN,582.0,435.0,0.0,977.0,0,3,44.52405322415558,194.0,100-200,40%-50%
Frozen Bottle,2026-07-31,WK 31,Thoraipakkam,Swiggy,Lunch,COCO,TN,913.01,773.17,0.0,1606.18,0,4,48.1371950839881,228.2525,200-300,40%-50%
Frozen Bottle,2026-07-31,WK 31,Thoraipakkam,Swiggy,Snacks,COCO,TN,2043.57,1213.0900000000001,0.0,3116.66,0,9,38.922757054025794,227.06333333333333,200-300,30%-40%
Frozen Bottle,2026-07-31,WK 31,Thoraipakkam,Zomato,Dinner,COCO,TN,1578.9,1303.1,78.94,2772.0,0,6,47.00937950937951,263.15000000000003,200-300,40%-50%
Frozen Bottle,2026-07-31,WK 31,Thoraipakkam,Zomato,Late Night,COCO,TN,320.6,308.4,16.04,609.0,0,1,50.64039408866995,320.6,300-400,50%-60%
Frozen Bottle,2026-07-31,WK 31,Thoraipakkam,Zomato,Lunch,COCO,TN,504.0,385.0,25.22,859.0,0,3,44.81955762514552,168.0,100-200,40%-50%
Frozen Bottle,2026-07-31,WK 31,Thoraipakkam,Zomato,Snacks,COCO,TN,382.0,342.0,19.1,684.0,0,1,50.0,382.0,300-400,40%-50%
Frozen Bottle,2026-07-31,WK 31,Tirunelveli,In Store,Closing,FOFO,TN,249.0,0.0,12.46,249.0,0,1,0.0,249.0,200-300,0%
Frozen Bottle,2026-07-31,WK 31,Tirunelveli,In Store,Dinner,FOFO,TN,1733.23,0.0,86.7,1733.23,0,5,0.0,346.646,300-400,0%
Frozen Bottle,2026-07-31,WK 31,Tirunelveli,In Store,Late Night,FOFO,TN,856.0,0.0,42.8,856.0,0,1,0.0,856.0,600-900,0%
Frozen Bottle,2026-07-31,WK 31,Tirunelveli,In Store,Lunch,FOFO,TN,3503.23,0.0,175.18,3503.23,0,6,0.0,583.8716666666667,500-600,0%
Frozen Bottle,2026-07-31,WK 31,Tirunelveli,In Store,Snacks,FOFO,TN,2503.0,0.0,125.2,2503.0,0,9,0.0,278.1111111111111,200-300,0%
Frozen Bottle,2026-07-31,WK 31,Tirunelveli,Zomato,Dinner,FOFO,TN,401.0,0.0,20.060000000000002,381.0,0,2,0.0,200.5,200-300,0%
Frozen Bottle,2026-07-31,WK 31,Tirunelveli,Zomato,Lunch,FOFO,TN,402.0,0.0,20.12,382.0,0,1,0.0,402.0,400-500,0%
Frozen Bottle,2026-07-31,WK 31,Tirunelveli,Zomato,Snacks,FOFO,TN,440.0,0.0,22.0,430.0,0,1,0.0,440.0,400-500,0%
Frozen Bottle,2026-07-31,WK 31,Tirupati,In Store,Breakfast,FOFO,AP & TL,438.0,0.0,21.9,438.0,0,1,0.0,438.0,400-500,0%
Frozen Bottle,2026-07-31,WK 31,Tirupati,In Store,Closing,FOFO,AP & TL,189.0,0.0,9.46,189.0,0,1,0.0,189.0,100-200,0%
Frozen Bottle,2026-07-31,WK 31,Tirupati,In Store,Dinner,FOFO,AP & TL,5028.23,0.0,251.5,5028.23,0,18,0.0,279.3461111111111,200-300,0%
Frozen Bottle,2026-07-31,WK 31,Tirupati,In Store,Lunch,FOFO,AP & TL,4122.23,0.0,206.18,4122.23,0,14,0.0,294.445,200-300,0%
Frozen Bottle,2026-07-31,WK 31,Tirupati,In Store,Snacks,FOFO,AP & TL,4997.6900000000005,0.0,249.98,4997.6900000000005,0,19,0.0,263.0363157894737,200-300,0%
Frozen Bottle,2026-07-31,WK 31,Tirupati,Swiggy,Dinner,FOFO,AP & TL,1391.0,0.0,0.0,1341.0,0,2,0.0,695.5,600-900,0%
Frozen Bottle,2026-07-31,WK 31,Tirupati,Swiggy,Lunch,FOFO,AP & TL,340.0,0.0,0.0,320.0,0,1,0.0,340.0,300-400,0%
Frozen Bottle,2026-07-31,WK 31,Tirupati,Swiggy,Snacks,FOFO,AP & TL,309.0,0.0,0.0,299.0,0,1,0.0,309.0,300-400,0%
Frozen Bottle,2026-07-31,WK 31,Tirupati,Zomato,Dinner,FOFO,AP & TL,3379.9,331.1,169.02,3581.0,0,8,9.246020664618822,422.4875,400-500,1%-10%
Frozen Bottle,2026-07-31,WK 31,Tirupati,Zomato,Lunch,FOFO,AP & TL,606.9,64.1,30.36,641.0,0,2,10.0,303.45,300-400,1%-10%
Frozen Bottle,2026-07-31,WK 31,Tirupati,Zomato,Snacks,FOFO,AP & TL,262.0,28.0,13.1,280.0,0,1,10.0,262.0,200-300,1%-10%
Frozen Bottle,2026-07-31,WK 31,Tirupati-2,In Store,Dinner,FOFO,AP & TL,3729.23,0.0,186.54000000000002,3729.23,0,14,0.0,266.37357142857144,200-300,0%
Frozen Bottle,2026-07-31,WK 31,Tirupati-2,In Store,Lunch,FOFO,AP & TL,2502.05,0.0,125.17999999999999,2502.05,0,12,0.0,208.5041666666667,200-300,0%
Frozen Bottle,2026-07-31,WK 31,Tirupati-2,In Store,Snacks,FOFO,AP & TL,4865.28,0.0,243.32,4865.28,0,20,0.0,243.26399999999998,200-300,0%
Frozen Bottle,2026-07-31,WK 31,Tirupati-2,Swiggy,Dinner,FOFO,AP & TL,1049.0,0.0,0.0,1009.0,0,2,0.0,524.5,500-600,0%
Frozen Bottle,2026-07-31,WK 31,Tirupati-2,Zomato,Dinner,FOFO,AP & TL,1443.1,84.9,72.18,1478.0,0,3,5.7442489851150205,481.0333333333333,400-500,1%-10%
Frozen Bottle,2026-07-31,WK 31,Tirupati-2,Zomato,Lunch,FOFO,AP & TL,876.1,62.9,43.82,909.0,0,3,6.91969196919692,292.03333333333336,200-300,1%-10%
Frozen Bottle,2026-07-31,WK 31,Tirupati-2,Zomato,Snacks,FOFO,AP & TL,1416.0,0.0,70.84,1366.0,0,3,0.0,472.0,400-500,0%
Frozen Bottle,2026-07-31,WK 31,Tiruvallur,In Store,Dinner,FOFO,TN,109.0,0.0,5.46,109.0,0,1,0.0,109.0,100-200,0%
Frozen Bottle,2026-07-31,WK 31,Tiruvallur,In Store,Lunch,FOFO,TN,358.0,0.0,17.92,358.0,0,2,0.0,179.0,100-200,0%
Frozen Bottle,2026-07-31,WK 31,Tiruvallur,In Store,Snacks,FOFO,TN,762.0,0.0,38.12,762.0,0,2,0.0,381.0,300-400,0%
Frozen Bottle,2026-07-31,WK 31,Tiruvallur,Swiggy,Lunch,FOFO,TN,1101.0,0.0,0.0,1061.0,0,2,0.0,550.5,500-600,0%
Frozen Bottle,2026-07-31,WK 31,Tiruvallur,Swiggy,Snacks,FOFO,TN,649.0,0.0,0.0,629.0,0,1,0.0,649.0,600-900,0%
Frozen Bottle,2026-07-31,WK 31,Tiruvallur,Zomato,Lunch,FOFO,TN,509.2,39.8,25.46,529.0,0,2,7.5236294896030245,254.6,200-300,1%-10%
Frozen Bottle,2026-07-31,WK 31,Tiruvallur,Zomato,Snacks,FOFO,TN,637.0,50.0,31.880000000000003,657.0,0,2,7.610350076103501,318.5,300-400,1%-10%
Frozen Bottle,2026-07-31,WK 31,Trichy,In Store,Dinner,FOFO,TN,2469.23,0.0,123.5,2469.23,0,7,0.0,352.7471428571429,300-400,0%
Frozen Bottle,2026-07-31,WK 31,Trichy,In Store,Late Night,FOFO,TN,1691.0,0.0,84.56,1691.0,0,3,0.0,563.6666666666666,500-600,0%
Frozen Bottle,2026-07-31,WK 31,Trichy,In Store,Snacks,FOFO,TN,4455.92,0.0,222.82,4455.92,0,7,0.0,636.5600000000001,600-900,0%
Frozen Bottle,2026-07-31,WK 31,Trichy,Swiggy,Dinner,FOFO,TN,2646.0,200.0,0.0,2736.0,0,5,7.309941520467836,529.2,500-600,1%-10%
Frozen Bottle,2026-07-31,WK 31,Trichy,Swiggy,Late Night,FOFO,TN,800.01,99.99000000000001,0.0,870.0,0,2,11.493103448275862,400.005,400-500,10%-20%
Frozen Bottle,2026-07-31,WK 31,Trichy,Swiggy,Lunch,FOFO,TN,817.01,99.99000000000001,0.0,877.0,0,2,11.401368301026228,408.505,400-500,10%-20%
Frozen Bottle,2026-07-31,WK 31,Trichy,Swiggy,Snacks,FOFO,TN,194.0,46.0,0.0,230.0,0,1,20.0,194.0,100-200,10%-20%
Frozen Bottle,2026-07-31,WK 31,Trichy,Zomato,Dinner,FOFO,TN,561.0,0.0,28.06,541.0,0,1,0.0,561.0,500-600,0%
Frozen Bottle,2026-07-31,WK 31,Trichy,Zomato,Lunch,FOFO,TN,901.0,0.0,45.06,881.0,0,1,0.0,901.0,>900,0%
Frozen Bottle,2026-07-31,WK 31,Ujjain,In Store,Dinner,FOFO,ROI,1044.0,0.0,52.22,1044.0,0,3,0.0,348.0,300-400,0%
Frozen Bottle,2026-07-31,WK 31,Ujjain,In Store,Lunch,FOFO,ROI,138.0,0.0,6.9,138.0,0,1,0.0,138.0,100-200,0%
Frozen Bottle,2026-07-31,WK 31,Ujjain,Swiggy,Dinner,FOFO,ROI,340.0,0.0,0.0,330.0,0,1,0.0,340.0,300-400,0%
Frozen Bottle,2026-07-31,WK 31,Ujjain,Swiggy,Late Night,FOFO,ROI,123.33,0.0,0.0,113.33,0,1,0.0,123.33,100-200,0%
Frozen Bottle,2026-07-31,WK 31,Ujjain,Swiggy,Lunch,FOFO,ROI,450.0,0.0,0.0,430.0,0,2,0.0,225.0,200-300,0%
Frozen Bottle,2026-07-31,WK 31,Ujjain,Zomato,Closing,FOFO,ROI,216.0,75.0,10.8,281.0,0,1,26.690391459074732,216.0,200-300,20%-30%
Frozen Bottle,2026-07-31,WK 31,Ujjain,Zomato,Dinner,FOFO,ROI,539.0,220.0,26.96,729.0,0,3,30.178326474622768,179.66666666666666,100-200,30%-40%
Frozen Bottle,2026-07-31,WK 31,Ujjain,Zomato,Lunch,FOFO,ROI,506.0,75.0,25.3,561.0,0,1,13.368983957219251,506.0,500-600,10%-20%
Frozen Bottle,2026-07-31,WK 31,Ulwe,Swiggy,Closing,FOFO,MH,278.0,242.0,0.0,500.0,0,1,48.4,278.0,200-300,40%-50%
Frozen Bottle,2026-07-31,WK 31,Ulwe,Swiggy,Dinner,FOFO,MH,528.0,262.0,0.0,760.0,0,3,34.473684210526315,176.0,100-200,30%-40%
Frozen Bottle,2026-07-31,WK 31,Ulwe,Swiggy,Late Night,FOFO,MH,578.0,542.0,0.0,1080.0,0,2,50.18518518518519,289.0,200-300,50%-60%
Frozen Bottle,2026-07-31,WK 31,Ulwe,Swiggy,Lunch,FOFO,MH,179.0,141.0,0.0,320.0,0,1,44.0625,179.0,100-200,40%-50%
Frozen Bottle,2026-07-31,WK 31,Ulwe,Zomato,Dinner,FOFO,MH,520.0,0.0,26.0,500.0,0,2,0.0,260.0,200-300,0%
Frozen Bottle,2026-07-31,WK 31,Ulwe,Zomato,Late Night,FOFO,MH,639.0,180.0,31.98,779.0,0,3,23.106546854942234,213.0,200-300,20%-30%
Frozen Bottle,2026-07-31,WK 31,Ulwe,Zomato,Snacks,FOFO,MH,330.0,0.0,16.5,320.0,0,1,0.0,330.0,300-400,0%
Frozen Bottle,2026-07-31,WK 31,Undri,In Store,Dinner,FOFO,MH,498.0,0.0,24.9,498.0,0,1,0.0,498.0,400-500,0%
Frozen Bottle,2026-07-31,WK 31,Undri,Swiggy,Snacks,FOFO,MH,165.0,34.0,0.0,199.0,0,1,17.08542713567839,165.0,100-200,10%-20%
Frozen Bottle,2026-07-31,WK 31,Undri,Zomato,Dinner,FOFO,MH,2099.0,0.0,104.98,2039.0,0,2,0.0,1049.5,>900,0%
Frozen Bottle,2026-07-31,WK 31,Urapakkam CK,Swiggy,Dinner,COCO,TN,2104.0,982.0,0.0,2976.0,0,6,32.997311827956985,350.6666666666667,300-400,30%-40%
Frozen Bottle,2026-07-31,WK 31,Urapakkam CK,Swiggy,Late Night,COCO,TN,309.0,0.0,0.0,299.0,0,1,0.0,309.0,300-400,0%
Frozen Bottle,2026-07-31,WK 31,Urapakkam CK,Swiggy,Lunch,COCO,TN,309.0,289.0,0.0,588.0,0,1,49.14965986394558,309.0,300-400,40%-50%
Frozen Bottle,2026-07-31,WK 31,Urapakkam CK,Swiggy,Snacks,COCO,TN,169.0,152.0,0.0,311.0,0,1,48.87459807073955,169.0,100-200,40%-50%
Frozen Bottle,2026-07-31,WK 31,Urapakkam CK,Zomato,Dinner,COCO,TN,337.0,293.0,16.86,610.0,0,1,48.032786885245905,337.0,300-400,40%-50%
Frozen Bottle,2026-07-31,WK 31,Urapakkam CK,Zomato,Late Night,COCO,TN,444.0,125.0,22.22,549.0,0,2,22.768670309653917,222.0,200-300,20%-30%
Frozen Bottle,2026-07-31,WK 31,Urapakkam CK,Zomato,Snacks,COCO,TN,206.0,135.0,10.3,331.0,0,1,40.78549848942598,206.0,200-300,40%-50%
Frozen Bottle,2026-07-31,WK 31,Vadapalani,In Store,Lunch,FOFO,TN,627.0,0.0,31.36,627.0,0,1,0.0,627.0,600-900,0%
Frozen Bottle,2026-07-31,WK 31,Vadapalani,Swiggy,Breakfast,FOFO,TN,750.01,99.99,0.0,820.0,0,2,12.19390243902439,375.005,300-400,10%-20%
Frozen Bottle,2026-07-31,WK 31,Vadapalani,Swiggy,Dinner,FOFO,TN,3731.64,388.36,0.0,4020.0,0,11,9.660696517412935,339.24,300-400,1%-10%
Frozen Bottle,2026-07-31,WK 31,Vadapalani,Swiggy,Lunch,FOFO,TN,1377.02,199.98000000000002,0.0,1527.0,0,2,13.096267190569746,688.51,600-900,10%-20%
Frozen Bottle,2026-07-31,WK 31,Vadapalani,Swiggy,Snacks,FOFO,TN,3064.15,498.85,0.0,3453.0,0,7,14.446857804807415,437.7357142857143,400-500,10%-20%
Frozen Bottle,2026-07-31,WK 31,Vadapalani,Zomato,Breakfast,FOFO,TN,259.0,50.0,12.96,299.0,0,1,16.722408026755854,259.0,200-300,10%-20%
Frozen Bottle,2026-07-31,WK 31,Vadapalani,Zomato,Closing,FOFO,TN,221.0,0.0,11.06,211.0,0,1,0.0,221.0,200-300,0%
Frozen Bottle,2026-07-31,WK 31,Vadapalani,Zomato,Dinner,FOFO,TN,3036.0,0.0,151.86,2936.0,0,6,0.0,506.0,500-600,0%
Frozen Bottle,2026-07-31,WK 31,Vadapalani,Zomato,Late Night,FOFO,TN,340.0,0.0,17.0,330.0,0,1,0.0,340.0,300-400,0%
Frozen Bottle,2026-07-31,WK 31,Vadapalani,Zomato,Lunch,FOFO,TN,149.3,59.7,7.46,199.0,0,1,30.0,149.3,100-200,20%-30%
Frozen Bottle,2026-07-31,WK 31,Vadapalani,Zomato,Snacks,FOFO,TN,801.0,200.0,40.06,971.0,0,2,20.59732234809475,400.5,400-500,20%-30%
Frozen Bottle,2026-07-31,WK 31,Valsarvakkam,In Store,Dinner,COCO,TN,5705.43,1359.8,285.34,7065.23,0,21,19.24636565263976,271.6871428571429,200-300,10%-20%
Frozen Bottle,2026-07-31,WK 31,Valsarvakkam,In Store,Late Night,COCO,TN,458.0,0.0,22.9,458.0,0,1,0.0,458.0,400-500,0%
Frozen Bottle,2026-07-31,WK 31,Valsarvakkam,In Store,Lunch,COCO,TN,1639.0,0.0,81.98,1639.0,0,7,0.0,234.14285714285714,200-300,0%
Frozen Bottle,2026-07-31,WK 31,Valsarvakkam,In Store,Snacks,COCO,TN,4821.95,636.97,241.14,5458.92,0,19,11.6684252562778,253.78684210526316,200-300,10%-20%
Frozen Bottle,2026-07-31,WK 31,Valsarvakkam,Swiggy,Dinner,COCO,TN,8960.6,4228.4,0.0,12699.0,0,26,33.297110008662095,344.63846153846157,300-400,30%-40%
Frozen Bottle,2026-07-31,WK 31,Valsarvakkam,Swiggy,Late Night,COCO,TN,1133.0,789.0,0.0,1842.0,0,5,42.83387622149837,226.6,200-300,40%-50%
Frozen Bottle,2026-07-31,WK 31,Valsarvakkam,Swiggy,Lunch,COCO,TN,2393.4,1686.6,0.0,3920.0,0,7,43.02551020408163,341.9142857142857,300-400,40%-50%
Frozen Bottle,2026-07-31,WK 31,Valsarvakkam,Swiggy,Snacks,COCO,TN,4867.8,2913.2,0.0,7451.0,0,19,39.09810763655885,256.2,200-300,30%-40%
Frozen Bottle,2026-07-31,WK 31,Valsarvakkam,Zomato,Dinner,COCO,TN,3797.4300000000003,2416.58,189.92000000000002,6004.01,0,12,40.24943329541423,316.45250000000004,300-400,40%-50%
Frozen Bottle,2026-07-31,WK 31,Valsarvakkam,Zomato,Late Night,COCO,TN,1879.7,1325.3,94.02,3105.0,0,5,42.68276972624799,375.94,300-400,40%-50%
Frozen Bottle,2026-07-31,WK 31,Valsarvakkam,Zomato,Lunch,COCO,TN,2877.43,1427.58,143.96,4155.01,0,9,34.358040052851855,319.71444444444444,300-400,30%-40%
Frozen Bottle,2026-07-31,WK 31,Valsarvakkam,Zomato,Snacks,COCO,TN,906.1,621.9,45.3,1468.0,0,3,42.363760217983646,302.03333333333336,300-400,40%-50%
Frozen Bottle,2026-07-31,WK 31,Vashi,In Store,Dinner,FOFO,MH,229.0,0.0,11.46,229.0,0,1,0.0,229.0,200-300,0%
Frozen Bottle,2026-07-31,WK 31,Vashi,Swiggy,Closing,FOFO,MH,550.0,100.0,0.0,630.0,0,1,15.873015873015872,550.0,500-600,10%-20%
Frozen Bottle,2026-07-31,WK 31,Vashi,Swiggy,Dinner,FOFO,MH,828.0,282.0,0.0,1070.0,0,3,26.355140186915886,276.0,200-300,20%-30%
Frozen Bottle,2026-07-31,WK 31,Vashi,Swiggy,Late Night,FOFO,MH,447.0,100.0,0.0,527.0,0,1,18.975332068311197,447.0,400-500,10%-20%
Frozen Bottle,2026-07-31,WK 31,Vashi,Swiggy,Lunch,FOFO,MH,298.0,242.0,0.0,520.0,0,1,46.53846153846154,298.0,200-300,40%-50%
Frozen Bottle,2026-07-31,WK 31,Vashi,Swiggy,Snacks,FOFO,MH,281.0,40.0,0.0,311.0,0,1,12.861736334405144,281.0,200-300,10%-20%
Frozen Bottle,2026-07-31,WK 31,Vashi,Zomato,Dinner,FOFO,MH,461.0,0.0,23.06,451.0,0,1,0.0,461.0,400-500,0%
Frozen Bottle,2026-07-31,WK 31,Vashi,Zomato,Lunch,FOFO,MH,646.0,175.0,32.3,801.0,0,2,21.84769038701623,323.0,300-400,20%-30%
Frozen Bottle,2026-07-31,WK 31,Vashi,Zomato,Snacks,FOFO,MH,525.0,75.0,26.259999999999998,580.0,0,2,12.931034482758621,262.5,200-300,10%-20%
Frozen Bottle,2026-07-31,WK 31,Velachery,In Store,Dinner,COCO,TN,2526.4300000000003,127.57,126.32,2654.0,0,7,4.806706857573474,360.91857142857145,300-400,1%-10%
Frozen Bottle,2026-07-31,WK 31,Velachery,In Store,Lunch,COCO,TN,408.0,0.0,20.42,408.0,0,2,0.0,204.0,200-300,0%
Frozen Bottle,2026-07-31,WK 31,Velachery,In Store,Snacks,COCO,TN,1451.48,197.52,72.60000000000001,1649.0,0,6,11.97816858702244,241.91333333333333,200-300,10%-20%
Frozen Bottle,2026-07-31,WK 31,Velachery,Swiggy,Dinner,COCO,TN,3684.01,2159.99,0.0,5644.0,0,13,38.27055279943302,283.3853846153846,200-300,30%-40%
Frozen Bottle,2026-07-31,WK 31,Velachery,Swiggy,Late Night,COCO,TN,1694.0,850.0,0.0,2464.0,0,7,34.49675324675325,242.0,200-300,30%-40%
Frozen Bottle,2026-07-31,WK 31,Velachery,Swiggy,Snacks,COCO,TN,1848.12,1442.88,0.0,3181.0,0,9,45.35932096824899,205.34666666666666,200-300,40%-50%
Frozen Bottle,2026-07-31,WK 31,Velachery,Zomato,Dinner,COCO,TN,1089.6,920.4,54.519999999999996,1940.0,0,4,47.44329896907216,272.4,200-300,40%-50%
Frozen Bottle,2026-07-31,WK 31,Velachery,Zomato,Lunch,COCO,TN,658.1,544.9,32.92,1163.0,0,3,46.85296646603611,219.36666666666667,200-300,40%-50%
Frozen Bottle,2026-07-31,WK 31,Velachery,Zomato,Snacks,COCO,TN,340.0,0.0,17.0,330.0,0,1,0.0,340.0,300-400,0%
Frozen Bottle,2026-07-31,WK 31,Vellore,In Store,Dinner,COCO,TN,644.0,0.0,32.22,644.0,0,4,0.0,161.0,100-200,0%
Frozen Bottle,2026-07-31,WK 31,Vellore,In Store,Late Night,COCO,TN,276.0,0.0,13.8,276.0,0,1,0.0,276.0,200-300,0%
Frozen Bottle,2026-07-31,WK 31,Vellore,In Store,Lunch,COCO,TN,1945.0,0.0,97.28,1945.0,0,7,0.0,277.85714285714283,200-300,0%
Frozen Bottle,2026-07-31,WK 31,Vellore,In Store,Snacks,COCO,TN,3482.33,0.0,174.16,3482.33,0,12,0.0,290.19416666666666,200-300,0%
Frozen Bottle,2026-07-31,WK 31,Vellore,Swiggy,Dinner,COCO,TN,4485.12,2020.06,0.0,6245.18,0,13,32.34590516206098,345.0092307692308,300-400,30%-40%
Frozen Bottle,2026-07-31,WK 31,Vellore,Swiggy,Late Night,COCO,TN,1213.01,594.99,0.0,1748.0,0,4,34.0383295194508,303.2525,300-400,30%-40%
Frozen Bottle,2026-07-31,WK 31,Vellore,Swiggy,Lunch,COCO,TN,1576.2,1143.8,0.0,2610.0,0,7,43.82375478927203,225.17142857142858,200-300,40%-50%
Frozen Bottle,2026-07-31,WK 31,Vellore,Swiggy,Snacks,COCO,TN,929.0,638.0,0.0,1517.0,0,3,42.05669083717864,309.6666666666667,300-400,40%-50%
Frozen Bottle,2026-07-31,WK 31,Vellore,Zomato,Dinner,COCO,TN,982.5,607.5,49.14,1530.0,0,4,39.705882352941174,245.625,200-300,30%-40%
Frozen Bottle,2026-07-31,WK 31,Vellore,Zomato,Late Night,COCO,TN,371.66,341.67,18.6,683.33,0,1,50.00073171088639,371.66,300-400,50%-60%
Frozen Bottle,2026-07-31,WK 31,Vellore,Zomato,Lunch,COCO,TN,529.0,410.0,26.46,909.0,0,2,45.1045104510451,264.5,200-300,40%-50%
Frozen Bottle,2026-07-31,WK 31,Vellore,Zomato,Snacks,COCO,TN,513.0,425.0,25.659999999999997,908.0,0,3,46.80616740088105,171.0,100-200,40%-50%
Frozen Bottle,2026-07-31,WK 31,Vidyaranyapura,In Store,Closing,FOFO,KA,99.0,0.0,4.96,99.0,0,1,0.0,99.0,0-100,0%
Frozen Bottle,2026-07-31,WK 31,Vidyaranyapura,In Store,Dinner,FOFO,KA,2830.0,0.0,141.54,2830.0,0,9,0.0,314.44444444444446,300-400,0%
Frozen Bottle,2026-07-31,WK 31,Vidyaranyapura,In Store,Lunch,FOFO,KA,247.0,0.0,12.38,247.0,0,3,0.0,82.33333333333333,0-100,0%
Frozen Bottle,2026-07-31,WK 31,Vidyaranyapura,In Store,Snacks,FOFO,KA,622.23,0.0,31.119999999999997,622.23,0,2,0.0,311.115,300-400,0%
Frozen Bottle,2026-07-31,WK 31,Vidyaranyapura,Swiggy,Dinner,FOFO,KA,1590.0,0.0,0.0,1530.0,0,2,0.0,795.0,600-900,0%
Frozen Bottle,2026-07-31,WK 31,Vidyaranyapura,Swiggy,Snacks,FOFO,KA,836.0,1.0,0.0,817.0,0,3,0.12239902080783352,278.6666666666667,200-300,1%-10%
Frozen Bottle,2026-07-31,WK 31,Vidyaranyapura,Zomato,Breakfast,FOFO,KA,200.0,140.0,10.0,330.0,0,1,42.42424242424242,200.0,100-200,40%-50%
Frozen Bottle,2026-07-31,WK 31,Vidyaranyapura,Zomato,Dinner,FOFO,KA,1174.0,276.0,58.72,1400.0,0,3,19.714285714285715,391.3333333333333,300-400,10%-20%
Frozen Bottle,2026-07-31,WK 31,Vidyaranyapura,Zomato,Snacks,FOFO,KA,420.0,0.0,21.0,400.0,0,1,0.0,420.0,400-500,0%
Frozen Bottle,2026-07-31,WK 31,Vijaywada,In Store,Closing,FOFO,AP & TL,69.0,0.0,3.46,69.0,0,1,0.0,69.0,0-100,0%
Frozen Bottle,2026-07-31,WK 31,Vijaywada,In Store,Dinner,FOFO,AP & TL,1875.0,0.0,93.76,1875.0,0,6,0.0,312.5,300-400,0%
Frozen Bottle,2026-07-31,WK 31,Vijaywada,In Store,Late Night,FOFO,AP & TL,646.0,0.0,32.32,646.0,0,3,0.0,215.33333333333334,200-300,0%
Frozen Bottle,2026-07-31,WK 31,Vijaywada,In Store,Lunch,FOFO,AP & TL,916.0,0.0,45.82,916.0,0,3,0.0,305.3333333333333,300-400,0%
Frozen Bottle,2026-07-31,WK 31,Vijaywada,In Store,Snacks,FOFO,AP & TL,3291.0,0.0,164.6,3291.0,0,11,0.0,299.1818181818182,200-300,0%
Frozen Bottle,2026-07-31,WK 31,Vijaywada,Swiggy,Dinner,FOFO,AP & TL,1098.5,95.5,0.0,1154.0,0,4,8.275563258232236,274.625,200-300,1%-10%
Frozen Bottle,2026-07-31,WK 31,Vijaywada,Swiggy,Late Night,FOFO,AP & TL,1172.0,325.0,0.0,1437.0,0,3,22.616562282533053,390.6666666666667,300-400,20%-30%
Frozen Bottle,2026-07-31,WK 31,Vijaywada,Swiggy,Lunch,FOFO,AP & TL,380.0,40.0,0.0,400.0,0,2,10.0,190.0,100-200,1%-10%
Frozen Bottle,2026-07-31,WK 31,Vijaywada,Swiggy,Snacks,FOFO,AP & TL,271.0,29.0,0.0,290.0,0,1,10.0,271.0,200-300,1%-10%
Frozen Bottle,2026-07-31,WK 31,Vijaywada,Zomato,Closing,FOFO,AP & TL,438.0,0.0,21.92,418.0,0,1,0.0,438.0,400-500,0%
Frozen Bottle,2026-07-31,WK 31,Vijaywada,Zomato,Dinner,FOFO,AP & TL,1068.0,42.0,53.44,1070.0,0,4,3.925233644859813,267.0,200-300,1%-10%
Frozen Bottle,2026-07-31,WK 31,Vijaywada,Zomato,Late Night,FOFO,AP & TL,150.7,60.3,7.54,201.0,0,1,30.0,150.7,100-200,20%-30%
Frozen Bottle,2026-07-31,WK 31,Vijaywada,Zomato,Lunch,FOFO,AP & TL,1435.89,355.09,71.8,1750.99,0,1,20.27938480516736,1435.89,>900,20%-30%
Frozen Bottle,2026-07-31,WK 31,Vijaywada,Zomato,Snacks,FOFO,AP & TL,3053.3,383.7,152.7,3347.0,0,5,11.46399760979982,610.6600000000001,600-900,10%-20%
Frozen Bottle,2026-07-31,WK 31,Vikhroli,In Store,Dinner,FOFO,MH,1211.0,0.0,60.58,1211.0,0,5,0.0,242.2,200-300,0%
Frozen Bottle,2026-07-31,WK 31,Vikhroli,In Store,Snacks,FOFO,MH,835.0,0.0,41.78,835.0,0,3,0.0,278.3333333333333,200-300,0%
Frozen Bottle,2026-07-31,WK 31,Vikhroli,Swiggy,Dinner,FOFO,MH,870.0,0.0,0.0,840.0,0,1,0.0,870.0,600-900,0%
Frozen Bottle,2026-07-31,WK 31,Vimannagar,In Store,Dinner,FOFO,MH,1393.0,0.0,69.68,1393.0,0,5,0.0,278.6,200-300,0%
Frozen Bottle,2026-07-31,WK 31,Vimannagar,In Store,Snacks,FOFO,MH,298.0,0.0,14.9,298.0,0,1,0.0,298.0,200-300,0%
Frozen Bottle,2026-07-31,WK 31,Vimannagar,Swiggy,Closing,FOFO,MH,291.0,0.0,0.0,281.0,0,1,0.0,291.0,200-300,0%
Frozen Bottle,2026-07-31,WK 31,Vimannagar,Swiggy,Dinner,FOFO,MH,290.0,0.0,0.0,280.0,0,1,0.0,290.0,200-300,0%
Frozen Bottle,2026-07-31,WK 31,Vimannagar,Swiggy,Late Night,FOFO,MH,570.0,0.0,0.0,550.0,0,1,0.0,570.0,500-600,0%
Frozen Bottle,2026-07-31,WK 31,Vimannagar,Swiggy,Lunch,FOFO,MH,248.0,41.0,0.0,289.0,0,1,14.186851211072666,248.0,200-300,10%-20%
Frozen Bottle,2026-07-31,WK 31,Vimannagar,Swiggy,Snacks,FOFO,MH,347.0,53.0,0.0,400.0,0,1,13.25,347.0,300-400,10%-20%
Frozen Bottle,2026-07-31,WK 31,Vimannagar,Zomato,Dinner,FOFO,MH,240.0,0.0,12.0,230.0,0,1,0.0,240.0,200-300,0%
Frozen Bottle,2026-07-31,WK 31,Virar,In Store,Closing,COCO,MH,288.0,0.0,14.4,288.0,0,1,0.0,288.0,200-300,0%
Frozen Bottle,2026-07-31,WK 31,Virar,In Store,Dinner,COCO,MH,2952.8,105.2,147.72,3058.0,0,11,3.440156965336821,268.43636363636364,200-300,1%-10%
Frozen Bottle,2026-07-31,WK 31,Virar,In Store,Late Night,COCO,MH,282.2,49.8,14.12,332.0,0,1,15.0,282.2,200-300,10%-20%
Frozen Bottle,2026-07-31,WK 31,Virar,In Store,Snacks,COCO,MH,457.0,0.0,22.86,457.0,0,2,0.0,228.5,200-300,0%
Frozen Bottle,2026-07-31,WK 31,Virar,Swiggy,Closing,COCO,MH,268.0,181.0,0.0,429.0,0,1,42.19114219114219,268.0,200-300,40%-50%
Frozen Bottle,2026-07-31,WK 31,Virar,Swiggy,Dinner,COCO,MH,1478.76,917.24,0.0,2296.0,0,5,39.94947735191638,295.752,200-300,30%-40%
Frozen Bottle,2026-07-31,WK 31,Virar,Swiggy,Late Night,COCO,MH,504.0,304.0,0.0,778.0,0,2,39.0745501285347,252.0,200-300,30%-40%
Frozen Bottle,2026-07-31,WK 31,Virar,Swiggy,Lunch,COCO,MH,794.56,474.44,0.0,1219.0,0,2,38.92042657916325,397.28,300-400,30%-40%
Frozen Bottle,2026-07-31,WK 31,Virar,Zomato,Dinner,COCO,MH,2111.0,1098.0,105.58000000000001,3099.0,0,6,35.43078412391094,351.8333333333333,300-400,30%-40%
Frozen Bottle,2026-07-31,WK 31,Virar,Zomato,Late Night,COCO,MH,2435.0,1104.0,121.78,3429.0,0,5,32.195975503062115,487.0,400-500,30%-40%
Frozen Bottle,2026-07-31,WK 31,Virar,Zomato,Lunch,COCO,MH,646.0,405.0,32.3,1011.0,0,2,40.0593471810089,323.0,300-400,40%-50%
Frozen Bottle,2026-07-31,WK 31,Virar,Zomato,Snacks,COCO,MH,930.33,350.0,46.540000000000006,1220.33,0,4,28.680766677865826,232.5825,200-300,20%-30%
Frozen Bottle,2026-07-31,WK 31,Wagholi - CF CK,Swiggy,Dinner,COCO,MH,1492.0,639.0,0.0,2051.0,0,5,31.155533885909314,298.4,200-300,30%-40%
Frozen Bottle,2026-07-31,WK 31,Wagholi - CF CK,Swiggy,Late Night,COCO,MH,319.0,299.0,0.0,608.0,0,1,49.17763157894737,319.0,300-400,40%-50%
Frozen Bottle,2026-07-31,WK 31,Wagholi - CF CK,Swiggy,Snacks,COCO,MH,1551.0,660.0,0.0,2131.0,0,5,30.971374941342095,310.2,300-400,30%-40%
Frozen Bottle,2026-07-31,WK 31,Wagholi - CF CK,Zomato,Dinner,COCO,MH,1587.5,1287.5,79.4,2795.0,0,6,46.06440071556351,264.5833333333333,200-300,40%-50%
Frozen Bottle,2026-07-31,WK 31,Wagholi - CF CK,Zomato,Late Night,COCO,MH,2043.0,890.0,102.16,2853.0,0,5,31.19523308797757,408.6,400-500,30%-40%
Frozen Bottle,2026-07-31,WK 31,Wagholi - CF CK,Zomato,Lunch,COCO,MH,320.0,300.0,16.0,600.0,0,1,50.0,320.0,300-400,40%-50%
Frozen Bottle,2026-07-31,WK 31,Whitefield,In Store,Dinner,COCO,KA,3062.11,595.5799999999999,153.20000000000002,3657.69,0,22,16.282954542347763,139.18681818181818,100-200,10%-20%
Frozen Bottle,2026-07-31,WK 31,Whitefield,In Store,Lunch,COCO,KA,575.54,263.26,28.82,838.8,0,7,31.38531235097759,82.22,0-100,30%-40%
Frozen Bottle,2026-07-31,WK 31,Whitefield,In Store,Snacks,COCO,KA,2313.89,1291.18,115.76,3605.07,0,25,35.81567070819707,92.5556,0-100,30%-40%
Frozen Bottle,2026-07-31,WK 31,Whitefield,Ownly,Dinner,COCO,KA,236.0,0.0,11.8,236.0,0,1,0.0,236.0,200-300,0%
Frozen Bottle,2026-07-31,WK 31,Whitefield,Swiggy,Breakfast,COCO,KA,98.0,112.0,0.0,200.0,0,1,56.00000000000001,98.0,0-100,50%-60%
Frozen Bottle,2026-07-31,WK 31,Whitefield,Swiggy,Dinner,COCO,KA,5495.42,3299.58,0.0,8455.0,0,18,39.02519219396807,305.30111111111114,300-400,30%-40%
Frozen Bottle,2026-07-31,WK 31,Whitefield,Swiggy,Late Night,COCO,KA,866.0,376.0,0.0,1202.0,0,3,31.281198003327788,288.6666666666667,200-300,30%-40%
Frozen Bottle,2026-07-31,WK 31,Whitefield,Swiggy,Lunch,COCO,KA,1192.0,759.0,0.0,1881.0,0,5,40.35087719298245,238.4,200-300,40%-50%
Frozen Bottle,2026-07-31,WK 31,Whitefield,Swiggy,Snacks,COCO,KA,1191.0,760.0,0.0,1861.0,0,5,40.83825900053735,238.2,200-300,40%-50%
Frozen Bottle,2026-07-31,WK 31,Whitefield,Zomato,Dinner,COCO,KA,1866.8,1506.2,93.38,3253.0,0,8,46.301875192130346,233.35,200-300,40%-50%
Frozen Bottle,2026-07-31,WK 31,Whitefield,Zomato,Late Night,COCO,KA,1594.5,1130.5,79.76,2655.0,0,4,42.580037664783426,398.625,300-400,40%-50%
Frozen Bottle,2026-07-31,WK 31,Whitefield,Zomato,Lunch,COCO,KA,769.9,460.1,38.5,1190.0,0,3,38.66386554621849,256.6333333333333,200-300,30%-40%
Frozen Bottle,2026-07-31,WK 31,Whitefield,Zomato,Snacks,COCO,KA,1473.1,1317.9,73.7,2691.0,0,6,48.97435897435898,245.51666666666665,200-300,40%-50%
Frozen Bottle,2026-07-31,WK 31,Yelahanka,In Store,Dinner,COCO,KA,2644.48,0.0,132.26,2644.48,0,10,0.0,264.448,200-300,0%
Frozen Bottle,2026-07-31,WK 31,Yelahanka,In Store,Lunch,COCO,KA,2267.05,0.0,113.42,2267.05,0,9,0.0,251.89444444444447,200-300,0%
Frozen Bottle,2026-07-31,WK 31,Yelahanka,In Store,Snacks,COCO,KA,1197.0900000000001,107.06,59.86,1304.15,0,7,8.209178392056128,171.01285714285717,100-200,1%-10%
Frozen Bottle,2026-07-31,WK 31,Yelahanka,Ownly,Dinner,COCO,KA,209.0,0.0,10.46,209.0,0,1,0.0,209.0,200-300,0%
Frozen Bottle,2026-07-31,WK 31,Yelahanka,Ownly,Lunch,COCO,KA,225.0,0.0,11.26,225.0,0,1,0.0,225.0,200-300,0%
Frozen Bottle,2026-07-31,WK 31,Yelahanka,Swiggy,Dinner,COCO,KA,3621.02,1709.83,0.0,5150.85,0,10,33.19510372074512,362.102,300-400,30%-40%
Frozen Bottle,2026-07-31,WK 31,Yelahanka,Swiggy,Late Night,COCO,KA,158.0,180.0,0.0,318.0,0,1,56.60377358490566,158.0,100-200,50%-60%
Frozen Bottle,2026-07-31,WK 31,Yelahanka,Swiggy,Lunch,COCO,KA,912.0,451.0,0.0,1363.0,0,3,33.08877476155539,304.0,300-400,30%-40%
Frozen Bottle,2026-07-31,WK 31,Yelahanka,Swiggy,Snacks,COCO,KA,626.2,501.8,0.0,1098.0,0,3,45.70127504553734,208.73333333333335,200-300,40%-50%
Frozen Bottle,2026-07-31,WK 31,Yelahanka,Zomato,Breakfast,COCO,KA,330.0,0.0,16.5,320.0,0,1,0.0,330.0,300-400,0%
Frozen Bottle,2026-07-31,WK 31,Yelahanka,Zomato,Dinner,COCO,KA,2171.1,1257.9,108.6,3339.0,0,7,37.67295597484277,310.15714285714284,300-400,30%-40%
Frozen Bottle,2026-07-31,WK 31,Yelahanka,Zomato,Late Night,COCO,KA,216.66,196.67,10.84,393.33,0,1,50.00127119721354,216.66,200-300,50%-60%
Frozen Bottle,2026-07-31,WK 31,Yelahanka,Zomato,Snacks,COCO,KA,425.0,455.0,21.26,850.0,0,1,53.529411764705884,425.0,400-500,50%-60%
Frozen Bottle,2026-07-31,WK 31,Yemalur,In Store,Closing,FOFO,KA,372.75,0.0,18.64,372.75,0,2,0.0,186.375,100-200,0%
Frozen Bottle,2026-07-31,WK 31,Yemalur,In Store,Dinner,FOFO,KA,4836.06,0.0,241.86,4836.06,0,18,0.0,268.67,200-300,0%
Frozen Bottle,2026-07-31,WK 31,Yemalur,In Store,Late Night,FOFO,KA,1439.55,0.0,71.98,1439.55,0,6,0.0,239.92499999999998,200-300,0%
Frozen Bottle,2026-07-31,WK 31,Yemalur,In Store,Lunch,FOFO,KA,1111.0,0.0,55.58,1111.0,0,6,0.0,185.16666666666666,100-200,0%
Frozen Bottle,2026-07-31,WK 31,Yemalur,In Store,Snacks,FOFO,KA,1490.1399999999999,0.0,74.54,1490.1399999999999,0,5,0.0,298.02799999999996,200-300,0%
Frozen Bottle,2026-07-31,WK 31,Yemalur,Swiggy,Dinner,FOFO,KA,1489.0,191.0,0.0,1630.0,0,6,11.717791411042946,248.16666666666666,200-300,10%-20%
Frozen Bottle,2026-07-31,WK 31,Yemalur,Swiggy,Late Night,FOFO,KA,187.0,171.0,0.0,358.0,0,1,47.76536312849162,187.0,100-200,40%-50%
Frozen Bottle,2026-07-31,WK 31,Yemalur,Swiggy,Lunch,FOFO,KA,329.0,0.0,0.0,319.0,0,1,0.0,329.0,300-400,0%
Frozen Bottle,2026-07-31,WK 31,Yemalur,Zomato,Dinner,FOFO,KA,2496.6,584.39,124.84,2950.99,0,8,19.80318469395017,312.075,300-400,10%-20%
Frozen Bottle,2026-07-31,WK 31,Yemalur,Zomato,Lunch,FOFO,KA,1023.0,0.0,51.2,983.0,0,1,0.0,1023.0,>900,0%
Frozen Bottle,2026-07-31,WK 31,Yemalur,Zomato,Snacks,FOFO,KA,719.0,200.0,35.96,889.0,0,2,22.49718785151856,359.5,300-400,20%-30%
Frozen Bottle,2026-07-31,WK 31,Zamin Pallavaram,In Store,Dinner,COCO,TN,938.92,292.08,46.96,1231.0,0,7,23.72705117790414,134.13142857142856,100-200,20%-30%
Frozen Bottle,2026-07-31,WK 31,Zamin Pallavaram,In Store,Late Night,COCO,TN,786.0,0.0,39.3,786.0,0,2,0.0,393.0,300-400,0%
Frozen Bottle,2026-07-31,WK 31,Zamin Pallavaram,In Store,Lunch,COCO,TN,1761.23,758.46,88.08000000000001,2519.69,0,15,30.101321988022338,117.41533333333334,100-200,30%-40%
Frozen Bottle,2026-07-31,WK 31,Zamin Pallavaram,In Store,Snacks,COCO,TN,1952.98,44.02,97.7,1997.0,0,8,2.2043064596895343,244.1225,200-300,1%-10%
Frozen Bottle,2026-07-31,WK 31,Zamin Pallavaram,Swiggy,Dinner,COCO,TN,4345.03,2422.3,0.0,6517.33,0,14,37.16706074420046,310.3592857142857,300-400,30%-40%
Frozen Bottle,2026-07-31,WK 31,Zamin Pallavaram,Swiggy,Late Night,COCO,TN,3303.0,1682.0,0.0,4815.0,0,10,34.932502596054,330.3,300-400,30%-40%
Frozen Bottle,2026-07-31,WK 31,Zamin Pallavaram,Swiggy,Lunch,COCO,TN,1212.3400000000001,527.99,0.0,1670.33,0,4,31.609921392778674,303.08500000000004,300-400,30%-40%
Frozen Bottle,2026-07-31,WK 31,Zamin Pallavaram,Swiggy,Snacks,COCO,TN,1474.01,586.99,0.0,1991.0,0,3,29.482169763937723,491.33666666666664,400-500,20%-30%
Frozen Bottle,2026-07-31,WK 31,Zamin Pallavaram,Zomato,Dinner,COCO,TN,1556.85,1290.85,77.88,2737.7,0,6,47.15089308543668,259.47499999999997,200-300,40%-50%
Frozen Bottle,2026-07-31,WK 31,Zamin Pallavaram,Zomato,Late Night,COCO,TN,1029.0,510.0,51.46,1489.0,0,3,34.25117528542646,343.0,300-400,30%-40%
Frozen Bottle,2026-07-31,WK 31,Zamin Pallavaram,Zomato,Lunch,COCO,TN,645.0,405.0,32.26,1030.0,0,2,39.32038834951456,322.5,300-400,30%-40%
Frozen Bottle,2026-07-31,WK 31,Zamin Pallavaram,Zomato,Snacks,COCO,TN,966.0,565.0,48.339999999999996,1481.0,0,2,38.149898717083055,483.0,400-500,30%-40%
Frozen Bottle,2026-08-01,WK 31,JP Nagar,In Store,Dinner,COCO,KA,995.0,0.0,49.76,995.0,0,1,0.0,995.0,>900,0%
Frozen Bottle,2026-08-01,WK 31,JP Nagar,In Store,Late Night,COCO,KA,318.0,0.0,15.9,318.0,0,1,0.0,318.0,300-400,0%
Lubov,2026-07-31,WK 31,Lubov Store,Others,Lunch,COCO,KA,17587.02,304.57,923.06,17891.59,0,3,1.7023081794295531,5862.34,>900,1%-10%
Lubov,2026-07-31,WK 31,Lubov Store,Others,Snacks,COCO,KA,430.08,0.0,37.92,430.08,0,1,0.0,430.08,400-500,0%
Madno,2026-07-30,WK 31,AECS Layout,Ownly,Dinner,COCO,KA,160.0,0.0,8.0,160.0,0,1,0.0,160.0,100-200,0%
Madno,2026-07-30,WK 31,AECS Layout,Ownly,Lunch,COCO,KA,160.0,0.0,8.0,160.0,0,1,0.0,160.0,100-200,0%
Madno,2026-07-30,WK 31,AECS Layout,Swiggy,Dinner,COCO,KA,1208.0,393.0,0.0,1531.0,0,3,25.66949706074461,402.6666666666667,400-500,20%-30%
Madno,2026-07-30,WK 31,AECS Layout,Swiggy,Late Night,COCO,KA,435.0,155.0,0.0,570.0,0,2,27.192982456140353,217.5,200-300,20%-30%
Madno,2026-07-30,WK 31,AECS Layout,Swiggy,Lunch,COCO,KA,258.0,200.0,0.0,438.0,0,1,45.662100456621005,258.0,200-300,40%-50%
Madno,2026-07-30,WK 31,AECS Layout,Swiggy,Snacks,COCO,KA,149.0,91.0,0.0,230.0,0,1,39.565217391304344,149.0,100-200,30%-40%
Madno,2026-07-30,WK 31,AECS Layout,Zomato,Dinner,COCO,KA,190.71,90.29,9.54,271.0,0,1,33.31734317343174,190.71,100-200,30%-40%
Madno,2026-07-30,WK 31,Alwarpet,Swiggy,Dinner,COCO,TN,399.0,151.0,0.0,530.0,0,2,28.49056603773585,199.5,100-200,20%-30%
Madno,2026-07-30,WK 31,Alwarpet,Swiggy,Lunch,COCO,TN,196.0,64.0,0.0,250.0,0,1,25.6,196.0,100-200,20%-30%
Madno,2026-07-30,WK 31,Alwarpet,Zomato,Dinner,COCO,TN,734.0,627.0,36.72,1311.0,0,2,47.82608695652174,367.0,300-400,40%-50%
Madno,2026-07-30,WK 31,Ananth Nagar,Swiggy,Dinner,COCO,KA,418.0,223.0,0.0,631.0,0,2,35.34072900158478,209.0,200-300,30%-40%
Madno,2026-07-30,WK 31,Ananth Nagar,Swiggy,Lunch,COCO,KA,230.0,60.0,0.0,280.0,0,1,21.428571428571427,230.0,200-300,20%-30%
Madno,2026-07-30,WK 31,Annanagar,Swiggy,Dinner,COCO,TN,79.0,92.0,0.0,171.0,0,1,53.80116959064327,79.0,0-100,50%-60%
Madno,2026-07-30,WK 31,Annanagar,Swiggy,Lunch,COCO,TN,701.01,119.99,0.0,791.0,0,1,15.169405815423515,701.01,600-900,10%-20%
Madno,2026-07-30,WK 31,Annanagar,Zomato,Dinner,COCO,TN,517.5,162.5,25.86,650.0,0,2,25.0,258.75,200-300,20%-30%
Madno,2026-07-30,WK 31,Annanagar,Zomato,Late Night,COCO,TN,180.5,160.5,9.04,321.0,0,1,50.0,180.5,100-200,40%-50%
Madno,2026-07-30,WK 31,Annanagar,Zomato,Lunch,COCO,TN,105.5,95.5,5.28,191.0,0,1,50.0,105.5,100-200,40%-50%
Madno,2026-07-30,WK 31,Aurangabad- 1,Swiggy,Dinner,FOFO,MH,280.0,50.0,0.0,320.0,0,1,15.625,280.0,200-300,10%-20%
Madno,2026-07-30,WK 31,Avadi,Swiggy,Breakfast,FOFO,TN,603.33,0.0,0.0,573.33,0,1,0.0,603.33,600-900,0%
Madno,2026-07-30,WK 31,BTM Layout,Ownly,Dinner,COCO,KA,160.0,0.0,8.0,160.0,0,1,0.0,160.0,100-200,0%
Madno,2026-07-30,WK 31,BTM Layout,Swiggy,Dinner,COCO,KA,176.0,64.0,0.0,230.0,0,1,27.82608695652174,176.0,100-200,20%-30%
Madno,2026-07-30,WK 31,BTM Layout,Swiggy,Late Night,COCO,KA,775.01,635.5,0.0,1330.51,0,4,47.763639506655345,193.7525,100-200,40%-50%
Madno,2026-07-30,WK 31,BTM Layout,Swiggy,Lunch,COCO,KA,60.0,63.33,0.0,113.33,0,1,55.88105532515662,60.0,0-100,50%-60%
Madno,2026-07-30,WK 31,BTM Layout,Zomato,Dinner,COCO,KA,840.38,614.47,42.06,1384.85,0,4,44.37087049138896,210.095,200-300,40%-50%
Madno,2026-07-30,WK 31,BTM Layout,Zomato,Late Night,COCO,KA,286.0,115.0,14.32,381.0,0,2,30.183727034120732,143.0,100-200,30%-40%
Madno,2026-07-30,WK 31,Badlapur,Swiggy,Dinner,COCO,MH,722.0,81.0,0.0,763.0,0,2,10.615989515072084,361.0,300-400,10%-20%
Madno,2026-07-30,WK 31,Badlapur,Swiggy,Snacks,COCO,MH,149.0,155.33,0.0,284.33,0,1,54.63018323778709,149.0,100-200,50%-60%
Madno,2026-07-30,WK 31,Badlapur,Zomato,Dinner,COCO,MH,1010.25,742.75,50.54,1683.0,0,5,44.13250148544266,202.05,200-300,40%-50%
Madno,2026-07-30,WK 31,Badlapur,Zomato,Lunch,COCO,MH,856.0,656.0,42.86,1442.0,0,3,45.49237170596394,285.3333333333333,200-300,40%-50%
Madno,2026-07-30,WK 31,Badlapur,Zomato,Snacks,COCO,MH,257.5,142.5,12.88,380.0,0,1,37.5,257.5,200-300,30%-40%
Madno,2026-07-30,WK 31,Banashankari,Swiggy,Late Night,COCO,KA,450.01,99.99,0.0,530.0,0,1,18.866037735849055,450.01,400-500,10%-20%
Madno,2026-07-30,WK 31,Banashankari,Zomato,Dinner,COCO,KA,546.5,465.5,27.36,972.0,0,2,47.890946502057616,273.25,200-300,40%-50%
Madno,2026-07-30,WK 31,Banashankari,Zomato,Late Night,COCO,KA,345.5,95.5,17.28,421.0,0,1,22.68408551068884,345.5,300-400,20%-30%
Madno,2026-07-30,WK 31,Banashankari,Zomato,Snacks,COCO,KA,205.0,135.0,10.26,330.0,0,1,40.909090909090914,205.0,200-300,40%-50%
Madno,2026-07-30,WK 31,Baner Road - Pune,Swiggy,Dinner,COCO,MH,442.8,198.2,0.0,611.0,0,2,32.43862520458265,221.4,200-300,30%-40%
Madno,2026-07-30,WK 31,Baner Road - Pune,Swiggy,Late Night,COCO,MH,178.0,184.0,0.0,362.0,0,1,50.82872928176796,178.0,100-200,50%-60%
Madno,2026-07-30,WK 31,Baner Road - Pune,Swiggy,Lunch,COCO,MH,862.0,399.0,0.0,1201.0,0,3,33.22231473771857,287.3333333333333,200-300,30%-40%
Madno,2026-07-30,WK 31,Baner Road - Pune,Swiggy,Snacks,COCO,MH,109.0,92.0,0.0,191.0,0,1,48.167539267015705,109.0,100-200,40%-50%
Madno,2026-07-30,WK 31,Baner Road - Pune,Zomato,Dinner,COCO,MH,871.0,723.0,43.58,1514.0,0,4,47.754293262879784,217.75,200-300,40%-50%
Madno,2026-07-30,WK 31,Baner Road - Pune,Zomato,Late Night,COCO,MH,565.45,518.55,28.3,1024.0,0,2,50.63964843749999,282.725,200-300,50%-60%
Madno,2026-07-30,WK 31,Baner Road - Pune,Zomato,Lunch,COCO,MH,210.5,190.5,10.54,381.0,0,1,50.0,210.5,200-300,40%-50%
Madno,2026-07-30,WK 31,Baner Road - Pune,Zomato,Snacks,COCO,MH,416.95,324.05,20.86,701.0,0,2,46.22681883024251,208.475,200-300,40%-50%
Madno,2026-07-30,WK 31,Basaveshwarnagar,Ownly,Dinner,COCO,KA,175.0,0.0,8.76,175.0,0,1,0.0,175.0,100-200,0%
Madno,2026-07-30,WK 31,Basaveshwarnagar,Swiggy,Late Night,COCO,KA,298.0,182.0,0.0,460.0,0,1,39.565217391304344,298.0,200-300,30%-40%
Madno,2026-07-30,WK 31,Bel Road,Ownly,Dinner,COCO,KA,264.0,0.0,13.2,264.0,0,1,0.0,264.0,200-300,0%
Madno,2026-07-30,WK 31,Bel Road,Swiggy,Dinner,COCO,KA,1803.0,933.0,0.0,2636.0,0,7,35.39453717754173,257.57142857142856,200-300,30%-40%
Madno,2026-07-30,WK 31,Bel Road,Swiggy,Lunch,COCO,KA,129.0,100.0,0.0,219.0,0,1,45.662100456621005,129.0,100-200,40%-50%
Madno,2026-07-30,WK 31,Bel Road,Swiggy,Snacks,COCO,KA,429.0,102.0,0.0,511.0,0,1,19.960861056751465,429.0,400-500,10%-20%
Madno,2026-07-30,WK 31,Bel Road,Zomato,Dinner,COCO,KA,1112.73,768.27,55.68,1801.0,0,6,42.65796779566907,185.455,100-200,40%-50%
Madno,2026-07-30,WK 31,Bel Road,Zomato,Late Night,COCO,KA,165.0,155.0,8.26,310.0,0,1,50.0,165.0,100-200,40%-50%
Madno,2026-07-30,WK 31,Bel Road,Zomato,Lunch,COCO,KA,210.5,190.5,10.54,381.0,0,1,50.0,210.5,200-300,40%-50%
Madno,2026-07-30,WK 31,Bel Road,Zomato,Snacks,COCO,KA,462.5,357.5,23.14,790.0,0,2,45.25316455696203,231.25,200-300,40%-50%
Madno,2026-07-30,WK 31,Berhampur,Swiggy,Dinner,FOFO,ROI,531.0,491.0,0.0,982.0,0,2,50.0,265.5,200-300,40%-50%
Madno,2026-07-30,WK 31,Besant Nagar,Swiggy,Late Night,COCO,TN,926.0,100.0,0.0,986.0,0,2,10.141987829614605,463.0,400-500,10%-20%
Madno,2026-07-30,WK 31,Besant Nagar,Swiggy,Lunch,COCO,TN,203.2,36.8,0.0,230.0,0,1,15.999999999999998,203.2,200-300,10%-20%
Madno,2026-07-30,WK 31,Besant Nagar,Zomato,Dinner,COCO,TN,165.0,155.0,8.26,310.0,0,1,50.0,165.0,100-200,40%-50%
Madno,2026-07-30,WK 31,Besant Nagar,Zomato,Late Night,COCO,TN,470.0,440.0,23.5,880.0,0,2,50.0,235.0,200-300,40%-50%
Madno,2026-07-30,WK 31,Bhubaneswar,Swiggy,Lunch,FOFO,ROI,461.0,0.0,0.0,441.0,0,1,0.0,461.0,400-500,0%
Madno,2026-07-30,WK 31,Bhubaneswar,Swiggy,Snacks,FOFO,ROI,461.0,0.0,0.0,441.0,0,1,0.0,461.0,400-500,0%
Madno,2026-07-30,WK 31,Bhubaneswar,Zomato,Dinner,FOFO,ROI,324.8,76.2,16.24,381.0,0,1,20.0,324.8,300-400,10%-20%
Madno,2026-07-30,WK 31,Byculla,Swiggy,Dinner,COCO,MH,409.0,100.0,0.0,489.0,0,1,20.449897750511248,409.0,400-500,20%-30%
Madno,2026-07-30,WK 31,Byculla,Swiggy,Late Night,COCO,MH,200.0,0.0,0.0,190.0,0,1,0.0,200.0,100-200,0%
Madno,2026-07-30,WK 31,Byculla,Swiggy,Snacks,COCO,MH,237.0,64.0,0.0,291.0,0,1,21.993127147766323,237.0,200-300,20%-30%
Madno,2026-07-30,WK 31,Byculla,Zomato,Dinner,COCO,MH,863.85,581.0,43.22,1374.85,0,2,42.259155544241196,431.925,400-500,40%-50%
Madno,2026-07-30,WK 31,Byculla,Zomato,Late Night,COCO,MH,420.0,380.0,21.0,760.0,0,1,50.0,420.0,400-500,40%-50%
Madno,2026-07-30,WK 31,Channasandra,Ownly,Snacks,COCO,KA,216.0,0.0,10.8,216.0,0,1,0.0,216.0,200-300,0%
Madno,2026-07-30,WK 31,Channasandra,Swiggy,Dinner,COCO,KA,1475.0,648.0,0.0,2033.0,0,3,31.874077717658633,491.6666666666667,400-500,30%-40%
Madno,2026-07-30,WK 31,Channasandra,Swiggy,Snacks,COCO,KA,312.2,128.8,0.0,421.0,0,1,30.593824228028506,312.2,300-400,30%-40%
Madno,2026-07-30,WK 31,Channasandra,Zomato,Dinner,COCO,KA,641.0,501.0,32.06,1102.0,0,2,45.46279491833031,320.5,300-400,40%-50%
Madno,2026-07-30,WK 31,Channasandra,Zomato,Lunch,COCO,KA,596.5,516.5,29.86,1063.0,0,3,48.58889934148636,198.83333333333334,100-200,40%-50%
Madno,2026-07-30,WK 31,Channasandra,Zomato,Snacks,COCO,KA,210.5,190.5,10.54,381.0,0,1,50.0,210.5,200-300,40%-50%
Madno,2026-07-30,WK 31,Chikkabellandur,Swiggy,Dinner,FOFO,KA,1936.71,641.29,0.0,2488.0,0,4,25.77532154340836,484.1775,400-500,20%-30%
Madno,2026-07-30,WK 31,Chikkabellandur,Zomato,Closing,FOFO,KA,702.0,0.0,35.120000000000005,672.0,0,3,0.0,234.0,200-300,0%
Madno,2026-07-30,WK 31,Chikkabellandur,Zomato,Dinner,FOFO,KA,670.0,50.0,33.5,690.0,0,3,7.246376811594203,223.33333333333334,200-300,1%-10%
Madno,2026-07-30,WK 31,Chikkabellandur,Zomato,Late Night,FOFO,KA,631.0,100.0,31.56,701.0,0,2,14.265335235378032,315.5,300-400,10%-20%
Madno,2026-07-30,WK 31,Chikkabellandur,Zomato,Lunch,FOFO,KA,200.0,0.0,10.0,190.0,0,1,0.0,200.0,100-200,0%
Madno,2026-07-30,WK 31,Chikkabellandur,Zomato,Snacks,FOFO,KA,381.0,50.0,19.04,411.0,0,1,12.165450121654501,381.0,300-400,10%-20%
Madno,2026-07-30,WK 31,Dahisar,Swiggy,Dinner,COCO,MH,109.0,42.0,0.0,151.0,0,1,27.81456953642384,109.0,100-200,20%-30%
Madno,2026-07-30,WK 31,Dahisar,Zomato,Late Night,COCO,MH,189.64,0.0,9.48,179.64,0,1,0.0,189.64,100-200,0%
Madno,2026-07-30,WK 31,Dahisar,Zomato,Lunch,COCO,MH,661.0,460.0,33.06,1071.0,0,2,42.95051353874883,330.5,300-400,40%-50%
Madno,2026-07-30,WK 31,Electronic city,Zomato,Dinner,FOFO,KA,460.0,50.0,23.0,490.0,0,2,10.204081632653061,230.0,200-300,10%-20%
Madno,2026-07-30,WK 31,Electronic city,Zomato,Snacks,FOFO,KA,210.0,80.0,10.5,280.0,0,1,28.57142857142857,210.0,200-300,20%-30%
Madno,2026-07-30,WK 31,Erode,Swiggy,Dinner,COCO,TN,565.0,246.0,0.0,781.0,0,2,31.498079385403326,282.5,200-300,30%-40%
Madno,2026-07-30,WK 31,Erode,Swiggy,Late Night,COCO,TN,404.0,246.0,0.0,620.0,0,2,39.67741935483871,202.0,200-300,30%-40%
Madno,2026-07-30,WK 31,Erode,Swiggy,Snacks,COCO,TN,933.0,386.0,0.0,1269.0,0,3,30.41765169424744,311.0,300-400,30%-40%
Madno,2026-07-30,WK 31,Erode,Zomato,Dinner,COCO,TN,182.5,57.5,9.12,230.0,0,1,25.0,182.5,100-200,20%-30%
Madno,2026-07-30,WK 31,Erode,Zomato,Late Night,COCO,TN,75.5,65.5,3.78,131.0,0,1,50.0,75.5,0-100,40%-50%
Madno,2026-07-30,WK 31,Erode,Zomato,Lunch,COCO,TN,196.0,135.0,9.8,321.0,0,1,42.05607476635514,196.0,100-200,40%-50%
Madno,2026-07-30,WK 31,Express Avenue Mall,Swiggy,Dinner,COCO,TN,228.0,91.0,0.0,319.0,0,1,28.526645768025077,228.0,200-300,20%-30%
Madno,2026-07-30,WK 31,Express Avenue Mall,Zomato,Dinner,COCO,TN,421.5,381.5,21.1,763.0,0,1,50.0,421.5,400-500,40%-50%
Madno,2026-07-30,WK 31,Express Avenue Mall,Zomato,Late Night,COCO,TN,226.5,196.5,11.34,393.0,0,1,50.0,226.5,200-300,40%-50%
Madno,2026-07-30,WK 31,Express Avenue Mall,Zomato,Snacks,COCO,TN,210.5,190.5,10.54,381.0,0,1,50.0,210.5,200-300,40%-50%
Madno,2026-07-30,WK 31,Frazer Town,Swiggy,Dinner,COCO,KA,406.2,271.46,0.0,637.66,0,1,42.57127622871123,406.2,400-500,40%-50%
Madno,2026-07-30,WK 31,Frazer Town,Swiggy,Late Night,COCO,KA,507.0,401.65999999999997,0.0,858.66,0,2,46.77753709267929,253.5,200-300,40%-50%
Madno,2026-07-30,WK 31,Frazer Town,Swiggy,Snacks,COCO,KA,159.0,72.0,0.0,231.0,0,1,31.16883116883117,159.0,100-200,30%-40%
Madno,2026-07-30,WK 31,Frazer Town,Zomato,Dinner,COCO,KA,376.0,225.0,18.8,581.0,0,1,38.7263339070568,376.0,300-400,30%-40%
Madno,2026-07-30,WK 31,Gangadham,Zomato,Dinner,FOFO,MH,229.0,0.0,11.46,219.0,0,1,0.0,229.0,200-300,0%
Madno,2026-07-30,WK 31,Guduvanchery,Swiggy,Dinner,COCO,TN,1226.0,405.0,0.0,1581.0,0,4,25.616698292220114,306.5,300-400,20%-30%
Madno,2026-07-30,WK 31,Guduvanchery,Swiggy,Snacks,COCO,TN,510.0,0.0,0.0,490.0,0,2,0.0,255.0,200-300,0%
Madno,2026-07-30,WK 31,Guduvanchery,Zomato,Dinner,COCO,TN,315.5,285.5,15.8,571.0,0,1,50.0,315.5,300-400,40%-50%
Madno,2026-07-30,WK 31,Guduvanchery,Zomato,Snacks,COCO,TN,175.0,135.0,8.76,300.0,0,1,45.0,175.0,100-200,40%-50%
Madno,2026-07-30,WK 31,Gunjur,Swiggy,Dinner,COCO,KA,149.0,91.0,0.0,230.0,0,1,39.565217391304344,149.0,100-200,30%-40%
Madno,2026-07-30,WK 31,Gunjur,Zomato,Dinner,COCO,KA,210.0,190.0,10.5,380.0,0,1,50.0,210.0,200-300,40%-50%
Madno,2026-07-30,WK 31,Gunjur,Zomato,Lunch,COCO,KA,405.5,185.5,20.28,561.0,0,1,33.06595365418895,405.5,400-500,30%-40%
Madno,2026-07-30,WK 31,HSR Layout,Swiggy,Dinner,COCO,KA,325.0,164.0,0.0,469.0,0,2,34.9680170575693,162.5,100-200,30%-40%
Madno,2026-07-30,WK 31,HSR Layout,Swiggy,Late Night,COCO,KA,1124.8,466.2,0.0,1521.0,0,5,30.650887573964496,224.95999999999998,200-300,30%-40%
Madno,2026-07-30,WK 31,HSR Layout,Zomato,Late Night,COCO,KA,351.5,100.5,17.58,432.0,0,2,23.26388888888889,175.75,100-200,20%-30%
Madno,2026-07-30,WK 31,Hafizpet,Swiggy,Dinner,FOFO,AP & TL,229.0,1.0,0.0,230.0,0,1,0.43478260869565216,229.0,200-300,1%-10%
Madno,2026-07-30,WK 31,Hafizpet,Swiggy,Snacks,FOFO,AP & TL,171.5,28.5,0.0,190.0,0,1,15.0,171.5,100-200,10%-20%
Madno,2026-07-30,WK 31,Hafizpet,Zomato,Lunch,FOFO,AP & TL,200.0,140.0,10.0,330.0,0,1,42.42424242424242,200.0,100-200,40%-50%
Madno,2026-07-30,WK 31,Harlur Road,Ownly,Dinner,COCO,KA,424.0,0.0,21.2,424.0,0,1,0.0,424.0,400-500,0%
Madno,2026-07-30,WK 31,Harlur Road,Swiggy,Dinner,COCO,KA,810.0,60.0,0.0,840.0,0,2,7.142857142857142,405.0,400-500,1%-10%
Madno,2026-07-30,WK 31,Harlur Road,Swiggy,Lunch,COCO,KA,149.0,91.0,0.0,230.0,0,1,39.565217391304344,149.0,100-200,30%-40%
Madno,2026-07-30,WK 31,Harlur Road,Swiggy,Snacks,COCO,KA,340.0,320.0,0.0,640.0,0,1,50.0,340.0,300-400,40%-50%
Madno,2026-07-30,WK 31,Harlur Road,Zomato,Breakfast,COCO,KA,151.0,131.0,7.56,262.0,0,1,50.0,151.0,100-200,40%-50%
Madno,2026-07-30,WK 31,Harlur Road,Zomato,Lunch,COCO,KA,817.0,346.0,40.879999999999995,1123.0,0,2,30.81032947462155,408.5,400-500,30%-40%
Madno,2026-07-30,WK 31,Harlur Road,Zomato,Snacks,COCO,KA,447.0,395.0,22.38,802.0,0,1,49.251870324189525,447.0,400-500,40%-50%
Madno,2026-07-30,WK 31,Hinjewadi,Swiggy,Closing,COCO,MH,417.01,63.99,0.0,461.0,0,1,13.88069414316703,417.01,400-500,10%-20%
Madno,2026-07-30,WK 31,Hinjewadi,Swiggy,Dinner,COCO,MH,733.0,278.0,0.0,961.0,0,4,28.92819979188345,183.25,100-200,20%-30%
Madno,2026-07-30,WK 31,Hinjewadi,Swiggy,Late Night,COCO,MH,159.0,31.0,0.0,190.0,0,1,16.315789473684212,159.0,100-200,10%-20%
Madno,2026-07-30,WK 31,Hinjewadi,Zomato,Dinner,COCO,MH,523.5,457.5,26.2,941.0,0,3,48.618490967056324,174.5,100-200,40%-50%
Madno,2026-07-30,WK 31,Hinjewadi,Zomato,Late Night,COCO,MH,587.5,346.5,29.4,884.0,0,2,39.19683257918552,293.75,200-300,30%-40%
Madno,2026-07-30,WK 31,Hinjewadi Phase 3,Swiggy,Dinner,COCO,MH,943.0,228.0,0.0,1131.0,0,4,20.159151193633953,235.75,200-300,20%-30%
Madno,2026-07-30,WK 31,Hinjewadi Phase 3,Swiggy,Late Night,COCO,MH,149.0,91.0,0.0,230.0,0,1,39.565217391304344,149.0,100-200,30%-40%
Madno,2026-07-30,WK 31,Hinjewadi Phase 3,Swiggy,Snacks,COCO,MH,181.0,0.0,0.0,171.0,0,1,0.0,181.0,100-200,0%
Madno,2026-07-30,WK 31,Hinjewadi Phase 3,Zomato,Dinner,COCO,MH,904.5,470.5,45.24,1315.0,0,3,35.77946768060836,301.5,300-400,30%-40%
Madno,2026-07-30,WK 31,Hinjewadi Phase 3,Zomato,Late Night,COCO,MH,591.0,271.0,29.56,832.0,0,1,32.57211538461539,591.0,500-600,30%-40%
Madno,2026-07-30,WK 31,ITPL,Swiggy,Late Night,COCO,KA,221.6,18.4,0.0,230.0,0,1,7.999999999999999,221.6,200-300,1%-10%
Madno,2026-07-30,WK 31,ITPL,Zomato,Dinner,COCO,KA,105.0,95.0,5.26,190.0,0,1,50.0,105.0,100-200,40%-50%
Madno,2026-07-30,WK 31,ITPL,Zomato,Late Night,COCO,KA,152.5,47.5,7.62,190.0,0,1,25.0,152.5,100-200,20%-30%
Madno,2026-07-30,WK 31,ITPL,Zomato,Snacks,COCO,KA,1145.5,1035.5,57.34,2071.0,0,3,50.0,381.8333333333333,300-400,40%-50%
Madno,2026-07-30,WK 31,Indiranagar - CK,Ownly,Dinner,COCO,KA,118.0,0.0,5.9,118.0,0,1,0.0,118.0,100-200,0%
Madno,2026-07-30,WK 31,Indiranagar - CK,Ownly,Late Night,COCO,KA,195.0,0.0,9.76,195.0,0,1,0.0,195.0,100-200,0%
Madno,2026-07-30,WK 31,Indiranagar - CK,Swiggy,Dinner,COCO,KA,620.0,40.0,0.0,640.0,0,2,6.25,310.0,300-400,1%-10%
Madno,2026-07-30,WK 31,Indiranagar - CK,Swiggy,Lunch,COCO,KA,203.2,36.8,0.0,230.0,0,1,15.999999999999998,203.2,200-300,10%-20%
Madno,2026-07-30,WK 31,Indiranagar - CK,Swiggy,Snacks,COCO,KA,539.0,181.0,0.0,690.0,0,1,26.231884057971016,539.0,500-600,20%-30%
Madno,2026-07-30,WK 31,Indiranagar - CK,Zomato,Dinner,COCO,KA,866.0,816.0,43.32,1632.0,0,2,50.0,433.0,400-500,40%-50%
Madno,2026-07-30,WK 31,Indiranagar - CK,Zomato,Lunch,COCO,KA,150.0,140.0,7.5,280.0,0,1,50.0,150.0,100-200,40%-50%
Madno,2026-07-30,WK 31,Iyyappanthangal - CK,Swiggy,Dinner,COCO,TN,2599.82,971.1800000000001,0.0,3401.0,0,8,28.55571890620406,324.9775,300-400,20%-30%
Madno,2026-07-30,WK 31,Iyyappanthangal - CK,Swiggy,Late Night,COCO,TN,1276.4099999999999,736.59,0.0,1923.0,0,5,38.30421216848674,255.28199999999998,200-300,30%-40%
Madno,2026-07-30,WK 31,Iyyappanthangal - CK,Swiggy,Lunch,COCO,TN,268.0,162.0,0.0,410.0,0,1,39.51219512195122,268.0,200-300,30%-40%
Madno,2026-07-30,WK 31,Iyyappanthangal - CK,Swiggy,Snacks,COCO,TN,525.0,64.0,0.0,569.0,0,2,11.247803163444638,262.5,200-300,10%-20%
Madno,2026-07-30,WK 31,Iyyappanthangal - CK,Zomato,Dinner,COCO,TN,1047.0,708.0,52.379999999999995,1685.0,0,4,42.01780415430267,261.75,200-300,40%-50%
Madno,2026-07-30,WK 31,Iyyappanthangal - CK,Zomato,Lunch,COCO,TN,421.0,381.0,21.08,762.0,0,2,50.0,210.5,200-300,40%-50%
Madno,2026-07-30,WK 31,JP Nagar,Ownly,Snacks,COCO,KA,160.0,0.0,8.0,160.0,0,1,0.0,160.0,100-200,0%
Madno,2026-07-30,WK 31,JP Nagar,Swiggy,Breakfast,COCO,KA,149.0,91.0,0.0,230.0,0,1,39.565217391304344,149.0,100-200,30%-40%
Madno,2026-07-30,WK 31,JP Nagar,Swiggy,Dinner,COCO,KA,358.0,182.0,0.0,520.0,0,2,35.0,179.0,100-200,30%-40%
Madno,2026-07-30,WK 31,Jamshedpur,Swiggy,Lunch,FOFO,ROI,143.7,57.3,0.0,191.0,0,1,30.0,143.7,100-200,20%-30%
Madno,2026-07-30,WK 31,Jamshedpur,Zomato,Dinner,FOFO,ROI,171.0,69.0,8.56,230.0,0,1,30.0,171.0,100-200,20%-30%
Madno,2026-07-30,WK 31,Jamshedpur,Zomato,Snacks,FOFO,ROI,1600.0,0.0,80.0,1520.0,0,1,0.0,1600.0,>900,0%
Madno,2026-07-30,WK 31,Jim Corbett,Swiggy,Dinner,FOFO,ROI,121.0,120.0,0.0,231.0,0,1,51.94805194805194,121.0,100-200,50%-60%
Madno,2026-07-30,WK 31,Kadubisanahalli - CF CK,Ownly,Dinner,COCO,KA,475.0,0.0,23.759999999999998,475.0,0,2,0.0,237.5,200-300,0%
Madno,2026-07-30,WK 31,Kadubisanahalli - CF CK,Ownly,Late Night,COCO,KA,125.0,0.0,6.26,125.0,0,1,0.0,125.0,100-200,0%
Madno,2026-07-30,WK 31,Kadubisanahalli - CF CK,Swiggy,Dinner,COCO,KA,188.0,194.0,0.0,362.0,0,1,53.591160220994475,188.0,100-200,50%-60%
Madno,2026-07-30,WK 31,Kadubisanahalli - CF CK,Zomato,Dinner,COCO,KA,185.0,135.0,9.26,310.0,0,1,43.54838709677419,185.0,100-200,40%-50%
Madno,2026-07-30,WK 31,Kadubisanahalli - CF CK,Zomato,Late Night,COCO,KA,574.0,455.0,28.72,999.0,0,2,45.545545545545544,287.0,200-300,40%-50%
Madno,2026-07-30,WK 31,Kadubisanahalli - CF CK,Zomato,Snacks,COCO,KA,150.0,140.0,7.5,280.0,0,1,50.0,150.0,100-200,40%-50%
Madno,2026-07-30,WK 31,Kakkanad,Swiggy,Dinner,COCO,Kerela,109.0,92.0,0.0,191.0,0,1,48.167539267015705,109.0,100-200,40%-50%
Madno,2026-07-30,WK 31,Kakkanad,Swiggy,Lunch,COCO,Kerela,204.04,36.96,0.0,231.0,0,1,16.0,204.04,200-300,10%-20%
Madno,2026-07-30,WK 31,Kakkanad,Zomato,Dinner,COCO,Kerela,300.6,211.4,15.040000000000001,492.0,0,2,42.96747967479675,150.3,100-200,40%-50%
Madno,2026-07-30,WK 31,Kakkanad,Zomato,Late Night,COCO,Kerela,720.0,490.0,36.019999999999996,1170.0,0,2,41.88034188034188,360.0,300-400,40%-50%
Madno,2026-07-30,WK 31,Kakkanad,Zomato,Lunch,COCO,Kerela,760.0,490.0,38.019999999999996,1200.0,0,3,40.833333333333336,253.33333333333334,200-300,40%-50%
Madno,2026-07-30,WK 31,Kakkanad,Zomato,Snacks,COCO,Kerela,190.0,60.0,9.5,240.0,0,1,25.0,190.0,100-200,20%-30%
Madno,2026-07-30,WK 31,Kalyan,Others,Dinner,COCO,MH,88.6,112.4,4.42,191.0,0,1,58.84816753926702,88.6,0-100,50%-60%
Madno,2026-07-30,WK 31,Kalyan,Zomato,Dinner,COCO,MH,288.25,182.75,14.42,451.0,0,2,40.52106430155211,144.125,100-200,40%-50%
Madno,2026-07-30,WK 31,Kalyan,Zomato,Late Night,COCO,MH,335.0,315.0,16.759999999999998,630.0,0,2,50.0,167.5,100-200,40%-50%
Madno,2026-07-30,WK 31,Kammanhalli,Ownly,Dinner,COCO,KA,244.0,0.0,12.2,244.0,0,1,0.0,244.0,200-300,0%
Madno,2026-07-30,WK 31,Kammanhalli,Swiggy,Dinner,COCO,KA,746.0,96.0,0.0,802.0,0,3,11.970074812967582,248.66666666666666,200-300,10%-20%
Madno,2026-07-30,WK 31,Kammanhalli,Swiggy,Late Night,COCO,KA,461.4,275.26,0.0,696.66,0,3,39.51138288404674,153.79999999999998,100-200,30%-40%
Madno,2026-07-30,WK 31,Kammanhalli,Swiggy,Snacks,COCO,KA,129.0,100.0,0.0,219.0,0,1,45.662100456621005,129.0,100-200,40%-50%
Madno,2026-07-30,WK 31,Kammanhalli,Zomato,Late Night,COCO,KA,210.0,190.0,10.52,380.0,0,1,50.0,210.0,200-300,40%-50%
Madno,2026-07-30,WK 31,Kammanhalli,Zomato,Lunch,COCO,KA,155.03,60.97,7.76,206.0,0,1,29.597087378640772,155.03,100-200,20%-30%
Madno,2026-07-30,WK 31,Kamothe,Swiggy,Dinner,COCO,MH,2016.0,896.0,0.0,2862.0,0,3,31.3067784765898,672.0,600-900,30%-40%
Madno,2026-07-30,WK 31,Kamothe,Zomato,Dinner,COCO,MH,1032.0,561.0,51.620000000000005,1523.0,0,2,36.835193696651345,516.0,500-600,30%-40%
Madno,2026-07-30,WK 31,Kanakapura,Ownly,Dinner,COCO,KA,292.0,0.0,14.6,292.0,0,2,0.0,146.0,100-200,0%
Madno,2026-07-30,WK 31,Kanakapura,Swiggy,Dinner,COCO,KA,790.0,413.0,0.0,1183.0,0,3,34.9112426035503,263.3333333333333,200-300,30%-40%
Madno,2026-07-30,WK 31,Kanakapura,Swiggy,Late Night,COCO,KA,808.01,225.84,0.0,1003.85,0,2,22.497385067490164,404.005,400-500,20%-30%
Madno,2026-07-30,WK 31,Kanakapura,Swiggy,Lunch,COCO,KA,351.0,60.0,0.0,401.0,0,1,14.962593516209477,351.0,300-400,10%-20%
Madno,2026-07-30,WK 31,Kanakapura,Swiggy,Snacks,COCO,KA,229.0,192.0,0.0,421.0,0,1,45.605700712589076,229.0,200-300,40%-50%
Madno,2026-07-30,WK 31,Kanakapura,Zomato,Dinner,COCO,KA,511.5,490.5,25.619999999999997,952.0,0,3,51.523109243697476,170.5,100-200,50%-60%
Madno,2026-07-30,WK 31,Kanakapura,Zomato,Late Night,COCO,KA,570.5,450.5,28.54,971.0,0,2,46.39546858908342,285.25,200-300,40%-50%
Madno,2026-07-30,WK 31,Kanakapura,Zomato,Lunch,COCO,KA,261.0,180.0,13.04,421.0,0,1,42.75534441805225,261.0,200-300,40%-50%
Madno,2026-07-30,WK 31,Kanakapura,Zomato,Snacks,COCO,KA,511.5,479.5,25.62,941.0,0,2,50.95642933049946,255.75,200-300,50%-60%
Madno,2026-07-30,WK 31,Kempfort,Ownly,Dinner,COCO,KA,292.0,0.0,14.6,292.0,0,2,0.0,146.0,100-200,0%
Madno,2026-07-30,WK 31,Kempfort,Ownly,Snacks,COCO,KA,132.0,0.0,6.6,132.0,0,1,0.0,132.0,100-200,0%
Madno,2026-07-30,WK 31,Kempfort,Swiggy,Dinner,COCO,KA,430.0,251.0,0.0,651.0,0,2,38.556067588325654,215.0,200-300,30%-40%
Madno,2026-07-30,WK 31,Kempfort,Swiggy,Late Night,COCO,KA,145.0,96.0,0.0,231.0,0,1,41.55844155844156,145.0,100-200,40%-50%
Madno,2026-07-30,WK 31,Kempfort,Zomato,Late Night,COCO,KA,315.0,285.0,15.78,570.0,0,2,50.0,157.5,100-200,40%-50%
Madno,2026-07-30,WK 31,Khar,Swiggy,Dinner,COCO,MH,450.0,100.0,0.0,530.0,0,1,18.867924528301888,450.0,400-500,10%-20%
Madno,2026-07-30,WK 31,Khar,Swiggy,Snacks,COCO,MH,317.0,265.0,0.0,552.0,0,1,48.007246376811594,317.0,300-400,40%-50%
Madno,2026-07-30,WK 31,Khar,Zomato,Dinner,COCO,MH,300.0,180.0,15.0,460.0,0,1,39.130434782608695,300.0,200-300,30%-40%
Madno,2026-07-30,WK 31,Khar,Zomato,Lunch,COCO,MH,199.0,230.0,9.96,409.0,0,1,56.234718826405874,199.0,100-200,50%-60%
Madno,2026-07-30,WK 31,Kharghar,Swiggy,Snacks,FOFO,MH,735.5,504.5,0.0,1180.0,0,2,42.75423728813559,367.75,300-400,40%-50%
Madno,2026-07-30,WK 31,Kolar- Highway Star,Swiggy,Lunch,COCO,KA,149.0,91.0,0.0,230.0,0,1,39.565217391304344,149.0,100-200,30%-40%
Madno,2026-07-30,WK 31,Kolar- Highway Star,Zomato,Snacks,COCO,KA,300.0,280.0,15.0,560.0,0,1,50.0,300.0,200-300,40%-50%
Madno,2026-07-30,WK 31,Kolathur,Swiggy,Late Night,COCO,TN,270.0,40.0,0.0,300.0,0,1,13.333333333333334,270.0,200-300,10%-20%
Madno,2026-07-30,WK 31,Kolathur,Swiggy,Lunch,COCO,TN,201.0,0.0,0.0,191.0,0,1,0.0,201.0,200-300,0%
Madno,2026-07-30,WK 31,Kolathur,Swiggy,Snacks,COCO,TN,565.0,399.0,0.0,914.0,0,1,43.65426695842451,565.0,500-600,40%-50%
Madno,2026-07-30,WK 31,Kolathur,Zomato,Dinner,COCO,TN,315.0,285.0,15.76,570.0,0,1,50.0,315.0,300-400,40%-50%
Madno,2026-07-30,WK 31,Kolathur,Zomato,Late Night,COCO,TN,405.0,165.0,20.26,550.0,0,1,30.0,405.0,400-500,20%-30%
Madno,2026-07-30,WK 31,Kolathur,Zomato,Lunch,COCO,TN,1049.75,443.25,52.54,1433.0,0,3,30.931612002791347,349.9166666666667,300-400,30%-40%
Madno,2026-07-30,WK 31,Kondhwa,Swiggy,Late Night,FOFO,MH,189.0,2.0,0.0,191.0,0,1,1.0471204188481675,189.0,100-200,1%-10%
Madno,2026-07-30,WK 31,Kondhwa,Zomato,Dinner,FOFO,MH,334.3,65.7,16.72,380.0,0,1,17.289473684210527,334.3,300-400,10%-20%
Madno,2026-07-30,WK 31,Koramangala,Swiggy,Dinner,COCO,KA,174.0,76.0,0.0,250.0,0,1,30.4,174.0,100-200,30%-40%
Madno,2026-07-30,WK 31,Koramangala,Swiggy,Late Night,COCO,KA,589.0,322.0,0.0,871.0,0,3,36.969001148105626,196.33333333333334,100-200,30%-40%
Madno,2026-07-30,WK 31,Koramangala,Swiggy,Lunch,COCO,KA,278.0,154.0,0.0,412.0,0,1,37.37864077669903,278.0,200-300,30%-40%
Madno,2026-07-30,WK 31,Koramangala,Swiggy,Snacks,COCO,KA,658.01,247.32,0.0,875.3299999999999,0,3,28.25448687923412,219.33666666666667,200-300,20%-30%
Madno,2026-07-30,WK 31,Koramangala,Zomato,Snacks,COCO,KA,175.0,135.0,8.76,300.0,0,1,45.0,175.0,100-200,40%-50%
Madno,2026-07-30,WK 31,Koregaon Park - Pune,Swiggy,Dinner,COCO,MH,184.8,55.2,0.0,230.0,0,1,24.000000000000004,184.8,100-200,20%-30%
Madno,2026-07-30,WK 31,Koregaon Park - Pune,Swiggy,Snacks,COCO,MH,179.0,91.0,0.0,260.0,0,1,35.0,179.0,100-200,30%-40%
Madno,2026-07-30,WK 31,Koregaon Park - Pune,Zomato,Snacks,COCO,MH,175.0,135.0,8.76,300.0,0,1,45.0,175.0,100-200,40%-50%
Madno,2026-07-30,WK 31,Kothanur,Swiggy,Dinner,FOFO,KA,250.0,60.0,0.0,300.0,0,1,20.0,250.0,200-300,10%-20%
Madno,2026-07-30,WK 31,Kothanur,Swiggy,Snacks,FOFO,KA,1049.01,255.99,0.0,1245.0,0,2,20.56144578313253,524.505,500-600,20%-30%
Madno,2026-07-30,WK 31,Lokhandwala,Swiggy,Dinner,COCO,MH,1516.81,635.19,0.0,2052.0,0,6,30.9546783625731,252.80166666666665,200-300,30%-40%
Madno,2026-07-30,WK 31,Lokhandwala,Swiggy,Lunch,COCO,MH,149.0,91.0,0.0,230.0,0,1,39.565217391304344,149.0,100-200,30%-40%
Madno,2026-07-30,WK 31,Lokhandwala,Swiggy,Snacks,COCO,MH,420.0,100.0,0.0,500.0,0,1,20.0,420.0,400-500,10%-20%
Madno,2026-07-30,WK 31,Lokhandwala,Zomato,Dinner,COCO,MH,1336.1399999999999,775.5,66.84,2021.6399999999999,0,4,38.359945390870784,334.03499999999997,300-400,30%-40%
Madno,2026-07-30,WK 31,Lokhandwala,Zomato,Snacks,COCO,MH,210.0,190.0,10.5,380.0,0,1,50.0,210.0,200-300,40%-50%
Madno,2026-07-30,WK 31,Madno - Akshay Nagar,In Store,Dinner,FOFO,KA,1279.0,0.0,63.98,1279.0,0,5,0.0,255.8,200-300,0%
Madno,2026-07-30,WK 31,Madno - Akshay Nagar,In Store,Late Night,FOFO,KA,49.0,0.0,2.46,49.0,0,1,0.0,49.0,0-100,0%
Madno,2026-07-30,WK 31,Madno - Akshay Nagar,In Store,Snacks,FOFO,KA,774.0,0.0,38.74,774.0,0,5,0.0,154.8,100-200,0%
Madno,2026-07-30,WK 31,Madno - Akshay Nagar,Swiggy,Dinner,FOFO,KA,718.0,393.0,0.0,1061.0,0,3,37.040527803958526,239.33333333333334,200-300,30%-40%
Madno,2026-07-30,WK 31,Madno - Akshay Nagar,Swiggy,Late Night,FOFO,KA,234.0,208.0,0.0,422.0,0,2,49.28909952606635,117.0,100-200,40%-50%
Madno,2026-07-30,WK 31,Madno - Akshay Nagar,Swiggy,Snacks,FOFO,KA,323.0,208.0,0.0,511.0,0,2,40.704500978473575,161.5,100-200,40%-50%
Madno,2026-07-30,WK 31,Madno - Akshay Nagar,Zomato,Dinner,FOFO,KA,1173.0,777.0,58.66,1890.0,0,4,41.11111111111111,293.25,200-300,40%-50%
Madno,2026-07-30,WK 31,Madno - Akshay Nagar,Zomato,Lunch,FOFO,KA,580.0,270.0,29.0,820.0,0,3,32.926829268292686,193.33333333333334,100-200,30%-40%
Madno,2026-07-30,WK 31,Madno - Basaveshwaranagar,In Store,Dinner,FOFO,KA,406.0,0.0,20.32,406.0,0,3,0.0,135.33333333333334,100-200,0%
Madno,2026-07-30,WK 31,Madno - Basaveshwaranagar,In Store,Snacks,FOFO,KA,1187.23,0.0,59.38,1187.23,0,2,0.0,593.615,500-600,0%
Madno,2026-07-30,WK 31,Madno - Basaveshwaranagar,Swiggy,Dinner,FOFO,KA,246.0,64.0,0.0,300.0,0,1,21.333333333333336,246.0,200-300,20%-30%
Madno,2026-07-30,WK 31,Madno - Basaveshwaranagar,Swiggy,Lunch,FOFO,KA,90.0,101.0,0.0,191.0,0,1,52.879581151832454,90.0,0-100,50%-60%
Madno,2026-07-30,WK 31,Madno - Basaveshwaranagar,Swiggy,Snacks,FOFO,KA,201.0,0.0,0.0,191.0,0,1,0.0,201.0,200-300,0%
Madno,2026-07-30,WK 31,Madno - Basaveshwaranagar,Zomato,Snacks,FOFO,KA,540.5,500.5,27.060000000000002,1001.0,0,2,50.0,270.25,200-300,40%-50%
Madno,2026-07-30,WK 31,Madno - Eluru,In Store,Dinner,FOFO,AP & TL,1714.0,0.0,85.72,1714.0,0,5,0.0,342.8,300-400,0%
Madno,2026-07-30,WK 31,Madno - Eluru,In Store,Lunch,FOFO,AP & TL,974.0,0.0,48.7,974.0,0,2,0.0,487.0,400-500,0%
Madno,2026-07-30,WK 31,Madno - Eluru,In Store,Snacks,FOFO,AP & TL,606.0,0.0,30.32,606.0,0,3,0.0,202.0,200-300,0%
Madno,2026-07-30,WK 31,Madno - Eluru,Swiggy,Snacks,FOFO,AP & TL,491.0,0.0,0.0,471.0,0,1,0.0,491.0,400-500,0%
Madno,2026-07-30,WK 31,Madno - Eluru,Zomato,Dinner,FOFO,AP & TL,805.0,175.0,40.239999999999995,940.0,0,3,18.617021276595743,268.3333333333333,200-300,10%-20%
Madno,2026-07-30,WK 31,Madno - Eluru,Zomato,Lunch,FOFO,AP & TL,801.0,80.0,40.06,841.0,0,4,9.512485136741974,200.25,200-300,1%-10%
Madno,2026-07-30,WK 31,Madno - Eluru,Zomato,Snacks,FOFO,AP & TL,2057.0,446.0,102.88,2403.0,0,8,18.56013316687474,257.125,200-300,10%-20%
Madno,2026-07-30,WK 31,Madno - Gandipet,In Store,Dinner,FOFO,AP & TL,1303.0,0.0,65.16,1303.0,0,3,0.0,434.3333333333333,400-500,0%
Madno,2026-07-30,WK 31,Madno - Gandipet,In Store,Late Night,FOFO,AP & TL,318.0,0.0,15.9,318.0,0,1,0.0,318.0,300-400,0%
Madno,2026-07-30,WK 31,Madno - Gandipet,In Store,Lunch,FOFO,AP & TL,614.0,0.0,30.740000000000002,614.0,0,5,0.0,122.8,100-200,0%
Madno,2026-07-30,WK 31,Madno - Gandipet,In Store,Snacks,FOFO,AP & TL,1264.0,0.0,63.28,1264.0,0,11,0.0,114.9090909090909,100-200,0%
Madno,2026-07-30,WK 31,Madno - Gandipet,Swiggy,Dinner,FOFO,AP & TL,793.0,0.0,0.0,763.0,0,1,0.0,793.0,600-900,0%
Madno,2026-07-30,WK 31,Madno - Gandipet,Swiggy,Snacks,FOFO,AP & TL,500.0,0.0,0.0,480.0,0,1,0.0,500.0,400-500,0%
Madno,2026-07-30,WK 31,Madno - Gandipet,Zomato,Dinner,FOFO,AP & TL,542.0,0.0,27.12,512.0,0,3,0.0,180.66666666666666,100-200,0%
Madno,2026-07-30,WK 31,Madno - Hadapsar,Swiggy,Snacks,FOFO,MH,109.0,42.0,0.0,151.0,0,1,27.81456953642384,109.0,100-200,20%-30%
Madno,2026-07-30,WK 31,Madno - Shivamogga,In Store,Dinner,FOFO,KA,4470.23,99.0,223.58,4569.23,0,14,2.1666670314254266,319.3021428571428,300-400,1%-10%
Madno,2026-07-30,WK 31,Madno - Shivamogga,In Store,Lunch,FOFO,KA,832.0,0.0,41.620000000000005,832.0,0,4,0.0,208.0,200-300,0%
Madno,2026-07-30,WK 31,Madno - Shivamogga,In Store,Snacks,FOFO,KA,1336.23,0.0,66.82,1336.23,0,5,0.0,267.246,200-300,0%
Madno,2026-07-30,WK 31,Madno - Shivamogga,Swiggy,Dinner,FOFO,KA,1111.0,0.0,0.0,1071.0,0,2,0.0,555.5,500-600,0%
Madno,2026-07-30,WK 31,Madno - Shivamogga,Zomato,Dinner,FOFO,KA,3054.0,0.0,152.74,2924.0,0,6,0.0,509.0,500-600,0%
Madno,2026-07-30,WK 31,Madno - Shivamogga,Zomato,Lunch,FOFO,KA,320.0,0.0,16.0,310.0,0,1,0.0,320.0,300-400,0%
Madno,2026-07-30,WK 31,Madno - Shivamogga,Zomato,Snacks,FOFO,KA,200.0,0.0,10.0,190.0,0,1,0.0,200.0,100-200,0%
Madno,2026-07-30,WK 31,Madno - Thane,In Store,Dinner,FOFO,MH,98.0,0.0,4.9,98.0,0,1,0.0,98.0,0-100,0%
Madno,2026-07-30,WK 31,Malad - CF - CK,Swiggy,Dinner,COCO,MH,1480.01,387.99,0.0,1798.0,0,6,21.578976640711904,246.66833333333332,200-300,20%-30%
Madno,2026-07-30,WK 31,Malad - CF - CK,Zomato,Dinner,COCO,MH,187.0,135.0,9.36,302.0,0,1,44.70198675496689,187.0,100-200,40%-50%
Madno,2026-07-30,WK 31,Malleswaram,Swiggy,Late Night,FOFO,KA,181.0,129.0,0.0,310.0,0,1,41.612903225806456,181.0,100-200,40%-50%
Madno,2026-07-30,WK 31,Malleswaram,Zomato,Dinner,FOFO,KA,741.0,100.0,37.06,811.0,0,3,12.330456226880395,247.0,200-300,10%-20%
Madno,2026-07-30,WK 31,Malleswaram,Zomato,Lunch,FOFO,KA,201.0,0.0,10.06,191.0,0,1,0.0,201.0,200-300,0%
Madno,2026-07-30,WK 31,Manipal,Swiggy,Dinner,COCO,KA,548.0,240.0,0.0,758.0,0,2,31.6622691292876,274.0,200-300,30%-40%
Madno,2026-07-30,WK 31,Manipal,Swiggy,Lunch,COCO,KA,390.0,247.0,0.0,607.0,0,2,40.691927512355846,195.0,100-200,40%-50%
Madno,2026-07-30,WK 31,Manipal,Swiggy,Snacks,COCO,KA,520.01,59.99,0.0,560.0,0,1,10.7125,520.01,500-600,10%-20%
Madno,2026-07-30,WK 31,Manipal,Zomato,Dinner,COCO,KA,640.5,560.5,32.059999999999995,1151.0,0,3,48.69678540399652,213.5,200-300,40%-50%
Madno,2026-07-30,WK 31,Manipal,Zomato,Snacks,COCO,KA,175.0,135.0,8.76,300.0,0,1,45.0,175.0,100-200,40%-50%
Madno,2026-07-30,WK 31,Manpada - CF CK,Zomato,Dinner,COCO,MH,611.0,450.0,30.560000000000002,1031.0,0,2,43.64694471387003,305.5,300-400,40%-50%
Madno,2026-07-30,WK 31,Manpada - CF CK,Zomato,Late Night,COCO,MH,716.3299999999999,318.0,35.82,984.3299999999999,0,3,32.306238761391,238.77666666666664,200-300,30%-40%
Madno,2026-07-30,WK 31,Marol - CF CK,Swiggy,Dinner,COCO,MH,89.0,92.0,0.0,171.0,0,1,53.80116959064327,89.0,0-100,50%-60%
Madno,2026-07-30,WK 31,Marol - CF CK,Swiggy,Snacks,COCO,MH,149.0,91.0,0.0,230.0,0,1,39.565217391304344,149.0,100-200,30%-40%
Madno,2026-07-30,WK 31,Marol - CF CK,Zomato,Dinner,COCO,MH,732.5,297.5,36.62,990.0,0,3,30.05050505050505,244.16666666666666,200-300,30%-40%
Madno,2026-07-30,WK 31,Marol - CF CK,Zomato,Late Night,COCO,MH,249.25,79.75,12.46,319.0,0,1,25.0,249.25,200-300,20%-30%
Madno,2026-07-30,WK 31,Marol - CF CK,Zomato,Snacks,COCO,MH,138.25,42.75,6.92,171.0,0,1,25.0,138.25,100-200,20%-30%
Madno,2026-07-30,WK 31,Mira Road,Swiggy,Late Night,COCO,MH,747.0,273.0,0.0,980.0,0,2,27.857142857142858,373.5,300-400,20%-30%
Madno,2026-07-30,WK 31,Mira Road,Swiggy,Lunch,COCO,MH,60.0,63.33,0.0,113.33,0,1,55.88105532515662,60.0,0-100,50%-60%
Madno,2026-07-30,WK 31,Mira Road,Zomato,Late Night,COCO,MH,370.0,0.0,18.5,360.0,0,1,0.0,370.0,300-400,0%
Madno,2026-07-30,WK 31,Miraya Rose,Ownly,Dinner,COCO,KA,170.0,0.0,8.5,170.0,0,1,0.0,170.0,100-200,0%
Madno,2026-07-30,WK 31,Miraya Rose,Swiggy,Dinner,COCO,KA,129.0,100.0,0.0,219.0,0,1,45.662100456621005,129.0,100-200,40%-50%
Madno,2026-07-30,WK 31,Miraya Rose,Swiggy,Late Night,COCO,KA,149.0,91.0,0.0,230.0,0,1,39.565217391304344,149.0,100-200,30%-40%
Madno,2026-07-30,WK 31,Miraya Rose,Zomato,Lunch,COCO,KA,275.26,86.74,13.78,342.0,0,1,25.362573099415204,275.26,200-300,20%-30%
Madno,2026-07-30,WK 31,Miraya Rose,Zomato,Snacks,COCO,KA,481.0,341.01,24.06,782.01,0,1,43.6068592473242,481.0,400-500,40%-50%
Madno,2026-07-30,WK 31,Mogappair,Swiggy,Dinner,COCO,TN,2804.04,825.95,0.0,3459.99,0,5,23.871456275885194,560.808,500-600,20%-30%
Madno,2026-07-30,WK 31,Mogappair,Swiggy,Late Night,COCO,TN,149.0,91.0,0.0,230.0,0,1,39.565217391304344,149.0,100-200,30%-40%
Madno,2026-07-30,WK 31,Mogappair,Swiggy,Lunch,COCO,TN,500.0,32.0,0.0,502.0,0,1,6.374501992031872,500.0,400-500,1%-10%
Madno,2026-07-30,WK 31,Mogappair,Zomato,Late Night,COCO,TN,446.9,177.1,22.36,584.0,0,2,30.325342465753423,223.45,200-300,30%-40%
Madno,2026-07-30,WK 31,Mudichur,Swiggy,Dinner,COCO,TN,166.0,64.0,0.0,220.0,0,1,29.09090909090909,166.0,100-200,20%-30%
Madno,2026-07-30,WK 31,Mudichur,Swiggy,Late Night,COCO,TN,258.0,143.0,0.0,381.0,0,1,37.53280839895013,258.0,200-300,30%-40%
Madno,2026-07-30,WK 31,Mudichur,Swiggy,Lunch,COCO,TN,692.0,308.0,0.0,950.0,0,2,32.421052631578945,346.0,300-400,30%-40%
Madno,2026-07-30,WK 31,Mudichur,Swiggy,Snacks,COCO,TN,976.04,530.29,0.0,1426.33,0,3,37.17863327560943,325.34666666666664,300-400,30%-40%
Madno,2026-07-30,WK 31,Mudichur,Zomato,Dinner,COCO,TN,348.0,252.0,17.42,570.0,0,2,44.21052631578947,174.0,100-200,40%-50%
Madno,2026-07-30,WK 31,Mudichur,Zomato,Snacks,COCO,TN,423.0,358.0,21.16,751.0,0,2,47.66977363515313,211.5,200-300,40%-50%
Madno,2026-07-30,WK 31,Mulund,Swiggy,Dinner,COCO,MH,417.0,332.65999999999997,0.0,699.6600000000001,0,2,47.545950890432486,208.5,200-300,40%-50%
Madno,2026-07-30,WK 31,Mulund,Zomato,Dinner,COCO,MH,334.25,177.75,16.72,492.0,0,1,36.1280487804878,334.25,300-400,30%-40%
Madno,2026-07-30,WK 31,Mulund,Zomato,Late Night,COCO,MH,310.0,0.0,15.5,300.0,0,1,0.0,310.0,300-400,0%
Madno,2026-07-30,WK 31,Nagadevanahally,Swiggy,Dinner,FOFO,KA,136.0,104.0,0.0,230.0,0,1,45.21739130434783,136.0,100-200,40%-50%
Madno,2026-07-30,WK 31,Nagavara,Swiggy,Dinner,COCO,KA,631.5699999999999,283.28,0.0,874.85,0,2,32.380408069954846,315.78499999999997,300-400,30%-40%
Madno,2026-07-30,WK 31,Nagavara,Swiggy,Late Night,COCO,KA,422.0,60.0,0.0,462.0,0,1,12.987012987012985,422.0,400-500,10%-20%
Madno,2026-07-30,WK 31,Nagavara,Swiggy,Lunch,COCO,KA,387.0,253.0,0.0,610.0,0,2,41.47540983606557,193.5,100-200,40%-50%
Madno,2026-07-30,WK 31,Nagavara,Zomato,Dinner,COCO,KA,2050.29,1071.71,102.58,2982.0,0,6,35.939302481556,341.715,300-400,30%-40%
Madno,2026-07-30,WK 31,Nagavara,Zomato,Lunch,COCO,KA,510.5,420.5,25.54,891.0,0,2,47.19416386083053,255.25,200-300,40%-50%
Madno,2026-07-30,WK 31,Nagavara,Zomato,Snacks,COCO,KA,169.26,70.74,8.46,230.0,0,1,30.75652173913043,169.26,100-200,30%-40%
Madno,2026-07-30,WK 31,Nalanchira,Zomato,Dinner,FOFO,Kerela,389.0,41.0,0.0,420.0,0,2,9.761904761904763,194.5,100-200,1%-10%
Madno,2026-07-30,WK 31,Nalanchira,Zomato,Lunch,FOFO,Kerela,311.0,0.0,0.0,301.0,0,1,0.0,311.0,300-400,0%
Madno,2026-07-30,WK 31,Nalanchira,Zomato,Snacks,FOFO,Kerela,310.0,0.0,15.5,300.0,0,1,0.0,310.0,300-400,0%
Madno,2026-07-30,WK 31,Nanganallur CK,Swiggy,Dinner,COCO,TN,285.0,156.0,0.0,421.0,0,2,37.05463182897862,142.5,100-200,30%-40%
Madno,2026-07-30,WK 31,Nanganallur CK,Zomato,Dinner,COCO,TN,569.95,533.05,28.52,1053.0,0,1,50.622032288698946,569.95,500-600,50%-60%
Madno,2026-07-30,WK 31,Nanganallur CK,Zomato,Snacks,COCO,TN,151.0,131.0,7.56,262.0,0,1,50.0,151.0,100-200,40%-50%
Madno,2026-07-30,WK 31,Nungambakkam - CK,Swiggy,Dinner,COCO,TN,595.01,422.16999999999996,0.0,987.1800000000001,0,3,42.765250511558165,198.33666666666667,100-200,40%-50%
Madno,2026-07-30,WK 31,Nungambakkam - CK,Swiggy,Late Night,COCO,TN,1441.03,402.97,0.0,1764.0,0,3,22.844104308390023,480.3433333333333,400-500,20%-30%
Madno,2026-07-30,WK 31,Nungambakkam - CK,Swiggy,Snacks,COCO,TN,548.0,217.33,0.0,725.33,0,1,29.962913432506582,548.0,500-600,20%-30%
Madno,2026-07-30,WK 31,Nungambakkam - CK,Zomato,Dinner,COCO,TN,185.0,135.0,9.26,310.0,0,1,43.54838709677419,185.0,100-200,40%-50%
Madno,2026-07-30,WK 31,Nungambakkam - CK,Zomato,Lunch,COCO,TN,105.0,95.0,5.26,190.0,0,1,50.0,105.0,100-200,40%-50%
Madno,2026-07-30,WK 31,OMR,Swiggy,Dinner,COCO,TN,905.02,393.68,0.0,1248.7,0,5,31.52718827580684,181.004,100-200,30%-40%
Madno,2026-07-30,WK 31,OMR,Swiggy,Late Night,COCO,TN,421.01,99.99,0.0,501.0,0,1,19.958083832335326,421.01,400-500,10%-20%
Madno,2026-07-30,WK 31,OMR,Swiggy,Lunch,COCO,TN,554.01,195.99,0.0,720.0,0,2,27.22083333333333,277.005,200-300,20%-30%
Madno,2026-07-30,WK 31,OMR,Swiggy,Snacks,COCO,TN,867.0,435.0,0.0,1242.0,0,4,35.02415458937198,216.75,200-300,30%-40%
Madno,2026-07-30,WK 31,OMR,Zomato,Dinner,COCO,TN,195.0,135.0,9.76,320.0,0,1,42.1875,195.0,100-200,40%-50%
Madno,2026-07-30,WK 31,OMR,Zomato,Lunch,COCO,TN,210.5,190.5,10.54,381.0,0,1,50.0,210.5,200-300,40%-50%
Madno,2026-07-30,WK 31,OMR,Zomato,Snacks,COCO,TN,255.0,235.0,12.76,470.0,0,1,50.0,255.0,200-300,40%-50%
Madno,2026-07-30,WK 31,PALAM VIHAR,Swiggy,Dinner,FOFO,ROI,507.01,244.99,0.0,722.0,0,2,33.93213296398892,253.505,200-300,30%-40%
Madno,2026-07-30,WK 31,Pallikaranai,Swiggy,Late Night,COCO,TN,1219.0,64.0,0.0,1223.0,0,3,5.233033524121014,406.3333333333333,400-500,1%-10%
Madno,2026-07-30,WK 31,Perambur - CK,Swiggy,Dinner,COCO,TN,1011.05,121.94999999999999,0.0,1093.0,0,3,11.157365050320218,337.01666666666665,300-400,10%-20%
Madno,2026-07-30,WK 31,Perambur - CK,Zomato,Dinner,COCO,TN,532.0,271.0,26.62,773.0,0,2,35.058214747736095,266.0,200-300,30%-40%
Madno,2026-07-30,WK 31,Pimple Saudagar,Swiggy,Dinner,FOFO,MH,189.0,1.0,0.0,190.0,0,1,0.5263157894736842,189.0,100-200,1%-10%
Madno,2026-07-30,WK 31,Pimple Saudagar,Zomato,Dinner,FOFO,MH,280.0,30.0,14.0,300.0,0,1,10.0,280.0,200-300,1%-10%
Madno,2026-07-30,WK 31,Pimpri Chinchwad,Swiggy,Dinner,FOFO,MH,121.0,120.0,0.0,231.0,0,1,51.94805194805194,121.0,100-200,50%-60%
Madno,2026-07-30,WK 31,Pimpri Chinchwad,Swiggy,Lunch,FOFO,MH,469.0,81.0,0.0,540.0,0,2,15.0,234.5,200-300,10%-20%
Madno,2026-07-30,WK 31,Pimpri Chinchwad,Zomato,Dinner,FOFO,MH,381.0,50.0,19.06,411.0,0,1,12.165450121654501,381.0,300-400,10%-20%
Madno,2026-07-30,WK 31,Pimpri Chinchwad,Zomato,Snacks,FOFO,MH,774.8,186.2,38.74,931.0,0,1,20.0,774.8,600-900,10%-20%
Madno,2026-07-30,WK 31,Poonamalle,Swiggy,Dinner,FOFO,TN,290.0,0.0,0.0,280.0,0,1,0.0,290.0,200-300,0%
Madno,2026-07-30,WK 31,Powai- CF - CK,Swiggy,Dinner,COCO,MH,218.0,32.0,0.0,240.0,0,1,13.333333333333334,218.0,200-300,10%-20%
Madno,2026-07-30,WK 31,Powai- CF - CK,Swiggy,Late Night,COCO,MH,310.0,0.0,0.0,300.0,0,1,0.0,310.0,300-400,0%
Madno,2026-07-30,WK 31,Powai- CF - CK,Zomato,Snacks,COCO,MH,190.0,0.0,9.5,180.0,0,1,0.0,190.0,100-200,0%
Madno,2026-07-30,WK 31,Prabhadevi,Swiggy,Closing,COCO,MH,260.0,60.0,0.0,310.0,0,1,19.35483870967742,260.0,200-300,10%-20%
Madno,2026-07-30,WK 31,Prabhadevi,Swiggy,Dinner,COCO,MH,250.0,60.0,0.0,300.0,0,1,20.0,250.0,200-300,10%-20%
Madno,2026-07-30,WK 31,Prabhadevi,Swiggy,Snacks,COCO,MH,646.2,212.8,0.0,819.0,0,2,25.982905982905987,323.1,300-400,20%-30%
Madno,2026-07-30,WK 31,Prabhadevi,Zomato,Dinner,COCO,MH,1016.0,556.0,50.82,1512.0,0,3,36.77248677248677,338.6666666666667,300-400,30%-40%
Madno,2026-07-30,WK 31,Prabhadevi,Zomato,Late Night,COCO,MH,421.0,160.0,21.060000000000002,561.0,0,2,28.520499108734406,210.5,200-300,20%-30%
Madno,2026-07-30,WK 31,Race Course Road,Swiggy,Dinner,COCO,TN,1272.2,280.8,0.0,1483.0,0,3,18.934592043155764,424.06666666666666,400-500,10%-20%
Madno,2026-07-30,WK 31,Race Course Road,Swiggy,Late Night,COCO,TN,1706.0,716.0,0.0,2322.0,0,4,30.835486649440135,426.5,400-500,30%-40%
Madno,2026-07-30,WK 31,Race Course Road,Swiggy,Lunch,COCO,TN,892.21,437.79,0.0,1280.0,0,3,34.202343750000004,297.40333333333336,200-300,30%-40%
Madno,2026-07-30,WK 31,Race Course Road,Swiggy,Snacks,COCO,TN,340.0,0.0,0.0,330.0,0,1,0.0,340.0,300-400,0%
Madno,2026-07-30,WK 31,Race Course Road,Zomato,Dinner,COCO,TN,244.0,157.0,12.2,381.0,0,1,41.20734908136483,244.0,200-300,40%-50%
Madno,2026-07-30,WK 31,Race Course Road,Zomato,Late Night,COCO,TN,997.5,432.5,49.879999999999995,1380.0,0,2,31.34057971014493,498.75,400-500,30%-40%
Madno,2026-07-30,WK 31,Race Course Road,Zomato,Lunch,COCO,TN,302.5,157.5,15.14,440.0,0,1,35.79545454545455,302.5,300-400,30%-40%
Madno,2026-07-30,WK 31,Race Course Road,Zomato,Snacks,COCO,TN,555.0,405.0,27.759999999999998,920.0,0,2,44.02173913043478,277.5,200-300,40%-50%
Madno,2026-07-30,WK 31,Raipur-1,Swiggy,Dinner,FOFO,ROI,298.0,83.0,0.0,381.0,0,1,21.784776902887142,298.0,200-300,20%-30%
Madno,2026-07-30,WK 31,Raipur-1,Swiggy,Late Night,FOFO,ROI,1001.0,41.0,0.0,1012.0,0,3,4.051383399209486,333.6666666666667,300-400,1%-10%
Madno,2026-07-30,WK 31,Raipur-1,Zomato,Dinner,FOFO,ROI,423.0,180.0,21.18,573.0,0,1,31.413612565445025,423.0,400-500,30%-40%
Madno,2026-07-30,WK 31,Raipur-1,Zomato,Late Night,FOFO,ROI,121.0,80.0,6.06,191.0,0,1,41.8848167539267,121.0,100-200,40%-50%
Madno,2026-07-30,WK 31,Raipur-1,Zomato,Snacks,FOFO,ROI,120.0,120.0,6.0,230.0,0,1,52.17391304347826,120.0,100-200,50%-60%
Madno,2026-07-30,WK 31,Raipur-2,Swiggy,Dinner,FOFO,ROI,298.0,84.0,0.0,382.0,0,2,21.98952879581152,149.0,100-200,20%-30%
Madno,2026-07-30,WK 31,Raipur-2,Swiggy,Late Night,FOFO,ROI,149.0,41.0,0.0,190.0,0,1,21.578947368421055,149.0,100-200,20%-30%
Madno,2026-07-30,WK 31,Ravipuram,Swiggy,Dinner,COCO,Kerela,399.0,238.0,0.0,607.0,0,2,39.209225700164744,199.5,100-200,30%-40%
Madno,2026-07-30,WK 31,Ravipuram,Swiggy,Late Night,COCO,Kerela,202.64,188.0,0.0,370.64,0,2,50.72307360241744,101.32,100-200,50%-60%
Madno,2026-07-30,WK 31,Ravipuram,Swiggy,Lunch,COCO,Kerela,780.0,180.0,0.0,930.0,0,2,19.35483870967742,390.0,300-400,10%-20%
Madno,2026-07-30,WK 31,Ravipuram,Swiggy,Snacks,COCO,Kerela,250.0,40.0,0.0,280.0,0,1,14.285714285714285,250.0,200-300,10%-20%
Madno,2026-07-30,WK 31,Ravipuram,Zomato,Closing,COCO,Kerela,223.0,157.0,11.16,370.0,0,1,42.432432432432435,223.0,200-300,40%-50%
Madno,2026-07-30,WK 31,Ravipuram,Zomato,Dinner,COCO,Kerela,590.0,180.0,29.52,740.0,0,2,24.324324324324326,295.0,200-300,20%-30%
Madno,2026-07-30,WK 31,SEAWOOD,Swiggy,Late Night,COCO,MH,299.0,132.0,0.0,421.0,0,2,31.353919239904986,149.5,100-200,30%-40%
Madno,2026-07-30,WK 31,SEAWOOD,Swiggy,Lunch,COCO,MH,310.0,0.0,0.0,300.0,0,1,0.0,310.0,300-400,0%
Madno,2026-07-30,WK 31,SEAWOOD,Zomato,Late Night,COCO,MH,130.0,120.0,6.5,240.0,0,1,50.0,130.0,100-200,40%-50%
Madno,2026-07-30,WK 31,Sambalpur,Zomato,Dinner,FOFO,ROI,500.0,150.0,25.02,630.0,0,1,23.809523809523807,500.0,400-500,20%-30%
Madno,2026-07-30,WK 31,Sambalpur,Zomato,Lunch,FOFO,ROI,231.0,80.0,11.56,301.0,0,1,26.578073089701,231.0,200-300,20%-30%
Madno,2026-07-30,WK 31,Sarjapur Road,Swiggy,Late Night,COCO,KA,590.0,120.0,0.0,680.0,0,1,17.647058823529413,590.0,500-600,10%-20%
Madno,2026-07-30,WK 31,Sarjapur Road,Swiggy,Snacks,COCO,KA,111.0,79.0,0.0,190.0,0,1,41.578947368421055,111.0,100-200,40%-50%
Madno,2026-07-30,WK 31,Sarjapur Road,Zomato,Breakfast,COCO,KA,181.0,161.0,9.06,322.0,0,1,50.0,181.0,100-200,40%-50%
Madno,2026-07-30,WK 31,Sarjapur Road,Zomato,Lunch,COCO,KA,175.0,135.0,8.76,300.0,0,1,45.0,175.0,100-200,40%-50%
Madno,2026-07-30,WK 31,Sarjapur Road,Zomato,Snacks,COCO,KA,225.5,205.5,11.28,411.0,0,1,50.0,225.5,200-300,40%-50%
Madno,2026-07-30,WK 31,Sarjapura 3,Swiggy,Dinner,FOFO,KA,177.0,64.0,0.0,231.0,0,1,27.705627705627705,177.0,100-200,20%-30%
Madno,2026-07-30,WK 31,Sarjapura 3,Swiggy,Late Night,FOFO,KA,500.0,0.0,0.0,480.0,0,1,0.0,500.0,400-500,0%
Madno,2026-07-30,WK 31,Sarjapura 3,Swiggy,Lunch,FOFO,KA,312.0,260.0,0.0,572.0,0,2,45.45454545454545,156.0,100-200,40%-50%
Madno,2026-07-30,WK 31,Sarjapura 3,Swiggy,Snacks,FOFO,KA,166.0,64.0,0.0,220.0,0,1,29.09090909090909,166.0,100-200,20%-30%
Madno,2026-07-30,WK 31,Sarjapura 3,Zomato,Snacks,FOFO,KA,200.0,0.0,10.0,190.0,0,1,0.0,200.0,100-200,0%
Madno,2026-07-30,WK 31,Selaiyur,Zomato,Snacks,FOFO,TN,267.0,75.0,13.36,322.0,0,1,23.29192546583851,267.0,200-300,20%-30%
Madno,2026-07-30,WK 31,Sher- E-Punjab,Swiggy,Late Night,COCO,MH,105.0,96.0,0.0,191.0,0,1,50.26178010471204,105.0,100-200,50%-60%
Madno,2026-07-30,WK 31,Silchar,Swiggy,Dinner,FOFO,ROI,676.0,364.0,0.0,990.0,0,3,36.76767676767677,225.33333333333334,200-300,30%-40%
Madno,2026-07-30,WK 31,Silchar,Swiggy,Lunch,FOFO,ROI,330.0,0.0,0.0,320.0,0,1,0.0,330.0,300-400,0%
Madno,2026-07-30,WK 31,Sinhagad,Swiggy,Dinner,COCO,MH,287.0,216.0,0.0,473.0,0,1,45.66596194503171,287.0,200-300,40%-50%
Madno,2026-07-30,WK 31,Sinhagad,Zomato,Dinner,COCO,MH,1315.5,875.5,65.82,2091.0,0,4,41.86991869918699,328.875,300-400,40%-50%
Madno,2026-07-30,WK 31,Sinhagad,Zomato,Lunch,COCO,MH,210.5,190.5,10.54,381.0,0,1,50.0,210.5,200-300,40%-50%
Madno,2026-07-30,WK 31,Sinhagad,Zomato,Snacks,COCO,MH,315.5,285.5,15.8,571.0,0,1,50.0,315.5,300-400,40%-50%
Madno,2026-07-30,WK 31,Tata Sherwood,Ownly,Dinner,COCO,KA,118.0,0.0,5.9,118.0,0,1,0.0,118.0,100-200,0%
Madno,2026-07-30,WK 31,Tata Sherwood,Ownly,Lunch,COCO,KA,132.0,0.0,6.6,132.0,0,1,0.0,132.0,100-200,0%
Madno,2026-07-30,WK 31,Tata Sherwood,Swiggy,Breakfast,COCO,KA,50.0,63.33,0.0,113.33,0,1,55.88105532515662,50.0,0-100,50%-60%
Madno,2026-07-30,WK 31,Tata Sherwood,Swiggy,Dinner,COCO,KA,876.01,525.5,0.0,1341.51,0,4,39.17227601732377,219.0025,200-300,30%-40%
Madno,2026-07-30,WK 31,Tata Sherwood,Swiggy,Late Night,COCO,KA,520.0,165.32999999999998,0.0,645.33,0,2,25.619450513690666,260.0,200-300,20%-30%
Madno,2026-07-30,WK 31,Tata Sherwood,Zomato,Dinner,COCO,KA,207.0,135.0,10.34,322.0,0,1,41.92546583850932,207.0,200-300,40%-50%
Madno,2026-07-30,WK 31,Tata Sherwood,Zomato,Late Night,COCO,KA,105.0,95.0,5.26,190.0,0,1,50.0,105.0,100-200,40%-50%
Madno,2026-07-30,WK 31,Thakur Village,Swiggy,Dinner,COCO,MH,653.0,339.0,0.0,952.0,0,2,35.609243697478995,326.5,300-400,30%-40%
Madno,2026-07-30,WK 31,Thakur Village,Swiggy,Late Night,COCO,MH,288.0,183.0,0.0,451.0,0,1,40.57649667405765,288.0,200-300,40%-50%
Madno,2026-07-30,WK 31,Thakur Village,Swiggy,Lunch,COCO,MH,1247.0,223.0,0.0,1400.0,0,3,15.928571428571429,415.6666666666667,400-500,10%-20%
Madno,2026-07-30,WK 31,Thakur Village,Swiggy,Snacks,COCO,MH,288.0,153.0,0.0,421.0,0,1,36.342042755344416,288.0,200-300,30%-40%
Madno,2026-07-30,WK 31,Thakur Village,Zomato,Dinner,COCO,MH,1109.78,938.55,55.52,1938.33,0,4,48.420547584776585,277.445,200-300,40%-50%
Madno,2026-07-30,WK 31,Thiruvalla,Swiggy,Dinner,COCO,Kerela,1724.05,523.95,0.0,2148.0,0,5,24.392458100558663,344.81,300-400,20%-30%
Madno,2026-07-30,WK 31,Thiruvalla,Swiggy,Lunch,COCO,Kerela,258.0,143.0,0.0,381.0,0,1,37.53280839895013,258.0,200-300,30%-40%
Madno,2026-07-30,WK 31,Thiruvalla,Swiggy,Snacks,COCO,Kerela,1133.02,319.98,0.0,1403.0,0,2,22.806842480399144,566.51,500-600,20%-30%
Madno,2026-07-30,WK 31,Thiruvalla,Zomato,Dinner,COCO,Kerela,544.5,387.5,27.240000000000002,892.0,0,2,43.44170403587444,272.25,200-300,40%-50%
Madno,2026-07-30,WK 31,Thiruvalla,Zomato,Lunch,COCO,Kerela,496.5,446.5,24.84,893.0,0,2,50.0,248.25,200-300,40%-50%
Madno,2026-07-30,WK 31,Thiruvalla,Zomato,Snacks,COCO,Kerela,499.45,472.55,24.980000000000004,932.0,0,2,50.702789699570815,249.725,200-300,50%-60%
Madno,2026-07-30,WK 31,Thiruvananthpuram,Swiggy,Breakfast,FOFO,Kerela,400.0,0.0,0.0,380.0,0,1,0.0,400.0,300-400,0%
Madno,2026-07-30,WK 31,Thiruvananthpuram,Swiggy,Dinner,FOFO,Kerela,391.0,0.0,0.0,371.0,0,1,0.0,391.0,300-400,0%
Madno,2026-07-30,WK 31,Thiruvananthpuram,Swiggy,Late Night,FOFO,Kerela,941.0,0.0,0.0,901.0,0,2,0.0,470.5,400-500,0%
Madno,2026-07-30,WK 31,Thiruvananthpuram,Swiggy,Lunch,FOFO,Kerela,181.0,0.0,0.0,171.0,0,1,0.0,181.0,100-200,0%
Madno,2026-07-30,WK 31,Thiruvananthpuram,Swiggy,Snacks,FOFO,Kerela,290.0,0.0,0.0,280.0,0,1,0.0,290.0,200-300,0%
Madno,2026-07-30,WK 31,Thiruvananthpuram,Zomato,Late Night,FOFO,Kerela,290.0,0.0,14.5,280.0,0,1,0.0,290.0,200-300,0%
Madno,2026-07-30,WK 31,Thiruvananthpuram,Zomato,Lunch,FOFO,Kerela,181.0,0.0,9.06,171.0,0,1,0.0,181.0,100-200,0%
Madno,2026-07-30,WK 31,Thoraipakkam,Swiggy,Lunch,COCO,TN,178.0,184.0,0.0,342.0,0,1,53.80116959064327,178.0,100-200,50%-60%
Madno,2026-07-30,WK 31,Thoraipakkam,Zomato,Late Night,COCO,TN,68.95,72.05,3.44,131.0,0,1,54.99999999999999,68.95,0-100,50%-60%
Madno,2026-07-30,WK 31,Urapakkam CK,Swiggy,Lunch,COCO,TN,89.0,92.0,0.0,171.0,0,1,53.80116959064327,89.0,0-100,50%-60%
Madno,2026-07-30,WK 31,Urapakkam CK,Zomato,Lunch,COCO,TN,330.0,310.0,16.52,620.0,0,2,50.0,165.0,100-200,40%-50%
Madno,2026-07-30,WK 31,Vadapalani,Swiggy,Dinner,FOFO,TN,196.0,94.0,0.0,280.0,0,1,33.57142857142857,196.0,100-200,30%-40%
Madno,2026-07-30,WK 31,Vadapalani,Swiggy,Snacks,FOFO,TN,415.61,165.39,0.0,561.0,0,1,29.481283422459892,415.61,400-500,20%-30%
Madno,2026-07-30,WK 31,Vadapalani,Zomato,Dinner,FOFO,TN,536.0,266.0,26.82,762.0,0,3,34.90813648293963,178.66666666666666,100-200,30%-40%
Madno,2026-07-30,WK 31,Vadapalani,Zomato,Snacks,FOFO,TN,140.0,100.0,7.0,230.0,0,1,43.47826086956522,140.0,100-200,40%-50%
Madno,2026-07-30,WK 31,Valsarvakkam,Swiggy,Dinner,COCO,TN,1408.0,527.0,0.0,1855.0,0,7,28.409703504043126,201.14285714285714,200-300,20%-30%
Madno,2026-07-30,WK 31,Valsarvakkam,Swiggy,Late Night,COCO,TN,945.2,406.8,0.0,1292.0,0,5,31.486068111455108,189.04000000000002,100-200,30%-40%
Madno,2026-07-30,WK 31,Valsarvakkam,Swiggy,Lunch,COCO,TN,198.0,184.0,0.0,362.0,0,1,50.82872928176796,198.0,100-200,50%-60%
Madno,2026-07-30,WK 31,Valsarvakkam,Swiggy,Snacks,COCO,TN,884.0,442.0,0.0,1266.0,0,3,34.913112164297,294.6666666666667,200-300,30%-40%
Madno,2026-07-30,WK 31,Valsarvakkam,Zomato,Dinner,COCO,TN,550.45,262.55,27.54,773.0,0,3,33.965071151358345,183.48333333333335,100-200,30%-40%
Madno,2026-07-30,WK 31,Valsarvakkam,Zomato,Late Night,COCO,TN,105.5,95.5,5.28,191.0,0,1,50.0,105.5,100-200,40%-50%
Madno,2026-07-30,WK 31,Valsarvakkam,Zomato,Snacks,COCO,TN,255.0,235.0,12.76,470.0,0,1,50.0,255.0,200-300,40%-50%
Madno,2026-07-30,WK 31,Velachery,Swiggy,Dinner,COCO,TN,740.02,261.98,0.0,952.0,0,2,27.518907563025213,370.01,300-400,20%-30%
Madno,2026-07-30,WK 31,Velachery,Swiggy,Lunch,COCO,TN,109.0,92.0,0.0,191.0,0,1,48.167539267015705,109.0,100-200,40%-50%
Madno,2026-07-30,WK 31,Velachery,Swiggy,Snacks,COCO,TN,218.0,184.0,0.0,382.0,0,1,48.167539267015705,218.0,200-300,40%-50%
Madno,2026-07-30,WK 31,Velachery,Zomato,Late Night,COCO,TN,210.5,190.5,10.54,381.0,0,1,50.0,210.5,200-300,40%-50%
Madno,2026-07-30,WK 31,Vellore,Swiggy,Lunch,COCO,TN,315.0,0.0,0.0,305.0,0,1,0.0,315.0,300-400,0%
Madno,2026-07-30,WK 31,Vellore,Zomato,Dinner,COCO,TN,175.0,135.0,8.76,300.0,0,1,45.0,175.0,100-200,40%-50%
Madno,2026-07-30,WK 31,Vellore,Zomato,Snacks,COCO,TN,165.0,155.0,8.26,310.0,0,1,50.0,165.0,100-200,40%-50%
Madno,2026-07-30,WK 31,Vijaywada,Swiggy,Dinner,FOFO,AP & TL,822.02,159.98,0.0,942.0,0,2,16.983014861995752,411.01,400-500,10%-20%
Madno,2026-07-30,WK 31,Vijaywada,Swiggy,Lunch,FOFO,AP & TL,628.01,163.99,0.0,762.0,0,2,21.520997375328086,314.005,300-400,20%-30%
Madno,2026-07-30,WK 31,Vijaywada,Swiggy,Snacks,FOFO,AP & TL,1949.07,395.93,0.0,2245.0,0,6,17.636080178173717,324.84499999999997,300-400,10%-20%
Madno,2026-07-30,WK 31,Vimannagar,Zomato,Dinner,FOFO,MH,1938.0,500.0,96.92,2338.0,0,4,21.3857998289136,484.5,400-500,20%-30%
Madno,2026-07-30,WK 31,Vimannagar,Zomato,Late Night,FOFO,MH,585.0,75.0,29.259999999999998,640.0,0,2,11.71875,292.5,200-300,10%-20%
Madno,2026-07-30,WK 31,Virar,Swiggy,Dinner,COCO,MH,517.0,213.0,0.0,710.0,0,2,30.0,258.5,200-300,20%-30%
Madno,2026-07-30,WK 31,Virar,Swiggy,Late Night,COCO,MH,645.0,306.0,0.0,951.0,0,1,32.17665615141956,645.0,600-900,30%-40%
Madno,2026-07-30,WK 31,Virar,Zomato,Dinner,COCO,MH,707.5,637.5,35.42,1275.0,0,3,50.0,235.83333333333334,200-300,40%-50%
Madno,2026-07-30,WK 31,Virar,Zomato,Late Night,COCO,MH,210.5,190.5,10.54,381.0,0,1,50.0,210.5,200-300,40%-50%
Madno,2026-07-30,WK 31,Wagholi - CF CK,Swiggy,Dinner,COCO,MH,731.0,160.0,0.0,861.0,0,3,18.583042973286876,243.66666666666666,200-300,10%-20%
Madno,2026-07-30,WK 31,Wagholi - CF CK,Zomato,Dinner,COCO,MH,595.0,515.0,29.759999999999998,1060.0,0,2,48.58490566037736,297.5,200-300,40%-50%
Madno,2026-07-30,WK 31,Wagholi - CF CK,Zomato,Late Night,COCO,MH,151.0,131.0,7.56,262.0,0,1,50.0,151.0,100-200,40%-50%
Madno,2026-07-30,WK 31,Whitefield,Ownly,Dinner,COCO,KA,118.0,0.0,5.9,118.0,0,1,0.0,118.0,100-200,0%
Madno,2026-07-30,WK 31,Whitefield,Swiggy,Dinner,COCO,KA,198.0,164.0,0.0,342.0,0,1,47.953216374269005,198.0,100-200,40%-50%
Madno,2026-07-30,WK 31,Whitefield,Swiggy,Late Night,COCO,KA,176.0,64.0,0.0,230.0,0,1,27.82608695652174,176.0,100-200,20%-30%
Madno,2026-07-30,WK 31,Whitefield,Zomato,Dinner,COCO,KA,352.3,398.7,17.62,711.0,0,2,56.075949367088604,176.15,100-200,50%-60%
Madno,2026-07-30,WK 31,Yelahanka,Ownly,Dinner,COCO,KA,656.0,0.0,32.8,656.0,0,3,0.0,218.66666666666666,200-300,0%
Madno,2026-07-30,WK 31,Yelahanka,Ownly,Snacks,COCO,KA,90.0,0.0,4.5,90.0,0,1,0.0,90.0,0-100,0%
Madno,2026-07-30,WK 31,Yelahanka,Swiggy,Late Night,COCO,KA,332.0,270.0,0.0,572.0,0,2,47.2027972027972,166.0,100-200,40%-50%
Madno,2026-07-30,WK 31,Yelahanka,Swiggy,Lunch,COCO,KA,330.0,92.0,0.0,402.0,0,1,22.885572139303484,330.0,300-400,20%-30%
Madno,2026-07-30,WK 31,Yelahanka,Zomato,Dinner,COCO,KA,291.0,271.0,14.56,542.0,0,1,50.0,291.0,200-300,40%-50%
Madno,2026-07-30,WK 31,Yelahanka,Zomato,Snacks,COCO,KA,182.5,57.5,9.12,230.0,0,1,25.0,182.5,100-200,20%-30%
Madno,2026-07-30,WK 31,Zamin Pallavaram,Swiggy,Dinner,COCO,TN,180.01,209.02,0.0,359.03,0,1,58.21797621368688,180.01,100-200,50%-60%
Madno,2026-07-30,WK 31,Zamin Pallavaram,Swiggy,Lunch,COCO,TN,240.0,253.32,0.0,453.32,0,1,55.88105532515662,240.0,200-300,50%-60%
Madno,2026-07-30,WK 31,Zamin Pallavaram,Swiggy,Snacks,COCO,TN,409.0,140.0,0.0,529.0,0,2,26.46502835538752,204.5,200-300,20%-30%
Madno,2026-07-30,WK 31,Zamin Pallavaram,Zomato,Dinner,COCO,TN,115.0,105.0,5.76,210.0,0,1,50.0,115.0,100-200,40%-50%
Madno,2026-07-30,WK 31,Zamin Pallavaram,Zomato,Snacks,COCO,TN,105.0,95.0,5.26,190.0,0,1,50.0,105.0,100-200,40%-50%
Madno,2026-07-31,WK 31,AECS Layout,Ownly,Dinner,COCO,KA,160.0,0.0,8.0,160.0,0,1,0.0,160.0,100-200,0%
Madno,2026-07-31,WK 31,AECS Layout,Swiggy,Dinner,COCO,KA,505.0,227.33,0.0,702.3299999999999,0,2,32.367975168368154,252.5,200-300,30%-40%
Madno,2026-07-31,WK 31,AECS Layout,Swiggy,Late Night,COCO,KA,701.0,378.0,0.0,1039.0,0,3,36.38113570741097,233.66666666666666,200-300,30%-40%
Madno,2026-07-31,WK 31,AECS Layout,Swiggy,Snacks,COCO,KA,221.6,18.4,0.0,230.0,0,1,7.999999999999999,221.6,200-300,1%-10%
Madno,2026-07-31,WK 31,AECS Layout,Zomato,Dinner,COCO,KA,594.39,418.61,29.72,973.0,0,3,43.022610483042136,198.13,100-200,40%-50%
Madno,2026-07-31,WK 31,AECS Layout,Zomato,Late Night,COCO,KA,1222.0,792.0,61.12,1944.0,0,5,40.74074074074074,244.4,200-300,40%-50%
Madno,2026-07-31,WK 31,AECS Layout,Zomato,Snacks,COCO,KA,214.86,25.14,10.74,230.0,0,1,10.930434782608696,214.86,200-300,10%-20%
Madno,2026-07-31,WK 31,Alwarpet,Swiggy,Dinner,COCO,TN,1557.01,373.99,0.0,1861.0,0,3,20.09618484685653,519.0033333333333,500-600,20%-30%
Madno,2026-07-31,WK 31,Alwarpet,Zomato,Dinner,COCO,TN,1063.8,649.2,53.2,1653.0,0,1,39.274047186932854,1063.8,>900,30%-40%
Madno,2026-07-31,WK 31,Ananth Nagar,Swiggy,Dinner,COCO,KA,1411.01,522.99,0.0,1864.0,0,5,28.057403433476395,282.202,200-300,20%-30%
Madno,2026-07-31,WK 31,Ananth Nagar,Swiggy,Lunch,COCO,KA,258.4,21.6,0.0,270.0,0,1,8.0,258.4,200-300,1%-10%
Madno,2026-07-31,WK 31,Ananth Nagar,Swiggy,Snacks,COCO,KA,195.0,76.0,0.0,271.0,0,1,28.044280442804425,195.0,100-200,20%-30%
Madno,2026-07-31,WK 31,Annanagar,Swiggy,Dinner,COCO,TN,847.0,216.0,0.0,1023.0,0,3,21.114369501466275,282.3333333333333,200-300,20%-30%
Madno,2026-07-31,WK 31,Annanagar,Swiggy,Late Night,COCO,TN,739.0,333.0,0.0,1022.0,0,2,32.58317025440313,369.5,300-400,30%-40%
Madno,2026-07-31,WK 31,Annanagar,Swiggy,Lunch,COCO,TN,878.01,382.99,0.0,1211.0,0,3,31.625928984310487,292.67,200-300,30%-40%
Madno,2026-07-31,WK 31,Annanagar,Swiggy,Snacks,COCO,TN,346.0,64.0,0.0,400.0,0,1,16.0,346.0,300-400,10%-20%
Madno,2026-07-31,WK 31,Annanagar,Zomato,Dinner,COCO,TN,376.0,225.0,18.8,581.0,0,1,38.7263339070568,376.0,300-400,30%-40%
Madno,2026-07-31,WK 31,Annanagar,Zomato,Snacks,COCO,TN,105.0,95.0,5.26,190.0,0,1,50.0,105.0,100-200,40%-50%
Madno,2026-07-31,WK 31,Aurangabad- 1,Swiggy,Dinner,FOFO,MH,356.0,84.0,0.0,420.0,0,2,20.0,178.0,100-200,10%-20%
Madno,2026-07-31,WK 31,Aurangabad- 1,Swiggy,Snacks,FOFO,MH,230.0,0.0,0.0,220.0,0,1,0.0,230.0,200-300,0%
Madno,2026-07-31,WK 31,Aurangabad- 1,Zomato,Dinner,FOFO,MH,1005.0,945.0,50.260000000000005,1890.0,0,2,50.0,502.5,500-600,40%-50%
Madno,2026-07-31,WK 31,Avadi,Swiggy,Dinner,FOFO,TN,797.0,120.0,0.0,877.0,0,3,13.683010262257698,265.6666666666667,200-300,10%-20%
Madno,2026-07-31,WK 31,Avadi,Swiggy,Lunch,FOFO,TN,483.0,0.0,0.0,453.0,0,1,0.0,483.0,400-500,0%
Madno,2026-07-31,WK 31,Avadi,Zomato,Snacks,FOFO,TN,465.0,75.0,23.26,520.0,0,1,14.423076923076922,465.0,400-500,10%-20%
Madno,2026-07-31,WK 31,BTM Layout,Ownly,Dinner,COCO,KA,160.0,0.0,8.0,160.0,0,1,0.0,160.0,100-200,0%
Madno,2026-07-31,WK 31,BTM Layout,Ownly,Late Night,COCO,KA,132.0,0.0,6.6,132.0,0,1,0.0,132.0,100-200,0%
Madno,2026-07-31,WK 31,BTM Layout,Swiggy,Dinner,COCO,KA,517.01,493.5,0.0,950.51,0,1,51.91949584959653,517.01,500-600,50%-60%
Madno,2026-07-31,WK 31,BTM Layout,Swiggy,Late Night,COCO,KA,2193.02,971.83,0.0,3034.85,0,7,32.022340478112596,313.2885714285714,300-400,30%-40%
Madno,2026-07-31,WK 31,BTM Layout,Swiggy,Snacks,COCO,KA,447.4,112.6,0.0,540.0,0,1,20.85185185185185,447.4,400-500,20%-30%
Madno,2026-07-31,WK 31,BTM Layout,Zomato,Dinner,COCO,KA,2362.3,1325.7,118.2,3528.0,0,7,37.5765306122449,337.4714285714286,300-400,30%-40%
Madno,2026-07-31,WK 31,BTM Layout,Zomato,Late Night,COCO,KA,2842.5,1341.5,142.18,3994.0,0,11,33.5878818227341,258.40909090909093,200-300,30%-40%
Madno,2026-07-31,WK 31,BTM Layout,Zomato,Snacks,COCO,KA,111.28,118.72,5.56,220.0,0,1,53.96363636363636,111.28,100-200,50%-60%
Madno,2026-07-31,WK 31,Badlapur,Swiggy,Dinner,COCO,MH,198.01,114.84,0.0,312.85,0,1,36.70768739012306,198.01,100-200,30%-40%
Madno,2026-07-31,WK 31,Badlapur,Swiggy,Snacks,COCO,MH,218.0,184.0,0.0,382.0,0,1,48.167539267015705,218.0,200-300,40%-50%
Madno,2026-07-31,WK 31,Badlapur,Zomato,Dinner,COCO,MH,1355.5,749.5,67.8,2015.0,0,3,37.19602977667494,451.8333333333333,400-500,30%-40%
Madno,2026-07-31,WK 31,Badlapur,Zomato,Late Night,COCO,MH,361.0,321.0,18.08,642.0,0,2,50.0,180.5,100-200,40%-50%
Madno,2026-07-31,WK 31,Badlapur,Zomato,Lunch,COCO,MH,231.0,180.0,11.56,401.0,0,1,44.88778054862843,231.0,200-300,40%-50%
Madno,2026-07-31,WK 31,Badlapur,Zomato,Snacks,COCO,MH,345.0,315.0,17.28,630.0,0,2,50.0,172.5,100-200,40%-50%
Madno,2026-07-31,WK 31,Banashankari,Ownly,Late Night,COCO,KA,185.0,0.0,9.26,185.0,0,1,0.0,185.0,100-200,0%
Madno,2026-07-31,WK 31,Banashankari,Swiggy,Dinner,COCO,KA,1059.01,546.17,0.0,1535.18,0,4,35.57693560364257,264.7525,200-300,30%-40%
Madno,2026-07-31,WK 31,Banashankari,Swiggy,Lunch,COCO,KA,420.0,100.0,0.0,500.0,0,1,20.0,420.0,400-500,10%-20%
Madno,2026-07-31,WK 31,Banashankari,Zomato,Dinner,COCO,KA,1190.54,935.46,59.54,2036.0,0,4,45.94597249508841,297.635,200-300,40%-50%
Madno,2026-07-31,WK 31,Banashankari,Zomato,Late Night,COCO,KA,205.0,65.0,10.26,260.0,0,1,25.0,205.0,200-300,20%-30%
Madno,2026-07-31,WK 31,Banashankari,Zomato,Lunch,COCO,KA,172.8,229.2,8.64,382.0,0,1,60.0,172.8,100-200,50%-60%
Madno,2026-07-31,WK 31,Banashankari,Zomato,Snacks,COCO,KA,175.0,135.0,8.76,300.0,0,1,45.0,175.0,100-200,40%-50%
Madno,2026-07-31,WK 31,Baner Road - Pune,Swiggy,Closing,COCO,MH,188.0,174.0,0.0,362.0,0,1,48.06629834254144,188.0,100-200,40%-50%
Madno,2026-07-31,WK 31,Baner Road - Pune,Swiggy,Dinner,COCO,MH,1313.32,593.6800000000001,0.0,1817.0,0,4,32.673637864612004,328.33,300-400,30%-40%
Madno,2026-07-31,WK 31,Baner Road - Pune,Swiggy,Late Night,COCO,MH,1282.01,683.99,0.0,1876.0,0,3,36.46002132196162,427.33666666666664,400-500,30%-40%
Madno,2026-07-31,WK 31,Baner Road - Pune,Swiggy,Lunch,COCO,MH,457.0,203.0,0.0,640.0,0,2,31.71875,228.5,200-300,30%-40%
Madno,2026-07-31,WK 31,Baner Road - Pune,Swiggy,Snacks,COCO,MH,869.01,491.99,0.0,1301.0,0,2,37.8162951575711,434.505,400-500,30%-40%
Madno,2026-07-31,WK 31,Baner Road - Pune,Zomato,Dinner,COCO,MH,1850.0,1277.0,92.62,2977.0,0,7,42.89553241518307,264.2857142857143,200-300,40%-50%
Madno,2026-07-31,WK 31,Baner Road - Pune,Zomato,Late Night,COCO,MH,1452.8,812.19,72.62,2164.99,0,3,37.514722931745645,484.26666666666665,400-500,30%-40%
Madno,2026-07-31,WK 31,Baner Road - Pune,Zomato,Snacks,COCO,MH,578.0,466.01,28.92,994.01,0,2,46.88182211446565,289.0,200-300,40%-50%
Madno,2026-07-31,WK 31,Basaveshwarnagar,Ownly,Dinner,COCO,KA,891.0,0.0,44.56,891.0,0,4,0.0,222.75,200-300,0%
Madno,2026-07-31,WK 31,Basaveshwarnagar,Swiggy,Late Night,COCO,KA,663.8,246.2,0.0,870.0,0,3,28.29885057471264,221.26666666666665,200-300,20%-30%
Madno,2026-07-31,WK 31,Basaveshwarnagar,Zomato,Late Night,COCO,KA,331.0,271.0,16.56,582.0,0,1,46.56357388316151,331.0,300-400,40%-50%
Madno,2026-07-31,WK 31,Bel Road,Ownly,Dinner,COCO,KA,132.0,0.0,6.6,132.0,0,1,0.0,132.0,100-200,0%
Madno,2026-07-31,WK 31,Bel Road,Ownly,Snacks,COCO,KA,139.0,0.0,6.96,139.0,0,1,0.0,139.0,100-200,0%
Madno,2026-07-31,WK 31,Bel Road,Swiggy,Dinner,COCO,KA,415.0,145.0,0.0,540.0,0,2,26.851851851851855,207.5,200-300,20%-30%
Madno,2026-07-31,WK 31,Bel Road,Zomato,Dinner,COCO,KA,1775.75,1168.25,88.8,2824.0,0,6,41.368626062322946,295.9583333333333,200-300,40%-50%
Madno,2026-07-31,WK 31,Bel Road,Zomato,Late Night,COCO,KA,611.0,271.0,30.56,852.0,0,2,31.8075117370892,305.5,300-400,30%-40%
Madno,2026-07-31,WK 31,Bel Road,Zomato,Snacks,COCO,KA,902.03,628.97,45.14,1461.0,0,4,43.050650239561946,225.5075,200-300,40%-50%
Madno,2026-07-31,WK 31,Berhampur,Swiggy,Dinner,FOFO,ROI,340.0,320.0,0.0,640.0,0,1,50.0,340.0,300-400,40%-50%
Madno,2026-07-31,WK 31,Besant Nagar,Swiggy,Snacks,COCO,TN,365.0,164.0,0.0,509.0,0,2,32.220039292730846,182.5,100-200,30%-40%
Madno,2026-07-31,WK 31,Besant Nagar,Zomato,Dinner,COCO,TN,960.0,720.0,48.019999999999996,1630.0,0,3,44.171779141104295,320.0,300-400,40%-50%
Madno,2026-07-31,WK 31,Besant Nagar,Zomato,Late Night,COCO,TN,823.5,508.5,41.18,1282.0,0,3,39.66458658346334,274.5,200-300,30%-40%
Madno,2026-07-31,WK 31,Bhubaneswar,Zomato,Dinner,FOFO,ROI,200.0,0.0,10.0,190.0,0,1,0.0,200.0,100-200,0%
Madno,2026-07-31,WK 31,Bhubaneswar,Zomato,Lunch,FOFO,ROI,201.0,0.0,10.06,191.0,0,1,0.0,201.0,200-300,0%
Madno,2026-07-31,WK 31,Bhubaneswar,Zomato,Snacks,FOFO,ROI,250.0,60.0,12.5,300.0,0,1,20.0,250.0,200-300,10%-20%
Madno,2026-07-31,WK 31,Byculla,Swiggy,Dinner,COCO,MH,629.0,294.0,0.0,883.0,0,2,33.2955832389581,314.5,300-400,30%-40%
Madno,2026-07-31,WK 31,Byculla,Swiggy,Late Night,COCO,MH,359.0,102.0,0.0,441.0,0,1,23.12925170068027,359.0,300-400,20%-30%
Madno,2026-07-31,WK 31,CBD Belapur,Swiggy,Dinner,FOFO,MH,298.0,82.0,0.0,380.0,0,1,21.578947368421055,298.0,200-300,20%-30%
Madno,2026-07-31,WK 31,CBD Belapur,Zomato,Snacks,FOFO,MH,105.0,95.0,5.26,190.0,0,1,50.0,105.0,100-200,40%-50%
Madno,2026-07-31,WK 31,Channasandra,Ownly,Dinner,COCO,KA,569.0,0.0,28.439999999999998,569.0,0,2,0.0,284.5,200-300,0%
Madno,2026-07-31,WK 31,Channasandra,Swiggy,Dinner,COCO,KA,2627.01,1459.17,0.0,3936.18,0,8,37.07071322957792,328.37625,300-400,30%-40%
Madno,2026-07-31,WK 31,Channasandra,Swiggy,Late Night,COCO,KA,1030.0,732.0,0.0,1702.0,0,3,43.00822561692127,343.3333333333333,300-400,40%-50%
Madno,2026-07-31,WK 31,Channasandra,Swiggy,Lunch,COCO,KA,1309.01,702.99,0.0,1962.0,0,4,35.8302752293578,327.2525,300-400,30%-40%
Madno,2026-07-31,WK 31,Channasandra,Swiggy,Snacks,COCO,KA,276.0,64.0,0.0,330.0,0,1,19.393939393939394,276.0,200-300,10%-20%
Madno,2026-07-31,WK 31,Channasandra,Zomato,Dinner,COCO,KA,1798.0,1437.0,89.96,3115.0,0,6,46.13162118780097,299.6666666666667,200-300,40%-50%
Madno,2026-07-31,WK 31,Channasandra,Zomato,Late Night,COCO,KA,105.0,95.0,5.26,190.0,0,1,50.0,105.0,100-200,40%-50%
Madno,2026-07-31,WK 31,Channasandra,Zomato,Snacks,COCO,KA,336.0,225.0,16.8,541.0,0,1,41.58964879852125,336.0,300-400,40%-50%
Madno,2026-07-31,WK 31,Chikkabellandur,Swiggy,Dinner,FOFO,KA,1348.04,374.96,0.0,1653.0,0,3,22.68360556563823,449.34666666666664,400-500,20%-30%
Madno,2026-07-31,WK 31,Chikkabellandur,Zomato,Dinner,FOFO,KA,5683.0,2068.0,284.32,7421.0,0,18,27.866864304002153,315.72222222222223,300-400,20%-30%
Madno,2026-07-31,WK 31,Chikkabellandur,Zomato,Lunch,FOFO,KA,580.0,0.0,29.0,560.0,0,1,0.0,580.0,500-600,0%
Madno,2026-07-31,WK 31,Chikkabellandur,Zomato,Snacks,FOFO,KA,310.0,0.0,15.5,300.0,0,1,0.0,310.0,300-400,0%
Madno,2026-07-31,WK 31,Dahisar,Swiggy,Snacks,COCO,MH,319.0,81.0,0.0,380.0,0,1,21.31578947368421,319.0,300-400,20%-30%
Madno,2026-07-31,WK 31,Dahisar,Zomato,Dinner,COCO,MH,631.0,571.0,31.58,1142.0,0,3,50.0,210.33333333333334,200-300,40%-50%
Madno,2026-07-31,WK 31,Dahisar,Zomato,Late Night,COCO,MH,525.5,475.5,26.299999999999997,951.0,0,2,50.0,262.75,200-300,40%-50%
Madno,2026-07-31,WK 31,Dahisar,Zomato,Snacks,COCO,MH,260.0,0.0,13.0,250.0,0,1,0.0,260.0,200-300,0%
Madno,2026-07-31,WK 31,Electronic city,Zomato,Dinner,FOFO,KA,1506.0,545.0,75.34,1981.0,0,5,27.51135790005048,301.2,300-400,20%-30%
Madno,2026-07-31,WK 31,Erode,Swiggy,Dinner,COCO,TN,2341.0299999999997,1130.97,0.0,3322.0,0,8,34.04485249849488,292.62874999999997,200-300,30%-40%
Madno,2026-07-31,WK 31,Erode,Swiggy,Lunch,COCO,TN,867.01,122.99,0.0,950.0,0,3,12.946315789473683,289.00333333333333,200-300,10%-20%
Madno,2026-07-31,WK 31,Erode,Swiggy,Snacks,COCO,TN,459.0,82.0,0.0,521.0,0,1,15.738963531669867,459.0,400-500,10%-20%
Madno,2026-07-31,WK 31,Erode,Zomato,Dinner,COCO,TN,297.0,225.0,14.86,502.0,0,1,44.820717131474105,297.0,200-300,40%-50%
Madno,2026-07-31,WK 31,Erode,Zomato,Lunch,COCO,TN,241.0,0.0,12.06,231.0,0,1,0.0,241.0,200-300,0%
Madno,2026-07-31,WK 31,Express Avenue Mall,Swiggy,Lunch,COCO,TN,219.0,2.0,0.0,221.0,0,1,0.904977375565611,219.0,200-300,1%-10%
Madno,2026-07-31,WK 31,Express Avenue Mall,Swiggy,Snacks,COCO,TN,229.0,1.0,0.0,230.0,0,1,0.43478260869565216,229.0,200-300,1%-10%
Madno,2026-07-31,WK 31,Express Avenue Mall,Zomato,Dinner,COCO,TN,1277.5,706.5,63.9,1894.0,0,4,37.30200633579726,319.375,300-400,30%-40%
Madno,2026-07-31,WK 31,Express Avenue Mall,Zomato,Lunch,COCO,TN,615.5,375.5,30.78,941.0,0,1,39.904357066950055,615.5,600-900,30%-40%
Madno,2026-07-31,WK 31,Express Avenue Mall,Zomato,Snacks,COCO,TN,735.5,665.5,36.84,1331.0,0,3,50.0,245.16666666666666,200-300,40%-50%
Madno,2026-07-31,WK 31,Frazer Town,Swiggy,Dinner,COCO,KA,720.01,327.17,0.0,997.18,0,1,32.809522854449554,720.01,600-900,30%-40%
Madno,2026-07-31,WK 31,Frazer Town,Swiggy,Late Night,COCO,KA,266.0,64.0,0.0,320.0,0,1,20.0,266.0,200-300,10%-20%
Madno,2026-07-31,WK 31,Frazer Town,Swiggy,Snacks,COCO,KA,582.0,239.0,0.0,821.0,0,2,29.11084043848965,291.0,200-300,20%-30%
Madno,2026-07-31,WK 31,Frazer Town,Zomato,Dinner,COCO,KA,685.0,325.0,34.260000000000005,980.0,0,2,33.16326530612245,342.5,300-400,30%-40%
Madno,2026-07-31,WK 31,Frazer Town,Zomato,Lunch,COCO,KA,160.45,80.55,8.02,231.0,0,1,34.870129870129865,160.45,100-200,30%-40%
Madno,2026-07-31,WK 31,Guduvanchery,Swiggy,Dinner,COCO,TN,1244.02,550.86,0.0,1694.88,0,4,32.50141602945341,311.005,300-400,30%-40%
Madno,2026-07-31,WK 31,Guduvanchery,Swiggy,Late Night,COCO,TN,176.0,64.0,0.0,230.0,0,1,27.82608695652174,176.0,100-200,20%-30%
Madno,2026-07-31,WK 31,Guduvanchery,Swiggy,Lunch,COCO,TN,297.0,255.0,0.0,552.0,0,1,46.19565217391305,297.0,200-300,40%-50%
Madno,2026-07-31,WK 31,Guduvanchery,Swiggy,Snacks,COCO,TN,678.0,243.0,0.0,881.0,0,2,27.582292849035188,339.0,300-400,20%-30%
Madno,2026-07-31,WK 31,Guduvanchery,Zomato,Dinner,COCO,TN,907.5,555.5,45.42,1393.0,0,3,39.87796123474515,302.5,300-400,30%-40%
Madno,2026-07-31,WK 31,Guduvanchery,Zomato,Late Night,COCO,TN,165.0,155.0,8.26,310.0,0,1,50.0,165.0,100-200,40%-50%
Madno,2026-07-31,WK 31,Guduvanchery,Zomato,Lunch,COCO,TN,105.0,95.0,5.26,190.0,0,1,50.0,105.0,100-200,40%-50%
Madno,2026-07-31,WK 31,Gunjur,Swiggy,Dinner,COCO,KA,1018.8,303.2,0.0,1262.0,0,4,24.025356576862123,254.7,200-300,20%-30%
Madno,2026-07-31,WK 31,Gunjur,Swiggy,Snacks,COCO,KA,104.0,96.0,0.0,190.0,0,1,50.526315789473685,104.0,100-200,50%-60%
Madno,2026-07-31,WK 31,Gunjur,Zomato,Dinner,COCO,KA,929.5,322.5,46.5,1202.0,0,3,26.830282861896837,309.8333333333333,300-400,20%-30%
Madno,2026-07-31,WK 31,Gunjur,Zomato,Late Night,COCO,KA,567.0,95.0,28.38,632.0,0,1,15.031645569620252,567.0,500-600,10%-20%
Madno,2026-07-31,WK 31,Gunjur,Zomato,Lunch,COCO,KA,405.75,235.25,20.28,611.0,0,2,38.50245499181669,202.875,200-300,30%-40%
Madno,2026-07-31,WK 31,Gunjur,Zomato,Snacks,COCO,KA,258.0,123.0,12.9,361.0,0,1,34.07202216066482,258.0,200-300,30%-40%
Madno,2026-07-31,WK 31,HSR Layout,Swiggy,Dinner,COCO,KA,774.0,309.0,0.0,1033.0,0,2,29.912875121006778,387.0,300-400,20%-30%
Madno,2026-07-31,WK 31,HSR Layout,Swiggy,Late Night,COCO,KA,1636.01,740.71,0.0,2246.7200000000003,0,3,32.96850519868964,545.3366666666667,500-600,30%-40%
Madno,2026-07-31,WK 31,HSR Layout,Zomato,Dinner,COCO,KA,105.5,95.5,5.28,191.0,0,1,50.0,105.5,100-200,40%-50%
Madno,2026-07-31,WK 31,HSR Layout,Zomato,Late Night,COCO,KA,241.0,0.0,12.06,231.0,0,1,0.0,241.0,200-300,0%
Madno,2026-07-31,WK 31,Hadapsar,Swiggy,Dinner,FOFO,MH,640.0,0.0,0.0,620.0,0,2,0.0,320.0,300-400,0%
Madno,2026-07-31,WK 31,Hadapsar,Swiggy,Late Night,FOFO,MH,240.0,0.0,0.0,230.0,0,1,0.0,240.0,200-300,0%
Madno,2026-07-31,WK 31,Hadapsar,Zomato,Late Night,FOFO,MH,481.0,140.0,24.06,601.0,0,1,23.294509151414307,481.0,400-500,20%-30%
Madno,2026-07-31,WK 31,Hafizpet,Swiggy,Dinner,FOFO,AP & TL,641.0,0.0,0.0,621.0,0,1,0.0,641.0,600-900,0%
Madno,2026-07-31,WK 31,Hafizpet,Swiggy,Late Night,FOFO,AP & TL,286.0,45.0,0.0,321.0,0,1,14.018691588785046,286.0,200-300,10%-20%
Madno,2026-07-31,WK 31,Harlur Road,Ownly,Dinner,COCO,KA,354.0,0.0,17.700000000000003,354.0,0,2,0.0,177.0,100-200,0%
Madno,2026-07-31,WK 31,Harlur Road,Ownly,Late Night,COCO,KA,104.0,0.0,5.2,104.0,0,1,0.0,104.0,100-200,0%
Madno,2026-07-31,WK 31,Harlur Road,Ownly,Lunch,COCO,KA,132.0,0.0,6.6,132.0,0,1,0.0,132.0,100-200,0%
Madno,2026-07-31,WK 31,Harlur Road,Ownly,Snacks,COCO,KA,424.0,0.0,21.2,424.0,0,1,0.0,424.0,400-500,0%
Madno,2026-07-31,WK 31,Harlur Road,Swiggy,Dinner,COCO,KA,807.52,234.48000000000002,0.0,1002.0,0,3,23.401197604790422,269.17333333333335,200-300,20%-30%
Madno,2026-07-31,WK 31,Harlur Road,Swiggy,Late Night,COCO,KA,340.0,320.0,0.0,640.0,0,1,50.0,340.0,300-400,40%-50%
Madno,2026-07-31,WK 31,Harlur Road,Swiggy,Lunch,COCO,KA,889.0,151.0,0.0,990.0,0,4,15.252525252525254,222.25,200-300,10%-20%
Madno,2026-07-31,WK 31,Harlur Road,Zomato,Dinner,COCO,KA,196.0,176.0,9.8,352.0,0,1,50.0,196.0,100-200,40%-50%
Madno,2026-07-31,WK 31,Harlur Road,Zomato,Lunch,COCO,KA,120.0,140.0,6.0,250.0,0,1,56.00000000000001,120.0,100-200,50%-60%
Madno,2026-07-31,WK 31,Harlur Road,Zomato,Snacks,COCO,KA,192.17,54.5,9.6,226.67,0,1,24.043764062293203,192.17,100-200,20%-30%
Madno,2026-07-31,WK 31,Hinjewadi,Swiggy,Dinner,COCO,MH,304.0,96.0,0.0,380.0,0,2,25.263157894736842,152.0,100-200,20%-30%
Madno,2026-07-31,WK 31,Hinjewadi,Swiggy,Late Night,COCO,MH,199.0,31.0,0.0,230.0,0,1,13.478260869565217,199.0,100-200,10%-20%
Madno,2026-07-31,WK 31,Hinjewadi,Swiggy,Snacks,COCO,MH,380.6,49.4,0.0,420.0,0,2,11.761904761904761,190.3,100-200,10%-20%
Madno,2026-07-31,WK 31,Hinjewadi,Zomato,Dinner,COCO,MH,664.0,532.01,33.22,1126.01,0,2,47.24736014777844,332.0,300-400,40%-50%
Madno,2026-07-31,WK 31,Hinjewadi,Zomato,Late Night,COCO,MH,182.5,57.5,9.12,230.0,0,1,25.0,182.5,100-200,20%-30%
Madno,2026-07-31,WK 31,Hinjewadi,Zomato,Lunch,COCO,MH,526.5,476.5,26.32,953.0,0,1,50.0,526.5,500-600,40%-50%
Madno,2026-07-31,WK 31,Hinjewadi Phase 3,Swiggy,Dinner,COCO,MH,658.0,323.0,0.0,961.0,0,4,33.6108220603538,164.5,100-200,30%-40%
Madno,2026-07-31,WK 31,Hinjewadi Phase 3,Swiggy,Snacks,COCO,MH,139.0,91.0,0.0,230.0,0,1,39.565217391304344,139.0,100-200,30%-40%
Madno,2026-07-31,WK 31,Hinjewadi Phase 3,Zomato,Closing,COCO,MH,259.0,0.0,12.96,249.0,0,1,0.0,259.0,200-300,0%
Madno,2026-07-31,WK 31,Hinjewadi Phase 3,Zomato,Dinner,COCO,MH,867.5,425.5,43.4,1243.0,0,4,34.23169750603379,216.875,200-300,30%-40%
Madno,2026-07-31,WK 31,Hinjewadi Phase 3,Zomato,Late Night,COCO,MH,164.5,154.5,8.22,309.0,0,1,50.0,164.5,100-200,40%-50%
Madno,2026-07-31,WK 31,ITPL,Ownly,Dinner,COCO,KA,264.0,0.0,13.2,264.0,0,2,0.0,132.0,100-200,0%
Madno,2026-07-31,WK 31,ITPL,Ownly,Late Night,COCO,KA,202.0,0.0,10.1,202.0,0,1,0.0,202.0,200-300,0%
Madno,2026-07-31,WK 31,ITPL,Swiggy,Dinner,COCO,KA,388.2,132.8,0.0,501.0,0,2,26.506986027944112,194.1,100-200,20%-30%
Madno,2026-07-31,WK 31,ITPL,Swiggy,Late Night,COCO,KA,177.0,64.0,0.0,231.0,0,1,27.705627705627705,177.0,100-200,20%-30%
Madno,2026-07-31,WK 31,ITPL,Swiggy,Snacks,COCO,KA,190.0,0.0,0.0,180.0,0,1,0.0,190.0,100-200,0%
Madno,2026-07-31,WK 31,ITPL,Zomato,Breakfast,COCO,KA,211.0,191.0,10.56,382.0,0,1,50.0,211.0,200-300,40%-50%
Madno,2026-07-31,WK 31,ITPL,Zomato,Dinner,COCO,KA,211.0,191.0,10.56,382.0,0,1,50.0,211.0,200-300,40%-50%
Madno,2026-07-31,WK 31,ITPL,Zomato,Late Night,COCO,KA,316.5,286.5,15.82,573.0,0,1,50.0,316.5,300-400,40%-50%
Madno,2026-07-31,WK 31,ITPL,Zomato,Lunch,COCO,KA,105.5,95.5,5.28,191.0,0,1,50.0,105.5,100-200,40%-50%
Madno,2026-07-31,WK 31,ITPL,Zomato,Snacks,COCO,KA,316.5,286.5,15.82,573.0,0,1,50.0,316.5,300-400,40%-50%
Madno,2026-07-31,WK 31,Indiranagar - CK,Ownly,Dinner,COCO,KA,132.0,0.0,6.6,132.0,0,1,0.0,132.0,100-200,0%
Madno,2026-07-31,WK 31,Indiranagar - CK,Ownly,Late Night,COCO,KA,472.0,0.0,23.6,472.0,0,1,0.0,472.0,400-500,0%
Madno,2026-07-31,WK 31,Indiranagar - CK,Swiggy,Dinner,COCO,KA,475.0,227.0,0.0,692.0,0,2,32.80346820809248,237.5,200-300,30%-40%
Madno,2026-07-31,WK 31,Indiranagar - CK,Zomato,Dinner,COCO,KA,747.0,553.0,37.38,1240.0,0,3,44.59677419354839,249.0,200-300,40%-50%
Madno,2026-07-31,WK 31,Indiranagar - CK,Zomato,Lunch,COCO,KA,500.0,0.0,25.0,480.0,0,1,0.0,500.0,400-500,0%
Madno,2026-07-31,WK 31,Indiranagar - CK,Zomato,Snacks,COCO,KA,187.45,183.55,9.38,351.0,0,1,52.293447293447294,187.45,100-200,50%-60%
Madno,2026-07-31,WK 31,Iyyappanthangal - CK,Swiggy,Dinner,COCO,TN,530.0,60.0,0.0,570.0,0,2,10.526315789473683,265.0,200-300,10%-20%
Madno,2026-07-31,WK 31,Iyyappanthangal - CK,Swiggy,Late Night,COCO,TN,250.0,40.0,0.0,280.0,0,1,14.285714285714285,250.0,200-300,10%-20%
Madno,2026-07-31,WK 31,Iyyappanthangal - CK,Swiggy,Lunch,COCO,TN,337.0,243.0,0.0,570.0,0,2,42.63157894736842,168.5,100-200,40%-50%
Madno,2026-07-31,WK 31,Iyyappanthangal - CK,Swiggy,Snacks,COCO,TN,248.0,202.0,0.0,430.0,0,1,46.97674418604651,248.0,200-300,40%-50%
Madno,2026-07-31,WK 31,Iyyappanthangal - CK,Zomato,Dinner,COCO,TN,1242.95,1011.05,62.18,2134.0,0,4,47.37816307403936,310.7375,300-400,40%-50%
Madno,2026-07-31,WK 31,Iyyappanthangal - CK,Zomato,Lunch,COCO,TN,588.25,462.75,29.44,1001.0,0,2,46.22877122877122,294.125,200-300,40%-50%
Madno,2026-07-31,WK 31,Iyyappanthangal - CK,Zomato,Snacks,COCO,TN,140.5,130.5,7.02,261.0,0,1,50.0,140.5,100-200,40%-50%
Madno,2026-07-31,WK 31,JP Nagar,Swiggy,Dinner,COCO,KA,1020.0,251.0,0.0,1221.0,0,3,20.55692055692056,340.0,300-400,20%-30%
Madno,2026-07-31,WK 31,JP Nagar,Swiggy,Late Night,COCO,KA,754.0,306.0,0.0,1020.0,0,3,30.0,251.33333333333334,200-300,20%-30%
Madno,2026-07-31,WK 31,JP Nagar,Swiggy,Lunch,COCO,KA,867.0,358.0,0.0,1165.0,0,2,30.72961373390558,433.5,400-500,30%-40%
Madno,2026-07-31,WK 31,JP Nagar,Swiggy,Snacks,COCO,KA,176.0,64.0,0.0,230.0,0,1,27.82608695652174,176.0,100-200,20%-30%
Madno,2026-07-31,WK 31,JP Nagar,Zomato,Late Night,COCO,KA,228.33,95.0,11.42,303.33,0,1,31.319025483796526,228.33,200-300,30%-40%
Madno,2026-07-31,WK 31,Jamshedpur,Swiggy,Dinner,FOFO,ROI,171.0,69.0,0.0,230.0,0,1,30.0,171.0,100-200,20%-30%
Madno,2026-07-31,WK 31,Jamshedpur,Zomato,Dinner,FOFO,ROI,210.0,190.0,10.52,380.0,0,1,50.0,210.0,200-300,40%-50%
Madno,2026-07-31,WK 31,Jamshedpur,Zomato,Lunch,FOFO,ROI,366.0,75.0,18.3,421.0,0,1,17.81472684085511,366.0,300-400,10%-20%
Madno,2026-07-31,WK 31,Jim Corbett,Swiggy,Snacks,FOFO,ROI,200.0,0.0,0.0,190.0,0,1,0.0,200.0,100-200,0%
Madno,2026-07-31,WK 31,Kadubisanahalli - CF CK,Ownly,Dinner,COCO,KA,383.0,0.0,19.16,383.0,0,2,0.0,191.5,100-200,0%
Madno,2026-07-31,WK 31,Kadubisanahalli - CF CK,Ownly,Late Night,COCO,KA,175.0,0.0,8.76,175.0,0,1,0.0,175.0,100-200,0%
Madno,2026-07-31,WK 31,Kadubisanahalli - CF CK,Swiggy,Dinner,COCO,KA,445.6,114.4,0.0,540.0,0,2,21.185185185185187,222.8,200-300,20%-30%
Madno,2026-07-31,WK 31,Kadubisanahalli - CF CK,Swiggy,Late Night,COCO,KA,876.0,64.0,0.0,910.0,0,3,7.032967032967033,292.0,200-300,1%-10%
Madno,2026-07-31,WK 31,Kadubisanahalli - CF CK,Zomato,Dinner,COCO,KA,1043.0,757.0,52.16,1740.0,0,5,43.50574712643678,208.6,200-300,40%-50%
Madno,2026-07-31,WK 31,Kadubisanahalli - CF CK,Zomato,Late Night,COCO,KA,170.0,160.0,8.5,320.0,0,1,50.0,170.0,100-200,40%-50%
Madno,2026-07-31,WK 31,Kadubisanahalli - CF CK,Zomato,Lunch,COCO,KA,170.0,160.0,8.5,320.0,0,1,50.0,170.0,100-200,40%-50%
Madno,2026-07-31,WK 31,Kakkanad,Swiggy,Breakfast,COCO,Kerela,184.8,55.2,0.0,230.0,0,1,24.000000000000004,184.8,100-200,20%-30%
Madno,2026-07-31,WK 31,Kakkanad,Swiggy,Dinner,COCO,Kerela,977.01,479.99,0.0,1377.0,0,2,34.85766158315178,488.505,400-500,30%-40%
Madno,2026-07-31,WK 31,Kakkanad,Swiggy,Lunch,COCO,Kerela,409.01,319.99,0.0,709.0,0,1,45.132581100141046,409.01,400-500,40%-50%
Madno,2026-07-31,WK 31,Kakkanad,Swiggy,Snacks,COCO,Kerela,417.0,186.0,0.0,573.0,0,1,32.460732984293195,417.0,400-500,30%-40%
Madno,2026-07-31,WK 31,Kakkanad,Zomato,Lunch,COCO,Kerela,160.0,100.0,8.0,250.0,0,1,40.0,160.0,100-200,30%-40%
Madno,2026-07-31,WK 31,Kakkanad,Zomato,Snacks,COCO,Kerela,469.5,349.5,23.48,789.0,0,2,44.29657794676806,234.75,200-300,40%-50%
Madno,2026-07-31,WK 31,Kalyan,Swiggy,Dinner,COCO,MH,415.0,155.0,0.0,550.0,0,1,28.18181818181818,415.0,400-500,20%-30%
Madno,2026-07-31,WK 31,Kalyan,Zomato,Dinner,COCO,MH,360.0,290.0,18.02,630.0,0,1,46.03174603174603,360.0,300-400,40%-50%
Madno,2026-07-31,WK 31,Kalyan,Zomato,Late Night,COCO,MH,310.0,0.0,15.5,300.0,0,1,0.0,310.0,300-400,0%
Madno,2026-07-31,WK 31,Kalyan,Zomato,Lunch,COCO,MH,270.0,0.0,13.5,260.0,0,1,0.0,270.0,200-300,0%
Madno,2026-07-31,WK 31,Kammanhalli,Ownly,Snacks,COCO,KA,264.0,0.0,13.2,264.0,0,1,0.0,264.0,200-300,0%
Madno,2026-07-31,WK 31,Kammanhalli,Swiggy,Dinner,COCO,KA,750.0,392.0,0.0,1092.0,0,2,35.8974358974359,375.0,300-400,30%-40%
Madno,2026-07-31,WK 31,Kammanhalli,Swiggy,Late Night,COCO,KA,726.0,255.0,0.0,941.0,0,3,27.09883103081828,242.0,200-300,20%-30%
Madno,2026-07-31,WK 31,Kammanhalli,Swiggy,Lunch,COCO,KA,592.04,411.96000000000004,0.0,974.0,0,3,42.29568788501027,197.34666666666666,100-200,40%-50%
Madno,2026-07-31,WK 31,Kammanhalli,Swiggy,Snacks,COCO,KA,888.0,434.0,0.0,1312.0,0,4,33.079268292682926,222.0,200-300,30%-40%
Madno,2026-07-31,WK 31,Kammanhalli,Zomato,Dinner,COCO,KA,228.33,135.0,11.42,343.33,0,1,39.320770104564126,228.33,200-300,30%-40%
Madno,2026-07-31,WK 31,Kammanhalli,Zomato,Late Night,COCO,KA,518.5,343.5,25.94,832.0,0,2,41.28605769230769,259.25,200-300,40%-50%
Madno,2026-07-31,WK 31,Kammanhalli,Zomato,Lunch,COCO,KA,529.25,393.75,26.48,873.0,0,1,45.103092783505154,529.25,500-600,40%-50%
Madno,2026-07-31,WK 31,Kammanhalli,Zomato,Snacks,COCO,KA,324.21,246.79,16.2,541.0,0,2,45.6173752310536,162.105,100-200,40%-50%
Madno,2026-07-31,WK 31,Kamothe,Swiggy,Dinner,COCO,MH,1117.0,696.0,0.0,1743.0,0,3,39.93115318416523,372.3333333333333,300-400,30%-40%
Madno,2026-07-31,WK 31,Kamothe,Swiggy,Late Night,COCO,MH,340.0,320.0,0.0,640.0,0,1,50.0,340.0,300-400,40%-50%
Madno,2026-07-31,WK 31,Kamothe,Swiggy,Lunch,COCO,MH,404.0,246.0,0.0,620.0,0,2,39.67741935483871,202.0,200-300,30%-40%
Madno,2026-07-31,WK 31,Kamothe,Zomato,Late Night,COCO,MH,260.0,60.0,13.0,310.0,0,1,19.35483870967742,260.0,200-300,10%-20%
Madno,2026-07-31,WK 31,Kanakapura,Ownly,Dinner,COCO,KA,160.0,0.0,8.0,160.0,0,1,0.0,160.0,100-200,0%
Madno,2026-07-31,WK 31,Kanakapura,Swiggy,Dinner,COCO,KA,1888.6599999999999,792.98,0.0,2591.64,0,6,30.597613866123385,314.77666666666664,300-400,30%-40%
Madno,2026-07-31,WK 31,Kanakapura,Swiggy,Late Night,COCO,KA,1117.01,323.99,0.0,1381.0,0,3,23.4605358435916,372.33666666666664,300-400,20%-30%
Madno,2026-07-31,WK 31,Kanakapura,Zomato,Dinner,COCO,KA,100.0,140.0,5.0,230.0,0,1,60.86956521739131,100.0,0-100,60%-70%
Madno,2026-07-31,WK 31,Kanakapura,Zomato,Late Night,COCO,KA,1508.0,1158.0,75.44,2546.0,0,4,45.48311076197958,377.0,300-400,40%-50%
Madno,2026-07-31,WK 31,Kanakapura,Zomato,Lunch,COCO,KA,472.5,247.5,23.619999999999997,690.0,0,2,35.869565217391305,236.25,200-300,30%-40%
Madno,2026-07-31,WK 31,Kanakapura,Zomato,Snacks,COCO,KA,619.5,349.5,31.0,929.0,0,2,37.621097954790095,309.75,300-400,30%-40%
Madno,2026-07-31,WK 31,Kanuru,Swiggy,Dinner,FOFO,AP & TL,229.0,0.0,0.0,219.0,0,1,0.0,229.0,200-300,0%
Madno,2026-07-31,WK 31,Kanuru,Zomato,Dinner,FOFO,AP & TL,229.5,219.5,11.48,439.0,0,1,50.0,229.5,200-300,40%-50%
Madno,2026-07-31,WK 31,Kanuru,Zomato,Late Night,FOFO,AP & TL,255.0,235.0,12.76,470.0,0,1,50.0,255.0,200-300,40%-50%
Madno,2026-07-31,WK 31,Kempfort,Ownly,Dinner,COCO,KA,160.0,0.0,8.0,160.0,0,1,0.0,160.0,100-200,0%
Madno,2026-07-31,WK 31,Kempfort,Ownly,Late Night,COCO,KA,264.0,0.0,13.2,264.0,0,2,0.0,132.0,100-200,0%
Madno,2026-07-31,WK 31,Kempfort,Swiggy,Dinner,COCO,KA,400.0,0.0,0.0,380.0,0,1,0.0,400.0,300-400,0%
Madno,2026-07-31,WK 31,Kempfort,Swiggy,Late Night,COCO,KA,582.01,72.84,0.0,624.85,0,2,11.657197727454589,291.005,200-300,10%-20%
Madno,2026-07-31,WK 31,Kempfort,Zomato,Dinner,COCO,KA,217.09,22.91,10.86,230.0,0,1,9.960869565217392,217.09,200-300,1%-10%
Madno,2026-07-31,WK 31,Kempfort,Zomato,Late Night,COCO,KA,351.66,95.0,17.58,416.66,0,1,22.800364805836892,351.66,300-400,20%-30%
Madno,2026-07-31,WK 31,Kempfort,Zomato,Lunch,COCO,KA,167.55,92.45,8.38,250.0,0,1,36.980000000000004,167.55,100-200,30%-40%
Madno,2026-07-31,WK 31,Khar,Swiggy,Dinner,COCO,MH,329.0,92.0,0.0,401.0,0,1,22.942643391521198,329.0,300-400,20%-30%
Madno,2026-07-31,WK 31,Khar,Swiggy,Late Night,COCO,MH,198.0,184.0,0.0,362.0,0,1,50.82872928176796,198.0,100-200,50%-60%
Madno,2026-07-31,WK 31,Khar,Swiggy,Lunch,COCO,MH,119.0,81.0,0.0,190.0,0,1,42.63157894736842,119.0,100-200,40%-50%
Madno,2026-07-31,WK 31,Khar,Swiggy,Snacks,COCO,MH,557.0,273.0,0.0,800.0,0,1,34.125,557.0,500-600,30%-40%
Madno,2026-07-31,WK 31,Khar,Zomato,Lunch,COCO,MH,315.5,285.5,15.8,571.0,0,1,50.0,315.5,300-400,40%-50%
Madno,2026-07-31,WK 31,Kharghar,Swiggy,Dinner,FOFO,MH,1571.9,269.1,0.0,1771.0,0,3,15.194805194805197,523.9666666666667,500-600,10%-20%
Madno,2026-07-31,WK 31,Kharghar,Swiggy,Lunch,FOFO,MH,221.6,18.4,0.0,230.0,0,1,7.999999999999999,221.6,200-300,1%-10%
Madno,2026-07-31,WK 31,Kharghar,Zomato,Snacks,FOFO,MH,580.0,0.0,29.0,560.0,0,1,0.0,580.0,500-600,0%
Madno,2026-07-31,WK 31,Kolar- Highway Star,Swiggy,Snacks,COCO,KA,480.01,99.99,0.0,560.0,0,1,17.85535714285714,480.01,400-500,10%-20%
Madno,2026-07-31,WK 31,Kolar- Highway Star,Zomato,Dinner,COCO,KA,862.5,677.5,43.14,1490.0,0,4,45.469798657718115,215.625,200-300,40%-50%
Madno,2026-07-31,WK 31,Kolathur,Swiggy,Dinner,COCO,TN,1980.03,425.97,0.0,2286.0,0,4,18.633858267716537,495.0075,400-500,10%-20%
Madno,2026-07-31,WK 31,Kolathur,Swiggy,Lunch,COCO,TN,249.0,100.0,0.0,339.0,0,1,29.49852507374631,249.0,200-300,20%-30%
Madno,2026-07-31,WK 31,Kolathur,Swiggy,Snacks,COCO,TN,2444.2200000000003,387.78,0.0,2722.0,0,5,14.246142542248347,488.84400000000005,400-500,10%-20%
Madno,2026-07-31,WK 31,Kolathur,Zomato,Dinner,COCO,TN,370.0,340.0,18.52,680.0,0,1,50.0,370.0,300-400,40%-50%
Madno,2026-07-31,WK 31,Kolathur,Zomato,Late Night,COCO,TN,288.0,153.0,14.4,421.0,0,1,36.342042755344416,288.0,200-300,30%-40%
Madno,2026-07-31,WK 31,Kolathur,Zomato,Lunch,COCO,TN,581.5,541.5,29.1,1083.0,0,1,50.0,581.5,500-600,40%-50%
Madno,2026-07-31,WK 31,Kondhwa,Zomato,Dinner,FOFO,MH,876.0,595.0,43.82,1421.0,0,2,41.87192118226601,438.0,400-500,40%-50%
Madno,2026-07-31,WK 31,Kondhwa,Zomato,Late Night,FOFO,MH,330.0,0.0,16.5,320.0,0,1,0.0,330.0,300-400,0%
Madno,2026-07-31,WK 31,Koramangala,Ownly,Snacks,COCO,KA,90.0,0.0,4.5,90.0,0,1,0.0,90.0,0-100,0%
Madno,2026-07-31,WK 31,Koramangala,Swiggy,Breakfast,COCO,KA,141.0,79.0,0.0,220.0,0,1,35.90909090909091,141.0,100-200,30%-40%
Madno,2026-07-31,WK 31,Koramangala,Swiggy,Dinner,COCO,KA,1244.01,736.5,0.0,1880.51,0,3,39.16490739214362,414.67,400-500,30%-40%
Madno,2026-07-31,WK 31,Koramangala,Swiggy,Late Night,COCO,KA,240.0,0.0,0.0,230.0,0,1,0.0,240.0,200-300,0%
Madno,2026-07-31,WK 31,Koramangala,Swiggy,Lunch,COCO,KA,129.0,100.0,0.0,219.0,0,1,45.662100456621005,129.0,100-200,40%-50%
Madno,2026-07-31,WK 31,Koramangala,Zomato,Late Night,COCO,KA,944.75,510.25,47.28,1385.0,0,4,36.841155234657045,236.1875,200-300,30%-40%
Madno,2026-07-31,WK 31,Koramangala,Zomato,Snacks,COCO,KA,84.28,115.72,4.22,190.0,0,1,60.90526315789474,84.28,0-100,60%-70%
Madno,2026-07-31,WK 31,Koregaon Park - Pune,Swiggy,Dinner,COCO,MH,991.01,99.99,0.0,1051.0,0,2,9.513796384395814,495.505,400-500,1%-10%
Madno,2026-07-31,WK 31,Koregaon Park - Pune,Swiggy,Snacks,COCO,MH,708.0,32.0,0.0,720.0,0,2,4.444444444444445,354.0,300-400,1%-10%
Madno,2026-07-31,WK 31,Koregaon Park - Pune,Zomato,Late Night,COCO,MH,100.0,90.0,5.0,180.0,0,1,50.0,100.0,0-100,40%-50%
Madno,2026-07-31,WK 31,Koregaon Park - Pune,Zomato,Lunch,COCO,MH,197.5,62.5,9.88,250.0,0,1,25.0,197.5,100-200,20%-30%
Madno,2026-07-31,WK 31,Kothanur,Swiggy,Dinner,FOFO,KA,1730.81,502.19,0.0,2183.0,0,5,23.00458085203848,346.162,300-400,20%-30%
Madno,2026-07-31,WK 31,Kothanur,Swiggy,Late Night,FOFO,KA,247.0,64.0,0.0,301.0,0,1,21.262458471760798,247.0,200-300,20%-30%
Madno,2026-07-31,WK 31,Kothanur,Swiggy,Snacks,FOFO,KA,636.2,344.8,0.0,951.0,0,2,36.256572029442694,318.1,300-400,30%-40%
Madno,2026-07-31,WK 31,Kothanur,Zomato,Dinner,FOFO,KA,165.0,155.0,8.26,310.0,0,1,50.0,165.0,100-200,40%-50%
Madno,2026-07-31,WK 31,Lokhandwala,Swiggy,Dinner,COCO,MH,1179.81,559.7,0.0,1679.51,0,5,33.325196039321,235.962,200-300,30%-40%
Madno,2026-07-31,WK 31,Lokhandwala,Swiggy,Late Night,COCO,MH,387.0,255.0,0.0,632.0,0,2,40.348101265822784,193.5,100-200,40%-50%
Madno,2026-07-31,WK 31,Lokhandwala,Zomato,Closing,COCO,MH,315.0,225.0,15.74,520.0,0,1,43.269230769230774,315.0,300-400,40%-50%
Madno,2026-07-31,WK 31,Lokhandwala,Zomato,Dinner,COCO,MH,471.5,431.5,23.6,863.0,0,1,50.0,471.5,400-500,40%-50%
Madno,2026-07-31,WK 31,Lokhandwala,Zomato,Snacks,COCO,MH,1186.0,768.0,59.34,1864.0,0,3,41.201716738197426,395.3333333333333,300-400,40%-50%
Madno,2026-07-31,WK 31,Madno - Akshay Nagar,In Store,Dinner,FOFO,KA,1772.0,0.0,88.62,1772.0,0,7,0.0,253.14285714285714,200-300,0%
Madno,2026-07-31,WK 31,Madno - Akshay Nagar,In Store,Late Night,FOFO,KA,10.0,0.0,0.5,10.0,0,1,0.0,10.0,0-100,0%
Madno,2026-07-31,WK 31,Madno - Akshay Nagar,In Store,Lunch,FOFO,KA,338.0,0.0,16.9,338.0,0,1,0.0,338.0,300-400,0%
Madno,2026-07-31,WK 31,Madno - Akshay Nagar,In Store,Snacks,FOFO,KA,1452.33,0.0,72.66000000000001,1452.33,0,6,0.0,242.05499999999998,200-300,0%
Madno,2026-07-31,WK 31,Madno - Akshay Nagar,Swiggy,Closing,FOFO,KA,97.0,104.0,0.0,191.0,0,1,54.45026178010471,97.0,0-100,50%-60%
Madno,2026-07-31,WK 31,Madno - Akshay Nagar,Swiggy,Dinner,FOFO,KA,444.0,246.0,0.0,660.0,0,2,37.27272727272727,222.0,200-300,30%-40%
Madno,2026-07-31,WK 31,Madno - Akshay Nagar,Swiggy,Late Night,FOFO,KA,676.0,476.0,0.0,1102.0,0,3,43.19419237749546,225.33333333333334,200-300,40%-50%
Madno,2026-07-31,WK 31,Madno - Akshay Nagar,Swiggy,Lunch,FOFO,KA,441.0,270.0,0.0,681.0,0,2,39.647577092511014,220.5,200-300,30%-40%
Madno,2026-07-31,WK 31,Madno - Akshay Nagar,Swiggy,Snacks,FOFO,KA,426.0,195.0,0.0,591.0,0,2,32.99492385786802,213.0,200-300,30%-40%
Madno,2026-07-31,WK 31,Madno - Akshay Nagar,Zomato,Closing,FOFO,KA,503.83,350.5,25.2,814.3299999999999,0,2,43.04151879459187,251.915,200-300,40%-50%
Madno,2026-07-31,WK 31,Madno - Akshay Nagar,Zomato,Dinner,FOFO,KA,5141.25,3618.75,257.2,8410.0,0,15,43.029131985731276,342.75,300-400,40%-50%
Madno,2026-07-31,WK 31,Madno - Akshay Nagar,Zomato,Late Night,FOFO,KA,1810.0,1450.0,90.56,3130.0,0,6,46.325878594249204,301.6666666666667,300-400,40%-50%
Madno,2026-07-31,WK 31,Madno - Akshay Nagar,Zomato,Snacks,FOFO,KA,461.0,0.0,23.060000000000002,441.0,0,2,0.0,230.5,200-300,0%
Madno,2026-07-31,WK 31,Madno - Basaveshwaranagar,In Store,Dinner,FOFO,KA,89.0,0.0,4.46,89.0,0,1,0.0,89.0,0-100,0%
Madno,2026-07-31,WK 31,Madno - Basaveshwaranagar,In Store,Late Night,FOFO,KA,507.0,0.0,25.36,507.0,0,1,0.0,507.0,500-600,0%
Madno,2026-07-31,WK 31,Madno - Basaveshwaranagar,In Store,Lunch,FOFO,KA,524.0,0.0,26.240000000000002,524.0,0,5,0.0,104.8,100-200,0%
Madno,2026-07-31,WK 31,Madno - Basaveshwaranagar,In Store,Snacks,FOFO,KA,358.6,47.4,17.94,406.0,0,2,11.67487684729064,179.3,100-200,10%-20%
Madno,2026-07-31,WK 31,Madno - Basaveshwaranagar,Swiggy,Dinner,FOFO,KA,403.56,237.44,0.0,611.0,0,2,38.86088379705401,201.78,200-300,30%-40%
Madno,2026-07-31,WK 31,Madno - Basaveshwaranagar,Zomato,Dinner,FOFO,KA,1099.5,335.5,55.0,1375.0,0,4,24.4,274.875,200-300,20%-30%
Madno,2026-07-31,WK 31,Madno - Basaveshwaranagar,Zomato,Late Night,FOFO,KA,150.0,140.0,7.5,280.0,0,1,50.0,150.0,100-200,40%-50%
Madno,2026-07-31,WK 31,Madno - Basaveshwaranagar,Zomato,Lunch,FOFO,KA,270.5,250.5,13.54,501.0,0,1,50.0,270.5,200-300,40%-50%
Madno,2026-07-31,WK 31,Madno - Eluru,In Store,Dinner,FOFO,AP & TL,1218.0,0.0,60.92,1218.0,0,3,0.0,406.0,400-500,0%
Madno,2026-07-31,WK 31,Madno - Eluru,In Store,Snacks,FOFO,AP & TL,89.0,0.0,4.46,89.0,0,1,0.0,89.0,0-100,0%
Madno,2026-07-31,WK 31,Madno - Eluru,Swiggy,Dinner,FOFO,AP & TL,275.0,0.0,0.0,265.0,0,1,0.0,275.0,200-300,0%
Madno,2026-07-31,WK 31,Madno - Eluru,Swiggy,Lunch,FOFO,AP & TL,489.0,0.0,0.0,469.0,0,1,0.0,489.0,400-500,0%
Madno,2026-07-31,WK 31,Madno - Eluru,Swiggy,Snacks,FOFO,AP & TL,905.8,77.2,0.0,943.0,0,2,8.186638388123011,452.9,400-500,1%-10%
Madno,2026-07-31,WK 31,Madno - Eluru,Zomato,Dinner,FOFO,AP & TL,1514.0,585.0,75.72,2029.0,0,7,28.83193691473632,216.28571428571428,200-300,20%-30%
Madno,2026-07-31,WK 31,Madno - Eluru,Zomato,Lunch,FOFO,AP & TL,874.8,256.2,43.74,1091.0,0,4,23.483043079743354,218.7,200-300,20%-30%
Madno,2026-07-31,WK 31,Madno - Eluru,Zomato,Snacks,FOFO,AP & TL,936.0,389.0,46.82,1275.0,0,5,30.50980392156863,187.2,100-200,30%-40%
Madno,2026-07-31,WK 31,Madno - Gandipet,In Store,Closing,FOFO,AP & TL,811.23,0.0,40.56,811.23,0,2,0.0,405.615,400-500,0%
Madno,2026-07-31,WK 31,Madno - Gandipet,In Store,Dinner,FOFO,AP & TL,1815.0,0.0,90.82,1815.0,0,13,0.0,139.6153846153846,100-200,0%
Madno,2026-07-31,WK 31,Madno - Gandipet,In Store,Late Night,FOFO,AP & TL,89.0,0.0,4.46,89.0,0,1,0.0,89.0,0-100,0%
Madno,2026-07-31,WK 31,Madno - Gandipet,In Store,Snacks,FOFO,AP & TL,538.23,0.0,26.94,538.23,0,4,0.0,134.5575,100-200,0%
Madno,2026-07-31,WK 31,Madno - Gandipet,Swiggy,Snacks,FOFO,AP & TL,130.0,41.0,0.0,171.0,0,1,23.976608187134502,130.0,100-200,20%-30%
Madno,2026-07-31,WK 31,Madno - Gandipet,Zomato,Dinner,FOFO,AP & TL,1242.5,530.5,62.14,1703.0,0,5,31.15091015854375,248.5,200-300,30%-40%
Madno,2026-07-31,WK 31,Madno - Gandipet,Zomato,Late Night,FOFO,AP & TL,1331.75,842.25,66.64,2094.0,0,5,40.222063037249285,266.35,200-300,40%-50%
Madno,2026-07-31,WK 31,Madno - Hinjewadi,Swiggy,Dinner,FOFO,MH,230.0,0.0,0.0,220.0,0,1,0.0,230.0,200-300,0%
Madno,2026-07-31,WK 31,Madno - Hinjewadi,Zomato,Dinner,FOFO,MH,1957.5,765.5,97.92,2623.0,0,6,29.184140297369428,326.25,300-400,20%-30%
Madno,2026-07-31,WK 31,Madno - Shivamogga,In Store,Dinner,FOFO,KA,5029.23,0.0,251.54,5029.23,0,17,0.0,295.8370588235294,200-300,0%
Madno,2026-07-31,WK 31,Madno - Shivamogga,In Store,Lunch,FOFO,KA,108.0,0.0,5.4,108.0,0,1,0.0,108.0,100-200,0%
Madno,2026-07-31,WK 31,Madno - Shivamogga,In Store,Snacks,FOFO,KA,1029.08,0.0,51.48,1029.08,0,7,0.0,147.01142857142855,100-200,0%
Madno,2026-07-31,WK 31,Madno - Shivamogga,Swiggy,Dinner,FOFO,KA,1101.0,0.0,0.0,1061.0,0,3,0.0,367.0,300-400,0%
Madno,2026-07-31,WK 31,Madno - Shivamogga,Zomato,Dinner,FOFO,KA,805.0,175.0,40.26,950.0,0,3,18.421052631578945,268.3333333333333,200-300,10%-20%
Madno,2026-07-31,WK 31,Madno - Shivamogga,Zomato,Lunch,FOFO,KA,570.0,0.0,28.5,550.0,0,1,0.0,570.0,500-600,0%
Madno,2026-07-31,WK 31,Madno - Shivamogga,Zomato,Snacks,FOFO,KA,1235.33,0.0,61.78,1175.33,0,4,0.0,308.8325,300-400,0%
Madno,2026-07-31,WK 31,Madno - Thane,In Store,Dinner,FOFO,MH,98.0,0.0,4.9,98.0,0,1,0.0,98.0,0-100,0%
Madno,2026-07-31,WK 31,Madno - Thane,In Store,Snacks,FOFO,MH,148.0,0.0,7.4,148.0,0,1,0.0,148.0,100-200,0%
Madno,2026-07-31,WK 31,Malad - CF - CK,Swiggy,Dinner,COCO,MH,420.0,92.0,0.0,502.0,0,2,18.326693227091635,210.0,200-300,10%-20%
Madno,2026-07-31,WK 31,Malad - CF - CK,Swiggy,Late Night,COCO,MH,310.0,0.0,0.0,300.0,0,1,0.0,310.0,300-400,0%
Madno,2026-07-31,WK 31,Malad - CF - CK,Swiggy,Lunch,COCO,MH,250.0,60.0,0.0,300.0,0,1,20.0,250.0,200-300,10%-20%
Madno,2026-07-31,WK 31,Malad - CF - CK,Zomato,Dinner,COCO,MH,733.75,538.25,36.72,1222.0,0,3,44.04664484451718,244.58333333333334,200-300,40%-50%
Madno,2026-07-31,WK 31,Malad - CF - CK,Zomato,Late Night,COCO,MH,150.0,140.0,7.5,280.0,0,1,50.0,150.0,100-200,40%-50%
Madno,2026-07-31,WK 31,Malleswaram,Swiggy,Dinner,FOFO,KA,790.81,219.19,0.0,970.0,0,3,22.596907216494845,263.6033333333333,200-300,20%-30%
Madno,2026-07-31,WK 31,Malleswaram,Swiggy,Late Night,FOFO,KA,120.0,120.0,0.0,230.0,0,1,52.17391304347826,120.0,100-200,50%-60%
Madno,2026-07-31,WK 31,Malleswaram,Zomato,Dinner,FOFO,KA,960.0,160.0,48.019999999999996,1080.0,0,3,14.814814814814813,320.0,300-400,10%-20%
Madno,2026-07-31,WK 31,Malleswaram,Zomato,Lunch,FOFO,KA,561.0,120.0,28.060000000000002,651.0,0,2,18.433179723502306,280.5,200-300,10%-20%
Madno,2026-07-31,WK 31,Manipal,Swiggy,Dinner,COCO,KA,1146.0,605.0,0.0,1671.0,0,3,36.20586475164572,382.0,300-400,30%-40%
Madno,2026-07-31,WK 31,Manipal,Swiggy,Lunch,COCO,KA,1516.0,476.0,0.0,1912.0,0,3,24.89539748953975,505.3333333333333,500-600,20%-30%
Madno,2026-07-31,WK 31,Manipal,Swiggy,Snacks,COCO,KA,827.0,414.0,0.0,1191.0,0,3,34.76070528967254,275.6666666666667,200-300,30%-40%
Madno,2026-07-31,WK 31,Manipal,Zomato,Dinner,COCO,KA,986.0,765.0,49.339999999999996,1691.0,0,5,45.23950325251331,197.2,100-200,40%-50%
Madno,2026-07-31,WK 31,Manipal,Zomato,Snacks,COCO,KA,790.75,510.25,39.58,1241.0,0,4,41.116035455278,197.6875,100-200,40%-50%
Madno,2026-07-31,WK 31,Manpada - CF CK,Swiggy,Late Night,COCO,MH,825.0,315.0,0.0,1100.0,0,2,28.636363636363637,412.5,400-500,20%-30%
Madno,2026-07-31,WK 31,Manpada - CF CK,Zomato,Dinner,COCO,MH,291.0,271.0,14.56,542.0,0,1,50.0,291.0,200-300,40%-50%
Madno,2026-07-31,WK 31,Manpada - CF CK,Zomato,Late Night,COCO,MH,1068.85,155.0,53.44,1173.85,0,2,13.204412829577885,534.425,500-600,10%-20%
Madno,2026-07-31,WK 31,Marol - CF CK,Swiggy,Dinner,COCO,MH,1621.01,306.99,0.0,1848.0,0,5,16.612012987012985,324.202,300-400,10%-20%
Madno,2026-07-31,WK 31,Marol - CF CK,Swiggy,Late Night,COCO,MH,379.0,163.33,0.0,512.3299999999999,0,2,31.879843069896364,189.5,100-200,30%-40%
Madno,2026-07-31,WK 31,Marol - CF CK,Swiggy,Snacks,COCO,MH,149.0,91.0,0.0,230.0,0,1,39.565217391304344,149.0,100-200,30%-40%
Madno,2026-07-31,WK 31,Marol - CF CK,Zomato,Dinner,COCO,MH,297.0,225.0,14.86,502.0,0,1,44.820717131474105,297.0,200-300,40%-50%
Madno,2026-07-31,WK 31,Mira Road,Swiggy,Closing,COCO,MH,177.0,64.0,0.0,231.0,0,1,27.705627705627705,177.0,100-200,20%-30%
Madno,2026-07-31,WK 31,Mira Road,Swiggy,Dinner,COCO,MH,1015.0,416.0,0.0,1371.0,0,2,30.34281546316557,507.5,500-600,30%-40%
Madno,2026-07-31,WK 31,Mira Road,Swiggy,Snacks,COCO,MH,716.0,427.33,0.0,1093.33,0,1,39.085180137744324,716.0,600-900,30%-40%
Madno,2026-07-31,WK 31,Mira Road,Zomato,Dinner,COCO,MH,206.0,135.0,10.3,331.0,0,1,40.78549848942598,206.0,200-300,40%-50%
Madno,2026-07-31,WK 31,Mira Road,Zomato,Lunch,COCO,MH,130.0,120.0,6.5,240.0,0,1,50.0,130.0,100-200,40%-50%
Madno,2026-07-31,WK 31,Miraya Rose,Ownly,Dinner,COCO,KA,118.0,0.0,5.9,118.0,0,1,0.0,118.0,100-200,0%
Madno,2026-07-31,WK 31,Miraya Rose,Ownly,Lunch,COCO,KA,227.5,0.0,11.38,227.5,0,1,0.0,227.5,200-300,0%
Madno,2026-07-31,WK 31,Miraya Rose,Swiggy,Dinner,COCO,KA,407.0,214.0,0.0,591.0,0,2,36.209813874788495,203.5,200-300,30%-40%
Madno,2026-07-31,WK 31,Miraya Rose,Swiggy,Late Night,COCO,KA,209.0,154.33,0.0,343.33,0,1,44.95092185361024,209.0,200-300,40%-50%
Madno,2026-07-31,WK 31,Miraya Rose,Swiggy,Snacks,COCO,KA,129.0,100.0,0.0,219.0,0,1,45.662100456621005,129.0,100-200,40%-50%
Madno,2026-07-31,WK 31,Miraya Rose,Zomato,Dinner,COCO,KA,916.75,202.25,45.84,1079.0,0,4,18.744207599629288,229.1875,200-300,10%-20%
Madno,2026-07-31,WK 31,Miraya Rose,Zomato,Late Night,COCO,KA,190.0,120.0,9.5,300.0,0,1,40.0,190.0,100-200,30%-40%
Madno,2026-07-31,WK 31,Mogappair,Swiggy,Dinner,COCO,TN,228.0,183.0,0.0,401.0,0,2,45.6359102244389,114.0,100-200,40%-50%
Madno,2026-07-31,WK 31,Mogappair,Swiggy,Late Night,COCO,TN,485.01,355.5,0.0,790.51,0,2,44.97096810919533,242.505,200-300,40%-50%
Madno,2026-07-31,WK 31,Mogappair,Swiggy,Lunch,COCO,TN,180.01,199.5,0.0,349.51,0,1,57.07991187662728,180.01,100-200,50%-60%
Madno,2026-07-31,WK 31,Mogappair,Zomato,Dinner,COCO,TN,735.0,405.0,36.76,1090.0,0,3,37.15596330275229,245.0,200-300,30%-40%
Madno,2026-07-31,WK 31,Mogappair,Zomato,Late Night,COCO,TN,410.0,150.0,20.5,540.0,0,1,27.77777777777778,410.0,400-500,20%-30%
Madno,2026-07-31,WK 31,Mudichur,Swiggy,Dinner,COCO,TN,239.01,226.69,0.0,435.7,0,1,52.0289189809502,239.01,200-300,50%-60%
Madno,2026-07-31,WK 31,Mudichur,Swiggy,Late Night,COCO,TN,428.01,390.02,0.0,768.03,0,2,50.78187049985027,214.005,200-300,50%-60%
Madno,2026-07-31,WK 31,Mudichur,Swiggy,Lunch,COCO,TN,488.0,160.0,0.0,638.0,0,1,25.07836990595611,488.0,400-500,20%-30%
Madno,2026-07-31,WK 31,Mudichur,Swiggy,Snacks,COCO,TN,704.0,237.0,0.0,901.0,0,2,26.304106548279687,352.0,300-400,20%-30%
Madno,2026-07-31,WK 31,Mudichur,Zomato,Dinner,COCO,TN,1191.1,835.75,59.58,1956.85,0,4,42.708945499144036,297.775,200-300,40%-50%
Madno,2026-07-31,WK 31,Mudichur,Zomato,Late Night,COCO,TN,315.5,285.5,15.799999999999999,571.0,0,2,50.0,157.75,100-200,40%-50%
Madno,2026-07-31,WK 31,Mudichur,Zomato,Snacks,COCO,TN,480.0,440.0,24.02,880.0,0,2,50.0,240.0,200-300,40%-50%
Madno,2026-07-31,WK 31,Mulund,Swiggy,Closing,COCO,MH,509.0,193.0,0.0,672.0,0,1,28.720238095238095,509.0,500-600,20%-30%
Madno,2026-07-31,WK 31,Mulund,Swiggy,Dinner,COCO,MH,1166.6,732.05,0.0,1788.65,0,3,40.92751516506862,388.8666666666666,300-400,40%-50%
Madno,2026-07-31,WK 31,Mulund,Swiggy,Late Night,COCO,MH,250.0,92.0,0.0,322.0,0,1,28.57142857142857,250.0,200-300,20%-30%
Madno,2026-07-31,WK 31,Mulund,Zomato,Late Night,COCO,MH,456.75,226.25,22.84,643.0,0,2,35.186625194401245,228.375,200-300,30%-40%
Madno,2026-07-31,WK 31,Nagadevanahally,Swiggy,Dinner,FOFO,KA,677.0,224.0,0.0,871.0,0,2,25.71756601607348,338.5,300-400,20%-30%
Madno,2026-07-31,WK 31,Nagadevanahally,Swiggy,Lunch,FOFO,KA,240.0,0.0,0.0,230.0,0,1,0.0,240.0,200-300,0%
Madno,2026-07-31,WK 31,Nagadevanahally,Swiggy,Snacks,FOFO,KA,380.0,0.0,0.0,370.0,0,1,0.0,380.0,300-400,0%
Madno,2026-07-31,WK 31,Nagadevanahally,Zomato,Dinner,FOFO,KA,185.0,175.0,9.26,350.0,0,1,50.0,185.0,100-200,40%-50%
Madno,2026-07-31,WK 31,Nagadevanahally,Zomato,Late Night,FOFO,KA,241.0,0.0,12.06,231.0,0,1,0.0,241.0,200-300,0%
Madno,2026-07-31,WK 31,Nagavara,Ownly,Dinner,COCO,KA,433.0,0.0,21.66,433.0,0,3,0.0,144.33333333333334,100-200,0%
Madno,2026-07-31,WK 31,Nagavara,Ownly,Snacks,COCO,KA,132.0,0.0,6.6,132.0,0,1,0.0,132.0,100-200,0%
Madno,2026-07-31,WK 31,Nagavara,Swiggy,Dinner,COCO,KA,1901.33,905.6700000000001,0.0,2737.0,0,8,33.08987943003289,237.66625,200-300,30%-40%
Madno,2026-07-31,WK 31,Nagavara,Swiggy,Late Night,COCO,KA,167.01,146.84,0.0,313.85,0,1,46.78668153576549,167.01,100-200,40%-50%
Madno,2026-07-31,WK 31,Nagavara,Swiggy,Snacks,COCO,KA,540.0,170.0,0.0,700.0,0,2,24.285714285714285,270.0,200-300,20%-30%
Madno,2026-07-31,WK 31,Nagavara,Zomato,Dinner,COCO,KA,2382.9900000000002,1809.34,119.24000000000001,4002.33,0,13,45.207166825324244,183.30692307692308,100-200,40%-50%
Madno,2026-07-31,WK 31,Nagavara,Zomato,Late Night,COCO,KA,135.0,125.0,6.76,250.0,0,1,50.0,135.0,100-200,40%-50%
Madno,2026-07-31,WK 31,Nagavara,Zomato,Lunch,COCO,KA,137.49,184.51,6.88,302.0,0,2,61.09602649006622,68.745,0-100,60%-70%
Madno,2026-07-31,WK 31,Nalanchira,Zomato,Dinner,FOFO,Kerela,270.0,0.0,0.0,260.0,0,1,0.0,270.0,200-300,0%
Madno,2026-07-31,WK 31,Nalanchira,Zomato,Lunch,FOFO,Kerela,549.0,0.0,11.46,529.0,0,2,0.0,274.5,200-300,0%
Madno,2026-07-31,WK 31,Nanganallur CK,Swiggy,Dinner,COCO,TN,3311.81,970.04,0.0,4121.85,0,9,23.534092701092955,367.9788888888889,300-400,20%-30%
Madno,2026-07-31,WK 31,Nanganallur CK,Swiggy,Late Night,COCO,TN,885.0,63.33,0.0,908.33,0,1,6.972135677562119,885.0,600-900,1%-10%
Madno,2026-07-31,WK 31,Nanganallur CK,Swiggy,Snacks,COCO,TN,628.01,256.84,0.0,844.85,0,2,30.400662839557313,314.005,300-400,30%-40%
Madno,2026-07-31,WK 31,Nanganallur CK,Zomato,Late Night,COCO,TN,361.0,321.0,18.08,642.0,0,2,50.0,180.5,100-200,40%-50%
Madno,2026-07-31,WK 31,Nanganallur CK,Zomato,Snacks,COCO,TN,148.0,92.0,7.4,230.0,0,1,40.0,148.0,100-200,30%-40%
Madno,2026-07-31,WK 31,Nungambakkam - CK,Swiggy,Dinner,COCO,TN,1003.0,287.0,0.0,1250.0,0,3,22.96,334.3333333333333,300-400,20%-30%
Madno,2026-07-31,WK 31,Nungambakkam - CK,Swiggy,Late Night,COCO,TN,258.0,143.0,0.0,381.0,0,1,37.53280839895013,258.0,200-300,30%-40%
Madno,2026-07-31,WK 31,Nungambakkam - CK,Swiggy,Lunch,COCO,TN,278.0,181.0,0.0,439.0,0,1,41.230068337129836,278.0,200-300,40%-50%
Madno,2026-07-31,WK 31,Nungambakkam - CK,Swiggy,Snacks,COCO,TN,617.0,263.0,0.0,840.0,0,2,31.30952380952381,308.5,300-400,30%-40%
Madno,2026-07-31,WK 31,Nungambakkam - CK,Zomato,Late Night,COCO,TN,411.0,231.0,20.56,612.0,0,2,37.745098039215684,205.5,200-300,30%-40%
Madno,2026-07-31,WK 31,OMR,Swiggy,Dinner,COCO,TN,149.0,91.0,0.0,230.0,0,1,39.565217391304344,149.0,100-200,30%-40%
Madno,2026-07-31,WK 31,OMR,Swiggy,Late Night,COCO,TN,932.01,250.99,0.0,1133.0,0,1,22.152691968225948,932.01,>900,20%-30%
Madno,2026-07-31,WK 31,OMR,Swiggy,Snacks,COCO,TN,1131.01,319.99,0.0,1401.0,0,3,22.8401142041399,377.00333333333333,300-400,20%-30%
Madno,2026-07-31,WK 31,OMR,Zomato,Dinner,COCO,TN,506.0,426.0,25.32,892.0,0,3,47.75784753363229,168.66666666666666,100-200,40%-50%
Madno,2026-07-31,WK 31,OMR,Zomato,Late Night,COCO,TN,185.0,175.0,9.26,350.0,0,1,50.0,185.0,100-200,40%-50%
Madno,2026-07-31,WK 31,OMR,Zomato,Lunch,COCO,TN,500.0,270.0,25.0,740.0,0,1,36.486486486486484,500.0,400-500,30%-40%
Madno,2026-07-31,WK 31,PALAM VIHAR,Swiggy,Lunch,FOFO,ROI,712.0,0.0,0.0,682.0,0,2,0.0,356.0,300-400,0%
Madno,2026-07-31,WK 31,Pallikaranai,Swiggy,Dinner,COCO,TN,209.0,154.33,0.0,343.33,0,1,44.95092185361024,209.0,200-300,40%-50%
Madno,2026-07-31,WK 31,Pallikaranai,Swiggy,Late Night,COCO,TN,236.0,64.0,0.0,290.0,0,1,22.06896551724138,236.0,200-300,20%-30%
Madno,2026-07-31,WK 31,Pallikaranai,Zomato,Dinner,COCO,TN,1275.58,663.75,63.82,1849.33,0,5,35.89137687703114,255.11599999999999,200-300,30%-40%
Madno,2026-07-31,WK 31,Pallikaranai,Zomato,Late Night,COCO,TN,602.0,140.0,30.099999999999998,712.0,0,2,19.662921348314608,301.0,300-400,10%-20%
Madno,2026-07-31,WK 31,Perambur - CK,Swiggy,Dinner,COCO,TN,159.0,100.0,0.0,259.0,0,1,38.61003861003861,159.0,100-200,30%-40%
Madno,2026-07-31,WK 31,Perambur - CK,Swiggy,Late Night,COCO,TN,1978.01,602.99,0.0,2481.0,0,3,24.304312777106006,659.3366666666667,600-900,20%-30%
Madno,2026-07-31,WK 31,Perambur - CK,Zomato,Dinner,COCO,TN,151.0,131.0,7.56,262.0,0,1,50.0,151.0,100-200,40%-50%
Madno,2026-07-31,WK 31,Pimpri Chinchwad,Swiggy,Dinner,FOFO,MH,532.01,119.99,0.0,632.0,0,1,18.985759493670884,532.01,500-600,10%-20%
Madno,2026-07-31,WK 31,Pimpri Chinchwad,Swiggy,Lunch,FOFO,MH,149.0,81.0,0.0,230.0,0,1,35.21739130434783,149.0,100-200,30%-40%
Madno,2026-07-31,WK 31,Pimpri Chinchwad,Swiggy,Snacks,FOFO,MH,189.0,1.0,0.0,190.0,0,1,0.5263157894736842,189.0,100-200,1%-10%
Madno,2026-07-31,WK 31,Poonamalle,Swiggy,Lunch,FOFO,TN,176.0,64.0,0.0,230.0,0,1,27.82608695652174,176.0,100-200,20%-30%
Madno,2026-07-31,WK 31,Powai- CF - CK,Swiggy,Dinner,COCO,MH,421.2,68.8,0.0,470.0,0,2,14.638297872340425,210.6,200-300,10%-20%
Madno,2026-07-31,WK 31,Powai- CF - CK,Swiggy,Late Night,COCO,MH,184.8,55.2,0.0,230.0,0,1,24.000000000000004,184.8,100-200,20%-30%
Madno,2026-07-31,WK 31,Powai- CF - CK,Zomato,Dinner,COCO,MH,175.0,135.0,8.76,300.0,0,1,45.0,175.0,100-200,40%-50%
Madno,2026-07-31,WK 31,Powai- CF - CK,Zomato,Snacks,COCO,MH,160.0,80.0,8.0,230.0,0,1,34.78260869565217,160.0,100-200,30%-40%
Madno,2026-07-31,WK 31,Prabhadevi,Swiggy,Dinner,COCO,MH,251.0,60.0,0.0,301.0,0,1,19.93355481727575,251.0,200-300,10%-20%
Madno,2026-07-31,WK 31,Prabhadevi,Swiggy,Late Night,COCO,MH,270.0,40.0,0.0,300.0,0,1,13.333333333333334,270.0,200-300,10%-20%
Madno,2026-07-31,WK 31,Prabhadevi,Zomato,Closing,COCO,MH,165.0,155.0,8.26,310.0,0,1,50.0,165.0,100-200,40%-50%
Madno,2026-07-31,WK 31,Prabhadevi,Zomato,Dinner,COCO,MH,141.0,0.0,7.06,131.0,0,1,0.0,141.0,100-200,0%
Madno,2026-07-31,WK 31,Prabhadevi,Zomato,Snacks,COCO,MH,525.0,475.0,26.259999999999998,950.0,0,2,50.0,262.5,200-300,40%-50%
Madno,2026-07-31,WK 31,Race Course Road,Swiggy,Dinner,COCO,TN,2395.23,277.77,0.0,2573.0,0,6,10.79556937427128,399.205,300-400,10%-20%
Madno,2026-07-31,WK 31,Race Course Road,Swiggy,Late Night,COCO,TN,1226.0,264.0,0.0,1430.0,0,4,18.461538461538463,306.5,300-400,10%-20%
Madno,2026-07-31,WK 31,Race Course Road,Swiggy,Lunch,COCO,TN,952.8,338.2,0.0,1231.0,0,3,27.473598700243702,317.59999999999997,300-400,20%-30%
Madno,2026-07-31,WK 31,Race Course Road,Zomato,Dinner,COCO,TN,130.0,120.0,6.5,240.0,0,1,50.0,130.0,100-200,40%-50%
Madno,2026-07-31,WK 31,Race Course Road,Zomato,Late Night,COCO,TN,798.5,393.5,39.94,1132.0,0,3,34.76148409893993,266.1666666666667,200-300,30%-40%
Madno,2026-07-31,WK 31,Raipur-1,Zomato,Closing,FOFO,ROI,280.0,50.0,14.0,320.0,0,1,15.625,280.0,200-300,10%-20%
Madno,2026-07-31,WK 31,Raipur-1,Zomato,Dinner,FOFO,ROI,105.0,95.0,5.26,190.0,0,1,50.0,105.0,100-200,40%-50%
Madno,2026-07-31,WK 31,Raipur-1,Zomato,Late Night,FOFO,ROI,210.0,190.0,10.5,380.0,0,1,50.0,210.0,200-300,40%-50%
Madno,2026-07-31,WK 31,Raipur-2,Zomato,Lunch,FOFO,ROI,502.35,28.65,25.119999999999997,511.0,0,2,5.60665362035225,251.175,200-300,1%-10%
Madno,2026-07-31,WK 31,Ravipuram,Swiggy,Closing,COCO,Kerela,120.0,126.66,0.0,226.66,0,1,55.88105532515662,120.0,100-200,50%-60%
Madno,2026-07-31,WK 31,Ravipuram,Swiggy,Dinner,COCO,Kerela,1585.0,287.0,0.0,1802.0,0,3,15.926748057713652,528.3333333333334,500-600,10%-20%
Madno,2026-07-31,WK 31,Ravipuram,Swiggy,Late Night,COCO,Kerela,151.0,0.0,0.0,141.0,0,1,0.0,151.0,100-200,0%
Madno,2026-07-31,WK 31,Ravipuram,Swiggy,Lunch,COCO,Kerela,260.0,60.0,0.0,310.0,0,1,19.35483870967742,260.0,200-300,10%-20%
Madno,2026-07-31,WK 31,Ravipuram,Swiggy,Snacks,COCO,Kerela,99.0,82.0,0.0,171.0,0,1,47.953216374269005,99.0,0-100,40%-50%
Madno,2026-07-31,WK 31,Ravipuram,Zomato,Closing,COCO,Kerela,180.0,60.0,9.0,230.0,0,1,26.08695652173913,180.0,100-200,20%-30%
Madno,2026-07-31,WK 31,Ravipuram,Zomato,Dinner,COCO,Kerela,884.75,649.25,44.28,1464.0,0,4,44.34767759562842,221.1875,200-300,40%-50%
Madno,2026-07-31,WK 31,Ravipuram,Zomato,Late Night,COCO,Kerela,210.0,190.0,10.5,380.0,0,1,50.0,210.0,200-300,40%-50%
Madno,2026-07-31,WK 31,Ravipuram,Zomato,Lunch,COCO,Kerela,165.0,155.0,8.26,310.0,0,1,50.0,165.0,100-200,40%-50%
Madno,2026-07-31,WK 31,SEAWOOD,Swiggy,Dinner,COCO,MH,1160.02,518.64,0.0,1598.66,0,3,32.44217031764102,386.67333333333335,300-400,30%-40%
Madno,2026-07-31,WK 31,SEAWOOD,Zomato,Dinner,COCO,MH,1342.5,977.5,67.18,2240.0,0,4,43.638392857142854,335.625,300-400,40%-50%
Madno,2026-07-31,WK 31,SEAWOOD,Zomato,Late Night,COCO,MH,830.0,260.0,41.519999999999996,1060.0,0,2,24.528301886792452,415.0,400-500,20%-30%
Madno,2026-07-31,WK 31,Sambalpur,Zomato,Dinner,FOFO,ROI,149.0,80.0,7.46,219.0,0,1,36.5296803652968,149.0,100-200,30%-40%
Madno,2026-07-31,WK 31,Sarjapur Road,Swiggy,Dinner,COCO,KA,489.0,251.0,0.0,720.0,0,3,34.86111111111111,163.0,100-200,30%-40%
Madno,2026-07-31,WK 31,Sarjapur Road,Swiggy,Late Night,COCO,KA,604.0,337.0,0.0,911.0,0,3,36.99231613611416,201.33333333333334,200-300,30%-40%
Madno,2026-07-31,WK 31,Sarjapur Road,Swiggy,Snacks,COCO,KA,209.0,181.0,0.0,380.0,0,2,47.63157894736842,104.5,100-200,40%-50%
Madno,2026-07-31,WK 31,Sarjapur Road,Zomato,Dinner,COCO,KA,813.25,718.75,40.72,1452.0,0,3,49.50068870523416,271.0833333333333,200-300,40%-50%
Madno,2026-07-31,WK 31,Sarjapur Road,Zomato,Late Night,COCO,KA,211.0,191.0,10.56,382.0,0,1,50.0,211.0,200-300,40%-50%
Madno,2026-07-31,WK 31,Sarjapur Road,Zomato,Snacks,COCO,KA,316.0,286.0,15.82,572.0,0,2,50.0,158.0,100-200,40%-50%
Madno,2026-07-31,WK 31,Sarjapura 3,Swiggy,Lunch,FOFO,KA,623.2,136.8,0.0,730.0,0,3,18.73972602739726,207.73333333333335,200-300,10%-20%
Madno,2026-07-31,WK 31,Sarjapura 3,Swiggy,Snacks,FOFO,KA,200.0,0.0,0.0,190.0,0,1,0.0,200.0,100-200,0%
Madno,2026-07-31,WK 31,Sarjapura 3,Zomato,Closing,FOFO,KA,450.0,420.0,22.5,840.0,0,3,50.0,150.0,100-200,40%-50%
Madno,2026-07-31,WK 31,Sarjapura 3,Zomato,Dinner,FOFO,KA,315.5,285.5,15.799999999999999,571.0,0,2,50.0,157.75,100-200,40%-50%
Madno,2026-07-31,WK 31,Selaiyur,Swiggy,Dinner,FOFO,TN,1929.83,364.17,0.0,2204.0,0,4,16.523139745916517,482.4575,400-500,10%-20%
Madno,2026-07-31,WK 31,Selaiyur,Swiggy,Late Night,FOFO,TN,246.0,64.0,0.0,300.0,0,1,21.333333333333336,246.0,200-300,20%-30%
Madno,2026-07-31,WK 31,Selaiyur,Zomato,Late Night,FOFO,TN,395.0,375.0,19.759999999999998,750.0,0,2,50.0,197.5,100-200,40%-50%
Madno,2026-07-31,WK 31,Sher- E-Punjab,Swiggy,Dinner,COCO,MH,325.0,155.0,0.0,460.0,0,1,33.69565217391305,325.0,300-400,30%-40%
Madno,2026-07-31,WK 31,Sher- E-Punjab,Swiggy,Lunch,COCO,MH,420.0,60.0,0.0,460.0,0,1,13.043478260869565,420.0,400-500,10%-20%
Madno,2026-07-31,WK 31,Sher- E-Punjab,Swiggy,Snacks,COCO,MH,921.0,151.0,0.0,1032.0,0,2,14.631782945736434,460.5,400-500,10%-20%
Madno,2026-07-31,WK 31,Silchar,Swiggy,Dinner,FOFO,ROI,1011.0,0.0,0.0,971.0,0,3,0.0,337.0,300-400,0%
Madno,2026-07-31,WK 31,Silchar,Swiggy,Lunch,FOFO,ROI,270.0,0.0,0.0,260.0,0,1,0.0,270.0,200-300,0%
Madno,2026-07-31,WK 31,Silchar,Swiggy,Snacks,FOFO,ROI,610.0,0.0,0.0,590.0,0,2,0.0,305.0,300-400,0%
Madno,2026-07-31,WK 31,Sinhagad,Swiggy,Dinner,COCO,MH,119.0,81.0,0.0,190.0,0,1,42.63157894736842,119.0,100-200,40%-50%
Madno,2026-07-31,WK 31,Sinhagad,Zomato,Dinner,COCO,MH,2187.25,1552.75,109.42,3580.0,0,7,43.37290502793296,312.4642857142857,300-400,40%-50%
Madno,2026-07-31,WK 31,Sinhagad,Zomato,Snacks,COCO,MH,315.0,285.0,15.78,570.0,0,1,50.0,315.0,300-400,40%-50%
Madno,2026-07-31,WK 31,Tata Sherwood,Others,Dinner,COCO,KA,138.70999999999998,194.14,6.92,312.85,0,1,62.05529806616589,138.70999999999998,100-200,60%-70%
Madno,2026-07-31,WK 31,Tata Sherwood,Others,Lunch,COCO,KA,133.95,189.38,6.68,303.33,0,1,62.43365311706722,133.95,100-200,60%-70%
Madno,2026-07-31,WK 31,Tata Sherwood,Ownly,Snacks,COCO,KA,219.0,0.0,10.96,219.0,0,1,0.0,219.0,200-300,0%
Madno,2026-07-31,WK 31,Tata Sherwood,Swiggy,Dinner,COCO,KA,1400.01,857.84,0.0,2167.85,0,5,39.57100352884194,280.002,200-300,30%-40%
Madno,2026-07-31,WK 31,Tata Sherwood,Swiggy,Late Night,COCO,KA,461.0,63.33,0.0,494.33,0,2,12.811279914227338,230.5,200-300,10%-20%
Madno,2026-07-31,WK 31,Tata Sherwood,Swiggy,Lunch,COCO,KA,464.0,497.0,0.0,951.0,0,3,52.26077812828601,154.66666666666666,100-200,50%-60%
Madno,2026-07-31,WK 31,Tata Sherwood,Swiggy,Snacks,COCO,KA,552.01,176.99,0.0,699.0,0,2,25.320457796852647,276.005,200-300,20%-30%
Madno,2026-07-31,WK 31,Tata Sherwood,Zomato,Dinner,COCO,KA,1384.83,920.5,69.3,2205.33,0,6,41.7397849754912,230.80499999999998,200-300,40%-50%
Madno,2026-07-31,WK 31,Tata Sherwood,Zomato,Late Night,COCO,KA,785.0,715.0,39.28,1430.0,0,2,50.0,392.5,300-400,40%-50%
Madno,2026-07-31,WK 31,Tata Sherwood,Zomato,Lunch,COCO,KA,498.5,343.5,24.94,802.0,0,2,42.83042394014963,249.25,200-300,40%-50%
Madno,2026-07-31,WK 31,Tata Sherwood,Zomato,Snacks,COCO,KA,934.78,502.55,46.76,1357.33,0,2,37.02489446192157,467.39,400-500,30%-40%
Madno,2026-07-31,WK 31,Thakur Village,Swiggy,Dinner,COCO,MH,1486.3000000000002,343.4,0.0,1729.7,0,4,19.853153726079665,371.57500000000005,300-400,10%-20%
Madno,2026-07-31,WK 31,Thakur Village,Swiggy,Lunch,COCO,MH,670.0,252.0,0.0,882.0,0,2,28.57142857142857,335.0,300-400,20%-30%
Madno,2026-07-31,WK 31,Thakur Village,Zomato,Dinner,COCO,MH,1211.8,541.2,60.6,1693.0,0,3,31.966922622563498,403.93333333333334,400-500,30%-40%
Madno,2026-07-31,WK 31,Thakur Village,Zomato,Late Night,COCO,MH,727.5,412.5,36.4,1090.0,0,2,37.84403669724771,363.75,300-400,30%-40%
Madno,2026-07-31,WK 31,Thiruvalla,Swiggy,Dinner,COCO,Kerela,317.0,266.0,0.0,553.0,0,2,48.10126582278481,158.5,100-200,40%-50%
Madno,2026-07-31,WK 31,Thiruvalla,Swiggy,Lunch,COCO,Kerela,446.0,336.0,0.0,742.0,0,2,45.28301886792453,223.0,200-300,40%-50%
Madno,2026-07-31,WK 31,Thiruvalla,Swiggy,Snacks,COCO,Kerela,906.0,324.0,0.0,1170.0,0,2,27.692307692307693,453.0,400-500,20%-30%
Madno,2026-07-31,WK 31,Thiruvalla,Zomato,Dinner,COCO,Kerela,210.5,190.5,10.54,381.0,0,1,50.0,210.5,200-300,40%-50%
Madno,2026-07-31,WK 31,Thiruvalla,Zomato,Lunch,COCO,Kerela,607.0,475.0,30.36,1032.0,0,3,46.02713178294574,202.33333333333334,200-300,40%-50%
Madno,2026-07-31,WK 31,Thiruvalla,Zomato,Snacks,COCO,Kerela,408.0,270.0,20.42,658.0,0,2,41.03343465045592,204.0,200-300,40%-50%
Madno,2026-07-31,WK 31,Thiruvananthpuram,Swiggy,Dinner,FOFO,Kerela,881.0,0.0,0.0,841.0,0,1,0.0,881.0,600-900,0%
Madno,2026-07-31,WK 31,Thiruvananthpuram,Swiggy,Late Night,FOFO,Kerela,578.0,0.0,0.0,558.0,0,1,0.0,578.0,500-600,0%
Madno,2026-07-31,WK 31,Thiruvananthpuram,Swiggy,Lunch,FOFO,Kerela,240.0,0.0,0.0,230.0,0,1,0.0,240.0,200-300,0%
Madno,2026-07-31,WK 31,Thiruvananthpuram,Zomato,Dinner,FOFO,Kerela,525.0,475.0,26.259999999999998,950.0,0,3,50.0,175.0,100-200,40%-50%
Madno,2026-07-31,WK 31,Thiruvananthpuram,Zomato,Lunch,FOFO,Kerela,290.0,0.0,14.5,280.0,0,1,0.0,290.0,200-300,0%
Madno,2026-07-31,WK 31,Thoraipakkam,Swiggy,Dinner,COCO,TN,760.0,0.0,0.0,730.0,0,2,0.0,380.0,300-400,0%
Madno,2026-07-31,WK 31,Thoraipakkam,Swiggy,Lunch,COCO,TN,1147.0,64.0,0.0,1161.0,0,3,5.512489233419466,382.3333333333333,300-400,1%-10%
Madno,2026-07-31,WK 31,Thoraipakkam,Swiggy,Snacks,COCO,TN,109.0,92.0,0.0,191.0,0,1,48.167539267015705,109.0,100-200,40%-50%
Madno,2026-07-31,WK 31,Thoraipakkam,Zomato,Late Night,COCO,TN,355.0,295.0,17.759999999999998,630.0,0,2,46.82539682539682,177.5,100-200,40%-50%
Madno,2026-07-31,WK 31,Thoraipakkam,Zomato,Lunch,COCO,TN,210.5,190.5,10.54,381.0,0,1,50.0,210.5,200-300,40%-50%
Madno,2026-07-31,WK 31,Thoraipakkam,Zomato,Snacks,COCO,TN,279.45,262.55,13.98,512.0,0,1,51.279296875,279.45,200-300,50%-60%
Madno,2026-07-31,WK 31,Ulwe,Zomato,Closing,FOFO,MH,939.0,490.0,46.96,1389.0,0,1,35.27717782577394,939.0,>900,30%-40%
Madno,2026-07-31,WK 31,Undri,Swiggy,Dinner,FOFO,MH,571.0,0.0,0.0,551.0,0,1,0.0,571.0,500-600,0%
Madno,2026-07-31,WK 31,Urapakkam CK,Swiggy,Late Night,COCO,TN,256.0,64.0,0.0,310.0,0,1,20.64516129032258,256.0,200-300,20%-30%
Madno,2026-07-31,WK 31,Urapakkam CK,Zomato,Dinner,COCO,TN,123.25,37.75,6.16,151.0,0,1,25.0,123.25,100-200,20%-30%
Madno,2026-07-31,WK 31,Vadapalani,Swiggy,Dinner,FOFO,TN,218.25,111.75,0.0,320.0,0,1,34.921875,218.25,200-300,30%-40%
Madno,2026-07-31,WK 31,Vadapalani,Swiggy,Lunch,FOFO,TN,309.0,92.0,0.0,381.0,0,1,24.146981627296586,309.0,300-400,20%-30%
Madno,2026-07-31,WK 31,Vadapalani,Zomato,Dinner,FOFO,TN,1385.0,485.0,69.28,1800.0,0,4,26.944444444444443,346.25,300-400,20%-30%
Madno,2026-07-31,WK 31,Vadapalani,Zomato,Late Night,FOFO,TN,644.98,427.02,32.28,1022.0,0,2,41.782778864970645,322.49,300-400,40%-50%
Madno,2026-07-31,WK 31,Valsarvakkam,Swiggy,Dinner,COCO,TN,1728.8,302.2,0.0,1971.0,0,6,15.332318619989852,288.1333333333333,200-300,10%-20%
Madno,2026-07-31,WK 31,Valsarvakkam,Swiggy,Late Night,COCO,TN,601.2,108.80000000000001,0.0,680.0,0,3,16.0,200.4,200-300,10%-20%
Madno,2026-07-31,WK 31,Valsarvakkam,Swiggy,Lunch,COCO,TN,590.0,114.0,0.0,664.0,0,1,17.16867469879518,590.0,500-600,10%-20%
Madno,2026-07-31,WK 31,Valsarvakkam,Zomato,Dinner,COCO,TN,539.5,162.5,27.0,672.0,0,2,24.18154761904762,269.75,200-300,20%-30%
Madno,2026-07-31,WK 31,Valsarvakkam,Zomato,Snacks,COCO,TN,75.5,65.5,3.78,131.0,0,1,50.0,75.5,0-100,40%-50%
Madno,2026-07-31,WK 31,Vashi,Swiggy,Late Night,FOFO,MH,270.0,60.0,0.0,320.0,0,1,18.75,270.0,200-300,10%-20%
Madno,2026-07-31,WK 31,Velachery,Swiggy,Dinner,COCO,TN,258.0,200.0,0.0,438.0,0,1,45.662100456621005,258.0,200-300,40%-50%
Madno,2026-07-31,WK 31,Velachery,Swiggy,Late Night,COCO,TN,344.56,157.44,0.0,482.0,0,1,32.66390041493776,344.56,300-400,30%-40%
Madno,2026-07-31,WK 31,Vellore,Swiggy,Dinner,COCO,TN,300.0,60.0,0.0,350.0,0,1,17.142857142857142,300.0,200-300,10%-20%
Madno,2026-07-31,WK 31,Vellore,Zomato,Dinner,COCO,TN,150.0,140.0,7.5,280.0,0,1,50.0,150.0,100-200,40%-50%
Madno,2026-07-31,WK 31,Vijaywada,Swiggy,Dinner,FOFO,AP & TL,502.0,60.0,0.0,532.0,0,2,11.278195488721805,251.0,200-300,10%-20%
Madno,2026-07-31,WK 31,Vijaywada,Swiggy,Late Night,FOFO,AP & TL,2553.04,339.96,0.0,2773.0,0,4,12.259646592138477,638.26,600-900,10%-20%
Madno,2026-07-31,WK 31,Vijaywada,Swiggy,Lunch,FOFO,AP & TL,759.0,100.0,0.0,829.0,0,2,12.062726176115802,379.5,300-400,10%-20%
Madno,2026-07-31,WK 31,Vijaywada,Swiggy,Snacks,FOFO,AP & TL,1172.02,199.98,0.0,1302.0,0,3,15.359447004608295,390.67333333333335,300-400,10%-20%
Madno,2026-07-31,WK 31,Vijaywada,Zomato,Late Night,FOFO,AP & TL,593.15,260.85,29.66,804.0,0,2,32.44402985074627,296.575,200-300,30%-40%
Madno,2026-07-31,WK 31,Vijaywada,Zomato,Lunch,FOFO,AP & TL,260.0,0.0,13.0,250.0,0,1,0.0,260.0,200-300,0%
Madno,2026-07-31,WK 31,Vijaywada,Zomato,Snacks,FOFO,AP & TL,570.0,0.0,28.5,550.0,0,2,0.0,285.0,200-300,0%
Madno,2026-07-31,WK 31,Vimannagar,Zomato,Dinner,FOFO,MH,236.0,75.0,11.8,301.0,0,1,24.916943521594686,236.0,200-300,20%-30%
Madno,2026-07-31,WK 31,Virar,Swiggy,Late Night,COCO,MH,289.0,92.0,0.0,361.0,0,1,25.48476454293629,289.0,200-300,20%-30%
Madno,2026-07-31,WK 31,Virar,Zomato,Dinner,COCO,MH,385.0,275.0,19.259999999999998,630.0,0,2,43.65079365079365,192.5,100-200,40%-50%
Madno,2026-07-31,WK 31,Virar,Zomato,Late Night,COCO,MH,210.5,190.5,10.54,381.0,0,1,50.0,210.5,200-300,40%-50%
Madno,2026-07-31,WK 31,Virar,Zomato,Lunch,COCO,MH,302.0,180.0,15.1,462.0,0,1,38.961038961038966,302.0,300-400,30%-40%
Madno,2026-07-31,WK 31,Wagholi - CF CK,Swiggy,Dinner,COCO,MH,753.0,347.0,0.0,1060.0,0,3,32.73584905660377,251.0,200-300,30%-40%
Madno,2026-07-31,WK 31,Wagholi - CF CK,Swiggy,Late Night,COCO,MH,493.0,128.0,0.0,591.0,0,2,21.658206429780034,246.5,200-300,20%-30%
Madno,2026-07-31,WK 31,Wagholi - CF CK,Swiggy,Snacks,COCO,MH,244.81,128.04,0.0,352.85,0,1,36.2873742383449,244.81,200-300,30%-40%
Madno,2026-07-31,WK 31,Wagholi - CF CK,Zomato,Dinner,COCO,MH,503.85,315.0,25.18,778.85,0,2,40.44424471977916,251.925,200-300,40%-50%
Madno,2026-07-31,WK 31,Wagholi - CF CK,Zomato,Late Night,COCO,MH,632.0,40.0,31.6,642.0,0,2,6.230529595015576,316.0,300-400,1%-10%
Madno,2026-07-31,WK 31,Whitefield,Swiggy,Dinner,COCO,KA,204.04,36.96,0.0,231.0,0,1,16.0,204.04,200-300,10%-20%
Madno,2026-07-31,WK 31,Whitefield,Swiggy,Late Night,COCO,KA,289.0,192.0,0.0,461.0,0,2,41.64859002169197,144.5,100-200,40%-50%
Madno,2026-07-31,WK 31,Whitefield,Swiggy,Lunch,COCO,KA,265.0,156.0,0.0,401.0,0,1,38.90274314214464,265.0,200-300,30%-40%
Madno,2026-07-31,WK 31,Whitefield,Zomato,Dinner,COCO,KA,176.5,205.5,8.84,362.0,0,1,56.767955801104975,176.5,100-200,50%-60%
Madno,2026-07-31,WK 31,Whitefield,Zomato,Late Night,COCO,KA,340.92,140.08,17.04,461.0,0,1,30.38611713665944,340.92,300-400,30%-40%
Madno,2026-07-31,WK 31,Whitefield,Zomato,Snacks,COCO,KA,280.0,180.0,14.0,440.0,0,1,40.909090909090914,280.0,200-300,40%-50%
Madno,2026-07-31,WK 31,Yelahanka,Ownly,Dinner,COCO,KA,118.0,0.0,5.9,118.0,0,1,0.0,118.0,100-200,0%
Madno,2026-07-31,WK 31,Yelahanka,Swiggy,Dinner,COCO,KA,2794.36,966.19,0.0,3590.55,0,9,26.909247886813997,310.4844444444445,300-400,20%-30%
Madno,2026-07-31,WK 31,Yelahanka,Swiggy,Late Night,COCO,KA,407.01,136.84,0.0,523.85,0,1,26.121981483249023,407.01,400-500,20%-30%
Madno,2026-07-31,WK 31,Yelahanka,Zomato,Dinner,COCO,KA,783.67,440.33000000000004,39.22,1174.0,0,3,37.50681431005111,261.2233333333333,200-300,30%-40%
Madno,2026-07-31,WK 31,Yelahanka,Zomato,Snacks,COCO,KA,240.0,0.0,12.0,230.0,0,1,0.0,240.0,200-300,0%
Madno,2026-07-31,WK 31,Yemalur,Zomato,Late Night,FOFO,KA,150.0,140.0,7.5,280.0,0,1,50.0,150.0,100-200,40%-50%
Madno,2026-07-31,WK 31,Yemalur,Zomato,Snacks,FOFO,KA,200.0,0.0,10.0,190.0,0,1,0.0,200.0,100-200,0%
Madno,2026-07-31,WK 31,Zamin Pallavaram,Swiggy,Dinner,COCO,TN,1684.03,586.97,0.0,2191.0,0,3,26.79005020538567,561.3433333333334,500-600,20%-30%
Madno,2026-07-31,WK 31,Zamin Pallavaram,Swiggy,Late Night,COCO,TN,550.0,0.0,0.0,530.0,0,1,0.0,550.0,500-600,0%
Madno,2026-07-31,WK 31,Zamin Pallavaram,Zomato,Dinner,COCO,TN,331.0,311.0,16.56,622.0,0,1,50.0,331.0,300-400,40%-50%
Madno,2026-07-31,WK 31,Zamin Pallavaram,Zomato,Late Night,COCO,TN,335.0,315.0,16.759999999999998,630.0,0,2,50.0,167.5,100-200,40%-50%
