Brand Name,Date,Week,Branch,Source,Session,Store Type,Region,Net Sales,Discount,Taxes,Gross Sales,Quantity,Orders,Dis %,AOV,AOV Bucket,Discount Bucket
Frozen Bottle,2026-09-01,WK 36,AECS Layout,In Store,Dinner,COCO,KA,6802.11,909.1300000000001,340.24,7711.24,0,39,11.789673256181887,174.41307692307691,100-200,10%-20%
Frozen Bottle,2026-09-01,WK 36,AECS Layout,In Store,Lunch,COCO,KA,1042.72,143.13,52.160000000000004,1185.85,0,7,12.06982333347388,148.96,100-200,10%-20%
Frozen Bottle,2026-09-01,WK 36,AECS Layout,In Store,Snacks,COCO,KA,2161.69,324.16,108.08,2485.85,0,12,13.040207574873788,180.14083333333335,100-200,10%-20%
Frozen Bottle,2026-09-01,WK 36,AECS Layout,Ownly,Dinner,COCO,KA,1184.0,0.0,59.22,1184.0,0,4,0.0,296.0,200-300,0%
Frozen Bottle,2026-09-01,WK 36,AECS Layout,Ownly,Late Night,COCO,KA,564.0,0.0,28.220000000000002,564.0,0,2,0.0,282.0,200-300,0%
Frozen Bottle,2026-09-01,WK 36,AECS Layout,Ownly,Lunch,COCO,KA,299.8,0.0,14.98,299.8,0,2,0.0,149.9,100-200,0%
Frozen Bottle,2026-09-01,WK 36,AECS Layout,Ownly,Snacks,COCO,KA,313.5,0.0,15.68,313.5,0,2,0.0,156.75,100-200,0%
Frozen Bottle,2026-09-01,WK 36,AECS Layout,Swiggy,Dinner,COCO,KA,3198.02,1428.98,152.44,4477.0,0,11,31.918248827339735,290.7290909090909,200-300,30%-40%
Frozen Bottle,2026-09-01,WK 36,AECS Layout,Swiggy,Late Night,COCO,KA,3336.0,1456.0,158.34,4622.0,0,13,31.501514495889225,256.61538461538464,200-300,30%-40%
Frozen Bottle,2026-09-01,WK 36,AECS Layout,Swiggy,Lunch,COCO,KA,665.0,336.0,31.76,971.0,0,3,34.60350154479917,221.66666666666666,200-300,30%-40%
Frozen Bottle,2026-09-01,WK 36,AECS Layout,Swiggy,Snacks,COCO,KA,1032.0,458.0,49.6,1450.0,0,4,31.586206896551722,258.0,200-300,30%-40%
Frozen Bottle,2026-09-01,WK 36,AECS Layout,Zomato,Dinner,COCO,KA,1256.0,875.0,62.82,2051.0,0,4,42.66211604095563,314.0,300-400,40%-50%
Frozen Bottle,2026-09-01,WK 36,AECS Layout,Zomato,Late Night,COCO,KA,839.92,311.08,42.0,1111.0,0,1,27.999999999999996,839.92,600-900,20%-30%
Frozen Bottle,2026-09-01,WK 36,AECS Layout,Zomato,Snacks,COCO,KA,938.2,99.8,46.92,998.0,0,1,10.0,938.2,>900,1%-10%
Madno,2026-09-01,WK 36,AECS Layout,Ownly,Dinner,COCO,KA,129.0,0.0,6.46,129.0,0,1,0.0,129.0,100-200,0%
Madno,2026-09-01,WK 36,AECS Layout,Ownly,Late Night,COCO,KA,132.0,0.0,6.6,132.0,0,1,0.0,132.0,100-200,0%
Madno,2026-09-01,WK 36,AECS Layout,Ownly,Snacks,COCO,KA,244.5,0.0,12.22,244.5,0,1,0.0,244.5,200-300,0%
Madno,2026-09-01,WK 36,AECS Layout,Swiggy,Late Night,COCO,KA,764.6,214.4,36.24,939.0,0,4,22.83280085197018,191.15,100-200,20%-30%
Madno,2026-09-01,WK 36,AECS Layout,Swiggy,Lunch,COCO,KA,144.0,96.0,6.7,230.0,0,1,41.73913043478261,144.0,100-200,40%-50%
Madno,2026-09-01,WK 36,AECS Layout,Swiggy,Snacks,COCO,KA,306.0,64.0,14.8,360.0,0,1,17.77777777777778,306.0,300-400,10%-20%
Madno,2026-09-01,WK 36,AECS Layout,Zomato,Dinner,COCO,KA,668.0,300.0,33.4,948.0,0,2,31.645569620253166,334.0,300-400,30%-40%
Madno,2026-09-01,WK 36,AECS Layout,Zomato,Late Night,COCO,KA,490.0,350.0,24.5,810.0,0,2,43.20987654320987,245.0,200-300,40%-50%
Madno,2026-09-01,WK 36,AECS Layout,Zomato,Lunch,COCO,KA,220.0,100.0,11.0,310.0,0,1,32.25806451612903,220.0,200-300,30%-40%
Madno,2026-09-01,WK 36,AECS Layout,Zomato,Snacks,COCO,KA,420.0,160.0,21.0,560.0,0,2,28.57142857142857,210.0,200-300,20%-30%
Frozen Bottle,2026-09-01,WK 36,Adoor,In Store,Dinner,FOFO,Kerela,1121.0,0.0,56.099999999999994,1121.0,0,5,0.0,224.2,200-300,0%
Frozen Bottle,2026-09-01,WK 36,Adoor,In Store,Lunch,FOFO,Kerela,2228.0,0.0,111.41999999999999,2228.0,0,5,0.0,445.6,400-500,0%
Frozen Bottle,2026-09-01,WK 36,Adoor,In Store,Snacks,FOFO,Kerela,1551.0,0.0,77.56,1551.0,0,4,0.0,387.75,300-400,0%
Frozen Bottle,2026-09-01,WK 36,Adoor,Swiggy,Dinner,FOFO,Kerela,1362.0,0.0,64.62,1292.0,0,4,0.0,340.5,300-400,0%
Frozen Bottle,2026-09-01,WK 36,Adoor,Swiggy,Lunch,FOFO,Kerela,739.0,0.0,35.46,709.0,0,2,0.0,369.5,300-400,0%
Frozen Bottle,2026-09-01,WK 36,Adoor,Swiggy,Snacks,FOFO,Kerela,627.0,0.0,29.86,597.0,0,1,0.0,627.0,600-900,0%
Frozen Bottle,2026-09-01,WK 36,Adoor,Zomato,Dinner,FOFO,Kerela,193.2,45.8,9.66,229.0,0,1,20.0,193.2,100-200,10%-20%
Frozen Bottle,2026-09-01,WK 36,Adoor,Zomato,Lunch,FOFO,Kerela,1602.42,390.6,80.16,1953.0,0,1,20.0,1602.42,>900,10%-20%
Frozen Bottle,2026-09-01,WK 36,Adoor,Zomato,Snacks,FOFO,Kerela,261.0,80.0,13.06,331.0,0,1,24.169184290030213,261.0,200-300,20%-30%
Frozen Bottle,2026-09-01,WK 36,Agra,In Store,Dinner,FOFO,ROI,338.0,0.0,16.92,338.0,0,2,0.0,169.0,100-200,0%
Frozen Bottle,2026-09-01,WK 36,Agra,In Store,Snacks,FOFO,ROI,507.0,0.0,25.36,507.0,0,2,0.0,253.5,200-300,0%
Frozen Bottle,2026-09-01,WK 36,Agra,Swiggy,Lunch,FOFO,ROI,318.0,1.0,15.9,319.0,0,1,0.3134796238244514,318.0,300-400,1%-10%
Frozen Bottle,2026-09-01,WK 36,Agra,Zomato,Lunch,FOFO,ROI,566.0,175.0,28.3,731.0,0,1,23.93980848153215,566.0,500-600,20%-30%
Boba Bar,2026-09-01,WK 36,Akshay Nagar,Ownly,Dinner,FOFO,KA,171.0,0.0,8.56,171.0,0,1,0.0,171.0,100-200,0%
Boba Bar,2026-09-01,WK 36,Akshay Nagar,Swiggy,Lunch,FOFO,KA,308.0,93.0,14.4,381.0,0,1,24.409448818897637,308.0,300-400,20%-30%
Boba Bar,2026-09-01,WK 36,Akshay Nagar,Zomato,Dinner,FOFO,KA,471.0,0.0,23.56,451.0,0,1,0.0,471.0,400-500,0%
Frozen Bottle,2026-09-01,WK 36,Akshay Nagar,Ownly,Dinner,FOFO,KA,267.0,0.0,13.36,267.0,0,1,0.0,267.0,200-300,0%
Frozen Bottle,2026-09-01,WK 36,Akshay Nagar,Swiggy,Snacks,FOFO,KA,1260.0,199.0,60.0,1399.0,0,2,14.224446032880628,630.0,600-900,10%-20%
Frozen Bottle,2026-09-01,WK 36,Akshay Nagar,Zomato,Dinner,FOFO,KA,209.0,0.0,10.46,199.0,0,1,0.0,209.0,200-300,0%
Frozen Bottle,2026-09-01,WK 36,Akshay Nagar,Zomato,Late Night,FOFO,KA,681.0,28.0,34.06,679.0,0,3,4.123711340206185,227.0,200-300,1%-10%
Frozen Bottle,2026-09-01,WK 36,Akshay Nagar,Zomato,Snacks,FOFO,KA,440.0,0.0,22.0,430.0,0,1,0.0,440.0,400-500,0%
Frozen Bottle,2026-09-01,WK 36,Aluva,In Store,Dinner,FOFO,Kerela,845.0,0.0,42.28,845.0,0,3,0.0,281.6666666666667,200-300,0%
Frozen Bottle,2026-09-01,WK 36,Aluva,In Store,Lunch,FOFO,Kerela,508.0,0.0,25.42,508.0,0,2,0.0,254.0,200-300,0%
Frozen Bottle,2026-09-01,WK 36,Aluva,Swiggy,Lunch,FOFO,Kerela,1057.0,0.0,50.86,1017.0,0,2,0.0,528.5,500-600,0%
Frozen Bottle,2026-09-01,WK 36,Aluva,Zomato,Dinner,FOFO,Kerela,917.0,0.0,45.86,887.0,0,2,0.0,458.5,400-500,0%
Frozen Bottle,2026-09-01,WK 36,Aluva,Zomato,Lunch,FOFO,Kerela,425.2,22.8,21.26,428.0,0,1,5.327102803738318,425.2,400-500,1%-10%
Boba Bar,2026-09-01,WK 36,Alwarpet,Swiggy,Snacks,COCO,TN,276.0,264.0,12.8,520.0,0,1,50.76923076923077,276.0,200-300,50%-60%
Frozen Bottle,2026-09-01,WK 36,Alwarpet,In Store,Dinner,COCO,TN,99.0,0.0,4.96,99.0,0,1,0.0,99.0,0-100,0%
Frozen Bottle,2026-09-01,WK 36,Alwarpet,In Store,Lunch,COCO,TN,138.0,0.0,6.9,138.0,0,1,0.0,138.0,100-200,0%
Frozen Bottle,2026-09-01,WK 36,Alwarpet,In Store,Snacks,COCO,TN,187.0,0.0,9.379999999999999,187.0,0,3,0.0,62.333333333333336,0-100,0%
Frozen Bottle,2026-09-01,WK 36,Alwarpet,Swiggy,Dinner,COCO,TN,419.01,111.99,19.96,511.0,0,1,21.915851272015654,419.01,400-500,20%-30%
Frozen Bottle,2026-09-01,WK 36,Alwarpet,Swiggy,Snacks,COCO,TN,848.01,341.99,39.9,1140.0,0,1,29.999122807017542,848.01,600-900,20%-30%
Frozen Bottle,2026-09-01,WK 36,Alwarpet,Zomato,Dinner,COCO,TN,1261.0,247.0,63.08,1448.0,0,3,17.058011049723756,420.3333333333333,400-500,10%-20%
Madno,2026-09-01,WK 36,Alwarpet,Swiggy,Late Night,COCO,TN,118.0,103.0,5.4,211.0,0,1,48.81516587677725,118.0,100-200,40%-50%
Madno,2026-09-01,WK 36,Alwarpet,Zomato,Dinner,COCO,TN,378.9,173.1,18.96,532.0,0,2,32.537593984962406,189.45,100-200,30%-40%
Madno,2026-09-01,WK 36,Alwarpet,Zomato,Late Night,COCO,TN,161.0,0.0,8.06,151.0,0,1,0.0,161.0,100-200,0%
Madno,2026-09-01,WK 36,Alwarpet,Zomato,Lunch,COCO,TN,161.0,80.0,8.06,231.0,0,1,34.63203463203463,161.0,100-200,30%-40%
Madno,2026-09-01,WK 36,Alwarpet,Zomato,Snacks,COCO,TN,201.0,0.0,10.06,191.0,0,1,0.0,201.0,200-300,0%
Frozen Bottle,2026-09-01,WK 36,Ambattur,In Store,Dinner,FOFO,TN,8330.0,0.0,416.6,8330.0,0,26,0.0,320.38461538461536,300-400,0%
Frozen Bottle,2026-09-01,WK 36,Ambattur,In Store,Lunch,FOFO,TN,1394.0,0.0,69.72,1394.0,0,4,0.0,348.5,300-400,0%
Frozen Bottle,2026-09-01,WK 36,Ambattur,In Store,Snacks,FOFO,TN,1224.0,0.0,61.24,1224.0,0,4,0.0,306.0,300-400,0%
Frozen Bottle,2026-09-01,WK 36,Ambattur,Swiggy,Dinner,FOFO,TN,600.0,0.0,29.0,580.0,0,2,0.0,300.0,200-300,0%
Frozen Bottle,2026-09-01,WK 36,Ambattur,Swiggy,Snacks,FOFO,TN,1191.0,0.0,57.56,1151.0,0,2,0.0,595.5,500-600,0%
Frozen Bottle,2026-09-01,WK 36,Ananth Nagar,In Store,Dinner,COCO,KA,1055.92,138.08,52.82,1194.0,0,5,11.564489112227806,211.18400000000003,200-300,10%-20%
Frozen Bottle,2026-09-01,WK 36,Ananth Nagar,In Store,Snacks,COCO,KA,377.0,0.0,18.86,377.0,0,2,0.0,188.5,100-200,0%
Frozen Bottle,2026-09-01,WK 36,Ananth Nagar,Swiggy,Dinner,COCO,KA,494.56,364.44,24.24,849.0,0,2,42.92579505300353,247.28,200-300,40%-50%
Frozen Bottle,2026-09-01,WK 36,Ananth Nagar,Swiggy,Lunch,COCO,KA,218.0,112.0,10.4,320.0,0,1,35.0,218.0,200-300,30%-40%
Frozen Bottle,2026-09-01,WK 36,Ananth Nagar,Swiggy,Snacks,COCO,KA,1243.0,244.0,59.66,1437.0,0,4,16.97981906750174,310.75,300-400,10%-20%
Frozen Bottle,2026-09-01,WK 36,Ananth Nagar,Zomato,Dinner,COCO,KA,1116.0,622.0,55.84,1668.0,0,6,37.29016786570744,186.0,100-200,30%-40%
Frozen Bottle,2026-09-01,WK 36,Ananth Nagar,Zomato,Lunch,COCO,KA,1244.0,547.0,62.22,1721.0,0,6,31.783846600813483,207.33333333333334,200-300,30%-40%
Frozen Bottle,2026-09-01,WK 36,Ananth Nagar,Zomato,Snacks,COCO,KA,777.95,367.05,38.92,1105.0,0,3,33.21719457013575,259.31666666666666,200-300,30%-40%
Madno,2026-09-01,WK 36,Ananth Nagar,Swiggy,Lunch,COCO,KA,899.0,255.0,42.96,1114.0,0,2,22.89048473967684,449.5,400-500,20%-30%
Frozen Bottle,2026-09-01,WK 36,Annanagar,In Store,Dinner,COCO,TN,6381.79,1721.6200000000001,319.24,8103.41,0,42,21.245623755924978,151.94738095238094,100-200,20%-30%
Frozen Bottle,2026-09-01,WK 36,Annanagar,In Store,Late Night,COCO,TN,1360.92,138.08,68.1,1499.0,0,8,9.211474316210808,170.115,100-200,1%-10%
Frozen Bottle,2026-09-01,WK 36,Annanagar,In Store,Lunch,COCO,TN,2178.66,424.34000000000003,108.96,2603.0,0,12,16.301959277756435,181.55499999999998,100-200,10%-20%
Frozen Bottle,2026-09-01,WK 36,Annanagar,In Store,Snacks,COCO,TN,3185.5,1020.73,159.38,4206.23,0,18,24.26709904118415,176.97222222222223,100-200,20%-30%
Frozen Bottle,2026-09-01,WK 36,Annanagar,Swiggy,Breakfast,COCO,TN,139.0,121.0,6.46,250.0,0,1,48.4,139.0,100-200,40%-50%
Frozen Bottle,2026-09-01,WK 36,Annanagar,Swiggy,Dinner,COCO,TN,1446.0,865.0,68.32,2231.0,0,7,38.77185118780816,206.57142857142858,200-300,30%-40%
Frozen Bottle,2026-09-01,WK 36,Annanagar,Swiggy,Late Night,COCO,TN,387.0,91.0,18.34,458.0,0,1,19.868995633187772,387.0,300-400,10%-20%
Frozen Bottle,2026-09-01,WK 36,Annanagar,Swiggy,Lunch,COCO,TN,2662.02,383.98,128.62,2956.0,0,4,12.989851150202977,665.505,600-900,10%-20%
Frozen Bottle,2026-09-01,WK 36,Annanagar,Swiggy,Snacks,COCO,TN,1244.0,538.0,59.24,1722.0,0,5,31.24274099883856,248.8,200-300,30%-40%
Frozen Bottle,2026-09-01,WK 36,Annanagar,Zomato,Dinner,COCO,TN,805.0,541.0,40.26,1296.0,0,5,41.74382716049383,161.0,100-200,40%-50%
Frozen Bottle,2026-09-01,WK 36,Annanagar,Zomato,Late Night,COCO,TN,569.5,625.5,28.479999999999997,1165.0,0,2,53.69098712446352,284.75,200-300,50%-60%
Frozen Bottle,2026-09-01,WK 36,Annanagar,Zomato,Lunch,COCO,TN,165.0,155.0,8.26,310.0,0,1,50.0,165.0,100-200,40%-50%
Frozen Bottle,2026-09-01,WK 36,Annanagar,Zomato,Snacks,COCO,TN,692.1,236.9,34.620000000000005,899.0,0,2,26.351501668520577,346.05,300-400,20%-30%
Madno,2026-09-01,WK 36,Annanagar,Swiggy,Dinner,COCO,TN,370.0,103.0,17.5,453.0,0,2,22.737306843267106,185.0,100-200,20%-30%
Frozen Bottle,2026-09-01,WK 36,Attibele,In Store,Dinner,FOFO,KA,88.0,0.0,4.4,88.0,0,1,0.0,88.0,0-100,0%
Frozen Bottle,2026-09-01,WK 36,Attibele,In Store,Lunch,FOFO,KA,1547.46,0.0,77.42,1547.46,0,7,0.0,221.06571428571428,200-300,0%
Frozen Bottle,2026-09-01,WK 36,Attibele,In Store,Snacks,FOFO,KA,1499.23,0.0,74.98,1499.23,0,7,0.0,214.1757142857143,200-300,0%
Frozen Bottle,2026-09-01,WK 36,Attibele,Swiggy,Dinner,FOFO,KA,978.0,521.0,47.92,1479.0,0,3,35.226504394861394,326.0,300-400,30%-40%
Frozen Bottle,2026-09-01,WK 36,Attibele,Swiggy,Lunch,FOFO,KA,180.0,218.0,9.0,398.0,0,1,54.773869346733676,180.0,100-200,50%-60%
Frozen Bottle,2026-09-01,WK 36,Attibele,Zomato,Dinner,FOFO,KA,2426.3,232.7,121.36,2559.0,0,6,9.093395857756937,404.3833333333334,400-500,1%-10%
Frozen Bottle,2026-09-01,WK 36,Attibele,Zomato,Lunch,FOFO,KA,964.0,175.01,48.22,1089.01,0,4,16.0705594989945,241.0,200-300,10%-20%
Frozen Bottle,2026-09-01,WK 36,Attibele,Zomato,Snacks,FOFO,KA,1360.3,334.71,68.02,1635.01,0,4,20.47143442547752,340.075,300-400,20%-30%
Frozen Bottle,2026-09-01,WK 36,Aundh,Zomato,Dinner,FOFO,MH,285.0,50.0,14.26,325.0,0,1,15.384615384615385,285.0,200-300,10%-20%
Frozen Bottle,2026-09-01,WK 36,Aundh,Zomato,Late Night,FOFO,MH,1290.0,200.0,64.52,1440.0,0,3,13.88888888888889,430.0,400-500,10%-20%
Frozen Bottle,2026-09-01,WK 36,Aurangabad- 1,In Store,Dinner,FOFO,MH,1861.23,0.0,93.1,1861.23,0,8,0.0,232.65375,200-300,0%
Frozen Bottle,2026-09-01,WK 36,Aurangabad- 1,In Store,Late Night,FOFO,MH,1151.0,0.0,57.56,1151.0,0,2,0.0,575.5,500-600,0%
Frozen Bottle,2026-09-01,WK 36,Aurangabad- 1,In Store,Lunch,FOFO,MH,1010.5,0.0,50.54,1010.5,0,5,0.0,202.1,200-300,0%
Frozen Bottle,2026-09-01,WK 36,Aurangabad- 1,In Store,Snacks,FOFO,MH,2979.0,0.0,149.0,2979.0,0,10,0.0,297.9,200-300,0%
Frozen Bottle,2026-09-01,WK 36,Aurangabad- 1,Swiggy,Dinner,FOFO,MH,2232.0,0.0,107.6,2152.0,0,4,0.0,558.0,500-600,0%
Frozen Bottle,2026-09-01,WK 36,Aurangabad- 1,Swiggy,Lunch,FOFO,MH,1128.0,0.0,53.9,1078.0,0,2,0.0,564.0,500-600,0%
Frozen Bottle,2026-09-01,WK 36,Aurangabad- 1,Zomato,Closing,FOFO,MH,1122.0,0.0,56.12,1082.0,0,1,0.0,1122.0,>900,0%
Frozen Bottle,2026-09-01,WK 36,Aurangabad- 1,Zomato,Dinner,FOFO,MH,678.0,0.0,33.92,658.0,0,1,0.0,678.0,600-900,0%
Frozen Bottle,2026-09-01,WK 36,Aurangabad- 1,Zomato,Late Night,FOFO,MH,2923.0,0.0,146.16,2813.0,0,5,0.0,584.6,500-600,0%
Frozen Bottle,2026-09-01,WK 36,Aurangabad- 1,Zomato,Lunch,FOFO,MH,280.0,0.0,14.0,270.0,0,1,0.0,280.0,200-300,0%
Madno,2026-09-01,WK 36,Aurangabad- 1,Zomato,Late Night,FOFO,MH,194.8,46.2,9.74,231.0,0,1,20.0,194.8,100-200,10%-20%
Madno,2026-09-01,WK 36,Aurangabad- 1,Zomato,Lunch,FOFO,MH,320.0,0.0,16.0,310.0,0,1,0.0,320.0,300-400,0%
Frozen Bottle,2026-09-01,WK 36,Avadi,In Store,Dinner,FOFO,TN,3101.23,0.0,155.14,3101.23,0,11,0.0,281.93,200-300,0%
Frozen Bottle,2026-09-01,WK 36,Avadi,In Store,Lunch,FOFO,TN,862.0,0.0,43.1,862.0,0,4,0.0,215.5,200-300,0%
Frozen Bottle,2026-09-01,WK 36,Avadi,In Store,Snacks,FOFO,TN,2837.0,0.0,141.9,2837.0,0,10,0.0,283.7,200-300,0%
Frozen Bottle,2026-09-01,WK 36,Avadi,Swiggy,Dinner,FOFO,TN,1428.0,0.0,69.42,1388.0,0,3,0.0,476.0,400-500,0%
Frozen Bottle,2026-09-01,WK 36,Avadi,Swiggy,Lunch,FOFO,TN,632.0,0.0,30.619999999999997,612.0,0,2,0.0,316.0,300-400,0%
Frozen Bottle,2026-09-01,WK 36,Avadi,Zomato,Dinner,FOFO,TN,305.0,80.0,15.26,375.0,0,1,21.333333333333336,305.0,300-400,20%-30%
Frozen Bottle,2026-09-01,WK 36,Avadi,Zomato,Lunch,FOFO,TN,190.0,80.0,9.5,260.0,0,1,30.76923076923077,190.0,100-200,30%-40%
Frozen Bottle,2026-09-01,WK 36,Avadi,Zomato,Snacks,FOFO,TN,1370.0,431.0,68.47999999999999,1751.0,0,2,24.614505996573385,685.0,600-900,20%-30%
Madno,2026-09-01,WK 36,Avadi,Swiggy,Snacks,FOFO,TN,598.94,384.91,27.94,943.85,0,1,40.780844413836945,598.94,500-600,40%-50%
Frozen Bottle,2026-09-01,WK 36,Ayyappa Nagar,In Store,Dinner,FOFO,KA,1693.23,0.0,84.76,1693.23,0,11,0.0,153.93,100-200,0%
Frozen Bottle,2026-09-01,WK 36,Ayyappa Nagar,In Store,Lunch,FOFO,KA,198.0,0.0,9.9,198.0,0,1,0.0,198.0,100-200,0%
Frozen Bottle,2026-09-01,WK 36,Ayyappa Nagar,In Store,Snacks,FOFO,KA,863.0,0.0,43.18,863.0,0,4,0.0,215.75,200-300,0%
Frozen Bottle,2026-09-01,WK 36,Ayyappa Nagar,Swiggy,Dinner,FOFO,KA,510.01,59.99,24.5,550.0,0,1,10.907272727272728,510.01,500-600,10%-20%
Frozen Bottle,2026-09-01,WK 36,Ayyappa Nagar,Swiggy,Late Night,FOFO,KA,672.0,0.0,32.6,652.0,0,1,0.0,672.0,600-900,0%
Frozen Bottle,2026-09-01,WK 36,Ayyappa Nagar,Swiggy,Snacks,FOFO,KA,324.0,134.0,16.22,458.0,0,2,29.257641921397383,162.0,100-200,20%-30%
Frozen Bottle,2026-09-01,WK 36,Ayyappa Nagar,Zomato,Breakfast,FOFO,KA,150.7,60.3,7.54,201.0,0,1,30.0,150.7,100-200,20%-30%
Frozen Bottle,2026-09-01,WK 36,Ayyappa Nagar,Zomato,Dinner,FOFO,KA,1084.0,555.0,54.24,1589.0,0,4,34.927627438640656,271.0,200-300,30%-40%
Frozen Bottle,2026-09-01,WK 36,Ayyappa Nagar,Zomato,Late Night,FOFO,KA,2029.1,1099.9,101.48,3019.0,0,8,36.43259357403114,253.6375,200-300,30%-40%
Frozen Bottle,2026-09-01,WK 36,Ayyappa Nagar,Zomato,Lunch,FOFO,KA,670.3,319.7,33.519999999999996,950.0,0,3,33.652631578947364,223.4333333333333,200-300,30%-40%
Frozen Bottle,2026-09-01,WK 36,Ayyappa Nagar,Zomato,Snacks,FOFO,KA,1168.0,140.0,58.4,1258.0,0,3,11.128775834658187,389.3333333333333,300-400,10%-20%
Boba Bar,2026-09-01,WK 36,BTM Layout,Swiggy,Late Night,COCO,KA,198.0,204.32999999999998,9.9,402.33,0,2,50.786667660875395,99.0,0-100,50%-60%
Boba Bar,2026-09-01,WK 36,BTM Layout,Swiggy,Lunch,COCO,KA,168.0,152.0,8.4,320.0,0,1,47.5,168.0,100-200,40%-50%
Boba Bar,2026-09-01,WK 36,BTM Layout,Zomato,Late Night,COCO,KA,152.5,47.5,7.62,190.0,0,1,25.0,152.5,100-200,20%-30%
Frozen Bottle,2026-09-01,WK 36,BTM Layout,In Store,Dinner,COCO,KA,1096.1,509.9,54.86,1606.0,0,9,31.749688667496883,121.78888888888888,100-200,30%-40%
Frozen Bottle,2026-09-01,WK 36,BTM Layout,In Store,Lunch,COCO,KA,526.0,0.0,26.32,526.0,0,3,0.0,175.33333333333334,100-200,0%
Frozen Bottle,2026-09-01,WK 36,BTM Layout,In Store,Snacks,COCO,KA,997.41,356.82,49.900000000000006,1354.23,0,10,26.348552313861013,99.741,0-100,20%-30%
Frozen Bottle,2026-09-01,WK 36,BTM Layout,Ownly,Dinner,COCO,KA,642.0,0.0,32.1,642.0,0,4,0.0,160.5,100-200,0%
Frozen Bottle,2026-09-01,WK 36,BTM Layout,Ownly,Late Night,COCO,KA,514.0,0.0,25.7,514.0,0,2,0.0,257.0,200-300,0%
Frozen Bottle,2026-09-01,WK 36,BTM Layout,Swiggy,Dinner,COCO,KA,2905.01,1446.65,137.32,4191.66,0,15,34.51257974167753,193.66733333333335,100-200,30%-40%
Frozen Bottle,2026-09-01,WK 36,BTM Layout,Swiggy,Late Night,COCO,KA,3997.0,2387.99,188.42,6154.99,0,16,38.797625991268866,249.8125,200-300,30%-40%
Frozen Bottle,2026-09-01,WK 36,BTM Layout,Swiggy,Lunch,COCO,KA,574.0,346.0,27.200000000000003,890.0,0,3,38.87640449438202,191.33333333333334,100-200,30%-40%
Frozen Bottle,2026-09-01,WK 36,BTM Layout,Swiggy,Snacks,COCO,KA,2116.0,1324.0,99.86,3320.0,0,10,39.87951807228916,211.6,200-300,30%-40%
Frozen Bottle,2026-09-01,WK 36,BTM Layout,Zomato,Dinner,COCO,KA,1258.83,892.5,62.96,2071.33,0,5,43.088257303278574,251.766,200-300,40%-50%
Frozen Bottle,2026-09-01,WK 36,BTM Layout,Zomato,Late Night,COCO,KA,2395.82,1243.1799999999998,119.88,3479.0,0,10,35.73383156079333,239.58200000000002,200-300,30%-40%
Frozen Bottle,2026-09-01,WK 36,BTM Layout,Zomato,Lunch,COCO,KA,427.2,191.8,21.36,599.0,0,2,32.02003338898164,213.6,200-300,30%-40%
Frozen Bottle,2026-09-01,WK 36,BTM Layout,Zomato,Snacks,COCO,KA,1054.5,587.5,52.760000000000005,1582.0,0,6,37.13653603034134,175.75,100-200,30%-40%
Madno,2026-09-01,WK 36,BTM Layout,Ownly,Dinner,COCO,KA,185.0,0.0,9.26,185.0,0,1,0.0,185.0,100-200,0%
Madno,2026-09-01,WK 36,BTM Layout,Swiggy,Dinner,COCO,KA,160.0,70.0,8.0,230.0,0,1,30.434782608695656,160.0,100-200,30%-40%
Madno,2026-09-01,WK 36,BTM Layout,Swiggy,Late Night,COCO,KA,1274.84,616.16,60.26,1821.0,0,7,33.836353651839644,182.11999999999998,100-200,30%-40%
Madno,2026-09-01,WK 36,BTM Layout,Zomato,Dinner,COCO,KA,942.0,802.0,47.12,1674.0,0,4,47.909199522102746,235.5,200-300,40%-50%
Madno,2026-09-01,WK 36,BTM Layout,Zomato,Late Night,COCO,KA,1020.9,251.1,51.04,1222.0,0,4,20.548281505728312,255.225,200-300,20%-30%
Madno,2026-09-01,WK 36,BTM Layout,Zomato,Lunch,COCO,KA,570.0,310.0,28.5,850.0,0,3,36.470588235294116,190.0,100-200,30%-40%
Madno,2026-09-01,WK 36,BTM Layout,Zomato,Snacks,COCO,KA,325.0,44.0,16.26,349.0,0,2,12.607449856733524,162.5,100-200,10%-20%
Boba Bar,2026-09-01,WK 36,Badlapur,Swiggy,Snacks,COCO,MH,109.0,91.0,4.96,190.0,0,1,47.89473684210526,109.0,100-200,40%-50%
Frozen Bottle,2026-09-01,WK 36,Badlapur,In Store,Dinner,COCO,MH,1644.0,0.0,82.24,1644.0,0,7,0.0,234.85714285714286,200-300,0%
Frozen Bottle,2026-09-01,WK 36,Badlapur,In Store,Late Night,COCO,MH,388.0,0.0,19.4,388.0,0,1,0.0,388.0,300-400,0%
Frozen Bottle,2026-09-01,WK 36,Badlapur,In Store,Lunch,COCO,MH,296.0,0.0,14.82,296.0,0,2,0.0,148.0,100-200,0%
Frozen Bottle,2026-09-01,WK 36,Badlapur,In Store,Snacks,COCO,MH,148.0,0.0,7.4,148.0,0,1,0.0,148.0,100-200,0%
Frozen Bottle,2026-09-01,WK 36,Badlapur,Swiggy,Dinner,COCO,MH,815.0,446.0,38.760000000000005,1221.0,0,3,36.52743652743653,271.6666666666667,200-300,30%-40%
Frozen Bottle,2026-09-01,WK 36,Badlapur,Swiggy,Lunch,COCO,MH,920.56,669.44,44.56,1560.0,0,5,42.91282051282052,184.112,100-200,40%-50%
Frozen Bottle,2026-09-01,WK 36,Badlapur,Swiggy,Snacks,COCO,MH,715.0,362.0,34.28,1047.0,0,4,34.57497612225406,178.75,100-200,30%-40%
Frozen Bottle,2026-09-01,WK 36,Badlapur,Zomato,Dinner,COCO,MH,1725.0,1115.0,86.3,2740.0,0,8,40.693430656934304,215.625,200-300,40%-50%
Frozen Bottle,2026-09-01,WK 36,Badlapur,Zomato,Late Night,COCO,MH,690.0,650.0,34.5,1300.0,0,1,50.0,690.0,600-900,40%-50%
Frozen Bottle,2026-09-01,WK 36,Badlapur,Zomato,Lunch,COCO,MH,599.5,600.5,29.98,1170.0,0,1,51.32478632478632,599.5,500-600,50%-60%
Frozen Bottle,2026-09-01,WK 36,Badlapur,Zomato,Snacks,COCO,MH,1708.52,753.48,85.44,2382.0,0,3,31.632241813602015,569.5066666666667,500-600,30%-40%
Madno,2026-09-01,WK 36,Badlapur,Swiggy,Dinner,COCO,MH,196.0,64.0,9.3,250.0,0,1,25.6,196.0,100-200,20%-30%
Madno,2026-09-01,WK 36,Badlapur,Swiggy,Lunch,COCO,MH,318.0,63.0,15.9,381.0,0,1,16.535433070866144,318.0,300-400,10%-20%
Madno,2026-09-01,WK 36,Badlapur,Zomato,Dinner,COCO,MH,211.0,191.0,10.56,382.0,0,1,50.0,211.0,200-300,40%-50%
Madno,2026-09-01,WK 36,Badlapur,Zomato,Lunch,COCO,MH,581.0,280.0,29.06,831.0,0,2,33.69434416365824,290.5,200-300,30%-40%
Madno,2026-09-01,WK 36,Badlapur,Zomato,Snacks,COCO,MH,415.0,195.0,20.759999999999998,580.0,0,2,33.62068965517241,207.5,200-300,30%-40%
Boba Bar,2026-09-01,WK 36,Banashankari,Ownly,Late Night,COCO,KA,286.0,0.0,14.3,286.0,0,1,0.0,286.0,200-300,0%
Boba Bar,2026-09-01,WK 36,Banashankari,Swiggy,Late Night,COCO,KA,303.01,109.84,14.66,402.85,0,2,27.265731661908898,151.505,100-200,20%-30%
Frozen Bottle,2026-09-01,WK 36,Banashankari,In Store,Breakfast,COCO,KA,114.87,143.13,5.74,258.0,0,2,55.47674418604651,57.435,0-100,50%-60%
Frozen Bottle,2026-09-01,WK 36,Banashankari,In Store,Dinner,COCO,KA,3039.61,666.8100000000001,151.96,3706.42,0,16,17.990675638486735,189.975625,100-200,10%-20%
Frozen Bottle,2026-09-01,WK 36,Banashankari,In Store,Lunch,COCO,KA,901.1800000000001,0.0,45.08,901.1800000000001,0,4,0.0,225.29500000000002,200-300,0%
Frozen Bottle,2026-09-01,WK 36,Banashankari,In Store,Snacks,COCO,KA,1435.57,106.94,71.78,1542.51,0,6,6.932856188938807,239.26166666666666,200-300,1%-10%
Frozen Bottle,2026-09-01,WK 36,Banashankari,Ownly,Late Night,COCO,KA,139.0,0.0,6.96,139.0,0,1,0.0,139.0,100-200,0%
Frozen Bottle,2026-09-01,WK 36,Banashankari,Swiggy,Dinner,COCO,KA,1421.0,638.0,67.56,1989.0,0,6,32.07642031171443,236.83333333333334,200-300,30%-40%
Frozen Bottle,2026-09-01,WK 36,Banashankari,Swiggy,Late Night,COCO,KA,1510.0,694.0,72.52,2144.0,0,4,32.36940298507462,377.5,300-400,30%-40%
Frozen Bottle,2026-09-01,WK 36,Banashankari,Swiggy,Lunch,COCO,KA,958.0,782.0,44.42,1670.0,0,6,46.82634730538922,159.66666666666666,100-200,40%-50%
Frozen Bottle,2026-09-01,WK 36,Banashankari,Swiggy,Snacks,COCO,KA,1245.0,1007.0,58.28,2172.0,0,5,46.362799263351754,249.0,200-300,40%-50%
Frozen Bottle,2026-09-01,WK 36,Banashankari,Zomato,Dinner,COCO,KA,1535.5,1196.5,76.82,2652.0,0,6,45.11689291101056,255.91666666666666,200-300,40%-50%
Frozen Bottle,2026-09-01,WK 36,Banashankari,Zomato,Late Night,COCO,KA,1096.9,1004.1,54.86,2041.0,0,4,49.19647231749143,274.225,200-300,40%-50%
Frozen Bottle,2026-09-01,WK 36,Banashankari,Zomato,Lunch,COCO,KA,379.55,259.45,18.98,619.0,0,1,41.91437802907916,379.55,300-400,40%-50%
Frozen Bottle,2026-09-01,WK 36,Banashankari,Zomato,Snacks,COCO,KA,2549.1,1112.9,127.47999999999999,3582.0,0,4,31.069235064209945,637.275,600-900,30%-40%
Madno,2026-09-01,WK 36,Banashankari,Swiggy,Dinner,COCO,KA,440.0,242.0,22.02,682.0,0,2,35.483870967741936,220.0,200-300,30%-40%
Madno,2026-09-01,WK 36,Banashankari,Swiggy,Lunch,COCO,KA,153.0,67.0,7.66,220.0,0,1,30.454545454545457,153.0,100-200,30%-40%
Madno,2026-09-01,WK 36,Banashankari,Zomato,Dinner,COCO,KA,600.0,430.0,30.0,1000.0,0,3,43.0,200.0,100-200,40%-50%
Madno,2026-09-01,WK 36,Banashankari,Zomato,Late Night,COCO,KA,330.0,50.0,16.5,370.0,0,1,13.513513513513514,330.0,300-400,10%-20%
Boba Bar,2026-09-01,WK 36,Baner Road - Pune,Swiggy,Dinner,COCO,MH,218.01,177.17,10.9,395.18,0,1,44.83273445012399,218.01,200-300,40%-50%
Frozen Bottle,2026-09-01,WK 36,Baner Road - Pune,In Store,Dinner,COCO,MH,3145.64,1606.36,157.3,4752.0,0,16,33.803872053872055,196.6025,100-200,30%-40%
Frozen Bottle,2026-09-01,WK 36,Baner Road - Pune,In Store,Lunch,COCO,MH,943.0,0.0,47.18000000000001,943.0,0,5,0.0,188.6,100-200,0%
Frozen Bottle,2026-09-01,WK 36,Baner Road - Pune,In Store,Snacks,COCO,MH,3494.7,776.3,174.74,4271.0,0,13,18.17607117771014,268.8230769230769,200-300,10%-20%
Frozen Bottle,2026-09-01,WK 36,Baner Road - Pune,Others,Lunch,COCO,MH,91.08,148.92,4.54,230.0,0,1,64.74782608695652,91.08,0-100,60%-70%
Frozen Bottle,2026-09-01,WK 36,Baner Road - Pune,Swiggy,Breakfast,COCO,MH,472.0,488.0,21.6,920.0,0,1,53.04347826086957,472.0,400-500,50%-60%
Frozen Bottle,2026-09-01,WK 36,Baner Road - Pune,Swiggy,Closing,COCO,MH,524.0,346.0,24.700000000000003,840.0,0,2,41.19047619047619,262.0,200-300,40%-50%
Frozen Bottle,2026-09-01,WK 36,Baner Road - Pune,Swiggy,Dinner,COCO,MH,6604.6,3674.91,311.32,9899.51,0,24,37.12214038876672,275.19166666666666,200-300,30%-40%
Frozen Bottle,2026-09-01,WK 36,Baner Road - Pune,Swiggy,Late Night,COCO,MH,2050.0,1703.0,97.52000000000001,3653.0,0,10,46.619217081850536,205.0,200-300,40%-50%
Frozen Bottle,2026-09-01,WK 36,Baner Road - Pune,Swiggy,Lunch,COCO,MH,397.0,213.0,18.86,590.0,0,2,36.10169491525424,198.5,100-200,30%-40%
Frozen Bottle,2026-09-01,WK 36,Baner Road - Pune,Swiggy,Snacks,COCO,MH,928.56,649.44,43.44,1518.0,0,5,42.78260869565218,185.712,100-200,40%-50%
Frozen Bottle,2026-09-01,WK 36,Baner Road - Pune,Zomato,Closing,COCO,MH,329.0,200.0,16.46,519.0,0,1,38.53564547206166,329.0,300-400,30%-40%
Frozen Bottle,2026-09-01,WK 36,Baner Road - Pune,Zomato,Dinner,COCO,MH,4133.5,2114.5,206.76,6038.0,0,11,35.01987413050679,375.77272727272725,300-400,30%-40%
Frozen Bottle,2026-09-01,WK 36,Baner Road - Pune,Zomato,Late Night,COCO,MH,521.0,200.0,26.04,701.0,0,1,28.530670470756064,521.0,500-600,20%-30%
Frozen Bottle,2026-09-01,WK 36,Baner Road - Pune,Zomato,Lunch,COCO,MH,1341.0,550.0,67.06,1821.0,0,5,30.203185063152116,268.2,200-300,30%-40%
Frozen Bottle,2026-09-01,WK 36,Baner Road - Pune,Zomato,Snacks,COCO,MH,3630.6,1683.4,181.62,5124.0,0,11,32.85323965651835,330.05454545454546,300-400,30%-40%
Madno,2026-09-01,WK 36,Baner Road - Pune,Swiggy,Closing,COCO,MH,219.0,32.0,10.96,251.0,0,1,12.749003984063744,219.0,200-300,10%-20%
Madno,2026-09-01,WK 36,Baner Road - Pune,Swiggy,Dinner,COCO,MH,184.8,55.2,8.74,230.0,0,1,24.000000000000004,184.8,100-200,20%-30%
Madno,2026-09-01,WK 36,Baner Road - Pune,Swiggy,Late Night,COCO,MH,547.0,284.0,25.36,791.0,0,2,35.9039190897598,273.5,200-300,30%-40%
Madno,2026-09-01,WK 36,Baner Road - Pune,Swiggy,Lunch,COCO,MH,200.0,0.0,9.5,190.0,0,1,0.0,200.0,100-200,0%
Madno,2026-09-01,WK 36,Baner Road - Pune,Zomato,Late Night,COCO,MH,512.0,200.0,25.62,682.0,0,1,29.32551319648094,512.0,500-600,20%-30%
Madno,2026-09-01,WK 36,Baner Road - Pune,Zomato,Lunch,COCO,MH,285.5,175.5,14.280000000000001,441.0,0,2,39.795918367346935,142.75,100-200,30%-40%
Frozen Bottle,2026-09-01,WK 36,Banjara Hills,In Store,Dinner,FOFO,AP & TL,2662.05,0.0,133.18,2662.05,0,15,0.0,177.47,100-200,0%
Frozen Bottle,2026-09-01,WK 36,Banjara Hills,In Store,Late Night,FOFO,AP & TL,127.0,0.0,6.36,127.0,0,2,0.0,63.5,0-100,0%
Frozen Bottle,2026-09-01,WK 36,Banjara Hills,In Store,Lunch,FOFO,AP & TL,3259.2799999999997,0.0,163.0,3259.2799999999997,0,10,0.0,325.928,300-400,0%
Frozen Bottle,2026-09-01,WK 36,Banjara Hills,In Store,Snacks,FOFO,AP & TL,800.2,0.0,40.06,800.2,0,8,0.0,100.025,100-200,0%
Frozen Bottle,2026-09-01,WK 36,Banjara Hills,Swiggy,Dinner,FOFO,AP & TL,181.0,0.0,8.56,171.0,0,1,0.0,181.0,100-200,0%
Frozen Bottle,2026-09-01,WK 36,Banjara Hills,Swiggy,Lunch,FOFO,AP & TL,509.0,0.0,24.46,489.0,0,1,0.0,509.0,500-600,0%
Frozen Bottle,2026-09-01,WK 36,Banjara Hills,Zomato,Dinner,FOFO,AP & TL,209.0,100.0,10.46,299.0,0,1,33.44481605351171,209.0,200-300,30%-40%
Frozen Bottle,2026-09-01,WK 36,Banjara Hills,Zomato,Snacks,FOFO,AP & TL,209.0,100.0,10.46,299.0,0,1,33.44481605351171,209.0,200-300,30%-40%
Boba Bar,2026-09-01,WK 36,Basaveshwarnagar,Swiggy,Late Night,COCO,KA,50.0,63.33,2.5,113.33,0,1,55.88105532515662,50.0,0-100,50%-60%
Boba Bar,2026-09-01,WK 36,Basaveshwarnagar,Swiggy,Snacks,COCO,KA,247.0,131.0,12.36,378.0,0,1,34.65608465608466,247.0,200-300,30%-40%
Frozen Bottle,2026-09-01,WK 36,Basaveshwarnagar,In Store,Dinner,COCO,KA,1721.93,889.53,86.12,2611.46,0,11,34.062555045836426,156.5390909090909,100-200,30%-40%
Frozen Bottle,2026-09-01,WK 36,Basaveshwarnagar,In Store,Lunch,COCO,KA,1050.77,658.23,52.56,1709.0,0,7,38.51550614394383,150.10999999999999,100-200,30%-40%
Frozen Bottle,2026-09-01,WK 36,Basaveshwarnagar,In Store,Snacks,COCO,KA,2030.0,0.0,101.54,2030.0,0,7,0.0,290.0,200-300,0%
Frozen Bottle,2026-09-01,WK 36,Basaveshwarnagar,Ownly,Dinner,COCO,KA,353.0,0.0,17.66,353.0,0,2,0.0,176.5,100-200,0%
Frozen Bottle,2026-09-01,WK 36,Basaveshwarnagar,Ownly,Snacks,COCO,KA,397.0,0.0,19.86,397.0,0,1,0.0,397.0,300-400,0%
Frozen Bottle,2026-09-01,WK 36,Basaveshwarnagar,Swiggy,Breakfast,COCO,KA,196.0,213.0,8.8,389.0,0,1,54.75578406169666,196.0,100-200,50%-60%
Frozen Bottle,2026-09-01,WK 36,Basaveshwarnagar,Swiggy,Dinner,COCO,KA,4340.0,1475.0,207.54,5625.0,0,10,26.222222222222225,434.0,400-500,20%-30%
Frozen Bottle,2026-09-01,WK 36,Basaveshwarnagar,Swiggy,Lunch,COCO,KA,566.0,325.0,26.82,861.0,0,3,37.746806039488966,188.66666666666666,100-200,30%-40%
Frozen Bottle,2026-09-01,WK 36,Basaveshwarnagar,Swiggy,Snacks,COCO,KA,582.0,468.0,27.1,1010.0,0,4,46.33663366336634,145.5,100-200,40%-50%
Frozen Bottle,2026-09-01,WK 36,Basaveshwarnagar,Zomato,Dinner,COCO,KA,2358.5,1306.5,117.96,3535.0,0,10,36.95898161244696,235.85,200-300,30%-40%
Frozen Bottle,2026-09-01,WK 36,Basaveshwarnagar,Zomato,Late Night,COCO,KA,425.0,115.0,21.259999999999998,520.0,0,2,22.115384615384613,212.5,200-300,20%-30%
Frozen Bottle,2026-09-01,WK 36,Basaveshwarnagar,Zomato,Lunch,COCO,KA,349.0,0.0,17.46,339.0,0,1,0.0,349.0,300-400,0%
Frozen Bottle,2026-09-01,WK 36,Basaveshwarnagar,Zomato,Snacks,COCO,KA,1539.8,1036.2,77.02000000000001,2486.0,0,5,41.68141592920354,307.96,300-400,40%-50%
Madno,2026-09-01,WK 36,Basaveshwarnagar,Ownly,Dinner,COCO,KA,439.0,0.0,21.96,439.0,0,3,0.0,146.33333333333334,100-200,0%
Madno,2026-09-01,WK 36,Basaveshwarnagar,Ownly,Lunch,COCO,KA,160.0,0.0,8.0,160.0,0,1,0.0,160.0,100-200,0%
Madno,2026-09-01,WK 36,Basaveshwarnagar,Ownly,Snacks,COCO,KA,160.0,0.0,8.0,160.0,0,1,0.0,160.0,100-200,0%
Frozen Bottle,2026-09-01,WK 36,Bavdhan,In Store,Lunch,FOFO,MH,1254.0,0.0,62.72,1254.0,0,3,0.0,418.0,400-500,0%
Frozen Bottle,2026-09-01,WK 36,Bavdhan,Swiggy,Dinner,FOFO,MH,654.0,0.0,31.7,634.0,0,1,0.0,654.0,600-900,0%
Frozen Bottle,2026-09-01,WK 36,Bavdhan,Zomato,Dinner,FOFO,MH,1338.0,150.0,66.92,1438.0,0,3,10.43115438108484,446.0,400-500,10%-20%
Boba Bar,2026-09-01,WK 36,Bel Road,Ownly,Lunch,COCO,KA,111.0,0.0,5.56,111.0,0,1,0.0,111.0,100-200,0%
Boba Bar,2026-09-01,WK 36,Bel Road,Swiggy,Dinner,COCO,KA,247.0,223.0,11.36,450.0,0,1,49.55555555555556,247.0,200-300,40%-50%
Frozen Bottle,2026-09-01,WK 36,Bel Road,In Store,Breakfast,COCO,KA,423.75,0.0,21.18,423.75,0,1,0.0,423.75,400-500,0%
Frozen Bottle,2026-09-01,WK 36,Bel Road,In Store,Dinner,COCO,KA,1461.28,488.33000000000004,73.10000000000001,1949.6100000000001,0,13,25.04757361728756,112.40615384615384,100-200,20%-30%
Frozen Bottle,2026-09-01,WK 36,Bel Road,In Store,Lunch,COCO,KA,1343.51,0.0,67.2,1343.51,0,5,0.0,268.702,200-300,0%
Frozen Bottle,2026-09-01,WK 36,Bel Road,In Store,Snacks,COCO,KA,1424.08,242.92000000000002,71.24,1667.0,0,9,14.572285542891422,158.2311111111111,100-200,10%-20%
Frozen Bottle,2026-09-01,WK 36,Bel Road,Ownly,Dinner,COCO,KA,396.0,0.0,19.8,396.0,0,2,0.0,198.0,100-200,0%
Frozen Bottle,2026-09-01,WK 36,Bel Road,Swiggy,Dinner,COCO,KA,1070.33,862.0,50.04,1862.33,0,5,46.286103966536544,214.06599999999997,200-300,40%-50%
Frozen Bottle,2026-09-01,WK 36,Bel Road,Swiggy,Late Night,COCO,KA,1174.0,397.0,56.22,1521.0,0,3,26.101249178172253,391.3333333333333,300-400,20%-30%
Frozen Bottle,2026-09-01,WK 36,Bel Road,Swiggy,Lunch,COCO,KA,337.0,234.0,15.860000000000001,551.0,0,2,42.46823956442831,168.5,100-200,40%-50%
Frozen Bottle,2026-09-01,WK 36,Bel Road,Swiggy,Snacks,COCO,KA,605.0,274.0,28.759999999999998,849.0,0,2,32.27326266195524,302.5,300-400,30%-40%
Frozen Bottle,2026-09-01,WK 36,Bel Road,Zomato,Dinner,COCO,KA,1460.0,419.0,73.02000000000001,1809.0,0,5,23.16196793808734,292.0,200-300,20%-30%
Frozen Bottle,2026-09-01,WK 36,Bel Road,Zomato,Late Night,COCO,KA,1195.0,345.0,59.78,1480.0,0,4,23.31081081081081,298.75,200-300,20%-30%
Frozen Bottle,2026-09-01,WK 36,Bel Road,Zomato,Lunch,COCO,KA,510.0,300.0,25.5,780.0,0,2,38.46153846153847,255.0,200-300,30%-40%
Madno,2026-09-01,WK 36,Bel Road,Ownly,Dinner,COCO,KA,97.0,0.0,4.86,97.0,0,1,0.0,97.0,0-100,0%
Madno,2026-09-01,WK 36,Bel Road,Ownly,Snacks,COCO,KA,320.0,0.0,16.02,320.0,0,2,0.0,160.0,100-200,0%
Madno,2026-09-01,WK 36,Bel Road,Swiggy,Dinner,COCO,KA,1013.01,356.99,49.16,1340.0,0,2,26.641044776119404,506.505,500-600,20%-30%
Madno,2026-09-01,WK 36,Bel Road,Swiggy,Lunch,COCO,KA,160.0,70.0,8.0,230.0,0,1,30.434782608695656,160.0,100-200,30%-40%
Madno,2026-09-01,WK 36,Bel Road,Zomato,Dinner,COCO,KA,601.0,420.0,30.060000000000002,991.0,0,3,42.38143289606458,200.33333333333334,200-300,40%-50%
Madno,2026-09-01,WK 36,Bel Road,Zomato,Late Night,COCO,KA,331.0,300.0,16.560000000000002,611.0,0,2,49.09983633387889,165.5,100-200,40%-50%
Madno,2026-09-01,WK 36,Bel Road,Zomato,Lunch,COCO,KA,240.0,50.0,12.0,280.0,0,1,17.857142857142858,240.0,200-300,10%-20%
Madno,2026-09-01,WK 36,Bel Road,Zomato,Snacks,COCO,KA,410.0,200.0,20.5,590.0,0,1,33.89830508474576,410.0,400-500,30%-40%
Frozen Bottle,2026-09-01,WK 36,Berhampur,Swiggy,Snacks,FOFO,ROI,910.0,0.0,44.0,880.0,0,2,0.0,455.0,400-500,0%
Frozen Bottle,2026-09-01,WK 36,Berhampur,Zomato,Dinner,FOFO,ROI,190.0,0.0,9.5,180.0,0,1,0.0,190.0,100-200,0%
Frozen Bottle,2026-09-01,WK 36,Besant Nagar,In Store,Dinner,COCO,TN,4538.54,1154.15,227.0,5692.6900000000005,0,23,20.274246445880596,197.32782608695652,100-200,20%-30%
Frozen Bottle,2026-09-01,WK 36,Besant Nagar,In Store,Lunch,COCO,TN,711.23,0.0,35.58,711.23,0,2,0.0,355.615,300-400,0%
Frozen Bottle,2026-09-01,WK 36,Besant Nagar,In Store,Snacks,COCO,TN,1538.27,715.65,76.92,2253.92,0,9,31.751348761269256,170.9188888888889,100-200,30%-40%
Frozen Bottle,2026-09-01,WK 36,Besant Nagar,Swiggy,Dinner,COCO,TN,2689.0,681.0,129.5,3270.0,0,10,20.825688073394495,268.9,200-300,20%-30%
Frozen Bottle,2026-09-01,WK 36,Besant Nagar,Swiggy,Late Night,COCO,TN,883.0,303.0,43.16,1166.0,0,3,25.986277873070325,294.3333333333333,200-300,20%-30%
Frozen Bottle,2026-09-01,WK 36,Besant Nagar,Swiggy,Lunch,COCO,TN,691.0,437.0,32.56,1088.0,0,2,40.16544117647059,345.5,300-400,40%-50%
Frozen Bottle,2026-09-01,WK 36,Besant Nagar,Swiggy,Snacks,COCO,TN,2409.0,591.0,115.97999999999999,2910.0,0,6,20.309278350515463,401.5,400-500,20%-30%
Frozen Bottle,2026-09-01,WK 36,Besant Nagar,Zomato,Dinner,COCO,TN,1280.66,481.66999999999996,64.08,1692.33,0,5,28.461943001660433,256.132,200-300,20%-30%
Frozen Bottle,2026-09-01,WK 36,Besant Nagar,Zomato,Lunch,COCO,TN,211.0,200.0,10.56,401.0,0,1,49.87531172069826,211.0,200-300,40%-50%
Frozen Bottle,2026-09-01,WK 36,Besant Nagar,Zomato,Snacks,COCO,TN,125.0,115.0,6.26,230.0,0,1,50.0,125.0,100-200,40%-50%
Madno,2026-09-01,WK 36,Besant Nagar,Swiggy,Late Night,COCO,TN,752.01,99.99,36.12,822.0,0,2,12.164233576642335,376.005,300-400,10%-20%
Madno,2026-09-01,WK 36,Besant Nagar,Swiggy,Lunch,COCO,TN,206.0,64.0,9.8,260.0,0,1,24.615384615384617,206.0,200-300,20%-30%
Madno,2026-09-01,WK 36,Besant Nagar,Zomato,Late Night,COCO,TN,395.0,175.0,19.74,550.0,0,1,31.818181818181817,395.0,300-400,30%-40%
Frozen Bottle,2026-09-01,WK 36,Bhavanipuram,Swiggy,Dinner,FOFO,AP & TL,1400.01,719.99,66.54,2050.0,0,6,35.12146341463415,233.335,200-300,30%-40%
Frozen Bottle,2026-09-01,WK 36,Bhavanipuram,Swiggy,Lunch,FOFO,AP & TL,830.0,360.0,39.52,1150.0,0,4,31.30434782608696,207.5,200-300,30%-40%
Frozen Bottle,2026-09-01,WK 36,Bhavanipuram,Swiggy,Snacks,FOFO,AP & TL,1496.6,641.4,72.36,2088.0,0,7,30.7183908045977,213.79999999999998,200-300,30%-40%
Frozen Bottle,2026-09-01,WK 36,Bhavanipuram,Zomato,Dinner,FOFO,AP & TL,1863.0,300.0,93.17999999999999,2083.0,0,4,14.402304368698992,465.75,400-500,10%-20%
Frozen Bottle,2026-09-01,WK 36,Bhavanipuram,Zomato,Lunch,FOFO,AP & TL,240.0,100.0,12.0,330.0,0,1,30.303030303030305,240.0,200-300,30%-40%
Frozen Bottle,2026-09-01,WK 36,Bhavanipuram,Zomato,Snacks,FOFO,AP & TL,855.0,200.0,42.760000000000005,1015.0,0,2,19.704433497536947,427.5,400-500,10%-20%
Frozen Bottle,2026-09-01,WK 36,Bhopal,Zomato,Dinner,FOFO,ROI,209.0,0.0,10.46,199.0,0,1,0.0,209.0,200-300,0%
Frozen Bottle,2026-09-01,WK 36,Bhopal,Zomato,Snacks,FOFO,ROI,109.0,100.0,5.46,199.0,0,1,50.25125628140703,109.0,100-200,50%-60%
Madno,2026-09-01,WK 36,Bhopal,Swiggy,Lunch,FOFO,ROI,176.0,64.0,8.3,230.0,0,1,27.82608695652174,176.0,100-200,20%-30%
Frozen Bottle,2026-09-01,WK 36,Bhubaneswar,In Store,Dinner,FOFO,ROI,1017.0,0.0,50.84,1017.0,0,3,0.0,339.0,300-400,0%
Frozen Bottle,2026-09-01,WK 36,Bhubaneswar,In Store,Snacks,FOFO,ROI,297.0,0.0,14.860000000000001,297.0,0,2,0.0,148.5,100-200,0%
Frozen Bottle,2026-09-01,WK 36,Bhubaneswar,Swiggy,Dinner,FOFO,ROI,919.0,0.0,43.96,879.0,0,1,0.0,919.0,>900,0%
Frozen Bottle,2026-09-01,WK 36,Bhubaneswar,Zomato,Dinner,FOFO,ROI,262.9,28.1,13.14,281.0,0,1,10.0,262.9,200-300,1%-10%
Madno,2026-09-01,WK 36,Bhubaneswar,Zomato,Dinner,FOFO,ROI,181.0,0.0,9.06,171.0,0,1,0.0,181.0,100-200,0%
Boba Bar,2026-09-01,WK 36,Boba Bar - Salem,In Store,Dinner,FOFO,TN,3737.0,0.0,186.9,3737.0,0,11,0.0,339.72727272727275,300-400,0%
Boba Bar,2026-09-01,WK 36,Boba Bar - Salem,In Store,Snacks,FOFO,TN,1550.0,0.0,77.52,1550.0,0,4,0.0,387.5,300-400,0%
Frozen Bottle,2026-09-01,WK 36,Budigere,In Store,Dinner,FOFO,KA,298.0,0.0,14.9,298.0,0,1,0.0,298.0,200-300,0%
Frozen Bottle,2026-09-01,WK 36,Budigere,In Store,Lunch,FOFO,KA,148.0,0.0,7.4,148.0,0,1,0.0,148.0,100-200,0%
Frozen Bottle,2026-09-01,WK 36,Budigere,Zomato,Dinner,FOFO,KA,620.0,160.0,31.0,760.0,0,2,21.052631578947366,310.0,300-400,20%-30%
Frozen Bottle,2026-09-01,WK 36,Budigere,Zomato,Lunch,FOFO,KA,1391.0,150.0,69.56,1511.0,0,2,9.927200529450694,695.5,600-900,1%-10%
Frozen Bottle,2026-09-01,WK 36,Budigere,Zomato,Snacks,FOFO,KA,1660.2,287.8,83.02,1888.0,0,3,15.24364406779661,553.4,500-600,10%-20%
Frozen Bottle,2026-09-01,WK 36,Byculla,In Store,Closing,COCO,MH,45.69,0.0,2.28,45.69,0,1,0.0,45.69,0-100,0%
Frozen Bottle,2026-09-01,WK 36,Byculla,In Store,Dinner,COCO,MH,1316.4,419.29,65.84,1735.69,0,8,24.156963513069734,164.55,100-200,20%-30%
Frozen Bottle,2026-09-01,WK 36,Byculla,In Store,Lunch,COCO,MH,821.61,429.39000000000004,41.08,1251.0,0,8,34.32374100719425,102.70125,100-200,30%-40%
Frozen Bottle,2026-09-01,WK 36,Byculla,In Store,Snacks,COCO,MH,651.6899999999999,291.31,32.6,943.0,0,7,30.891834570519617,93.09857142857142,0-100,30%-40%
Frozen Bottle,2026-09-01,WK 36,Byculla,Others,Snacks,COCO,MH,420.0,0.0,21.0,400.0,0,2,0.0,210.0,200-300,0%
Frozen Bottle,2026-09-01,WK 36,Byculla,Swiggy,Dinner,COCO,MH,847.01,223.99,40.36,1031.0,0,3,21.725509214354997,282.33666666666664,200-300,20%-30%
Frozen Bottle,2026-09-01,WK 36,Byculla,Swiggy,Late Night,COCO,MH,340.0,0.0,16.5,330.0,0,1,0.0,340.0,300-400,0%
Frozen Bottle,2026-09-01,WK 36,Byculla,Zomato,Closing,COCO,MH,482.2,375.8,24.14,818.0,0,2,45.94132029339853,241.1,200-300,40%-50%
Frozen Bottle,2026-09-01,WK 36,Byculla,Zomato,Dinner,COCO,MH,2028.0,743.0,101.44,2691.0,0,5,27.61055369751022,405.6,400-500,20%-30%
Frozen Bottle,2026-09-01,WK 36,Byculla,Zomato,Late Night,COCO,MH,727.5,207.5,36.379999999999995,905.0,0,2,22.92817679558011,363.75,300-400,20%-30%
Frozen Bottle,2026-09-01,WK 36,Byculla,Zomato,Lunch,COCO,MH,359.0,0.0,17.96,339.0,0,2,0.0,179.5,100-200,0%
Frozen Bottle,2026-09-01,WK 36,Byculla,Zomato,Snacks,COCO,MH,371.0,100.0,18.560000000000002,451.0,0,2,22.172949002217297,185.5,100-200,20%-30%
Madno,2026-09-01,WK 36,Byculla,Swiggy,Dinner,COCO,MH,260.0,60.0,12.5,310.0,0,1,19.35483870967742,260.0,200-300,10%-20%
Madno,2026-09-01,WK 36,Byculla,Swiggy,Lunch,COCO,MH,108.0,93.0,4.9,191.0,0,1,48.69109947643979,108.0,100-200,40%-50%
Madno,2026-09-01,WK 36,Byculla,Swiggy,Snacks,COCO,MH,194.8,35.2,9.24,220.0,0,1,16.0,194.8,100-200,10%-20%
Boba Bar,2026-09-01,WK 36,CBD Belapur,Swiggy,Dinner,FOFO,MH,231.0,60.0,11.06,281.0,0,1,21.352313167259787,231.0,200-300,20%-30%
Frozen Bottle,2026-09-01,WK 36,CBD Belapur,Swiggy,Snacks,FOFO,MH,327.0,363.0,16.36,690.0,0,1,52.60869565217391,327.0,300-400,50%-60%
Frozen Bottle,2026-09-01,WK 36,Chandra Layout,In Store,Dinner,FOFO,KA,2251.21,229.0,112.58,2480.21,0,9,9.23308913358143,250.13444444444445,200-300,1%-10%
Frozen Bottle,2026-09-01,WK 36,Chandra Layout,In Store,Lunch,FOFO,KA,345.1,0.0,17.26,345.1,0,3,0.0,115.03333333333335,100-200,0%
Frozen Bottle,2026-09-01,WK 36,Chandra Layout,In Store,Snacks,FOFO,KA,951.2,33.8,47.58,985.0,0,4,3.4314720812182737,237.8,200-300,1%-10%
Frozen Bottle,2026-09-01,WK 36,Chandra Layout,Swiggy,Dinner,FOFO,KA,360.0,40.0,17.5,390.0,0,1,10.256410256410255,360.0,300-400,10%-20%
Frozen Bottle,2026-09-01,WK 36,Chandra Layout,Swiggy,Snacks,FOFO,KA,840.0,189.0,40.52,999.0,0,3,18.91891891891892,280.0,200-300,10%-20%
Frozen Bottle,2026-09-01,WK 36,Chandra Layout,Zomato,Dinner,FOFO,KA,1593.92,571.9300000000001,79.74,2085.85,0,4,27.419517223194383,398.48,300-400,20%-30%
Frozen Bottle,2026-09-01,WK 36,Chandra Layout,Zomato,Lunch,FOFO,KA,1018.0,250.0,50.92,1218.0,0,4,20.525451559934318,254.5,200-300,20%-30%
Frozen Bottle,2026-09-01,WK 36,Chandra Layout,Zomato,Snacks,FOFO,KA,880.0,0.0,44.02,850.0,0,1,0.0,880.0,600-900,0%
Boba Bar,2026-09-01,WK 36,Channasandra,Swiggy,Late Night,COCO,KA,50.0,63.33,2.5,113.33,0,1,55.88105532515662,50.0,0-100,50%-60%
Boba Bar,2026-09-01,WK 36,Channasandra,Swiggy,Lunch,COCO,KA,406.0,356.33,18.32,722.33,0,2,49.33063835089225,203.0,200-300,40%-50%
Frozen Bottle,2026-09-01,WK 36,Channasandra,In Store,Dinner,COCO,KA,549.9,641.56,27.48,1191.46,0,4,53.846541218337165,137.475,100-200,50%-60%
Frozen Bottle,2026-09-01,WK 36,Channasandra,In Store,Lunch,COCO,KA,179.0,0.0,8.96,179.0,0,1,0.0,179.0,100-200,0%
Frozen Bottle,2026-09-01,WK 36,Channasandra,In Store,Snacks,COCO,KA,39.0,0.0,1.96,39.0,0,1,0.0,39.0,0-100,0%
Frozen Bottle,2026-09-01,WK 36,Channasandra,Ownly,Dinner,COCO,KA,209.0,0.0,10.46,209.0,0,1,0.0,209.0,200-300,0%
Frozen Bottle,2026-09-01,WK 36,Channasandra,Ownly,Late Night,COCO,KA,191.0,0.0,9.56,191.0,0,1,0.0,191.0,100-200,0%
Frozen Bottle,2026-09-01,WK 36,Channasandra,Swiggy,Dinner,COCO,KA,548.0,292.0,27.4,840.0,0,2,34.76190476190476,274.0,200-300,30%-40%
Frozen Bottle,2026-09-01,WK 36,Channasandra,Swiggy,Lunch,COCO,KA,745.01,233.99,35.76,949.0,0,2,24.656480505795574,372.505,300-400,20%-30%
Frozen Bottle,2026-09-01,WK 36,Channasandra,Swiggy,Snacks,COCO,KA,1739.0,810.0,84.96,2509.0,0,8,32.28377839776804,217.375,200-300,30%-40%
Frozen Bottle,2026-09-01,WK 36,Channasandra,Zomato,Breakfast,COCO,KA,2380.0,260.0,119.0,2600.0,0,1,10.0,2380.0,>900,1%-10%
Frozen Bottle,2026-09-01,WK 36,Channasandra,Zomato,Dinner,COCO,KA,193.92,198.93,9.7,372.85,0,1,53.3538956684994,193.92,100-200,50%-60%
Frozen Bottle,2026-09-01,WK 36,Channasandra,Zomato,Lunch,COCO,KA,575.0,375.0,28.759999999999998,920.0,0,3,40.76086956521739,191.66666666666666,100-200,40%-50%
Frozen Bottle,2026-09-01,WK 36,Channasandra,Zomato,Snacks,COCO,KA,320.0,300.0,16.0,600.0,0,1,50.0,320.0,300-400,40%-50%
Madno,2026-09-01,WK 36,Channasandra,Ownly,Dinner,COCO,KA,516.75,0.0,25.84,516.75,0,3,0.0,172.25,100-200,0%
Madno,2026-09-01,WK 36,Channasandra,Swiggy,Lunch,COCO,KA,432.0,149.0,21.119999999999997,571.0,0,2,26.09457092819615,216.0,200-300,20%-30%
Madno,2026-09-01,WK 36,Channasandra,Zomato,Breakfast,COCO,KA,143.7,57.3,7.18,191.0,0,1,30.0,143.7,100-200,20%-30%
Madno,2026-09-01,WK 36,Channasandra,Zomato,Dinner,COCO,KA,341.0,321.0,17.06,642.0,0,1,50.0,341.0,300-400,40%-50%
Madno,2026-09-01,WK 36,Channasandra,Zomato,Lunch,COCO,KA,75.5,65.5,3.78,131.0,0,1,50.0,75.5,0-100,40%-50%
Boba Bar,2026-09-01,WK 36,Chikkabellandur,Swiggy,Breakfast,FOFO,KA,180.01,199.5,7.5,349.51,0,1,57.07991187662728,180.01,100-200,50%-60%
Boba Bar,2026-09-01,WK 36,Chikkabellandur,Swiggy,Dinner,FOFO,KA,150.01,199.5,7.5,349.51,0,1,57.07991187662728,150.01,100-200,50%-60%
Frozen Bottle,2026-09-01,WK 36,Chikkabellandur,In Store,Dinner,FOFO,KA,975.75,0.0,48.82,975.75,0,5,0.0,195.15,100-200,0%
Frozen Bottle,2026-09-01,WK 36,Chikkabellandur,In Store,Lunch,FOFO,KA,328.0,0.0,16.4,328.0,0,1,0.0,328.0,300-400,0%
Frozen Bottle,2026-09-01,WK 36,Chikkabellandur,In Store,Snacks,FOFO,KA,258.0,0.0,12.920000000000002,258.0,0,2,0.0,129.0,100-200,0%
Frozen Bottle,2026-09-01,WK 36,Chikkabellandur,Swiggy,Dinner,FOFO,KA,720.0,338.0,34.5,1028.0,0,3,32.87937743190661,240.0,200-300,30%-40%
Frozen Bottle,2026-09-01,WK 36,Chikkabellandur,Swiggy,Late Night,FOFO,KA,179.0,141.0,8.96,320.0,0,1,44.0625,179.0,100-200,40%-50%
Frozen Bottle,2026-09-01,WK 36,Chikkabellandur,Zomato,Dinner,FOFO,KA,889.0,250.0,44.46,1099.0,0,2,22.747952684258415,444.5,400-500,20%-30%
Frozen Bottle,2026-09-01,WK 36,Chikkabellandur,Zomato,Late Night,FOFO,KA,363.2,85.8,18.16,429.0,0,2,20.0,181.6,100-200,10%-20%
Frozen Bottle,2026-09-01,WK 36,Chikkabellandur,Zomato,Snacks,FOFO,KA,1415.2,179.8,70.78,1535.0,0,4,11.713355048859937,353.8,300-400,10%-20%
Madno,2026-09-01,WK 36,Chikkabellandur,Swiggy,Dinner,FOFO,KA,132.0,58.0,6.6,190.0,0,1,30.526315789473685,132.0,100-200,30%-40%
Madno,2026-09-01,WK 36,Chikkabellandur,Swiggy,Lunch,FOFO,KA,319.0,252.0,15.96,571.0,0,2,44.13309982486865,159.5,100-200,40%-50%
Madno,2026-09-01,WK 36,Chikkabellandur,Swiggy,Snacks,FOFO,KA,90.0,101.0,4.5,191.0,0,1,52.879581151832454,90.0,0-100,50%-60%
Madno,2026-09-01,WK 36,Chikkabellandur,Zomato,Snacks,FOFO,KA,305.5,95.5,15.280000000000001,381.0,0,2,25.065616797900265,152.75,100-200,20%-30%
Frozen Bottle,2026-09-01,WK 36,Chikkanayakanahalli,In Store,Dinner,FOFO,KA,1213.41,0.0,60.68,1213.41,0,6,0.0,202.235,200-300,0%
Frozen Bottle,2026-09-01,WK 36,Chikkanayakanahalli,In Store,Lunch,FOFO,KA,537.0,0.0,26.86,537.0,0,2,0.0,268.5,200-300,0%
Frozen Bottle,2026-09-01,WK 36,Chikkanayakanahalli,In Store,Snacks,FOFO,KA,1413.28,0.0,70.67999999999999,1413.28,0,5,0.0,282.656,200-300,0%
Frozen Bottle,2026-09-01,WK 36,Chikkanayakanahalli,Swiggy,Lunch,FOFO,KA,600.0,0.0,29.0,580.0,0,1,0.0,600.0,500-600,0%
Frozen Bottle,2026-09-01,WK 36,Chikkanayakanahalli,Zomato,Dinner,FOFO,KA,721.0,0.0,36.06,701.0,0,1,0.0,721.0,600-900,0%
Frozen Bottle,2026-09-01,WK 36,City Mall Kota,In Store,Dinner,FOFO,ROI,2032.23,0.0,101.64,2032.23,0,7,0.0,290.31857142857143,200-300,0%
Frozen Bottle,2026-09-01,WK 36,City Mall Kota,In Store,Lunch,FOFO,ROI,1184.0,0.0,59.2,1184.0,0,3,0.0,394.6666666666667,300-400,0%
Frozen Bottle,2026-09-01,WK 36,City Mall Kota,In Store,Snacks,FOFO,ROI,2314.0,0.0,115.74,2314.0,0,9,0.0,257.1111111111111,200-300,0%
Frozen Bottle,2026-09-01,WK 36,City Mall Kota,Swiggy,Snacks,FOFO,ROI,240.0,0.0,11.5,230.0,0,1,0.0,240.0,200-300,0%
Frozen Bottle,2026-09-01,WK 36,City Mall Kota,Zomato,Dinner,FOFO,ROI,194.0,46.0,9.7,230.0,0,1,20.0,194.0,100-200,10%-20%
Frozen Bottle,2026-09-01,WK 36,City Mall Kota,Zomato,Snacks,FOFO,ROI,290.0,50.0,14.5,330.0,0,1,15.151515151515152,290.0,200-300,10%-20%
Frozen Bottle,2026-09-01,WK 36,DLF Gachibowli,In Store,Closing,FOFO,AP & TL,607.0,0.0,30.36,607.0,0,2,0.0,303.5,300-400,0%
Frozen Bottle,2026-09-01,WK 36,DLF Gachibowli,In Store,Dinner,FOFO,AP & TL,5536.0,0.0,276.92,5536.0,0,23,0.0,240.69565217391303,200-300,0%
Frozen Bottle,2026-09-01,WK 36,DLF Gachibowli,In Store,Late Night,FOFO,AP & TL,577.0,0.0,28.86,577.0,0,2,0.0,288.5,200-300,0%
Frozen Bottle,2026-09-01,WK 36,DLF Gachibowli,In Store,Lunch,FOFO,AP & TL,1041.0,0.0,52.1,1041.0,0,6,0.0,173.5,100-200,0%
Frozen Bottle,2026-09-01,WK 36,DLF Gachibowli,In Store,Snacks,FOFO,AP & TL,930.0,0.0,46.52,930.0,0,6,0.0,155.0,100-200,0%
Frozen Bottle,2026-09-01,WK 36,DLF Gachibowli,Zomato,Dinner,FOFO,AP & TL,434.0,75.0,21.72,489.0,0,2,15.337423312883436,217.0,200-300,10%-20%
Frozen Bottle,2026-09-01,WK 36,DLF Gachibowli,Zomato,Late Night,FOFO,AP & TL,149.3,59.7,7.46,199.0,0,1,30.0,149.3,100-200,20%-30%
Frozen Bottle,2026-09-01,WK 36,Dahisar,In Store,Dinner,COCO,MH,279.0,0.0,13.96,279.0,0,1,0.0,279.0,200-300,0%
Frozen Bottle,2026-09-01,WK 36,Dahisar,In Store,Lunch,COCO,MH,448.0,0.0,22.4,448.0,0,1,0.0,448.0,400-500,0%
Frozen Bottle,2026-09-01,WK 36,Dahisar,In Store,Snacks,COCO,MH,168.0,0.0,8.4,168.0,0,1,0.0,168.0,100-200,0%
Frozen Bottle,2026-09-01,WK 36,Dahisar,Swiggy,Closing,COCO,MH,492.0,224.0,23.6,696.0,0,2,32.18390804597701,246.0,200-300,30%-40%
Frozen Bottle,2026-09-01,WK 36,Dahisar,Swiggy,Dinner,COCO,MH,605.0,295.0,28.76,870.0,0,3,33.90804597701149,201.66666666666666,200-300,30%-40%
Frozen Bottle,2026-09-01,WK 36,Dahisar,Swiggy,Late Night,COCO,MH,1454.0,1009.33,69.22,2393.33,0,6,42.172621410336234,242.33333333333334,200-300,40%-50%
Frozen Bottle,2026-09-01,WK 36,Dahisar,Swiggy,Snacks,COCO,MH,209.0,112.0,9.96,311.0,0,1,36.01286173633441,209.0,200-300,30%-40%
Frozen Bottle,2026-09-01,WK 36,Dahisar,Zomato,Dinner,COCO,MH,1686.5,962.49,84.34,2558.99,0,5,37.6121047757123,337.3,300-400,30%-40%
Frozen Bottle,2026-09-01,WK 36,Dahisar,Zomato,Late Night,COCO,MH,1254.0,405.0,62.74,1609.0,0,3,25.170913610938474,418.0,400-500,20%-30%
Frozen Bottle,2026-09-01,WK 36,Dahisar,Zomato,Lunch,COCO,MH,951.0,200.0,47.54,1111.0,0,2,18.001800180018,475.5,400-500,10%-20%
Frozen Bottle,2026-09-01,WK 36,Dahisar,Zomato,Snacks,COCO,MH,1809.05,1205.95,90.5,2925.0,0,6,41.229059829059835,301.5083333333333,300-400,40%-50%
Madno,2026-09-01,WK 36,Dahisar,Swiggy,Closing,COCO,MH,199.0,31.0,9.96,230.0,0,1,13.478260869565217,199.0,100-200,10%-20%
Madno,2026-09-01,WK 36,Dahisar,Swiggy,Dinner,COCO,MH,766.01,164.99,36.82,901.0,0,3,18.311875693673695,255.33666666666667,200-300,10%-20%
Madno,2026-09-01,WK 36,Dahisar,Zomato,Dinner,COCO,MH,705.0,200.0,35.26,855.0,0,1,23.391812865497073,705.0,600-900,20%-30%
Frozen Bottle,2026-09-01,WK 36,Dhanori,In Store,Dinner,FOFO,MH,626.0,0.0,31.299999999999997,626.0,0,2,0.0,313.0,300-400,0%
Frozen Bottle,2026-09-01,WK 36,Dhanori,In Store,Lunch,FOFO,MH,99.0,0.0,4.96,99.0,0,1,0.0,99.0,0-100,0%
Frozen Bottle,2026-09-01,WK 36,Dhanori,Swiggy,Dinner,FOFO,MH,1058.01,99.99,50.9,1118.0,0,2,8.943649373881932,529.005,500-600,1%-10%
Frozen Bottle,2026-09-01,WK 36,Dhanori,Swiggy,Snacks,FOFO,MH,379.01,39.99,17.96,399.0,0,1,10.022556390977444,379.01,300-400,10%-20%
Frozen Bottle,2026-09-01,WK 36,Dhanori,Zomato,Dinner,FOFO,MH,648.0,200.0,32.42,808.0,0,4,24.752475247524753,162.0,100-200,20%-30%
Frozen Bottle,2026-09-01,WK 36,Dhanori,Zomato,Lunch,FOFO,MH,758.3,59.7,37.92,788.0,0,2,7.576142131979696,379.15,300-400,1%-10%
Frozen Bottle,2026-09-01,WK 36,Dhanori,Zomato,Snacks,FOFO,MH,684.0,96.0,34.2,750.0,0,3,12.8,228.0,200-300,10%-20%
Frozen Bottle,2026-09-01,WK 36,Dharmapuri,In Store,Dinner,FOFO,TN,4094.41,0.0,204.82,4094.41,0,18,0.0,227.4672222222222,200-300,0%
Frozen Bottle,2026-09-01,WK 36,Dharmapuri,In Store,Lunch,FOFO,TN,6721.41,0.0,336.14,6721.41,0,16,0.0,420.088125,400-500,0%
Frozen Bottle,2026-09-01,WK 36,Dharmapuri,In Store,Snacks,FOFO,TN,3247.0,0.0,162.38,3247.0,0,9,0.0,360.77777777777777,300-400,0%
Frozen Bottle,2026-09-01,WK 36,Dharmapuri,Swiggy,Lunch,FOFO,TN,659.0,0.0,31.96,639.0,0,2,0.0,329.5,300-400,0%
Frozen Bottle,2026-09-01,WK 36,Dharmapuri,Swiggy,Snacks,FOFO,TN,500.0,0.0,24.020000000000003,480.0,0,2,0.0,250.0,200-300,0%
Frozen Bottle,2026-09-01,WK 36,Dindigul,In Store,Dinner,FOFO,TN,438.0,0.0,21.92,438.0,0,2,0.0,219.0,200-300,0%
Frozen Bottle,2026-09-01,WK 36,Dindigul,In Store,Lunch,FOFO,TN,497.0,0.0,24.86,497.0,0,1,0.0,497.0,400-500,0%
Frozen Bottle,2026-09-01,WK 36,Dindigul,In Store,Snacks,FOFO,TN,896.85,0.0,44.86,896.85,0,3,0.0,298.95,200-300,0%
Frozen Bottle,2026-09-01,WK 36,Dindigul,Swiggy,Dinner,FOFO,TN,1563.33,0.0,75.16,1503.33,0,2,0.0,781.665,600-900,0%
Frozen Bottle,2026-09-01,WK 36,Dindigul,Swiggy,Snacks,FOFO,TN,599.0,0.0,28.96,579.0,0,1,0.0,599.0,500-600,0%
Frozen Bottle,2026-09-01,WK 36,Dindigul,Zomato,Dinner,FOFO,TN,335.0,50.0,16.76,375.0,0,1,13.333333333333334,335.0,300-400,10%-20%
Frozen Bottle,2026-09-01,WK 36,Dindigul,Zomato,Lunch,FOFO,TN,727.5,199.5,36.38,897.0,0,2,22.240802675585282,363.75,300-400,20%-30%
Frozen Bottle,2026-09-01,WK 36,Dindigul,Zomato,Snacks,FOFO,TN,600.0,100.0,30.02,680.0,0,2,14.705882352941178,300.0,200-300,10%-20%
Frozen Bottle,2026-09-01,WK 36,Edappally,In Store,Dinner,FOFO,Kerela,595.0,0.0,29.76,595.0,0,3,0.0,198.33333333333334,100-200,0%
Frozen Bottle,2026-09-01,WK 36,Edappally,In Store,Late Night,FOFO,Kerela,198.0,0.0,9.9,198.0,0,1,0.0,198.0,100-200,0%
Frozen Bottle,2026-09-01,WK 36,Edappally,In Store,Lunch,FOFO,Kerela,298.0,0.0,14.920000000000002,298.0,0,2,0.0,149.0,100-200,0%
Frozen Bottle,2026-09-01,WK 36,Edappally,In Store,Snacks,FOFO,Kerela,1521.0,0.0,76.08,1521.0,0,5,0.0,304.2,300-400,0%
Frozen Bottle,2026-09-01,WK 36,Edappally,Swiggy,Dinner,FOFO,Kerela,1228.0,0.0,58.92,1178.0,0,3,0.0,409.3333333333333,400-500,0%
Frozen Bottle,2026-09-01,WK 36,Edappally,Swiggy,Late Night,FOFO,Kerela,440.0,0.0,21.5,430.0,0,1,0.0,440.0,400-500,0%
Frozen Bottle,2026-09-01,WK 36,Edappally,Swiggy,Lunch,FOFO,Kerela,268.0,111.0,13.420000000000002,379.0,0,2,29.287598944591032,134.0,100-200,20%-30%
Frozen Bottle,2026-09-01,WK 36,Edappally,Swiggy,Snacks,FOFO,Kerela,290.0,0.0,14.0,280.0,0,1,0.0,290.0,200-300,0%
Frozen Bottle,2026-09-01,WK 36,Edappally,Zomato,Dinner,FOFO,Kerela,400.0,0.0,20.0,380.0,0,2,0.0,200.0,100-200,0%
Frozen Bottle,2026-09-01,WK 36,Edappally,Zomato,Late Night,FOFO,Kerela,211.0,0.0,10.56,201.0,0,1,0.0,211.0,200-300,0%
Frozen Bottle,2026-09-01,WK 36,Edappally,Zomato,Snacks,FOFO,Kerela,579.0,0.0,28.96,559.0,0,2,0.0,289.5,200-300,0%
Boba Bar,2026-09-01,WK 36,Electronic city,Swiggy,Dinner,FOFO,KA,421.99,59.98,19.6,451.97,0,1,13.270792309224062,421.99,400-500,10%-20%
Boba Bar,2026-09-01,WK 36,Electronic city,Swiggy,Late Night,FOFO,KA,228.0,152.0,11.4,380.0,0,1,40.0,228.0,200-300,30%-40%
Boba Bar,2026-09-01,WK 36,Electronic city,Swiggy,Snacks,FOFO,KA,248.0,61.0,11.4,289.0,0,1,21.10726643598616,248.0,200-300,20%-30%
Boba Bar,2026-09-01,WK 36,Electronic city,Zomato,Dinner,FOFO,KA,169.0,0.0,8.46,159.0,0,1,0.0,169.0,100-200,0%
Frozen Bottle,2026-09-01,WK 36,Electronic city,In Store,Dinner,FOFO,KA,2336.65,0.0,116.86,2336.65,0,6,0.0,389.44166666666666,300-400,0%
Frozen Bottle,2026-09-01,WK 36,Electronic city,In Store,Late Night,FOFO,KA,2018.4099999999999,0.0,100.92,2018.4099999999999,0,5,0.0,403.68199999999996,400-500,0%
Frozen Bottle,2026-09-01,WK 36,Electronic city,In Store,Snacks,FOFO,KA,1191.0,0.0,59.56,1191.0,0,4,0.0,297.75,200-300,0%
Frozen Bottle,2026-09-01,WK 36,Electronic city,Others,Dinner,FOFO,KA,263.0,157.0,13.14,400.0,0,1,39.25,263.0,200-300,30%-40%
Frozen Bottle,2026-09-01,WK 36,Electronic city,Ownly,Late Night,FOFO,KA,139.0,0.0,6.96,139.0,0,1,0.0,139.0,100-200,0%
Frozen Bottle,2026-09-01,WK 36,Electronic city,Swiggy,Dinner,FOFO,KA,1631.25,267.75,77.56,1819.0,0,5,14.719626168224298,326.25,300-400,10%-20%
Frozen Bottle,2026-09-01,WK 36,Electronic city,Swiggy,Late Night,FOFO,KA,924.79,208.54000000000002,43.739999999999995,1083.33,0,4,19.24990538432426,231.1975,200-300,10%-20%
Frozen Bottle,2026-09-01,WK 36,Electronic city,Swiggy,Lunch,FOFO,KA,230.0,40.0,11.0,260.0,0,1,15.384615384615385,230.0,200-300,10%-20%
Frozen Bottle,2026-09-01,WK 36,Electronic city,Swiggy,Snacks,FOFO,KA,1226.76,174.24,58.84,1351.0,0,4,12.897113249444855,306.69,300-400,10%-20%
Frozen Bottle,2026-09-01,WK 36,Electronic city,Zomato,Breakfast,FOFO,KA,289.0,200.0,14.46,469.0,0,2,42.643923240938165,144.5,100-200,40%-50%
Frozen Bottle,2026-09-01,WK 36,Electronic city,Zomato,Dinner,FOFO,KA,3086.6,979.4,154.34,3916.0,0,10,25.01021450459653,308.65999999999997,300-400,20%-30%
Frozen Bottle,2026-09-01,WK 36,Electronic city,Zomato,Late Night,FOFO,KA,973.6,352.4,48.7,1276.0,0,5,27.617554858934167,194.72,100-200,20%-30%
Frozen Bottle,2026-09-01,WK 36,Electronic city,Zomato,Lunch,FOFO,KA,399.0,100.0,19.96,479.0,0,2,20.876826722338205,199.5,100-200,20%-30%
Frozen Bottle,2026-09-01,WK 36,Electronic city,Zomato,Snacks,FOFO,KA,644.0,85.0,32.22,699.0,0,2,12.160228898426324,322.0,300-400,10%-20%
Madno,2026-09-01,WK 36,Electronic city,Zomato,Late Night,FOFO,KA,200.0,0.0,10.0,190.0,0,1,0.0,200.0,100-200,0%
Boba Bar,2026-09-01,WK 36,Erode,Zomato,Dinner,COCO,TN,210.5,190.5,10.54,381.0,0,1,50.0,210.5,200-300,40%-50%
Frozen Bottle,2026-09-01,WK 36,Erode,In Store,Dinner,COCO,TN,2485.0,0.0,124.28,2485.0,0,5,0.0,497.0,400-500,0%
Frozen Bottle,2026-09-01,WK 36,Erode,In Store,Lunch,COCO,TN,993.0,0.0,49.68,993.0,0,4,0.0,248.25,200-300,0%
Frozen Bottle,2026-09-01,WK 36,Erode,Swiggy,Breakfast,COCO,TN,307.0,156.32999999999998,14.36,443.33,0,2,35.26267114790336,153.5,100-200,30%-40%
Frozen Bottle,2026-09-01,WK 36,Erode,Swiggy,Dinner,COCO,TN,2670.0,1552.0,125.58,4062.0,0,11,38.20777941900542,242.72727272727272,200-300,30%-40%
Frozen Bottle,2026-09-01,WK 36,Erode,Swiggy,Late Night,COCO,TN,447.01,354.99,20.36,762.0,0,2,46.58661417322835,223.505,200-300,40%-50%
Frozen Bottle,2026-09-01,WK 36,Erode,Swiggy,Lunch,COCO,TN,2857.01,276.32,137.9,3033.33,0,6,9.109460559846768,476.16833333333335,400-500,1%-10%
Frozen Bottle,2026-09-01,WK 36,Erode,Swiggy,Snacks,COCO,TN,876.01,436.99,40.82,1253.0,0,4,34.8754988028731,219.0025,200-300,30%-40%
Frozen Bottle,2026-09-01,WK 36,Erode,Zomato,Breakfast,COCO,TN,599.0,0.0,29.96,579.0,0,1,0.0,599.0,500-600,0%
Frozen Bottle,2026-09-01,WK 36,Erode,Zomato,Dinner,COCO,TN,4331.0,2039.0,216.56,6170.0,0,8,33.04700162074554,541.375,500-600,30%-40%
Frozen Bottle,2026-09-01,WK 36,Erode,Zomato,Late Night,COCO,TN,372.5,187.5,18.62,540.0,0,1,34.72222222222222,372.5,300-400,30%-40%
Frozen Bottle,2026-09-01,WK 36,Erode,Zomato,Lunch,COCO,TN,1171.5,808.5,58.58,1920.0,0,3,42.109375,390.5,300-400,40%-50%
Frozen Bottle,2026-09-01,WK 36,Erode,Zomato,Snacks,COCO,TN,891.0,550.0,44.56,1391.0,0,3,39.53989935298347,297.0,200-300,30%-40%
Madno,2026-09-01,WK 36,Erode,Swiggy,Breakfast,COCO,TN,203.2,36.8,9.66,230.0,0,1,15.999999999999998,203.2,200-300,10%-20%
Madno,2026-09-01,WK 36,Erode,Swiggy,Dinner,COCO,TN,973.0,685.85,46.16,1608.85,0,3,42.62982875967306,324.3333333333333,300-400,40%-50%
Madno,2026-09-01,WK 36,Erode,Swiggy,Lunch,COCO,TN,1243.01,1092.69,58.16,2255.7,0,3,48.441282085383705,414.33666666666664,400-500,40%-50%
Madno,2026-09-01,WK 36,Erode,Swiggy,Snacks,COCO,TN,270.0,60.0,13.0,320.0,0,1,18.75,270.0,200-300,10%-20%
Madno,2026-09-01,WK 36,Erode,Zomato,Dinner,COCO,TN,991.0,691.0,49.56,1612.0,0,4,42.86600496277916,247.75,200-300,40%-50%
Madno,2026-09-01,WK 36,Erode,Zomato,Lunch,COCO,TN,589.8,42.2,29.5,612.0,0,2,6.895424836601308,294.9,200-300,1%-10%
Boba Bar,2026-09-01,WK 36,Express Avenue Mall,Zomato,Lunch,COCO,TN,261.25,83.75,13.06,335.0,0,1,25.0,261.25,200-300,20%-30%
Frozen Bottle,2026-09-01,WK 36,Express Avenue Mall,In Store,Dinner,COCO,TN,1679.46,0.0,84.03999999999999,1679.46,0,9,0.0,186.60666666666668,100-200,0%
Frozen Bottle,2026-09-01,WK 36,Express Avenue Mall,In Store,Lunch,COCO,TN,2133.0,0.0,106.72,2133.0,0,10,0.0,213.3,200-300,0%
Frozen Bottle,2026-09-01,WK 36,Express Avenue Mall,In Store,Snacks,COCO,TN,2465.29,173.88,123.32000000000001,2639.17,0,13,6.588435000397852,189.6376923076923,100-200,1%-10%
Frozen Bottle,2026-09-01,WK 36,Express Avenue Mall,Swiggy,Dinner,COCO,TN,1580.0,1088.0,74.06,2568.0,0,6,42.36760124610592,263.3333333333333,200-300,40%-50%
Frozen Bottle,2026-09-01,WK 36,Express Avenue Mall,Swiggy,Late Night,COCO,TN,657.01,223.99,31.36,851.0,0,2,26.320799059929495,328.505,300-400,20%-30%
Frozen Bottle,2026-09-01,WK 36,Express Avenue Mall,Swiggy,Lunch,COCO,TN,610.0,569.0,28.0,1129.0,0,3,50.3985828166519,203.33333333333334,200-300,50%-60%
Frozen Bottle,2026-09-01,WK 36,Express Avenue Mall,Swiggy,Snacks,COCO,TN,2174.0,1119.0,103.24000000000001,3183.0,0,8,35.1555136663525,271.75,200-300,30%-40%
Frozen Bottle,2026-09-01,WK 36,Express Avenue Mall,Zomato,Dinner,COCO,TN,723.0,246.0,36.16,929.0,0,3,26.480086114101187,241.0,200-300,20%-30%
Frozen Bottle,2026-09-01,WK 36,Express Avenue Mall,Zomato,Late Night,COCO,TN,970.0,530.0,48.519999999999996,1450.0,0,3,36.55172413793103,323.3333333333333,300-400,30%-40%
Frozen Bottle,2026-09-01,WK 36,Express Avenue Mall,Zomato,Lunch,COCO,TN,855.0,595.0,42.78,1390.0,0,2,42.805755395683455,427.5,400-500,40%-50%
Frozen Bottle,2026-09-01,WK 36,Express Avenue Mall,Zomato,Snacks,COCO,TN,1407.5,762.5,70.4,2100.0,0,4,36.30952380952381,351.875,300-400,30%-40%
Madno,2026-09-01,WK 36,Express Avenue Mall,Swiggy,Late Night,COCO,TN,221.6,18.4,10.58,230.0,0,1,7.999999999999999,221.6,200-300,1%-10%
Madno,2026-09-01,WK 36,Express Avenue Mall,Swiggy,Snacks,COCO,TN,227.0,203.0,11.36,430.0,0,1,47.20930232558139,227.0,200-300,40%-50%
Madno,2026-09-01,WK 36,Express Avenue Mall,Zomato,Dinner,COCO,TN,720.0,50.0,36.0,740.0,0,2,6.756756756756757,360.0,300-400,1%-10%
Frozen Bottle,2026-09-01,WK 36,FC Road,In Store,Closing,FOFO,MH,383.23,0.0,19.16,383.23,0,1,0.0,383.23,300-400,0%
Frozen Bottle,2026-09-01,WK 36,FC Road,In Store,Dinner,FOFO,MH,2711.23,0.0,135.57999999999998,2711.23,0,7,0.0,387.31857142857143,300-400,0%
Frozen Bottle,2026-09-01,WK 36,FC Road,In Store,Late Night,FOFO,MH,418.0,0.0,20.9,418.0,0,1,0.0,418.0,400-500,0%
Frozen Bottle,2026-09-01,WK 36,FC Road,In Store,Lunch,FOFO,MH,686.0,0.0,34.32,686.0,0,3,0.0,228.66666666666666,200-300,0%
Frozen Bottle,2026-09-01,WK 36,FC Road,In Store,Snacks,FOFO,MH,734.0,0.0,36.7,734.0,0,3,0.0,244.66666666666666,200-300,0%
Frozen Bottle,2026-09-01,WK 36,FC Road,Swiggy,Closing,FOFO,MH,149.3,59.7,6.96,199.0,0,1,30.0,149.3,100-200,20%-30%
Frozen Bottle,2026-09-01,WK 36,FC Road,Swiggy,Snacks,FOFO,MH,515.01,74.99,24.76,570.0,0,1,13.156140350877193,515.01,500-600,10%-20%
Frozen Bottle,2026-09-01,WK 36,FC Road,Zomato,Dinner,FOFO,MH,1180.0,0.0,59.0,1140.0,0,2,0.0,590.0,500-600,0%
Frozen Bottle,2026-09-01,WK 36,FC Road,Zomato,Lunch,FOFO,MH,240.0,0.0,12.0,230.0,0,1,0.0,240.0,200-300,0%
Frozen Bottle,2026-09-01,WK 36,FC Road,Zomato,Snacks,FOFO,MH,919.0,0.0,45.98,889.0,0,1,0.0,919.0,>900,0%
Frozen Bottle,2026-09-01,WK 36,Flipkart,In Store,Breakfast,FOFO,KA,129.0,0.0,6.46,129.0,0,1,0.0,129.0,100-200,0%
Frozen Bottle,2026-09-01,WK 36,Flipkart,In Store,Dinner,FOFO,KA,69.0,0.0,3.46,69.0,0,1,0.0,69.0,0-100,0%
Frozen Bottle,2026-09-01,WK 36,Flipkart,In Store,Lunch,FOFO,KA,1079.0,0.0,54.02,1079.0,0,9,0.0,119.88888888888889,100-200,0%
Frozen Bottle,2026-09-01,WK 36,Flipkart,In Store,Snacks,FOFO,KA,902.0,0.0,45.14,902.0,0,5,0.0,180.4,100-200,0%
Boba Bar,2026-09-01,WK 36,Frazer Town,Zomato,Dinner,COCO,KA,164.0,66.0,8.2,220.0,0,1,30.0,164.0,100-200,20%-30%
Frozen Bottle,2026-09-01,WK 36,Frazer Town,In Store,Dinner,COCO,KA,506.0,0.0,25.299999999999997,506.0,0,2,0.0,253.0,200-300,0%
Frozen Bottle,2026-09-01,WK 36,Frazer Town,In Store,Late Night,COCO,KA,225.0,0.0,11.260000000000002,225.0,0,2,0.0,112.5,100-200,0%
Frozen Bottle,2026-09-01,WK 36,Frazer Town,In Store,Lunch,COCO,KA,612.5,206.73,30.62,819.23,0,2,25.23467158185125,306.25,300-400,20%-30%
Frozen Bottle,2026-09-01,WK 36,Frazer Town,In Store,Snacks,COCO,KA,646.0,0.0,32.3,646.0,0,2,0.0,323.0,300-400,0%
Frozen Bottle,2026-09-01,WK 36,Frazer Town,Swiggy,Dinner,COCO,KA,1383.0,906.0,66.72,2239.0,0,8,40.46449307726664,172.875,100-200,40%-50%
Frozen Bottle,2026-09-01,WK 36,Frazer Town,Swiggy,Late Night,COCO,KA,230.0,112.0,10.5,322.0,0,1,34.78260869565217,230.0,200-300,30%-40%
Frozen Bottle,2026-09-01,WK 36,Frazer Town,Swiggy,Lunch,COCO,KA,296.0,234.0,13.8,510.0,0,2,45.88235294117647,148.0,100-200,40%-50%
Frozen Bottle,2026-09-01,WK 36,Frazer Town,Swiggy,Snacks,COCO,KA,944.0,516.0,44.22,1400.0,0,4,36.857142857142854,236.0,200-300,30%-40%
Frozen Bottle,2026-09-01,WK 36,Frazer Town,Zomato,Dinner,COCO,KA,1571.5,1032.5,78.6,2504.0,0,7,41.23402555910543,224.5,200-300,40%-50%
Frozen Bottle,2026-09-01,WK 36,Frazer Town,Zomato,Late Night,COCO,KA,520.0,270.0,26.02,760.0,0,2,35.526315789473685,260.0,200-300,30%-40%
Frozen Bottle,2026-09-01,WK 36,Frazer Town,Zomato,Snacks,COCO,KA,581.0,150.0,29.060000000000002,711.0,0,2,21.09704641350211,290.5,200-300,20%-30%
Madno,2026-09-01,WK 36,Frazer Town,Ownly,Snacks,COCO,KA,152.0,0.0,7.6,152.0,0,1,0.0,152.0,100-200,0%
Madno,2026-09-01,WK 36,Frazer Town,Swiggy,Dinner,COCO,KA,159.0,72.0,7.96,231.0,0,1,31.16883116883117,159.0,100-200,30%-40%
Madno,2026-09-01,WK 36,Frazer Town,Swiggy,Snacks,COCO,KA,226.0,64.0,10.8,280.0,0,1,22.857142857142858,226.0,200-300,20%-30%
Madno,2026-09-01,WK 36,Frazer Town,Zomato,Dinner,COCO,KA,1005.5,545.5,50.28,1491.0,0,3,36.58618376928236,335.1666666666667,300-400,30%-40%
Madno,2026-09-01,WK 36,Frazer Town,Zomato,Late Night,COCO,KA,365.5,65.5,18.28,411.0,0,1,15.936739659367397,365.5,300-400,10%-20%
Frozen Bottle,2026-09-01,WK 36,GIP GOA,In Store,Dinner,FOFO,ROI,2669.0,0.0,133.5,2669.0,0,6,0.0,444.8333333333333,400-500,0%
Frozen Bottle,2026-09-01,WK 36,Gangadham,In Store,Dinner,FOFO,MH,2175.69,0.0,108.82,2175.69,0,6,0.0,362.615,300-400,0%
Frozen Bottle,2026-09-01,WK 36,Gangadham,In Store,Late Night,FOFO,MH,438.0,0.0,21.9,438.0,0,1,0.0,438.0,400-500,0%
Frozen Bottle,2026-09-01,WK 36,Gangadham,In Store,Snacks,FOFO,MH,129.0,0.0,6.46,129.0,0,1,0.0,129.0,100-200,0%
Frozen Bottle,2026-09-01,WK 36,Gangadham,Swiggy,Dinner,FOFO,MH,180.0,141.0,8.5,311.0,0,1,45.337620578778136,180.0,100-200,40%-50%
Frozen Bottle,2026-09-01,WK 36,Gangadham,Zomato,Closing,FOFO,MH,311.0,169.0,15.56,460.0,0,2,36.73913043478261,155.5,100-200,30%-40%
Frozen Bottle,2026-09-01,WK 36,Gangadham,Zomato,Dinner,FOFO,MH,799.0,300.0,39.96,1059.0,0,4,28.328611898016998,199.75,100-200,20%-30%
Frozen Bottle,2026-09-01,WK 36,Gangadham,Zomato,Late Night,FOFO,MH,865.0,225.0,43.28,1050.0,0,2,21.428571428571427,432.5,400-500,20%-30%
Frozen Bottle,2026-09-01,WK 36,Gangadham,Zomato,Lunch,FOFO,MH,779.0,100.0,38.980000000000004,849.0,0,2,11.778563015312132,389.5,300-400,10%-20%
Frozen Bottle,2026-09-01,WK 36,Gangadham,Zomato,Snacks,FOFO,MH,540.0,100.0,27.0,620.0,0,2,16.129032258064516,270.0,200-300,10%-20%
Madno,2026-09-01,WK 36,Gangadham,Swiggy,Lunch,FOFO,MH,238.0,162.0,10.9,380.0,0,1,42.63157894736842,238.0,200-300,40%-50%
Frozen Bottle,2026-09-01,WK 36,Ghaziabad-1,Swiggy,Dinner,FOFO,ROI,440.0,0.0,21.5,430.0,0,1,0.0,440.0,400-500,0%
Frozen Bottle,2026-09-01,WK 36,Ghaziabad-1,Zomato,Dinner,FOFO,ROI,801.4,259.6,40.08,1021.0,0,1,25.426052889324197,801.4,600-900,20%-30%
Frozen Bottle,2026-09-01,WK 36,Ghaziabad-1,Zomato,Snacks,FOFO,ROI,291.0,0.0,14.56,281.0,0,1,0.0,291.0,200-300,0%
Boba Bar,2026-09-01,WK 36,Guduvanchery,Zomato,Dinner,COCO,TN,300.0,260.0,15.0,540.0,0,1,48.148148148148145,300.0,200-300,40%-50%
Frozen Bottle,2026-09-01,WK 36,Guduvanchery,In Store,Dinner,COCO,TN,6626.97,286.26,331.48,6913.23,0,26,4.140756202238317,254.88346153846155,200-300,1%-10%
Frozen Bottle,2026-09-01,WK 36,Guduvanchery,In Store,Lunch,COCO,TN,928.87,143.13,46.46,1072.0,0,5,13.351679104477613,185.774,100-200,10%-20%
Frozen Bottle,2026-09-01,WK 36,Guduvanchery,In Store,Snacks,COCO,TN,3793.29,346.71000000000004,189.7,4140.0,0,16,8.37463768115942,237.080625,200-300,1%-10%
Frozen Bottle,2026-09-01,WK 36,Guduvanchery,Swiggy,Dinner,COCO,TN,2631.01,946.99,125.58,3458.0,0,8,27.38548293811452,328.87625,300-400,20%-30%
Frozen Bottle,2026-09-01,WK 36,Guduvanchery,Swiggy,Late Night,COCO,TN,219.0,112.0,10.46,321.0,0,1,34.890965732087224,219.0,200-300,30%-40%
Frozen Bottle,2026-09-01,WK 36,Guduvanchery,Swiggy,Lunch,COCO,TN,875.0,468.0,41.28,1293.0,0,5,36.19489559164733,175.0,100-200,30%-40%
Frozen Bottle,2026-09-01,WK 36,Guduvanchery,Swiggy,Snacks,COCO,TN,290.0,0.0,14.0,280.0,0,1,0.0,290.0,200-300,0%
Frozen Bottle,2026-09-01,WK 36,Guduvanchery,Zomato,Dinner,COCO,TN,648.2,439.8,32.42,1058.0,0,2,41.56899810964083,324.1,300-400,40%-50%
Frozen Bottle,2026-09-01,WK 36,Guduvanchery,Zomato,Snacks,COCO,TN,179.0,150.0,8.96,319.0,0,1,47.02194357366771,179.0,100-200,40%-50%
Madno,2026-09-01,WK 36,Guduvanchery,Swiggy,Snacks,COCO,TN,244.8,118.53,11.24,343.33,0,1,34.5236361518073,244.8,200-300,30%-40%
Madno,2026-09-01,WK 36,Guduvanchery,Zomato,Dinner,COCO,TN,150.0,80.0,7.5,220.0,0,1,36.36363636363637,150.0,100-200,30%-40%
Madno,2026-09-01,WK 36,Guduvanchery,Zomato,Lunch,COCO,TN,941.0,90.0,47.06,991.0,0,3,9.081735620585267,313.6666666666667,300-400,1%-10%
Madno,2026-09-01,WK 36,Guduvanchery,Zomato,Snacks,COCO,TN,181.0,80.0,9.06,251.0,0,1,31.872509960159363,181.0,100-200,30%-40%
Frozen Bottle,2026-09-01,WK 36,Gunjur,In Store,Dinner,COCO,KA,1556.66,0.0,77.88,1556.66,0,8,0.0,194.5825,100-200,0%
Frozen Bottle,2026-09-01,WK 36,Gunjur,In Store,Lunch,COCO,KA,546.05,0.0,27.32,546.05,0,3,0.0,182.01666666666665,100-200,0%
Frozen Bottle,2026-09-01,WK 36,Gunjur,In Store,Snacks,COCO,KA,914.54,0.0,45.739999999999995,914.54,0,4,0.0,228.635,200-300,0%
Frozen Bottle,2026-09-01,WK 36,Gunjur,Swiggy,Dinner,COCO,KA,2118.0,944.0,100.4,2952.0,0,7,31.978319783197833,302.57142857142856,300-400,30%-40%
Frozen Bottle,2026-09-01,WK 36,Gunjur,Swiggy,Lunch,COCO,KA,320.0,0.0,15.5,310.0,0,1,0.0,320.0,300-400,0%
Frozen Bottle,2026-09-01,WK 36,Gunjur,Swiggy,Snacks,COCO,KA,1188.02,812.98,55.92,1931.0,0,5,42.10150181253237,237.60399999999998,200-300,40%-50%
Frozen Bottle,2026-09-01,WK 36,Gunjur,Zomato,Dinner,COCO,KA,898.4000000000001,680.6,44.96,1529.0,0,4,44.512753433616744,224.60000000000002,200-300,40%-50%
Frozen Bottle,2026-09-01,WK 36,Gunjur,Zomato,Late Night,COCO,KA,554.74,256.27,27.74,781.01,0,1,32.81264004302121,554.74,500-600,30%-40%
Madno,2026-09-01,WK 36,Gunjur,Ownly,Lunch,COCO,KA,160.0,0.0,8.0,160.0,0,1,0.0,160.0,100-200,0%
Madno,2026-09-01,WK 36,Gunjur,Swiggy,Dinner,COCO,KA,160.0,70.0,8.0,230.0,0,1,30.434782608695656,160.0,100-200,30%-40%
Madno,2026-09-01,WK 36,Gunjur,Swiggy,Lunch,COCO,KA,295.2,24.8,14.26,310.0,0,1,8.0,295.2,200-300,1%-10%
Madno,2026-09-01,WK 36,Gunjur,Swiggy,Snacks,COCO,KA,136.0,176.0,5.8,292.0,0,1,60.273972602739725,136.0,100-200,60%-70%
Madno,2026-09-01,WK 36,Gunjur,Zomato,Dinner,COCO,KA,605.5,235.5,30.28,801.0,0,3,29.40074906367041,201.83333333333334,200-300,20%-30%
Madno,2026-09-01,WK 36,Gunjur,Zomato,Snacks,COCO,KA,361.0,200.0,18.06,541.0,0,1,36.96857670979667,361.0,300-400,30%-40%
Frozen Bottle,2026-09-01,WK 36,Guwahati,In Store,Dinner,FOFO,ROI,1441.0,0.0,72.08,1441.0,0,5,0.0,288.2,200-300,0%
Frozen Bottle,2026-09-01,WK 36,Guwahati,In Store,Snacks,FOFO,ROI,1798.0,0.0,89.94,1798.0,0,8,0.0,224.75,200-300,0%
Frozen Bottle,2026-09-01,WK 36,Guwahati,Swiggy,Dinner,FOFO,ROI,829.0,0.0,39.96,799.0,0,2,0.0,414.5,400-500,0%
Frozen Bottle,2026-09-01,WK 36,Gwalior,In Store,Dinner,FOFO,ROI,1700.7,39.3,85.1,1740.0,0,10,2.258620689655172,170.07,100-200,1%-10%
Frozen Bottle,2026-09-01,WK 36,Gwalior,In Store,Lunch,FOFO,ROI,1060.34,0.0,53.04,1060.34,0,7,0.0,151.47714285714284,100-200,0%
Frozen Bottle,2026-09-01,WK 36,Gwalior,In Store,Snacks,FOFO,ROI,3483.67,76.17,174.26,3559.84,0,17,2.139702907995865,204.92176470588237,200-300,1%-10%
Frozen Bottle,2026-09-01,WK 36,Gwalior,Zomato,Dinner,FOFO,ROI,660.0,340.0,33.0,960.0,0,2,35.41666666666667,330.0,300-400,30%-40%
Frozen Bottle,2026-09-01,WK 36,Gwalior,Zomato,Lunch,FOFO,ROI,589.9300000000001,70.07,29.5,630.0,0,2,11.12222222222222,294.96500000000003,200-300,10%-20%
Frozen Bottle,2026-09-01,WK 36,Gwalior,Zomato,Snacks,FOFO,ROI,240.0,0.0,12.0,230.0,0,1,0.0,240.0,200-300,0%
Boba Bar,2026-09-01,WK 36,HSR Layout,Others,Dinner,COCO,KA,42.5,97.5,2.12,130.0,0,1,75.0,42.5,0-100,70%-80%
Frozen Bottle,2026-09-01,WK 36,HSR Layout,In Store,Dinner,COCO,KA,2164.83,681.1700000000001,108.3,2846.0,0,13,23.934293745607874,166.5253846153846,100-200,20%-30%
Frozen Bottle,2026-09-01,WK 36,HSR Layout,In Store,Lunch,COCO,KA,630.7,360.35,31.54,991.05,0,5,36.360425811008525,126.14000000000001,100-200,30%-40%
Frozen Bottle,2026-09-01,WK 36,HSR Layout,In Store,Snacks,COCO,KA,1566.84,355.3,78.4,1922.1399999999999,0,10,18.484605699896992,156.684,100-200,10%-20%
Frozen Bottle,2026-09-01,WK 36,HSR Layout,Ownly,Dinner,COCO,KA,162.4,0.0,8.12,162.4,0,1,0.0,162.4,100-200,0%
Frozen Bottle,2026-09-01,WK 36,HSR Layout,Ownly,Lunch,COCO,KA,326.5,0.0,16.32,326.5,0,2,0.0,163.25,100-200,0%
Frozen Bottle,2026-09-01,WK 36,HSR Layout,Ownly,Snacks,COCO,KA,134.0,0.0,6.7,134.0,0,1,0.0,134.0,100-200,0%
Frozen Bottle,2026-09-01,WK 36,HSR Layout,Swiggy,Dinner,COCO,KA,4299.01,1784.99,204.5,5874.0,0,16,30.38798093292475,268.688125,200-300,30%-40%
Frozen Bottle,2026-09-01,WK 36,HSR Layout,Swiggy,Late Night,COCO,KA,4047.01,1598.32,191.44,5425.33,0,16,29.460327758864434,252.938125,200-300,20%-30%
Frozen Bottle,2026-09-01,WK 36,HSR Layout,Swiggy,Lunch,COCO,KA,679.01,220.99,32.46,870.0,0,2,25.401149425287358,339.505,300-400,20%-30%
Frozen Bottle,2026-09-01,WK 36,HSR Layout,Swiggy,Snacks,COCO,KA,1046.0,234.0,49.82,1230.0,0,3,19.024390243902438,348.6666666666667,300-400,10%-20%
Frozen Bottle,2026-09-01,WK 36,HSR Layout,Zomato,Breakfast,COCO,KA,452.0,328.0,22.6,760.0,0,2,43.15789473684211,226.0,200-300,40%-50%
Frozen Bottle,2026-09-01,WK 36,HSR Layout,Zomato,Dinner,COCO,KA,2599.0,1323.0,130.0,3782.0,0,11,34.98149127445796,236.27272727272728,200-300,30%-40%
Frozen Bottle,2026-09-01,WK 36,HSR Layout,Zomato,Late Night,COCO,KA,1249.26,764.0699999999999,62.5,1943.33,0,5,39.317563151909354,249.852,200-300,30%-40%
Frozen Bottle,2026-09-01,WK 36,HSR Layout,Zomato,Lunch,COCO,KA,1421.5,1048.5,71.1,2360.0,0,6,44.42796610169491,236.91666666666666,200-300,40%-50%
Frozen Bottle,2026-09-01,WK 36,HSR Layout,Zomato,Snacks,COCO,KA,2324.3,1202.7,116.26,3407.0,0,9,35.30085118872909,258.2555555555556,200-300,30%-40%
Madno,2026-09-01,WK 36,HSR Layout,Swiggy,Late Night,COCO,KA,258.0,200.0,11.9,438.0,0,1,45.662100456621005,258.0,200-300,40%-50%
Madno,2026-09-01,WK 36,HSR Layout,Swiggy,Snacks,COCO,KA,222.52,18.48,10.62,231.0,0,1,8.0,222.52,200-300,1%-10%
Madno,2026-09-01,WK 36,HSR Layout,Zomato,Dinner,COCO,KA,490.0,150.0,24.5,620.0,0,2,24.193548387096776,245.0,200-300,20%-30%
Madno,2026-09-01,WK 36,HSR Layout,Zomato,Late Night,COCO,KA,704.0,614.0,35.22,1228.0,0,2,50.0,352.0,300-400,40%-50%
Madno,2026-09-01,WK 36,HSR Layout,Zomato,Snacks,COCO,KA,901.0,271.0,45.06,1132.0,0,2,23.939929328621908,450.5,400-500,20%-30%
Frozen Bottle,2026-09-01,WK 36,Hadapsar,In Store,Dinner,FOFO,MH,994.0,0.0,49.760000000000005,994.0,0,6,0.0,165.66666666666666,100-200,0%
Frozen Bottle,2026-09-01,WK 36,Hadapsar,In Store,Snacks,FOFO,MH,881.0,0.0,44.06,881.0,0,3,0.0,293.6666666666667,200-300,0%
Frozen Bottle,2026-09-01,WK 36,Hadapsar,Swiggy,Breakfast,FOFO,MH,640.0,0.0,31.0,620.0,0,1,0.0,640.0,600-900,0%
Frozen Bottle,2026-09-01,WK 36,Hadapsar,Swiggy,Closing,FOFO,MH,440.0,0.0,21.5,430.0,0,1,0.0,440.0,400-500,0%
Frozen Bottle,2026-09-01,WK 36,Hadapsar,Swiggy,Dinner,FOFO,MH,1310.0,0.0,63.519999999999996,1270.0,0,3,0.0,436.6666666666667,400-500,0%
Frozen Bottle,2026-09-01,WK 36,Hadapsar,Zomato,Dinner,FOFO,MH,1731.0,451.0,86.58,2102.0,0,5,21.455756422454805,346.2,300-400,20%-30%
Frozen Bottle,2026-09-01,WK 36,Hadapsar,Zomato,Late Night,FOFO,MH,987.0,325.0,49.36,1272.0,0,2,25.550314465408807,493.5,400-500,20%-30%
Frozen Bottle,2026-09-01,WK 36,Hadapsar,Zomato,Lunch,FOFO,MH,542.0,258.0,27.1,770.0,0,2,33.506493506493506,271.0,200-300,30%-40%
Frozen Bottle,2026-09-01,WK 36,Hadapsar,Zomato,Snacks,FOFO,MH,460.0,310.0,23.0,740.0,0,2,41.891891891891895,230.0,200-300,40%-50%
Frozen Bottle,2026-09-01,WK 36,Hafizpet,In Store,Dinner,FOFO,AP & TL,1557.0,0.0,77.9,1557.0,0,7,0.0,222.42857142857142,200-300,0%
Frozen Bottle,2026-09-01,WK 36,Hafizpet,In Store,Late Night,FOFO,AP & TL,78.5,0.0,3.92,78.5,0,1,0.0,78.5,0-100,0%
Frozen Bottle,2026-09-01,WK 36,Hafizpet,In Store,Lunch,FOFO,AP & TL,830.5,0.0,41.56,830.5,0,6,0.0,138.41666666666666,100-200,0%
Frozen Bottle,2026-09-01,WK 36,Hafizpet,In Store,Snacks,FOFO,AP & TL,952.0,0.0,47.62,952.0,0,3,0.0,317.3333333333333,300-400,0%
Frozen Bottle,2026-09-01,WK 36,Hafizpet,Swiggy,Closing,FOFO,AP & TL,639.0,0.0,30.96,619.0,0,1,0.0,639.0,600-900,0%
Frozen Bottle,2026-09-01,WK 36,Hafizpet,Swiggy,Snacks,FOFO,AP & TL,618.0,289.0,29.4,877.0,0,1,32.953249714937286,618.0,600-900,30%-40%
Frozen Bottle,2026-09-01,WK 36,Hafizpet,Zomato,Dinner,FOFO,AP & TL,1292.0,258.0,64.6,1490.0,0,4,17.315436241610737,323.0,300-400,10%-20%
Frozen Bottle,2026-09-01,WK 36,Hafizpet,Zomato,Late Night,FOFO,AP & TL,373.0,75.0,18.64,428.0,0,1,17.523364485981308,373.0,300-400,10%-20%
Frozen Bottle,2026-09-01,WK 36,Hafizpet,Zomato,Lunch,FOFO,AP & TL,1537.2,91.8,76.86,1569.0,0,3,5.850860420650095,512.4,500-600,1%-10%
Frozen Bottle,2026-09-01,WK 36,Hafizpet,Zomato,Snacks,FOFO,AP & TL,990.0,270.0,49.5,1220.0,0,3,22.131147540983605,330.0,300-400,20%-30%
Madno,2026-09-01,WK 36,Hafizpet,Swiggy,Closing,FOFO,AP & TL,109.0,42.0,5.46,151.0,0,1,27.81456953642384,109.0,100-200,20%-30%
Madno,2026-09-01,WK 36,Hafizpet,Swiggy,Dinner,FOFO,AP & TL,230.0,0.0,11.0,220.0,0,1,0.0,230.0,200-300,0%
Madno,2026-09-01,WK 36,Hafizpet,Zomato,Closing,FOFO,AP & TL,181.0,19.0,9.06,190.0,0,1,10.0,181.0,100-200,1%-10%
Frozen Bottle,2026-09-01,WK 36,Hanumakonda,In Store,Dinner,FOFO,AP & TL,2637.5,0.0,131.92000000000002,2637.5,0,10,0.0,263.75,200-300,0%
Frozen Bottle,2026-09-01,WK 36,Hanumakonda,In Store,Lunch,FOFO,AP & TL,448.0,0.0,22.4,448.0,0,1,0.0,448.0,400-500,0%
Frozen Bottle,2026-09-01,WK 36,Hanumakonda,In Store,Snacks,FOFO,AP & TL,1123.0,0.0,56.16,1123.0,0,4,0.0,280.75,200-300,0%
Frozen Bottle,2026-09-01,WK 36,Hanumakonda,Swiggy,Snacks,FOFO,AP & TL,400.0,0.0,19.5,390.0,0,1,0.0,400.0,300-400,0%
Boba Bar,2026-09-01,WK 36,Harlur Road,Zomato,Dinner,COCO,KA,107.5,32.5,5.38,130.0,0,1,25.0,107.5,100-200,20%-30%
Frozen Bottle,2026-09-01,WK 36,Harlur Road,In Store,Dinner,COCO,KA,906.94,401.06,45.4,1308.0,0,11,30.662079510703364,82.44909090909091,0-100,30%-40%
Frozen Bottle,2026-09-01,WK 36,Harlur Road,In Store,Late Night,COCO,KA,256.42,199.58,12.84,456.0,0,4,43.76754385964913,64.105,0-100,40%-50%
Frozen Bottle,2026-09-01,WK 36,Harlur Road,In Store,Lunch,COCO,KA,280.87,143.13,14.06,424.0,0,5,33.75707547169811,56.174,0-100,30%-40%
Frozen Bottle,2026-09-01,WK 36,Harlur Road,In Store,Snacks,COCO,KA,545.25,30.75,27.28,576.0,0,3,5.338541666666666,181.75,100-200,1%-10%
Frozen Bottle,2026-09-01,WK 36,Harlur Road,Swiggy,Dinner,COCO,KA,1802.0,1188.0,85.1,2890.0,0,5,41.10726643598616,360.4,300-400,40%-50%
Frozen Bottle,2026-09-01,WK 36,Harlur Road,Swiggy,Late Night,COCO,KA,703.0,475.0,33.16,1138.0,0,4,41.73989455184534,175.75,100-200,40%-50%
Frozen Bottle,2026-09-01,WK 36,Harlur Road,Swiggy,Lunch,COCO,KA,247.01,111.99,11.36,339.0,0,1,33.03539823008849,247.01,200-300,30%-40%
Frozen Bottle,2026-09-01,WK 36,Harlur Road,Swiggy,Snacks,COCO,KA,1198.01,597.99,55.92,1716.0,0,4,34.8479020979021,299.5025,200-300,30%-40%
Frozen Bottle,2026-09-01,WK 36,Harlur Road,Zomato,Dinner,COCO,KA,739.3299999999999,527.3299999999999,36.96,1216.6599999999999,0,3,43.34242927358506,246.4433333333333,200-300,40%-50%
Frozen Bottle,2026-09-01,WK 36,Harlur Road,Zomato,Lunch,COCO,KA,636.0,225.0,31.82,831.0,0,3,27.075812274368232,212.0,200-300,20%-30%
Madno,2026-09-01,WK 36,Harlur Road,Swiggy,Late Night,COCO,KA,176.0,64.0,8.3,230.0,0,1,27.82608695652174,176.0,100-200,20%-30%
Madno,2026-09-01,WK 36,Harlur Road,Zomato,Late Night,COCO,KA,170.0,150.0,8.5,310.0,0,1,48.38709677419355,170.0,100-200,40%-50%
Frozen Bottle,2026-09-01,WK 36,Hinjewadi,In Store,Dinner,COCO,MH,2397.1,143.13,119.9,2540.23,0,9,5.634529156808635,266.34444444444443,200-300,1%-10%
Frozen Bottle,2026-09-01,WK 36,Hinjewadi,In Store,Lunch,COCO,MH,712.7,0.0,35.660000000000004,712.7,0,4,0.0,178.175,100-200,0%
Frozen Bottle,2026-09-01,WK 36,Hinjewadi,In Store,Snacks,COCO,MH,1918.0,0.0,95.94,1918.0,0,8,0.0,239.75,200-300,0%
Frozen Bottle,2026-09-01,WK 36,Hinjewadi,Others,Dinner,COCO,MH,160.3,257.7,8.0,398.0,0,1,64.74874371859296,160.3,100-200,60%-70%
Frozen Bottle,2026-09-01,WK 36,Hinjewadi,Swiggy,Closing,COCO,MH,97.56,111.44,4.38,199.0,0,1,55.99999999999999,97.56,0-100,50%-60%
Frozen Bottle,2026-09-01,WK 36,Hinjewadi,Swiggy,Dinner,COCO,MH,4403.57,2323.42,207.24,6466.99,0,16,35.92737888878752,275.223125,200-300,30%-40%
Frozen Bottle,2026-09-01,WK 36,Hinjewadi,Swiggy,Late Night,COCO,MH,897.12,718.88,42.4,1566.0,0,7,45.90549169859515,128.16,100-200,40%-50%
Frozen Bottle,2026-09-01,WK 36,Hinjewadi,Swiggy,Snacks,COCO,MH,139.0,101.0,6.46,230.0,0,1,43.913043478260875,139.0,100-200,40%-50%
Frozen Bottle,2026-09-01,WK 36,Hinjewadi,Zomato,Closing,COCO,MH,215.0,75.0,10.76,280.0,0,1,26.785714285714285,215.0,200-300,20%-30%
Frozen Bottle,2026-09-01,WK 36,Hinjewadi,Zomato,Dinner,COCO,MH,2247.92,1241.93,112.46000000000001,3369.85,0,9,36.854162648189096,249.7688888888889,200-300,30%-40%
Frozen Bottle,2026-09-01,WK 36,Hinjewadi,Zomato,Late Night,COCO,MH,1710.5,1117.5,85.54,2738.0,0,7,40.81446311176041,244.35714285714286,200-300,40%-50%
Frozen Bottle,2026-09-01,WK 36,Hinjewadi,Zomato,Lunch,COCO,MH,540.0,200.0,27.0,710.0,0,2,28.169014084507044,270.0,200-300,20%-30%
Frozen Bottle,2026-09-01,WK 36,Hinjewadi,Zomato,Snacks,COCO,MH,410.0,300.0,20.5,690.0,0,2,43.47826086956522,205.0,200-300,40%-50%
Madno,2026-09-01,WK 36,Hinjewadi,Swiggy,Breakfast,COCO,MH,558.0,146.0,25.9,664.0,0,1,21.987951807228914,558.0,500-600,20%-30%
Madno,2026-09-01,WK 36,Hinjewadi,Swiggy,Dinner,COCO,MH,60.0,63.33,2.5,113.33,0,1,55.88105532515662,60.0,0-100,50%-60%
Madno,2026-09-01,WK 36,Hinjewadi,Swiggy,Late Night,COCO,MH,256.0,64.0,12.3,310.0,0,1,20.64516129032258,256.0,200-300,20%-30%
Madno,2026-09-01,WK 36,Hinjewadi,Swiggy,Snacks,COCO,MH,220.0,40.0,10.5,250.0,0,1,16.0,220.0,200-300,10%-20%
Madno,2026-09-01,WK 36,Hinjewadi,Zomato,Dinner,COCO,MH,180.0,80.0,9.0,250.0,0,1,32.0,180.0,100-200,30%-40%
Madno,2026-09-01,WK 36,Hinjewadi,Zomato,Late Night,COCO,MH,746.0,295.0,37.3,1001.0,0,3,29.47052947052947,248.66666666666666,200-300,20%-30%
Madno,2026-09-01,WK 36,Hinjewadi,Zomato,Snacks,COCO,MH,151.0,131.0,7.56,262.0,0,1,50.0,151.0,100-200,40%-50%
Frozen Bottle,2026-09-01,WK 36,Hinjewadi Phase 3,In Store,Dinner,COCO,MH,2743.51,129.49,137.2,2873.0,0,10,4.5071353985381135,274.351,200-300,1%-10%
Frozen Bottle,2026-09-01,WK 36,Hinjewadi Phase 3,In Store,Lunch,COCO,MH,447.0,0.0,22.36,447.0,0,2,0.0,223.5,200-300,0%
Frozen Bottle,2026-09-01,WK 36,Hinjewadi Phase 3,In Store,Snacks,COCO,MH,449.81,69.04,22.5,518.85,0,4,13.30635058302014,112.4525,100-200,10%-20%
Frozen Bottle,2026-09-01,WK 36,Hinjewadi Phase 3,Swiggy,Dinner,COCO,MH,1712.56,993.44,80.66,2606.0,0,8,38.12125863392172,214.07,200-300,30%-40%
Frozen Bottle,2026-09-01,WK 36,Hinjewadi Phase 3,Swiggy,Late Night,COCO,MH,228.0,112.0,10.9,330.0,0,1,33.939393939393945,228.0,200-300,30%-40%
Frozen Bottle,2026-09-01,WK 36,Hinjewadi Phase 3,Swiggy,Lunch,COCO,MH,268.0,202.0,12.92,460.0,0,2,43.913043478260875,134.0,100-200,40%-50%
Frozen Bottle,2026-09-01,WK 36,Hinjewadi Phase 3,Swiggy,Snacks,COCO,MH,1235.12,720.88,58.300000000000004,1886.0,0,8,38.222693531283134,154.39,100-200,30%-40%
Frozen Bottle,2026-09-01,WK 36,Hinjewadi Phase 3,Zomato,Dinner,COCO,MH,1846.5,1082.5,92.36000000000001,2839.0,0,5,38.12962310672772,369.3,300-400,30%-40%
Frozen Bottle,2026-09-01,WK 36,Hinjewadi Phase 3,Zomato,Late Night,COCO,MH,500.0,0.0,25.02,480.0,0,1,0.0,500.0,400-500,0%
Frozen Bottle,2026-09-01,WK 36,Hinjewadi Phase 3,Zomato,Lunch,COCO,MH,180.0,150.0,9.0,320.0,0,1,46.875,180.0,100-200,40%-50%
Frozen Bottle,2026-09-01,WK 36,Hinjewadi Phase 3,Zomato,Snacks,COCO,MH,1061.5,267.5,53.08,1289.0,0,3,20.752521334367728,353.8333333333333,300-400,20%-30%
Madno,2026-09-01,WK 36,Hinjewadi Phase 3,Swiggy,Dinner,COCO,MH,487.0,231.0,23.36,698.0,0,2,33.0945558739255,243.5,200-300,30%-40%
Madno,2026-09-01,WK 36,Hinjewadi Phase 3,Swiggy,Late Night,COCO,MH,372.0,128.0,17.6,480.0,0,2,26.666666666666668,186.0,100-200,20%-30%
Madno,2026-09-01,WK 36,Hinjewadi Phase 3,Swiggy,Lunch,COCO,MH,119.0,102.0,5.46,211.0,0,1,48.34123222748815,119.0,100-200,40%-50%
Madno,2026-09-01,WK 36,Hinjewadi Phase 3,Zomato,Dinner,COCO,MH,930.0,200.0,46.5,1080.0,0,3,18.51851851851852,310.0,300-400,10%-20%
Madno,2026-09-01,WK 36,Hinjewadi Phase 3,Zomato,Lunch,COCO,MH,180.0,150.0,9.0,320.0,0,1,46.875,180.0,100-200,40%-50%
Frozen Bottle,2026-09-01,WK 36,Hosakote,In Store,Dinner,FOFO,KA,3420.0,0.0,171.04,3420.0,0,9,0.0,380.0,300-400,0%
Frozen Bottle,2026-09-01,WK 36,Hosakote,In Store,Lunch,FOFO,KA,956.0,0.0,47.8,956.0,0,2,0.0,478.0,400-500,0%
Frozen Bottle,2026-09-01,WK 36,Hosakote,In Store,Snacks,FOFO,KA,3270.23,0.0,163.56,3270.23,0,8,0.0,408.77875,400-500,0%
Frozen Bottle,2026-09-01,WK 36,Hosur,In Store,Dinner,FOFO,TN,971.0,0.0,48.56,971.0,0,4,0.0,242.75,200-300,0%
Frozen Bottle,2026-09-01,WK 36,Hosur,In Store,Lunch,FOFO,TN,693.05,0.0,34.66,693.05,0,1,0.0,693.05,600-900,0%
Frozen Bottle,2026-09-01,WK 36,Hosur,In Store,Snacks,FOFO,TN,605.0,0.0,30.259999999999998,605.0,0,3,0.0,201.66666666666666,200-300,0%
Frozen Bottle,2026-09-01,WK 36,Hosur,Swiggy,Dinner,FOFO,TN,330.24,47.76,15.52,358.0,0,2,13.340782122905026,165.12,100-200,10%-20%
Frozen Bottle,2026-09-01,WK 36,Hosur,Zomato,Dinner,FOFO,TN,666.0,200.0,33.34,826.0,0,3,24.213075060532688,222.0,200-300,20%-30%
Frozen Bottle,2026-09-01,WK 36,Hosur,Zomato,Lunch,FOFO,TN,573.5,204.5,28.68,748.0,0,2,27.339572192513366,286.75,200-300,20%-30%
Frozen Bottle,2026-09-01,WK 36,Hosur,Zomato,Snacks,FOFO,TN,1866.1,593.9,93.36,2350.0,0,7,25.272340425531915,266.5857142857143,200-300,20%-30%
Frozen Bottle,2026-09-01,WK 36,Hubballi,In Store,Dinner,FOFO,KA,1416.23,0.0,70.84,1416.23,0,4,0.0,354.0575,300-400,0%
Frozen Bottle,2026-09-01,WK 36,Hubballi,In Store,Snacks,FOFO,KA,780.23,258.0,39.02,1038.23,0,2,24.849985070745404,390.115,300-400,20%-30%
Frozen Bottle,2026-09-01,WK 36,Hubballi,Swiggy,Dinner,FOFO,KA,581.0,100.0,28.06,661.0,0,2,15.128593040847202,290.5,200-300,10%-20%
Frozen Bottle,2026-09-01,WK 36,Hubballi,Zomato,Dinner,FOFO,KA,517.0,300.0,25.86,777.0,0,3,38.61003861003861,172.33333333333334,100-200,30%-40%
Frozen Bottle,2026-09-01,WK 36,Hubballi,Zomato,Late Night,FOFO,KA,327.0,300.0,16.38,597.0,0,3,50.25125628140703,109.0,100-200,50%-60%
Frozen Bottle,2026-09-01,WK 36,Hubballi,Zomato,Lunch,FOFO,KA,570.0,150.0,28.5,700.0,0,1,21.428571428571427,570.0,500-600,20%-30%
Frozen Bottle,2026-09-01,WK 36,Hubballi,Zomato,Snacks,FOFO,KA,318.0,100.0,15.92,398.0,0,1,25.125628140703515,318.0,300-400,20%-30%
Frozen Bottle,2026-09-01,WK 36,ITPL,In Store,Dinner,COCO,KA,1789.16,277.87,89.52000000000001,2067.0299999999997,0,10,13.442959221685221,178.916,100-200,10%-20%
Frozen Bottle,2026-09-01,WK 36,ITPL,In Store,Lunch,COCO,KA,566.0,0.0,28.32,566.0,0,3,0.0,188.66666666666666,100-200,0%
Frozen Bottle,2026-09-01,WK 36,ITPL,In Store,Snacks,COCO,KA,471.83,212.17000000000002,23.6,684.0,0,4,31.019005847953217,117.9575,100-200,30%-40%
Frozen Bottle,2026-09-01,WK 36,ITPL,Swiggy,Dinner,COCO,KA,352.85,101.0,16.64,433.85,0,1,23.279935461565053,352.85,300-400,20%-30%
Frozen Bottle,2026-09-01,WK 36,ITPL,Swiggy,Lunch,COCO,KA,435.0,345.0,20.26,750.0,0,1,46.0,435.0,400-500,40%-50%
Frozen Bottle,2026-09-01,WK 36,ITPL,Zomato,Dinner,COCO,KA,319.8,239.2,16.0,539.0,0,2,44.37847866419295,159.9,100-200,40%-50%
Frozen Bottle,2026-09-01,WK 36,ITPL,Zomato,Lunch,COCO,KA,125.0,115.0,6.26,230.0,0,1,50.0,125.0,100-200,40%-50%
Frozen Bottle,2026-09-01,WK 36,ITPL,Zomato,Snacks,COCO,KA,361.0,69.0,18.060000000000002,410.0,0,2,16.82926829268293,180.5,100-200,10%-20%
Madno,2026-09-01,WK 36,ITPL,Swiggy,Dinner,COCO,KA,340.0,320.0,16.0,640.0,0,1,50.0,340.0,300-400,40%-50%
Madno,2026-09-01,WK 36,ITPL,Zomato,Dinner,COCO,KA,1137.5,485.5,56.9,1563.0,0,3,31.06206014075496,379.1666666666667,300-400,30%-40%
Madno,2026-09-01,WK 36,ITPL,Zomato,Snacks,COCO,KA,354.0,177.0,17.72,511.0,0,2,34.63796477495107,177.0,100-200,30%-40%
Frozen Bottle,2026-09-01,WK 36,Indiranagar - CK,Ownly,Lunch,COCO,KA,232.0,0.0,11.6,232.0,0,1,0.0,232.0,200-300,0%
Frozen Bottle,2026-09-01,WK 36,Indiranagar - CK,Swiggy,Dinner,COCO,KA,365.0,224.0,17.259999999999998,569.0,0,2,39.36731107205624,182.5,100-200,30%-40%
Frozen Bottle,2026-09-01,WK 36,Indiranagar - CK,Swiggy,Lunch,COCO,KA,176.0,213.0,8.8,389.0,0,2,54.75578406169666,88.0,0-100,50%-60%
Frozen Bottle,2026-09-01,WK 36,Indiranagar - CK,Swiggy,Snacks,COCO,KA,407.0,122.0,19.36,509.0,0,2,23.968565815324165,203.5,200-300,20%-30%
Madno,2026-09-01,WK 36,Indiranagar - CK,Ownly,Dinner,COCO,KA,132.0,0.0,6.6,132.0,0,1,0.0,132.0,100-200,0%
Madno,2026-09-01,WK 36,Indiranagar - CK,Swiggy,Dinner,COCO,KA,361.0,330.0,18.060000000000002,691.0,0,2,47.756874095513744,180.5,100-200,40%-50%
Madno,2026-09-01,WK 36,Indiranagar - CK,Swiggy,Lunch,COCO,KA,523.0,341.85,24.16,824.85,0,1,41.4438988907074,523.0,500-600,40%-50%
Madno,2026-09-01,WK 36,Indiranagar - CK,Zomato,Dinner,COCO,KA,907.0,275.0,45.38,1132.0,0,3,24.293286219081274,302.3333333333333,300-400,20%-30%
Madno,2026-09-01,WK 36,Indiranagar - CK,Zomato,Snacks,COCO,KA,305.5,95.5,15.280000000000001,381.0,0,2,25.065616797900265,152.75,100-200,20%-30%
Boba Bar,2026-09-01,WK 36,Iyyappanthangal - CK,Zomato,Late Night,COCO,TN,516.0,125.0,25.8,621.0,0,1,20.128824476650564,516.0,500-600,20%-30%
Frozen Bottle,2026-09-01,WK 36,Iyyappanthangal - CK,Swiggy,Dinner,COCO,TN,1590.12,1138.88,74.54,2629.0,0,10,43.31989349562571,159.012,100-200,40%-50%
Frozen Bottle,2026-09-01,WK 36,Iyyappanthangal - CK,Swiggy,Late Night,COCO,TN,195.56,223.44,8.780000000000001,399.0,0,2,55.99999999999999,97.78,0-100,50%-60%
Frozen Bottle,2026-09-01,WK 36,Iyyappanthangal - CK,Swiggy,Lunch,COCO,TN,118.0,122.0,5.4,230.0,0,1,53.04347826086957,118.0,100-200,50%-60%
Frozen Bottle,2026-09-01,WK 36,Iyyappanthangal - CK,Swiggy,Snacks,COCO,TN,2675.2,890.8,124.26,3376.0,0,4,26.386255924170616,668.8,600-900,20%-30%
Frozen Bottle,2026-09-01,WK 36,Iyyappanthangal - CK,Zomato,Dinner,COCO,TN,1256.0,788.0,62.81999999999999,1964.0,0,4,40.122199592668025,314.0,300-400,40%-50%
Frozen Bottle,2026-09-01,WK 36,Iyyappanthangal - CK,Zomato,Late Night,COCO,TN,1615.88,713.12,80.8,2259.0,0,4,31.567950420540065,403.97,400-500,30%-40%
Frozen Bottle,2026-09-01,WK 36,Iyyappanthangal - CK,Zomato,Lunch,COCO,TN,181.0,150.0,9.06,321.0,0,1,46.728971962616825,181.0,100-200,40%-50%
Frozen Bottle,2026-09-01,WK 36,Iyyappanthangal - CK,Zomato,Snacks,COCO,TN,1040.3,591.67,52.04,1571.97,0,3,37.63875900939585,346.76666666666665,300-400,30%-40%
Madno,2026-09-01,WK 36,Iyyappanthangal - CK,Swiggy,Dinner,COCO,TN,2024.6,461.4,95.76,2376.0,0,7,19.41919191919192,289.2285714285714,200-300,10%-20%
Madno,2026-09-01,WK 36,Iyyappanthangal - CK,Swiggy,Late Night,COCO,TN,705.0,502.33,32.28,1147.33,0,3,43.782521157818586,235.0,200-300,40%-50%
Madno,2026-09-01,WK 36,Iyyappanthangal - CK,Swiggy,Snacks,COCO,TN,307.0,203.0,14.36,490.0,0,2,41.42857142857143,153.5,100-200,40%-50%
Madno,2026-09-01,WK 36,Iyyappanthangal - CK,Zomato,Dinner,COCO,TN,502.0,471.0,25.119999999999997,943.0,0,2,49.94697773064687,251.0,200-300,40%-50%
Madno,2026-09-01,WK 36,Iyyappanthangal - CK,Zomato,Late Night,COCO,TN,181.0,161.0,9.06,322.0,0,1,50.0,181.0,100-200,40%-50%
Madno,2026-09-01,WK 36,Iyyappanthangal - CK,Zomato,Lunch,COCO,TN,442.0,178.0,22.1,600.0,0,2,29.666666666666668,221.0,200-300,20%-30%
Madno,2026-09-01,WK 36,Iyyappanthangal - CK,Zomato,Snacks,COCO,TN,282.85,150.0,14.16,412.85,0,1,36.332808526099065,282.85,200-300,30%-40%
Boba Bar,2026-09-01,WK 36,JP Nagar,Zomato,Dinner,COCO,KA,300.0,280.0,15.0,560.0,0,1,50.0,300.0,200-300,40%-50%
Frozen Bottle,2026-09-01,WK 36,JP Nagar,In Store,Dinner,COCO,KA,4132.22,1157.49,206.66,5289.71,0,30,21.881917912324116,137.74066666666667,100-200,20%-30%
Frozen Bottle,2026-09-01,WK 36,JP Nagar,In Store,Lunch,COCO,KA,493.83,365.40000000000003,24.680000000000003,859.23,0,7,42.526448098879236,70.54714285714286,0-100,40%-50%
Frozen Bottle,2026-09-01,WK 36,JP Nagar,In Store,Snacks,COCO,KA,1803.78,498.43000000000006,90.2,2302.21,0,12,21.650066675064398,150.315,100-200,20%-30%
Frozen Bottle,2026-09-01,WK 36,JP Nagar,Swiggy,Dinner,COCO,KA,3879.02,1639.98,184.48000000000002,5329.0,0,11,30.77462938637643,352.6381818181818,300-400,30%-40%
Frozen Bottle,2026-09-01,WK 36,JP Nagar,Swiggy,Late Night,COCO,KA,1176.0,548.0,57.3,1694.0,0,4,32.349468713105075,294.0,200-300,30%-40%
Frozen Bottle,2026-09-01,WK 36,JP Nagar,Swiggy,Lunch,COCO,KA,1280.0,819.0,60.5,2029.0,0,4,40.364711680630855,320.0,300-400,40%-50%
Frozen Bottle,2026-09-01,WK 36,JP Nagar,Swiggy,Snacks,COCO,KA,1139.0,482.0,54.98,1581.0,0,4,30.487033523086655,284.75,200-300,30%-40%
Frozen Bottle,2026-09-01,WK 36,JP Nagar,Zomato,Breakfast,COCO,KA,898.2,778.8,44.94,1607.0,0,4,48.46297448662103,224.55,200-300,40%-50%
Frozen Bottle,2026-09-01,WK 36,JP Nagar,Zomato,Dinner,COCO,KA,1101.1,705.9,55.08,1747.0,0,4,40.40641099026903,275.275,200-300,40%-50%
Frozen Bottle,2026-09-01,WK 36,JP Nagar,Zomato,Late Night,COCO,KA,1671.0,839.0,83.58,2430.0,0,7,34.52674897119341,238.71428571428572,200-300,30%-40%
Frozen Bottle,2026-09-01,WK 36,JP Nagar,Zomato,Lunch,COCO,KA,536.0,423.0,26.82,929.0,0,2,45.532831001076424,268.0,200-300,40%-50%
Frozen Bottle,2026-09-01,WK 36,JP Nagar,Zomato,Snacks,COCO,KA,315.0,115.0,15.76,410.0,0,2,28.04878048780488,157.5,100-200,20%-30%
Madno,2026-09-01,WK 36,JP Nagar,Ownly,Dinner,COCO,KA,145.0,0.0,7.26,145.0,0,1,0.0,145.0,100-200,0%
Madno,2026-09-01,WK 36,JP Nagar,Swiggy,Dinner,COCO,KA,799.0,170.0,38.46,939.0,0,3,18.10436634717785,266.3333333333333,200-300,10%-20%
Madno,2026-09-01,WK 36,JP Nagar,Swiggy,Late Night,COCO,KA,529.0,204.0,25.96,723.0,0,2,28.21576763485477,264.5,200-300,20%-30%
Madno,2026-09-01,WK 36,JP Nagar,Swiggy,Snacks,COCO,KA,1017.0,64.0,48.86,1041.0,0,2,6.147934678194044,508.5,500-600,1%-10%
Madno,2026-09-01,WK 36,JP Nagar,Zomato,Dinner,COCO,KA,330.0,0.0,16.5,320.0,0,1,0.0,330.0,300-400,0%
Madno,2026-09-01,WK 36,JP Nagar,Zomato,Late Night,COCO,KA,180.0,150.0,9.0,320.0,0,1,46.875,180.0,100-200,40%-50%
Madno,2026-09-01,WK 36,JP Nagar,Zomato,Lunch,COCO,KA,726.0,223.01,36.32,909.01,0,2,24.533283462228137,363.0,300-400,20%-30%
Madno,2026-09-01,WK 36,JP Nagar,Zomato,Snacks,COCO,KA,200.0,0.0,10.0,190.0,0,1,0.0,200.0,100-200,0%
Frozen Bottle,2026-09-01,WK 36,Jalna,Swiggy,Snacks,FOFO,MH,419.0,0.0,20.46,409.0,0,1,0.0,419.0,400-500,0%
Frozen Bottle,2026-09-01,WK 36,Jamshedpur,In Store,Dinner,FOFO,ROI,625.0,0.0,31.259999999999998,625.0,0,2,0.0,312.5,300-400,0%
Frozen Bottle,2026-09-01,WK 36,Jamshedpur,In Store,Lunch,FOFO,ROI,238.0,0.0,11.920000000000002,238.0,0,2,0.0,119.0,100-200,0%
Frozen Bottle,2026-09-01,WK 36,Jamshedpur,In Store,Snacks,FOFO,ROI,297.0,0.0,14.86,297.0,0,1,0.0,297.0,200-300,0%
Frozen Bottle,2026-09-01,WK 36,Jamshedpur,Swiggy,Dinner,FOFO,ROI,320.0,0.0,15.5,310.0,0,1,0.0,320.0,300-400,0%
Frozen Bottle,2026-09-01,WK 36,Jamshedpur,Zomato,Breakfast,FOFO,ROI,223.0,75.0,11.16,288.0,0,1,26.041666666666668,223.0,200-300,20%-30%
Frozen Bottle,2026-09-01,WK 36,Jamshedpur,Zomato,Dinner,FOFO,ROI,1541.9,263.1,77.1,1735.0,0,5,15.164265129682999,308.38,300-400,10%-20%
Frozen Bottle,2026-09-01,WK 36,Jamshedpur,Zomato,Lunch,FOFO,ROI,683.3,146.7,34.16,800.0,0,2,18.3375,341.65,300-400,10%-20%
Frozen Bottle,2026-09-01,WK 36,Jamshedpur,Zomato,Snacks,FOFO,ROI,254.0,75.0,12.7,319.0,0,1,23.510971786833856,254.0,200-300,20%-30%
Madno,2026-09-01,WK 36,Jamshedpur,Swiggy,Dinner,FOFO,ROI,200.0,0.0,9.5,190.0,0,1,0.0,200.0,100-200,0%
Madno,2026-09-01,WK 36,Jamshedpur,Zomato,Lunch,FOFO,ROI,143.0,57.0,7.16,190.0,0,1,30.0,143.0,100-200,20%-30%
Frozen Bottle,2026-09-01,WK 36,Jim Corbett,In Store,Dinner,FOFO,ROI,427.0,0.0,21.36,427.0,0,2,0.0,213.5,200-300,0%
Frozen Bottle,2026-09-01,WK 36,Jim Corbett,In Store,Snacks,FOFO,ROI,367.0,0.0,18.36,367.0,0,2,0.0,183.5,100-200,0%
Frozen Bottle,2026-09-01,WK 36,Jim Corbett,Swiggy,Dinner,FOFO,ROI,280.0,0.0,13.5,270.0,0,1,0.0,280.0,200-300,0%
Frozen Bottle,2026-09-01,WK 36,Jim Corbett,Zomato,Snacks,FOFO,ROI,467.0,160.0,23.380000000000003,597.0,0,2,26.800670016750416,233.5,200-300,20%-30%
Frozen Bottle,2026-09-01,WK 36,Jubilee Hills,In Store,Closing,FOFO,AP & TL,209.0,0.0,10.46,209.0,0,1,0.0,209.0,200-300,0%
Frozen Bottle,2026-09-01,WK 36,Jubilee Hills,In Store,Dinner,FOFO,AP & TL,1453.23,0.0,72.7,1453.23,0,7,0.0,207.6042857142857,200-300,0%
Frozen Bottle,2026-09-01,WK 36,Jubilee Hills,In Store,Late Night,FOFO,AP & TL,616.0,0.0,30.799999999999997,616.0,0,2,0.0,308.0,300-400,0%
Frozen Bottle,2026-09-01,WK 36,Jubilee Hills,In Store,Lunch,FOFO,AP & TL,364.0,0.0,18.22,364.0,0,4,0.0,91.0,0-100,0%
Frozen Bottle,2026-09-01,WK 36,Jubilee Hills,In Store,Snacks,FOFO,AP & TL,1278.0,129.0,63.96,1407.0,0,7,9.168443496801707,182.57142857142858,100-200,1%-10%
Frozen Bottle,2026-09-01,WK 36,Jubilee Hills,Swiggy,Dinner,FOFO,AP & TL,264.15,44.85,12.7,299.0,0,1,15.0,264.15,200-300,10%-20%
Frozen Bottle,2026-09-01,WK 36,Jubilee Hills,Swiggy,Late Night,FOFO,AP & TL,285.0,45.0,13.76,320.0,0,1,14.0625,285.0,200-300,10%-20%
Frozen Bottle,2026-09-01,WK 36,Jubilee Hills,Swiggy,Lunch,FOFO,AP & TL,420.0,100.0,20.0,500.0,0,1,20.0,420.0,400-500,10%-20%
Frozen Bottle,2026-09-01,WK 36,Jubilee Hills,Swiggy,Snacks,FOFO,AP & TL,248.0,42.0,11.9,280.0,0,1,15.0,248.0,200-300,10%-20%
Frozen Bottle,2026-09-01,WK 36,Jubilee Hills,Zomato,Closing,FOFO,AP & TL,149.3,59.7,7.46,199.0,0,1,30.0,149.3,100-200,20%-30%
Frozen Bottle,2026-09-01,WK 36,Jubilee Hills,Zomato,Dinner,FOFO,AP & TL,245.0,75.0,12.26,310.0,0,1,24.193548387096776,245.0,200-300,20%-30%
Frozen Bottle,2026-09-01,WK 36,Jubilee Hills,Zomato,Late Night,FOFO,AP & TL,179.0,0.0,8.96,169.0,0,1,0.0,179.0,100-200,0%
Frozen Bottle,2026-09-01,WK 36,Jubilee Hills,Zomato,Snacks,FOFO,AP & TL,157.7,63.3,7.88,211.0,0,1,30.0,157.7,100-200,20%-30%
Frozen Bottle,2026-09-01,WK 36,Kadubisanahalli - CF CK,Ownly,Dinner,COCO,KA,134.0,0.0,6.7,134.0,0,1,0.0,134.0,100-200,0%
Frozen Bottle,2026-09-01,WK 36,Kadubisanahalli - CF CK,Swiggy,Dinner,COCO,KA,1346.0,1098.33,63.84,2374.33,0,7,46.258523457143696,192.28571428571428,100-200,40%-50%
Frozen Bottle,2026-09-01,WK 36,Kadubisanahalli - CF CK,Swiggy,Lunch,COCO,KA,1444.02,525.98,68.7,1900.0,0,2,27.683157894736844,722.01,600-900,20%-30%
Frozen Bottle,2026-09-01,WK 36,Kadubisanahalli - CF CK,Swiggy,Snacks,COCO,KA,823.0,640.0,38.18,1403.0,0,4,45.616535994297934,205.75,200-300,40%-50%
Frozen Bottle,2026-09-01,WK 36,Kadubisanahalli - CF CK,Zomato,Dinner,COCO,KA,1072.0,828.0,53.62,1830.0,0,4,45.24590163934426,268.0,200-300,40%-50%
Frozen Bottle,2026-09-01,WK 36,Kadubisanahalli - CF CK,Zomato,Late Night,COCO,KA,159.0,150.0,7.96,299.0,0,1,50.16722408026756,159.0,100-200,50%-60%
Frozen Bottle,2026-09-01,WK 36,Kadubisanahalli - CF CK,Zomato,Snacks,COCO,KA,380.0,150.0,19.0,510.0,0,2,29.411764705882355,190.0,100-200,20%-30%
Madno,2026-09-01,WK 36,Kadubisanahalli - CF CK,Swiggy,Dinner,COCO,KA,332.2,136.8,15.620000000000001,449.0,0,2,30.46770601336303,166.1,100-200,30%-40%
Madno,2026-09-01,WK 36,Kadubisanahalli - CF CK,Zomato,Dinner,COCO,KA,210.0,80.0,10.5,280.0,0,1,28.57142857142857,210.0,200-300,20%-30%
Madno,2026-09-01,WK 36,Kadubisanahalli - CF CK,Zomato,Late Night,COCO,KA,1066.0,936.0,53.3,1872.0,0,2,50.0,533.0,500-600,40%-50%
Boba Bar,2026-09-01,WK 36,Kakkanad,Swiggy,Breakfast,COCO,Kerela,364.0,151.0,17.2,495.0,0,1,30.50505050505051,364.0,300-400,30%-40%
Boba Bar,2026-09-01,WK 36,Kakkanad,Swiggy,Dinner,COCO,Kerela,335.0,155.0,15.760000000000002,470.0,0,2,32.97872340425532,167.5,100-200,30%-40%
Boba Bar,2026-09-01,WK 36,Kakkanad,Swiggy,Snacks,COCO,Kerela,800.0,728.0,37.519999999999996,1478.0,0,4,49.25575101488498,200.0,100-200,40%-50%
Frozen Bottle,2026-09-01,WK 36,Kakkanad,In Store,Dinner,COCO,Kerela,1152.0,0.0,57.62,1152.0,0,2,0.0,576.0,500-600,0%
Frozen Bottle,2026-09-01,WK 36,Kakkanad,In Store,Late Night,COCO,Kerela,148.0,0.0,7.4,148.0,0,1,0.0,148.0,100-200,0%
Frozen Bottle,2026-09-01,WK 36,Kakkanad,In Store,Lunch,COCO,Kerela,198.0,0.0,9.92,198.0,0,2,0.0,99.0,0-100,0%
Frozen Bottle,2026-09-01,WK 36,Kakkanad,In Store,Snacks,COCO,Kerela,1522.0,0.0,76.10000000000001,1522.0,0,3,0.0,507.3333333333333,500-600,0%
Frozen Bottle,2026-09-01,WK 36,Kakkanad,Swiggy,Breakfast,COCO,Kerela,118.0,122.0,5.4,230.0,0,1,53.04347826086957,118.0,100-200,50%-60%
Frozen Bottle,2026-09-01,WK 36,Kakkanad,Swiggy,Dinner,COCO,Kerela,4360.02,2178.98,206.08,6299.0,0,15,34.592474996031115,290.668,200-300,30%-40%
Frozen Bottle,2026-09-01,WK 36,Kakkanad,Swiggy,Late Night,COCO,Kerela,1725.0,932.0,81.78,2567.0,0,7,36.306973120373975,246.42857142857142,200-300,30%-40%
Frozen Bottle,2026-09-01,WK 36,Kakkanad,Swiggy,Lunch,COCO,Kerela,948.56,559.44,44.44,1448.0,0,6,38.63535911602211,158.09333333333333,100-200,30%-40%
Frozen Bottle,2026-09-01,WK 36,Kakkanad,Swiggy,Snacks,COCO,Kerela,689.0,507.0,32.980000000000004,1166.0,0,4,43.4819897084048,172.25,100-200,40%-50%
Frozen Bottle,2026-09-01,WK 36,Kakkanad,Zomato,Dinner,COCO,Kerela,3050.2200000000003,2301.7799999999997,152.57999999999998,5172.0,0,13,44.50464037122969,234.6323076923077,200-300,40%-50%
Frozen Bottle,2026-09-01,WK 36,Kakkanad,Zomato,Late Night,COCO,Kerela,220.5,200.5,11.04,401.0,0,1,50.0,220.5,200-300,40%-50%
Frozen Bottle,2026-09-01,WK 36,Kakkanad,Zomato,Lunch,COCO,Kerela,198.1,220.9,9.9,409.0,0,1,54.00977995110024,198.1,100-200,50%-60%
Frozen Bottle,2026-09-01,WK 36,Kakkanad,Zomato,Snacks,COCO,Kerela,459.3,336.7,22.98,766.0,0,2,43.95561357702349,229.65,200-300,40%-50%
Madno,2026-09-01,WK 36,Kakkanad,Swiggy,Dinner,COCO,Kerela,1147.0,462.0,54.36,1549.0,0,4,29.825693996126535,286.75,200-300,20%-30%
Madno,2026-09-01,WK 36,Kakkanad,Swiggy,Lunch,COCO,Kerela,129.0,62.0,6.46,191.0,0,1,32.460732984293195,129.0,100-200,30%-40%
Madno,2026-09-01,WK 36,Kakkanad,Swiggy,Snacks,COCO,Kerela,540.0,60.0,25.5,570.0,0,2,10.526315789473683,270.0,200-300,10%-20%
Madno,2026-09-01,WK 36,Kakkanad,Zomato,Dinner,COCO,Kerela,871.0,440.0,43.56,1261.0,0,3,34.89294210943695,290.3333333333333,200-300,30%-40%
Madno,2026-09-01,WK 36,Kakkanad,Zomato,Lunch,COCO,Kerela,335.5,165.5,16.78,481.0,0,1,34.407484407484404,335.5,300-400,30%-40%
Madno,2026-09-01,WK 36,Kakkanad,Zomato,Snacks,COCO,Kerela,235.9,25.1,11.8,251.0,0,1,10.0,235.9,200-300,1%-10%
Frozen Bottle,2026-09-01,WK 36,Kakkanad-2,In Store,Dinner,FOFO,Kerela,1859.0,0.0,92.97999999999999,1859.0,0,6,0.0,309.8333333333333,300-400,0%
Frozen Bottle,2026-09-01,WK 36,Kakkanad-2,In Store,Lunch,FOFO,Kerela,288.0,0.0,14.4,288.0,0,1,0.0,288.0,200-300,0%
Frozen Bottle,2026-09-01,WK 36,Kakkanad-2,In Store,Snacks,FOFO,Kerela,169.0,0.0,8.46,169.0,0,1,0.0,169.0,100-200,0%
Frozen Bottle,2026-09-01,WK 36,Kakkanad-2,Swiggy,Dinner,FOFO,Kerela,398.0,41.0,19.4,429.0,0,2,9.557109557109557,199.0,100-200,1%-10%
Frozen Bottle,2026-09-01,WK 36,Kakkanad-2,Swiggy,Lunch,FOFO,Kerela,290.0,0.0,14.0,280.0,0,1,0.0,290.0,200-300,0%
Frozen Bottle,2026-09-01,WK 36,Kakkanad-2,Swiggy,Snacks,FOFO,Kerela,600.0,0.0,29.0,580.0,0,1,0.0,600.0,500-600,0%
Frozen Bottle,2026-09-01,WK 36,Kakkanad-2,Zomato,Dinner,FOFO,Kerela,1180.0,0.0,59.019999999999996,1140.0,0,3,0.0,393.3333333333333,300-400,0%
Frozen Bottle,2026-09-01,WK 36,Kakkanad-2,Zomato,Lunch,FOFO,Kerela,299.0,0.0,14.96,289.0,0,1,0.0,299.0,200-300,0%
Frozen Bottle,2026-09-01,WK 36,Kakkanad-2,Zomato,Snacks,FOFO,Kerela,300.0,0.0,15.0,290.0,0,1,0.0,300.0,200-300,0%
Frozen Bottle,2026-09-01,WK 36,Kalyan,In Store,Dinner,COCO,MH,2122.92,1180.97,106.16,3303.89,0,10,35.744834119780016,212.292,200-300,30%-40%
Frozen Bottle,2026-09-01,WK 36,Kalyan,In Store,Lunch,COCO,MH,1044.0,0.0,52.22,1044.0,0,4,0.0,261.0,200-300,0%
Frozen Bottle,2026-09-01,WK 36,Kalyan,In Store,Snacks,COCO,MH,822.1400000000001,349.86,41.120000000000005,1172.0,0,3,29.851535836177472,274.0466666666667,200-300,20%-30%
Frozen Bottle,2026-09-01,WK 36,Kalyan,Swiggy,Dinner,COCO,MH,2173.24,903.76,102.7,2957.0,0,11,30.563408860331414,197.5672727272727,100-200,30%-40%
Frozen Bottle,2026-09-01,WK 36,Kalyan,Swiggy,Late Night,COCO,MH,397.0,224.0,18.86,601.0,0,2,37.2712146422629,198.5,100-200,30%-40%
Frozen Bottle,2026-09-01,WK 36,Kalyan,Swiggy,Lunch,COCO,MH,650.56,528.44,30.54,1139.0,0,5,46.39508340649694,130.112,100-200,40%-50%
Frozen Bottle,2026-09-01,WK 36,Kalyan,Swiggy,Snacks,COCO,MH,1186.56,740.44,55.36,1847.0,0,6,40.08879263670818,197.76,100-200,40%-50%
Frozen Bottle,2026-09-01,WK 36,Kalyan,Zomato,Dinner,COCO,MH,2688.8,1525.2,134.5,4064.0,0,9,37.52952755905512,298.7555555555556,200-300,30%-40%
Frozen Bottle,2026-09-01,WK 36,Kalyan,Zomato,Late Night,COCO,MH,745.5,687.5,37.32,1373.0,0,5,50.07283321194465,149.1,100-200,50%-60%
Frozen Bottle,2026-09-01,WK 36,Kalyan,Zomato,Lunch,COCO,MH,714.0,200.0,35.72,884.0,0,3,22.624434389140273,238.0,200-300,20%-30%
Frozen Bottle,2026-09-01,WK 36,Kalyan,Zomato,Snacks,COCO,MH,362.65999999999997,240.67,18.16,573.3299999999999,0,2,41.97756963703277,181.32999999999998,100-200,40%-50%
Madno,2026-09-01,WK 36,Kalyan,Others,Snacks,COCO,MH,88.6,112.4,4.42,191.0,0,1,58.84816753926702,88.6,0-100,50%-60%
Boba Bar,2026-09-01,WK 36,Kammanhalli,Swiggy,Late Night,COCO,KA,293.0,176.0,13.64,449.0,0,1,39.198218262806236,293.0,200-300,30%-40%
Boba Bar,2026-09-01,WK 36,Kammanhalli,Zomato,Snacks,COCO,KA,1174.0,281.0,58.7,1405.0,0,1,20.0,1174.0,>900,10%-20%
Frozen Bottle,2026-09-01,WK 36,Kammanhalli,In Store,Dinner,COCO,KA,4651.7,1051.87,232.64000000000001,5703.57,0,23,18.44230893983943,202.2478260869565,200-300,10%-20%
Frozen Bottle,2026-09-01,WK 36,Kammanhalli,In Store,Late Night,COCO,KA,318.06,0.0,15.9,318.06,0,1,0.0,318.06,300-400,0%
Frozen Bottle,2026-09-01,WK 36,Kammanhalli,In Store,Lunch,COCO,KA,1089.83,212.17000000000002,54.519999999999996,1302.0,0,5,16.295698924731184,217.96599999999998,200-300,10%-20%
Frozen Bottle,2026-09-01,WK 36,Kammanhalli,In Store,Snacks,COCO,KA,1847.59,978.64,92.38000000000001,2826.23,0,10,34.62704733868085,184.759,100-200,30%-40%
Frozen Bottle,2026-09-01,WK 36,Kammanhalli,Ownly,Late Night,COCO,KA,269.0,0.0,13.46,269.0,0,1,0.0,269.0,200-300,0%
Frozen Bottle,2026-09-01,WK 36,Kammanhalli,Ownly,Lunch,COCO,KA,773.0,0.0,38.66,773.0,0,2,0.0,386.5,300-400,0%
Frozen Bottle,2026-09-01,WK 36,Kammanhalli,Swiggy,Dinner,COCO,KA,2632.02,1592.98,123.14,4055.0,0,10,39.284340320591866,263.202,200-300,30%-40%
Frozen Bottle,2026-09-01,WK 36,Kammanhalli,Swiggy,Late Night,COCO,KA,2609.0,1030.0,126.0,3549.0,0,10,29.022259791490562,260.9,200-300,20%-30%
Frozen Bottle,2026-09-01,WK 36,Kammanhalli,Swiggy,Lunch,COCO,KA,800.0,441.0,38.52,1211.0,0,3,36.41618497109826,266.6666666666667,200-300,30%-40%
Frozen Bottle,2026-09-01,WK 36,Kammanhalli,Swiggy,Snacks,COCO,KA,2398.0,1429.99,112.96,3687.99,0,8,38.77423745725992,299.75,200-300,30%-40%
Frozen Bottle,2026-09-01,WK 36,Kammanhalli,Zomato,Breakfast,COCO,KA,181.0,0.0,9.06,171.0,0,1,0.0,181.0,100-200,0%
Frozen Bottle,2026-09-01,WK 36,Kammanhalli,Zomato,Dinner,COCO,KA,3315.3199999999997,1521.7,165.88,4697.0,0,9,32.397274856291254,368.3688888888889,300-400,30%-40%
Frozen Bottle,2026-09-01,WK 36,Kammanhalli,Zomato,Late Night,COCO,KA,1039.9,791.1,52.0,1771.0,0,3,44.66967814793902,346.6333333333334,300-400,40%-50%
Frozen Bottle,2026-09-01,WK 36,Kammanhalli,Zomato,Lunch,COCO,KA,276.0,125.0,13.82,381.0,0,1,32.808398950131235,276.0,200-300,30%-40%
Frozen Bottle,2026-09-01,WK 36,Kammanhalli,Zomato,Snacks,COCO,KA,1095.0,833.0,54.8,1868.0,0,5,44.593147751606,219.0,200-300,40%-50%
Madno,2026-09-01,WK 36,Kammanhalli,Ownly,Dinner,COCO,KA,464.0,0.0,23.2,464.0,0,2,0.0,232.0,200-300,0%
Madno,2026-09-01,WK 36,Kammanhalli,Ownly,Snacks,COCO,KA,129.0,0.0,6.46,129.0,0,1,0.0,129.0,100-200,0%
Madno,2026-09-01,WK 36,Kammanhalli,Swiggy,Dinner,COCO,KA,558.8,151.2,26.44,680.0,0,3,22.235294117647054,186.26666666666665,100-200,20%-30%
Madno,2026-09-01,WK 36,Kammanhalli,Swiggy,Late Night,COCO,KA,820.0,271.0,39.5,1061.0,0,4,25.541941564561732,205.0,200-300,20%-30%
Madno,2026-09-01,WK 36,Kammanhalli,Swiggy,Lunch,COCO,KA,290.0,40.0,14.0,320.0,0,1,12.5,290.0,200-300,10%-20%
Madno,2026-09-01,WK 36,Kammanhalli,Swiggy,Snacks,COCO,KA,160.0,70.0,8.0,230.0,0,1,30.434782608695656,160.0,100-200,30%-40%
Madno,2026-09-01,WK 36,Kammanhalli,Zomato,Late Night,COCO,KA,341.0,271.0,17.06,592.0,0,1,45.77702702702703,341.0,300-400,40%-50%
Boba Bar,2026-09-01,WK 36,Kamothe,Swiggy,Dinner,COCO,MH,109.0,92.0,4.96,191.0,0,1,48.167539267015705,109.0,100-200,40%-50%
Frozen Bottle,2026-09-01,WK 36,Kamothe,Swiggy,Snacks,COCO,MH,549.0,112.0,26.46,641.0,0,1,17.472698907956318,549.0,500-600,10%-20%
Frozen Bottle,2026-09-01,WK 36,Kamothe,Zomato,Lunch,COCO,MH,230.0,50.0,11.5,270.0,0,1,18.51851851851852,230.0,200-300,10%-20%
Frozen Bottle,2026-09-01,WK 36,Kamothe,Zomato,Snacks,COCO,MH,140.0,100.0,7.0,230.0,0,1,43.47826086956522,140.0,100-200,40%-50%
Madno,2026-09-01,WK 36,Kamothe,Swiggy,Snacks,COCO,MH,198.0,184.0,9.9,382.0,0,1,48.167539267015705,198.0,100-200,40%-50%
Madno,2026-09-01,WK 36,Kamothe,Zomato,Lunch,COCO,MH,305.0,95.0,15.26,380.0,0,2,25.0,152.5,100-200,20%-30%
Boba Bar,2026-09-01,WK 36,Kanakapura,Swiggy,Lunch,COCO,KA,138.0,132.0,6.4,260.0,0,1,50.76923076923077,138.0,100-200,50%-60%
Frozen Bottle,2026-09-01,WK 36,Kanakapura,In Store,Dinner,COCO,KA,2125.79,143.13,106.30000000000001,2268.92,0,11,6.308287643460324,193.25363636363636,100-200,1%-10%
Frozen Bottle,2026-09-01,WK 36,Kanakapura,In Store,Late Night,COCO,KA,644.0799999999999,0.0,32.2,644.0799999999999,0,2,0.0,322.03999999999996,300-400,0%
Frozen Bottle,2026-09-01,WK 36,Kanakapura,In Store,Lunch,COCO,KA,1444.98,372.02,72.25999999999999,1817.0,0,3,20.474408365437533,481.66,400-500,20%-30%
Frozen Bottle,2026-09-01,WK 36,Kanakapura,In Store,Snacks,COCO,KA,1831.0,0.0,91.58,1831.0,0,3,0.0,610.3333333333334,600-900,0%
Frozen Bottle,2026-09-01,WK 36,Kanakapura,Swiggy,Dinner,COCO,KA,1331.86,638.99,62.6,1890.85,0,6,33.79379644075416,221.97666666666666,200-300,30%-40%
Frozen Bottle,2026-09-01,WK 36,Kanakapura,Swiggy,Late Night,COCO,KA,559.0,40.0,26.96,579.0,0,2,6.90846286701209,279.5,200-300,1%-10%
Frozen Bottle,2026-09-01,WK 36,Kanakapura,Swiggy,Lunch,COCO,KA,1006.0,612.0,47.82,1568.0,0,5,39.03061224489796,201.2,200-300,30%-40%
Frozen Bottle,2026-09-01,WK 36,Kanakapura,Swiggy,Snacks,COCO,KA,1476.02,302.98,70.82,1719.0,0,4,17.625363583478766,369.005,300-400,10%-20%
Frozen Bottle,2026-09-01,WK 36,Kanakapura,Zomato,Dinner,COCO,KA,2840.06,1186.27,142.06,3896.33,0,10,30.445829793677643,284.006,200-300,30%-40%
Frozen Bottle,2026-09-01,WK 36,Kanakapura,Zomato,Late Night,COCO,KA,1331.0,776.98,66.56,2027.98,0,5,38.31300111440941,266.2,200-300,30%-40%
Frozen Bottle,2026-09-01,WK 36,Kanakapura,Zomato,Lunch,COCO,KA,5203.5,4675.5,260.22,9769.0,0,6,47.86057938376497,867.25,600-900,40%-50%
Frozen Bottle,2026-09-01,WK 36,Kanakapura,Zomato,Snacks,COCO,KA,206.0,75.0,10.3,271.0,0,1,27.67527675276753,206.0,200-300,20%-30%
Madno,2026-09-01,WK 36,Kanakapura,Swiggy,Dinner,COCO,KA,1077.0,515.99,51.36,1542.99,0,4,33.44091666180597,269.25,200-300,30%-40%
Madno,2026-09-01,WK 36,Kanakapura,Swiggy,Snacks,COCO,KA,340.0,320.0,16.0,640.0,0,1,50.0,340.0,300-400,40%-50%
Madno,2026-09-01,WK 36,Kanakapura,Zomato,Dinner,COCO,KA,494.33,351.0,24.72,815.33,0,2,43.05005335263022,247.165,200-300,40%-50%
Madno,2026-09-01,WK 36,Kanakapura,Zomato,Late Night,COCO,KA,331.0,150.0,16.56,461.0,0,2,32.53796095444685,165.5,100-200,30%-40%
Madno,2026-09-01,WK 36,Kanakapura,Zomato,Lunch,COCO,KA,371.0,351.0,18.56,702.0,0,1,50.0,371.0,300-400,40%-50%
Frozen Bottle,2026-09-01,WK 36,Kancheepuram,In Store,Dinner,FOFO,TN,2857.08,0.0,142.92000000000002,2857.08,0,10,0.0,285.70799999999997,200-300,0%
Frozen Bottle,2026-09-01,WK 36,Kancheepuram,In Store,Lunch,FOFO,TN,1214.46,0.0,60.74,1214.46,0,3,0.0,404.82,400-500,0%
Frozen Bottle,2026-09-01,WK 36,Kancheepuram,In Store,Snacks,FOFO,TN,1546.23,0.0,77.34,1546.23,0,7,0.0,220.89000000000001,200-300,0%
Frozen Bottle,2026-09-01,WK 36,Kancheepuram,Zomato,Dinner,FOFO,TN,549.0,0.0,27.46,529.0,0,1,0.0,549.0,500-600,0%
Frozen Bottle,2026-09-01,WK 36,Kancheepuram,Zomato,Snacks,FOFO,TN,290.0,0.0,14.5,280.0,0,1,0.0,290.0,200-300,0%
Frozen Bottle,2026-09-01,WK 36,Kanuru,In Store,Breakfast,FOFO,AP & TL,316.0,0.0,15.8,316.0,0,1,0.0,316.0,300-400,0%
Frozen Bottle,2026-09-01,WK 36,Kanuru,In Store,Lunch,FOFO,AP & TL,287.0,0.0,14.36,287.0,0,2,0.0,143.5,100-200,0%
Frozen Bottle,2026-09-01,WK 36,Kanuru,In Store,Snacks,FOFO,AP & TL,932.0,0.0,46.620000000000005,932.0,0,5,0.0,186.4,100-200,0%
Frozen Bottle,2026-09-01,WK 36,Kanuru,Swiggy,Dinner,FOFO,AP & TL,1560.0,0.0,76.02,1520.0,0,4,0.0,390.0,300-400,0%
Frozen Bottle,2026-09-01,WK 36,Kanuru,Zomato,Snacks,FOFO,AP & TL,240.0,0.0,12.0,230.0,0,1,0.0,240.0,200-300,0%
Madno,2026-09-01,WK 36,Kanuru,Swiggy,Dinner,FOFO,AP & TL,320.0,52.0,15.0,352.0,0,1,14.772727272727273,320.0,300-400,10%-20%
Madno,2026-09-01,WK 36,Kanuru,Swiggy,Lunch,FOFO,AP & TL,441.0,52.0,20.560000000000002,463.0,0,2,11.23110151187905,220.5,200-300,10%-20%
Madno,2026-09-01,WK 36,Kanuru,Zomato,Dinner,FOFO,AP & TL,300.0,0.0,15.0,290.0,0,1,0.0,300.0,200-300,0%
Madno,2026-09-01,WK 36,Kanuru,Zomato,Lunch,FOFO,AP & TL,350.0,0.0,17.5,340.0,0,1,0.0,350.0,300-400,0%
Frozen Bottle,2026-09-01,WK 36,Karaikal,In Store,Dinner,FOFO,TN,1755.0,0.0,87.8,1755.0,0,7,0.0,250.71428571428572,200-300,0%
Frozen Bottle,2026-09-01,WK 36,Karaikal,In Store,Lunch,FOFO,TN,178.0,0.0,8.9,178.0,0,1,0.0,178.0,100-200,0%
Frozen Bottle,2026-09-01,WK 36,Karaikal,In Store,Snacks,FOFO,TN,2610.23,0.0,130.51999999999998,2610.23,0,6,0.0,435.03833333333336,400-500,0%
Frozen Bottle,2026-09-01,WK 36,Karaikal,Swiggy,Lunch,FOFO,TN,1341.0,0.0,64.56,1291.0,0,2,0.0,670.5,600-900,0%
Frozen Bottle,2026-09-01,WK 36,Karaikal,Swiggy,Snacks,FOFO,TN,859.0,0.0,41.46,829.0,0,1,0.0,859.0,600-900,0%
Frozen Bottle,2026-09-01,WK 36,Karaikal,Zomato,Snacks,FOFO,TN,907.0,0.0,45.38,867.0,0,2,0.0,453.5,400-500,0%
Frozen Bottle,2026-09-01,WK 36,Karur,In Store,Dinner,FOFO,TN,1819.0,0.0,90.97999999999999,1819.0,0,5,0.0,363.8,300-400,0%
Frozen Bottle,2026-09-01,WK 36,Karur,In Store,Lunch,FOFO,TN,4443.0,0.0,222.2,4443.0,0,11,0.0,403.90909090909093,400-500,0%
Frozen Bottle,2026-09-01,WK 36,Karur,In Store,Snacks,FOFO,TN,1291.08,0.0,64.56,1291.08,0,5,0.0,258.216,200-300,0%
Frozen Bottle,2026-09-01,WK 36,Karur,Swiggy,Dinner,FOFO,TN,790.0,0.0,38.519999999999996,770.0,0,2,0.0,395.0,300-400,0%
Frozen Bottle,2026-09-01,WK 36,Karur,Swiggy,Snacks,FOFO,TN,379.0,0.0,18.46,369.0,0,1,0.0,379.0,300-400,0%
Frozen Bottle,2026-09-01,WK 36,Kazhakkoottam,In Store,Dinner,FOFO,Kerela,1175.0,0.0,58.76,1175.0,0,3,0.0,391.6666666666667,300-400,0%
Frozen Bottle,2026-09-01,WK 36,Kazhakkoottam,In Store,Late Night,FOFO,Kerela,1474.0,0.0,73.68,1474.0,0,2,0.0,737.0,600-900,0%
Frozen Bottle,2026-09-01,WK 36,Kazhakkoottam,In Store,Lunch,FOFO,Kerela,963.0,0.0,48.18,963.0,0,3,0.0,321.0,300-400,0%
Frozen Bottle,2026-09-01,WK 36,Kazhakkoottam,In Store,Snacks,FOFO,Kerela,855.0,0.0,42.76,855.0,0,3,0.0,285.0,200-300,0%
Frozen Bottle,2026-09-01,WK 36,Kazhakkoottam,Swiggy,Dinner,FOFO,Kerela,279.0,1.0,13.96,280.0,0,1,0.35714285714285715,279.0,200-300,1%-10%
Frozen Bottle,2026-09-01,WK 36,Kazhakkoottam,Zomato,Dinner,FOFO,Kerela,976.0,235.0,48.8,1171.0,0,3,20.068317677198973,325.3333333333333,300-400,20%-30%
Frozen Bottle,2026-09-01,WK 36,Kazhakkoottam,Zomato,Late Night,FOFO,Kerela,741.0,200.0,37.04,911.0,0,1,21.953896816684964,741.0,600-900,20%-30%
Frozen Bottle,2026-09-01,WK 36,Kazhakkoottam,Zomato,Lunch,FOFO,Kerela,211.0,80.0,10.56,281.0,0,1,28.46975088967972,211.0,200-300,20%-30%
Frozen Bottle,2026-09-01,WK 36,Kempfort,In Store,Dinner,COCO,KA,1761.68,600.32,88.12,2362.0,0,15,25.41574936494496,117.44533333333334,100-200,20%-30%
Frozen Bottle,2026-09-01,WK 36,Kempfort,In Store,Snacks,COCO,KA,3052.1,0.0,152.62,3052.1,0,4,0.0,763.025,600-900,0%
Frozen Bottle,2026-09-01,WK 36,Kempfort,Ownly,Late Night,COCO,KA,262.0,0.0,13.1,262.0,0,1,0.0,262.0,200-300,0%
Frozen Bottle,2026-09-01,WK 36,Kempfort,Ownly,Lunch,COCO,KA,404.0,0.0,20.2,404.0,0,1,0.0,404.0,400-500,0%
Frozen Bottle,2026-09-01,WK 36,Kempfort,Swiggy,Breakfast,COCO,KA,176.0,203.0,7.8,359.0,0,1,56.54596100278552,176.0,100-200,50%-60%
Frozen Bottle,2026-09-01,WK 36,Kempfort,Swiggy,Dinner,COCO,KA,2152.01,1017.99,102.62,3070.0,0,8,33.15928338762215,269.00125,200-300,30%-40%
Frozen Bottle,2026-09-01,WK 36,Kempfort,Swiggy,Late Night,COCO,KA,1211.0,559.0,58.06,1720.0,0,5,32.5,242.2,200-300,30%-40%
Frozen Bottle,2026-09-01,WK 36,Kempfort,Swiggy,Lunch,COCO,KA,287.0,194.0,13.36,461.0,0,2,42.0824295010846,143.5,100-200,40%-50%
Frozen Bottle,2026-09-01,WK 36,Kempfort,Swiggy,Snacks,COCO,KA,196.0,213.0,8.8,389.0,0,1,54.75578406169666,196.0,100-200,50%-60%
Frozen Bottle,2026-09-01,WK 36,Kempfort,Zomato,Dinner,COCO,KA,1656.5,1056.5,82.86,2623.0,0,7,40.27830728173847,236.64285714285714,200-300,40%-50%
Frozen Bottle,2026-09-01,WK 36,Kempfort,Zomato,Late Night,COCO,KA,1594.0,595.0,79.74,2089.0,0,7,28.48252752513164,227.71428571428572,200-300,20%-30%
Frozen Bottle,2026-09-01,WK 36,Kempfort,Zomato,Lunch,COCO,KA,356.0,305.0,17.82,641.0,0,2,47.581903276131044,178.0,100-200,40%-50%
Frozen Bottle,2026-09-01,WK 36,Kempfort,Zomato,Snacks,COCO,KA,1066.0,464.0,53.32,1470.0,0,5,31.564625850340132,213.2,200-300,30%-40%
Madno,2026-09-01,WK 36,Kempfort,Ownly,Dinner,COCO,KA,118.0,0.0,5.9,118.0,0,1,0.0,118.0,100-200,0%
Madno,2026-09-01,WK 36,Kempfort,Ownly,Snacks,COCO,KA,118.0,0.0,5.9,118.0,0,1,0.0,118.0,100-200,0%
Madno,2026-09-01,WK 36,Kempfort,Swiggy,Dinner,COCO,KA,1770.01,817.69,84.02,2497.7,0,5,32.73771870120512,354.002,300-400,30%-40%
Madno,2026-09-01,WK 36,Kempfort,Swiggy,Late Night,COCO,KA,764.01,173.17000000000002,37.22,917.1800000000001,0,4,18.88069953553283,191.0025,100-200,10%-20%
Madno,2026-09-01,WK 36,Kempfort,Swiggy,Lunch,COCO,KA,176.0,64.0,8.3,230.0,0,1,27.82608695652174,176.0,100-200,20%-30%
Madno,2026-09-01,WK 36,Kempfort,Zomato,Dinner,COCO,KA,489.0,31.0,24.46,500.0,0,2,6.2,244.5,200-300,1%-10%
Madno,2026-09-01,WK 36,Kempfort,Zomato,Late Night,COCO,KA,536.5,246.5,26.84,743.0,0,2,33.17631224764469,268.25,200-300,30%-40%
Frozen Bottle,2026-09-01,WK 36,Kengeri,In Store,Dinner,FOFO,KA,1038.0,298.0,51.940000000000005,1336.0,0,6,22.305389221556887,173.0,100-200,20%-30%
Frozen Bottle,2026-09-01,WK 36,Kengeri,In Store,Snacks,FOFO,KA,717.0,0.0,35.86,717.0,0,2,0.0,358.5,300-400,0%
Frozen Bottle,2026-09-01,WK 36,Kengeri,Swiggy,Dinner,FOFO,KA,184.8,55.2,8.74,230.0,0,1,24.000000000000004,184.8,100-200,20%-30%
Frozen Bottle,2026-09-01,WK 36,Kengeri,Swiggy,Late Night,FOFO,KA,251.0,40.0,12.06,281.0,0,1,14.23487544483986,251.0,200-300,10%-20%
Frozen Bottle,2026-09-01,WK 36,Kengeri,Swiggy,Snacks,FOFO,KA,279.0,1.0,13.96,280.0,0,1,0.35714285714285715,279.0,200-300,1%-10%
Frozen Bottle,2026-09-01,WK 36,Kengeri,Zomato,Dinner,FOFO,KA,1259.0,223.0,62.96,1432.0,0,4,15.572625698324021,314.75,300-400,10%-20%
Frozen Bottle,2026-09-01,WK 36,Kengeri,Zomato,Late Night,FOFO,KA,831.0,250.0,41.56,1051.0,0,3,23.78686964795433,277.0,200-300,20%-30%
Frozen Bottle,2026-09-01,WK 36,Kengeri,Zomato,Lunch,FOFO,KA,330.0,0.0,16.5,320.0,0,1,0.0,330.0,300-400,0%
Frozen Bottle,2026-09-01,WK 36,Kengeri,Zomato,Snacks,FOFO,KA,729.0,120.0,36.46,819.0,0,2,14.652014652014653,364.5,300-400,10%-20%
Boba Bar,2026-09-01,WK 36,Khar,Swiggy,Snacks,COCO,MH,194.8,35.2,9.24,220.0,0,1,16.0,194.8,100-200,10%-20%
Frozen Bottle,2026-09-01,WK 36,Khar,Swiggy,Dinner,COCO,MH,1186.0,903.0,55.34,2009.0,0,7,44.94773519163763,169.42857142857142,100-200,40%-50%
Frozen Bottle,2026-09-01,WK 36,Khar,Swiggy,Late Night,COCO,MH,828.01,231.99,39.9,1030.0,0,2,22.523300970873787,414.005,400-500,20%-30%
Frozen Bottle,2026-09-01,WK 36,Khar,Swiggy,Lunch,COCO,MH,562.0,426.0,26.119999999999997,948.0,0,3,44.936708860759495,187.33333333333334,100-200,40%-50%
Frozen Bottle,2026-09-01,WK 36,Khar,Swiggy,Snacks,COCO,MH,1610.0,1279.0,74.52,2769.0,0,7,46.18996027446732,230.0,200-300,40%-50%
Frozen Bottle,2026-09-01,WK 36,Khar,Zomato,Dinner,COCO,MH,2042.5,983.5,102.16,2926.0,0,7,33.61244019138756,291.7857142857143,200-300,30%-40%
Frozen Bottle,2026-09-01,WK 36,Khar,Zomato,Late Night,COCO,MH,1679.18,428.33,83.96000000000001,2017.51,0,6,21.23062587050374,279.86333333333334,200-300,20%-30%
Frozen Bottle,2026-09-01,WK 36,Khar,Zomato,Lunch,COCO,MH,583.8,307.2,29.2,861.0,0,3,35.6794425087108,194.6,100-200,30%-40%
Frozen Bottle,2026-09-01,WK 36,Khar,Zomato,Snacks,COCO,MH,2747.7,1344.3,137.42000000000002,3972.0,0,9,33.84441087613293,305.29999999999995,300-400,30%-40%
Madno,2026-09-01,WK 36,Khar,Swiggy,Dinner,COCO,MH,247.0,203.0,11.36,430.0,0,1,47.20930232558139,247.0,200-300,40%-50%
Madno,2026-09-01,WK 36,Khar,Swiggy,Late Night,COCO,MH,236.0,206.0,10.8,422.0,0,1,48.81516587677725,236.0,200-300,40%-50%
Madno,2026-09-01,WK 36,Khar,Swiggy,Lunch,COCO,MH,177.0,64.0,8.36,231.0,0,1,27.705627705627705,177.0,100-200,20%-30%
Madno,2026-09-01,WK 36,Khar,Swiggy,Snacks,COCO,MH,179.0,51.0,8.96,230.0,0,1,22.17391304347826,179.0,100-200,20%-30%
Madno,2026-09-01,WK 36,Khar,Zomato,Snacks,COCO,MH,1427.0,361.0,71.38,1718.0,0,1,21.0128055878929,1427.0,>900,20%-30%
Frozen Bottle,2026-09-01,WK 36,Kharghar,Swiggy,Dinner,FOFO,MH,4247.88,1095.12,202.44,5143.0,0,9,21.293408516430095,471.9866666666667,400-500,20%-30%
Frozen Bottle,2026-09-01,WK 36,Kharghar,Swiggy,Lunch,FOFO,MH,235.0,64.0,11.26,289.0,0,1,22.145328719723185,235.0,200-300,20%-30%
Frozen Bottle,2026-09-01,WK 36,Kharghar,Swiggy,Snacks,FOFO,MH,1065.0,402.0,50.260000000000005,1407.0,0,3,28.57142857142857,355.0,300-400,20%-30%
Frozen Bottle,2026-09-01,WK 36,Kharghar,Zomato,Dinner,FOFO,MH,2183.3,384.69,109.19999999999999,2477.99,0,6,15.524275723469428,363.8833333333334,300-400,10%-20%
Frozen Bottle,2026-09-01,WK 36,Kharghar,Zomato,Late Night,FOFO,MH,445.0,125.0,22.26,550.0,0,1,22.727272727272727,445.0,400-500,20%-30%
Frozen Bottle,2026-09-01,WK 36,Kharghar,Zomato,Lunch,FOFO,MH,307.0,33.0,15.36,330.0,0,1,10.0,307.0,300-400,1%-10%
Frozen Bottle,2026-09-01,WK 36,Kolar- Highway Star,In Store,Breakfast,COCO,KA,249.0,0.0,12.46,249.0,0,1,0.0,249.0,200-300,0%
Frozen Bottle,2026-09-01,WK 36,Kolar- Highway Star,In Store,Dinner,COCO,KA,1515.0,0.0,75.78,1515.0,0,4,0.0,378.75,300-400,0%
Frozen Bottle,2026-09-01,WK 36,Kolar- Highway Star,In Store,Lunch,COCO,KA,1145.0,0.0,57.24,1145.0,0,2,0.0,572.5,500-600,0%
Frozen Bottle,2026-09-01,WK 36,Kolar- Highway Star,In Store,Snacks,COCO,KA,2673.69,747.0,133.72,3420.69,0,8,21.837699411522234,334.21125,300-400,20%-30%
Frozen Bottle,2026-09-01,WK 36,Kolar- Highway Star,Swiggy,Breakfast,COCO,KA,207.0,122.0,9.86,319.0,0,1,38.24451410658307,207.0,200-300,30%-40%
Frozen Bottle,2026-09-01,WK 36,Kolar- Highway Star,Swiggy,Dinner,COCO,KA,524.56,335.44,24.740000000000002,830.0,0,3,40.4144578313253,174.85333333333332,100-200,40%-50%
Frozen Bottle,2026-09-01,WK 36,Kolar- Highway Star,Swiggy,Lunch,COCO,KA,750.0,120.0,36.0,840.0,0,2,14.285714285714285,375.0,300-400,10%-20%
Frozen Bottle,2026-09-01,WK 36,Kolar- Highway Star,Swiggy,Snacks,COCO,KA,307.0,192.0,14.36,479.0,0,1,40.08350730688935,307.0,300-400,40%-50%
Frozen Bottle,2026-09-01,WK 36,Kolar- Highway Star,Zomato,Snacks,COCO,KA,280.0,0.0,14.0,270.0,0,1,0.0,280.0,200-300,0%
Boba Bar,2026-09-01,WK 36,Kolathur,Swiggy,Dinner,COCO,TN,58.0,93.0,2.4,141.0,0,1,65.95744680851064,58.0,0-100,60%-70%
Boba Bar,2026-09-01,WK 36,Kolathur,Zomato,Snacks,COCO,TN,346.0,0.0,17.3,336.0,0,1,0.0,346.0,300-400,0%
Frozen Bottle,2026-09-01,WK 36,Kolathur,Swiggy,Breakfast,COCO,TN,548.0,112.0,26.4,640.0,0,2,17.5,274.0,200-300,10%-20%
Frozen Bottle,2026-09-01,WK 36,Kolathur,Swiggy,Dinner,COCO,TN,644.0,296.0,30.72,910.0,0,3,32.527472527472526,214.66666666666666,200-300,30%-40%
Frozen Bottle,2026-09-01,WK 36,Kolathur,Swiggy,Late Night,COCO,TN,457.0,224.0,21.86,661.0,0,2,33.88804841149773,228.5,200-300,30%-40%
Frozen Bottle,2026-09-01,WK 36,Kolathur,Swiggy,Lunch,COCO,TN,1554.0,832.0,73.22,2296.0,0,7,36.23693379790941,222.0,200-300,30%-40%
Frozen Bottle,2026-09-01,WK 36,Kolathur,Swiggy,Snacks,COCO,TN,1180.0,587.0,55.519999999999996,1697.0,0,4,34.59045374189746,295.0,200-300,30%-40%
Frozen Bottle,2026-09-01,WK 36,Kolathur,Zomato,Dinner,COCO,TN,1103.0,729.0,55.18,1772.0,0,4,41.13995485327314,275.75,200-300,40%-50%
Frozen Bottle,2026-09-01,WK 36,Kolathur,Zomato,Lunch,COCO,TN,843.1,825.9,42.16,1619.0,0,4,51.012970969734404,210.775,200-300,50%-60%
Frozen Bottle,2026-09-01,WK 36,Kolathur,Zomato,Snacks,COCO,TN,1468.4,511.6,73.44,1900.0,0,5,26.926315789473687,293.68,200-300,20%-30%
Madno,2026-09-01,WK 36,Kolathur,Swiggy,Dinner,COCO,TN,389.0,372.0,17.96,731.0,0,2,50.88919288645691,194.5,100-200,50%-60%
Madno,2026-09-01,WK 36,Kolathur,Swiggy,Late Night,COCO,TN,481.01,59.99,23.06,521.0,0,1,11.51439539347409,481.01,400-500,10%-20%
Madno,2026-09-01,WK 36,Kolathur,Zomato,Late Night,COCO,TN,942.0,371.0,47.099999999999994,1263.0,0,2,29.374505146476643,471.0,400-500,20%-30%
Madno,2026-09-01,WK 36,Kolathur,Zomato,Lunch,COCO,TN,874.0,511.0,43.72,1315.0,0,4,38.85931558935361,218.5,200-300,30%-40%
Madno,2026-09-01,WK 36,Kolathur,Zomato,Snacks,COCO,TN,825.5,515.5,41.28,1301.0,0,2,39.62336664104535,412.75,400-500,30%-40%
Frozen Bottle,2026-09-01,WK 36,Kollur,In Store,Dinner,FOFO,AP & TL,2741.0,0.0,137.12,2741.0,0,9,0.0,304.55555555555554,300-400,0%
Frozen Bottle,2026-09-01,WK 36,Kollur,In Store,Late Night,FOFO,AP & TL,69.0,0.0,3.46,69.0,0,1,0.0,69.0,0-100,0%
Frozen Bottle,2026-09-01,WK 36,Kollur,In Store,Lunch,FOFO,AP & TL,943.05,0.0,47.2,943.05,0,5,0.0,188.60999999999999,100-200,0%
Frozen Bottle,2026-09-01,WK 36,Kollur,In Store,Snacks,FOFO,AP & TL,2212.0,0.0,110.66,2212.0,0,9,0.0,245.77777777777777,200-300,0%
Frozen Bottle,2026-09-01,WK 36,Kollur,Swiggy,Snacks,FOFO,AP & TL,1316.0,0.0,63.8,1276.0,0,2,0.0,658.0,600-900,0%
Frozen Bottle,2026-09-01,WK 36,Kollur,Zomato,Dinner,FOFO,AP & TL,2326.0,175.0,116.34,2401.0,0,4,7.288629737609329,581.5,500-600,1%-10%
Frozen Bottle,2026-09-01,WK 36,Kollur,Zomato,Lunch,FOFO,AP & TL,330.0,0.0,16.5,320.0,0,1,0.0,330.0,300-400,0%
Frozen Bottle,2026-09-01,WK 36,Kollur,Zomato,Snacks,FOFO,AP & TL,680.0,0.0,34.0,660.0,0,1,0.0,680.0,600-900,0%
Frozen Bottle,2026-09-01,WK 36,Kondhwa,In Store,Dinner,FOFO,MH,3112.0,0.0,155.62,3112.0,0,9,0.0,345.77777777777777,300-400,0%
Frozen Bottle,2026-09-01,WK 36,Kondhwa,In Store,Snacks,FOFO,MH,874.0,0.0,43.72,874.0,0,3,0.0,291.3333333333333,200-300,0%
Frozen Bottle,2026-09-01,WK 36,Kondhwa,Swiggy,Dinner,FOFO,MH,253.0,27.0,12.16,270.0,0,1,10.0,253.0,200-300,1%-10%
Frozen Bottle,2026-09-01,WK 36,Kondhwa,Swiggy,Late Night,FOFO,MH,400.0,40.0,19.5,430.0,0,1,9.30232558139535,400.0,300-400,1%-10%
Frozen Bottle,2026-09-01,WK 36,Kondhwa,Zomato,Dinner,FOFO,MH,1137.0,0.0,56.86,1087.0,0,4,0.0,284.25,200-300,0%
Frozen Bottle,2026-09-01,WK 36,Kondhwa,Zomato,Late Night,FOFO,MH,1001.0,0.0,50.06,971.0,0,2,0.0,500.5,500-600,0%
Madno,2026-09-01,WK 36,Kondhwa,Zomato,Dinner,FOFO,MH,890.0,0.0,44.519999999999996,860.0,0,2,0.0,445.0,400-500,0%
Boba Bar,2026-09-01,WK 36,Koramangala,Ownly,Snacks,COCO,KA,184.0,0.0,9.2,184.0,0,1,0.0,184.0,100-200,0%
Boba Bar,2026-09-01,WK 36,Koramangala,Swiggy,Dinner,COCO,KA,217.0,202.0,10.86,419.0,0,1,48.21002386634845,217.0,200-300,40%-50%
Frozen Bottle,2026-09-01,WK 36,Koramangala,In Store,Dinner,COCO,KA,3172.49,310.52,158.7,3483.01,0,17,8.915277303252072,186.6170588235294,100-200,1%-10%
Frozen Bottle,2026-09-01,WK 36,Koramangala,In Store,Late Night,COCO,KA,1141.63,127.6,57.08,1269.23,0,3,10.053339426266318,380.54333333333335,300-400,10%-20%
Frozen Bottle,2026-09-01,WK 36,Koramangala,In Store,Lunch,COCO,KA,529.87,143.13,26.5,673.0,0,5,21.26745913818722,105.974,100-200,20%-30%
Frozen Bottle,2026-09-01,WK 36,Koramangala,In Store,Snacks,COCO,KA,1321.0,0.0,66.06,1321.0,0,5,0.0,264.2,200-300,0%
Frozen Bottle,2026-09-01,WK 36,Koramangala,Ownly,Late Night,COCO,KA,400.0,0.0,20.0,400.0,0,1,0.0,400.0,300-400,0%
Frozen Bottle,2026-09-01,WK 36,Koramangala,Ownly,Snacks,COCO,KA,211.0,0.0,10.56,211.0,0,1,0.0,211.0,200-300,0%
Frozen Bottle,2026-09-01,WK 36,Koramangala,Swiggy,Breakfast,COCO,KA,98.0,112.0,4.4,200.0,0,1,56.00000000000001,98.0,0-100,50%-60%
Frozen Bottle,2026-09-01,WK 36,Koramangala,Swiggy,Dinner,COCO,KA,3184.01,1519.99,151.72,4554.0,0,12,33.37703118137901,265.3341666666667,200-300,30%-40%
Frozen Bottle,2026-09-01,WK 36,Koramangala,Swiggy,Late Night,COCO,KA,1004.0,751.0,47.72,1705.0,0,5,44.04692082111437,200.8,200-300,40%-50%
Frozen Bottle,2026-09-01,WK 36,Koramangala,Swiggy,Lunch,COCO,KA,1248.0,782.0,58.940000000000005,1960.0,0,7,39.89795918367347,178.28571428571428,100-200,30%-40%
Frozen Bottle,2026-09-01,WK 36,Koramangala,Swiggy,Snacks,COCO,KA,1407.0,731.0,66.88,2068.0,0,7,35.34816247582205,201.0,200-300,30%-40%
Frozen Bottle,2026-09-01,WK 36,Koramangala,Zomato,Dinner,COCO,KA,3406.0,971.0,170.36,4227.0,0,12,22.971374497279395,283.8333333333333,200-300,20%-30%
Frozen Bottle,2026-09-01,WK 36,Koramangala,Zomato,Late Night,COCO,KA,835.8,335.2,41.8,1121.0,0,4,29.901873327386262,208.95,200-300,20%-30%
Frozen Bottle,2026-09-01,WK 36,Koramangala,Zomato,Lunch,COCO,KA,190.0,100.0,9.5,280.0,0,1,35.714285714285715,190.0,100-200,30%-40%
Frozen Bottle,2026-09-01,WK 36,Koramangala,Zomato,Snacks,COCO,KA,540.0,300.0,27.0,810.0,0,3,37.03703703703704,180.0,100-200,30%-40%
Madno,2026-09-01,WK 36,Koramangala,Ownly,Dinner,COCO,KA,103.0,0.0,5.16,103.0,0,1,0.0,103.0,100-200,0%
Madno,2026-09-01,WK 36,Koramangala,Ownly,Late Night,COCO,KA,445.0,0.0,22.259999999999998,445.0,0,2,0.0,222.5,200-300,0%
Madno,2026-09-01,WK 36,Koramangala,Swiggy,Late Night,COCO,KA,1357.01,234.99,64.86,1532.0,0,3,15.338772845953002,452.33666666666664,400-500,10%-20%
Madno,2026-09-01,WK 36,Koramangala,Zomato,Dinner,COCO,KA,823.0,369.0,41.16,1142.0,0,4,32.31173380035026,205.75,200-300,30%-40%
Madno,2026-09-01,WK 36,Koramangala,Zomato,Late Night,COCO,KA,1053.7,657.3,52.7,1641.0,0,4,40.05484460694698,263.425,200-300,40%-50%
Madno,2026-09-01,WK 36,Koramangala,Zomato,Lunch,COCO,KA,194.0,46.0,9.7,230.0,0,1,20.0,194.0,100-200,10%-20%
Frozen Bottle,2026-09-01,WK 36,Koregaon Park - Pune,In Store,Dinner,COCO,MH,1155.09,575.6,57.760000000000005,1730.69,0,7,33.258411385054515,165.01285714285714,100-200,30%-40%
Frozen Bottle,2026-09-01,WK 36,Koregaon Park - Pune,In Store,Late Night,COCO,MH,279.0,0.0,13.96,279.0,0,1,0.0,279.0,200-300,0%
Frozen Bottle,2026-09-01,WK 36,Koregaon Park - Pune,In Store,Lunch,COCO,MH,547.78,217.22,27.38,765.0,0,2,28.394771241830064,273.89,200-300,20%-30%
Frozen Bottle,2026-09-01,WK 36,Koregaon Park - Pune,In Store,Snacks,COCO,MH,1136.54,758.46,56.82,1895.0,0,6,40.02427440633245,189.42333333333332,100-200,40%-50%
Frozen Bottle,2026-09-01,WK 36,Koregaon Park - Pune,Swiggy,Closing,COCO,MH,300.0,0.0,14.5,290.0,0,1,0.0,300.0,200-300,0%
Frozen Bottle,2026-09-01,WK 36,Koregaon Park - Pune,Swiggy,Dinner,COCO,MH,2473.01,1176.99,117.2,3520.0,0,10,33.43721590909091,247.30100000000002,200-300,30%-40%
Frozen Bottle,2026-09-01,WK 36,Koregaon Park - Pune,Swiggy,Late Night,COCO,MH,838.0,587.0,38.400000000000006,1355.0,0,3,43.321033210332104,279.3333333333333,200-300,40%-50%
Frozen Bottle,2026-09-01,WK 36,Koregaon Park - Pune,Swiggy,Lunch,COCO,MH,178.0,112.0,8.4,280.0,0,1,40.0,178.0,100-200,30%-40%
Frozen Bottle,2026-09-01,WK 36,Koregaon Park - Pune,Swiggy,Snacks,COCO,MH,355.56,223.44,16.78,559.0,0,2,39.971377459749554,177.78,100-200,30%-40%
Frozen Bottle,2026-09-01,WK 36,Koregaon Park - Pune,Zomato,Closing,COCO,MH,190.0,150.0,9.5,330.0,0,1,45.45454545454545,190.0,100-200,40%-50%
Frozen Bottle,2026-09-01,WK 36,Koregaon Park - Pune,Zomato,Dinner,COCO,MH,2402.3,1413.7,120.16,3686.0,0,11,38.353228431904505,218.3909090909091,200-300,30%-40%
Frozen Bottle,2026-09-01,WK 36,Koregaon Park - Pune,Zomato,Late Night,COCO,MH,731.0,175.0,36.56,876.0,0,3,19.97716894977169,243.66666666666666,200-300,10%-20%
Frozen Bottle,2026-09-01,WK 36,Koregaon Park - Pune,Zomato,Lunch,COCO,MH,305.0,215.0,15.26,500.0,0,2,43.0,152.5,100-200,40%-50%
Madno,2026-09-01,WK 36,Koregaon Park - Pune,Swiggy,Dinner,COCO,MH,176.0,64.0,8.3,230.0,0,1,27.82608695652174,176.0,100-200,20%-30%
Madno,2026-09-01,WK 36,Koregaon Park - Pune,Zomato,Dinner,COCO,MH,671.0,621.0,33.56,1252.0,0,3,49.60063897763578,223.66666666666666,200-300,40%-50%
Madno,2026-09-01,WK 36,Koregaon Park - Pune,Zomato,Late Night,COCO,MH,465.5,355.5,23.28,781.0,0,3,45.51856594110115,155.16666666666666,100-200,40%-50%
Madno,2026-09-01,WK 36,Koregaon Park - Pune,Zomato,Lunch,COCO,MH,330.0,150.0,16.52,460.0,0,1,32.608695652173914,330.0,300-400,30%-40%
Madno,2026-09-01,WK 36,Koregaon Park - Pune,Zomato,Snacks,COCO,MH,194.0,46.0,9.7,230.0,0,1,20.0,194.0,100-200,10%-20%
Frozen Bottle,2026-09-01,WK 36,Kothanur,In Store,Snacks,FOFO,KA,916.0,0.0,45.8,916.0,0,1,0.0,916.0,>900,0%
Frozen Bottle,2026-09-01,WK 36,Kothanur,Swiggy,Dinner,FOFO,KA,230.0,60.0,11.0,280.0,0,1,21.428571428571427,230.0,200-300,20%-30%
Frozen Bottle,2026-09-01,WK 36,Kothanur,Swiggy,Snacks,FOFO,KA,1324.0,292.0,63.72,1566.0,0,3,18.64623243933589,441.3333333333333,400-500,10%-20%
Frozen Bottle,2026-09-01,WK 36,Kothanur,Zomato,Dinner,FOFO,KA,1916.9,755.1,95.86,2592.0,0,4,29.131944444444446,479.225,400-500,20%-30%
Frozen Bottle,2026-09-01,WK 36,Kothanur,Zomato,Lunch,FOFO,KA,544.0,100.0,27.2,624.0,0,2,16.025641025641026,272.0,200-300,10%-20%
Frozen Bottle,2026-09-01,WK 36,Kothanur,Zomato,Snacks,FOFO,KA,971.0,350.0,48.56,1281.0,0,4,27.322404371584703,242.75,200-300,20%-30%
Madno,2026-09-01,WK 36,Kothanur,Swiggy,Snacks,FOFO,KA,731.01,228.99,35.56,940.0,0,2,24.36063829787234,365.505,300-400,20%-30%
Frozen Bottle,2026-09-01,WK 36,Kothrud - Pune,In Store,Snacks,FOFO,MH,487.0,0.0,24.36,487.0,0,1,0.0,487.0,400-500,0%
Frozen Bottle,2026-09-01,WK 36,Kotturpuram,In Store,Dinner,FOFO,TN,2099.0,0.0,105.02000000000001,2099.0,0,9,0.0,233.22222222222223,200-300,0%
Frozen Bottle,2026-09-01,WK 36,Kotturpuram,In Store,Lunch,FOFO,TN,69.0,0.0,3.46,69.0,0,1,0.0,69.0,0-100,0%
Frozen Bottle,2026-09-01,WK 36,Kotturpuram,In Store,Snacks,FOFO,TN,358.0,0.0,17.9,358.0,0,1,0.0,358.0,300-400,0%
Frozen Bottle,2026-09-01,WK 36,Kotturpuram,Swiggy,Dinner,FOFO,TN,930.0,0.0,45.0,900.0,0,3,0.0,310.0,300-400,0%
Frozen Bottle,2026-09-01,WK 36,Kotturpuram,Swiggy,Lunch,FOFO,TN,690.0,230.0,33.0,890.0,0,1,25.842696629213485,690.0,600-900,20%-30%
Frozen Bottle,2026-09-01,WK 36,Kotturpuram,Swiggy,Snacks,FOFO,TN,2657.0,230.0,127.86,2787.0,0,4,8.25260136347327,664.25,600-900,1%-10%
Frozen Bottle,2026-09-01,WK 36,Kotturpuram,Zomato,Dinner,FOFO,TN,884.0,96.0,44.22,950.0,0,2,10.105263157894736,442.0,400-500,10%-20%
Frozen Bottle,2026-09-01,WK 36,Kotturpuram,Zomato,Late Night,FOFO,TN,240.0,0.0,12.0,230.0,0,1,0.0,240.0,200-300,0%
Frozen Bottle,2026-09-01,WK 36,Kotturpuram,Zomato,Lunch,FOFO,TN,948.3,239.7,47.42,1148.0,0,3,20.879790940766547,316.09999999999997,300-400,20%-30%
Frozen Bottle,2026-09-01,WK 36,Kotturpuram,Zomato,Snacks,FOFO,TN,876.0,150.0,43.82,996.0,0,1,15.060240963855422,876.0,600-900,10%-20%
Frozen Bottle,2026-09-01,WK 36,Kurnool,In Store,Breakfast,FOFO,AP & TL,497.0,0.0,24.86,497.0,0,1,0.0,497.0,400-500,0%
Frozen Bottle,2026-09-01,WK 36,Kurnool,In Store,Dinner,FOFO,AP & TL,2513.0,0.0,125.69999999999999,2513.0,0,8,0.0,314.125,300-400,0%
Frozen Bottle,2026-09-01,WK 36,Kurnool,In Store,Lunch,FOFO,AP & TL,796.0,0.0,39.82,796.0,0,3,0.0,265.3333333333333,200-300,0%
Frozen Bottle,2026-09-01,WK 36,Kurnool,In Store,Snacks,FOFO,AP & TL,1804.23,0.0,90.24,1804.23,0,7,0.0,257.7471428571429,200-300,0%
Frozen Bottle,2026-09-01,WK 36,Lakshmi Mills,In Store,Dinner,FOFO,TN,1332.0,0.0,66.62,1332.0,0,4,0.0,333.0,300-400,0%
Frozen Bottle,2026-09-01,WK 36,Lakshmi Mills,In Store,Lunch,FOFO,TN,819.28,0.0,40.980000000000004,819.28,0,4,0.0,204.82,200-300,0%
Frozen Bottle,2026-09-01,WK 36,Lakshmi Mills,In Store,Snacks,FOFO,TN,1083.0,0.0,54.14,1083.0,0,3,0.0,361.0,300-400,0%
Frozen Bottle,2026-09-01,WK 36,Lakshmi Mills,Swiggy,Closing,FOFO,TN,545.02,224.98,26.26,750.0,0,1,29.99733333333333,545.02,500-600,20%-30%
Frozen Bottle,2026-09-01,WK 36,Lakshmi Mills,Swiggy,Dinner,FOFO,TN,1585.79,475.21,75.8,1991.0,0,5,23.867905575087896,317.158,300-400,20%-30%
Frozen Bottle,2026-09-01,WK 36,Lakshmi Mills,Swiggy,Late Night,FOFO,TN,1869.0,140.0,89.97999999999999,1939.0,0,4,7.2202166064981945,467.25,400-500,1%-10%
Frozen Bottle,2026-09-01,WK 36,Lakshmi Mills,Swiggy,Snacks,FOFO,TN,1029.0,291.0,49.46,1280.0,0,3,22.734375,343.0,300-400,20%-30%
Frozen Bottle,2026-09-01,WK 36,Lakshmi Mills,Zomato,Snacks,FOFO,TN,205.0,75.0,10.26,270.0,0,1,27.77777777777778,205.0,200-300,20%-30%
Boba Bar,2026-09-01,WK 36,Lokhandwala,Swiggy,Late Night,COCO,MH,326.0,282.0,14.8,578.0,0,1,48.78892733564014,326.0,300-400,40%-50%
Boba Bar,2026-09-01,WK 36,Lokhandwala,Swiggy,Snacks,COCO,MH,169.0,111.0,8.46,280.0,0,1,39.64285714285714,169.0,100-200,30%-40%
Frozen Bottle,2026-09-01,WK 36,Lokhandwala,In Store,Dinner,COCO,MH,1747.7,355.3,87.4,2103.0,0,8,16.894912030432714,218.4625,200-300,10%-20%
Frozen Bottle,2026-09-01,WK 36,Lokhandwala,In Store,Late Night,COCO,MH,1323.5300000000002,1643.4699999999998,66.18,2967.0,0,3,55.391641388608015,441.17666666666673,400-500,50%-60%
Frozen Bottle,2026-09-01,WK 36,Lokhandwala,In Store,Snacks,COCO,MH,278.88,207.12,13.96,486.0,0,2,42.617283950617285,139.44,100-200,40%-50%
Frozen Bottle,2026-09-01,WK 36,Lokhandwala,Swiggy,Closing,COCO,MH,156.0,182.0,6.8,318.0,0,1,57.23270440251572,156.0,100-200,50%-60%
Frozen Bottle,2026-09-01,WK 36,Lokhandwala,Swiggy,Dinner,COCO,MH,3178.02,1430.16,151.92000000000002,4468.18,0,9,32.007663075346116,353.11333333333334,300-400,30%-40%
Frozen Bottle,2026-09-01,WK 36,Lokhandwala,Swiggy,Late Night,COCO,MH,236.0,244.0,10.8,460.0,0,1,53.04347826086957,236.0,200-300,50%-60%
Frozen Bottle,2026-09-01,WK 36,Lokhandwala,Swiggy,Lunch,COCO,MH,1365.0,1145.0,64.28,2430.0,0,6,47.11934156378601,227.5,200-300,40%-50%
Frozen Bottle,2026-09-01,WK 36,Lokhandwala,Swiggy,Snacks,COCO,MH,2679.0,1436.0,128.48,4005.0,0,10,35.85518102372035,267.9,200-300,30%-40%
Frozen Bottle,2026-09-01,WK 36,Lokhandwala,Zomato,Dinner,COCO,MH,3082.9,1939.1,154.2,4852.0,0,13,39.96496290189612,237.14615384615385,200-300,30%-40%
Frozen Bottle,2026-09-01,WK 36,Lokhandwala,Zomato,Late Night,COCO,MH,271.0,50.0,13.56,311.0,0,1,16.077170418006432,271.0,200-300,10%-20%
Frozen Bottle,2026-09-01,WK 36,Lokhandwala,Zomato,Lunch,COCO,MH,783.0,115.0,39.18,858.0,0,3,13.403263403263404,261.0,200-300,10%-20%
Frozen Bottle,2026-09-01,WK 36,Lokhandwala,Zomato,Snacks,COCO,MH,1738.5,650.5,86.96000000000001,2299.0,0,7,28.294910830796,248.35714285714286,200-300,20%-30%
Madno,2026-09-01,WK 36,Lokhandwala,Swiggy,Dinner,COCO,MH,656.0,124.0,31.3,750.0,0,3,16.53333333333333,218.66666666666666,200-300,10%-20%
Madno,2026-09-01,WK 36,Lokhandwala,Swiggy,Late Night,COCO,MH,530.0,100.0,25.5,610.0,0,1,16.39344262295082,530.0,500-600,10%-20%
Madno,2026-09-01,WK 36,Lokhandwala,Swiggy,Snacks,COCO,MH,289.0,112.0,14.46,401.0,0,1,27.93017456359102,289.0,200-300,20%-30%
Madno,2026-09-01,WK 36,Lokhandwala,Zomato,Dinner,COCO,MH,782.5,565.5,39.14,1298.0,0,3,43.56702619414484,260.8333333333333,200-300,40%-50%
Madno,2026-09-01,WK 36,Lokhandwala,Zomato,Late Night,COCO,MH,838.0,294.0,41.92,1092.0,0,2,26.923076923076923,419.0,400-500,20%-30%
Madno,2026-09-01,WK 36,Lokhandwala,Zomato,Lunch,COCO,MH,877.0,537.0,43.86,1354.0,0,4,39.6602658788774,219.25,200-300,30%-40%
Madno,2026-09-01,WK 36,Lokhandwala,Zomato,Snacks,COCO,MH,1183.0,630.0,59.160000000000004,1753.0,0,4,35.93839132915003,295.75,200-300,30%-40%
Lubov,2026-09-01,WK 36,Lubov Store,Others,Dinner,COCO,KA,27949.0,0.0,1413.8400000000001,27949.0,0,3,0.0,9316.333333333334,>900,0%
Lubov,2026-09-01,WK 36,Lubov Store,Swiggy,Dinner,COCO,KA,527.0,171.0,24.36,658.0,0,2,25.987841945288753,263.5,200-300,20%-30%
Lubov,2026-09-01,WK 36,Lubov Store,Swiggy,Snacks,COCO,KA,2158.0,400.0,105.91999999999999,2518.0,0,2,15.885623510722796,1079.0,>900,10%-20%
Lubov,2026-09-01,WK 36,Lubov Store,Zomato,Dinner,COCO,KA,1716.2,699.8,85.82,2376.0,0,4,29.45286195286195,429.05,400-500,20%-30%
Lubov,2026-09-01,WK 36,Lubov Store,Zomato,Lunch,COCO,KA,129.0,0.0,6.46,119.0,0,1,0.0,129.0,100-200,0%
Lubov,2026-09-01,WK 36,Lubov Store,Zomato,Snacks,COCO,KA,1211.1,401.9,60.56,1593.0,0,2,25.229127432517263,605.55,600-900,20%-30%
Madno,2026-09-01,WK 36,Madno - Akshay Nagar,In Store,Dinner,FOFO,KA,1847.0,915.06,92.38,2762.06,0,5,33.12962064546027,369.4,300-400,30%-40%
Madno,2026-09-01,WK 36,Madno - Akshay Nagar,In Store,Snacks,FOFO,KA,258.0,0.0,12.9,258.0,0,1,0.0,258.0,200-300,0%
Madno,2026-09-01,WK 36,Madno - Akshay Nagar,Swiggy,Dinner,FOFO,KA,790.01,741.99,37.019999999999996,1482.0,0,5,50.0668016194332,158.002,100-200,50%-60%
Madno,2026-09-01,WK 36,Madno - Akshay Nagar,Swiggy,Snacks,FOFO,KA,708.0,635.0,33.42,1303.0,0,4,48.73369148119724,177.0,100-200,40%-50%
Madno,2026-09-01,WK 36,Madno - Akshay Nagar,Zomato,Dinner,FOFO,KA,571.0,200.0,28.560000000000002,741.0,0,3,26.99055330634278,190.33333333333334,100-200,20%-30%
Madno,2026-09-01,WK 36,Madno - Akshay Nagar,Zomato,Snacks,FOFO,KA,800.0,0.0,40.0,760.0,0,3,0.0,266.6666666666667,200-300,0%
Madno,2026-09-01,WK 36,Madno - Basaveshwaranagar,In Store,Closing,FOFO,KA,139.0,0.0,6.96,139.0,0,1,0.0,139.0,100-200,0%
Madno,2026-09-01,WK 36,Madno - Basaveshwaranagar,In Store,Dinner,FOFO,KA,625.0,0.0,31.259999999999998,625.0,0,2,0.0,312.5,300-400,0%
Madno,2026-09-01,WK 36,Madno - Basaveshwaranagar,In Store,Lunch,FOFO,KA,196.0,0.0,9.8,196.0,0,1,0.0,196.0,100-200,0%
Madno,2026-09-01,WK 36,Madno - Basaveshwaranagar,In Store,Snacks,FOFO,KA,207.05,0.0,10.36,207.05,0,2,0.0,103.525,100-200,0%
Madno,2026-09-01,WK 36,Madno - Basaveshwaranagar,Swiggy,Dinner,FOFO,KA,439.0,81.0,20.96,500.0,0,1,16.2,439.0,400-500,10%-20%
Madno,2026-09-01,WK 36,Madno - Basaveshwaranagar,Swiggy,Late Night,FOFO,KA,500.0,120.0,24.0,600.0,0,1,20.0,500.0,400-500,10%-20%
Madno,2026-09-01,WK 36,Madno - Basaveshwaranagar,Swiggy,Lunch,FOFO,KA,778.01,282.84,37.9,1040.85,0,1,27.173944372387954,778.01,600-900,20%-30%
Madno,2026-09-01,WK 36,Madno - Basaveshwaranagar,Swiggy,Snacks,FOFO,KA,588.0,493.0,28.92,1071.0,0,4,46.03174603174603,147.0,100-200,40%-50%
Madno,2026-09-01,WK 36,Madno - Basaveshwaranagar,Zomato,Dinner,FOFO,KA,411.0,50.0,20.560000000000002,441.0,0,2,11.337868480725625,205.5,200-300,10%-20%
Madno,2026-09-01,WK 36,Madno - Basaveshwaranagar,Zomato,Late Night,FOFO,KA,270.0,50.0,13.5,310.0,0,1,16.129032258064516,270.0,200-300,10%-20%
Madno,2026-09-01,WK 36,Madno - Basaveshwaranagar,Zomato,Lunch,FOFO,KA,692.0,551.0,34.62,1203.0,0,2,45.8021612635079,346.0,300-400,40%-50%
Madno,2026-09-01,WK 36,Madno - Basaveshwaranagar,Zomato,Snacks,FOFO,KA,200.0,0.0,10.0,190.0,0,1,0.0,200.0,100-200,0%
Madno,2026-09-01,WK 36,Madno - Eluru,In Store,Dinner,FOFO,AP & TL,1133.0,0.0,56.68,1133.0,0,4,0.0,283.25,200-300,0%
Madno,2026-09-01,WK 36,Madno - Eluru,In Store,Snacks,FOFO,AP & TL,437.0,0.0,21.86,437.0,0,1,0.0,437.0,400-500,0%
Madno,2026-09-01,WK 36,Madno - Eluru,Swiggy,Dinner,FOFO,AP & TL,491.0,0.0,23.56,471.0,0,1,0.0,491.0,400-500,0%
Madno,2026-09-01,WK 36,Madno - Eluru,Swiggy,Lunch,FOFO,AP & TL,491.0,0.0,23.560000000000002,471.0,0,2,0.0,245.5,200-300,0%
Madno,2026-09-01,WK 36,Madno - Eluru,Swiggy,Snacks,FOFO,AP & TL,350.0,120.0,16.5,450.0,0,2,26.666666666666668,175.0,100-200,20%-30%
Madno,2026-09-01,WK 36,Madno - Eluru,Zomato,Dinner,FOFO,AP & TL,3853.0,618.99,192.72,4301.99,0,12,14.388457434815052,321.0833333333333,300-400,10%-20%
Madno,2026-09-01,WK 36,Madno - Eluru,Zomato,Lunch,FOFO,AP & TL,1387.9,243.1,69.4,1561.0,0,4,15.573350416399743,346.975,300-400,10%-20%
Madno,2026-09-01,WK 36,Madno - Eluru,Zomato,Snacks,FOFO,AP & TL,1963.0,380.0,98.16,2243.0,0,8,16.941596076683012,245.375,200-300,10%-20%
Madno,2026-09-01,WK 36,Madno - Gandipet,In Store,Dinner,FOFO,AP & TL,149.0,0.0,7.46,149.0,0,1,0.0,149.0,100-200,0%
Madno,2026-09-01,WK 36,Madno - Gandipet,In Store,Lunch,FOFO,AP & TL,492.0,0.0,24.62,492.0,0,3,0.0,164.0,100-200,0%
Madno,2026-09-01,WK 36,Madno - Gandipet,In Store,Snacks,FOFO,AP & TL,1434.0,0.0,71.78,1434.0,0,12,0.0,119.5,100-200,0%
Madno,2026-09-01,WK 36,Madno - Gandipet,Swiggy,Dinner,FOFO,AP & TL,119.0,81.0,5.46,190.0,0,1,42.63157894736842,119.0,100-200,40%-50%
Madno,2026-09-01,WK 36,Madno - Gandipet,Swiggy,Lunch,FOFO,AP & TL,311.0,0.0,15.06,301.0,0,1,0.0,311.0,300-400,0%
Madno,2026-09-01,WK 36,Madno - Gandipet,Swiggy,Snacks,FOFO,AP & TL,189.0,1.0,9.46,190.0,0,1,0.5263157894736842,189.0,100-200,1%-10%
Madno,2026-09-01,WK 36,Madno - Gandipet,Zomato,Dinner,FOFO,AP & TL,441.0,0.0,22.06,421.0,0,1,0.0,441.0,400-500,0%
Madno,2026-09-01,WK 36,Madno - Gandipet,Zomato,Lunch,FOFO,AP & TL,396.0,125.0,19.8,501.0,0,1,24.9500998003992,396.0,300-400,20%-30%
Madno,2026-09-01,WK 36,Madno - Hadapsar,In Store,Dinner,FOFO,MH,49.0,0.0,2.46,49.0,0,1,0.0,49.0,0-100,0%
Madno,2026-09-01,WK 36,Madno - Hadapsar,Zomato,Lunch,FOFO,MH,151.0,0.0,7.56,141.0,0,1,0.0,151.0,100-200,0%
Madno,2026-09-01,WK 36,Madno - Hadapsar,Zomato,Snacks,FOFO,MH,860.0,0.0,43.0,830.0,0,1,0.0,860.0,600-900,0%
Boba Bar,2026-09-01,WK 36,Madno - Hinjewadi,Swiggy,Dinner,FOFO,MH,120.0,29.0,6.0,149.0,0,1,19.463087248322147,120.0,100-200,10%-20%
Frozen Bottle,2026-09-01,WK 36,Madno - Hinjewadi,Swiggy,Dinner,FOFO,MH,330.0,50.0,15.5,360.0,0,1,13.88888888888889,330.0,300-400,10%-20%
Frozen Bottle,2026-09-01,WK 36,Madno - Hinjewadi,Swiggy,Snacks,FOFO,MH,170.0,40.0,8.0,200.0,0,1,20.0,170.0,100-200,10%-20%
Frozen Bottle,2026-09-01,WK 36,Madno - Hinjewadi,Zomato,Dinner,FOFO,MH,1680.0,230.0,84.0,1850.0,0,3,12.432432432432433,560.0,500-600,10%-20%
Frozen Bottle,2026-09-01,WK 36,Madno - Hinjewadi,Zomato,Snacks,FOFO,MH,250.0,230.0,12.5,460.0,0,1,50.0,250.0,200-300,40%-50%
Madno,2026-09-01,WK 36,Madno - Hinjewadi,Swiggy,Dinner,FOFO,MH,290.0,0.0,14.0,280.0,0,1,0.0,290.0,200-300,0%
Madno,2026-09-01,WK 36,Madno - Kasavanahalli,In Store,Dinner,FOFO,KA,612.0,0.0,30.64,612.0,0,6,0.0,102.0,100-200,0%
Madno,2026-09-01,WK 36,Madno - Kasavanahalli,In Store,Snacks,FOFO,KA,407.0,0.0,20.380000000000003,407.0,0,3,0.0,135.66666666666666,100-200,0%
Madno,2026-09-01,WK 36,Madno - Kasavanahalli,Swiggy,Dinner,FOFO,KA,219.0,162.0,10.96,381.0,0,1,42.51968503937008,219.0,200-300,40%-50%
Madno,2026-09-01,WK 36,Madno - Kasavanahalli,Zomato,Snacks,FOFO,KA,210.0,80.0,10.5,280.0,0,1,28.57142857142857,210.0,200-300,20%-30%
Madno,2026-09-01,WK 36,Madno - Kondapur,In Store,Dinner,FOFO,AP & TL,556.0,0.0,27.8,556.0,0,2,0.0,278.0,200-300,0%
Madno,2026-09-01,WK 36,Madno - Kondapur,In Store,Lunch,FOFO,AP & TL,49.0,0.0,2.46,49.0,0,1,0.0,49.0,0-100,0%
Madno,2026-09-01,WK 36,Madno - Kondapur,In Store,Snacks,FOFO,AP & TL,506.0,0.0,25.32,506.0,0,3,0.0,168.66666666666666,100-200,0%
Madno,2026-09-01,WK 36,Madno - Shivamogga,In Store,Dinner,FOFO,KA,3580.23,0.0,179.08,3580.23,0,10,0.0,358.023,300-400,0%
Madno,2026-09-01,WK 36,Madno - Shivamogga,In Store,Lunch,FOFO,KA,894.0,0.0,44.72,894.0,0,2,0.0,447.0,400-500,0%
Madno,2026-09-01,WK 36,Madno - Shivamogga,In Store,Snacks,FOFO,KA,1652.23,0.0,82.66,1652.23,0,7,0.0,236.03285714285715,200-300,0%
Madno,2026-09-01,WK 36,Madno - Shivamogga,Swiggy,Dinner,FOFO,KA,702.0,0.0,33.62,672.0,0,2,0.0,351.0,300-400,0%
Madno,2026-09-01,WK 36,Madno - Shivamogga,Swiggy,Snacks,FOFO,KA,661.0,0.0,32.06,641.0,0,2,0.0,330.5,300-400,0%
Madno,2026-09-01,WK 36,Madno - Shivamogga,Zomato,Dinner,FOFO,KA,1364.0,0.0,68.24000000000001,1304.0,0,3,0.0,454.6666666666667,400-500,0%
Madno,2026-09-01,WK 36,Madno - Shivamogga,Zomato,Snacks,FOFO,KA,1532.0,0.0,76.62,1472.0,0,5,0.0,306.4,300-400,0%
Frozen Bottle,2026-09-01,WK 36,Madurai Bypass,In Store,Dinner,FOFO,TN,5620.23,0.0,281.06,5620.23,0,14,0.0,401.445,400-500,0%
Frozen Bottle,2026-09-01,WK 36,Madurai Bypass,In Store,Late Night,FOFO,TN,478.0,0.0,23.9,478.0,0,1,0.0,478.0,400-500,0%
Frozen Bottle,2026-09-01,WK 36,Madurai Bypass,In Store,Lunch,FOFO,TN,1336.23,0.0,66.84,1336.23,0,5,0.0,267.246,200-300,0%
Frozen Bottle,2026-09-01,WK 36,Madurai Bypass,In Store,Snacks,FOFO,TN,832.0,0.0,41.620000000000005,832.0,0,4,0.0,208.0,200-300,0%
Frozen Bottle,2026-09-01,WK 36,Madurai Bypass,Swiggy,Dinner,FOFO,TN,4985.88,427.97,239.34,5213.85,0,12,8.208329737142419,415.49,400-500,1%-10%
Frozen Bottle,2026-09-01,WK 36,Madurai Bypass,Swiggy,Late Night,FOFO,TN,691.01,49.99,32.56,701.0,0,2,7.131241084165478,345.505,300-400,1%-10%
Frozen Bottle,2026-09-01,WK 36,Madurai Bypass,Swiggy,Lunch,FOFO,TN,998.4000000000001,149.6,47.94,1108.0,0,3,13.501805054151625,332.8,300-400,10%-20%
Frozen Bottle,2026-09-01,WK 36,Madurai Bypass,Swiggy,Snacks,FOFO,TN,2180.2200000000003,256.78000000000003,105.02,2357.0,0,4,10.894357233771746,545.0550000000001,500-600,10%-20%
Frozen Bottle,2026-09-01,WK 36,Madurai Bypass,Zomato,Dinner,FOFO,TN,2432.0,60.0,121.62,2412.0,0,5,2.4875621890547266,486.4,400-500,1%-10%
Frozen Bottle,2026-09-01,WK 36,Madurai Bypass,Zomato,Late Night,FOFO,TN,291.0,40.0,14.56,321.0,0,1,12.461059190031152,291.0,200-300,10%-20%
Frozen Bottle,2026-09-01,WK 36,Madurai Bypass,Zomato,Lunch,FOFO,TN,1110.0,0.0,55.519999999999996,1070.0,0,3,0.0,370.0,300-400,0%
Frozen Bottle,2026-09-01,WK 36,Madurai Bypass,Zomato,Snacks,FOFO,TN,418.0,0.0,20.92,398.0,0,1,0.0,418.0,400-500,0%
Frozen Bottle,2026-09-01,WK 36,Malad - CF - CK,Swiggy,Dinner,COCO,MH,3800.02,2131.98,179.0,5712.0,0,11,37.32457983193277,345.4563636363636,300-400,30%-40%
Frozen Bottle,2026-09-01,WK 36,Malad - CF - CK,Swiggy,Late Night,COCO,MH,778.0,224.0,36.92,962.0,0,4,23.284823284823286,194.5,100-200,20%-30%
Frozen Bottle,2026-09-01,WK 36,Malad - CF - CK,Swiggy,Lunch,COCO,MH,139.0,101.0,6.46,230.0,0,1,43.913043478260875,139.0,100-200,40%-50%
Frozen Bottle,2026-09-01,WK 36,Malad - CF - CK,Swiggy,Snacks,COCO,MH,355.0,335.0,16.259999999999998,660.0,0,2,50.75757575757576,177.5,100-200,50%-60%
Frozen Bottle,2026-09-01,WK 36,Malad - CF - CK,Zomato,Dinner,COCO,MH,4163.5,3287.5,208.20000000000002,7281.0,0,11,45.151764867463264,378.5,300-400,40%-50%
Frozen Bottle,2026-09-01,WK 36,Malad - CF - CK,Zomato,Late Night,COCO,MH,581.5,288.5,29.1,840.0,0,2,34.345238095238095,290.75,200-300,30%-40%
Frozen Bottle,2026-09-01,WK 36,Malad - CF - CK,Zomato,Snacks,COCO,MH,2265.5,1704.5,113.38,3820.0,0,9,44.62041884816754,251.72222222222223,200-300,40%-50%
Madno,2026-09-01,WK 36,Malad - CF - CK,Swiggy,Late Night,COCO,MH,176.0,64.0,8.3,230.0,0,1,27.82608695652174,176.0,100-200,20%-30%
Madno,2026-09-01,WK 36,Malad - CF - CK,Swiggy,Lunch,COCO,MH,108.0,103.0,5.4,211.0,0,1,48.81516587677725,108.0,100-200,40%-50%
Madno,2026-09-01,WK 36,Malad - CF - CK,Zomato,Dinner,COCO,MH,723.7,250.3,36.2,924.0,0,3,27.08874458874459,241.23333333333335,200-300,20%-30%
Madno,2026-09-01,WK 36,Malad - CF - CK,Zomato,Lunch,COCO,MH,180.0,80.0,9.0,250.0,0,1,32.0,180.0,100-200,30%-40%
Boba Bar,2026-09-01,WK 36,Malleswaram,Swiggy,Dinner,FOFO,KA,188.0,152.0,8.4,320.0,0,1,47.5,188.0,100-200,40%-50%
Boba Bar,2026-09-01,WK 36,Malleswaram,Swiggy,Late Night,FOFO,KA,69.0,61.0,3.46,130.0,0,1,46.92307692307692,69.0,0-100,40%-50%
Boba Bar,2026-09-01,WK 36,Malleswaram,Zomato,Dinner,FOFO,KA,170.0,100.0,8.5,260.0,0,1,38.46153846153847,170.0,100-200,30%-40%
Frozen Bottle,2026-09-01,WK 36,Malleswaram,In Store,Dinner,FOFO,KA,1961.0,0.0,98.1,1961.0,0,10,0.0,196.1,100-200,0%
Frozen Bottle,2026-09-01,WK 36,Malleswaram,In Store,Late Night,FOFO,KA,645.0,0.0,32.260000000000005,645.0,0,2,0.0,322.5,300-400,0%
Frozen Bottle,2026-09-01,WK 36,Malleswaram,In Store,Lunch,FOFO,KA,1612.0,0.0,80.62,1612.0,0,7,0.0,230.28571428571428,200-300,0%
Frozen Bottle,2026-09-01,WK 36,Malleswaram,In Store,Snacks,FOFO,KA,426.0,0.0,21.34,426.0,0,4,0.0,106.5,100-200,0%
Frozen Bottle,2026-09-01,WK 36,Malleswaram,Swiggy,Closing,FOFO,KA,90.0,109.0,4.5,199.0,0,1,54.773869346733676,90.0,0-100,50%-60%
Frozen Bottle,2026-09-01,WK 36,Malleswaram,Swiggy,Dinner,FOFO,KA,290.0,228.0,14.5,518.0,0,2,44.01544401544402,145.0,100-200,40%-50%
Frozen Bottle,2026-09-01,WK 36,Malleswaram,Swiggy,Late Night,FOFO,KA,240.0,0.0,11.5,230.0,0,1,0.0,240.0,200-300,0%
Frozen Bottle,2026-09-01,WK 36,Malleswaram,Swiggy,Lunch,FOFO,KA,189.0,190.0,9.46,379.0,0,1,50.131926121372025,189.0,100-200,50%-60%
Frozen Bottle,2026-09-01,WK 36,Malleswaram,Swiggy,Snacks,FOFO,KA,351.01,39.99,16.56,371.0,0,1,10.778975741239892,351.01,300-400,10%-20%
Frozen Bottle,2026-09-01,WK 36,Malleswaram,Zomato,Dinner,FOFO,KA,1205.9,600.1,60.3,1736.0,0,6,34.56797235023041,200.98333333333335,200-300,30%-40%
Frozen Bottle,2026-09-01,WK 36,Malleswaram,Zomato,Lunch,FOFO,KA,109.0,100.0,5.46,199.0,0,1,50.25125628140703,109.0,100-200,50%-60%
Frozen Bottle,2026-09-01,WK 36,Malleswaram,Zomato,Snacks,FOFO,KA,679.0,250.0,33.96,899.0,0,2,27.808676307007786,339.5,300-400,20%-30%
Madno,2026-09-01,WK 36,Malleswaram,Swiggy,Dinner,FOFO,KA,200.0,0.0,9.5,190.0,0,1,0.0,200.0,100-200,0%
Madno,2026-09-01,WK 36,Malleswaram,Swiggy,Lunch,FOFO,KA,99.0,42.0,4.96,141.0,0,1,29.78723404255319,99.0,0-100,20%-30%
Madno,2026-09-01,WK 36,Malleswaram,Zomato,Late Night,FOFO,KA,210.0,100.0,10.5,300.0,0,1,33.33333333333333,210.0,200-300,30%-40%
Madno,2026-09-01,WK 36,Malleswaram,Zomato,Lunch,FOFO,KA,200.0,0.0,10.0,190.0,0,1,0.0,200.0,100-200,0%
Frozen Bottle,2026-09-01,WK 36,Mangalore,In Store,Dinner,FOFO,KA,752.5,0.0,37.620000000000005,752.5,0,4,0.0,188.125,100-200,0%
Frozen Bottle,2026-09-01,WK 36,Mangalore,Swiggy,Closing,FOFO,KA,680.0,160.0,32.5,810.0,0,2,19.753086419753085,340.0,300-400,10%-20%
Frozen Bottle,2026-09-01,WK 36,Mangalore,Swiggy,Dinner,FOFO,KA,508.0,62.0,24.92,560.0,0,2,11.071428571428571,254.0,200-300,10%-20%
Frozen Bottle,2026-09-01,WK 36,Mangalore,Swiggy,Late Night,FOFO,KA,660.0,100.0,31.5,730.0,0,2,13.698630136986301,330.0,300-400,10%-20%
Frozen Bottle,2026-09-01,WK 36,Mangalore,Swiggy,Lunch,FOFO,KA,405.8,55.2,19.3,441.0,0,2,12.51700680272109,202.9,200-300,10%-20%
Frozen Bottle,2026-09-01,WK 36,Mangalore,Swiggy,Snacks,FOFO,KA,250.0,40.0,12.0,280.0,0,1,14.285714285714285,250.0,200-300,10%-20%
Frozen Bottle,2026-09-01,WK 36,Mangalore,Zomato,Dinner,FOFO,KA,820.0,200.0,41.0,990.0,0,3,20.2020202020202,273.3333333333333,200-300,20%-30%
Frozen Bottle,2026-09-01,WK 36,Mangalore,Zomato,Late Night,FOFO,KA,395.0,175.0,19.759999999999998,550.0,0,2,31.818181818181817,197.5,100-200,30%-40%
Frozen Bottle,2026-09-01,WK 36,Mangalore,Zomato,Lunch,FOFO,KA,991.0,100.0,49.56,1051.0,0,3,9.514747859181732,330.3333333333333,300-400,1%-10%
Frozen Bottle,2026-09-01,WK 36,Manikonda,Swiggy,Dinner,FOFO,AP & TL,570.0,0.0,27.5,550.0,0,1,0.0,570.0,500-600,0%
Frozen Bottle,2026-09-01,WK 36,Manipal,In Store,Breakfast,COCO,KA,199.0,0.0,9.96,199.0,0,1,0.0,199.0,100-200,0%
Frozen Bottle,2026-09-01,WK 36,Manipal,In Store,Dinner,COCO,KA,2964.0,0.0,148.28,2964.0,0,11,0.0,269.45454545454544,200-300,0%
Frozen Bottle,2026-09-01,WK 36,Manipal,In Store,Lunch,COCO,KA,346.0,0.0,17.3,346.0,0,1,0.0,346.0,300-400,0%
Frozen Bottle,2026-09-01,WK 36,Manipal,In Store,Snacks,COCO,KA,932.0,0.0,46.660000000000004,932.0,0,6,0.0,155.33333333333334,100-200,0%
Frozen Bottle,2026-09-01,WK 36,Manipal,Swiggy,Breakfast,COCO,KA,129.0,80.0,5.96,199.0,0,1,40.20100502512563,129.0,100-200,40%-50%
Frozen Bottle,2026-09-01,WK 36,Manipal,Swiggy,Dinner,COCO,KA,2367.8,1410.2,111.44,3638.0,0,12,38.76305662451897,197.3166666666667,100-200,30%-40%
Frozen Bottle,2026-09-01,WK 36,Manipal,Swiggy,Lunch,COCO,KA,1367.01,750.99,64.36,2038.0,0,5,36.84936211972522,273.402,200-300,30%-40%
Frozen Bottle,2026-09-01,WK 36,Manipal,Swiggy,Snacks,COCO,KA,1013.56,953.44,46.2,1877.0,0,6,50.79595098561535,168.92666666666665,100-200,50%-60%
Frozen Bottle,2026-09-01,WK 36,Manipal,Zomato,Breakfast,COCO,KA,210.0,0.0,10.5,200.0,0,1,0.0,210.0,200-300,0%
Frozen Bottle,2026-09-01,WK 36,Manipal,Zomato,Dinner,COCO,KA,760.0,600.0,38.0,1320.0,0,4,45.45454545454545,190.0,100-200,40%-50%
Frozen Bottle,2026-09-01,WK 36,Manipal,Zomato,Lunch,COCO,KA,209.0,100.0,10.46,299.0,0,1,33.44481605351171,209.0,200-300,30%-40%
Frozen Bottle,2026-09-01,WK 36,Manipal,Zomato,Snacks,COCO,KA,1535.8,807.2,76.8,2273.0,0,4,35.51253849538056,383.95,300-400,30%-40%
Madno,2026-09-01,WK 36,Manipal,Swiggy,Dinner,COCO,KA,590.0,0.0,28.5,570.0,0,2,0.0,295.0,200-300,0%
Madno,2026-09-01,WK 36,Manipal,Zomato,Lunch,COCO,KA,461.0,441.0,23.06,882.0,0,1,50.0,461.0,400-500,40%-50%
Madno,2026-09-01,WK 36,Manipal,Zomato,Snacks,COCO,KA,211.0,200.0,10.56,401.0,0,1,49.87531172069826,211.0,200-300,40%-50%
Boba Bar,2026-09-01,WK 36,Manpada - CF CK,Swiggy,Lunch,COCO,MH,211.0,60.0,10.06,261.0,0,1,22.988505747126435,211.0,200-300,20%-30%
Boba Bar,2026-09-01,WK 36,Manpada - CF CK,Swiggy,Snacks,COCO,MH,218.0,183.0,9.9,381.0,0,1,48.031496062992126,218.0,200-300,40%-50%
Frozen Bottle,2026-09-01,WK 36,Manpada - CF CK,Swiggy,Dinner,COCO,MH,1199.0,783.0,56.46,1912.0,0,6,40.95188284518829,199.83333333333334,100-200,40%-50%
Frozen Bottle,2026-09-01,WK 36,Manpada - CF CK,Swiggy,Late Night,COCO,MH,427.0,213.0,19.86,610.0,0,2,34.91803278688524,213.5,200-300,30%-40%
Frozen Bottle,2026-09-01,WK 36,Manpada - CF CK,Swiggy,Lunch,COCO,MH,841.0,640.0,39.08,1421.0,0,4,45.0387051372273,210.25,200-300,40%-50%
Frozen Bottle,2026-09-01,WK 36,Manpada - CF CK,Swiggy,Snacks,COCO,MH,1280.0,456.0,61.0,1676.0,0,4,27.20763723150358,320.0,300-400,20%-30%
Frozen Bottle,2026-09-01,WK 36,Manpada - CF CK,Zomato,Dinner,COCO,MH,3297.85,2270.33,164.94,5368.18,0,11,42.29235979419468,299.80454545454546,200-300,40%-50%
Frozen Bottle,2026-09-01,WK 36,Manpada - CF CK,Zomato,Late Night,COCO,MH,122.5,137.5,6.12,250.0,0,1,55.00000000000001,122.5,100-200,50%-60%
Frozen Bottle,2026-09-01,WK 36,Manpada - CF CK,Zomato,Lunch,COCO,MH,1676.2,552.8,83.82000000000001,2159.0,0,4,25.604446503010653,419.05,400-500,20%-30%
Frozen Bottle,2026-09-01,WK 36,Manpada - CF CK,Zomato,Snacks,COCO,MH,1355.52,686.48,67.80000000000001,1972.0,0,3,34.81135902636917,451.84,400-500,30%-40%
Madno,2026-09-01,WK 36,Manpada - CF CK,Swiggy,Closing,COCO,MH,266.0,64.0,12.8,320.0,0,1,20.0,266.0,200-300,10%-20%
Madno,2026-09-01,WK 36,Manpada - CF CK,Swiggy,Snacks,COCO,MH,159.0,61.0,7.96,220.0,0,1,27.727272727272727,159.0,100-200,20%-30%
Madno,2026-09-01,WK 36,Manpada - CF CK,Zomato,Dinner,COCO,MH,581.0,271.0,29.06,822.0,0,1,32.968369829683695,581.0,500-600,30%-40%
Frozen Bottle,2026-09-01,WK 36,Mansarovar,In Store,Dinner,FOFO,ROI,1858.0,0.0,92.94,1858.0,0,6,0.0,309.6666666666667,300-400,0%
Frozen Bottle,2026-09-01,WK 36,Mansarovar,In Store,Snacks,FOFO,ROI,1093.0,0.0,54.68,1093.0,0,4,0.0,273.25,200-300,0%
Frozen Bottle,2026-09-01,WK 36,Mansarovar,Swiggy,Closing,FOFO,ROI,129.0,101.0,6.46,230.0,0,1,43.913043478260875,129.0,100-200,40%-50%
Frozen Bottle,2026-09-01,WK 36,Mansarovar,Swiggy,Dinner,FOFO,ROI,376.0,345.0,17.32,691.0,0,3,49.92764109985528,125.33333333333333,100-200,40%-50%
Frozen Bottle,2026-09-01,WK 36,Mansarovar,Swiggy,Late Night,FOFO,ROI,376.57,441.98,16.34,768.55,0,3,57.50829484093424,125.52333333333333,100-200,50%-60%
Frozen Bottle,2026-09-01,WK 36,Mansarovar,Swiggy,Snacks,FOFO,ROI,566.0,464.0,26.82,1000.0,0,2,46.400000000000006,283.0,200-300,40%-50%
Frozen Bottle,2026-09-01,WK 36,Mansarovar,Zomato,Closing,FOFO,ROI,220.0,200.0,11.0,410.0,0,1,48.78048780487805,220.0,200-300,40%-50%
Frozen Bottle,2026-09-01,WK 36,Mansarovar,Zomato,Lunch,FOFO,ROI,570.0,150.0,28.5,700.0,0,2,21.428571428571427,285.0,200-300,20%-30%
Frozen Bottle,2026-09-01,WK 36,Mansarovar,Zomato,Snacks,FOFO,ROI,418.0,200.0,20.9,598.0,0,1,33.44481605351171,418.0,400-500,30%-40%
Frozen Bottle,2026-09-01,WK 36,Marathahalli,In Store,Dinner,FOFO,KA,1362.85,0.0,68.16,1362.85,0,6,0.0,227.14166666666665,200-300,0%
Frozen Bottle,2026-09-01,WK 36,Marathahalli,In Store,Late Night,FOFO,KA,1143.9,0.0,57.22,1143.9,0,3,0.0,381.3,300-400,0%
Frozen Bottle,2026-09-01,WK 36,Marathahalli,In Store,Lunch,FOFO,KA,88.05,0.0,4.42,88.05,0,2,0.0,44.025,0-100,0%
Frozen Bottle,2026-09-01,WK 36,Marathahalli,In Store,Snacks,FOFO,KA,238.0,0.0,11.920000000000002,238.0,0,2,0.0,119.0,100-200,0%
Frozen Bottle,2026-09-01,WK 36,Marathahalli,Zomato,Dinner,FOFO,KA,399.0,0.0,19.96,379.0,0,2,0.0,199.5,100-200,0%
Frozen Bottle,2026-09-01,WK 36,Marathahalli,Zomato,Late Night,FOFO,KA,1709.33,0.0,85.48,1639.33,0,5,0.0,341.866,300-400,0%
Frozen Bottle,2026-09-01,WK 36,Marathahalli,Zomato,Snacks,FOFO,KA,240.0,0.0,12.0,230.0,0,1,0.0,240.0,200-300,0%
Frozen Bottle,2026-09-01,WK 36,Margaon- Goa,In Store,Dinner,FOFO,ROI,1509.0,0.0,75.48,1509.0,0,6,0.0,251.5,200-300,0%
Frozen Bottle,2026-09-01,WK 36,Margaon- Goa,In Store,Lunch,FOFO,ROI,1740.0,0.0,87.02,1740.0,0,5,0.0,348.0,300-400,0%
Frozen Bottle,2026-09-01,WK 36,Margaon- Goa,In Store,Snacks,FOFO,ROI,2816.0,0.0,140.82,2816.0,0,6,0.0,469.3333333333333,400-500,0%
Frozen Bottle,2026-09-01,WK 36,Margaon- Goa,Swiggy,Dinner,FOFO,ROI,2087.02,420.98,100.88,2438.0,0,5,17.267432321575065,417.404,400-500,10%-20%
Frozen Bottle,2026-09-01,WK 36,Margaon- Goa,Swiggy,Lunch,FOFO,ROI,290.0,40.0,14.0,320.0,0,1,12.5,290.0,200-300,10%-20%
Frozen Bottle,2026-09-01,WK 36,Margaon- Goa,Zomato,Dinner,FOFO,ROI,550.0,0.0,27.5,540.0,0,1,0.0,550.0,500-600,0%
Frozen Bottle,2026-09-01,WK 36,Margaon- Goa,Zomato,Lunch,FOFO,ROI,240.0,0.0,12.0,230.0,0,1,0.0,240.0,200-300,0%
Frozen Bottle,2026-09-01,WK 36,Margaon- Goa,Zomato,Snacks,FOFO,ROI,1109.0,100.0,55.46,1159.0,0,3,8.628127696289905,369.6666666666667,300-400,1%-10%
Frozen Bottle,2026-09-01,WK 36,Marol - CF CK,Swiggy,Closing,COCO,MH,178.0,112.0,8.4,280.0,0,1,40.0,178.0,100-200,30%-40%
Frozen Bottle,2026-09-01,WK 36,Marol - CF CK,Swiggy,Dinner,COCO,MH,2255.0,1493.0,106.28,3618.0,0,12,41.26589275843007,187.91666666666666,100-200,40%-50%
Frozen Bottle,2026-09-01,WK 36,Marol - CF CK,Swiggy,Late Night,COCO,MH,833.0,346.0,39.66,1139.0,0,3,30.37752414398595,277.6666666666667,200-300,30%-40%
Frozen Bottle,2026-09-01,WK 36,Marol - CF CK,Swiggy,Lunch,COCO,MH,1035.0,437.0,49.260000000000005,1422.0,0,4,30.73136427566807,258.75,200-300,30%-40%
Frozen Bottle,2026-09-01,WK 36,Marol - CF CK,Swiggy,Snacks,COCO,MH,1348.0,112.0,64.9,1410.0,0,2,7.9432624113475185,674.0,600-900,1%-10%
Frozen Bottle,2026-09-01,WK 36,Marol - CF CK,Zomato,Closing,COCO,MH,225.0,75.0,11.26,290.0,0,1,25.862068965517242,225.0,200-300,20%-30%
Frozen Bottle,2026-09-01,WK 36,Marol - CF CK,Zomato,Dinner,COCO,MH,2424.2,1263.8,121.24000000000001,3568.0,0,8,35.42040358744394,303.025,300-400,30%-40%
Frozen Bottle,2026-09-01,WK 36,Marol - CF CK,Zomato,Late Night,COCO,MH,311.0,281.0,15.56,562.0,0,1,50.0,311.0,300-400,40%-50%
Frozen Bottle,2026-09-01,WK 36,Marol - CF CK,Zomato,Snacks,COCO,MH,605.0,405.0,30.259999999999998,970.0,0,4,41.75257731958763,151.25,100-200,40%-50%
Madno,2026-09-01,WK 36,Marol - CF CK,Swiggy,Late Night,COCO,MH,234.0,96.0,11.2,320.0,0,1,30.0,234.0,200-300,20%-30%
Madno,2026-09-01,WK 36,Marol - CF CK,Zomato,Dinner,COCO,MH,161.0,150.0,8.06,301.0,0,1,49.83388704318937,161.0,100-200,40%-50%
Frozen Bottle,2026-09-01,WK 36,Mathura,In Store,Lunch,FOFO,ROI,398.0,0.0,19.9,398.0,0,1,0.0,398.0,300-400,0%
Frozen Bottle,2026-09-01,WK 36,Mathura,Swiggy,Dinner,FOFO,ROI,437.01,31.99,20.86,449.0,0,1,7.124721603563475,437.01,400-500,1%-10%
Frozen Bottle,2026-09-01,WK 36,Mathura,Zomato,Late Night,FOFO,ROI,854.0,125.0,42.72,939.0,0,2,13.312034078807242,427.0,400-500,10%-20%
Frozen Bottle,2026-09-01,WK 36,Medavakkam,In Store,Dinner,FOFO,TN,3694.5,0.0,184.82,3694.5,0,14,0.0,263.89285714285717,200-300,0%
Frozen Bottle,2026-09-01,WK 36,Medavakkam,In Store,Lunch,FOFO,TN,418.0,0.0,20.9,418.0,0,1,0.0,418.0,400-500,0%
Frozen Bottle,2026-09-01,WK 36,Medavakkam,In Store,Snacks,FOFO,TN,644.5,0.0,32.239999999999995,644.5,0,4,0.0,161.125,100-200,0%
Frozen Bottle,2026-09-01,WK 36,Medavakkam,Swiggy,Breakfast,FOFO,TN,261.0,60.0,12.56,311.0,0,1,19.292604501607716,261.0,200-300,10%-20%
Frozen Bottle,2026-09-01,WK 36,Medavakkam,Swiggy,Dinner,FOFO,TN,2422.2799999999997,388.72,117.14,2731.0,0,5,14.233614060783598,484.45599999999996,400-500,10%-20%
Frozen Bottle,2026-09-01,WK 36,Medavakkam,Swiggy,Late Night,FOFO,TN,184.8,55.2,8.74,230.0,0,1,24.000000000000004,184.8,100-200,20%-30%
Frozen Bottle,2026-09-01,WK 36,Medavakkam,Swiggy,Snacks,FOFO,TN,1118.01,171.99,53.42,1240.0,0,4,13.87016129032258,279.5025,200-300,10%-20%
Frozen Bottle,2026-09-01,WK 36,Medavakkam,Zomato,Dinner,FOFO,TN,680.0,100.0,34.019999999999996,750.0,0,2,13.333333333333334,340.0,300-400,10%-20%
Frozen Bottle,2026-09-01,WK 36,Medavakkam,Zomato,Late Night,FOFO,TN,400.0,0.0,20.0,390.0,0,1,0.0,400.0,300-400,0%
Frozen Bottle,2026-09-01,WK 36,Meenakshi Mall,In Store,Breakfast,COCO,KA,188.96,69.04,9.46,258.0,0,2,26.75968992248062,94.48,0-100,20%-30%
Frozen Bottle,2026-09-01,WK 36,Meenakshi Mall,In Store,Dinner,COCO,KA,945.0,0.0,47.300000000000004,945.0,0,5,0.0,189.0,100-200,0%
Frozen Bottle,2026-09-01,WK 36,Meenakshi Mall,In Store,Lunch,COCO,KA,765.0,0.0,38.260000000000005,765.0,0,3,0.0,255.0,200-300,0%
Frozen Bottle,2026-09-01,WK 36,Meenakshi Mall,In Store,Snacks,COCO,KA,710.87,143.13,35.58,854.0,0,6,16.759953161592506,118.47833333333334,100-200,10%-20%
Frozen Bottle,2026-09-01,WK 36,Meenakshi Mall,Swiggy,Dinner,COCO,KA,1086.56,655.44,50.84,1672.0,0,5,39.20095693779905,217.31199999999998,200-300,30%-40%
Frozen Bottle,2026-09-01,WK 36,Meenakshi Mall,Swiggy,Lunch,COCO,KA,228.0,112.0,10.9,330.0,0,1,33.939393939393945,228.0,200-300,30%-40%
Frozen Bottle,2026-09-01,WK 36,Meenakshi Mall,Swiggy,Snacks,COCO,KA,468.0,112.0,22.4,560.0,0,1,20.0,468.0,400-500,10%-20%
Frozen Bottle,2026-09-01,WK 36,Meenakshi Mall,Zomato,Dinner,COCO,KA,476.5,512.5,23.84,949.0,0,2,54.00421496311907,238.25,200-300,50%-60%
Frozen Bottle,2026-09-01,WK 36,Meenakshi Mall,Zomato,Lunch,COCO,KA,581.5,288.5,29.08,840.0,0,2,34.345238095238095,290.75,200-300,30%-40%
Frozen Bottle,2026-09-01,WK 36,Meenakshi Mall,Zomato,Snacks,COCO,KA,290.0,50.0,14.5,330.0,0,1,15.151515151515152,290.0,200-300,10%-20%
Madno,2026-09-01,WK 36,Meenakshi Mall,Ownly,Dinner,COCO,KA,528.0,0.0,26.4,528.0,0,3,0.0,176.0,100-200,0%
Boba Bar,2026-09-01,WK 36,Mira Road,Swiggy,Snacks,COCO,MH,159.0,91.0,7.96,250.0,0,1,36.4,159.0,100-200,30%-40%
Frozen Bottle,2026-09-01,WK 36,Mira Road,In Store,Dinner,COCO,MH,2309.85,1732.84,115.5,4042.69,0,13,42.863538881289436,177.68076923076922,100-200,40%-50%
Frozen Bottle,2026-09-01,WK 36,Mira Road,In Store,Snacks,COCO,MH,114.87,143.13,5.74,258.0,0,1,55.47674418604651,114.87,100-200,50%-60%
Frozen Bottle,2026-09-01,WK 36,Mira Road,Swiggy,Dinner,COCO,MH,190.0,72.0,9.5,262.0,0,1,27.480916030534353,190.0,100-200,20%-30%
Frozen Bottle,2026-09-01,WK 36,Mira Road,Swiggy,Lunch,COCO,MH,758.86,414.99,35.44,1123.85,0,3,36.92574631845888,252.95333333333335,200-300,30%-40%
Frozen Bottle,2026-09-01,WK 36,Mira Road,Swiggy,Snacks,COCO,MH,149.0,112.0,6.96,251.0,0,1,44.6215139442231,149.0,100-200,40%-50%
Frozen Bottle,2026-09-01,WK 36,Mira Road,Zomato,Dinner,COCO,MH,626.6600000000001,406.67,31.34,993.3299999999999,0,2,40.94007026869218,313.33000000000004,300-400,40%-50%
Frozen Bottle,2026-09-01,WK 36,Mira Road,Zomato,Lunch,COCO,MH,701.0,500.0,35.04,1161.0,0,2,43.06632213608958,350.5,300-400,40%-50%
Frozen Bottle,2026-09-01,WK 36,Mira Road,Zomato,Snacks,COCO,MH,430.0,150.0,21.5,560.0,0,2,26.785714285714285,215.0,200-300,20%-30%
Madno,2026-09-01,WK 36,Mira Road,Swiggy,Dinner,COCO,MH,599.0,503.85,28.96,1082.85,0,2,46.52999030336613,299.5,200-300,40%-50%
Madno,2026-09-01,WK 36,Mira Road,Zomato,Dinner,COCO,MH,341.0,321.0,17.06,642.0,0,1,50.0,341.0,300-400,40%-50%
Frozen Bottle,2026-09-01,WK 36,Miraya Rose,In Store,Breakfast,COCO,KA,199.0,0.0,9.96,199.0,0,1,0.0,199.0,100-200,0%
Frozen Bottle,2026-09-01,WK 36,Miraya Rose,In Store,Dinner,COCO,KA,2272.2200000000003,931.01,113.64,3203.23,0,19,29.06472529290747,119.59052631578949,100-200,20%-30%
Frozen Bottle,2026-09-01,WK 36,Miraya Rose,In Store,Late Night,COCO,KA,99.0,0.0,4.96,99.0,0,1,0.0,99.0,0-100,0%
Frozen Bottle,2026-09-01,WK 36,Miraya Rose,In Store,Lunch,COCO,KA,159.0,0.0,7.96,159.0,0,1,0.0,159.0,100-200,0%
Frozen Bottle,2026-09-01,WK 36,Miraya Rose,In Store,Snacks,COCO,KA,308.0,0.0,15.420000000000002,308.0,0,2,0.0,154.0,100-200,0%
Frozen Bottle,2026-09-01,WK 36,Miraya Rose,Ownly,Dinner,COCO,KA,254.0,0.0,12.7,254.0,0,1,0.0,254.0,200-300,0%
Frozen Bottle,2026-09-01,WK 36,Miraya Rose,Swiggy,Dinner,COCO,KA,686.0,720.0,33.3,1386.0,0,4,51.94805194805194,171.5,100-200,50%-60%
Frozen Bottle,2026-09-01,WK 36,Miraya Rose,Swiggy,Late Night,COCO,KA,458.01,111.99,21.4,540.0,0,1,20.738888888888887,458.01,400-500,20%-30%
Frozen Bottle,2026-09-01,WK 36,Miraya Rose,Swiggy,Snacks,COCO,KA,955.0,366.0,46.76,1301.0,0,2,28.132205995388166,477.5,400-500,20%-30%
Frozen Bottle,2026-09-01,WK 36,Miraya Rose,Zomato,Dinner,COCO,KA,483.0,200.0,24.16,663.0,0,2,30.165912518853695,241.5,200-300,30%-40%
Frozen Bottle,2026-09-01,WK 36,Miraya Rose,Zomato,Late Night,COCO,KA,999.5,359.5,49.980000000000004,1319.0,0,4,27.25549658832449,249.875,200-300,20%-30%
Frozen Bottle,2026-09-01,WK 36,Miraya Rose,Zomato,Lunch,COCO,KA,1005.0,615.0,50.26,1570.0,0,4,39.171974522293,251.25,200-300,30%-40%
Frozen Bottle,2026-09-01,WK 36,Miraya Rose,Zomato,Snacks,COCO,KA,601.0,350.0,30.060000000000002,921.0,0,2,38.00217155266015,300.5,300-400,30%-40%
Madno,2026-09-01,WK 36,Miraya Rose,Ownly,Dinner,COCO,KA,160.0,0.0,8.0,160.0,0,1,0.0,160.0,100-200,0%
Madno,2026-09-01,WK 36,Miraya Rose,Swiggy,Late Night,COCO,KA,184.8,55.2,8.74,230.0,0,1,24.000000000000004,184.8,100-200,20%-30%
Madno,2026-09-01,WK 36,Miraya Rose,Swiggy,Lunch,COCO,KA,900.02,282.83,43.0,1142.85,0,1,24.74777967362296,900.02,>900,20%-30%
Madno,2026-09-01,WK 36,Miraya Rose,Swiggy,Snacks,COCO,KA,176.0,64.0,8.3,230.0,0,1,27.82608695652174,176.0,100-200,20%-30%
Madno,2026-09-01,WK 36,Miraya Rose,Zomato,Late Night,COCO,KA,451.0,351.0,22.560000000000002,772.0,0,2,45.46632124352332,225.5,200-300,40%-50%
Frozen Bottle,2026-09-01,WK 36,Mirzapur,Swiggy,Snacks,FOFO,ROI,379.0,0.0,18.46,369.0,0,1,0.0,379.0,300-400,0%
Boba Bar,2026-09-01,WK 36,Mogappair,Swiggy,Late Night,COCO,TN,120.0,126.66,5.0,226.66,0,1,55.88105532515662,120.0,100-200,50%-60%
Boba Bar,2026-09-01,WK 36,Mogappair,Swiggy,Lunch,COCO,TN,198.0,140.0,8.9,318.0,0,1,44.0251572327044,198.0,100-200,40%-50%
Boba Bar,2026-09-01,WK 36,Mogappair,Swiggy,Snacks,COCO,TN,768.0,354.85,36.9,1092.85,0,1,32.470146863705,768.0,600-900,30%-40%
Frozen Bottle,2026-09-01,WK 36,Mogappair,In Store,Dinner,COCO,TN,2461.91,74.09,123.16,2536.0,0,13,2.921529968454259,189.37769230769229,100-200,1%-10%
Frozen Bottle,2026-09-01,WK 36,Mogappair,In Store,Lunch,COCO,TN,704.0,0.0,35.22,704.0,0,4,0.0,176.0,100-200,0%
Frozen Bottle,2026-09-01,WK 36,Mogappair,In Store,Snacks,COCO,TN,1741.82,674.41,87.12,2416.23,0,10,27.911664038605593,174.182,100-200,20%-30%
Frozen Bottle,2026-09-01,WK 36,Mogappair,Swiggy,Dinner,COCO,TN,1979.68,1212.98,92.52000000000001,3062.66,0,9,39.60544102185682,219.96444444444444,200-300,30%-40%
Frozen Bottle,2026-09-01,WK 36,Mogappair,Swiggy,Late Night,COCO,TN,739.12,526.88,34.46,1216.0,0,4,43.32894736842105,184.78,100-200,40%-50%
Frozen Bottle,2026-09-01,WK 36,Mogappair,Swiggy,Lunch,COCO,TN,2699.41,759.44,128.98,3338.85,0,8,22.74555610464681,337.42625,300-400,20%-30%
Frozen Bottle,2026-09-01,WK 36,Mogappair,Swiggy,Snacks,COCO,TN,2673.12,782.88,128.2,3346.0,0,9,23.397489539748953,297.0133333333333,200-300,20%-30%
Frozen Bottle,2026-09-01,WK 36,Mogappair,Zomato,Dinner,COCO,TN,1170.9,689.1,58.56,1800.0,0,4,38.28333333333334,292.725,200-300,30%-40%
Frozen Bottle,2026-09-01,WK 36,Mogappair,Zomato,Late Night,COCO,TN,1359.5,528.5,68.0,1828.0,0,5,28.911378555798688,271.9,200-300,20%-30%
Frozen Bottle,2026-09-01,WK 36,Mogappair,Zomato,Lunch,COCO,TN,845.29,474.86,42.28,1250.15,0,3,37.98424189097308,281.7633333333333,200-300,30%-40%
Frozen Bottle,2026-09-01,WK 36,Mogappair,Zomato,Snacks,COCO,TN,1732.5,1064.51,86.68,2707.01,0,5,39.32419902401542,346.5,300-400,30%-40%
Madno,2026-09-01,WK 36,Mogappair,Swiggy,Dinner,COCO,TN,867.3199999999999,279.01,40.86,1096.33,0,4,25.449454087729062,216.82999999999998,200-300,20%-30%
Madno,2026-09-01,WK 36,Mogappair,Swiggy,Lunch,COCO,TN,451.0,152.0,21.06,573.0,0,1,26.527050610820247,451.0,400-500,20%-30%
Madno,2026-09-01,WK 36,Mogappair,Swiggy,Snacks,COCO,TN,169.0,155.33,7.46,304.33,0,1,51.039989485098424,169.0,100-200,50%-60%
Madno,2026-09-01,WK 36,Mogappair,Zomato,Dinner,COCO,TN,1472.0,972.0,73.6,2344.0,0,5,41.467576791808874,294.4,200-300,40%-50%
Madno,2026-09-01,WK 36,Mogappair,Zomato,Late Night,COCO,TN,611.0,401.0,30.56,982.0,0,2,40.835030549898164,305.5,300-400,40%-50%
Madno,2026-09-01,WK 36,Mogappair,Zomato,Lunch,COCO,TN,334.5,295.5,16.740000000000002,600.0,0,2,49.25,167.25,100-200,40%-50%
Madno,2026-09-01,WK 36,Mogappair,Zomato,Snacks,COCO,TN,650.0,230.0,32.519999999999996,840.0,0,3,27.380952380952383,216.66666666666666,200-300,20%-30%
Frozen Bottle,2026-09-01,WK 36,Mulund,In Store,Dinner,COCO,MH,1934.38,955.62,96.75999999999999,2890.0,0,10,33.06643598615917,193.43800000000002,100-200,30%-40%
Frozen Bottle,2026-09-01,WK 36,Mulund,In Store,Lunch,COCO,MH,1164.94,419.29,58.28,1584.23,0,8,26.4664852956957,145.6175,100-200,20%-30%
Frozen Bottle,2026-09-01,WK 36,Mulund,In Store,Snacks,COCO,MH,1737.05,0.0,86.9,1737.05,0,8,0.0,217.13125,200-300,0%
Frozen Bottle,2026-09-01,WK 36,Mulund,Swiggy,Dinner,COCO,MH,2264.0,1519.6599999999999,106.74,3653.66,0,7,41.59281378124948,323.42857142857144,300-400,40%-50%
Frozen Bottle,2026-09-01,WK 36,Mulund,Swiggy,Late Night,COCO,MH,603.0,477.0,28.16,1040.0,0,3,45.86538461538461,201.0,200-300,40%-50%
Frozen Bottle,2026-09-01,WK 36,Mulund,Swiggy,Lunch,COCO,MH,551.0,457.0,25.06,958.0,0,2,47.7035490605428,275.5,200-300,40%-50%
Frozen Bottle,2026-09-01,WK 36,Mulund,Swiggy,Snacks,COCO,MH,397.0,112.0,18.86,489.0,0,2,22.903885480572598,198.5,100-200,20%-30%
Frozen Bottle,2026-09-01,WK 36,Mulund,Zomato,Dinner,COCO,MH,2413.1,1314.91,120.7,3608.01,0,9,36.444189456237645,268.1222222222222,200-300,30%-40%
Frozen Bottle,2026-09-01,WK 36,Mulund,Zomato,Late Night,COCO,MH,1324.9,423.1,66.25999999999999,1668.0,0,4,25.36570743405276,331.225,300-400,20%-30%
Frozen Bottle,2026-09-01,WK 36,Mulund,Zomato,Lunch,COCO,MH,155.0,145.0,7.76,290.0,0,1,50.0,155.0,100-200,40%-50%
Frozen Bottle,2026-09-01,WK 36,Mulund,Zomato,Snacks,COCO,MH,526.0,415.0,26.32,911.0,0,3,45.554335894621296,175.33333333333334,100-200,40%-50%
Madno,2026-09-01,WK 36,Mulund,Swiggy,Dinner,COCO,MH,246.0,64.0,11.8,300.0,0,1,21.333333333333336,246.0,200-300,20%-30%
Madno,2026-09-01,WK 36,Mulund,Zomato,Snacks,COCO,MH,212.0,150.0,10.6,342.0,0,1,43.859649122807014,212.0,200-300,40%-50%
Boba Bar,2026-09-01,WK 36,Nagadevanahally,Zomato,Dinner,FOFO,KA,200.0,0.0,10.0,190.0,0,1,0.0,200.0,100-200,0%
Frozen Bottle,2026-09-01,WK 36,Nagadevanahally,In Store,Breakfast,FOFO,KA,117.0,0.0,5.86,117.0,0,1,0.0,117.0,100-200,0%
Frozen Bottle,2026-09-01,WK 36,Nagadevanahally,In Store,Dinner,FOFO,KA,1437.0,0.0,71.88,1437.0,0,6,0.0,239.5,200-300,0%
Frozen Bottle,2026-09-01,WK 36,Nagadevanahally,In Store,Lunch,FOFO,KA,99.0,0.0,4.96,99.0,0,1,0.0,99.0,0-100,0%
Frozen Bottle,2026-09-01,WK 36,Nagadevanahally,In Store,Snacks,FOFO,KA,177.0,0.0,8.879999999999999,177.0,0,3,0.0,59.0,0-100,0%
Frozen Bottle,2026-09-01,WK 36,Nagadevanahally,Swiggy,Dinner,FOFO,KA,325.15999999999997,461.84,14.260000000000002,747.0,0,2,61.82597054886211,162.57999999999998,100-200,60%-70%
Frozen Bottle,2026-09-01,WK 36,Nagadevanahally,Swiggy,Lunch,FOFO,KA,910.41,589.59,43.019999999999996,1450.0,0,3,40.66137931034483,303.46999999999997,300-400,40%-50%
Frozen Bottle,2026-09-01,WK 36,Nagadevanahally,Swiggy,Snacks,FOFO,KA,180.0,218.0,9.0,398.0,0,1,54.773869346733676,180.0,100-200,50%-60%
Frozen Bottle,2026-09-01,WK 36,Nagadevanahally,Zomato,Dinner,FOFO,KA,387.5,199.5,19.400000000000002,557.0,0,3,35.81687612208258,129.16666666666666,100-200,30%-40%
Frozen Bottle,2026-09-01,WK 36,Nagadevanahally,Zomato,Lunch,FOFO,KA,125.0,115.0,6.26,230.0,0,1,50.0,125.0,100-200,40%-50%
Madno,2026-09-01,WK 36,Nagadevanahally,Swiggy,Dinner,FOFO,KA,895.0,346.0,44.76,1241.0,0,2,27.880741337630944,447.5,400-500,20%-30%
Madno,2026-09-01,WK 36,Nagadevanahally,Swiggy,Snacks,FOFO,KA,190.0,140.0,9.0,320.0,0,1,43.75,190.0,100-200,40%-50%
Frozen Bottle,2026-09-01,WK 36,Nagarbhavi,In Store,Dinner,FOFO,KA,621.23,0.0,31.080000000000002,621.23,0,3,0.0,207.07666666666668,200-300,0%
Frozen Bottle,2026-09-01,WK 36,Nagarbhavi,In Store,Late Night,FOFO,KA,48.5,0.0,2.42,48.5,0,1,0.0,48.5,0-100,0%
Frozen Bottle,2026-09-01,WK 36,Nagarbhavi,In Store,Lunch,FOFO,KA,526.0,0.0,26.299999999999997,526.0,0,2,0.0,263.0,200-300,0%
Frozen Bottle,2026-09-01,WK 36,Nagarbhavi,In Store,Snacks,FOFO,KA,113.33,0.0,5.66,113.33,0,1,0.0,113.33,100-200,0%
Frozen Bottle,2026-09-01,WK 36,Nagarbhavi,Swiggy,Dinner,FOFO,KA,369.0,110.0,18.46,479.0,0,1,22.964509394572026,369.0,300-400,20%-30%
Frozen Bottle,2026-09-01,WK 36,Nagarbhavi,Swiggy,Snacks,FOFO,KA,111.0,119.0,5.56,230.0,0,1,51.73913043478261,111.0,100-200,50%-60%
Frozen Bottle,2026-09-01,WK 36,Nagarbhavi,Zomato,Dinner,FOFO,KA,3039.6,319.4,152.0,3239.0,0,8,9.861068230935473,379.95,300-400,1%-10%
Frozen Bottle,2026-09-01,WK 36,Nagarbhavi,Zomato,Late Night,FOFO,KA,205.0,75.0,10.26,270.0,0,1,27.77777777777778,205.0,200-300,20%-30%
Frozen Bottle,2026-09-01,WK 36,Nagarbhavi,Zomato,Lunch,FOFO,KA,876.3,209.7,43.84,1036.0,0,4,20.24131274131274,219.075,200-300,20%-30%
Frozen Bottle,2026-09-01,WK 36,Nagarbhavi,Zomato,Snacks,FOFO,KA,1124.0,225.0,56.22,1299.0,0,4,17.321016166281755,281.0,200-300,10%-20%
Frozen Bottle,2026-09-01,WK 36,Nagavara,In Store,Dinner,COCO,KA,4025.32,722.6600000000001,201.42,4747.98,0,28,15.220367398346246,143.76142857142858,100-200,10%-20%
Frozen Bottle,2026-09-01,WK 36,Nagavara,In Store,Lunch,COCO,KA,1354.98,0.0,67.78,1354.98,0,10,0.0,135.498,100-200,0%
Frozen Bottle,2026-09-01,WK 36,Nagavara,In Store,Snacks,COCO,KA,1743.79,143.13,87.24,1886.92,0,10,7.585377228499353,174.379,100-200,1%-10%
Frozen Bottle,2026-09-01,WK 36,Nagavara,Ownly,Dinner,COCO,KA,766.0,0.0,38.3,766.0,0,2,0.0,383.0,300-400,0%
Frozen Bottle,2026-09-01,WK 36,Nagavara,Swiggy,Dinner,COCO,KA,3230.0,1720.0,153.56,4790.0,0,16,35.908141962421716,201.875,200-300,30%-40%
Frozen Bottle,2026-09-01,WK 36,Nagavara,Swiggy,Late Night,COCO,KA,635.0,419.33,30.28,1024.33,0,3,40.93700272373162,211.66666666666666,200-300,40%-50%
Frozen Bottle,2026-09-01,WK 36,Nagavara,Swiggy,Lunch,COCO,KA,1284.0,567.0,61.21999999999999,1791.0,0,3,31.65829145728643,428.0,400-500,30%-40%
Frozen Bottle,2026-09-01,WK 36,Nagavara,Swiggy,Snacks,COCO,KA,798.0,522.0,37.92,1280.0,0,4,40.78125,199.5,100-200,40%-50%
Frozen Bottle,2026-09-01,WK 36,Nagavara,Zomato,Breakfast,COCO,KA,1291.0,150.0,64.56,1401.0,0,2,10.706638115631693,645.5,600-900,10%-20%
Frozen Bottle,2026-09-01,WK 36,Nagavara,Zomato,Dinner,COCO,KA,1461.6599999999999,556.6700000000001,73.12,1948.33,0,6,28.571648540031724,243.60999999999999,200-300,20%-30%
Frozen Bottle,2026-09-01,WK 36,Nagavara,Zomato,Late Night,COCO,KA,410.0,330.0,20.5,710.0,0,2,46.478873239436616,205.0,200-300,40%-50%
Frozen Bottle,2026-09-01,WK 36,Nagavara,Zomato,Lunch,COCO,KA,309.0,50.0,15.46,349.0,0,1,14.326647564469914,309.0,300-400,10%-20%
Frozen Bottle,2026-09-01,WK 36,Nagavara,Zomato,Snacks,COCO,KA,1360.0,700.0,68.0,1990.0,0,4,35.175879396984925,340.0,300-400,30%-40%
Madno,2026-09-01,WK 36,Nagavara,Ownly,Dinner,COCO,KA,96.0,0.0,4.8,96.0,0,1,0.0,96.0,0-100,0%
Madno,2026-09-01,WK 36,Nagavara,Swiggy,Dinner,COCO,KA,310.0,160.0,14.5,450.0,0,2,35.55555555555556,155.0,100-200,30%-40%
Madno,2026-09-01,WK 36,Nagavara,Swiggy,Lunch,COCO,KA,129.0,100.0,5.96,219.0,0,1,45.662100456621005,129.0,100-200,40%-50%
Madno,2026-09-01,WK 36,Nagavara,Swiggy,Snacks,COCO,KA,194.0,96.0,9.2,280.0,0,1,34.285714285714285,194.0,100-200,30%-40%
Madno,2026-09-01,WK 36,Nagavara,Zomato,Dinner,COCO,KA,2018.0,1147.0,100.94,3065.0,0,7,37.42251223491028,288.2857142857143,200-300,30%-40%
Madno,2026-09-01,WK 36,Nagavara,Zomato,Late Night,COCO,KA,215.0,75.0,10.76,280.0,0,1,26.785714285714285,215.0,200-300,20%-30%
Madno,2026-09-01,WK 36,Nagavara,Zomato,Lunch,COCO,KA,386.5,346.5,19.34,693.0,0,2,50.0,193.25,100-200,40%-50%
Madno,2026-09-01,WK 36,Nagavara,Zomato,Snacks,COCO,KA,700.0,180.0,35.0,850.0,0,3,21.176470588235293,233.33333333333334,200-300,20%-30%
Boba Bar,2026-09-01,WK 36,Nalanchira,Swiggy,Snacks,FOFO,Kerela,592.0,0.0,28.6,572.0,0,1,0.0,592.0,500-600,0%
Frozen Bottle,2026-09-01,WK 36,Nalanchira,In Store,Breakfast,FOFO,Kerela,118.05,0.0,5.92,118.05,0,2,0.0,59.025,0-100,0%
Frozen Bottle,2026-09-01,WK 36,Nalanchira,In Store,Dinner,FOFO,Kerela,2252.0,0.0,112.64,2252.0,0,6,0.0,375.3333333333333,300-400,0%
Frozen Bottle,2026-09-01,WK 36,Nalanchira,In Store,Lunch,FOFO,Kerela,1885.0,0.0,94.28,1885.0,0,9,0.0,209.44444444444446,200-300,0%
Frozen Bottle,2026-09-01,WK 36,Nalanchira,In Store,Snacks,FOFO,Kerela,3934.05,0.0,196.82,3934.05,0,17,0.0,231.41470588235296,200-300,0%
Frozen Bottle,2026-09-01,WK 36,Nalanchira,Swiggy,Dinner,FOFO,Kerela,809.0,162.0,38.46,931.0,0,3,17.400644468313644,269.6666666666667,200-300,10%-20%
Frozen Bottle,2026-09-01,WK 36,Nalanchira,Swiggy,Lunch,FOFO,Kerela,597.0,191.0,27.86,748.0,0,3,25.534759358288774,199.0,100-200,20%-30%
Frozen Bottle,2026-09-01,WK 36,Nalanchira,Swiggy,Snacks,FOFO,Kerela,745.0,332.0,34.76,1027.0,0,2,32.327166504381694,372.5,300-400,30%-40%
Frozen Bottle,2026-09-01,WK 36,Nalanchira,Zomato,Dinner,FOFO,Kerela,941.0,0.0,47.06,911.0,0,2,0.0,470.5,400-500,0%
Madno,2026-09-01,WK 36,Nalanchira,Zomato,Breakfast,FOFO,Kerela,601.0,0.0,30.060000000000002,581.0,0,2,0.0,300.5,300-400,0%
Madno,2026-09-01,WK 36,Nalanchira,Zomato,Dinner,FOFO,Kerela,200.0,0.0,9.5,190.0,0,1,0.0,200.0,100-200,0%
Frozen Bottle,2026-09-01,WK 36,Nallagandla,In Store,Dinner,FOFO,AP & TL,368.0,0.0,18.42,368.0,0,2,0.0,184.0,100-200,0%
Boba Bar,2026-09-01,WK 36,Namakkal,Zomato,Dinner,FOFO,TN,291.0,0.0,14.56,281.0,0,1,0.0,291.0,200-300,0%
Frozen Bottle,2026-09-01,WK 36,Namakkal,In Store,Dinner,FOFO,TN,1317.0,0.0,65.88,1317.0,0,5,0.0,263.4,200-300,0%
Frozen Bottle,2026-09-01,WK 36,Namakkal,In Store,Lunch,FOFO,TN,985.0,0.0,49.26,985.0,0,2,0.0,492.5,400-500,0%
Frozen Bottle,2026-09-01,WK 36,Namakkal,In Store,Snacks,FOFO,TN,1361.0,0.0,68.06,1361.0,0,4,0.0,340.25,300-400,0%
Frozen Bottle,2026-09-01,WK 36,Namakkal,Swiggy,Dinner,FOFO,TN,1880.0,0.0,91.02,1820.0,0,4,0.0,470.0,400-500,0%
Frozen Bottle,2026-09-01,WK 36,Namakkal,Swiggy,Lunch,FOFO,TN,861.0,0.0,41.56,831.0,0,1,0.0,861.0,600-900,0%
Frozen Bottle,2026-09-01,WK 36,Namakkal,Swiggy,Snacks,FOFO,TN,291.0,0.0,14.06,281.0,0,1,0.0,291.0,200-300,0%
Frozen Bottle,2026-09-01,WK 36,Namakkal,Zomato,Dinner,FOFO,TN,529.0,0.0,26.46,509.0,0,1,0.0,529.0,500-600,0%
Frozen Bottle,2026-09-01,WK 36,Namakkal,Zomato,Snacks,FOFO,TN,1009.0,0.0,50.48,979.0,0,1,0.0,1009.0,>900,0%
Frozen Bottle,2026-09-01,WK 36,Nanganallur CK,Swiggy,Dinner,COCO,TN,1239.0,687.0,57.46,1836.0,0,3,37.41830065359477,413.0,400-500,30%-40%
Frozen Bottle,2026-09-01,WK 36,Nanganallur CK,Swiggy,Late Night,COCO,TN,653.0,457.0,30.66,1070.0,0,3,42.71028037383178,217.66666666666666,200-300,40%-50%
Frozen Bottle,2026-09-01,WK 36,Nanganallur CK,Swiggy,Lunch,COCO,TN,1052.0,539.0,49.620000000000005,1531.0,0,5,35.20574787720444,210.4,200-300,30%-40%
Frozen Bottle,2026-09-01,WK 36,Nanganallur CK,Swiggy,Snacks,COCO,TN,944.0,224.0,45.2,1128.0,0,3,19.858156028368796,314.6666666666667,300-400,10%-20%
Frozen Bottle,2026-09-01,WK 36,Nanganallur CK,Zomato,Dinner,COCO,TN,683.0,305.0,34.18,948.0,0,3,32.17299578059072,227.66666666666666,200-300,30%-40%
Frozen Bottle,2026-09-01,WK 36,Nanganallur CK,Zomato,Late Night,COCO,TN,1171.5,1002.5,58.6,2104.0,0,4,47.64733840304182,292.875,200-300,40%-50%
Frozen Bottle,2026-09-01,WK 36,Nanganallur CK,Zomato,Lunch,COCO,TN,410.5,310.49,20.54,690.99,0,1,44.9340800879897,410.5,400-500,40%-50%
Frozen Bottle,2026-09-01,WK 36,Nanganallur CK,Zomato,Snacks,COCO,TN,240.0,100.0,12.0,330.0,0,1,30.303030303030305,240.0,200-300,30%-40%
Madno,2026-09-01,WK 36,Nanganallur CK,Swiggy,Dinner,COCO,TN,1556.01,354.99,74.32000000000001,1841.0,0,4,19.282455187398153,389.0025,300-400,10%-20%
Madno,2026-09-01,WK 36,Nanganallur CK,Swiggy,Late Night,COCO,TN,320.0,40.0,15.5,350.0,0,1,11.428571428571429,320.0,300-400,10%-20%
Madno,2026-09-01,WK 36,Nanganallur CK,Swiggy,Lunch,COCO,TN,319.0,1.0,15.96,320.0,0,1,0.3125,319.0,300-400,1%-10%
Madno,2026-09-01,WK 36,Nanganallur CK,Swiggy,Snacks,COCO,TN,540.0,120.0,26.0,640.0,0,1,18.75,540.0,500-600,10%-20%
Madno,2026-09-01,WK 36,Nanganallur CK,Zomato,Dinner,COCO,TN,571.9,80.1,28.599999999999998,632.0,0,2,12.67405063291139,285.95,200-300,10%-20%
Frozen Bottle,2026-09-01,WK 36,Nungambakkam - CK,Swiggy,Dinner,COCO,TN,2242.01,997.99,106.16,3120.0,0,9,31.986858974358974,249.11222222222224,200-300,30%-40%
Frozen Bottle,2026-09-01,WK 36,Nungambakkam - CK,Swiggy,Late Night,COCO,TN,880.0,560.0,41.5,1390.0,0,5,40.28776978417266,176.0,100-200,40%-50%
Frozen Bottle,2026-09-01,WK 36,Nungambakkam - CK,Swiggy,Lunch,COCO,TN,118.0,122.0,5.4,230.0,0,1,53.04347826086957,118.0,100-200,50%-60%
Frozen Bottle,2026-09-01,WK 36,Nungambakkam - CK,Swiggy,Snacks,COCO,TN,834.0,606.0,38.72,1380.0,0,2,43.913043478260875,417.0,400-500,40%-50%
Frozen Bottle,2026-09-01,WK 36,Nungambakkam - CK,Zomato,Dinner,COCO,TN,2428.8599999999997,1156.1599999999999,121.52,3485.0,0,6,33.17532281205165,404.80999999999995,400-500,30%-40%
Frozen Bottle,2026-09-01,WK 36,Nungambakkam - CK,Zomato,Late Night,COCO,TN,240.0,100.0,12.0,330.0,0,1,30.303030303030305,240.0,200-300,30%-40%
Frozen Bottle,2026-09-01,WK 36,Nungambakkam - CK,Zomato,Lunch,COCO,TN,651.1600000000001,412.18,32.56,1023.34,0,2,40.27791349893486,325.58000000000004,300-400,40%-50%
Madno,2026-09-01,WK 36,Nungambakkam - CK,Swiggy,Late Night,COCO,TN,787.01,163.99,37.86,921.0,0,2,17.805646036916396,393.505,300-400,10%-20%
Madno,2026-09-01,WK 36,Nungambakkam - CK,Zomato,Dinner,COCO,TN,525.0,75.0,26.259999999999998,580.0,0,2,12.931034482758621,262.5,200-300,10%-20%
Madno,2026-09-01,WK 36,Nungambakkam - CK,Zomato,Late Night,COCO,TN,402.0,261.0,20.12,633.0,0,2,41.23222748815166,201.0,200-300,40%-50%
Madno,2026-09-01,WK 36,Nungambakkam - CK,Zomato,Lunch,COCO,TN,265.0,50.0,13.26,305.0,0,1,16.39344262295082,265.0,200-300,10%-20%
Boba Bar,2026-09-01,WK 36,OMR,Zomato,Dinner,COCO,TN,240.0,50.0,12.0,280.0,0,1,17.857142857142858,240.0,200-300,10%-20%
Boba Bar,2026-09-01,WK 36,OMR,Zomato,Snacks,COCO,TN,486.0,75.0,24.3,541.0,0,2,13.863216266173753,243.0,200-300,10%-20%
Frozen Bottle,2026-09-01,WK 36,OMR,In Store,Dinner,COCO,TN,1862.3600000000001,96.64,93.16,1959.0,0,8,4.933129147524247,232.79500000000002,200-300,1%-10%
Frozen Bottle,2026-09-01,WK 36,OMR,In Store,Lunch,COCO,TN,666.85,0.0,33.34,666.85,0,3,0.0,222.28333333333333,200-300,0%
Frozen Bottle,2026-09-01,WK 36,OMR,In Store,Snacks,COCO,TN,2081.11,522.89,104.08,2604.0,0,6,20.08026113671275,346.8516666666667,300-400,20%-30%
Frozen Bottle,2026-09-01,WK 36,OMR,Swiggy,Dinner,COCO,TN,5435.4400000000005,2084.41,259.34000000000003,7269.85,0,17,28.67198085242474,319.73176470588237,300-400,20%-30%
Frozen Bottle,2026-09-01,WK 36,OMR,Swiggy,Late Night,COCO,TN,118.0,122.0,5.4,230.0,0,1,53.04347826086957,118.0,100-200,50%-60%
Frozen Bottle,2026-09-01,WK 36,OMR,Swiggy,Lunch,COCO,TN,2538.0,926.33,120.94,3344.33,0,8,27.698522574028285,317.25,300-400,20%-30%
Frozen Bottle,2026-09-01,WK 36,OMR,Swiggy,Snacks,COCO,TN,2128.01,785.84,101.92,2823.85,0,6,27.82867361934947,354.66833333333335,300-400,20%-30%
Frozen Bottle,2026-09-01,WK 36,OMR,Zomato,Dinner,COCO,TN,1250.67,818.1800000000001,62.56,1998.85,0,5,40.93253620831979,250.13400000000001,200-300,40%-50%
Frozen Bottle,2026-09-01,WK 36,OMR,Zomato,Late Night,COCO,TN,379.5,163.83,18.98,513.33,0,1,31.91514230611887,379.5,300-400,30%-40%
Frozen Bottle,2026-09-01,WK 36,OMR,Zomato,Lunch,COCO,TN,880.75,894.25,44.06,1725.0,0,4,51.84057971014493,220.1875,200-300,50%-60%
Frozen Bottle,2026-09-01,WK 36,OMR,Zomato,Snacks,COCO,TN,297.25,306.75,14.879999999999999,584.0,0,2,52.525684931506845,148.625,100-200,50%-60%
Madno,2026-09-01,WK 36,OMR,Swiggy,Dinner,COCO,TN,1108.0,313.51,52.4,1361.51,0,3,23.026639539922584,369.3333333333333,300-400,20%-30%
Madno,2026-09-01,WK 36,OMR,Swiggy,Lunch,COCO,TN,720.0,0.0,34.5,690.0,0,2,0.0,360.0,300-400,0%
Madno,2026-09-01,WK 36,OMR,Swiggy,Snacks,COCO,TN,304.4,25.6,14.72,320.0,0,1,8.0,304.4,300-400,1%-10%
Madno,2026-09-01,WK 36,OMR,Zomato,Dinner,COCO,TN,941.5,430.5,47.08,1322.0,0,3,32.5642965204236,313.8333333333333,300-400,30%-40%
Frozen Bottle,2026-09-01,WK 36,PALAM VIHAR,In Store,Dinner,FOFO,ROI,228.0,0.0,11.42,228.0,0,2,0.0,114.0,100-200,0%
Frozen Bottle,2026-09-01,WK 36,PALAM VIHAR,In Store,Lunch,FOFO,ROI,387.0,0.0,19.34,387.0,0,1,0.0,387.0,300-400,0%
Frozen Bottle,2026-09-01,WK 36,PALAM VIHAR,In Store,Snacks,FOFO,ROI,477.0,0.0,23.86,477.0,0,2,0.0,238.5,200-300,0%
Frozen Bottle,2026-09-01,WK 36,PALAM VIHAR,Swiggy,Dinner,FOFO,ROI,463.2,246.8,22.16,690.0,0,2,35.76811594202899,231.6,200-300,30%-40%
Frozen Bottle,2026-09-01,WK 36,PALAM VIHAR,Swiggy,Snacks,FOFO,ROI,231.0,100.0,11.06,321.0,0,1,31.15264797507788,231.0,200-300,30%-40%
Frozen Bottle,2026-09-01,WK 36,PALAM VIHAR,Zomato,Dinner,FOFO,ROI,429.0,229.0,21.48,628.0,0,3,36.46496815286624,143.0,100-200,30%-40%
Boba Bar,2026-09-01,WK 36,Pallikaranai,Swiggy,Lunch,COCO,TN,96.0,186.0,4.8,282.0,0,1,65.95744680851064,96.0,0-100,60%-70%
Boba Bar,2026-09-01,WK 36,Pallikaranai,Zomato,Late Night,COCO,TN,250.0,80.0,12.5,320.0,0,1,25.0,250.0,200-300,20%-30%
Frozen Bottle,2026-09-01,WK 36,Pallikaranai,In Store,Dinner,COCO,TN,2475.75,924.48,123.8,3400.23,0,13,27.18874899639142,190.44230769230768,100-200,20%-30%
Frozen Bottle,2026-09-01,WK 36,Pallikaranai,In Store,Lunch,COCO,TN,114.87,143.13,5.74,258.0,0,2,55.47674418604651,57.435,0-100,50%-60%
Frozen Bottle,2026-09-01,WK 36,Pallikaranai,In Store,Snacks,COCO,TN,469.12,173.88,23.46,643.0,0,4,27.04199066874028,117.28,100-200,20%-30%
Frozen Bottle,2026-09-01,WK 36,Pallikaranai,Swiggy,Dinner,COCO,TN,2823.13,1193.87,133.7,3867.0,0,10,30.87328678562193,282.313,200-300,30%-40%
Frozen Bottle,2026-09-01,WK 36,Pallikaranai,Swiggy,Late Night,COCO,TN,1086.12,819.87,49.32,1805.99,0,5,45.3972613358878,217.224,200-300,40%-50%
Frozen Bottle,2026-09-01,WK 36,Pallikaranai,Swiggy,Lunch,COCO,TN,456.0,383.0,20.82,799.0,0,2,47.934918648310386,228.0,200-300,40%-50%
Frozen Bottle,2026-09-01,WK 36,Pallikaranai,Swiggy,Snacks,COCO,TN,2100.92,1081.92,97.03999999999999,3022.84,0,7,35.79150732423814,300.13142857142856,300-400,30%-40%
Frozen Bottle,2026-09-01,WK 36,Pallikaranai,Zomato,Dinner,COCO,TN,1033.0,615.0,51.660000000000004,1598.0,0,3,38.48560700876095,344.3333333333333,300-400,30%-40%
Frozen Bottle,2026-09-01,WK 36,Pallikaranai,Zomato,Late Night,COCO,TN,1470.96,741.38,73.53999999999999,2132.34,0,4,34.7683765253196,367.74,300-400,30%-40%
Frozen Bottle,2026-09-01,WK 36,Pallikaranai,Zomato,Snacks,COCO,TN,247.5,252.5,12.379999999999999,480.0,0,2,52.604166666666664,123.75,100-200,50%-60%
Madno,2026-09-01,WK 36,Pallikaranai,Swiggy,Dinner,COCO,TN,241.0,0.0,11.56,231.0,0,1,0.0,241.0,200-300,0%
Madno,2026-09-01,WK 36,Pallikaranai,Swiggy,Late Night,COCO,TN,232.32999999999998,32.0,10.620000000000001,244.32999999999998,0,2,13.097040887324521,116.16499999999999,100-200,10%-20%
Madno,2026-09-01,WK 36,Pallikaranai,Zomato,Dinner,COCO,TN,446.5,416.5,22.34,833.0,0,2,50.0,223.25,200-300,40%-50%
Madno,2026-09-01,WK 36,Pallikaranai,Zomato,Lunch,COCO,TN,516.5,175.5,25.84,662.0,0,2,26.51057401812689,258.25,200-300,20%-30%
Madno,2026-09-01,WK 36,Pallikaranai,Zomato,Snacks,COCO,TN,275.5,245.5,13.780000000000001,501.0,0,2,49.00199600798403,137.75,100-200,40%-50%
Frozen Bottle,2026-09-01,WK 36,Parbhani,In Store,Closing,FOFO,MH,498.0,0.0,24.9,498.0,0,1,0.0,498.0,400-500,0%
Frozen Bottle,2026-09-01,WK 36,Parbhani,In Store,Dinner,FOFO,MH,884.0,0.0,44.22,884.0,0,4,0.0,221.0,200-300,0%
Frozen Bottle,2026-09-01,WK 36,Parbhani,In Store,Lunch,FOFO,MH,924.0,0.0,46.22,924.0,0,3,0.0,308.0,300-400,0%
Frozen Bottle,2026-09-01,WK 36,Parbhani,In Store,Snacks,FOFO,MH,592.23,0.0,29.62,592.23,0,2,0.0,296.115,200-300,0%
Frozen Bottle,2026-09-01,WK 36,Parbhani,Swiggy,Dinner,FOFO,MH,987.51,82.49000000000001,47.379999999999995,1030.0,0,3,8.008737864077672,329.17,300-400,1%-10%
Frozen Bottle,2026-09-01,WK 36,Parbhani,Swiggy,Lunch,FOFO,MH,800.01,89.99000000000001,38.52,860.0,0,2,10.463953488372093,400.005,400-500,10%-20%
Frozen Bottle,2026-09-01,WK 36,Parbhani,Swiggy,Snacks,FOFO,MH,479.0,181.0,23.96,660.0,0,2,27.424242424242422,239.5,200-300,20%-30%
Frozen Bottle,2026-09-01,WK 36,Parbhani,Zomato,Closing,FOFO,MH,145.16,63.84,7.26,199.0,0,1,32.08040201005025,145.16,100-200,30%-40%
Frozen Bottle,2026-09-01,WK 36,Parbhani,Zomato,Dinner,FOFO,MH,1329.0,340.0,66.48,1609.0,0,4,21.13113735239279,332.25,300-400,20%-30%
Frozen Bottle,2026-09-01,WK 36,Parbhani,Zomato,Late Night,FOFO,MH,497.0,0.0,24.86,477.0,0,2,0.0,248.5,200-300,0%
Frozen Bottle,2026-09-01,WK 36,Parbhani,Zomato,Lunch,FOFO,MH,200.0,140.0,10.0,330.0,0,1,42.42424242424242,200.0,100-200,40%-50%
Frozen Bottle,2026-09-01,WK 36,Parbhani,Zomato,Snacks,FOFO,MH,1279.0,0.0,63.96,1239.0,0,2,0.0,639.5,600-900,0%
Boba Bar,2026-09-01,WK 36,Perambur - CK,Swiggy,Snacks,COCO,TN,656.01,408.84,30.8,1024.85,0,1,39.892667219593115,656.01,600-900,30%-40%
Frozen Bottle,2026-09-01,WK 36,Perambur - CK,Swiggy,Dinner,COCO,TN,4396.59,1644.74,209.36,5831.33,0,13,28.205229338761484,338.1992307692308,300-400,20%-30%
Frozen Bottle,2026-09-01,WK 36,Perambur - CK,Swiggy,Late Night,COCO,TN,1321.0,517.0,63.06,1778.0,0,4,29.07761529808774,330.25,300-400,20%-30%
Frozen Bottle,2026-09-01,WK 36,Perambur - CK,Swiggy,Lunch,COCO,TN,415.56,324.44,19.28,710.0,0,2,45.69577464788732,207.78,200-300,40%-50%
Frozen Bottle,2026-09-01,WK 36,Perambur - CK,Swiggy,Snacks,COCO,TN,1279.0,474.0,61.46,1703.0,0,4,27.833235466823254,319.75,300-400,20%-30%
Frozen Bottle,2026-09-01,WK 36,Perambur - CK,Zomato,Dinner,COCO,TN,1503.58,694.4200000000001,75.18,2128.0,0,3,32.632518796992485,501.1933333333333,500-600,30%-40%
Frozen Bottle,2026-09-01,WK 36,Perambur - CK,Zomato,Late Night,COCO,TN,1354.99,412.01,67.76,1717.0,0,3,23.995923121723937,451.66333333333336,400-500,20%-30%
Frozen Bottle,2026-09-01,WK 36,Perambur - CK,Zomato,Lunch,COCO,TN,265.0,245.0,13.26,490.0,0,2,50.0,132.5,100-200,40%-50%
Frozen Bottle,2026-09-01,WK 36,Perambur - CK,Zomato,Snacks,COCO,TN,215.0,75.0,10.76,280.0,0,1,26.785714285714285,215.0,200-300,20%-30%
Madno,2026-09-01,WK 36,Perambur - CK,Swiggy,Dinner,COCO,TN,598.0,103.0,28.4,671.0,0,2,15.350223546944857,299.0,200-300,10%-20%
Madno,2026-09-01,WK 36,Perambur - CK,Zomato,Snacks,COCO,TN,251.0,150.0,12.56,381.0,0,1,39.37007874015748,251.0,200-300,30%-40%
Frozen Bottle,2026-09-01,WK 36,Pimple Saudagar,In Store,Dinner,FOFO,MH,239.0,0.0,11.96,239.0,0,1,0.0,239.0,200-300,0%
Frozen Bottle,2026-09-01,WK 36,Pimple Saudagar,Swiggy,Dinner,FOFO,MH,2792.0299999999997,499.96999999999997,134.14,3182.0,0,6,15.712445003142678,465.3383333333333,400-500,10%-20%
Frozen Bottle,2026-09-01,WK 36,Pimple Saudagar,Swiggy,Lunch,FOFO,MH,571.01,99.99,27.56,651.0,0,1,15.359447004608295,571.01,500-600,10%-20%
Frozen Bottle,2026-09-01,WK 36,Pimple Saudagar,Swiggy,Snacks,FOFO,MH,436.6,22.4,20.84,439.0,0,2,5.10250569476082,218.3,200-300,1%-10%
Frozen Bottle,2026-09-01,WK 36,Pimple Saudagar,Zomato,Dinner,FOFO,MH,480.0,150.0,24.0,610.0,0,2,24.59016393442623,240.0,200-300,20%-30%
Frozen Bottle,2026-09-01,WK 36,Pimple Saudagar,Zomato,Late Night,FOFO,MH,430.0,50.0,21.52,460.0,0,1,10.869565217391305,430.0,400-500,10%-20%
Frozen Bottle,2026-09-01,WK 36,Pimple Saudagar,Zomato,Lunch,FOFO,MH,550.0,175.0,27.5,705.0,0,2,24.822695035460992,275.0,200-300,20%-30%
Frozen Bottle,2026-09-01,WK 36,Pimple Saudagar,Zomato,Snacks,FOFO,MH,340.0,0.0,17.0,330.0,0,1,0.0,340.0,300-400,0%
Boba Bar,2026-09-01,WK 36,Poonamalle,Swiggy,Dinner,FOFO,TN,207.0,64.0,9.86,261.0,0,1,24.521072796934863,207.0,200-300,20%-30%
Boba Bar,2026-09-01,WK 36,Poonamalle,Swiggy,Snacks,FOFO,TN,259.0,1.0,12.96,260.0,0,1,0.38461538461538464,259.0,200-300,1%-10%
Frozen Bottle,2026-09-01,WK 36,Poonamalle,In Store,Dinner,FOFO,TN,2673.56,0.0,133.72,2673.56,0,8,0.0,334.195,300-400,0%
Frozen Bottle,2026-09-01,WK 36,Poonamalle,In Store,Lunch,FOFO,TN,3189.0,0.0,159.48,3189.0,0,8,0.0,398.625,300-400,0%
Frozen Bottle,2026-09-01,WK 36,Poonamalle,In Store,Snacks,FOFO,TN,2052.23,0.0,102.66,2052.23,0,9,0.0,228.02555555555557,200-300,0%
Frozen Bottle,2026-09-01,WK 36,Poonamalle,Swiggy,Dinner,FOFO,TN,478.0,0.0,22.4,448.0,0,1,0.0,478.0,400-500,0%
Frozen Bottle,2026-09-01,WK 36,Poonamalle,Swiggy,Lunch,FOFO,TN,1593.0,0.0,75.64,1513.0,0,1,0.0,1593.0,>900,0%
Frozen Bottle,2026-09-01,WK 36,Poonamalle,Zomato,Dinner,FOFO,TN,432.0,100.0,21.62,512.0,0,2,19.53125,216.0,200-300,10%-20%
Frozen Bottle,2026-09-01,WK 36,Poonamalle,Zomato,Lunch,FOFO,TN,209.0,100.0,10.46,299.0,0,1,33.44481605351171,209.0,200-300,30%-40%
Frozen Bottle,2026-09-01,WK 36,Poonamalle,Zomato,Snacks,FOFO,TN,871.0,0.0,43.58,831.0,0,3,0.0,290.3333333333333,200-300,0%
Madno,2026-09-01,WK 36,Poonamalle,Zomato,Dinner,FOFO,TN,240.0,50.0,12.0,280.0,0,1,17.857142857142858,240.0,200-300,10%-20%
Madno,2026-09-01,WK 36,Poonamalle,Zomato,Snacks,FOFO,TN,210.0,80.0,10.5,280.0,0,1,28.57142857142857,210.0,200-300,20%-30%
Boba Bar,2026-09-01,WK 36,Powai- CF - CK,Swiggy,Dinner,COCO,MH,138.0,132.0,6.4,260.0,0,1,50.76923076923077,138.0,100-200,50%-60%
Boba Bar,2026-09-01,WK 36,Powai- CF - CK,Swiggy,Late Night,COCO,MH,50.0,63.33,2.5,113.33,0,1,55.88105532515662,50.0,0-100,50%-60%
Frozen Bottle,2026-09-01,WK 36,Powai- CF - CK,In Store,Snacks,COCO,MH,0.0,518.0,0.0,518.0,0,1,100.0,0.0,,90%-100%
Frozen Bottle,2026-09-01,WK 36,Powai- CF - CK,Swiggy,Dinner,COCO,MH,1254.0,547.0,60.22,1751.0,0,5,31.23929183323815,250.8,200-300,30%-40%
Frozen Bottle,2026-09-01,WK 36,Powai- CF - CK,Swiggy,Late Night,COCO,MH,1003.0,416.0,47.66,1369.0,0,3,30.387143900657414,334.3333333333333,300-400,30%-40%
Frozen Bottle,2026-09-01,WK 36,Powai- CF - CK,Swiggy,Lunch,COCO,MH,267.0,213.0,12.36,460.0,0,2,46.30434782608695,133.5,100-200,40%-50%
Frozen Bottle,2026-09-01,WK 36,Powai- CF - CK,Zomato,Dinner,COCO,MH,476.0,175.0,23.8,631.0,0,2,27.733755942947703,238.0,200-300,20%-30%
Frozen Bottle,2026-09-01,WK 36,Powai- CF - CK,Zomato,Late Night,COCO,MH,290.0,50.0,14.5,330.0,0,1,15.151515151515152,290.0,200-300,10%-20%
Frozen Bottle,2026-09-01,WK 36,Powai- CF - CK,Zomato,Snacks,COCO,MH,377.0,343.0,18.86,690.0,0,1,49.710144927536234,377.0,300-400,40%-50%
Madno,2026-09-01,WK 36,Powai- CF - CK,Swiggy,Late Night,COCO,MH,1018.0,542.85,49.92,1540.85,0,2,35.23055456403934,509.0,500-600,30%-40%
Madno,2026-09-01,WK 36,Powai- CF - CK,Swiggy,Lunch,COCO,MH,218.0,95.33,9.9,293.33,0,1,32.49923294582893,218.0,200-300,30%-40%
Madno,2026-09-01,WK 36,Powai- CF - CK,Zomato,Dinner,COCO,MH,256.0,75.0,12.8,321.0,0,1,23.364485981308412,256.0,200-300,20%-30%
Frozen Bottle,2026-09-01,WK 36,Prabhadevi,In Store,Dinner,COCO,MH,114.87,143.13,5.74,258.0,0,1,55.47674418604651,114.87,100-200,50%-60%
Frozen Bottle,2026-09-01,WK 36,Prabhadevi,Swiggy,Dinner,COCO,MH,1774.01,877.84,86.22,2601.85,0,6,33.73907027691835,295.66833333333335,200-300,30%-40%
Frozen Bottle,2026-09-01,WK 36,Prabhadevi,Swiggy,Late Night,COCO,MH,505.0,304.0,23.759999999999998,779.0,0,2,39.02439024390244,252.5,200-300,30%-40%
Frozen Bottle,2026-09-01,WK 36,Prabhadevi,Swiggy,Lunch,COCO,MH,1047.0,224.0,50.38,1231.0,0,3,18.1965881397238,349.0,300-400,10%-20%
Frozen Bottle,2026-09-01,WK 36,Prabhadevi,Swiggy,Snacks,COCO,MH,1860.0,1090.0,87.52,2840.0,0,7,38.38028169014084,265.7142857142857,200-300,30%-40%
Frozen Bottle,2026-09-01,WK 36,Prabhadevi,Zomato,Dinner,COCO,MH,865.5,285.5,43.28,1101.0,0,3,25.930971843778384,288.5,200-300,20%-30%
Frozen Bottle,2026-09-01,WK 36,Prabhadevi,Zomato,Late Night,COCO,MH,1004.5,535.5,50.24,1490.0,0,4,35.93959731543624,251.125,200-300,30%-40%
Frozen Bottle,2026-09-01,WK 36,Prabhadevi,Zomato,Lunch,COCO,MH,180.0,150.0,9.0,320.0,0,1,46.875,180.0,100-200,40%-50%
Frozen Bottle,2026-09-01,WK 36,Prabhadevi,Zomato,Snacks,COCO,MH,1191.5,847.5,59.6,1959.0,0,4,43.26186830015314,297.875,200-300,40%-50%
Madno,2026-09-01,WK 36,Prabhadevi,Swiggy,Dinner,COCO,MH,179.0,71.0,8.96,250.0,0,1,28.4,179.0,100-200,20%-30%
Madno,2026-09-01,WK 36,Prabhadevi,Zomato,Dinner,COCO,MH,217.0,23.0,10.86,230.0,0,1,10.0,217.0,200-300,1%-10%
Madno,2026-09-01,WK 36,Prabhadevi,Zomato,Lunch,COCO,MH,291.0,150.0,14.54,421.0,0,1,35.62945368171022,291.0,200-300,30%-40%
Frozen Bottle,2026-09-01,WK 36,Puducherry,Swiggy,Dinner,FOFO,TN,290.0,0.0,14.0,280.0,0,1,0.0,290.0,200-300,0%
Frozen Bottle,2026-09-01,WK 36,RT Nagar,In Store,Dinner,FOFO,KA,1040.23,0.0,52.019999999999996,1040.23,0,3,0.0,346.74333333333334,300-400,0%
Frozen Bottle,2026-09-01,WK 36,RT Nagar,In Store,Lunch,FOFO,KA,595.0,0.0,29.76,595.0,0,1,0.0,595.0,500-600,0%
Frozen Bottle,2026-09-01,WK 36,RT Nagar,In Store,Snacks,FOFO,KA,1014.0,0.0,50.72,1014.0,0,4,0.0,253.5,200-300,0%
Frozen Bottle,2026-09-01,WK 36,RT Nagar,Swiggy,Dinner,FOFO,KA,209.0,71.0,9.96,270.0,0,1,26.296296296296294,209.0,200-300,20%-30%
Frozen Bottle,2026-09-01,WK 36,RT Nagar,Swiggy,Snacks,FOFO,KA,218.0,262.0,9.9,460.0,0,1,56.95652173913044,218.0,200-300,50%-60%
Frozen Bottle,2026-09-01,WK 36,RT Nagar,Zomato,Dinner,FOFO,KA,521.0,0.0,26.060000000000002,501.0,0,2,0.0,260.5,200-300,0%
Frozen Bottle,2026-09-01,WK 36,RT Nagar,Zomato,Late Night,FOFO,KA,280.0,0.0,14.0,270.0,0,1,0.0,280.0,200-300,0%
Frozen Bottle,2026-09-01,WK 36,RT Nagar,Zomato,Lunch,FOFO,KA,280.0,0.0,14.0,270.0,0,1,0.0,280.0,200-300,0%
Frozen Bottle,2026-09-01,WK 36,RT Nagar,Zomato,Snacks,FOFO,KA,611.0,0.0,30.56,591.0,0,2,0.0,305.5,300-400,0%
Frozen Bottle,2026-09-01,WK 36,Race Course Road,In Store,Dinner,COCO,TN,3075.02,175.98,153.78,3251.0,0,7,5.4131036604121805,439.2885714285714,400-500,1%-10%
Frozen Bottle,2026-09-01,WK 36,Race Course Road,In Store,Late Night,COCO,TN,527.0,0.0,26.36,527.0,0,1,0.0,527.0,500-600,0%
Frozen Bottle,2026-09-01,WK 36,Race Course Road,In Store,Lunch,COCO,TN,84.23,0.0,4.22,84.23,0,2,0.0,42.115,0-100,0%
Frozen Bottle,2026-09-01,WK 36,Race Course Road,In Store,Snacks,COCO,TN,1142.0,0.0,57.120000000000005,1142.0,0,4,0.0,285.5,200-300,0%
Frozen Bottle,2026-09-01,WK 36,Race Course Road,Swiggy,Dinner,COCO,TN,5201.58,2338.42,247.12,7280.0,0,18,32.12115384615385,288.9766666666667,200-300,30%-40%
Frozen Bottle,2026-09-01,WK 36,Race Course Road,Swiggy,Late Night,COCO,TN,3309.14,1282.8600000000001,157.98,4442.0,0,10,28.880234128770827,330.914,300-400,20%-30%
Frozen Bottle,2026-09-01,WK 36,Race Course Road,Swiggy,Lunch,COCO,TN,1389.56,1184.44,63.5,2454.0,0,6,48.265688671556646,231.59333333333333,200-300,40%-50%
Frozen Bottle,2026-09-01,WK 36,Race Course Road,Swiggy,Snacks,COCO,TN,1730.58,909.42,81.53999999999999,2540.0,0,6,35.80393700787401,288.43,200-300,30%-40%
Frozen Bottle,2026-09-01,WK 36,Race Course Road,Zomato,Dinner,COCO,TN,2117.75,1036.25,105.92,3054.0,0,9,33.9309102815979,235.30555555555554,200-300,30%-40%
Frozen Bottle,2026-09-01,WK 36,Race Course Road,Zomato,Late Night,COCO,TN,950.0,174.99,47.519999999999996,1074.99,0,2,16.27829096084615,475.0,400-500,10%-20%
Frozen Bottle,2026-09-01,WK 36,Race Course Road,Zomato,Lunch,COCO,TN,1281.0,1180.0,64.06,2391.0,0,3,49.3517356754496,427.0,400-500,40%-50%
Frozen Bottle,2026-09-01,WK 36,Race Course Road,Zomato,Snacks,COCO,TN,875.0,545.0,43.78,1370.0,0,3,39.78102189781022,291.6666666666667,200-300,30%-40%
Madno,2026-09-01,WK 36,Race Course Road,Swiggy,Dinner,COCO,TN,1058.0,284.0,50.92,1302.0,0,5,21.812596006144393,211.6,200-300,20%-30%
Madno,2026-09-01,WK 36,Race Course Road,Swiggy,Late Night,COCO,TN,316.0,164.0,15.32,470.0,0,2,34.8936170212766,158.0,100-200,30%-40%
Madno,2026-09-01,WK 36,Race Course Road,Swiggy,Lunch,COCO,TN,648.01,383.99,30.400000000000002,992.0,0,2,38.70866935483871,324.005,300-400,30%-40%
Madno,2026-09-01,WK 36,Race Course Road,Swiggy,Snacks,COCO,TN,268.0,134.0,12.92,392.0,0,2,34.183673469387756,134.0,100-200,30%-40%
Madno,2026-09-01,WK 36,Race Course Road,Zomato,Late Night,COCO,TN,596.5,366.5,29.84,923.0,0,2,39.70747562296858,298.25,200-300,30%-40%
Madno,2026-09-01,WK 36,Race Course Road,Zomato,Snacks,COCO,TN,105.5,95.5,5.28,191.0,0,1,50.0,105.5,100-200,40%-50%
Frozen Bottle,2026-09-01,WK 36,Raichur,In Store,Dinner,FOFO,KA,992.0,0.0,49.62,992.0,0,4,0.0,248.0,200-300,0%
Frozen Bottle,2026-09-01,WK 36,Raichur,In Store,Snacks,FOFO,KA,612.23,0.0,30.619999999999997,612.23,0,2,0.0,306.115,300-400,0%
Frozen Bottle,2026-09-01,WK 36,Raichur,Swiggy,Dinner,FOFO,KA,653.0,107.0,32.16,730.0,0,3,14.657534246575343,217.66666666666666,200-300,10%-20%
Frozen Bottle,2026-09-01,WK 36,Raichur,Swiggy,Lunch,FOFO,KA,602.0,150.01,30.12,712.01,0,2,21.06852431847867,301.0,300-400,20%-30%
Frozen Bottle,2026-09-01,WK 36,Raipur-1,Swiggy,Late Night,FOFO,ROI,141.0,0.0,6.56,131.0,0,1,0.0,141.0,100-200,0%
Frozen Bottle,2026-09-01,WK 36,Raipur-1,Zomato,Dinner,FOFO,ROI,602.0,90.0,30.12,662.0,0,3,13.595166163141995,200.66666666666666,200-300,10%-20%
Frozen Bottle,2026-09-01,WK 36,Raipur-1,Zomato,Late Night,FOFO,ROI,1272.9,395.09000000000003,63.7,1597.99,0,4,24.72418475710111,318.225,300-400,20%-30%
Frozen Bottle,2026-09-01,WK 36,Raipur-1,Zomato,Snacks,FOFO,ROI,645.0,580.0,32.3,1175.0,0,2,49.361702127659576,322.5,300-400,40%-50%
Madno,2026-09-01,WK 36,Raipur-1,Zomato,Dinner,FOFO,ROI,194.0,46.0,9.7,230.0,0,1,20.0,194.0,100-200,10%-20%
Madno,2026-09-01,WK 36,Raipur-1,Zomato,Late Night,FOFO,ROI,524.0,46.0,26.2,550.0,0,2,8.363636363636363,262.0,200-300,1%-10%
Frozen Bottle,2026-09-01,WK 36,Raipur-2,In Store,Dinner,FOFO,ROI,139.0,0.0,6.96,139.0,0,1,0.0,139.0,100-200,0%
Frozen Bottle,2026-09-01,WK 36,Raipur-2,In Store,Snacks,FOFO,ROI,626.0,0.0,31.299999999999997,626.0,0,2,0.0,313.0,300-400,0%
Frozen Bottle,2026-09-01,WK 36,Raipur-2,Swiggy,Snacks,FOFO,ROI,488.0,31.0,24.42,519.0,0,2,5.973025048169557,244.0,200-300,1%-10%
Frozen Bottle,2026-09-01,WK 36,Raipur-2,Zomato,Closing,FOFO,ROI,290.0,50.0,14.5,330.0,0,1,15.151515151515152,290.0,200-300,10%-20%
Frozen Bottle,2026-09-01,WK 36,Raipur-2,Zomato,Late Night,FOFO,ROI,742.1,97.9,37.1,810.0,0,2,12.086419753086421,371.05,300-400,10%-20%
Frozen Bottle,2026-09-01,WK 36,Raipur-2,Zomato,Lunch,FOFO,ROI,270.0,50.0,13.5,310.0,0,1,16.129032258064516,270.0,200-300,10%-20%
Frozen Bottle,2026-09-01,WK 36,Raipur-2,Zomato,Snacks,FOFO,ROI,259.0,50.0,12.96,299.0,0,1,16.722408026755854,259.0,200-300,10%-20%
Madno,2026-09-01,WK 36,Raipur-2,Swiggy,Dinner,FOFO,ROI,260.0,0.0,12.5,250.0,0,1,0.0,260.0,200-300,0%
Madno,2026-09-01,WK 36,Raipur-2,Zomato,Dinner,FOFO,ROI,414.75,128.25,20.74,513.0,0,1,25.0,414.75,400-500,20%-30%
Frozen Bottle,2026-09-01,WK 36,Ramanathapuram,In Store,Dinner,FOFO,TN,1613.0,0.0,80.66,1613.0,0,4,0.0,403.25,400-500,0%
Frozen Bottle,2026-09-01,WK 36,Ramanathapuram,In Store,Lunch,FOFO,TN,39.0,0.0,1.96,39.0,0,1,0.0,39.0,0-100,0%
Frozen Bottle,2026-09-01,WK 36,Ramanathapuram,In Store,Snacks,FOFO,TN,1742.0,0.0,87.12,1742.0,0,4,0.0,435.5,400-500,0%
Frozen Bottle,2026-09-01,WK 36,Ramanathapuram,Swiggy,Dinner,FOFO,TN,611.0,0.0,29.560000000000002,591.0,0,2,0.0,305.5,300-400,0%
Frozen Bottle,2026-09-01,WK 36,Ramanathapuram,Zomato,Lunch,FOFO,TN,440.0,150.0,22.0,570.0,0,1,26.31578947368421,440.0,400-500,20%-30%
Frozen Bottle,2026-09-01,WK 36,Ranchi,In Store,Dinner,FOFO,ROI,981.0,0.0,49.08,981.0,0,5,0.0,196.2,100-200,0%
Frozen Bottle,2026-09-01,WK 36,Ranchi,In Store,Snacks,FOFO,ROI,476.0,0.0,23.82,476.0,0,2,0.0,238.0,200-300,0%
Boba Bar,2026-09-01,WK 36,Ravipuram,Swiggy,Dinner,COCO,Kerela,798.0,273.0,37.4,1021.0,0,1,26.7384916748286,798.0,600-900,20%-30%
Boba Bar,2026-09-01,WK 36,Ravipuram,Swiggy,Snacks,COCO,Kerela,317.0,252.0,14.36,539.0,0,1,46.75324675324675,317.0,300-400,40%-50%
Boba Bar,2026-09-01,WK 36,Ravipuram,Zomato,Dinner,COCO,Kerela,227.5,72.5,11.38,290.0,0,1,25.0,227.5,200-300,20%-30%
Frozen Bottle,2026-09-01,WK 36,Ravipuram,In Store,Lunch,COCO,Kerela,4281.0,0.0,214.2,4281.0,0,20,0.0,214.05,200-300,0%
Frozen Bottle,2026-09-01,WK 36,Ravipuram,In Store,Snacks,COCO,Kerela,1694.87,143.13,84.78,1838.0,0,7,7.787268770402611,242.1242857142857,200-300,1%-10%
Frozen Bottle,2026-09-01,WK 36,Ravipuram,Swiggy,Breakfast,COCO,Kerela,464.0,335.0,21.22,759.0,0,2,44.13702239789196,232.0,200-300,40%-50%
Frozen Bottle,2026-09-01,WK 36,Ravipuram,Swiggy,Closing,COCO,Kerela,525.0,276.0,24.759999999999998,771.0,0,2,35.797665369649806,262.5,200-300,30%-40%
Frozen Bottle,2026-09-01,WK 36,Ravipuram,Swiggy,Dinner,COCO,Kerela,4880.69,2134.64,232.12,6775.33,0,20,31.506066863163863,244.03449999999998,200-300,30%-40%
Frozen Bottle,2026-09-01,WK 36,Ravipuram,Swiggy,Late Night,COCO,Kerela,2467.0,1767.6599999999999,114.38,4054.66,0,10,43.5957638864911,246.7,200-300,40%-50%
Frozen Bottle,2026-09-01,WK 36,Ravipuram,Swiggy,Lunch,COCO,Kerela,1742.02,1090.31,81.14,2712.33,0,7,40.198279707852656,248.85999999999999,200-300,40%-50%
Frozen Bottle,2026-09-01,WK 36,Ravipuram,Swiggy,Snacks,COCO,Kerela,1878.13,1423.9,86.42,3152.0299999999997,0,8,45.17406242960887,234.76625,200-300,40%-50%
Frozen Bottle,2026-09-01,WK 36,Ravipuram,Zomato,Breakfast,COCO,Kerela,149.3,59.7,7.46,199.0,0,1,30.0,149.3,100-200,20%-30%
Frozen Bottle,2026-09-01,WK 36,Ravipuram,Zomato,Dinner,COCO,Kerela,2020.0,1388.0,101.04,3288.0,0,7,42.214111922141115,288.57142857142856,200-300,40%-50%
Frozen Bottle,2026-09-01,WK 36,Ravipuram,Zomato,Late Night,COCO,Kerela,689.1,519.9,34.480000000000004,1169.0,0,3,44.47390932420872,229.70000000000002,200-300,40%-50%
Frozen Bottle,2026-09-01,WK 36,Ravipuram,Zomato,Lunch,COCO,Kerela,870.66,401.66999999999996,43.58,1222.33,0,4,32.861011347181204,217.665,200-300,30%-40%
Frozen Bottle,2026-09-01,WK 36,Ravipuram,Zomato,Snacks,COCO,Kerela,1895.0,1214.0,94.76,2999.0,0,6,40.48016005335111,315.8333333333333,300-400,40%-50%
Madno,2026-09-01,WK 36,Ravipuram,Swiggy,Dinner,COCO,Kerela,1434.0,92.0,69.72,1486.0,0,3,6.191117092866756,478.0,400-500,1%-10%
Madno,2026-09-01,WK 36,Ravipuram,Swiggy,Late Night,COCO,Kerela,499.0,162.0,23.46,631.0,0,1,25.673534072900157,499.0,400-500,20%-30%
Madno,2026-09-01,WK 36,Ravipuram,Swiggy,Lunch,COCO,Kerela,109.0,92.0,4.96,191.0,0,1,48.167539267015705,109.0,100-200,40%-50%
Madno,2026-09-01,WK 36,Ravipuram,Zomato,Dinner,COCO,Kerela,340.0,0.0,17.0,330.0,0,1,0.0,340.0,300-400,0%
Madno,2026-09-01,WK 36,Ravipuram,Zomato,Late Night,COCO,Kerela,420.0,200.0,21.0,600.0,0,1,33.33333333333333,420.0,400-500,30%-40%
Madno,2026-09-01,WK 36,Ravipuram,Zomato,Lunch,COCO,Kerela,170.0,150.0,8.5,310.0,0,1,48.38709677419355,170.0,100-200,40%-50%
Madno,2026-09-01,WK 36,Ravipuram,Zomato,Snacks,COCO,Kerela,211.0,191.0,10.56,382.0,0,1,50.0,211.0,200-300,40%-50%
Boba Bar,2026-09-01,WK 36,SEAWOOD,Swiggy,Dinner,COCO,MH,50.0,63.33,2.5,113.33,0,1,55.88105532515662,50.0,0-100,50%-60%
Frozen Bottle,2026-09-01,WK 36,SEAWOOD,In Store,Dinner,COCO,MH,1417.83,212.17,70.92,1630.0,0,5,13.016564417177914,283.566,200-300,10%-20%
Frozen Bottle,2026-09-01,WK 36,SEAWOOD,In Store,Lunch,COCO,MH,199.0,0.0,9.96,199.0,0,1,0.0,199.0,100-200,0%
Frozen Bottle,2026-09-01,WK 36,SEAWOOD,In Store,Snacks,COCO,MH,544.25,175.98,27.22,720.23,0,2,24.433861405384388,272.125,200-300,20%-30%
Frozen Bottle,2026-09-01,WK 36,SEAWOOD,Swiggy,Dinner,COCO,MH,2912.01,1292.32,137.16,4034.33,0,11,32.03307612416435,264.72818181818184,200-300,30%-40%
Frozen Bottle,2026-09-01,WK 36,SEAWOOD,Swiggy,Late Night,COCO,MH,1718.0,620.0,81.9,2258.0,0,5,27.457927369353406,343.6,300-400,20%-30%
Frozen Bottle,2026-09-01,WK 36,SEAWOOD,Swiggy,Lunch,COCO,MH,1028.3400000000001,356.32,48.44,1324.6599999999999,0,3,26.898977850920236,342.78000000000003,300-400,20%-30%
Frozen Bottle,2026-09-01,WK 36,SEAWOOD,Swiggy,Snacks,COCO,MH,1157.0,612.33,54.379999999999995,1699.33,0,5,36.033613247574046,231.4,200-300,30%-40%
Frozen Bottle,2026-09-01,WK 36,SEAWOOD,Zomato,Dinner,COCO,MH,1089.0,400.0,54.44,1439.0,0,4,27.79708130646282,272.25,200-300,20%-30%
Frozen Bottle,2026-09-01,WK 36,SEAWOOD,Zomato,Late Night,COCO,MH,868.33,426.0,43.42,1244.33,0,4,34.23529128125176,217.0825,200-300,30%-40%
Frozen Bottle,2026-09-01,WK 36,SEAWOOD,Zomato,Snacks,COCO,MH,647.5,612.5,32.38,1210.0,0,2,50.6198347107438,323.75,300-400,50%-60%
Madno,2026-09-01,WK 36,SEAWOOD,Swiggy,Dinner,COCO,MH,330.0,0.0,16.0,320.0,0,1,0.0,330.0,300-400,0%
Madno,2026-09-01,WK 36,SEAWOOD,Swiggy,Snacks,COCO,MH,159.0,31.0,7.96,190.0,0,1,16.315789473684212,159.0,100-200,10%-20%
Madno,2026-09-01,WK 36,SEAWOOD,Zomato,Closing,COCO,MH,326.0,75.0,16.3,391.0,0,1,19.18158567774936,326.0,300-400,10%-20%
Madno,2026-09-01,WK 36,SEAWOOD,Zomato,Dinner,COCO,MH,461.0,211.0,23.060000000000002,642.0,0,2,32.86604361370716,230.5,200-300,30%-40%
Madno,2026-09-01,WK 36,SEAWOOD,Zomato,Late Night,COCO,MH,476.5,115.5,23.84,562.0,0,2,20.551601423487543,238.25,200-300,20%-30%
Madno,2026-09-01,WK 36,SEAWOOD,Zomato,Lunch,COCO,MH,424.5,145.5,21.24,540.0,0,2,26.944444444444443,212.25,200-300,20%-30%
Madno,2026-09-01,WK 36,SEAWOOD,Zomato,Snacks,COCO,MH,306.5,95.5,15.34,382.0,0,1,25.0,306.5,300-400,20%-30%
Frozen Bottle,2026-09-01,WK 36,Sahakarnagar,In Store,Dinner,FOFO,KA,3943.0,0.0,197.18,3943.0,0,7,0.0,563.2857142857143,500-600,0%
Frozen Bottle,2026-09-01,WK 36,Sahakarnagar,In Store,Lunch,FOFO,KA,129.0,0.0,6.46,129.0,0,1,0.0,129.0,100-200,0%
Frozen Bottle,2026-09-01,WK 36,Sahakarnagar,In Store,Snacks,FOFO,KA,418.0,0.0,20.9,418.0,0,1,0.0,418.0,400-500,0%
Frozen Bottle,2026-09-01,WK 36,Sahakarnagar,Swiggy,Dinner,FOFO,KA,2411.0,441.0,117.08,2782.0,0,5,15.851905104241554,482.2,400-500,10%-20%
Frozen Bottle,2026-09-01,WK 36,Sahakarnagar,Swiggy,Snacks,FOFO,KA,111.0,119.0,5.56,230.0,0,1,51.73913043478261,111.0,100-200,50%-60%
Frozen Bottle,2026-09-01,WK 36,Sahakarnagar,Zomato,Dinner,FOFO,KA,405.9,35.1,20.3,431.0,0,1,8.143851508120651,405.9,400-500,1%-10%
Frozen Bottle,2026-09-01,WK 36,Sahakarnagar,Zomato,Late Night,FOFO,KA,506.9,54.1,25.36,541.0,0,1,10.0,506.9,500-600,1%-10%
Frozen Bottle,2026-09-01,WK 36,Sahakarnagar,Zomato,Lunch,FOFO,KA,310.0,0.0,15.5,300.0,0,1,0.0,310.0,300-400,0%
Frozen Bottle,2026-09-01,WK 36,Saharanpur,In Store,Dinner,FOFO,ROI,376.0,0.0,18.8,376.0,0,2,0.0,188.0,100-200,0%
Frozen Bottle,2026-09-01,WK 36,Saharanpur,In Store,Lunch,FOFO,ROI,198.0,0.0,9.9,198.0,0,1,0.0,198.0,100-200,0%
Frozen Bottle,2026-09-01,WK 36,Saharanpur,In Store,Snacks,FOFO,ROI,188.0,0.0,9.4,188.0,0,1,0.0,188.0,100-200,0%
Boba Bar,2026-09-01,WK 36,Salem,Zomato,Dinner,FOFO,TN,221.0,100.0,11.06,311.0,0,1,32.154340836012864,221.0,200-300,30%-40%
Frozen Bottle,2026-09-01,WK 36,Salem,In Store,Closing,FOFO,TN,229.0,0.0,11.46,229.0,0,1,0.0,229.0,200-300,0%
Frozen Bottle,2026-09-01,WK 36,Salem,In Store,Dinner,FOFO,TN,2883.0,0.0,144.14000000000001,2883.0,0,8,0.0,360.375,300-400,0%
Frozen Bottle,2026-09-01,WK 36,Salem,In Store,Lunch,FOFO,TN,646.0,0.0,32.32,646.0,0,3,0.0,215.33333333333334,200-300,0%
Frozen Bottle,2026-09-01,WK 36,Salem,In Store,Snacks,FOFO,TN,1149.23,0.0,57.480000000000004,1149.23,0,4,0.0,287.3075,200-300,0%
Frozen Bottle,2026-09-01,WK 36,Salem,Swiggy,Dinner,FOFO,TN,470.0,0.0,22.5,450.0,0,1,0.0,470.0,400-500,0%
Frozen Bottle,2026-09-01,WK 36,Salem,Swiggy,Lunch,FOFO,TN,408.0,0.0,19.9,398.0,0,1,0.0,408.0,400-500,0%
Frozen Bottle,2026-09-01,WK 36,Salem,Swiggy,Snacks,FOFO,TN,291.0,0.0,14.06,281.0,0,1,0.0,291.0,200-300,0%
Frozen Bottle,2026-09-01,WK 36,Salem,Zomato,Lunch,FOFO,TN,342.1,36.9,17.1,369.0,0,1,10.0,342.1,300-400,1%-10%
Frozen Bottle,2026-09-01,WK 36,Sambalpur,Zomato,Dinner,FOFO,ROI,764.0,0.0,38.2,744.0,0,2,0.0,382.0,300-400,0%
Frozen Bottle,2026-09-01,WK 36,Saravanampatti,In Store,Dinner,FOFO,TN,1399.05,0.0,70.02000000000001,1399.05,0,8,0.0,174.88125,100-200,0%
Frozen Bottle,2026-09-01,WK 36,Saravanampatti,In Store,Lunch,FOFO,TN,634.1,0.0,31.76,634.1,0,6,0.0,105.68333333333334,100-200,0%
Frozen Bottle,2026-09-01,WK 36,Saravanampatti,In Store,Snacks,FOFO,TN,1721.05,0.0,86.1,1721.05,0,7,0.0,245.8642857142857,200-300,0%
Frozen Bottle,2026-09-01,WK 36,Saravanampatti,Swiggy,Dinner,FOFO,TN,402.0,78.0,19.1,460.0,0,2,16.956521739130434,201.0,200-300,10%-20%
Frozen Bottle,2026-09-01,WK 36,Saravanampatti,Swiggy,Lunch,FOFO,TN,307.0,33.0,14.86,330.0,0,1,10.0,307.0,300-400,1%-10%
Frozen Bottle,2026-09-01,WK 36,Saravanampatti,Swiggy,Snacks,FOFO,TN,1375.8600000000001,142.14,65.8,1458.0,0,3,9.748971193415636,458.62000000000006,400-500,1%-10%
Frozen Bottle,2026-09-01,WK 36,Saravanampatti,Zomato,Dinner,FOFO,TN,1560.0,0.0,78.02000000000001,1510.0,0,5,0.0,312.0,300-400,0%
Boba Bar,2026-09-01,WK 36,Sarjapur Road,Swiggy,Snacks,COCO,KA,971.0,122.85,47.06,1063.85,0,1,11.547680594068712,971.0,>900,10%-20%
Frozen Bottle,2026-09-01,WK 36,Sarjapur Road,Ownly,Lunch,COCO,KA,351.0,0.0,17.56,351.0,0,1,0.0,351.0,300-400,0%
Frozen Bottle,2026-09-01,WK 36,Sarjapur Road,Ownly,Snacks,COCO,KA,130.9,0.0,6.54,130.9,0,1,0.0,130.9,100-200,0%
Frozen Bottle,2026-09-01,WK 36,Sarjapur Road,Swiggy,Dinner,COCO,KA,1129.0,612.0,53.46,1681.0,0,6,36.4069006543724,188.16666666666666,100-200,30%-40%
Frozen Bottle,2026-09-01,WK 36,Sarjapur Road,Swiggy,Late Night,COCO,KA,1027.0,706.3299999999999,48.36,1673.33,0,5,42.21104026103637,205.4,200-300,40%-50%
Frozen Bottle,2026-09-01,WK 36,Sarjapur Road,Swiggy,Lunch,COCO,KA,246.0,234.0,11.3,460.0,0,2,50.8695652173913,123.0,100-200,50%-60%
Frozen Bottle,2026-09-01,WK 36,Sarjapur Road,Swiggy,Snacks,COCO,KA,1173.0,538.0,55.16,1641.0,0,3,32.784887263863496,391.0,300-400,30%-40%
Frozen Bottle,2026-09-01,WK 36,Sarjapur Road,Zomato,Breakfast,COCO,KA,340.0,0.0,17.0,330.0,0,1,0.0,340.0,300-400,0%
Frozen Bottle,2026-09-01,WK 36,Sarjapur Road,Zomato,Dinner,COCO,KA,953.4,579.6,47.7,1473.0,0,4,39.34826883910387,238.35,200-300,30%-40%
Frozen Bottle,2026-09-01,WK 36,Sarjapur Road,Zomato,Late Night,COCO,KA,1336.0,664.0,66.8,1930.0,0,5,34.4041450777202,267.2,200-300,30%-40%
Frozen Bottle,2026-09-01,WK 36,Sarjapur Road,Zomato,Lunch,COCO,KA,930.0,310.0,46.5,1200.0,0,3,25.833333333333336,310.0,300-400,20%-30%
Frozen Bottle,2026-09-01,WK 36,Sarjapur Road,Zomato,Snacks,COCO,KA,294.0,115.0,14.72,389.0,0,1,29.562982005141386,294.0,200-300,20%-30%
Madno,2026-09-01,WK 36,Sarjapur Road,Swiggy,Dinner,COCO,KA,421.01,59.99,20.06,461.0,0,1,13.013015184381779,421.01,400-500,10%-20%
Madno,2026-09-01,WK 36,Sarjapur Road,Swiggy,Late Night,COCO,KA,176.0,64.0,8.3,230.0,0,1,27.82608695652174,176.0,100-200,20%-30%
Boba Bar,2026-09-01,WK 36,Sarjapura 3,Swiggy,Snacks,FOFO,KA,231.0,60.0,11.06,281.0,0,1,21.352313167259787,231.0,200-300,20%-30%
Boba Bar,2026-09-01,WK 36,Sarjapura 3,Zomato,Dinner,FOFO,KA,186.0,44.0,9.3,220.0,0,1,20.0,186.0,100-200,10%-20%
Frozen Bottle,2026-09-01,WK 36,Sarjapura 3,In Store,Dinner,FOFO,KA,398.0,0.0,19.9,398.0,0,1,0.0,398.0,300-400,0%
Frozen Bottle,2026-09-01,WK 36,Sarjapura 3,In Store,Lunch,FOFO,KA,148.0,0.0,7.42,148.0,0,2,0.0,74.0,0-100,0%
Frozen Bottle,2026-09-01,WK 36,Sarjapura 3,In Store,Snacks,FOFO,KA,478.0,0.0,23.9,478.0,0,1,0.0,478.0,400-500,0%
Frozen Bottle,2026-09-01,WK 36,Sarjapura 3,Swiggy,Closing,FOFO,KA,437.02,39.98,20.36,447.0,0,1,8.944071588366889,437.02,400-500,1%-10%
Frozen Bottle,2026-09-01,WK 36,Sarjapura 3,Swiggy,Dinner,FOFO,KA,928.0,32.0,44.9,930.0,0,2,3.4408602150537635,464.0,400-500,1%-10%
Frozen Bottle,2026-09-01,WK 36,Sarjapura 3,Swiggy,Lunch,FOFO,KA,296.12,24.88,14.3,311.0,0,1,8.0,296.12,200-300,1%-10%
Frozen Bottle,2026-09-01,WK 36,Sarjapura 3,Swiggy,Snacks,FOFO,KA,462.0,278.0,22.6,730.0,0,2,38.082191780821915,231.0,200-300,30%-40%
Frozen Bottle,2026-09-01,WK 36,Sarjapura 3,Zomato,Dinner,FOFO,KA,1852.0,600.0,92.62,2362.0,0,6,25.40220152413209,308.6666666666667,300-400,20%-30%
Frozen Bottle,2026-09-01,WK 36,Sarjapura 3,Zomato,Late Night,FOFO,KA,150.0,60.0,7.5,200.0,0,1,30.0,150.0,100-200,20%-30%
Frozen Bottle,2026-09-01,WK 36,Sarjapura 3,Zomato,Lunch,FOFO,KA,171.0,69.0,8.56,230.0,0,1,30.0,171.0,100-200,20%-30%
Frozen Bottle,2026-09-01,WK 36,Sarjapura 3,Zomato,Snacks,FOFO,KA,1433.0,500.0,71.64,1873.0,0,4,26.695141484249866,358.25,300-400,20%-30%
Madno,2026-09-01,WK 36,Sarjapura 3,Swiggy,Dinner,FOFO,KA,1421.42,300.43,68.08,1661.85,0,3,18.078045551644255,473.8066666666667,400-500,10%-20%
Madno,2026-09-01,WK 36,Sarjapura 3,Swiggy,Snacks,FOFO,KA,212.4,17.6,10.12,220.0,0,1,8.0,212.4,200-300,1%-10%
Madno,2026-09-01,WK 36,Sarjapura 3,Zomato,Dinner,FOFO,KA,217.0,23.0,10.86,230.0,0,1,10.0,217.0,200-300,1%-10%
Madno,2026-09-01,WK 36,Sarjapura 3,Zomato,Snacks,FOFO,KA,181.0,0.0,9.06,171.0,0,1,0.0,181.0,100-200,0%
Frozen Bottle,2026-09-01,WK 36,Sathanur,In Store,Closing,FOFO,KA,207.0,0.0,10.36,207.0,0,1,0.0,207.0,200-300,0%
Frozen Bottle,2026-09-01,WK 36,Sathanur,In Store,Dinner,FOFO,KA,2385.0,0.0,119.3,2385.0,0,9,0.0,265.0,200-300,0%
Frozen Bottle,2026-09-01,WK 36,Sathanur,In Store,Late Night,FOFO,KA,208.0,0.0,10.4,208.0,0,1,0.0,208.0,200-300,0%
Frozen Bottle,2026-09-01,WK 36,Sathanur,In Store,Lunch,FOFO,KA,687.0,0.0,34.36,687.0,0,2,0.0,343.5,300-400,0%
Frozen Bottle,2026-09-01,WK 36,Sathanur,In Store,Snacks,FOFO,KA,1066.0,0.0,53.32,1066.0,0,5,0.0,213.2,200-300,0%
Frozen Bottle,2026-09-01,WK 36,Sathanur,Swiggy,Closing,FOFO,KA,662.0,0.0,32.1,642.0,0,1,0.0,662.0,600-900,0%
Frozen Bottle,2026-09-01,WK 36,Sathanur,Swiggy,Dinner,FOFO,KA,2733.01,794.99,132.68,3448.0,0,7,23.05655452436195,390.43,300-400,20%-30%
Frozen Bottle,2026-09-01,WK 36,Sathanur,Swiggy,Lunch,FOFO,KA,285.0,213.0,14.26,498.0,0,1,42.77108433734939,285.0,200-300,40%-50%
Frozen Bottle,2026-09-01,WK 36,Sathanur,Zomato,Breakfast,FOFO,KA,109.0,100.0,5.46,199.0,0,1,50.25125628140703,109.0,100-200,50%-60%
Frozen Bottle,2026-09-01,WK 36,Sathanur,Zomato,Closing,FOFO,KA,215.0,75.0,10.76,280.0,0,1,26.785714285714285,215.0,200-300,20%-30%
Frozen Bottle,2026-09-01,WK 36,Sathanur,Zomato,Dinner,FOFO,KA,2313.7799999999997,678.4,115.74,2862.18,0,12,23.702212998483674,192.81499999999997,100-200,20%-30%
Frozen Bottle,2026-09-01,WK 36,Sathanur,Zomato,Lunch,FOFO,KA,755.0,225.0,37.760000000000005,940.0,0,3,23.93617021276596,251.66666666666666,200-300,20%-30%
Frozen Bottle,2026-09-01,WK 36,Sathanur,Zomato,Snacks,FOFO,KA,1508.85,175.0,75.46,1623.85,0,5,10.776857468362227,301.77,300-400,10%-20%
Frozen Bottle,2026-09-01,WK 36,Seegehalli,In Store,Dinner,FOFO,KA,1894.24,0.0,94.74,1894.24,0,6,0.0,315.70666666666665,300-400,0%
Frozen Bottle,2026-09-01,WK 36,Seegehalli,In Store,Snacks,FOFO,KA,244.23,0.0,12.22,244.23,0,1,0.0,244.23,200-300,0%
Frozen Bottle,2026-09-01,WK 36,Seegehalli,Swiggy,Dinner,FOFO,KA,1201.01,179.99,58.06,1341.0,0,3,13.422073079791202,400.33666666666664,400-500,10%-20%
Frozen Bottle,2026-09-01,WK 36,Seegehalli,Zomato,Dinner,FOFO,KA,169.0,100.0,8.46,259.0,0,1,38.61003861003861,169.0,100-200,30%-40%
Boba Bar,2026-09-01,WK 36,Selaiyur,Swiggy,Dinner,FOFO,TN,547.0,453.0,26.36,980.0,0,3,46.224489795918366,182.33333333333334,100-200,40%-50%
Boba Bar,2026-09-01,WK 36,Selaiyur,Swiggy,Snacks,FOFO,TN,600.0,290.0,28.5,860.0,0,1,33.72093023255814,600.0,500-600,30%-40%
Boba Bar,2026-09-01,WK 36,Selaiyur,Zomato,Snacks,FOFO,TN,271.0,0.0,13.56,261.0,0,1,0.0,271.0,200-300,0%
Frozen Bottle,2026-09-01,WK 36,Selaiyur,In Store,Breakfast,FOFO,TN,237.0,0.0,11.86,237.0,0,1,0.0,237.0,200-300,0%
Frozen Bottle,2026-09-01,WK 36,Selaiyur,In Store,Dinner,FOFO,TN,39.0,0.0,1.96,39.0,0,1,0.0,39.0,0-100,0%
Frozen Bottle,2026-09-01,WK 36,Selaiyur,In Store,Late Night,FOFO,TN,129.0,0.0,6.46,129.0,0,1,0.0,129.0,100-200,0%
Frozen Bottle,2026-09-01,WK 36,Selaiyur,Swiggy,Late Night,FOFO,TN,1020.0,100.0,49.5,1090.0,0,3,9.174311926605505,340.0,300-400,1%-10%
Frozen Bottle,2026-09-01,WK 36,Selaiyur,Swiggy,Lunch,FOFO,TN,1094.6100000000001,106.39,52.739999999999995,1161.0,0,3,9.16365202411714,364.87000000000006,300-400,1%-10%
Frozen Bottle,2026-09-01,WK 36,Selaiyur,Swiggy,Snacks,FOFO,TN,760.0,0.0,36.5,730.0,0,1,0.0,760.0,600-900,0%
Frozen Bottle,2026-09-01,WK 36,Selaiyur,Zomato,Closing,FOFO,TN,1438.17,352.17,71.98,1750.34,0,1,20.120090953757558,1438.17,>900,20%-30%
Frozen Bottle,2026-09-01,WK 36,Selaiyur,Zomato,Lunch,FOFO,TN,190.0,100.0,9.5,280.0,0,1,35.714285714285715,190.0,100-200,30%-40%
Frozen Bottle,2026-09-01,WK 36,Selaiyur,Zomato,Snacks,FOFO,TN,714.0,175.0,35.72,859.0,0,3,20.372526193247964,238.0,200-300,20%-30%
Madno,2026-09-01,WK 36,Selaiyur,Swiggy,Late Night,FOFO,TN,176.0,64.0,8.3,230.0,0,1,27.82608695652174,176.0,100-200,20%-30%
Madno,2026-09-01,WK 36,Selaiyur,Zomato,Lunch,FOFO,TN,185.0,75.0,9.26,250.0,0,1,30.0,185.0,100-200,20%-30%
Boba Bar,2026-09-01,WK 36,Sher- E-Punjab,Zomato,Snacks,COCO,MH,305.0,95.0,15.26,380.0,0,1,25.0,305.0,300-400,20%-30%
Frozen Bottle,2026-09-01,WK 36,Sher- E-Punjab,Swiggy,Dinner,COCO,MH,642.0,416.0,29.6,1008.0,0,4,41.269841269841265,160.5,100-200,40%-50%
Frozen Bottle,2026-09-01,WK 36,Sher- E-Punjab,Swiggy,Lunch,COCO,MH,685.0,304.0,32.26,949.0,0,3,32.03371970495258,228.33333333333334,200-300,30%-40%
Frozen Bottle,2026-09-01,WK 36,Sher- E-Punjab,Swiggy,Snacks,COCO,MH,871.0,618.0,42.58,1469.0,0,4,42.069434989788974,217.75,200-300,40%-50%
Frozen Bottle,2026-09-01,WK 36,Sher- E-Punjab,Zomato,Dinner,COCO,MH,1068.8,633.2,53.480000000000004,1652.0,0,3,38.32929782082325,356.26666666666665,300-400,30%-40%
Frozen Bottle,2026-09-01,WK 36,Sher- E-Punjab,Zomato,Snacks,COCO,MH,1311.8,930.2,65.6,2172.0,0,4,42.826887661141804,327.95,300-400,40%-50%
Madno,2026-09-01,WK 36,Sher- E-Punjab,Swiggy,Dinner,COCO,MH,176.0,64.0,8.3,230.0,0,1,27.82608695652174,176.0,100-200,20%-30%
Frozen Bottle,2026-09-01,WK 36,Shivamogga,In Store,Snacks,COCO,KA,696.0,0.0,34.8,696.0,0,2,0.0,348.0,300-400,0%
Frozen Bottle,2026-09-01,WK 36,Shivamogga,Swiggy,Dinner,COCO,KA,459.85,303.0,21.0,722.85,0,3,41.917410251089436,153.28333333333333,100-200,40%-50%
Frozen Bottle,2026-09-01,WK 36,Shivamogga,Swiggy,Lunch,COCO,KA,250.0,40.0,12.0,280.0,0,1,14.285714285714285,250.0,200-300,10%-20%
Frozen Bottle,2026-09-01,WK 36,Shivamogga,Swiggy,Snacks,COCO,KA,230.0,60.0,11.0,280.0,0,1,21.428571428571427,230.0,200-300,20%-30%
Frozen Bottle,2026-09-01,WK 36,Shivamogga,Zomato,Dinner,COCO,KA,699.0,480.0,34.980000000000004,1139.0,0,4,42.14223002633889,174.75,100-200,40%-50%
Frozen Bottle,2026-09-01,WK 36,Shivamogga,Zomato,Lunch,COCO,KA,340.0,0.0,17.0,330.0,0,1,0.0,340.0,300-400,0%
Frozen Bottle,2026-09-01,WK 36,Shivamogga,Zomato,Snacks,COCO,KA,304.0,115.0,15.22,399.0,0,1,28.82205513784461,304.0,300-400,20%-30%
Frozen Bottle,2026-09-01,WK 36,Sholinganallur,In Store,Dinner,FOFO,TN,1677.85,0.0,83.96000000000001,1677.85,0,11,0.0,152.53181818181818,100-200,0%
Frozen Bottle,2026-09-01,WK 36,Sholinganallur,In Store,Lunch,FOFO,TN,1210.0,0.0,60.54,1210.0,0,6,0.0,201.66666666666666,200-300,0%
Frozen Bottle,2026-09-01,WK 36,Sholinganallur,In Store,Snacks,FOFO,TN,767.85,0.0,38.42,767.85,0,4,0.0,191.9625,100-200,0%
Frozen Bottle,2026-09-01,WK 36,Sholinganallur,Swiggy,Dinner,FOFO,TN,1956.01,333.99,96.30000000000001,2260.0,0,2,14.778318584070796,978.005,>900,10%-20%
Frozen Bottle,2026-09-01,WK 36,Sholinganallur,Swiggy,Lunch,FOFO,TN,1813.06,468.94,85.68,2182.0,0,5,21.491292392300643,362.61199999999997,300-400,20%-30%
Frozen Bottle,2026-09-01,WK 36,Sholinganallur,Swiggy,Snacks,FOFO,TN,516.0799999999999,300.92,24.799999999999997,797.0,0,2,37.75658720200753,258.03999999999996,200-300,30%-40%
Frozen Bottle,2026-09-01,WK 36,Sholinganallur,Zomato,Dinner,FOFO,TN,340.0,50.0,17.0,370.0,0,1,13.513513513513514,340.0,300-400,10%-20%
Frozen Bottle,2026-09-01,WK 36,Sholinganallur,Zomato,Lunch,FOFO,TN,437.0,123.0,21.86,540.0,0,2,22.77777777777778,218.5,200-300,20%-30%
Frozen Bottle,2026-09-01,WK 36,Silchar,Swiggy,Dinner,FOFO,ROI,579.01,99.99000000000001,27.46,649.0,0,2,15.40677966101695,289.505,200-300,10%-20%
Frozen Bottle,2026-09-01,WK 36,Silchar,Swiggy,Snacks,FOFO,ROI,291.0,0.0,14.06,281.0,0,1,0.0,291.0,200-300,0%
Frozen Bottle,2026-09-01,WK 36,Silchar,Zomato,Dinner,FOFO,ROI,550.0,50.0,27.5,580.0,0,1,8.620689655172415,550.0,500-600,1%-10%
Frozen Bottle,2026-09-01,WK 36,Silchar,Zomato,Lunch,FOFO,ROI,318.0,100.0,15.9,398.0,0,1,25.125628140703515,318.0,300-400,20%-30%
Frozen Bottle,2026-09-01,WK 36,Silchar,Zomato,Snacks,FOFO,ROI,762.0,205.0,38.1,927.0,0,2,22.114347357065803,381.0,300-400,20%-30%
Madno,2026-09-01,WK 36,Silchar,Swiggy,Dinner,FOFO,ROI,533.8,187.2,25.2,691.0,0,3,27.09117221418234,177.9333333333333,100-200,20%-30%
Madno,2026-09-01,WK 36,Silchar,Swiggy,Snacks,FOFO,ROI,869.0,302.0,40.96,1121.0,0,2,26.94023193577163,434.5,400-500,20%-30%
Boba Bar,2026-09-01,WK 36,Sinhagad,Zomato,Lunch,COCO,MH,291.0,50.0,14.56,331.0,0,1,15.105740181268882,291.0,200-300,10%-20%
Frozen Bottle,2026-09-01,WK 36,Sinhagad,In Store,Dinner,COCO,MH,1740.68,479.54999999999995,87.06,2220.23,0,8,21.599113605347192,217.585,200-300,20%-30%
Frozen Bottle,2026-09-01,WK 36,Sinhagad,In Store,Late Night,COCO,MH,208.0,0.0,10.4,208.0,0,1,0.0,208.0,200-300,0%
Frozen Bottle,2026-09-01,WK 36,Sinhagad,In Store,Lunch,COCO,MH,1441.0,0.0,72.06,1441.0,0,4,0.0,360.25,300-400,0%
Frozen Bottle,2026-09-01,WK 36,Sinhagad,In Store,Snacks,COCO,MH,844.0,0.0,42.22,844.0,0,3,0.0,281.3333333333333,200-300,0%
Frozen Bottle,2026-09-01,WK 36,Sinhagad,Swiggy,Closing,COCO,MH,109.0,112.0,4.96,211.0,0,1,53.08056872037915,109.0,100-200,50%-60%
Frozen Bottle,2026-09-01,WK 36,Sinhagad,Swiggy,Dinner,COCO,MH,3218.13,1581.87,151.94,4620.0,0,11,34.239610389610384,292.55727272727273,200-300,30%-40%
Frozen Bottle,2026-09-01,WK 36,Sinhagad,Swiggy,Late Night,COCO,MH,268.0,181.0,12.4,429.0,0,1,42.19114219114219,268.0,200-300,40%-50%
Frozen Bottle,2026-09-01,WK 36,Sinhagad,Swiggy,Lunch,COCO,MH,298.0,222.0,13.9,500.0,0,1,44.4,298.0,200-300,40%-50%
Frozen Bottle,2026-09-01,WK 36,Sinhagad,Swiggy,Snacks,COCO,MH,583.0,436.0,27.660000000000004,989.0,0,2,44.08493427704752,291.5,200-300,40%-50%
Frozen Bottle,2026-09-01,WK 36,Sinhagad,Zomato,Closing,COCO,MH,930.0,350.0,46.540000000000006,1240.0,0,3,28.225806451612907,310.0,300-400,20%-30%
Frozen Bottle,2026-09-01,WK 36,Sinhagad,Zomato,Dinner,COCO,MH,2323.0,1695.0,116.19999999999999,3888.0,0,7,43.59567901234568,331.85714285714283,300-400,40%-50%
Frozen Bottle,2026-09-01,WK 36,Sinhagad,Zomato,Lunch,COCO,MH,680.0,0.0,34.0,660.0,0,1,0.0,680.0,600-900,0%
Frozen Bottle,2026-09-01,WK 36,Sinhagad,Zomato,Snacks,COCO,MH,2089.8,711.19,104.53999999999999,2710.99,0,5,26.2335899431573,417.96000000000004,400-500,20%-30%
Madno,2026-09-01,WK 36,Sinhagad,Swiggy,Dinner,COCO,MH,768.0,254.0,36.4,982.0,0,3,25.865580448065174,256.0,200-300,20%-30%
Madno,2026-09-01,WK 36,Sinhagad,Zomato,Closing,COCO,MH,105.5,95.5,5.28,191.0,0,1,50.0,105.5,100-200,40%-50%
Madno,2026-09-01,WK 36,Sinhagad,Zomato,Dinner,COCO,MH,311.0,150.0,15.54,441.0,0,1,34.01360544217687,311.0,300-400,30%-40%
Madno,2026-09-01,WK 36,Sinhagad,Zomato,Late Night,COCO,MH,341.0,321.0,17.06,642.0,0,1,50.0,341.0,300-400,40%-50%
Boba Bar,2026-09-01,WK 36,Tata Sherwood,Swiggy,Dinner,COCO,KA,99.0,91.0,4.96,190.0,0,1,47.89473684210526,99.0,0-100,40%-50%
Boba Bar,2026-09-01,WK 36,Tata Sherwood,Zomato,Dinner,COCO,KA,257.5,142.5,12.88,380.0,0,1,37.5,257.5,200-300,30%-40%
Frozen Bottle,2026-09-01,WK 36,Tata Sherwood,In Store,Dinner,COCO,KA,2022.99,429.39000000000004,101.24,2452.38,0,19,17.50911359577227,106.47315789473684,100-200,10%-20%
Frozen Bottle,2026-09-01,WK 36,Tata Sherwood,In Store,Lunch,COCO,KA,828.28,0.0,41.440000000000005,828.28,0,4,0.0,207.07,200-300,0%
Frozen Bottle,2026-09-01,WK 36,Tata Sherwood,In Store,Snacks,COCO,KA,3702.13,774.59,185.16,4476.72,0,27,17.302623349237834,137.11592592592592,100-200,10%-20%
Frozen Bottle,2026-09-01,WK 36,Tata Sherwood,Ownly,Dinner,COCO,KA,324.0,0.0,16.22,324.0,0,2,0.0,162.0,100-200,0%
Frozen Bottle,2026-09-01,WK 36,Tata Sherwood,Ownly,Late Night,COCO,KA,276.0,0.0,13.8,276.0,0,1,0.0,276.0,200-300,0%
Frozen Bottle,2026-09-01,WK 36,Tata Sherwood,Swiggy,Dinner,COCO,KA,3563.0299999999997,1656.97,168.72,5030.0,0,14,32.94174950298211,254.50214285714284,200-300,30%-40%
Frozen Bottle,2026-09-01,WK 36,Tata Sherwood,Swiggy,Lunch,COCO,KA,1279.0,549.0,60.980000000000004,1768.0,0,5,31.052036199095024,255.8,200-300,30%-40%
Frozen Bottle,2026-09-01,WK 36,Tata Sherwood,Swiggy,Snacks,COCO,KA,1468.0,703.33,69.42,2091.33,0,7,33.63075172258802,209.71428571428572,200-300,30%-40%
Frozen Bottle,2026-09-01,WK 36,Tata Sherwood,Zomato,Dinner,COCO,KA,2921.16,946.1700000000001,146.12,3727.33,0,8,25.384658723536692,365.145,300-400,20%-30%
Frozen Bottle,2026-09-01,WK 36,Tata Sherwood,Zomato,Late Night,COCO,KA,1347.3,725.6899999999999,67.38,1992.99,0,3,36.41212449635974,449.09999999999997,400-500,30%-40%
Frozen Bottle,2026-09-01,WK 36,Tata Sherwood,Zomato,Lunch,COCO,KA,440.0,110.0,22.0,530.0,0,2,20.754716981132077,220.0,200-300,20%-30%
Frozen Bottle,2026-09-01,WK 36,Tata Sherwood,Zomato,Snacks,COCO,KA,965.4,735.6,48.3,1641.0,0,3,44.82632541133456,321.8,300-400,40%-50%
Madno,2026-09-01,WK 36,Tata Sherwood,Ownly,Dinner,COCO,KA,209.0,0.0,10.46,209.0,0,1,0.0,209.0,200-300,0%
Madno,2026-09-01,WK 36,Tata Sherwood,Ownly,Snacks,COCO,KA,160.0,0.0,8.0,160.0,0,1,0.0,160.0,100-200,0%
Madno,2026-09-01,WK 36,Tata Sherwood,Swiggy,Dinner,COCO,KA,889.01,273.84000000000003,43.46,1142.85,0,4,23.961149757185986,222.2525,200-300,20%-30%
Madno,2026-09-01,WK 36,Tata Sherwood,Swiggy,Lunch,COCO,KA,160.0,70.0,8.0,230.0,0,1,30.434782608695656,160.0,100-200,30%-40%
Madno,2026-09-01,WK 36,Tata Sherwood,Zomato,Dinner,COCO,KA,1468.53,703.81,73.46,2062.34,0,7,34.126768622050676,209.79,200-300,30%-40%
Madno,2026-09-01,WK 36,Tata Sherwood,Zomato,Lunch,COCO,KA,299.0,80.0,14.96,359.0,0,2,22.284122562674096,149.5,100-200,20%-30%
Madno,2026-09-01,WK 36,Tata Sherwood,Zomato,Snacks,COCO,KA,653.0,276.0,32.66,889.0,0,4,31.046119235095617,163.25,100-200,30%-40%
Frozen Bottle,2026-09-01,WK 36,Thakur Village,In Store,Dinner,COCO,MH,369.39,344.61,18.48,714.0,0,6,48.26470588235294,61.565,0-100,40%-50%
Frozen Bottle,2026-09-01,WK 36,Thakur Village,In Store,Lunch,COCO,MH,1145.0,0.0,57.24,1145.0,0,2,0.0,572.5,500-600,0%
Frozen Bottle,2026-09-01,WK 36,Thakur Village,Others,Dinner,COCO,MH,260.0,0.0,13.0,250.0,0,1,0.0,260.0,200-300,0%
Frozen Bottle,2026-09-01,WK 36,Thakur Village,Swiggy,Dinner,COCO,MH,2121.0,1176.0,102.08,3217.0,0,10,36.55579732670189,212.1,200-300,30%-40%
Frozen Bottle,2026-09-01,WK 36,Thakur Village,Swiggy,Late Night,COCO,MH,796.12,719.88,38.32,1486.0,0,4,48.44414535666218,199.03,100-200,40%-50%
Frozen Bottle,2026-09-01,WK 36,Thakur Village,Swiggy,Lunch,COCO,MH,267.0,212.0,12.860000000000001,469.0,0,2,45.20255863539446,133.5,100-200,40%-50%
Frozen Bottle,2026-09-01,WK 36,Thakur Village,Swiggy,Snacks,COCO,MH,129.0,80.0,5.96,199.0,0,1,40.20100502512563,129.0,100-200,40%-50%
Frozen Bottle,2026-09-01,WK 36,Thakur Village,Zomato,Dinner,COCO,MH,1925.3,951.7,96.32,2787.0,0,7,34.14782920703266,275.04285714285714,200-300,30%-40%
Frozen Bottle,2026-09-01,WK 36,Thakur Village,Zomato,Late Night,COCO,MH,1420.8,429.2,71.08,1790.0,0,5,23.977653631284916,284.15999999999997,200-300,20%-30%
Frozen Bottle,2026-09-01,WK 36,Thakur Village,Zomato,Lunch,COCO,MH,280.0,0.0,14.0,270.0,0,1,0.0,280.0,200-300,0%
Frozen Bottle,2026-09-01,WK 36,Thakur Village,Zomato,Snacks,COCO,MH,1439.1999999999998,958.8,71.96000000000001,2308.0,0,4,41.54246100519931,359.79999999999995,300-400,40%-50%
Madno,2026-09-01,WK 36,Thakur Village,Swiggy,Snacks,COCO,MH,228.0,202.0,11.4,430.0,0,1,46.97674418604651,228.0,200-300,40%-50%
Madno,2026-09-01,WK 36,Thakur Village,Zomato,Dinner,COCO,MH,1051.0,670.0,52.56,1651.0,0,4,40.58146577831617,262.75,200-300,40%-50%
Madno,2026-09-01,WK 36,Thakur Village,Zomato,Late Night,COCO,MH,227.0,75.0,11.36,282.0,0,1,26.595744680851062,227.0,200-300,20%-30%
Madno,2026-09-01,WK 36,Thakur Village,Zomato,Snacks,COCO,MH,536.0,275.0,26.82,781.0,0,2,35.2112676056338,268.0,200-300,30%-40%
Frozen Bottle,2026-09-01,WK 36,Thanjavur,In Store,Dinner,FOFO,TN,3283.0,0.0,164.2,3283.0,0,6,0.0,547.1666666666666,500-600,0%
Frozen Bottle,2026-09-01,WK 36,Thanjavur,In Store,Late Night,FOFO,TN,139.0,0.0,6.96,139.0,0,1,0.0,139.0,100-200,0%
Frozen Bottle,2026-09-01,WK 36,Thanjavur,In Store,Lunch,FOFO,TN,2636.0,0.0,131.84,2636.0,0,6,0.0,439.3333333333333,400-500,0%
Frozen Bottle,2026-09-01,WK 36,Thanjavur,In Store,Snacks,FOFO,TN,3375.23,0.0,168.78,3375.23,0,8,0.0,421.90375,400-500,0%
Frozen Bottle,2026-09-01,WK 36,Thanjavur,Swiggy,Dinner,FOFO,TN,2186.0299999999997,149.97,105.32,2256.0,0,4,6.647606382978723,546.5074999999999,500-600,1%-10%
Frozen Bottle,2026-09-01,WK 36,Thanjavur,Swiggy,Lunch,FOFO,TN,599.2,99.8,28.96,679.0,0,2,14.698085419734905,299.6,200-300,10%-20%
Frozen Bottle,2026-09-01,WK 36,Thanjavur,Zomato,Dinner,FOFO,TN,369.0,0.0,18.46,359.0,0,1,0.0,369.0,300-400,0%
Frozen Bottle,2026-09-01,WK 36,Thanjavur,Zomato,Snacks,FOFO,TN,1330.0,0.0,66.53999999999999,1280.0,0,3,0.0,443.3333333333333,400-500,0%
Boba Bar,2026-09-01,WK 36,Thiruvalla,Swiggy,Lunch,COCO,Kerela,138.0,132.0,6.4,260.0,0,1,50.76923076923077,138.0,100-200,50%-60%
Boba Bar,2026-09-01,WK 36,Thiruvalla,Swiggy,Snacks,COCO,Kerela,60.0,63.33,2.5,113.33,0,1,55.88105532515662,60.0,0-100,50%-60%
Boba Bar,2026-09-01,WK 36,Thiruvalla,Zomato,Dinner,COCO,Kerela,300.0,280.0,15.0,560.0,0,1,50.0,300.0,200-300,40%-50%
Boba Bar,2026-09-01,WK 36,Thiruvalla,Zomato,Snacks,COCO,Kerela,220.0,70.0,11.0,280.0,0,1,25.0,220.0,200-300,20%-30%
Frozen Bottle,2026-09-01,WK 36,Thiruvalla,In Store,Dinner,COCO,Kerela,1124.0,0.0,56.22,1124.0,0,2,0.0,562.0,500-600,0%
Frozen Bottle,2026-09-01,WK 36,Thiruvalla,In Store,Snacks,COCO,Kerela,357.0,0.0,17.86,357.0,0,2,0.0,178.5,100-200,0%
Frozen Bottle,2026-09-01,WK 36,Thiruvalla,Swiggy,Breakfast,COCO,Kerela,156.0,182.0,6.8,318.0,0,2,57.23270440251572,78.0,0-100,50%-60%
Frozen Bottle,2026-09-01,WK 36,Thiruvalla,Swiggy,Dinner,COCO,Kerela,2493.02,1072.6399999999999,118.19999999999999,3435.66,0,9,31.220784361665586,277.0022222222222,200-300,30%-40%
Frozen Bottle,2026-09-01,WK 36,Thiruvalla,Swiggy,Lunch,COCO,Kerela,1014.13,882.4,44.72,1776.53,0,4,49.66986203441541,253.5325,200-300,40%-50%
Frozen Bottle,2026-09-01,WK 36,Thiruvalla,Swiggy,Snacks,COCO,Kerela,1211.0,527.0,57.58,1678.0,0,5,31.40643623361144,242.2,200-300,30%-40%
Frozen Bottle,2026-09-01,WK 36,Thiruvalla,Zomato,Dinner,COCO,Kerela,675.0,325.0,33.76,960.0,0,3,33.85416666666667,225.0,200-300,30%-40%
Frozen Bottle,2026-09-01,WK 36,Thiruvalla,Zomato,Lunch,COCO,Kerela,1800.92,716.9300000000001,90.06,2427.85,0,5,29.529419033301075,360.184,300-400,20%-30%
Frozen Bottle,2026-09-01,WK 36,Thiruvalla,Zomato,Snacks,COCO,Kerela,1545.5,1325.5,77.34,2761.0,0,5,48.007968127490045,309.1,300-400,40%-50%
Madno,2026-09-01,WK 36,Thiruvalla,Swiggy,Dinner,COCO,Kerela,747.0,414.0,34.86,1111.0,0,3,37.263726372637265,249.0,200-300,30%-40%
Madno,2026-09-01,WK 36,Thiruvalla,Swiggy,Lunch,COCO,Kerela,400.0,442.85,19.0,822.85,0,1,53.819043568086535,400.0,300-400,50%-60%
Madno,2026-09-01,WK 36,Thiruvalla,Swiggy,Snacks,COCO,Kerela,1120.35,760.8299999999999,52.019999999999996,1801.1799999999998,0,3,42.24064224563897,373.45,300-400,40%-50%
Madno,2026-09-01,WK 36,Thiruvalla,Zomato,Breakfast,COCO,Kerela,105.5,95.5,5.28,191.0,0,1,50.0,105.5,100-200,40%-50%
Madno,2026-09-01,WK 36,Thiruvalla,Zomato,Dinner,COCO,Kerela,565.5,146.5,28.3,682.0,0,3,21.480938416422287,188.5,100-200,20%-30%
Madno,2026-09-01,WK 36,Thiruvalla,Zomato,Lunch,COCO,Kerela,475.5,195.5,23.78,641.0,0,2,30.49921996879875,237.75,200-300,30%-40%
Madno,2026-09-01,WK 36,Thiruvalla,Zomato,Snacks,COCO,Kerela,182.0,150.0,9.1,312.0,0,1,48.07692307692308,182.0,100-200,40%-50%
Boba Bar,2026-09-01,WK 36,Thiruvananthpuram,Swiggy,Snacks,FOFO,Kerela,580.0,0.0,28.0,560.0,0,1,0.0,580.0,500-600,0%
Frozen Bottle,2026-09-01,WK 36,Thiruvananthpuram,In Store,Dinner,FOFO,Kerela,1402.0,0.0,70.12,1402.0,0,4,0.0,350.5,300-400,0%
Frozen Bottle,2026-09-01,WK 36,Thiruvananthpuram,In Store,Late Night,FOFO,Kerela,557.0,0.0,27.880000000000003,557.0,0,3,0.0,185.66666666666666,100-200,0%
Frozen Bottle,2026-09-01,WK 36,Thiruvananthpuram,In Store,Lunch,FOFO,Kerela,2019.0,0.0,100.98,2019.0,0,5,0.0,403.8,400-500,0%
Frozen Bottle,2026-09-01,WK 36,Thiruvananthpuram,In Store,Snacks,FOFO,Kerela,776.0,0.0,38.82,776.0,0,2,0.0,388.0,300-400,0%
Frozen Bottle,2026-09-01,WK 36,Thiruvananthpuram,Swiggy,Breakfast,FOFO,Kerela,109.0,131.0,4.96,230.0,0,1,56.95652173913044,109.0,100-200,50%-60%
Frozen Bottle,2026-09-01,WK 36,Thiruvananthpuram,Swiggy,Dinner,FOFO,Kerela,1300.0,0.0,63.0,1260.0,0,2,0.0,650.0,600-900,0%
Frozen Bottle,2026-09-01,WK 36,Thiruvananthpuram,Swiggy,Lunch,FOFO,Kerela,1607.0,453.0,76.38,1980.0,0,4,22.87878787878788,401.75,400-500,20%-30%
Frozen Bottle,2026-09-01,WK 36,Thiruvananthpuram,Swiggy,Snacks,FOFO,Kerela,920.0,0.0,44.5,890.0,0,1,0.0,920.0,>900,0%
Frozen Bottle,2026-09-01,WK 36,Thiruvananthpuram,Zomato,Breakfast,FOFO,Kerela,340.0,0.0,17.0,330.0,0,1,0.0,340.0,300-400,0%
Frozen Bottle,2026-09-01,WK 36,Thiruvananthpuram,Zomato,Late Night,FOFO,Kerela,470.0,0.0,23.52,450.0,0,1,0.0,470.0,400-500,0%
Frozen Bottle,2026-09-01,WK 36,Thiruvananthpuram,Zomato,Lunch,FOFO,Kerela,705.9,75.1,35.3,751.0,0,1,10.0,705.9,600-900,1%-10%
Madno,2026-09-01,WK 36,Thiruvananthpuram,Swiggy,Closing,FOFO,Kerela,290.0,0.0,14.0,280.0,0,1,0.0,290.0,200-300,0%
Madno,2026-09-01,WK 36,Thiruvananthpuram,Zomato,Dinner,FOFO,Kerela,340.0,0.0,17.0,330.0,0,1,0.0,340.0,300-400,0%
Boba Bar,2026-09-01,WK 36,Thoraipakkam,Zomato,Snacks,COCO,TN,205.0,65.0,10.26,260.0,0,1,25.0,205.0,200-300,20%-30%
Frozen Bottle,2026-09-01,WK 36,Thoraipakkam,In Store,Dinner,COCO,TN,671.0,0.0,33.58,671.0,0,5,0.0,134.2,100-200,0%
Frozen Bottle,2026-09-01,WK 36,Thoraipakkam,In Store,Lunch,COCO,TN,720.28,521.18,36.02,1241.46,0,4,41.981215665426184,180.07,100-200,40%-50%
Frozen Bottle,2026-09-01,WK 36,Thoraipakkam,In Store,Snacks,COCO,TN,1283.24,217.22,64.16000000000001,1500.46,0,4,14.476893752582539,320.81,300-400,10%-20%
Frozen Bottle,2026-09-01,WK 36,Thoraipakkam,Swiggy,Dinner,COCO,TN,1872.0,1171.33,89.12,2953.33,0,8,39.66133144619802,234.0,200-300,30%-40%
Frozen Bottle,2026-09-01,WK 36,Thoraipakkam,Swiggy,Late Night,COCO,TN,715.0,365.0,33.76,1040.0,0,3,35.09615384615385,238.33333333333334,200-300,30%-40%
Frozen Bottle,2026-09-01,WK 36,Thoraipakkam,Swiggy,Lunch,COCO,TN,475.0,356.0,22.26,801.0,0,2,44.44444444444444,237.5,200-300,40%-50%
Frozen Bottle,2026-09-01,WK 36,Thoraipakkam,Swiggy,Snacks,COCO,TN,1369.56,1001.77,64.0,2281.33,0,8,43.911665563509004,171.195,100-200,40%-50%
Frozen Bottle,2026-09-01,WK 36,Thoraipakkam,Zomato,Dinner,COCO,TN,1378.8,531.2,68.96,1850.0,0,4,28.713513513513515,344.7,300-400,20%-30%
Frozen Bottle,2026-09-01,WK 36,Thoraipakkam,Zomato,Late Night,COCO,TN,205.0,100.0,10.26,295.0,0,1,33.89830508474576,205.0,200-300,30%-40%
Frozen Bottle,2026-09-01,WK 36,Thoraipakkam,Zomato,Lunch,COCO,TN,551.0,429.0,27.560000000000002,950.0,0,2,45.15789473684211,275.5,200-300,40%-50%
Frozen Bottle,2026-09-01,WK 36,Thoraipakkam,Zomato,Snacks,COCO,TN,763.0,496.0,38.16,1209.0,0,3,41.02564102564102,254.33333333333334,200-300,40%-50%
Madno,2026-09-01,WK 36,Thoraipakkam,Swiggy,Late Night,COCO,TN,311.01,59.99,14.56,351.0,0,1,17.09116809116809,311.01,300-400,10%-20%
Madno,2026-09-01,WK 36,Thoraipakkam,Swiggy,Lunch,COCO,TN,636.0,408.85,29.8,1004.85,0,1,40.68766482559586,636.0,600-900,40%-50%
Madno,2026-09-01,WK 36,Thoraipakkam,Swiggy,Snacks,COCO,TN,644.0,217.0,30.2,821.0,0,2,26.431181485992695,322.0,300-400,20%-30%
Madno,2026-09-01,WK 36,Thoraipakkam,Zomato,Dinner,COCO,TN,847.5,675.5,42.400000000000006,1473.0,0,4,45.85879158180584,211.875,200-300,40%-50%
Madno,2026-09-01,WK 36,Thoraipakkam,Zomato,Late Night,COCO,TN,100.0,90.0,5.0,180.0,0,1,50.0,100.0,0-100,40%-50%
Frozen Bottle,2026-09-01,WK 36,Tirunelveli,In Store,Breakfast,FOFO,TN,249.0,0.0,12.46,249.0,0,1,0.0,249.0,200-300,0%
Frozen Bottle,2026-09-01,WK 36,Tirunelveli,In Store,Dinner,FOFO,TN,2535.23,0.0,126.78,2535.23,0,7,0.0,362.17571428571426,300-400,0%
Frozen Bottle,2026-09-01,WK 36,Tirunelveli,In Store,Lunch,FOFO,TN,179.0,0.0,8.96,179.0,0,1,0.0,179.0,100-200,0%
Frozen Bottle,2026-09-01,WK 36,Tirunelveli,In Store,Snacks,FOFO,TN,3264.15,0.0,163.26,3264.15,0,12,0.0,272.0125,200-300,0%
Frozen Bottle,2026-09-01,WK 36,Tirunelveli,Swiggy,Lunch,FOFO,TN,309.0,0.0,14.96,299.0,0,1,0.0,309.0,300-400,0%
Frozen Bottle,2026-09-01,WK 36,Tirunelveli,Swiggy,Snacks,FOFO,TN,398.0,0.0,19.4,388.0,0,1,0.0,398.0,300-400,0%
Frozen Bottle,2026-09-01,WK 36,Tirunelveli,Zomato,Dinner,FOFO,TN,2891.0,0.0,144.64,2781.0,0,5,0.0,578.2,500-600,0%
Frozen Bottle,2026-09-01,WK 36,Tirunelveli,Zomato,Lunch,FOFO,TN,669.0,0.0,33.46,649.0,0,1,0.0,669.0,600-900,0%
Frozen Bottle,2026-09-01,WK 36,Tirunelveli,Zomato,Snacks,FOFO,TN,1106.0,0.0,55.3,1056.0,0,2,0.0,553.0,500-600,0%
Frozen Bottle,2026-09-01,WK 36,Tirupati,In Store,Dinner,FOFO,AP & TL,4959.15,0.0,248.04,4959.15,0,13,0.0,381.4730769230769,300-400,0%
Frozen Bottle,2026-09-01,WK 36,Tirupati,In Store,Lunch,FOFO,AP & TL,5099.23,0.0,255.04,5099.23,0,16,0.0,318.701875,300-400,0%
Frozen Bottle,2026-09-01,WK 36,Tirupati,In Store,Snacks,FOFO,AP & TL,5178.84,0.0,258.98,5178.84,0,18,0.0,287.71333333333337,200-300,0%
Frozen Bottle,2026-09-01,WK 36,Tirupati,Swiggy,Dinner,FOFO,AP & TL,1831.8,160.2,88.6,1932.0,0,6,8.291925465838508,305.3,300-400,1%-10%
Frozen Bottle,2026-09-01,WK 36,Tirupati,Swiggy,Lunch,FOFO,AP & TL,307.0,33.0,14.86,330.0,0,1,10.0,307.0,300-400,1%-10%
Frozen Bottle,2026-09-01,WK 36,Tirupati,Swiggy,Snacks,FOFO,AP & TL,169.0,81.0,8.46,250.0,0,1,32.4,169.0,100-200,30%-40%
Frozen Bottle,2026-09-01,WK 36,Tirupati,Zomato,Dinner,FOFO,AP & TL,1038.1,110.9,51.92,1109.0,0,2,10.0,519.05,500-600,1%-10%
Frozen Bottle,2026-09-01,WK 36,Tirupati,Zomato,Lunch,FOFO,AP & TL,717.12,75.23,35.86,752.35,0,1,9.999335415697482,717.12,600-900,1%-10%
Frozen Bottle,2026-09-01,WK 36,Tirupati-2,In Store,Dinner,FOFO,AP & TL,6029.0,0.0,301.56,6029.0,0,20,0.0,301.45,300-400,0%
Frozen Bottle,2026-09-01,WK 36,Tirupati-2,In Store,Lunch,FOFO,AP & TL,1231.0,0.0,61.6,1231.0,0,7,0.0,175.85714285714286,100-200,0%
Frozen Bottle,2026-09-01,WK 36,Tirupati-2,In Store,Snacks,FOFO,AP & TL,3641.88,0.0,182.16,3641.88,0,12,0.0,303.49,300-400,0%
Frozen Bottle,2026-09-01,WK 36,Tirupati-2,Swiggy,Dinner,FOFO,AP & TL,647.0,54.0,30.86,671.0,0,2,8.047690014903129,323.5,300-400,1%-10%
Frozen Bottle,2026-09-01,WK 36,Tirupati-2,Swiggy,Lunch,FOFO,AP & TL,262.0,28.0,12.6,280.0,0,1,10.0,262.0,200-300,1%-10%
Frozen Bottle,2026-09-01,WK 36,Tirupati-2,Swiggy,Snacks,FOFO,AP & TL,1698.9,182.1,81.96000000000001,1821.0,0,3,10.0,566.3000000000001,500-600,1%-10%
Frozen Bottle,2026-09-01,WK 36,Tirupati-2,Zomato,Dinner,FOFO,AP & TL,199.9,21.1,10.0,211.0,0,1,10.0,199.9,100-200,1%-10%
Frozen Bottle,2026-09-01,WK 36,Tirupati-2,Zomato,Lunch,FOFO,AP & TL,270.1,28.9,13.5,289.0,0,1,10.0,270.1,200-300,1%-10%
Frozen Bottle,2026-09-01,WK 36,Tiruvallur,In Store,Dinner,FOFO,TN,701.23,0.0,35.08,701.23,0,2,0.0,350.615,300-400,0%
Frozen Bottle,2026-09-01,WK 36,Tiruvallur,In Store,Lunch,FOFO,TN,129.0,0.0,6.46,129.0,0,1,0.0,129.0,100-200,0%
Frozen Bottle,2026-09-01,WK 36,Tiruvallur,In Store,Snacks,FOFO,TN,496.0,0.0,24.8,496.0,0,2,0.0,248.0,200-300,0%
Frozen Bottle,2026-09-01,WK 36,Tiruvallur,Swiggy,Dinner,FOFO,TN,310.0,0.0,15.0,300.0,0,1,0.0,310.0,300-400,0%
Frozen Bottle,2026-09-01,WK 36,Tiruvallur,Swiggy,Lunch,FOFO,TN,608.0,0.0,28.9,578.0,0,1,0.0,608.0,600-900,0%
Frozen Bottle,2026-09-01,WK 36,Tiruvallur,Swiggy,Snacks,FOFO,TN,627.0,0.0,29.86,597.0,0,1,0.0,627.0,600-900,0%
Frozen Bottle,2026-09-01,WK 36,Tiruvallur,Zomato,Dinner,FOFO,TN,753.2,85.8,37.66,809.0,0,3,10.605686032138442,251.0666666666667,200-300,10%-20%
Frozen Bottle,2026-09-01,WK 36,Tiruvallur,Zomato,Snacks,FOFO,TN,780.0,50.0,39.019999999999996,790.0,0,2,6.329113924050633,390.0,300-400,1%-10%
Frozen Bottle,2026-09-01,WK 36,Trichy,In Store,Dinner,FOFO,TN,4276.32,45.34,213.83999999999997,4321.66,0,5,1.049133897622673,855.2639999999999,600-900,1%-10%
Frozen Bottle,2026-09-01,WK 36,Trichy,In Store,Lunch,FOFO,TN,895.0,0.0,44.76,895.0,0,1,0.0,895.0,600-900,0%
Frozen Bottle,2026-09-01,WK 36,Trichy,In Store,Snacks,FOFO,TN,3646.4700000000003,0.0,182.35999999999999,3646.4700000000003,0,6,0.0,607.745,600-900,0%
Frozen Bottle,2026-09-01,WK 36,Trichy,Swiggy,Dinner,FOFO,TN,1168.2,159.8,56.42,1288.0,0,3,12.406832298136647,389.40000000000003,300-400,10%-20%
Frozen Bottle,2026-09-01,WK 36,Trichy,Zomato,Closing,FOFO,TN,1400.0,200.0,70.0,1560.0,0,1,12.82051282051282,1400.0,>900,10%-20%
Frozen Bottle,2026-09-01,WK 36,Trichy,Zomato,Late Night,FOFO,TN,340.0,0.0,17.0,330.0,0,1,0.0,340.0,300-400,0%
Frozen Bottle,2026-09-01,WK 36,Trichy,Zomato,Lunch,FOFO,TN,734.0,75.0,36.72,779.0,0,2,9.62772785622593,367.0,300-400,1%-10%
Frozen Bottle,2026-09-01,WK 36,Trichy,Zomato,Snacks,FOFO,TN,1047.0,60.0,52.36,1077.0,0,3,5.571030640668524,349.0,300-400,1%-10%
Boba Bar,2026-09-01,WK 36,Tumkur,Swiggy,Lunch,COCO,KA,99.0,70.0,4.46,159.0,0,1,44.0251572327044,99.0,0-100,40%-50%
Frozen Bottle,2026-09-01,WK 36,Tumkur,In Store,Dinner,COCO,KA,814.05,0.0,40.74,814.05,0,5,0.0,162.81,100-200,0%
Frozen Bottle,2026-09-01,WK 36,Tumkur,In Store,Lunch,COCO,KA,99.0,0.0,4.96,99.0,0,1,0.0,99.0,0-100,0%
Frozen Bottle,2026-09-01,WK 36,Tumkur,In Store,Snacks,COCO,KA,69.0,0.0,3.46,69.0,0,1,0.0,69.0,0-100,0%
Frozen Bottle,2026-09-01,WK 36,Tumkur,Swiggy,Breakfast,COCO,KA,129.0,80.0,5.96,199.0,0,1,40.20100502512563,129.0,100-200,40%-50%
Frozen Bottle,2026-09-01,WK 36,Tumkur,Swiggy,Dinner,COCO,KA,1514.57,921.4300000000001,70.78,2336.0,0,7,39.444777397260275,216.36714285714285,200-300,30%-40%
Frozen Bottle,2026-09-01,WK 36,Tumkur,Swiggy,Lunch,COCO,KA,168.0,112.0,7.9,270.0,0,1,41.48148148148148,168.0,100-200,40%-50%
Frozen Bottle,2026-09-01,WK 36,Tumkur,Swiggy,Snacks,COCO,KA,97.56,111.44,4.38,199.0,0,1,55.99999999999999,97.56,0-100,50%-60%
Frozen Bottle,2026-09-01,WK 36,Tumkur,Zomato,Dinner,COCO,KA,140.0,100.0,7.0,230.0,0,1,43.47826086956522,140.0,100-200,40%-50%
Frozen Bottle,2026-09-01,WK 36,Tumkur,Zomato,Lunch,COCO,KA,1210.0,430.0,60.519999999999996,1580.0,0,4,27.21518987341772,302.5,300-400,20%-30%
Frozen Bottle,2026-09-01,WK 36,Tumkur,Zomato,Snacks,COCO,KA,428.5,370.5,21.44,769.0,0,3,48.17945383615084,142.83333333333334,100-200,40%-50%
Madno,2026-09-01,WK 36,Tumkur,Swiggy,Breakfast,COCO,KA,266.0,64.0,12.8,320.0,0,1,20.0,266.0,200-300,10%-20%
Madno,2026-09-01,WK 36,Tumkur,Swiggy,Dinner,COCO,KA,1085.0,766.0,51.260000000000005,1791.0,0,4,42.76940256839754,271.25,200-300,40%-50%
Madno,2026-09-01,WK 36,Tumkur,Zomato,Dinner,COCO,KA,300.5,230.5,15.02,511.0,0,2,45.10763209393346,150.25,100-200,40%-50%
Madno,2026-09-01,WK 36,Tumkur,Zomato,Snacks,COCO,KA,90.5,80.5,4.52,161.0,0,1,50.0,90.5,0-100,40%-50%
Frozen Bottle,2026-09-01,WK 36,Ujjain,In Store,Dinner,FOFO,ROI,1013.5,0.0,50.7,1013.5,0,4,0.0,253.375,200-300,0%
Frozen Bottle,2026-09-01,WK 36,Ujjain,In Store,Lunch,FOFO,ROI,287.5,0.0,14.38,287.5,0,2,0.0,143.75,100-200,0%
Frozen Bottle,2026-09-01,WK 36,Ujjain,In Store,Snacks,FOFO,ROI,355.0,0.0,17.76,355.0,0,2,0.0,177.5,100-200,0%
Frozen Bottle,2026-09-01,WK 36,Ujjain,Swiggy,Dinner,FOFO,ROI,419.0,0.0,20.46,409.0,0,1,0.0,419.0,400-500,0%
Frozen Bottle,2026-09-01,WK 36,Ujjain,Swiggy,Late Night,FOFO,ROI,587.6600000000001,0.0,27.9,557.6600000000001,0,2,0.0,293.83000000000004,200-300,0%
Frozen Bottle,2026-09-01,WK 36,Ujjain,Zomato,Dinner,FOFO,ROI,2557.7,809.29,127.94,3226.99,0,9,25.078788592465422,284.18888888888887,200-300,20%-30%
Frozen Bottle,2026-09-01,WK 36,Ujjain,Zomato,Late Night,FOFO,ROI,129.0,80.0,6.46,199.0,0,1,40.20100502512563,129.0,100-200,40%-50%
Frozen Bottle,2026-09-01,WK 36,Ujjain,Zomato,Lunch,FOFO,ROI,445.0,75.0,22.26,500.0,0,1,15.0,445.0,400-500,10%-20%
Frozen Bottle,2026-09-01,WK 36,Ujjain,Zomato,Snacks,FOFO,ROI,260.0,80.0,13.0,330.0,0,1,24.242424242424242,260.0,200-300,20%-30%
Frozen Bottle,2026-09-01,WK 36,Ulwe,Swiggy,Dinner,FOFO,MH,659.0,72.0,31.96,711.0,0,2,10.126582278481013,329.5,300-400,10%-20%
Frozen Bottle,2026-09-01,WK 36,Ulwe,Swiggy,Lunch,FOFO,MH,340.0,0.0,16.5,330.0,0,1,0.0,340.0,300-400,0%
Frozen Bottle,2026-09-01,WK 36,Ulwe,Swiggy,Snacks,FOFO,MH,800.0,160.0,38.5,930.0,0,2,17.20430107526882,400.0,300-400,10%-20%
Frozen Bottle,2026-09-01,WK 36,Undri,Others,Dinner,FOFO,MH,77.65,262.35,3.88,330.0,0,1,79.5,77.65,0-100,70%-80%
Frozen Bottle,2026-09-01,WK 36,Undri,Swiggy,Breakfast,FOFO,MH,261.03999999999996,20.96,12.06,262.0,0,1,8.0,261.03999999999996,200-300,1%-10%
Frozen Bottle,2026-09-01,WK 36,Undri,Zomato,Dinner,FOFO,MH,720.0,200.0,36.02,890.0,0,2,22.47191011235955,360.0,300-400,20%-30%
Madno,2026-09-01,WK 36,Undri,Swiggy,Dinner,FOFO,MH,203.2,36.8,9.66,230.0,0,1,15.999999999999998,203.2,200-300,10%-20%
Madno,2026-09-01,WK 36,Undri,Swiggy,Lunch,FOFO,MH,284.0,98.0,14.2,382.0,0,1,25.654450261780106,284.0,200-300,20%-30%
Frozen Bottle,2026-09-01,WK 36,Urapakkam CK,Swiggy,Dinner,COCO,TN,2770.57,1944.6100000000001,128.56,4515.18,0,13,43.06827191828454,213.12076923076924,200-300,40%-50%
Frozen Bottle,2026-09-01,WK 36,Urapakkam CK,Swiggy,Late Night,COCO,TN,596.0,240.0,27.8,796.0,0,2,30.15075376884422,298.0,200-300,30%-40%
Frozen Bottle,2026-09-01,WK 36,Urapakkam CK,Swiggy,Lunch,COCO,TN,948.01,271.99,45.4,1180.0,0,2,23.05,474.005,400-500,20%-30%
Frozen Bottle,2026-09-01,WK 36,Urapakkam CK,Swiggy,Snacks,COCO,TN,947.56,546.44,44.38,1434.0,0,3,38.105997210599725,315.8533333333333,300-400,30%-40%
Frozen Bottle,2026-09-01,WK 36,Urapakkam CK,Zomato,Dinner,COCO,TN,865.0,440.0,43.26,1265.0,0,3,34.78260869565217,288.3333333333333,200-300,30%-40%
Frozen Bottle,2026-09-01,WK 36,Urapakkam CK,Zomato,Lunch,COCO,TN,1604.0,915.01,80.22,2429.01,0,4,37.67007957974648,401.0,400-500,30%-40%
Frozen Bottle,2026-09-01,WK 36,Urapakkam CK,Zomato,Snacks,COCO,TN,1845.0,715.0,92.28,2480.0,0,4,28.830645161290324,461.25,400-500,20%-30%
Madno,2026-09-01,WK 36,Urapakkam CK,Swiggy,Dinner,COCO,TN,1841.01,522.99,88.05999999999999,2284.0,0,3,22.89798598949212,613.67,600-900,20%-30%
Madno,2026-09-01,WK 36,Urapakkam CK,Swiggy,Late Night,COCO,TN,280.0,40.0,13.5,310.0,0,1,12.903225806451612,280.0,200-300,10%-20%
Madno,2026-09-01,WK 36,Urapakkam CK,Swiggy,Lunch,COCO,TN,500.0,120.0,24.0,600.0,0,1,20.0,500.0,400-500,10%-20%
Madno,2026-09-01,WK 36,Urapakkam CK,Swiggy,Snacks,COCO,TN,484.0,299.0,22.2,743.0,0,2,40.242261103633915,242.0,200-300,40%-50%
Madno,2026-09-01,WK 36,Urapakkam CK,Zomato,Dinner,COCO,TN,200.0,180.0,10.0,360.0,0,1,50.0,200.0,100-200,40%-50%
Madno,2026-09-01,WK 36,Urapakkam CK,Zomato,Late Night,COCO,TN,542.0,321.0,27.12,833.0,0,1,38.53541416566627,542.0,500-600,30%-40%
Madno,2026-09-01,WK 36,Urapakkam CK,Zomato,Snacks,COCO,TN,426.5,386.5,21.34,783.0,0,1,49.36143039591315,426.5,400-500,40%-50%
Boba Bar,2026-09-01,WK 36,Vadapalani,Swiggy,Lunch,FOFO,TN,69.0,62.0,3.46,131.0,0,1,47.32824427480916,69.0,0-100,40%-50%
Boba Bar,2026-09-01,WK 36,Vadapalani,Swiggy,Snacks,FOFO,TN,248.0,42.0,11.9,280.0,0,1,15.0,248.0,200-300,10%-20%
Boba Bar,2026-09-01,WK 36,Vadapalani,Zomato,Late Night,FOFO,TN,451.0,100.0,22.56,531.0,0,1,18.832391713747647,451.0,400-500,10%-20%
Frozen Bottle,2026-09-01,WK 36,Vadapalani,In Store,Breakfast,FOFO,TN,117.0,0.0,5.86,117.0,0,1,0.0,117.0,100-200,0%
Frozen Bottle,2026-09-01,WK 36,Vadapalani,In Store,Lunch,FOFO,TN,487.0,0.0,24.380000000000003,487.0,0,3,0.0,162.33333333333334,100-200,0%
Frozen Bottle,2026-09-01,WK 36,Vadapalani,In Store,Snacks,FOFO,TN,258.0,0.0,12.920000000000002,258.0,0,2,0.0,129.0,100-200,0%
Frozen Bottle,2026-09-01,WK 36,Vadapalani,Swiggy,Closing,FOFO,TN,184.8,55.2,8.74,230.0,0,1,24.000000000000004,184.8,100-200,20%-30%
Frozen Bottle,2026-09-01,WK 36,Vadapalani,Swiggy,Dinner,FOFO,TN,3797.74,544.26,184.44,4232.0,0,9,12.860586011342154,421.9711111111111,400-500,10%-20%
Frozen Bottle,2026-09-01,WK 36,Vadapalani,Swiggy,Late Night,FOFO,TN,871.02,99.98,41.56,931.0,0,2,10.738990332975295,435.51,400-500,10%-20%
Frozen Bottle,2026-09-01,WK 36,Vadapalani,Swiggy,Lunch,FOFO,TN,530.0,40.0,25.5,550.0,0,2,7.2727272727272725,265.0,200-300,1%-10%
Frozen Bottle,2026-09-01,WK 36,Vadapalani,Swiggy,Snacks,FOFO,TN,1651.0,40.0,80.56,1651.0,0,3,2.4227740763173835,550.3333333333334,500-600,1%-10%
Frozen Bottle,2026-09-01,WK 36,Vadapalani,Zomato,Breakfast,FOFO,TN,190.0,0.0,9.5,180.0,0,1,0.0,190.0,100-200,0%
Frozen Bottle,2026-09-01,WK 36,Vadapalani,Zomato,Dinner,FOFO,TN,1424.0,325.0,71.19999999999999,1689.0,0,4,19.242155121373592,356.0,300-400,10%-20%
Frozen Bottle,2026-09-01,WK 36,Vadapalani,Zomato,Lunch,FOFO,TN,869.0,200.0,43.46,1039.0,0,3,19.249278152069298,289.6666666666667,200-300,10%-20%
Frozen Bottle,2026-09-01,WK 36,Vadapalani,Zomato,Snacks,FOFO,TN,983.0,205.0,49.16,1138.0,0,3,18.014059753954307,327.6666666666667,300-400,10%-20%
Madno,2026-09-01,WK 36,Vadapalani,Swiggy,Dinner,FOFO,TN,414.75,165.25,19.74,560.0,0,1,29.508928571428573,414.75,400-500,20%-30%
Madno,2026-09-01,WK 36,Vadapalani,Swiggy,Lunch,FOFO,TN,302.87,88.13,14.14,371.0,0,1,23.754716981132074,302.87,300-400,20%-30%
Madno,2026-09-01,WK 36,Vadapalani,Swiggy,Snacks,FOFO,TN,589.6700000000001,194.33,27.979999999999997,754.0,0,2,25.77320954907162,294.83500000000004,200-300,20%-30%
Madno,2026-09-01,WK 36,Vadapalani,Zomato,Dinner,FOFO,TN,105.0,95.0,5.26,190.0,0,1,50.0,105.0,100-200,40%-50%
Madno,2026-09-01,WK 36,Vadapalani,Zomato,Late Night,FOFO,TN,160.0,100.0,8.0,250.0,0,1,40.0,160.0,100-200,30%-40%
Madno,2026-09-01,WK 36,Vadapalani,Zomato,Lunch,FOFO,TN,140.0,100.0,7.0,230.0,0,1,43.47826086956522,140.0,100-200,40%-50%
Madno,2026-09-01,WK 36,Vadapalani,Zomato,Snacks,FOFO,TN,581.0,100.0,29.06,651.0,0,2,15.360983102918588,290.5,200-300,10%-20%
Boba Bar,2026-09-01,WK 36,Valsarvakkam,Swiggy,Snacks,COCO,TN,735.01,159.99,35.260000000000005,865.0,0,2,18.495953757225433,367.505,300-400,10%-20%
Boba Bar,2026-09-01,WK 36,Valsarvakkam,Zomato,Dinner,COCO,TN,210.0,190.0,10.52,380.0,0,1,50.0,210.0,200-300,40%-50%
Frozen Bottle,2026-09-01,WK 36,Valsarvakkam,In Store,Dinner,COCO,TN,3785.48,434.44,189.36,4219.92,0,18,10.294981895391382,210.30444444444444,200-300,10%-20%
Frozen Bottle,2026-09-01,WK 36,Valsarvakkam,In Store,Lunch,COCO,TN,2435.8,498.43,121.82,2934.23,0,12,16.986739280833476,202.98333333333335,200-300,10%-20%
Frozen Bottle,2026-09-01,WK 36,Valsarvakkam,In Store,Snacks,COCO,TN,2048.69,664.31,102.46000000000001,2713.0,0,9,24.48617766310357,227.63222222222223,200-300,20%-30%
Frozen Bottle,2026-09-01,WK 36,Valsarvakkam,Swiggy,Dinner,COCO,TN,6849.13,3532.87,321.08,9952.0,0,27,35.499095659163984,253.6714814814815,200-300,30%-40%
Frozen Bottle,2026-09-01,WK 36,Valsarvakkam,Swiggy,Late Night,COCO,TN,4824.13,2849.2,226.24,7373.33,0,19,38.64197045297036,253.90157894736842,200-300,30%-40%
Frozen Bottle,2026-09-01,WK 36,Valsarvakkam,Swiggy,Lunch,COCO,TN,1733.0,1139.0,81.68,2772.0,0,8,41.089466089466086,216.625,200-300,40%-50%
Frozen Bottle,2026-09-01,WK 36,Valsarvakkam,Swiggy,Snacks,COCO,TN,1876.0,773.0,89.32,2559.0,0,7,30.20711215318484,268.0,200-300,30%-40%
Frozen Bottle,2026-09-01,WK 36,Valsarvakkam,Zomato,Breakfast,COCO,TN,262.0,178.0,13.1,430.0,0,1,41.3953488372093,262.0,200-300,40%-50%
Frozen Bottle,2026-09-01,WK 36,Valsarvakkam,Zomato,Dinner,COCO,TN,4657.22,1994.78,232.96,6452.0,0,11,30.917234965902047,423.3836363636364,400-500,30%-40%
Frozen Bottle,2026-09-01,WK 36,Valsarvakkam,Zomato,Late Night,COCO,TN,1209.0,499.0,60.459999999999994,1648.0,0,4,30.279126213592235,302.25,300-400,30%-40%
Frozen Bottle,2026-09-01,WK 36,Valsarvakkam,Zomato,Lunch,COCO,TN,1483.2,1173.8,74.2,2567.0,0,7,45.72652902220491,211.8857142857143,200-300,40%-50%
Frozen Bottle,2026-09-01,WK 36,Valsarvakkam,Zomato,Snacks,COCO,TN,1199.9,580.1,60.019999999999996,1720.0,0,5,33.72674418604652,239.98000000000002,200-300,30%-40%
Madno,2026-09-01,WK 36,Valsarvakkam,Swiggy,Dinner,COCO,TN,755.05,229.95,35.26,935.0,0,3,24.59358288770053,251.6833333333333,200-300,20%-30%
Madno,2026-09-01,WK 36,Valsarvakkam,Swiggy,Late Night,COCO,TN,285.0,285.99,12.26,530.99,0,2,53.85977137045895,142.5,100-200,50%-60%
Madno,2026-09-01,WK 36,Valsarvakkam,Zomato,Dinner,COCO,TN,1339.0,422.0,66.96,1711.0,0,2,24.66393921683226,669.5,600-900,20%-30%
Madno,2026-09-01,WK 36,Valsarvakkam,Zomato,Late Night,COCO,TN,764.5,409.5,38.26,1114.0,0,4,36.759425493716336,191.125,100-200,30%-40%
Madno,2026-09-01,WK 36,Valsarvakkam,Zomato,Lunch,COCO,TN,168.2,67.8,8.42,226.0,0,1,30.0,168.2,100-200,20%-30%
Madno,2026-09-01,WK 36,Valsarvakkam,Zomato,Snacks,COCO,TN,380.0,200.0,19.0,560.0,0,1,35.714285714285715,380.0,300-400,30%-40%
Frozen Bottle,2026-09-01,WK 36,Vashi,Swiggy,Closing,FOFO,MH,320.0,300.0,15.0,600.0,0,1,50.0,320.0,300-400,40%-50%
Frozen Bottle,2026-09-01,WK 36,Vashi,Swiggy,Dinner,FOFO,MH,960.01,219.99,46.52,1150.0,0,2,19.129565217391306,480.005,400-500,10%-20%
Frozen Bottle,2026-09-01,WK 36,Vashi,Swiggy,Late Night,FOFO,MH,119.0,121.0,5.46,230.0,0,1,52.60869565217391,119.0,100-200,50%-60%
Frozen Bottle,2026-09-01,WK 36,Vashi,Swiggy,Snacks,FOFO,MH,357.0,363.0,16.36,690.0,0,1,52.60869565217391,357.0,300-400,50%-60%
Frozen Bottle,2026-09-01,WK 36,Vashi,Zomato,Dinner,FOFO,MH,1398.0,500.0,69.92,1838.0,0,4,27.20348204570185,349.5,300-400,20%-30%
Frozen Bottle,2026-09-01,WK 36,Vashi,Zomato,Late Night,FOFO,MH,720.0,0.0,36.0,690.0,0,1,0.0,720.0,600-900,0%
Frozen Bottle,2026-09-01,WK 36,Vashi,Zomato,Lunch,FOFO,MH,1175.0,275.0,58.78,1400.0,0,3,19.642857142857142,391.6666666666667,300-400,10%-20%
Frozen Bottle,2026-09-01,WK 36,Vashi,Zomato,Snacks,FOFO,MH,505.0,175.0,25.24,660.0,0,1,26.515151515151516,505.0,500-600,20%-30%
Madno,2026-09-01,WK 36,Vashi,Swiggy,Dinner,FOFO,MH,189.0,1.0,9.46,190.0,0,1,0.5263157894736842,189.0,100-200,1%-10%
Boba Bar,2026-09-01,WK 36,Velachery,Swiggy,Lunch,COCO,TN,337.0,265.33000000000004,15.36,572.3299999999999,0,2,46.35961770307341,168.5,100-200,40%-50%
Frozen Bottle,2026-09-01,WK 36,Velachery,In Store,Dinner,COCO,TN,2020.74,286.26,101.06,2307.0,0,7,12.408322496749024,288.6771428571429,200-300,10%-20%
Frozen Bottle,2026-09-01,WK 36,Velachery,In Store,Lunch,COCO,TN,1122.6,350.25,56.16,1472.85,0,8,23.780425705265305,140.325,100-200,20%-30%
Frozen Bottle,2026-09-01,WK 36,Velachery,In Store,Snacks,COCO,TN,3267.87,143.13,163.38,3411.0,0,7,4.19613016710642,466.8385714285714,400-500,1%-10%
Frozen Bottle,2026-09-01,WK 36,Velachery,Swiggy,Dinner,COCO,TN,2343.02,1076.01,110.68,3289.0299999999997,0,8,32.71511661492902,292.8775,200-300,30%-40%
Frozen Bottle,2026-09-01,WK 36,Velachery,Swiggy,Late Night,COCO,TN,1146.01,810.1700000000001,53.32,1876.18,0,6,43.181890863350006,191.00166666666667,100-200,40%-50%
Frozen Bottle,2026-09-01,WK 36,Velachery,Swiggy,Lunch,COCO,TN,1338.01,482.99,64.42,1771.0,0,3,27.27216261998871,446.00333333333333,400-500,20%-30%
Frozen Bottle,2026-09-01,WK 36,Velachery,Swiggy,Snacks,COCO,TN,785.0,457.0,37.28,1202.0,0,4,38.01996672212978,196.25,100-200,30%-40%
Frozen Bottle,2026-09-01,WK 36,Velachery,Zomato,Dinner,COCO,TN,1380.8,461.2,69.06,1782.0,0,5,25.881032547699213,276.15999999999997,200-300,20%-30%
Frozen Bottle,2026-09-01,WK 36,Velachery,Zomato,Late Night,COCO,TN,1375.8,676.2,68.82,1982.0,0,5,34.117053481331986,275.15999999999997,200-300,30%-40%
Frozen Bottle,2026-09-01,WK 36,Velachery,Zomato,Lunch,COCO,TN,125.0,115.0,6.26,230.0,0,1,50.0,125.0,100-200,40%-50%
Frozen Bottle,2026-09-01,WK 36,Velachery,Zomato,Snacks,COCO,TN,372.9,368.1,18.66,721.0,0,2,51.054091539528436,186.45,100-200,50%-60%
Boba Bar,2026-09-01,WK 36,Vellore,Swiggy,Late Night,COCO,TN,265.0,329.33,11.26,554.33,0,1,59.410459473598756,265.0,200-300,50%-60%
Boba Bar,2026-09-01,WK 36,Vellore,Swiggy,Lunch,COCO,TN,226.0,64.0,10.8,280.0,0,1,22.857142857142858,226.0,200-300,20%-30%
Boba Bar,2026-09-01,WK 36,Vellore,Swiggy,Snacks,COCO,TN,709.0,523.0,32.46,1172.0,0,3,44.624573378839585,236.33333333333334,200-300,40%-50%
Frozen Bottle,2026-09-01,WK 36,Vellore,In Store,Dinner,COCO,TN,249.0,0.0,12.46,249.0,0,1,0.0,249.0,200-300,0%
Frozen Bottle,2026-09-01,WK 36,Vellore,In Store,Late Night,COCO,TN,458.0,0.0,22.9,458.0,0,1,0.0,458.0,400-500,0%
Frozen Bottle,2026-09-01,WK 36,Vellore,In Store,Lunch,COCO,TN,1537.0,0.0,76.86,1537.0,0,6,0.0,256.1666666666667,200-300,0%
Frozen Bottle,2026-09-01,WK 36,Vellore,In Store,Snacks,COCO,TN,2136.0,0.0,106.84,2136.0,0,8,0.0,267.0,200-300,0%
Frozen Bottle,2026-09-01,WK 36,Vellore,Swiggy,Dinner,COCO,TN,3196.01,2611.84,146.35999999999999,5537.85,0,10,47.16342985093493,319.601,300-400,40%-50%
Frozen Bottle,2026-09-01,WK 36,Vellore,Swiggy,Late Night,COCO,TN,426.0,234.0,20.32,640.0,0,2,36.5625,213.0,200-300,30%-40%
Frozen Bottle,2026-09-01,WK 36,Vellore,Swiggy,Lunch,COCO,TN,179.0,112.0,8.46,281.0,0,1,39.8576512455516,179.0,100-200,30%-40%
Frozen Bottle,2026-09-01,WK 36,Vellore,Swiggy,Snacks,COCO,TN,345.0,224.0,16.259999999999998,549.0,0,2,40.80145719489982,172.5,100-200,40%-50%
Frozen Bottle,2026-09-01,WK 36,Vellore,Zomato,Dinner,COCO,TN,129.25,145.75,6.46,265.0,0,1,55.00000000000001,129.25,100-200,50%-60%
Frozen Bottle,2026-09-01,WK 36,Vellore,Zomato,Late Night,COCO,TN,416.0,175.0,20.8,571.0,0,1,30.64798598949212,416.0,400-500,30%-40%
Frozen Bottle,2026-09-01,WK 36,Vellore,Zomato,Lunch,COCO,TN,470.5,430.5,23.56,861.0,0,3,50.0,156.83333333333334,100-200,40%-50%
Frozen Bottle,2026-09-01,WK 36,Vellore,Zomato,Snacks,COCO,TN,1225.0,665.0,61.28,1830.0,0,4,36.33879781420765,306.25,300-400,30%-40%
Madno,2026-09-01,WK 36,Vellore,Swiggy,Dinner,COCO,TN,203.2,36.8,9.66,230.0,0,1,15.999999999999998,203.2,200-300,10%-20%
Madno,2026-09-01,WK 36,Vellore,Swiggy,Late Night,COCO,TN,318.01,63.99,14.9,362.0,0,1,17.676795580110497,318.01,300-400,10%-20%
Madno,2026-09-01,WK 36,Vellore,Swiggy,Lunch,COCO,TN,1338.01,186.84,64.42,1474.85,0,2,12.66840695663966,669.005,600-900,10%-20%
Madno,2026-09-01,WK 36,Vellore,Swiggy,Snacks,COCO,TN,284.0,157.0,13.2,421.0,0,1,37.29216152019003,284.0,200-300,30%-40%
Madno,2026-09-01,WK 36,Vellore,Zomato,Lunch,COCO,TN,280.0,150.0,14.0,420.0,0,1,35.714285714285715,280.0,200-300,30%-40%
Madno,2026-09-01,WK 36,Vellore,Zomato,Snacks,COCO,TN,342.0,200.0,17.1,522.0,0,1,38.31417624521073,342.0,300-400,30%-40%
Frozen Bottle,2026-09-01,WK 36,Vidyaranyapura,In Store,Dinner,FOFO,KA,1171.03,0.0,58.58,1171.03,0,4,0.0,292.7575,200-300,0%
Frozen Bottle,2026-09-01,WK 36,Vidyaranyapura,In Store,Snacks,FOFO,KA,696.0,0.0,34.82,696.0,0,3,0.0,232.0,200-300,0%
Frozen Bottle,2026-09-01,WK 36,Vidyaranyapura,Swiggy,Lunch,FOFO,KA,509.0,0.0,24.46,489.0,0,1,0.0,509.0,500-600,0%
Frozen Bottle,2026-09-01,WK 36,Vidyaranyapura,Swiggy,Snacks,FOFO,KA,169.0,0.0,7.96,159.0,0,1,0.0,169.0,100-200,0%
Frozen Bottle,2026-09-01,WK 36,Vidyaranyapura,Zomato,Dinner,FOFO,KA,1315.33,180.0,65.78,1435.33,0,4,12.540670089805134,328.8325,300-400,10%-20%
Boba Bar,2026-09-01,WK 36,Vijaywada,In Store,Snacks,FOFO,AP & TL,119.0,0.0,5.96,119.0,0,1,0.0,119.0,100-200,0%
Boba Bar,2026-09-01,WK 36,Vijaywada,Swiggy,Dinner,FOFO,AP & TL,1150.01,99.99,55.5,1210.0,0,3,8.263636363636364,383.33666666666664,300-400,1%-10%
Boba Bar,2026-09-01,WK 36,Vijaywada,Swiggy,Late Night,FOFO,AP & TL,610.01,90.99000000000001,29.02,671.0,0,2,13.560357675111776,305.005,300-400,10%-20%
Boba Bar,2026-09-01,WK 36,Vijaywada,Swiggy,Snacks,FOFO,AP & TL,1723.82,247.18,82.7,1901.0,0,4,13.002630194634405,430.955,400-500,10%-20%
Boba Bar,2026-09-01,WK 36,Vijaywada,Zomato,Dinner,FOFO,AP & TL,580.0,0.0,29.0,560.0,0,2,0.0,290.0,200-300,0%
Boba Bar,2026-09-01,WK 36,Vijaywada,Zomato,Snacks,FOFO,AP & TL,391.0,50.0,19.56,421.0,0,2,11.87648456057007,195.5,100-200,10%-20%
Frozen Bottle,2026-09-01,WK 36,Vijaywada,In Store,Closing,FOFO,AP & TL,247.1,0.0,12.36,247.1,0,1,0.0,247.1,200-300,0%
Frozen Bottle,2026-09-01,WK 36,Vijaywada,In Store,Dinner,FOFO,AP & TL,2030.0,0.0,101.52,2030.0,0,6,0.0,338.3333333333333,300-400,0%
Frozen Bottle,2026-09-01,WK 36,Vijaywada,In Store,Late Night,FOFO,AP & TL,815.0,0.0,40.76,815.0,0,3,0.0,271.6666666666667,200-300,0%
Frozen Bottle,2026-09-01,WK 36,Vijaywada,In Store,Lunch,FOFO,AP & TL,198.0,0.0,9.9,198.0,0,1,0.0,198.0,100-200,0%
Frozen Bottle,2026-09-01,WK 36,Vijaywada,In Store,Snacks,FOFO,AP & TL,2454.0,0.0,122.75999999999999,2454.0,0,7,0.0,350.57142857142856,300-400,0%
Frozen Bottle,2026-09-01,WK 36,Vijaywada,Swiggy,Breakfast,FOFO,AP & TL,468.1,169.9,22.9,628.0,0,2,27.054140127388536,234.05,200-300,20%-30%
Frozen Bottle,2026-09-01,WK 36,Vijaywada,Swiggy,Closing,FOFO,AP & TL,657.0,319.0,30.86,936.0,0,1,34.08119658119658,657.0,600-900,30%-40%
Frozen Bottle,2026-09-01,WK 36,Vijaywada,Swiggy,Dinner,FOFO,AP & TL,1751.2,145.8,84.58,1837.0,0,6,7.936853565596082,291.8666666666667,200-300,1%-10%
Frozen Bottle,2026-09-01,WK 36,Vijaywada,Swiggy,Late Night,FOFO,AP & TL,2434.11,508.89,115.72,2823.0,0,7,18.026567481402765,347.73,300-400,10%-20%
Frozen Bottle,2026-09-01,WK 36,Vijaywada,Swiggy,Snacks,FOFO,AP & TL,1261.9099999999999,128.09,60.6,1340.0,0,4,9.558955223880597,315.47749999999996,300-400,1%-10%
Frozen Bottle,2026-09-01,WK 36,Vijaywada,Zomato,Closing,FOFO,AP & TL,451.1,97.9,22.54,529.0,0,1,18.506616257088847,451.1,400-500,10%-20%
Frozen Bottle,2026-09-01,WK 36,Vijaywada,Zomato,Dinner,FOFO,AP & TL,1980.0,472.0,99.02000000000001,2362.0,0,4,19.983065198983912,495.0,400-500,10%-20%
Frozen Bottle,2026-09-01,WK 36,Vijaywada,Zomato,Late Night,FOFO,AP & TL,397.1,141.9,19.86,519.0,0,1,27.341040462427745,397.1,300-400,20%-30%
Frozen Bottle,2026-09-01,WK 36,Vijaywada,Zomato,Snacks,FOFO,AP & TL,988.79,131.20999999999998,49.44,1080.0,0,3,12.149074074074072,329.59666666666664,300-400,10%-20%
Madno,2026-09-01,WK 36,Vijaywada,Swiggy,Dinner,FOFO,AP & TL,1221.01,159.99,58.56,1331.0,0,2,12.020285499624343,610.505,600-900,10%-20%
Madno,2026-09-01,WK 36,Vijaywada,Swiggy,Late Night,FOFO,AP & TL,906.0,124.0,43.3,990.0,0,3,12.525252525252526,302.0,300-400,10%-20%
Madno,2026-09-01,WK 36,Vijaywada,Swiggy,Lunch,FOFO,AP & TL,194.8,35.2,9.24,220.0,0,1,16.0,194.8,100-200,10%-20%
Madno,2026-09-01,WK 36,Vijaywada,Swiggy,Snacks,FOFO,AP & TL,906.4,173.6,43.82,1050.0,0,4,16.53333333333333,226.6,200-300,10%-20%
Madno,2026-09-01,WK 36,Vijaywada,Zomato,Dinner,FOFO,AP & TL,621.0,100.0,31.06,701.0,0,2,14.265335235378032,310.5,300-400,10%-20%
Madno,2026-09-01,WK 36,Vijaywada,Zomato,Snacks,FOFO,AP & TL,194.0,46.0,9.7,230.0,0,1,20.0,194.0,100-200,10%-20%
Frozen Bottle,2026-09-01,WK 36,Vikhroli,In Store,Dinner,FOFO,MH,1529.0,0.0,76.48,1529.0,0,7,0.0,218.42857142857142,200-300,0%
Frozen Bottle,2026-09-01,WK 36,Vikhroli,In Store,Lunch,FOFO,MH,249.0,0.0,12.46,249.0,0,1,0.0,249.0,200-300,0%
Frozen Bottle,2026-09-01,WK 36,Vikhroli,In Store,Snacks,FOFO,MH,168.0,0.0,8.4,168.0,0,1,0.0,168.0,100-200,0%
Frozen Bottle,2026-09-01,WK 36,Vikhroli,Swiggy,Dinner,FOFO,MH,300.0,0.0,14.5,290.0,0,1,0.0,300.0,200-300,0%
Frozen Bottle,2026-09-01,WK 36,Vimannagar,In Store,Dinner,FOFO,MH,984.0,0.0,49.22,984.0,0,4,0.0,246.0,200-300,0%
Frozen Bottle,2026-09-01,WK 36,Vimannagar,In Store,Late Night,FOFO,MH,209.0,0.0,10.46,209.0,0,1,0.0,209.0,200-300,0%
Frozen Bottle,2026-09-01,WK 36,Vimannagar,Swiggy,Lunch,FOFO,MH,350.0,0.0,17.0,340.0,0,1,0.0,350.0,300-400,0%
Frozen Bottle,2026-09-01,WK 36,Vimannagar,Zomato,Dinner,FOFO,MH,1435.0,425.0,71.78,1790.0,0,4,23.743016759776538,358.75,300-400,20%-30%
Frozen Bottle,2026-09-01,WK 36,Vimannagar,Zomato,Late Night,FOFO,MH,1217.8,342.2,60.9,1510.0,0,4,22.662251655629138,304.45,300-400,20%-30%
Frozen Bottle,2026-09-01,WK 36,Vimannagar,Zomato,Lunch,FOFO,MH,194.0,46.0,9.7,230.0,0,1,20.0,194.0,100-200,10%-20%
Frozen Bottle,2026-09-01,WK 36,Vimannagar,Zomato,Snacks,FOFO,MH,400.0,50.0,20.0,430.0,0,1,11.627906976744185,400.0,300-400,10%-20%
Madno,2026-09-01,WK 36,Vimannagar,Zomato,Dinner,FOFO,MH,330.0,0.0,16.5,320.0,0,1,0.0,330.0,300-400,0%
Madno,2026-09-01,WK 36,Vimannagar,Zomato,Snacks,FOFO,MH,290.0,0.0,14.5,280.0,0,1,0.0,290.0,200-300,0%
Boba Bar,2026-09-01,WK 36,Virar,Swiggy,Dinner,COCO,MH,229.0,217.66,9.96,416.66,0,1,52.23923582777324,229.0,200-300,50%-60%
Boba Bar,2026-09-01,WK 36,Virar,Zomato,Snacks,COCO,MH,269.0,200.0,13.44,449.0,0,1,44.543429844098,269.0,200-300,40%-50%
Frozen Bottle,2026-09-01,WK 36,Virar,In Store,Dinner,COCO,MH,1437.0,0.0,71.9,1437.0,0,9,0.0,159.66666666666666,100-200,0%
Frozen Bottle,2026-09-01,WK 36,Virar,In Store,Late Night,COCO,MH,902.0,0.0,45.120000000000005,902.0,0,3,0.0,300.6666666666667,300-400,0%
Frozen Bottle,2026-09-01,WK 36,Virar,In Store,Snacks,COCO,MH,59.4,39.6,2.98,99.0,0,1,40.0,59.4,0-100,30%-40%
Frozen Bottle,2026-09-01,WK 36,Virar,Swiggy,Dinner,COCO,MH,551.12,366.88,26.08,888.0,0,4,41.31531531531532,137.78,100-200,40%-50%
Frozen Bottle,2026-09-01,WK 36,Virar,Swiggy,Late Night,COCO,MH,1082.02,594.23,52.120000000000005,1636.25,0,3,36.316577540106955,360.67333333333335,300-400,30%-40%
Frozen Bottle,2026-09-01,WK 36,Virar,Swiggy,Lunch,COCO,MH,296.0,234.0,13.8,510.0,0,2,45.88235294117647,148.0,100-200,40%-50%
Frozen Bottle,2026-09-01,WK 36,Virar,Swiggy,Snacks,COCO,MH,645.0,375.0,31.259999999999998,1000.0,0,2,37.5,322.5,300-400,30%-40%
Frozen Bottle,2026-09-01,WK 36,Virar,Zomato,Closing,COCO,MH,920.0,0.0,46.0,890.0,0,1,0.0,920.0,>900,0%
Frozen Bottle,2026-09-01,WK 36,Virar,Zomato,Dinner,COCO,MH,4398.38,2222.62,220.0,6401.0,0,11,34.72301202937041,399.8527272727273,300-400,30%-40%
Frozen Bottle,2026-09-01,WK 36,Virar,Zomato,Late Night,COCO,MH,681.5,329.5,34.08,971.0,0,2,33.9340885684861,340.75,300-400,30%-40%
Frozen Bottle,2026-09-01,WK 36,Virar,Zomato,Snacks,COCO,MH,802.0,529.99,40.14,1271.99,0,3,41.66620806767349,267.3333333333333,200-300,40%-50%
Madno,2026-09-01,WK 36,Virar,Swiggy,Late Night,COCO,MH,99.0,92.0,4.96,191.0,0,1,48.167539267015705,99.0,0-100,40%-50%
Madno,2026-09-01,WK 36,Virar,Zomato,Dinner,COCO,MH,671.5,340.5,33.58,972.0,0,3,35.03086419753087,223.83333333333334,200-300,30%-40%
Madno,2026-09-01,WK 36,Virar,Zomato,Lunch,COCO,MH,161.0,150.0,8.06,301.0,0,1,49.83388704318937,161.0,100-200,40%-50%
Boba Bar,2026-09-01,WK 36,Wagholi - CF CK,Swiggy,Late Night,COCO,MH,69.0,61.0,3.46,130.0,0,1,46.92307692307692,69.0,0-100,40%-50%
Boba Bar,2026-09-01,WK 36,Wagholi - CF CK,Zomato,Snacks,COCO,MH,300.0,280.0,15.0,560.0,0,1,50.0,300.0,200-300,40%-50%
Frozen Bottle,2026-09-01,WK 36,Wagholi - CF CK,Swiggy,Dinner,COCO,MH,889.12,697.88,40.980000000000004,1517.0,0,4,46.00395517468689,222.28,200-300,40%-50%
Frozen Bottle,2026-09-01,WK 36,Wagholi - CF CK,Swiggy,Late Night,COCO,MH,451.12,425.88,20.56,837.0,0,3,50.88172043010752,150.37333333333333,100-200,50%-60%
Frozen Bottle,2026-09-01,WK 36,Wagholi - CF CK,Swiggy,Snacks,COCO,MH,317.0,234.0,15.360000000000001,541.0,0,2,43.253234750462106,158.5,100-200,40%-50%
Frozen Bottle,2026-09-01,WK 36,Wagholi - CF CK,Zomato,Dinner,COCO,MH,649.0,321.0,32.46,940.0,0,3,34.14893617021277,216.33333333333334,200-300,30%-40%
Frozen Bottle,2026-09-01,WK 36,Wagholi - CF CK,Zomato,Late Night,COCO,MH,320.0,300.0,16.0,600.0,0,1,50.0,320.0,300-400,40%-50%
Frozen Bottle,2026-09-01,WK 36,Wagholi - CF CK,Zomato,Snacks,COCO,MH,2470.0,580.0,123.52,2940.0,0,5,19.727891156462583,494.0,400-500,10%-20%
Madno,2026-09-01,WK 36,Wagholi - CF CK,Swiggy,Dinner,COCO,MH,206.0,64.0,9.8,260.0,0,1,24.615384615384617,206.0,200-300,20%-30%
Madno,2026-09-01,WK 36,Wagholi - CF CK,Swiggy,Late Night,COCO,MH,291.0,40.0,14.06,321.0,0,1,12.461059190031152,291.0,200-300,10%-20%
Madno,2026-09-01,WK 36,Wagholi - CF CK,Zomato,Dinner,COCO,MH,993.0,811.0,49.660000000000004,1734.0,0,3,46.77047289504037,331.0,300-400,40%-50%
Madno,2026-09-01,WK 36,Wagholi - CF CK,Zomato,Lunch,COCO,MH,306.5,215.5,15.32,492.0,0,1,43.80081300813008,306.5,300-400,40%-50%
Madno,2026-09-01,WK 36,Wagholi - CF CK,Zomato,Snacks,COCO,MH,617.5,445.5,30.9,1013.0,0,2,43.97828232971372,308.75,300-400,40%-50%
Boba Bar,2026-09-01,WK 36,Whitefield,Swiggy,Dinner,COCO,KA,100.0,126.66,5.0,226.66,0,1,55.88105532515662,100.0,0-100,50%-60%
Boba Bar,2026-09-01,WK 36,Whitefield,Swiggy,Lunch,COCO,KA,149.0,143.33,6.46,272.33,0,1,52.63099915543643,149.0,100-200,50%-60%
Frozen Bottle,2026-09-01,WK 36,Whitefield,In Store,Dinner,COCO,KA,1163.88,479.35,58.199999999999996,1643.23,0,11,29.17120549162321,105.80727272727273,100-200,20%-30%
Frozen Bottle,2026-09-01,WK 36,Whitefield,In Store,Lunch,COCO,KA,198.0,0.0,9.92,198.0,0,2,0.0,99.0,0-100,0%
Frozen Bottle,2026-09-01,WK 36,Whitefield,In Store,Snacks,COCO,KA,214.23,0.0,10.72,214.23,0,1,0.0,214.23,200-300,0%
Frozen Bottle,2026-09-01,WK 36,Whitefield,Ownly,Snacks,COCO,KA,532.0,0.0,26.6,532.0,0,1,0.0,532.0,500-600,0%
Frozen Bottle,2026-09-01,WK 36,Whitefield,Swiggy,Breakfast,COCO,KA,607.0,202.0,28.86,779.0,0,2,25.930680359435172,303.5,300-400,20%-30%
Frozen Bottle,2026-09-01,WK 36,Whitefield,Swiggy,Dinner,COCO,KA,5361.03,1560.3,257.08,6701.33,0,12,23.28343776533912,446.7525,400-500,20%-30%
Frozen Bottle,2026-09-01,WK 36,Whitefield,Swiggy,Late Night,COCO,KA,702.0,428.0,34.1,1110.0,0,4,38.55855855855856,175.5,100-200,30%-40%
Frozen Bottle,2026-09-01,WK 36,Whitefield,Swiggy,Lunch,COCO,KA,641.0,548.0,29.560000000000002,1139.0,0,3,48.112379280070236,213.66666666666666,200-300,40%-50%
Frozen Bottle,2026-09-01,WK 36,Whitefield,Swiggy,Snacks,COCO,KA,1990.0,1188.0,94.03999999999999,3068.0,0,9,38.72229465449804,221.11111111111111,200-300,30%-40%
Frozen Bottle,2026-09-01,WK 36,Whitefield,Zomato,Breakfast,COCO,KA,397.1,241.9,19.84,619.0,0,1,39.07915993537965,397.1,300-400,30%-40%
Frozen Bottle,2026-09-01,WK 36,Whitefield,Zomato,Dinner,COCO,KA,3184.5,1295.5,159.28,4320.0,0,14,29.988425925925927,227.46428571428572,200-300,20%-30%
Frozen Bottle,2026-09-01,WK 36,Whitefield,Zomato,Late Night,COCO,KA,957.1,602.9,47.86,1510.0,0,4,39.92715231788079,239.275,200-300,30%-40%
Frozen Bottle,2026-09-01,WK 36,Whitefield,Zomato,Lunch,COCO,KA,727.0,464.0,36.4,1141.0,0,4,40.6660823838738,181.75,100-200,40%-50%
Frozen Bottle,2026-09-01,WK 36,Whitefield,Zomato,Snacks,COCO,KA,814.25,640.75,40.72,1405.0,0,4,45.604982206405694,203.5625,200-300,40%-50%
Madno,2026-09-01,WK 36,Whitefield,Ownly,Late Night,COCO,KA,103.0,0.0,5.16,103.0,0,1,0.0,103.0,100-200,0%
Madno,2026-09-01,WK 36,Whitefield,Ownly,Lunch,COCO,KA,103.0,0.0,5.16,103.0,0,1,0.0,103.0,100-200,0%
Madno,2026-09-01,WK 36,Whitefield,Swiggy,Dinner,COCO,KA,594.0,263.33000000000004,27.720000000000002,817.3299999999999,0,3,32.21832062936636,198.0,100-200,30%-40%
Madno,2026-09-01,WK 36,Whitefield,Swiggy,Late Night,COCO,KA,568.85,104.0,26.94,642.85,0,2,16.177957532861477,284.425,200-300,10%-20%
Madno,2026-09-01,WK 36,Whitefield,Swiggy,Snacks,COCO,KA,104.0,96.0,4.7,190.0,0,1,50.526315789473685,104.0,100-200,50%-60%
Madno,2026-09-01,WK 36,Whitefield,Zomato,Dinner,COCO,KA,514.0,206.0,25.7,690.0,0,3,29.855072463768117,171.33333333333334,100-200,20%-30%
Madno,2026-09-01,WK 36,Whitefield,Zomato,Late Night,COCO,KA,665.2,283.8,33.26,909.0,0,4,31.221122112211226,166.3,100-200,30%-40%
Boba Bar,2026-09-01,WK 36,Yelahanka,Swiggy,Dinner,COCO,KA,236.0,64.0,11.3,290.0,0,1,22.06896551724138,236.0,200-300,20%-30%
Boba Bar,2026-09-01,WK 36,Yelahanka,Swiggy,Lunch,COCO,KA,436.0,486.85,19.8,882.85,0,1,55.14526816560005,436.0,400-500,50%-60%
Boba Bar,2026-09-01,WK 36,Yelahanka,Swiggy,Snacks,COCO,KA,669.0,314.85,31.96,953.85,0,1,33.00833464381192,669.0,600-900,30%-40%
Boba Bar,2026-09-01,WK 36,Yelahanka,Zomato,Late Night,COCO,KA,191.0,100.0,9.56,281.0,0,1,35.587188612099645,191.0,100-200,30%-40%
Frozen Bottle,2026-09-01,WK 36,Yelahanka,In Store,Dinner,COCO,KA,2957.58,424.34,147.9,3381.92,0,9,12.54731040355774,328.62,300-400,10%-20%
Frozen Bottle,2026-09-01,WK 36,Yelahanka,In Store,Lunch,COCO,KA,473.23,0.0,23.68,473.23,0,2,0.0,236.615,200-300,0%
Frozen Bottle,2026-09-01,WK 36,Yelahanka,In Store,Snacks,COCO,KA,406.05,0.0,20.340000000000003,406.05,0,4,0.0,101.5125,100-200,0%
Frozen Bottle,2026-09-01,WK 36,Yelahanka,Ownly,Dinner,COCO,KA,1010.0,0.0,50.5,1010.0,0,2,0.0,505.0,500-600,0%
Frozen Bottle,2026-09-01,WK 36,Yelahanka,Swiggy,Dinner,COCO,KA,1988.0,952.0,93.92,2830.0,0,7,33.63957597173145,284.0,200-300,30%-40%
Frozen Bottle,2026-09-01,WK 36,Yelahanka,Swiggy,Lunch,COCO,KA,354.0,366.0,16.200000000000003,690.0,0,2,53.04347826086957,177.0,100-200,50%-60%
Frozen Bottle,2026-09-01,WK 36,Yelahanka,Swiggy,Snacks,COCO,KA,2804.01,721.32,133.22,3385.33,0,5,21.307228541973753,560.802,500-600,20%-30%
Frozen Bottle,2026-09-01,WK 36,Yelahanka,Zomato,Dinner,COCO,KA,919.25,512.6,45.96,1371.85,0,4,37.36560119546598,229.8125,200-300,30%-40%
Frozen Bottle,2026-09-01,WK 36,Yelahanka,Zomato,Late Night,COCO,KA,150.0,60.0,7.5,200.0,0,1,30.0,150.0,100-200,20%-30%
Frozen Bottle,2026-09-01,WK 36,Yelahanka,Zomato,Lunch,COCO,KA,370.0,0.0,18.5,360.0,0,1,0.0,370.0,300-400,0%
Frozen Bottle,2026-09-01,WK 36,Yelahanka,Zomato,Snacks,COCO,KA,823.1600000000001,491.17,41.2,1254.33,0,3,39.15795683751485,274.3866666666667,200-300,30%-40%
Madno,2026-09-01,WK 36,Yelahanka,Ownly,Lunch,COCO,KA,236.0,0.0,11.8,236.0,0,1,0.0,236.0,200-300,0%
Madno,2026-09-01,WK 36,Yelahanka,Ownly,Snacks,COCO,KA,282.0,0.0,14.1,282.0,0,1,0.0,282.0,200-300,0%
Madno,2026-09-01,WK 36,Yelahanka,Swiggy,Dinner,COCO,KA,605.0,417.32,27.26,962.32,0,2,43.366032089117965,302.5,300-400,40%-50%
Madno,2026-09-01,WK 36,Yelahanka,Swiggy,Late Night,COCO,KA,138.0,136.33,5.9,254.33,0,1,53.6035858923446,138.0,100-200,50%-60%
Madno,2026-09-01,WK 36,Yelahanka,Zomato,Dinner,COCO,KA,1176.2,243.8,58.82,1370.0,0,5,17.795620437956206,235.24,200-300,10%-20%
Madno,2026-09-01,WK 36,Yelahanka,Zomato,Late Night,COCO,KA,160.0,150.0,8.0,300.0,0,1,50.0,160.0,100-200,40%-50%
Madno,2026-09-01,WK 36,Yelahanka,Zomato,Lunch,COCO,KA,443.0,28.0,22.16,451.0,0,2,6.208425720620843,221.5,200-300,1%-10%
Frozen Bottle,2026-09-01,WK 36,Yemalur,In Store,Dinner,FOFO,KA,1055.32,0.0,52.78,1055.32,0,5,0.0,211.064,200-300,0%
Frozen Bottle,2026-09-01,WK 36,Yemalur,In Store,Lunch,FOFO,KA,1233.0,0.0,61.66,1233.0,0,4,0.0,308.25,300-400,0%
Frozen Bottle,2026-09-01,WK 36,Yemalur,In Store,Snacks,FOFO,KA,879.5,0.0,43.98,879.5,0,5,0.0,175.9,100-200,0%
Frozen Bottle,2026-09-01,WK 36,Yemalur,Zomato,Late Night,FOFO,KA,360.0,40.0,18.0,380.0,0,2,10.526315789473683,180.0,100-200,10%-20%
Frozen Bottle,2026-09-01,WK 36,Yemalur,Zomato,Lunch,FOFO,KA,611.0,320.0,30.56,891.0,0,4,35.91470258136925,152.75,100-200,30%-40%
Boba Bar,2026-09-01,WK 36,Zamin Pallavaram,Swiggy,Dinner,COCO,TN,276.0,264.0,12.8,520.0,0,1,50.76923076923077,276.0,200-300,50%-60%
Boba Bar,2026-09-01,WK 36,Zamin Pallavaram,Swiggy,Lunch,COCO,TN,266.0,64.0,12.8,320.0,0,1,20.0,266.0,200-300,10%-20%
Boba Bar,2026-09-01,WK 36,Zamin Pallavaram,Swiggy,Snacks,COCO,TN,340.0,0.0,16.5,330.0,0,1,0.0,340.0,300-400,0%
Frozen Bottle,2026-09-01,WK 36,Zamin Pallavaram,In Store,Dinner,COCO,TN,1486.0,429.0,74.32000000000001,1915.0,0,13,22.40208877284595,114.3076923076923,100-200,20%-30%
Frozen Bottle,2026-09-01,WK 36,Zamin Pallavaram,In Store,Lunch,COCO,TN,1755.23,0.0,87.8,1755.23,0,5,0.0,351.046,300-400,0%
Frozen Bottle,2026-09-01,WK 36,Zamin Pallavaram,In Store,Snacks,COCO,TN,1277.87,143.13,63.9,1421.0,0,6,10.072484166080226,212.97833333333332,200-300,10%-20%
Frozen Bottle,2026-09-01,WK 36,Zamin Pallavaram,Swiggy,Dinner,COCO,TN,3181.02,1431.98,152.1,4473.0,0,10,32.01386094343841,318.102,300-400,30%-40%
Frozen Bottle,2026-09-01,WK 36,Zamin Pallavaram,Swiggy,Late Night,COCO,TN,1419.02,763.31,66.46000000000001,2092.33,0,3,36.48133898572405,473.00666666666666,400-500,30%-40%
Frozen Bottle,2026-09-01,WK 36,Zamin Pallavaram,Swiggy,Lunch,COCO,TN,197.0,112.0,9.36,299.0,0,1,37.45819397993311,197.0,100-200,30%-40%
Frozen Bottle,2026-09-01,WK 36,Zamin Pallavaram,Swiggy,Snacks,COCO,TN,931.0,528.99,43.06,1389.99,0,3,38.05710832452032,310.3333333333333,300-400,30%-40%
Frozen Bottle,2026-09-01,WK 36,Zamin Pallavaram,Zomato,Dinner,COCO,TN,990.0,930.0,49.5,1860.0,0,3,50.0,330.0,300-400,40%-50%
Frozen Bottle,2026-09-01,WK 36,Zamin Pallavaram,Zomato,Late Night,COCO,TN,122.5,137.5,6.12,250.0,0,1,55.00000000000001,122.5,100-200,50%-60%
Frozen Bottle,2026-09-01,WK 36,Zamin Pallavaram,Zomato,Lunch,COCO,TN,1164.5,1075.5,58.26,2180.0,0,2,49.3348623853211,582.25,500-600,40%-50%
Frozen Bottle,2026-09-01,WK 36,Zamin Pallavaram,Zomato,Snacks,COCO,TN,582.1600000000001,492.16999999999996,29.14,1034.33,0,3,47.58345982423404,194.05333333333337,100-200,40%-50%
Madno,2026-09-01,WK 36,Zamin Pallavaram,Swiggy,Late Night,COCO,TN,478.0,103.0,22.9,561.0,0,2,18.36007130124777,239.0,200-300,10%-20%
Frozen Bottle,2026-09-02,WK 36,AECS Layout,In Store,Breakfast,COCO,KA,108.0,0.0,5.42,108.0,0,2,0.0,54.0,0-100,0%
Frozen Bottle,2026-09-02,WK 36,AECS Layout,In Store,Dinner,COCO,KA,5042.11,363.82,252.26000000000002,5405.93,0,36,6.730016851864526,140.0586111111111,100-200,1%-10%
Frozen Bottle,2026-09-02,WK 36,AECS Layout,In Store,Late Night,COCO,KA,1764.1100000000001,0.0,88.26,1764.1100000000001,0,11,0.0,160.37363636363636,100-200,0%
Frozen Bottle,2026-09-02,WK 36,AECS Layout,In Store,Lunch,COCO,KA,544.54,0.0,27.28,544.54,0,6,0.0,90.75666666666666,0-100,0%
Frozen Bottle,2026-09-02,WK 36,AECS Layout,In Store,Snacks,COCO,KA,2369.19,138.08,118.58000000000001,2507.27,0,17,5.507185105712589,139.36411764705883,100-200,1%-10%
Frozen Bottle,2026-09-02,WK 36,AECS Layout,Ownly,Dinner,COCO,KA,659.5,0.0,32.980000000000004,659.5,0,3,0.0,219.83333333333334,200-300,0%
Frozen Bottle,2026-09-02,WK 36,AECS Layout,Ownly,Late Night,COCO,KA,584.5,0.0,29.24,584.5,0,2,0.0,292.25,200-300,0%
Frozen Bottle,2026-09-02,WK 36,AECS Layout,Ownly,Lunch,COCO,KA,237.0,0.0,11.86,237.0,0,1,0.0,237.0,200-300,0%
Frozen Bottle,2026-09-02,WK 36,AECS Layout,Ownly,Snacks,COCO,KA,104.5,0.0,5.22,104.5,0,1,0.0,104.5,100-200,0%
Frozen Bottle,2026-09-02,WK 36,AECS Layout,Swiggy,Dinner,COCO,KA,4302.68,2301.98,203.70000000000002,6374.66,0,17,36.111416138272475,253.0988235294118,200-300,30%-40%
Frozen Bottle,2026-09-02,WK 36,AECS Layout,Swiggy,Late Night,COCO,KA,893.0,770.33,43.16,1633.33,0,5,47.16315747583158,178.6,100-200,40%-50%
Frozen Bottle,2026-09-02,WK 36,AECS Layout,Swiggy,Lunch,COCO,KA,710.02,641.83,33.02,1301.85,0,4,49.30137880708224,177.505,100-200,40%-50%
Frozen Bottle,2026-09-02,WK 36,AECS Layout,Swiggy,Snacks,COCO,KA,1447.67,1094.99,66.9,2432.66,0,7,45.01204442873234,206.81,200-300,40%-50%
Frozen Bottle,2026-09-02,WK 36,AECS Layout,Zomato,Breakfast,COCO,KA,125.0,115.0,6.26,230.0,0,1,50.0,125.0,100-200,40%-50%
Frozen Bottle,2026-09-02,WK 36,AECS Layout,Zomato,Dinner,COCO,KA,1382.6,867.4,69.2,2160.0,0,8,40.157407407407405,172.825,100-200,40%-50%
Frozen Bottle,2026-09-02,WK 36,AECS Layout,Zomato,Late Night,COCO,KA,607.1,450.9,30.36,1018.0,0,2,44.29273084479371,303.55,300-400,40%-50%
Frozen Bottle,2026-09-02,WK 36,AECS Layout,Zomato,Lunch,COCO,KA,220.0,150.0,11.0,360.0,0,1,41.66666666666667,220.0,200-300,40%-50%
Frozen Bottle,2026-09-02,WK 36,AECS Layout,Zomato,Snacks,COCO,KA,1049.8600000000001,734.47,52.54,1704.33,0,5,43.0943537929861,209.97200000000004,200-300,40%-50%
Madno,2026-09-02,WK 36,AECS Layout,Ownly,Dinner,COCO,KA,160.0,0.0,8.0,160.0,0,1,0.0,160.0,100-200,0%
Madno,2026-09-02,WK 36,AECS Layout,Ownly,Late Night,COCO,KA,160.0,0.0,8.0,160.0,0,1,0.0,160.0,100-200,0%
Madno,2026-09-02,WK 36,AECS Layout,Ownly,Snacks,COCO,KA,160.0,0.0,8.0,160.0,0,1,0.0,160.0,100-200,0%
Madno,2026-09-02,WK 36,AECS Layout,Swiggy,Dinner,COCO,KA,237.01,115.84,11.86,352.85,0,1,32.829814368711915,237.01,200-300,30%-40%
Madno,2026-09-02,WK 36,AECS Layout,Swiggy,Late Night,COCO,KA,553.0,168.0,26.16,691.0,0,2,24.312590448625183,276.5,200-300,20%-30%
Madno,2026-09-02,WK 36,AECS Layout,Swiggy,Snacks,COCO,KA,160.0,70.0,8.0,230.0,0,1,30.434782608695656,160.0,100-200,30%-40%
Madno,2026-09-02,WK 36,AECS Layout,Zomato,Dinner,COCO,KA,920.0,530.0,46.02,1400.0,0,5,37.857142857142854,184.0,100-200,30%-40%
Madno,2026-09-02,WK 36,AECS Layout,Zomato,Lunch,COCO,KA,358.0,0.0,17.92,338.0,0,1,0.0,358.0,300-400,0%
Madno,2026-09-02,WK 36,AECS Layout,Zomato,Snacks,COCO,KA,160.0,150.0,8.0,300.0,0,1,50.0,160.0,100-200,40%-50%
Frozen Bottle,2026-09-02,WK 36,Adoor,In Store,Breakfast,FOFO,Kerela,338.0,0.0,16.9,338.0,0,1,0.0,338.0,300-400,0%
Frozen Bottle,2026-09-02,WK 36,Adoor,In Store,Dinner,FOFO,Kerela,1460.0,0.0,73.02,1460.0,0,4,0.0,365.0,300-400,0%
Frozen Bottle,2026-09-02,WK 36,Adoor,In Store,Lunch,FOFO,Kerela,914.0,0.0,45.72,914.0,0,4,0.0,228.5,200-300,0%
Frozen Bottle,2026-09-02,WK 36,Adoor,In Store,Snacks,FOFO,Kerela,487.0,0.0,24.36,487.0,0,1,0.0,487.0,400-500,0%
Frozen Bottle,2026-09-02,WK 36,Adoor,Swiggy,Dinner,FOFO,Kerela,999.0,0.0,48.46,969.0,0,1,0.0,999.0,>900,0%
Frozen Bottle,2026-09-02,WK 36,Adoor,Swiggy,Lunch,FOFO,Kerela,880.0,0.0,42.5,850.0,0,2,0.0,440.0,400-500,0%
Frozen Bottle,2026-09-02,WK 36,Adoor,Swiggy,Snacks,FOFO,Kerela,698.0,0.0,33.42,668.0,0,2,0.0,349.0,300-400,0%
Frozen Bottle,2026-09-02,WK 36,Adoor,Zomato,Dinner,FOFO,Kerela,663.85,80.01,33.2,703.86,0,2,11.367317364248573,331.925,300-400,10%-20%
Frozen Bottle,2026-09-02,WK 36,Adoor,Zomato,Snacks,FOFO,Kerela,543.0,205.0,27.16,718.0,0,2,28.551532033426184,271.5,200-300,20%-30%
Frozen Bottle,2026-09-02,WK 36,Agra,In Store,Dinner,FOFO,ROI,418.0,0.0,20.92,418.0,0,2,0.0,209.0,200-300,0%
Frozen Bottle,2026-09-02,WK 36,Agra,In Store,Snacks,FOFO,ROI,199.0,0.0,9.96,199.0,0,1,0.0,199.0,100-200,0%
Frozen Bottle,2026-09-02,WK 36,Agra,Zomato,Dinner,FOFO,ROI,234.0,56.0,11.7,280.0,0,1,20.0,234.0,200-300,10%-20%
Boba Bar,2026-09-02,WK 36,Akshay Nagar,Swiggy,Late Night,FOFO,KA,218.0,364.0,9.9,562.0,0,1,64.76868327402136,218.0,200-300,60%-70%
Frozen Bottle,2026-09-02,WK 36,Akshay Nagar,In Store,Dinner,FOFO,KA,279.0,0.0,13.96,279.0,0,1,0.0,279.0,200-300,0%
Frozen Bottle,2026-09-02,WK 36,Akshay Nagar,Ownly,Dinner,FOFO,KA,1108.0,0.0,55.42,1108.0,0,2,0.0,554.0,500-600,0%
Frozen Bottle,2026-09-02,WK 36,Akshay Nagar,Ownly,Late Night,FOFO,KA,350.0,0.0,17.5,350.0,0,1,0.0,350.0,300-400,0%
Frozen Bottle,2026-09-02,WK 36,Akshay Nagar,Swiggy,Closing,FOFO,KA,240.0,0.0,11.5,230.0,0,1,0.0,240.0,200-300,0%
Frozen Bottle,2026-09-02,WK 36,Akshay Nagar,Swiggy,Snacks,FOFO,KA,190.0,0.0,9.0,180.0,0,1,0.0,190.0,100-200,0%
Frozen Bottle,2026-09-02,WK 36,Akshay Nagar,Zomato,Dinner,FOFO,KA,253.0,27.0,12.66,270.0,0,1,10.0,253.0,200-300,1%-10%
Frozen Bottle,2026-09-02,WK 36,Akshay Nagar,Zomato,Snacks,FOFO,KA,354.0,75.0,17.72,409.0,0,1,18.337408312958438,354.0,300-400,10%-20%
Frozen Bottle,2026-09-02,WK 36,Aluva,In Store,Dinner,FOFO,Kerela,1183.0,0.0,59.18,1183.0,0,4,0.0,295.75,200-300,0%
Frozen Bottle,2026-09-02,WK 36,Aluva,In Store,Lunch,FOFO,Kerela,328.0,0.0,16.4,328.0,0,1,0.0,328.0,300-400,0%
Frozen Bottle,2026-09-02,WK 36,Aluva,Swiggy,Dinner,FOFO,Kerela,340.0,0.0,16.5,330.0,0,1,0.0,340.0,300-400,0%
Frozen Bottle,2026-09-02,WK 36,Aluva,Zomato,Dinner,FOFO,Kerela,1840.2,97.8,92.02,1868.0,0,5,5.235546038543897,368.04,300-400,1%-10%
Frozen Bottle,2026-09-02,WK 36,Aluva,Zomato,Lunch,FOFO,Kerela,628.9,62.1,31.46,671.0,0,1,9.254843517138598,628.9,600-900,1%-10%
Boba Bar,2026-09-02,WK 36,Alwarpet,Swiggy,Dinner,COCO,TN,327.0,273.0,14.86,570.0,0,2,47.89473684210526,163.5,100-200,40%-50%
Frozen Bottle,2026-09-02,WK 36,Alwarpet,In Store,Dinner,COCO,TN,88.0,0.0,4.42,88.0,0,2,0.0,44.0,0-100,0%
Frozen Bottle,2026-09-02,WK 36,Alwarpet,In Store,Lunch,COCO,TN,505.17,208.83,25.259999999999998,714.0,0,6,29.247899159663866,84.19500000000001,0-100,20%-30%
Frozen Bottle,2026-09-02,WK 36,Alwarpet,In Store,Snacks,COCO,TN,1127.73,976.2700000000001,56.4,2104.0,0,16,46.40066539923955,70.483125,0-100,40%-50%
Frozen Bottle,2026-09-02,WK 36,Alwarpet,Swiggy,Dinner,COCO,TN,2414.56,1319.44,114.24,3604.0,0,5,36.61043285238624,482.912,400-500,30%-40%
Frozen Bottle,2026-09-02,WK 36,Alwarpet,Swiggy,Lunch,COCO,TN,229.0,112.0,10.96,331.0,0,1,33.8368580060423,229.0,200-300,30%-40%
Frozen Bottle,2026-09-02,WK 36,Alwarpet,Swiggy,Snacks,COCO,TN,129.0,80.0,5.96,199.0,0,1,40.20100502512563,129.0,100-200,40%-50%
Frozen Bottle,2026-09-02,WK 36,Alwarpet,Zomato,Dinner,COCO,TN,691.5,178.5,34.58,840.0,0,2,21.25,345.75,300-400,20%-30%
Frozen Bottle,2026-09-02,WK 36,Alwarpet,Zomato,Snacks,COCO,TN,300.0,50.0,15.0,330.0,0,1,15.151515151515152,300.0,200-300,10%-20%
Madno,2026-09-02,WK 36,Alwarpet,Swiggy,Dinner,COCO,TN,588.24,131.76,27.92,690.0,0,2,19.09565217391304,294.12,200-300,10%-20%
Madno,2026-09-02,WK 36,Alwarpet,Zomato,Dinner,COCO,TN,833.5,512.5,41.7,1276.0,0,3,40.16457680250783,277.8333333333333,200-300,40%-50%
Madno,2026-09-02,WK 36,Alwarpet,Zomato,Lunch,COCO,TN,165.0,80.0,8.26,235.0,0,1,34.04255319148936,165.0,100-200,30%-40%
Frozen Bottle,2026-09-02,WK 36,Ambattur,In Store,Dinner,FOFO,TN,7555.0,0.0,377.84000000000003,7555.0,0,20,0.0,377.75,300-400,0%
Frozen Bottle,2026-09-02,WK 36,Ambattur,In Store,Lunch,FOFO,TN,477.0,0.0,23.86,477.0,0,2,0.0,238.5,200-300,0%
Frozen Bottle,2026-09-02,WK 36,Ambattur,In Store,Snacks,FOFO,TN,3188.0,0.0,159.45999999999998,3188.0,0,10,0.0,318.8,300-400,0%
Frozen Bottle,2026-09-02,WK 36,Ambattur,Swiggy,Dinner,FOFO,TN,1342.0,0.0,65.12,1302.0,0,3,0.0,447.3333333333333,400-500,0%
Frozen Bottle,2026-09-02,WK 36,Ambattur,Swiggy,Lunch,FOFO,TN,449.0,0.0,21.46,429.0,0,1,0.0,449.0,400-500,0%
Frozen Bottle,2026-09-02,WK 36,Ambattur,Swiggy,Snacks,FOFO,TN,1310.0,0.0,63.0,1260.0,0,2,0.0,655.0,600-900,0%
Frozen Bottle,2026-09-02,WK 36,Ambattur,Zomato,Snacks,FOFO,TN,1136.7,0.0,56.84,1086.7,0,1,0.0,1136.7,>900,0%
Boba Bar,2026-09-02,WK 36,Ananth Nagar,Zomato,Dinner,COCO,KA,569.0,183.0,28.44,732.0,0,1,25.0,569.0,500-600,20%-30%
Frozen Bottle,2026-09-02,WK 36,Ananth Nagar,In Store,Dinner,COCO,KA,467.0,0.0,23.36,467.0,0,1,0.0,467.0,400-500,0%
Frozen Bottle,2026-09-02,WK 36,Ananth Nagar,In Store,Lunch,COCO,KA,596.0,0.0,29.82,596.0,0,3,0.0,198.66666666666666,100-200,0%
Frozen Bottle,2026-09-02,WK 36,Ananth Nagar,In Store,Snacks,COCO,KA,719.83,212.17000000000002,36.0,932.0,0,5,22.76502145922747,143.966,100-200,20%-30%
Frozen Bottle,2026-09-02,WK 36,Ananth Nagar,Swiggy,Dinner,COCO,KA,1131.56,335.44,54.08,1417.0,0,4,23.67254763585039,282.89,200-300,20%-30%
Frozen Bottle,2026-09-02,WK 36,Ananth Nagar,Swiggy,Late Night,COCO,KA,238.0,202.0,11.42,430.0,0,2,46.97674418604651,119.0,100-200,40%-50%
Frozen Bottle,2026-09-02,WK 36,Ananth Nagar,Swiggy,Lunch,COCO,KA,705.01,223.99,33.76,899.0,0,2,24.915461624026698,352.505,300-400,20%-30%
Frozen Bottle,2026-09-02,WK 36,Ananth Nagar,Swiggy,Snacks,COCO,KA,515.0,403.0,23.759999999999998,878.0,0,2,45.899772209567196,257.5,200-300,40%-50%
Frozen Bottle,2026-09-02,WK 36,Ananth Nagar,Zomato,Dinner,COCO,KA,1661.3,814.7,83.1,2376.0,0,9,34.28872053872054,184.58888888888887,100-200,30%-40%
Frozen Bottle,2026-09-02,WK 36,Ananth Nagar,Zomato,Late Night,COCO,KA,1635.1399999999999,785.5,81.78,2350.6400000000003,0,3,33.416431269781846,545.0466666666666,500-600,30%-40%
Frozen Bottle,2026-09-02,WK 36,Ananth Nagar,Zomato,Snacks,COCO,KA,463.0,295.0,23.18,728.0,0,3,40.52197802197802,154.33333333333334,100-200,40%-50%
Madno,2026-09-02,WK 36,Ananth Nagar,Swiggy,Dinner,COCO,KA,289.0,244.0,14.46,533.0,0,1,45.77861163227016,289.0,200-300,40%-50%
Madno,2026-09-02,WK 36,Ananth Nagar,Swiggy,Late Night,COCO,KA,468.85,101.15,22.44,550.0,0,2,18.39090909090909,234.425,200-300,10%-20%
Madno,2026-09-02,WK 36,Ananth Nagar,Swiggy,Lunch,COCO,KA,682.0,517.0,34.099999999999994,1199.0,0,2,43.11926605504588,341.0,300-400,40%-50%
Madno,2026-09-02,WK 36,Ananth Nagar,Swiggy,Snacks,COCO,KA,181.0,129.0,9.06,310.0,0,1,41.612903225806456,181.0,100-200,40%-50%
Frozen Bottle,2026-09-02,WK 36,Annanagar,In Store,Breakfast,COCO,TN,114.87,143.13,5.74,258.0,0,1,55.47674418604651,114.87,100-200,50%-60%
Frozen Bottle,2026-09-02,WK 36,Annanagar,In Store,Dinner,COCO,TN,7850.29,1134.94,392.58,8985.23,0,33,12.631173603792,237.88757575757575,200-300,10%-20%
Frozen Bottle,2026-09-02,WK 36,Annanagar,In Store,Late Night,COCO,TN,1790.0,0.0,89.52,1790.0,0,6,0.0,298.3333333333333,200-300,0%
Frozen Bottle,2026-09-02,WK 36,Annanagar,In Store,Lunch,COCO,TN,3737.8199999999997,1369.27,186.9,5107.09,0,15,26.81115860499815,249.188,200-300,20%-30%
Frozen Bottle,2026-09-02,WK 36,Annanagar,In Store,Snacks,COCO,TN,3888.75,983.42,194.5,4872.17,0,22,20.18443527216825,176.76136363636363,100-200,20%-30%
Frozen Bottle,2026-09-02,WK 36,Annanagar,Swiggy,Dinner,COCO,TN,1793.0,1325.0,83.68,2998.0,0,9,44.19613075383589,199.22222222222223,100-200,40%-50%
Frozen Bottle,2026-09-02,WK 36,Annanagar,Swiggy,Late Night,COCO,TN,2409.0,1246.0,113.52000000000001,3515.0,0,8,35.44807965860598,301.125,300-400,30%-40%
Frozen Bottle,2026-09-02,WK 36,Annanagar,Swiggy,Lunch,COCO,TN,971.0,570.0,46.06,1491.0,0,3,38.22937625754527,323.6666666666667,300-400,30%-40%
Frozen Bottle,2026-09-02,WK 36,Annanagar,Swiggy,Snacks,COCO,TN,2973.0,952.0,141.68,3785.0,0,8,25.151915455746366,371.625,300-400,20%-30%
Frozen Bottle,2026-09-02,WK 36,Annanagar,Zomato,Dinner,COCO,TN,1828.5,671.5,91.44,2420.0,0,5,27.74793388429752,365.7,300-400,20%-30%
Frozen Bottle,2026-09-02,WK 36,Annanagar,Zomato,Late Night,COCO,TN,375.0,215.0,18.759999999999998,560.0,0,2,38.392857142857146,187.5,100-200,30%-40%
Frozen Bottle,2026-09-02,WK 36,Annanagar,Zomato,Snacks,COCO,TN,1083.6,405.4,54.2,1439.0,0,3,28.17234190410007,361.2,300-400,20%-30%
Madno,2026-09-02,WK 36,Annanagar,Swiggy,Dinner,COCO,TN,394.0,136.0,18.7,510.0,0,2,26.666666666666668,197.0,100-200,20%-30%
Madno,2026-09-02,WK 36,Annanagar,Zomato,Dinner,COCO,TN,502.0,462.0,25.12,924.0,0,2,50.0,251.0,200-300,40%-50%
Madno,2026-09-02,WK 36,Annanagar,Zomato,Late Night,COCO,TN,209.0,80.0,10.46,279.0,0,1,28.673835125448026,209.0,200-300,20%-30%
Frozen Bottle,2026-09-02,WK 36,Attibele,In Store,Dinner,FOFO,KA,2026.46,0.0,101.34,2026.46,0,5,0.0,405.29200000000003,400-500,0%
Frozen Bottle,2026-09-02,WK 36,Attibele,In Store,Lunch,FOFO,KA,332.23,0.0,16.62,332.23,0,2,0.0,166.115,100-200,0%
Frozen Bottle,2026-09-02,WK 36,Attibele,In Store,Snacks,FOFO,KA,1629.46,0.0,81.52000000000001,1629.46,0,8,0.0,203.6825,200-300,0%
Frozen Bottle,2026-09-02,WK 36,Attibele,Swiggy,Snacks,FOFO,KA,398.0,392.0,19.42,780.0,0,2,50.256410256410255,199.0,100-200,50%-60%
Frozen Bottle,2026-09-02,WK 36,Attibele,Zomato,Dinner,FOFO,KA,1335.3,71.7,66.78,1357.0,0,3,5.283714075165808,445.09999999999997,400-500,1%-10%
Frozen Bottle,2026-09-02,WK 36,Attibele,Zomato,Lunch,FOFO,KA,764.0,125.0,38.2,849.0,0,3,14.723203769140165,254.66666666666666,200-300,10%-20%
Frozen Bottle,2026-09-02,WK 36,Attibele,Zomato,Snacks,FOFO,KA,530.0,150.0,26.5,660.0,0,1,22.727272727272727,530.0,500-600,20%-30%
Frozen Bottle,2026-09-02,WK 36,Aundh,Swiggy,Dinner,FOFO,MH,559.0,100.0,26.96,639.0,0,2,15.64945226917058,279.5,200-300,10%-20%
Frozen Bottle,2026-09-02,WK 36,Aundh,Zomato,Closing,FOFO,MH,525.0,150.0,26.259999999999998,655.0,0,2,22.900763358778626,262.5,200-300,20%-30%
Frozen Bottle,2026-09-02,WK 36,Aundh,Zomato,Late Night,FOFO,MH,160.0,100.0,8.0,250.0,0,1,40.0,160.0,100-200,30%-40%
Boba Bar,2026-09-02,WK 36,Aurangabad- 1,Swiggy,Closing,FOFO,MH,162.0,38.0,7.6,190.0,0,1,20.0,162.0,100-200,10%-20%
Frozen Bottle,2026-09-02,WK 36,Aurangabad- 1,In Store,Breakfast,FOFO,MH,99.0,0.0,4.96,99.0,0,1,0.0,99.0,0-100,0%
Frozen Bottle,2026-09-02,WK 36,Aurangabad- 1,In Store,Dinner,FOFO,MH,2218.0,0.0,110.98,2218.0,0,9,0.0,246.44444444444446,200-300,0%
Frozen Bottle,2026-09-02,WK 36,Aurangabad- 1,In Store,Late Night,FOFO,MH,297.0,0.0,14.86,297.0,0,1,0.0,297.0,200-300,0%
Frozen Bottle,2026-09-02,WK 36,Aurangabad- 1,In Store,Lunch,FOFO,MH,1489.0,0.0,74.5,1489.0,0,8,0.0,186.125,100-200,0%
Frozen Bottle,2026-09-02,WK 36,Aurangabad- 1,In Store,Snacks,FOFO,MH,2445.0,0.0,122.3,2445.0,0,8,0.0,305.625,300-400,0%
Frozen Bottle,2026-09-02,WK 36,Aurangabad- 1,Swiggy,Dinner,FOFO,MH,461.0,0.0,22.56,451.0,0,1,0.0,461.0,400-500,0%
Frozen Bottle,2026-09-02,WK 36,Aurangabad- 1,Swiggy,Snacks,FOFO,MH,341.0,0.0,16.56,331.0,0,1,0.0,341.0,300-400,0%
Frozen Bottle,2026-09-02,WK 36,Aurangabad- 1,Zomato,Dinner,FOFO,MH,1381.0,0.0,69.08,1331.0,0,4,0.0,345.25,300-400,0%
Frozen Bottle,2026-09-02,WK 36,Aurangabad- 1,Zomato,Late Night,FOFO,MH,1568.0,0.0,78.44,1498.0,0,5,0.0,313.6,300-400,0%
Frozen Bottle,2026-09-02,WK 36,Aurangabad- 1,Zomato,Lunch,FOFO,MH,519.0,0.0,25.96,499.0,0,2,0.0,259.5,200-300,0%
Madno,2026-09-02,WK 36,Aurangabad- 1,Swiggy,Lunch,FOFO,MH,178.8,42.2,8.44,211.0,0,1,20.0,178.8,100-200,10%-20%
Madno,2026-09-02,WK 36,Aurangabad- 1,Swiggy,Snacks,FOFO,MH,200.0,0.0,9.5,190.0,0,1,0.0,200.0,100-200,0%
Frozen Bottle,2026-09-02,WK 36,Avadi,In Store,Closing,FOFO,TN,582.2,0.0,29.12,582.2,0,1,0.0,582.2,500-600,0%
Frozen Bottle,2026-09-02,WK 36,Avadi,In Store,Dinner,FOFO,TN,1534.0,0.0,76.76,1534.0,0,9,0.0,170.44444444444446,100-200,0%
Frozen Bottle,2026-09-02,WK 36,Avadi,In Store,Lunch,FOFO,TN,1618.0,0.0,80.94,1618.0,0,5,0.0,323.6,300-400,0%
Frozen Bottle,2026-09-02,WK 36,Avadi,In Store,Snacks,FOFO,TN,2032.0,0.0,101.68,2032.0,0,13,0.0,156.30769230769232,100-200,0%
Frozen Bottle,2026-09-02,WK 36,Avadi,Swiggy,Dinner,FOFO,TN,320.0,0.0,15.5,310.0,0,1,0.0,320.0,300-400,0%
Frozen Bottle,2026-09-02,WK 36,Avadi,Swiggy,Lunch,FOFO,TN,399.0,0.0,19.46,389.0,0,1,0.0,399.0,300-400,0%
Frozen Bottle,2026-09-02,WK 36,Avadi,Zomato,Breakfast,FOFO,TN,340.0,0.0,17.0,330.0,0,1,0.0,340.0,300-400,0%
Frozen Bottle,2026-09-02,WK 36,Avadi,Zomato,Dinner,FOFO,TN,1448.17,523.8399999999999,72.44,1922.0,0,2,27.254942767950048,724.085,600-900,20%-30%
Frozen Bottle,2026-09-02,WK 36,Avadi,Zomato,Lunch,FOFO,TN,160.0,80.0,8.0,230.0,0,1,34.78260869565217,160.0,100-200,30%-40%
Frozen Bottle,2026-09-02,WK 36,Avadi,Zomato,Snacks,FOFO,TN,668.0,155.0,33.42,803.0,0,2,19.302615193026153,334.0,300-400,10%-20%
Madno,2026-09-02,WK 36,Avadi,Swiggy,Dinner,FOFO,TN,120.0,120.0,5.5,230.0,0,1,52.17391304347826,120.0,100-200,50%-60%
Madno,2026-09-02,WK 36,Avadi,Zomato,Dinner,FOFO,TN,379.0,0.0,18.96,369.0,0,1,0.0,379.0,300-400,0%
Frozen Bottle,2026-09-02,WK 36,Ayyappa Nagar,In Store,Dinner,FOFO,KA,724.46,0.0,36.26,724.46,0,5,0.0,144.892,100-200,0%
Frozen Bottle,2026-09-02,WK 36,Ayyappa Nagar,In Store,Lunch,FOFO,KA,419.4,15.6,20.98,435.0,0,3,3.5862068965517238,139.79999999999998,100-200,1%-10%
Frozen Bottle,2026-09-02,WK 36,Ayyappa Nagar,In Store,Snacks,FOFO,KA,974.0,0.0,48.72,974.0,0,3,0.0,324.6666666666667,300-400,0%
Frozen Bottle,2026-09-02,WK 36,Ayyappa Nagar,Swiggy,Dinner,FOFO,KA,941.01,199.99,45.56,1111.0,0,2,18.000900090009,470.505,400-500,10%-20%
Frozen Bottle,2026-09-02,WK 36,Ayyappa Nagar,Swiggy,Late Night,FOFO,KA,382.0,317.0,19.12,699.0,0,2,45.35050071530758,191.0,100-200,40%-50%
Frozen Bottle,2026-09-02,WK 36,Ayyappa Nagar,Swiggy,Lunch,FOFO,KA,641.0,218.0,31.56,849.0,0,2,25.677267373380445,320.5,300-400,20%-30%
Frozen Bottle,2026-09-02,WK 36,Ayyappa Nagar,Zomato,Breakfast,FOFO,KA,149.3,59.7,7.46,199.0,0,1,30.0,149.3,100-200,20%-30%
Frozen Bottle,2026-09-02,WK 36,Ayyappa Nagar,Zomato,Dinner,FOFO,KA,1236.5,535.5,61.839999999999996,1692.0,0,4,31.648936170212767,309.125,300-400,30%-40%
Frozen Bottle,2026-09-02,WK 36,Ayyappa Nagar,Zomato,Late Night,FOFO,KA,455.3,191.7,22.759999999999998,627.0,0,2,30.574162679425836,227.65,200-300,30%-40%
Frozen Bottle,2026-09-02,WK 36,Ayyappa Nagar,Zomato,Lunch,FOFO,KA,291.0,50.0,14.56,331.0,0,1,15.105740181268882,291.0,200-300,10%-20%
Frozen Bottle,2026-09-02,WK 36,Ayyappa Nagar,Zomato,Snacks,FOFO,KA,2038.9,799.1,101.94,2718.0,0,9,29.400294334069173,226.54444444444445,200-300,20%-30%
Boba Bar,2026-09-02,WK 36,BTM Layout,Swiggy,Dinner,COCO,KA,69.0,61.0,3.46,130.0,0,1,46.92307692307692,69.0,0-100,40%-50%
Boba Bar,2026-09-02,WK 36,BTM Layout,Swiggy,Late Night,COCO,KA,138.0,122.0,6.92,260.0,0,2,46.92307692307692,69.0,0-100,40%-50%
Frozen Bottle,2026-09-02,WK 36,BTM Layout,In Store,Dinner,COCO,KA,1098.44,99.79,54.96,1198.23,0,5,8.328117306360214,219.68800000000002,200-300,1%-10%
Frozen Bottle,2026-09-02,WK 36,BTM Layout,In Store,Lunch,COCO,KA,179.0,0.0,8.96,179.0,0,1,0.0,179.0,100-200,0%
Frozen Bottle,2026-09-02,WK 36,BTM Layout,In Store,Snacks,COCO,KA,1493.95,383.51,74.72,1877.46,0,9,20.42706635560811,165.99444444444444,100-200,20%-30%
Frozen Bottle,2026-09-02,WK 36,BTM Layout,Ownly,Dinner,COCO,KA,275.0,0.0,13.76,275.0,0,1,0.0,275.0,200-300,0%
Frozen Bottle,2026-09-02,WK 36,BTM Layout,Ownly,Late Night,COCO,KA,518.6,0.0,25.939999999999998,518.6,0,3,0.0,172.86666666666667,100-200,0%
Frozen Bottle,2026-09-02,WK 36,BTM Layout,Swiggy,Dinner,COCO,KA,2910.67,1665.97,135.06,4366.64,0,13,38.15221772346701,223.89769230769232,200-300,30%-40%
Frozen Bottle,2026-09-02,WK 36,BTM Layout,Swiggy,Late Night,COCO,KA,5781.01,3161.99,275.1,8663.0,0,20,36.49994228327369,289.0505,200-300,30%-40%
Frozen Bottle,2026-09-02,WK 36,BTM Layout,Swiggy,Lunch,COCO,KA,1065.0,673.0,51.760000000000005,1708.0,0,5,39.402810304449645,213.0,200-300,30%-40%
Frozen Bottle,2026-09-02,WK 36,BTM Layout,Swiggy,Snacks,COCO,KA,794.0,684.0,38.22,1448.0,0,6,47.23756906077348,132.33333333333334,100-200,40%-50%
Frozen Bottle,2026-09-02,WK 36,BTM Layout,Zomato,Dinner,COCO,KA,1858.4,762.5899999999999,92.94,2540.99,0,6,30.011530938728605,309.73333333333335,300-400,30%-40%
Frozen Bottle,2026-09-02,WK 36,BTM Layout,Zomato,Late Night,COCO,KA,4934.4,2212.6,246.8,6907.0,0,18,32.034168235123786,274.1333333333333,200-300,30%-40%
Frozen Bottle,2026-09-02,WK 36,BTM Layout,Zomato,Lunch,COCO,KA,345.5,165.5,17.28,491.0,0,2,33.706720977596746,172.75,100-200,30%-40%
Frozen Bottle,2026-09-02,WK 36,BTM Layout,Zomato,Snacks,COCO,KA,1049.9,391.1,52.5,1401.0,0,4,27.9157744468237,262.475,200-300,20%-30%
Madno,2026-09-02,WK 36,BTM Layout,Ownly,Dinner,COCO,KA,195.0,0.0,9.76,195.0,0,1,0.0,195.0,100-200,0%
Madno,2026-09-02,WK 36,BTM Layout,Ownly,Snacks,COCO,KA,160.0,0.0,8.0,160.0,0,1,0.0,160.0,100-200,0%
Madno,2026-09-02,WK 36,BTM Layout,Swiggy,Dinner,COCO,KA,453.0,209.0,21.16,632.0,0,2,33.06962025316456,226.5,200-300,30%-40%
Madno,2026-09-02,WK 36,BTM Layout,Swiggy,Late Night,COCO,KA,1692.48,600.85,81.14,2223.33,0,7,27.024778148093176,241.78285714285715,200-300,20%-30%
Madno,2026-09-02,WK 36,BTM Layout,Zomato,Dinner,COCO,KA,1331.0,400.01,66.56,1671.01,0,3,23.93821700648111,443.6666666666667,400-500,20%-30%
Madno,2026-09-02,WK 36,BTM Layout,Zomato,Late Night,COCO,KA,3019.0,825.0,151.0,3704.0,0,11,22.273218142548597,274.45454545454544,200-300,20%-30%
Boba Bar,2026-09-02,WK 36,Badlapur,Swiggy,Snacks,COCO,MH,89.0,80.0,3.96,159.0,0,1,50.314465408805034,89.0,0-100,50%-60%
Frozen Bottle,2026-09-02,WK 36,Badlapur,In Store,Breakfast,COCO,MH,169.0,0.0,8.46,169.0,0,1,0.0,169.0,100-200,0%
Frozen Bottle,2026-09-02,WK 36,Badlapur,In Store,Dinner,COCO,MH,909.69,0.0,45.5,909.69,0,3,0.0,303.23,300-400,0%
Frozen Bottle,2026-09-02,WK 36,Badlapur,In Store,Lunch,COCO,MH,395.0,0.0,19.76,395.0,0,2,0.0,197.5,100-200,0%
Frozen Bottle,2026-09-02,WK 36,Badlapur,In Store,Snacks,COCO,MH,736.0,0.0,36.82,736.0,0,3,0.0,245.33333333333334,200-300,0%
Frozen Bottle,2026-09-02,WK 36,Badlapur,Swiggy,Dinner,COCO,MH,807.12,748.88,36.879999999999995,1486.0,0,4,50.395693135935396,201.78,200-300,50%-60%
Frozen Bottle,2026-09-02,WK 36,Badlapur,Swiggy,Lunch,COCO,MH,699.0,659.0,32.46,1308.0,0,3,50.3822629969419,233.0,200-300,50%-60%
Frozen Bottle,2026-09-02,WK 36,Badlapur,Swiggy,Snacks,COCO,MH,118.0,122.0,5.4,230.0,0,1,53.04347826086957,118.0,100-200,50%-60%
Frozen Bottle,2026-09-02,WK 36,Badlapur,Zomato,Dinner,COCO,MH,2729.0,481.0,136.46,3100.0,0,7,15.516129032258064,389.85714285714283,300-400,10%-20%
Frozen Bottle,2026-09-02,WK 36,Badlapur,Zomato,Late Night,COCO,MH,953.0,325.0,47.64,1238.0,0,2,26.252019386106625,476.5,400-500,20%-30%
Frozen Bottle,2026-09-02,WK 36,Badlapur,Zomato,Lunch,COCO,MH,1238.0,400.0,61.92,1598.0,0,2,25.03128911138924,619.0,600-900,20%-30%
Frozen Bottle,2026-09-02,WK 36,Badlapur,Zomato,Snacks,COCO,MH,1159.5,500.51,58.0,1590.01,0,3,31.4784183747272,386.5,300-400,30%-40%
Madno,2026-09-02,WK 36,Badlapur,Swiggy,Dinner,COCO,MH,649.01,370.99,30.96,990.0,0,2,37.47373737373738,324.505,300-400,30%-40%
Madno,2026-09-02,WK 36,Badlapur,Zomato,Dinner,COCO,MH,1517.5,336.5,75.92,1764.0,0,3,19.075963718820862,505.8333333333333,500-600,10%-20%
Boba Bar,2026-09-02,WK 36,Banashankari,Swiggy,Dinner,COCO,KA,220.0,61.0,10.0,261.0,0,1,23.371647509578544,220.0,200-300,20%-30%
Boba Bar,2026-09-02,WK 36,Banashankari,Swiggy,Late Night,COCO,KA,207.0,183.0,10.36,390.0,0,2,46.92307692307692,103.5,100-200,40%-50%
Boba Bar,2026-09-02,WK 36,Banashankari,Zomato,Snacks,COCO,KA,918.5,479.5,45.92,1358.0,0,3,35.30927835051546,306.1666666666667,300-400,30%-40%
Frozen Bottle,2026-09-02,WK 36,Banashankari,In Store,Dinner,COCO,KA,940.23,0.0,47.02,940.23,0,4,0.0,235.0575,200-300,0%
Frozen Bottle,2026-09-02,WK 36,Banashankari,In Store,Lunch,COCO,KA,952.65,0.0,47.64,952.65,0,4,0.0,238.1625,200-300,0%
Frozen Bottle,2026-09-02,WK 36,Banashankari,In Store,Snacks,COCO,KA,574.3199999999999,209.68,28.740000000000002,784.0,0,6,26.74489795918367,95.71999999999998,0-100,20%-30%
Frozen Bottle,2026-09-02,WK 36,Banashankari,Swiggy,Dinner,COCO,KA,4505.03,1699.97,215.84,6015.0,0,14,28.262177888611806,321.78785714285715,300-400,20%-30%
Frozen Bottle,2026-09-02,WK 36,Banashankari,Swiggy,Late Night,COCO,KA,475.0,344.0,23.259999999999998,809.0,0,2,42.52163164400494,237.5,200-300,40%-50%
Frozen Bottle,2026-09-02,WK 36,Banashankari,Swiggy,Lunch,COCO,KA,682.0,568.0,31.6,1200.0,0,3,47.333333333333336,227.33333333333334,200-300,40%-50%
Frozen Bottle,2026-09-02,WK 36,Banashankari,Swiggy,Snacks,COCO,KA,865.01,402.99,41.76,1238.0,0,3,32.55169628432956,288.33666666666664,200-300,30%-40%
Frozen Bottle,2026-09-02,WK 36,Banashankari,Zomato,Dinner,COCO,KA,1720.0,1501.0,86.02000000000001,3111.0,0,6,48.248151719704275,286.6666666666667,200-300,40%-50%
Frozen Bottle,2026-09-02,WK 36,Banashankari,Zomato,Late Night,COCO,KA,786.83,685.5,39.36,1412.33,0,3,48.53681505030694,262.2766666666667,200-300,40%-50%
Frozen Bottle,2026-09-02,WK 36,Banashankari,Zomato,Lunch,COCO,KA,1587.4,842.6,79.38,2360.0,0,2,35.70338983050848,793.7,600-900,30%-40%
Frozen Bottle,2026-09-02,WK 36,Banashankari,Zomato,Snacks,COCO,KA,935.0,265.0,46.78,1160.0,0,4,22.844827586206897,233.75,200-300,20%-30%
Madno,2026-09-02,WK 36,Banashankari,Ownly,Dinner,COCO,KA,223.0,0.0,11.16,223.0,0,1,0.0,223.0,200-300,0%
Madno,2026-09-02,WK 36,Banashankari,Ownly,Late Night,COCO,KA,143.25,0.0,7.16,143.25,0,1,0.0,143.25,100-200,0%
Madno,2026-09-02,WK 36,Banashankari,Ownly,Lunch,COCO,KA,160.0,0.0,8.0,160.0,0,1,0.0,160.0,100-200,0%
Madno,2026-09-02,WK 36,Banashankari,Ownly,Snacks,COCO,KA,443.0,0.0,22.16,443.0,0,2,0.0,221.5,200-300,0%
Madno,2026-09-02,WK 36,Banashankari,Swiggy,Dinner,COCO,KA,1777.01,135.99,84.86,1833.0,0,4,7.4189852700491,444.2525,400-500,1%-10%
Madno,2026-09-02,WK 36,Banashankari,Swiggy,Late Night,COCO,KA,585.0,237.0,28.759999999999998,812.0,0,3,29.1871921182266,195.0,100-200,20%-30%
Madno,2026-09-02,WK 36,Banashankari,Swiggy,Lunch,COCO,KA,225.0,85.0,11.26,310.0,0,1,27.419354838709676,225.0,200-300,20%-30%
Madno,2026-09-02,WK 36,Banashankari,Swiggy,Snacks,COCO,KA,819.0,266.85,38.96,1045.85,0,1,25.5151312329684,819.0,600-900,20%-30%
Madno,2026-09-02,WK 36,Banashankari,Zomato,Dinner,COCO,KA,540.0,280.0,27.02,790.0,0,2,35.44303797468354,270.0,200-300,30%-40%
Madno,2026-09-02,WK 36,Banashankari,Zomato,Late Night,COCO,KA,430.0,170.0,21.5,580.0,0,2,29.310344827586203,215.0,200-300,20%-30%
Madno,2026-09-02,WK 36,Banashankari,Zomato,Snacks,COCO,KA,701.0,321.0,35.06,992.0,0,2,32.358870967741936,350.5,300-400,30%-40%
Boba Bar,2026-09-02,WK 36,Baner Road - Pune,Swiggy,Dinner,COCO,MH,466.0,334.0,21.32,760.0,0,2,43.94736842105263,233.0,200-300,40%-50%
Boba Bar,2026-09-02,WK 36,Baner Road - Pune,Swiggy,Late Night,COCO,MH,158.0,122.0,6.9,260.0,0,1,46.92307692307692,158.0,100-200,40%-50%
Boba Bar,2026-09-02,WK 36,Baner Road - Pune,Zomato,Closing,COCO,MH,141.0,0.0,7.06,131.0,0,1,0.0,141.0,100-200,0%
Boba Bar,2026-09-02,WK 36,Baner Road - Pune,Zomato,Snacks,COCO,MH,345.0,0.0,17.26,335.0,0,1,0.0,345.0,300-400,0%
Frozen Bottle,2026-09-02,WK 36,Baner Road - Pune,In Store,Dinner,COCO,MH,5035.09,1255.06,251.86,6290.15,0,19,19.952783319952623,265.0047368421053,200-300,10%-20%
Frozen Bottle,2026-09-02,WK 36,Baner Road - Pune,In Store,Late Night,COCO,MH,229.0,0.0,11.46,229.0,0,1,0.0,229.0,200-300,0%
Frozen Bottle,2026-09-02,WK 36,Baner Road - Pune,In Store,Lunch,COCO,MH,59.96,69.04,3.0,129.0,0,1,53.51937984496124,59.96,0-100,50%-60%
Frozen Bottle,2026-09-02,WK 36,Baner Road - Pune,In Store,Snacks,COCO,MH,2329.88,1283.12,116.5,3613.0,0,13,35.51397730417935,179.22153846153847,100-200,30%-40%
Frozen Bottle,2026-09-02,WK 36,Baner Road - Pune,Others,Lunch,COCO,MH,326.88,414.12,16.34,731.0,0,1,56.651162790697676,326.88,300-400,50%-60%
Frozen Bottle,2026-09-02,WK 36,Baner Road - Pune,Swiggy,Breakfast,COCO,MH,347.0,213.0,16.36,540.0,0,1,39.44444444444444,347.0,300-400,30%-40%
Frozen Bottle,2026-09-02,WK 36,Baner Road - Pune,Swiggy,Dinner,COCO,MH,6532.3,3644.7,308.2,9807.0,0,22,37.1642704190884,296.9227272727273,200-300,30%-40%
Frozen Bottle,2026-09-02,WK 36,Baner Road - Pune,Swiggy,Late Night,COCO,MH,1369.01,772.99,63.980000000000004,2052.0,0,5,37.67007797270956,273.802,200-300,30%-40%
Frozen Bottle,2026-09-02,WK 36,Baner Road - Pune,Swiggy,Lunch,COCO,MH,266.0,244.0,12.3,490.0,0,2,49.795918367346935,133.0,100-200,40%-50%
Frozen Bottle,2026-09-02,WK 36,Baner Road - Pune,Swiggy,Snacks,COCO,MH,1058.56,708.44,49.46,1697.0,0,6,41.7466116676488,176.42666666666665,100-200,40%-50%
Frozen Bottle,2026-09-02,WK 36,Baner Road - Pune,Zomato,Breakfast,COCO,MH,518.0,0.0,25.9,498.0,0,1,0.0,518.0,500-600,0%
Frozen Bottle,2026-09-02,WK 36,Baner Road - Pune,Zomato,Dinner,COCO,MH,5451.5,2449.51,272.66,7651.01,0,16,32.01551167754323,340.71875,300-400,30%-40%
Frozen Bottle,2026-09-02,WK 36,Baner Road - Pune,Zomato,Late Night,COCO,MH,2042.0,555.0,102.14,2507.0,0,6,22.138013562026327,340.3333333333333,300-400,20%-30%
Frozen Bottle,2026-09-02,WK 36,Baner Road - Pune,Zomato,Lunch,COCO,MH,303.0,146.0,15.16,429.0,0,2,34.032634032634036,151.5,100-200,30%-40%
Frozen Bottle,2026-09-02,WK 36,Baner Road - Pune,Zomato,Snacks,COCO,MH,551.0,50.0,27.560000000000002,581.0,0,2,8.605851979345955,275.5,200-300,1%-10%
Madno,2026-09-02,WK 36,Baner Road - Pune,Swiggy,Dinner,COCO,MH,1466.76,385.24,69.88,1782.0,0,6,21.618406285072954,244.46,200-300,20%-30%
Madno,2026-09-02,WK 36,Baner Road - Pune,Swiggy,Lunch,COCO,MH,200.9,39.1,9.54,230.0,0,1,17.0,200.9,200-300,10%-20%
Madno,2026-09-02,WK 36,Baner Road - Pune,Swiggy,Snacks,COCO,MH,548.0,114.0,26.42,642.0,0,2,17.75700934579439,274.0,200-300,10%-20%
Madno,2026-09-02,WK 36,Baner Road - Pune,Zomato,Dinner,COCO,MH,2565.49,471.0,128.3,2906.49,0,5,16.20511338418505,513.098,500-600,10%-20%
Madno,2026-09-02,WK 36,Baner Road - Pune,Zomato,Late Night,COCO,MH,632.0,402.01,31.619999999999997,984.01,0,2,40.85425961118281,316.0,300-400,40%-50%
Madno,2026-09-02,WK 36,Baner Road - Pune,Zomato,Lunch,COCO,MH,736.5,315.5,36.84,1012.0,0,3,31.17588932806324,245.5,200-300,30%-40%
Frozen Bottle,2026-09-02,WK 36,Banjara Hills,In Store,Dinner,FOFO,AP & TL,3524.56,0.0,176.32,3524.56,0,19,0.0,185.50315789473683,100-200,0%
Frozen Bottle,2026-09-02,WK 36,Banjara Hills,In Store,Late Night,FOFO,AP & TL,404.0,0.0,20.22,404.0,0,2,0.0,202.0,200-300,0%
Frozen Bottle,2026-09-02,WK 36,Banjara Hills,In Store,Lunch,FOFO,AP & TL,1167.0,0.0,58.38,1167.0,0,6,0.0,194.5,100-200,0%
Frozen Bottle,2026-09-02,WK 36,Banjara Hills,In Store,Snacks,FOFO,AP & TL,1585.0,0.0,79.28,1585.0,0,9,0.0,176.11111111111111,100-200,0%
Frozen Bottle,2026-09-02,WK 36,Banjara Hills,Swiggy,Lunch,FOFO,AP & TL,240.0,0.0,11.5,230.0,0,1,0.0,240.0,200-300,0%
Frozen Bottle,2026-09-02,WK 36,Banjara Hills,Zomato,Closing,FOFO,AP & TL,240.0,100.0,12.0,330.0,0,1,30.303030303030305,240.0,200-300,30%-40%
Frozen Bottle,2026-09-02,WK 36,Banjara Hills,Zomato,Dinner,FOFO,AP & TL,389.3,159.7,19.46,529.0,0,2,30.189035916824192,194.65,100-200,30%-40%
Frozen Bottle,2026-09-02,WK 36,Banjara Hills,Zomato,Late Night,FOFO,AP & TL,290.0,150.0,14.5,430.0,0,1,34.883720930232556,290.0,200-300,30%-40%
Frozen Bottle,2026-09-02,WK 36,Banjara Hills,Zomato,Lunch,FOFO,AP & TL,485.0,225.0,24.259999999999998,690.0,0,2,32.608695652173914,242.5,200-300,30%-40%
Frozen Bottle,2026-09-02,WK 36,Banjara Hills,Zomato,Snacks,FOFO,AP & TL,449.0,240.0,22.46,659.0,0,3,36.41881638846737,149.66666666666666,100-200,30%-40%
Boba Bar,2026-09-02,WK 36,Basaveshwarnagar,Swiggy,Dinner,COCO,KA,149.0,143.33,6.46,272.33,0,1,52.63099915543643,149.0,100-200,50%-60%
Boba Bar,2026-09-02,WK 36,Basaveshwarnagar,Swiggy,Late Night,COCO,KA,268.0,245.32999999999998,12.4,493.33,0,2,49.729390063446374,134.0,100-200,40%-50%
Boba Bar,2026-09-02,WK 36,Basaveshwarnagar,Zomato,Dinner,COCO,KA,316.0,286.0,15.82,572.0,0,1,50.0,316.0,300-400,40%-50%
Frozen Bottle,2026-09-02,WK 36,Basaveshwarnagar,In Store,Dinner,COCO,KA,1538.9,383.1,77.0,1922.0,0,13,19.932362122788764,118.37692307692308,100-200,10%-20%
Frozen Bottle,2026-09-02,WK 36,Basaveshwarnagar,In Store,Lunch,COCO,KA,777.52,503.48,38.900000000000006,1281.0,0,5,39.30366900858704,155.504,100-200,30%-40%
Frozen Bottle,2026-09-02,WK 36,Basaveshwarnagar,In Store,Snacks,COCO,KA,1383.01,598.22,69.2,1981.23,0,7,30.19437420188469,197.57285714285715,100-200,30%-40%
Frozen Bottle,2026-09-02,WK 36,Basaveshwarnagar,Ownly,Snacks,COCO,KA,368.0,0.0,18.4,368.0,0,1,0.0,368.0,300-400,0%
Frozen Bottle,2026-09-02,WK 36,Basaveshwarnagar,Swiggy,Dinner,COCO,KA,1970.0,1268.0,92.04,3108.0,0,7,40.7979407979408,281.42857142857144,200-300,40%-50%
Frozen Bottle,2026-09-02,WK 36,Basaveshwarnagar,Swiggy,Late Night,COCO,KA,683.0,418.0,32.160000000000004,1061.0,0,3,39.396795475966066,227.66666666666666,200-300,30%-40%
Frozen Bottle,2026-09-02,WK 36,Basaveshwarnagar,Swiggy,Lunch,COCO,KA,148.0,122.0,6.9,260.0,0,1,46.92307692307692,148.0,100-200,40%-50%
Frozen Bottle,2026-09-02,WK 36,Basaveshwarnagar,Swiggy,Snacks,COCO,KA,1000.0,669.0,47.02,1609.0,0,4,41.578620261031695,250.0,200-300,40%-50%
Frozen Bottle,2026-09-02,WK 36,Basaveshwarnagar,Zomato,Dinner,COCO,KA,1503.0,478.0,75.16,1921.0,0,5,24.882873503383653,300.6,300-400,20%-30%
Frozen Bottle,2026-09-02,WK 36,Basaveshwarnagar,Zomato,Late Night,COCO,KA,541.0,249.0,27.060000000000002,760.0,0,3,32.76315789473684,180.33333333333334,100-200,30%-40%
Frozen Bottle,2026-09-02,WK 36,Basaveshwarnagar,Zomato,Lunch,COCO,KA,1120.0,545.0,56.02,1615.0,0,4,33.746130030959755,280.0,200-300,30%-40%
Frozen Bottle,2026-09-02,WK 36,Basaveshwarnagar,Zomato,Snacks,COCO,KA,933.35,710.66,46.68,1574.01,0,3,45.14964962103163,311.1166666666667,300-400,40%-50%
Madno,2026-09-02,WK 36,Basaveshwarnagar,Ownly,Late Night,COCO,KA,348.0,0.0,17.4,348.0,0,1,0.0,348.0,300-400,0%
Madno,2026-09-02,WK 36,Basaveshwarnagar,Ownly,Lunch,COCO,KA,145.0,0.0,7.26,145.0,0,1,0.0,145.0,100-200,0%
Madno,2026-09-02,WK 36,Basaveshwarnagar,Ownly,Snacks,COCO,KA,369.0,0.0,18.46,369.0,0,2,0.0,184.5,100-200,0%
Frozen Bottle,2026-09-02,WK 36,Bavdhan,Swiggy,Dinner,FOFO,MH,269.0,0.0,12.96,259.0,0,1,0.0,269.0,200-300,0%
Frozen Bottle,2026-09-02,WK 36,Bavdhan,Swiggy,Lunch,FOFO,MH,259.0,30.0,12.96,289.0,0,1,10.380622837370241,259.0,200-300,10%-20%
Frozen Bottle,2026-09-02,WK 36,Bavdhan,Swiggy,Snacks,FOFO,MH,310.0,60.0,15.0,360.0,0,1,16.666666666666664,310.0,300-400,10%-20%
Frozen Bottle,2026-09-02,WK 36,Bavdhan,Zomato,Dinner,FOFO,MH,1058.3,459.7,52.92,1458.0,0,5,31.529492455418378,211.66,200-300,30%-40%
Frozen Bottle,2026-09-02,WK 36,Bavdhan,Zomato,Snacks,FOFO,MH,190.0,0.0,9.5,180.0,0,1,0.0,190.0,100-200,0%
Boba Bar,2026-09-02,WK 36,Bel Road,Swiggy,Dinner,COCO,KA,686.0,314.0,32.3,960.0,0,2,32.708333333333336,343.0,300-400,30%-40%
Boba Bar,2026-09-02,WK 36,Bel Road,Swiggy,Snacks,COCO,KA,232.0,68.0,11.1,290.0,0,1,23.448275862068964,232.0,200-300,20%-30%
Frozen Bottle,2026-09-02,WK 36,Bel Road,In Store,Dinner,COCO,KA,2736.71,101.89000000000001,136.88,2838.6,0,15,3.58944550130346,182.44733333333335,100-200,1%-10%
Frozen Bottle,2026-09-02,WK 36,Bel Road,In Store,Lunch,COCO,KA,1232.8,240.43,61.660000000000004,1473.23,0,9,16.31992289051947,136.97777777777776,100-200,10%-20%
Frozen Bottle,2026-09-02,WK 36,Bel Road,In Store,Snacks,COCO,KA,2310.11,286.26,115.52000000000001,2596.37,0,11,11.025393145044813,210.01000000000002,200-300,10%-20%
Frozen Bottle,2026-09-02,WK 36,Bel Road,Swiggy,Dinner,COCO,KA,1182.0,518.0,56.620000000000005,1650.0,0,5,31.393939393939398,236.4,200-300,30%-40%
Frozen Bottle,2026-09-02,WK 36,Bel Road,Swiggy,Late Night,COCO,KA,865.0,346.0,41.26,1171.0,0,3,29.54739538855679,288.3333333333333,200-300,20%-30%
Frozen Bottle,2026-09-02,WK 36,Bel Road,Swiggy,Lunch,COCO,KA,98.0,112.0,4.4,200.0,0,1,56.00000000000001,98.0,0-100,50%-60%
Frozen Bottle,2026-09-02,WK 36,Bel Road,Swiggy,Snacks,COCO,KA,1033.0,627.0,49.68,1620.0,0,6,38.7037037037037,172.16666666666666,100-200,30%-40%
Frozen Bottle,2026-09-02,WK 36,Bel Road,Zomato,Dinner,COCO,KA,1479.0,660.0,73.96000000000001,2059.0,0,5,32.054395337542495,295.8,200-300,30%-40%
Frozen Bottle,2026-09-02,WK 36,Bel Road,Zomato,Late Night,COCO,KA,110.0,100.0,5.5,200.0,0,1,50.0,110.0,100-200,40%-50%
Frozen Bottle,2026-09-02,WK 36,Bel Road,Zomato,Lunch,COCO,KA,380.0,200.0,19.0,560.0,0,1,35.714285714285715,380.0,300-400,30%-40%
Frozen Bottle,2026-09-02,WK 36,Bel Road,Zomato,Snacks,COCO,KA,205.0,75.0,10.26,270.0,0,1,27.77777777777778,205.0,200-300,20%-30%
Madno,2026-09-02,WK 36,Bel Road,Ownly,Dinner,COCO,KA,160.0,0.0,8.0,160.0,0,1,0.0,160.0,100-200,0%
Madno,2026-09-02,WK 36,Bel Road,Swiggy,Dinner,COCO,KA,698.26,131.74,33.42,800.0,0,2,16.4675,349.13,300-400,10%-20%
Madno,2026-09-02,WK 36,Bel Road,Swiggy,Lunch,COCO,KA,202.0,68.0,9.6,260.0,0,1,26.153846153846157,202.0,200-300,20%-30%
Madno,2026-09-02,WK 36,Bel Road,Zomato,Dinner,COCO,KA,210.0,150.0,10.5,350.0,0,1,42.857142857142854,210.0,200-300,40%-50%
Frozen Bottle,2026-09-02,WK 36,Berhampur,Zomato,Dinner,FOFO,ROI,181.0,0.0,9.06,171.0,0,1,0.0,181.0,100-200,0%
Boba Bar,2026-09-02,WK 36,Besant Nagar,Swiggy,Dinner,COCO,TN,201.0,0.0,9.56,191.0,0,1,0.0,201.0,200-300,0%
Boba Bar,2026-09-02,WK 36,Besant Nagar,Swiggy,Snacks,COCO,TN,568.0,34.0,27.4,582.0,0,1,5.841924398625429,568.0,500-600,1%-10%
Frozen Bottle,2026-09-02,WK 36,Besant Nagar,In Store,Dinner,COCO,TN,3058.68,1231.78,152.94,4290.46,0,16,28.70974207893792,191.1675,100-200,20%-30%
Frozen Bottle,2026-09-02,WK 36,Besant Nagar,In Store,Lunch,COCO,TN,286.0,0.0,14.3,286.0,0,1,0.0,286.0,200-300,0%
Frozen Bottle,2026-09-02,WK 36,Besant Nagar,In Store,Snacks,COCO,TN,1576.9199999999998,1369.08,78.86,2946.0,0,5,46.472505091649694,315.38399999999996,300-400,40%-50%
Frozen Bottle,2026-09-02,WK 36,Besant Nagar,Swiggy,Dinner,COCO,TN,914.01,390.32,43.199999999999996,1254.33,0,3,31.117807913388024,304.67,300-400,30%-40%
Frozen Bottle,2026-09-02,WK 36,Besant Nagar,Swiggy,Late Night,COCO,TN,942.0,527.0,44.6,1419.0,0,3,37.13883016208598,314.0,300-400,30%-40%
Frozen Bottle,2026-09-02,WK 36,Besant Nagar,Swiggy,Lunch,COCO,TN,669.0,680.0,31.46,1309.0,0,4,51.94805194805194,167.25,100-200,50%-60%
Frozen Bottle,2026-09-02,WK 36,Besant Nagar,Swiggy,Snacks,COCO,TN,317.0,224.0,14.860000000000001,521.0,0,2,42.994241842610364,158.5,100-200,40%-50%
Frozen Bottle,2026-09-02,WK 36,Besant Nagar,Zomato,Dinner,COCO,TN,889.0,710.0,44.480000000000004,1549.0,0,3,45.836023240800515,296.3333333333333,200-300,40%-50%
Madno,2026-09-02,WK 36,Besant Nagar,Swiggy,Dinner,COCO,TN,240.0,0.0,11.5,230.0,0,1,0.0,240.0,200-300,0%
Madno,2026-09-02,WK 36,Besant Nagar,Swiggy,Late Night,COCO,TN,109.0,92.0,4.96,191.0,0,1,48.167539267015705,109.0,100-200,40%-50%
Madno,2026-09-02,WK 36,Besant Nagar,Zomato,Dinner,COCO,TN,171.0,69.0,8.56,230.0,0,1,30.0,171.0,100-200,20%-30%
Madno,2026-09-02,WK 36,Besant Nagar,Zomato,Late Night,COCO,TN,330.0,0.0,16.5,320.0,0,1,0.0,330.0,300-400,0%
Madno,2026-09-02,WK 36,Besant Nagar,Zomato,Lunch,COCO,TN,210.0,100.0,10.5,300.0,0,1,33.33333333333333,210.0,200-300,30%-40%
Frozen Bottle,2026-09-02,WK 36,Bhavanipuram,Swiggy,Dinner,FOFO,AP & TL,1241.01,599.99,58.56,1771.0,0,5,33.878599661208355,248.202,200-300,30%-40%
Frozen Bottle,2026-09-02,WK 36,Bhavanipuram,Swiggy,Snacks,FOFO,AP & TL,878.6,599.4,40.96,1418.0,0,5,42.27080394922426,175.72,100-200,40%-50%
Frozen Bottle,2026-09-02,WK 36,Bhavanipuram,Zomato,Dinner,FOFO,AP & TL,1387.0,200.0,69.38,1537.0,0,3,13.012361743656472,462.3333333333333,400-500,10%-20%
Frozen Bottle,2026-09-02,WK 36,Bhavanipuram,Zomato,Lunch,FOFO,AP & TL,218.0,200.0,10.92,398.0,0,2,50.25125628140703,109.0,100-200,50%-60%
Frozen Bottle,2026-09-02,WK 36,Bhavanipuram,Zomato,Snacks,FOFO,AP & TL,438.0,300.0,21.92,708.0,0,3,42.3728813559322,146.0,100-200,40%-50%
Frozen Bottle,2026-09-02,WK 36,Bhopal,Zomato,Dinner,FOFO,ROI,318.0,100.0,15.92,398.0,0,1,25.125628140703515,318.0,300-400,20%-30%
Frozen Bottle,2026-09-02,WK 36,Bhopal,Zomato,Lunch,FOFO,ROI,109.0,100.0,5.46,199.0,0,1,50.25125628140703,109.0,100-200,50%-60%
Frozen Bottle,2026-09-02,WK 36,Bhubaneswar,In Store,Dinner,FOFO,ROI,968.0,0.0,48.42,968.0,0,4,0.0,242.0,200-300,0%
Frozen Bottle,2026-09-02,WK 36,Bhubaneswar,In Store,Snacks,FOFO,ROI,1163.0,0.0,58.18,1163.0,0,4,0.0,290.75,200-300,0%
Frozen Bottle,2026-09-02,WK 36,Bhubaneswar,Swiggy,Lunch,FOFO,ROI,321.0,0.0,15.56,311.0,0,1,0.0,321.0,300-400,0%
Frozen Bottle,2026-09-02,WK 36,Bhubaneswar,Swiggy,Snacks,FOFO,ROI,209.0,0.0,9.96,199.0,0,1,0.0,209.0,200-300,0%
Frozen Bottle,2026-09-02,WK 36,Bhubaneswar,Zomato,Dinner,FOFO,ROI,321.0,0.0,16.06,311.0,0,1,0.0,321.0,300-400,0%
Madno,2026-09-02,WK 36,Bhubaneswar,Zomato,Lunch,FOFO,ROI,401.0,0.0,20.06,381.0,0,1,0.0,401.0,400-500,0%
Madno,2026-09-02,WK 36,Bhubaneswar,Zomato,Snacks,FOFO,ROI,200.0,0.0,10.0,190.0,0,1,0.0,200.0,100-200,0%
Boba Bar,2026-09-02,WK 36,Boba Bar - Salem,In Store,Dinner,FOFO,TN,1802.15,0.0,90.14,1802.15,0,6,0.0,300.35833333333335,300-400,0%
Boba Bar,2026-09-02,WK 36,Boba Bar - Salem,In Store,Lunch,FOFO,TN,707.0,0.0,35.34,707.0,0,1,0.0,707.0,600-900,0%
Boba Bar,2026-09-02,WK 36,Boba Bar - Salem,In Store,Snacks,FOFO,TN,784.0,0.0,39.22,784.0,0,2,0.0,392.0,300-400,0%
Frozen Bottle,2026-09-02,WK 36,Budigere,In Store,Dinner,FOFO,KA,608.85,0.0,30.46,608.85,0,3,0.0,202.95000000000002,200-300,0%
Frozen Bottle,2026-09-02,WK 36,Budigere,In Store,Snacks,FOFO,KA,208.0,0.0,10.42,208.0,0,2,0.0,104.0,100-200,0%
Frozen Bottle,2026-09-02,WK 36,Budigere,Zomato,Lunch,FOFO,KA,260.0,50.0,13.0,300.0,0,1,16.666666666666664,260.0,200-300,10%-20%
Frozen Bottle,2026-09-02,WK 36,Byculla,In Store,Dinner,COCO,MH,741.87,143.13,37.120000000000005,885.0,0,4,16.172881355932205,185.4675,100-200,10%-20%
Frozen Bottle,2026-09-02,WK 36,Byculla,In Store,Lunch,COCO,MH,519.12,286.26,25.94,805.38,0,6,35.5434701631528,86.52,0-100,30%-40%
Frozen Bottle,2026-09-02,WK 36,Byculla,In Store,Snacks,COCO,MH,1899.29,1029.71,94.98,2929.0,0,20,35.155684533970636,94.9645,0-100,30%-40%
Frozen Bottle,2026-09-02,WK 36,Byculla,Swiggy,Dinner,COCO,MH,2080.01,679.99,100.0,2680.0,0,7,25.372761194029852,297.14428571428573,200-300,20%-30%
Frozen Bottle,2026-09-02,WK 36,Byculla,Swiggy,Late Night,COCO,MH,577.0,354.0,27.36,901.0,0,2,39.289678135405104,288.5,200-300,30%-40%
Frozen Bottle,2026-09-02,WK 36,Byculla,Swiggy,Lunch,COCO,MH,1477.0,1105.0,69.4,2492.0,0,7,44.34189406099519,211.0,200-300,40%-50%
Frozen Bottle,2026-09-02,WK 36,Byculla,Swiggy,Snacks,COCO,MH,1079.34,823.99,49.96,1823.33,0,6,45.19149029522906,179.89,100-200,40%-50%
Frozen Bottle,2026-09-02,WK 36,Byculla,Zomato,Dinner,COCO,MH,1957.75,788.1,97.9,2635.85,0,5,29.89927347914335,391.55,300-400,20%-30%
Frozen Bottle,2026-09-02,WK 36,Byculla,Zomato,Late Night,COCO,MH,925.5,364.5,46.28,1250.0,0,3,29.160000000000004,308.5,300-400,20%-30%
Frozen Bottle,2026-09-02,WK 36,Byculla,Zomato,Lunch,COCO,MH,934.1,434.9,46.74,1319.0,0,3,32.971948445792265,311.3666666666667,300-400,30%-40%
Frozen Bottle,2026-09-02,WK 36,Byculla,Zomato,Snacks,COCO,MH,1285.0,826.99,64.28,2041.99,0,3,40.499218899211066,428.3333333333333,400-500,40%-50%
Madno,2026-09-02,WK 36,Byculla,Zomato,Dinner,COCO,MH,160.0,80.0,8.0,230.0,0,1,34.78260869565217,160.0,100-200,30%-40%
Boba Bar,2026-09-02,WK 36,CBD Belapur,Swiggy,Snacks,FOFO,MH,109.0,91.0,4.96,190.0,0,1,47.89473684210526,109.0,100-200,40%-50%
Frozen Bottle,2026-09-02,WK 36,CBD Belapur,Zomato,Lunch,FOFO,MH,891.0,69.0,44.56,920.0,0,2,7.5,445.5,400-500,1%-10%
Frozen Bottle,2026-09-02,WK 36,Chandra Layout,In Store,Dinner,FOFO,KA,3791.28,0.0,189.66,3791.28,0,17,0.0,223.0164705882353,200-300,0%
Frozen Bottle,2026-09-02,WK 36,Chandra Layout,In Store,Lunch,FOFO,KA,319.0,0.0,15.96,319.0,0,1,0.0,319.0,300-400,0%
Frozen Bottle,2026-09-02,WK 36,Chandra Layout,In Store,Snacks,FOFO,KA,705.0,0.0,35.26,705.0,0,3,0.0,235.0,200-300,0%
Frozen Bottle,2026-09-02,WK 36,Chandra Layout,Swiggy,Dinner,FOFO,KA,420.0,40.0,20.5,450.0,0,1,8.88888888888889,420.0,400-500,1%-10%
Frozen Bottle,2026-09-02,WK 36,Chandra Layout,Swiggy,Snacks,FOFO,KA,111.0,119.0,5.56,230.0,0,1,51.73913043478261,111.0,100-200,50%-60%
Frozen Bottle,2026-09-02,WK 36,Chandra Layout,Zomato,Dinner,FOFO,KA,717.0,386.0,35.86,1063.0,0,3,36.312323612417686,239.0,200-300,30%-40%
Frozen Bottle,2026-09-02,WK 36,Chandra Layout,Zomato,Lunch,FOFO,KA,341.0,50.0,17.06,381.0,0,1,13.123359580052494,341.0,300-400,10%-20%
Boba Bar,2026-09-02,WK 36,Channasandra,Swiggy,Lunch,COCO,KA,412.0,131.33,19.6,523.33,0,1,25.095064299772613,412.0,400-500,20%-30%
Boba Bar,2026-09-02,WK 36,Channasandra,Zomato,Late Night,COCO,KA,207.1,21.9,10.36,219.0,0,1,10.0,207.1,200-300,1%-10%
Frozen Bottle,2026-09-02,WK 36,Channasandra,In Store,Dinner,COCO,KA,398.0,0.0,19.9,398.0,0,1,0.0,398.0,300-400,0%
Frozen Bottle,2026-09-02,WK 36,Channasandra,In Store,Lunch,COCO,KA,502.15,195.08,25.14,697.23,0,6,27.97928947406165,83.69166666666666,0-100,20%-30%
Frozen Bottle,2026-09-02,WK 36,Channasandra,In Store,Snacks,COCO,KA,469.48,175.98,23.48,645.46,0,3,27.264276639915714,156.49333333333334,100-200,20%-30%
Frozen Bottle,2026-09-02,WK 36,Channasandra,Ownly,Dinner,COCO,KA,303.4,0.0,15.18,303.4,0,2,0.0,151.7,100-200,0%
Frozen Bottle,2026-09-02,WK 36,Channasandra,Ownly,Lunch,COCO,KA,162.4,0.0,8.12,162.4,0,1,0.0,162.4,100-200,0%
Frozen Bottle,2026-09-02,WK 36,Channasandra,Swiggy,Dinner,COCO,KA,1754.02,728.98,81.7,2363.0,0,3,30.84976724502751,584.6733333333333,500-600,30%-40%
Frozen Bottle,2026-09-02,WK 36,Channasandra,Swiggy,Lunch,COCO,KA,546.0,274.0,25.8,790.0,0,3,34.68354430379747,182.0,100-200,30%-40%
Frozen Bottle,2026-09-02,WK 36,Channasandra,Swiggy,Snacks,COCO,KA,647.0,243.0,30.86,860.0,0,2,28.255813953488374,323.5,300-400,20%-30%
Frozen Bottle,2026-09-02,WK 36,Channasandra,Zomato,Dinner,COCO,KA,595.1,263.9,29.76,839.0,0,1,31.454112038140643,595.1,500-600,30%-40%
Frozen Bottle,2026-09-02,WK 36,Channasandra,Zomato,Late Night,COCO,KA,183.6,74.4,9.18,248.0,0,1,30.000000000000004,183.6,100-200,30%-40%
Frozen Bottle,2026-09-02,WK 36,Channasandra,Zomato,Snacks,COCO,KA,361.0,169.0,18.060000000000002,510.0,0,2,33.13725490196078,180.5,100-200,30%-40%
Madno,2026-09-02,WK 36,Channasandra,Swiggy,Dinner,COCO,KA,680.0,640.0,32.0,1280.0,0,2,50.0,340.0,300-400,40%-50%
Madno,2026-09-02,WK 36,Channasandra,Swiggy,Lunch,COCO,KA,407.01,63.99,19.36,451.0,0,1,14.188470066518846,407.01,400-500,10%-20%
Madno,2026-09-02,WK 36,Channasandra,Swiggy,Snacks,COCO,KA,450.0,84.33,21.520000000000003,514.3299999999999,0,2,16.396088114634573,225.0,200-300,10%-20%
Madno,2026-09-02,WK 36,Channasandra,Zomato,Late Night,COCO,KA,129.7,51.3,6.48,171.0,0,1,30.0,129.7,100-200,20%-30%
Madno,2026-09-02,WK 36,Channasandra,Zomato,Snacks,COCO,KA,623.0,231.0,31.18,804.0,0,2,28.73134328358209,311.5,300-400,20%-30%
Boba Bar,2026-09-02,WK 36,Chikkabellandur,Swiggy,Late Night,FOFO,KA,207.0,183.0,10.36,390.0,0,1,46.92307692307692,207.0,200-300,40%-50%
Frozen Bottle,2026-09-02,WK 36,Chikkabellandur,In Store,Dinner,FOFO,KA,1273.0,0.0,63.66,1273.0,0,4,0.0,318.25,300-400,0%
Frozen Bottle,2026-09-02,WK 36,Chikkabellandur,In Store,Lunch,FOFO,KA,1063.0,0.0,53.160000000000004,1063.0,0,4,0.0,265.75,200-300,0%
Frozen Bottle,2026-09-02,WK 36,Chikkabellandur,Swiggy,Dinner,FOFO,KA,688.0,60.0,32.9,718.0,0,2,8.356545961002785,344.0,300-400,1%-10%
Frozen Bottle,2026-09-02,WK 36,Chikkabellandur,Swiggy,Snacks,FOFO,KA,1881.12,213.88,90.06,2015.0,0,3,10.61439205955335,627.04,600-900,10%-20%
Frozen Bottle,2026-09-02,WK 36,Chikkabellandur,Zomato,Closing,FOFO,KA,290.0,50.0,14.5,330.0,0,1,15.151515151515152,290.0,200-300,10%-20%
Frozen Bottle,2026-09-02,WK 36,Chikkabellandur,Zomato,Dinner,FOFO,KA,573.2,135.8,28.66,679.0,0,3,20.0,191.0666666666667,100-200,10%-20%
Frozen Bottle,2026-09-02,WK 36,Chikkabellandur,Zomato,Lunch,FOFO,KA,279.0,50.0,13.96,319.0,0,1,15.673981191222571,279.0,200-300,10%-20%
Frozen Bottle,2026-09-02,WK 36,Chikkabellandur,Zomato,Snacks,FOFO,KA,886.2,89.8,44.34,936.0,0,3,9.594017094017094,295.40000000000003,200-300,1%-10%
Madno,2026-09-02,WK 36,Chikkabellandur,Swiggy,Breakfast,FOFO,KA,359.32,162.68,16.96,502.0,0,1,32.40637450199203,359.32,300-400,30%-40%
Madno,2026-09-02,WK 36,Chikkabellandur,Swiggy,Dinner,FOFO,KA,770.9,61.1,37.06,802.0,0,2,7.618453865336658,385.45,300-400,1%-10%
Madno,2026-09-02,WK 36,Chikkabellandur,Swiggy,Late Night,FOFO,KA,387.0,44.0,18.36,411.0,0,2,10.70559610705596,193.5,100-200,10%-20%
Frozen Bottle,2026-09-02,WK 36,Chikkanayakanahalli,In Store,Dinner,FOFO,KA,4002.48,0.0,200.12,4002.48,0,8,0.0,500.31,500-600,0%
Frozen Bottle,2026-09-02,WK 36,Chikkanayakanahalli,In Store,Snacks,FOFO,KA,1115.0,0.0,55.78,1115.0,0,4,0.0,278.75,200-300,0%
Frozen Bottle,2026-09-02,WK 36,Chikkanayakanahalli,Swiggy,Dinner,FOFO,KA,940.0,0.0,45.519999999999996,910.0,0,3,0.0,313.3333333333333,300-400,0%
Frozen Bottle,2026-09-02,WK 36,Chikkanayakanahalli,Zomato,Dinner,FOFO,KA,181.0,0.0,9.06,171.0,0,1,0.0,181.0,100-200,0%
Frozen Bottle,2026-09-02,WK 36,Chikkanayakanahalli,Zomato,Lunch,FOFO,KA,1078.0,0.0,53.92,1038.0,0,3,0.0,359.3333333333333,300-400,0%
Frozen Bottle,2026-09-02,WK 36,City Mall Kota,In Store,Dinner,FOFO,ROI,338.0,0.0,16.9,338.0,0,1,0.0,338.0,300-400,0%
Frozen Bottle,2026-09-02,WK 36,City Mall Kota,In Store,Lunch,FOFO,ROI,388.0,0.0,19.42,388.0,0,2,0.0,194.0,100-200,0%
Frozen Bottle,2026-09-02,WK 36,City Mall Kota,In Store,Snacks,FOFO,ROI,1271.0,0.0,63.6,1271.0,0,7,0.0,181.57142857142858,100-200,0%
Frozen Bottle,2026-09-02,WK 36,City Mall Kota,Zomato,Dinner,FOFO,ROI,1070.0,300.0,53.52,1320.0,0,3,22.727272727272727,356.6666666666667,300-400,20%-30%
Frozen Bottle,2026-09-02,WK 36,DLF Gachibowli,In Store,Closing,FOFO,AP & TL,488.0,0.0,24.42,488.0,0,2,0.0,244.0,200-300,0%
Frozen Bottle,2026-09-02,WK 36,DLF Gachibowli,In Store,Dinner,FOFO,AP & TL,4052.33,0.0,202.68,4052.33,0,16,0.0,253.270625,200-300,0%
Frozen Bottle,2026-09-02,WK 36,DLF Gachibowli,In Store,Late Night,FOFO,AP & TL,891.0,0.0,44.54,891.0,0,4,0.0,222.75,200-300,0%
Frozen Bottle,2026-09-02,WK 36,DLF Gachibowli,In Store,Lunch,FOFO,AP & TL,1784.0,0.0,89.24,1784.0,0,7,0.0,254.85714285714286,200-300,0%
Frozen Bottle,2026-09-02,WK 36,DLF Gachibowli,In Store,Snacks,FOFO,AP & TL,3648.46,0.0,182.5,3648.46,0,14,0.0,260.6042857142857,200-300,0%
Frozen Bottle,2026-09-02,WK 36,DLF Gachibowli,Swiggy,Dinner,FOFO,AP & TL,470.0,0.0,23.0,460.0,0,1,0.0,470.0,400-500,0%
Frozen Bottle,2026-09-02,WK 36,DLF Gachibowli,Swiggy,Snacks,FOFO,AP & TL,209.0,0.0,9.96,199.0,0,1,0.0,209.0,200-300,0%
Frozen Bottle,2026-09-02,WK 36,DLF Gachibowli,Zomato,Dinner,FOFO,AP & TL,581.0,150.0,29.060000000000002,711.0,0,2,21.09704641350211,290.5,200-300,20%-30%
Frozen Bottle,2026-09-02,WK 36,DLF Gachibowli,Zomato,Lunch,FOFO,AP & TL,149.3,59.7,7.46,199.0,0,1,30.0,149.3,100-200,20%-30%
Frozen Bottle,2026-09-02,WK 36,DLF Gachibowli,Zomato,Snacks,FOFO,AP & TL,265.0,75.0,13.26,330.0,0,1,22.727272727272727,265.0,200-300,20%-30%
Boba Bar,2026-09-02,WK 36,Dahisar,Swiggy,Snacks,COCO,MH,158.0,160.0,7.9,318.0,0,1,50.314465408805034,158.0,100-200,50%-60%
Frozen Bottle,2026-09-02,WK 36,Dahisar,In Store,Dinner,COCO,MH,594.96,69.04,29.76,664.0,0,4,10.397590361445785,148.74,100-200,10%-20%
Frozen Bottle,2026-09-02,WK 36,Dahisar,In Store,Lunch,COCO,MH,130.1,143.13,6.5,273.23,0,3,52.38443801925118,43.36666666666667,0-100,50%-60%
Frozen Bottle,2026-09-02,WK 36,Dahisar,In Store,Snacks,COCO,MH,388.1,143.13,19.4,531.23,0,3,26.94313197673324,129.36666666666667,100-200,20%-30%
Frozen Bottle,2026-09-02,WK 36,Dahisar,Swiggy,Dinner,COCO,MH,811.0,457.0,38.06,1218.0,0,3,37.520525451559934,270.3333333333333,200-300,30%-40%
Frozen Bottle,2026-09-02,WK 36,Dahisar,Swiggy,Late Night,COCO,MH,297.0,184.0,13.86,461.0,0,2,39.91323210412148,148.5,100-200,30%-40%
Frozen Bottle,2026-09-02,WK 36,Dahisar,Swiggy,Lunch,COCO,MH,328.0,112.0,15.9,430.0,0,1,26.046511627906977,328.0,300-400,20%-30%
Frozen Bottle,2026-09-02,WK 36,Dahisar,Swiggy,Snacks,COCO,MH,1276.0,784.3299999999999,59.84,1980.33,0,6,39.60602525841652,212.66666666666666,200-300,30%-40%
Frozen Bottle,2026-09-02,WK 36,Dahisar,Zomato,Closing,COCO,MH,190.0,0.0,9.5,180.0,0,1,0.0,190.0,100-200,0%
Frozen Bottle,2026-09-02,WK 36,Dahisar,Zomato,Dinner,COCO,MH,1205.0,1010.0,60.28,2145.0,0,4,47.086247086247084,301.25,300-400,40%-50%
Frozen Bottle,2026-09-02,WK 36,Dahisar,Zomato,Late Night,COCO,MH,1210.75,900.26,60.56,2041.01,0,4,44.10855409821608,302.6875,300-400,40%-50%
Frozen Bottle,2026-09-02,WK 36,Dahisar,Zomato,Snacks,COCO,MH,366.0,215.0,18.32,561.0,0,1,38.32442067736185,366.0,300-400,30%-40%
Madno,2026-09-02,WK 36,Dahisar,Swiggy,Dinner,COCO,MH,465.01,278.84000000000003,23.259999999999998,743.85,0,2,37.486052295489685,232.505,200-300,30%-40%
Madno,2026-09-02,WK 36,Dahisar,Zomato,Dinner,COCO,MH,201.0,0.0,10.06,191.0,0,1,0.0,201.0,200-300,0%
Frozen Bottle,2026-09-02,WK 36,Dhanori,In Store,Snacks,FOFO,MH,297.0,0.0,14.86,297.0,0,1,0.0,297.0,200-300,0%
Frozen Bottle,2026-09-02,WK 36,Dhanori,Swiggy,Dinner,FOFO,MH,441.0,0.0,21.56,431.0,0,1,0.0,441.0,400-500,0%
Frozen Bottle,2026-09-02,WK 36,Dhanori,Swiggy,Snacks,FOFO,MH,911.0,67.0,44.56,958.0,0,2,6.993736951983298,455.5,400-500,1%-10%
Frozen Bottle,2026-09-02,WK 36,Dhanori,Zomato,Dinner,FOFO,MH,1370.3,267.7,68.54,1578.0,0,5,16.964512040557665,274.06,200-300,10%-20%
Frozen Bottle,2026-09-02,WK 36,Dhanori,Zomato,Lunch,FOFO,MH,190.0,0.0,9.5,180.0,0,1,0.0,190.0,100-200,0%
Frozen Bottle,2026-09-02,WK 36,Dhanori,Zomato,Snacks,FOFO,MH,405.0,125.0,20.26,510.0,0,1,24.509803921568626,405.0,400-500,20%-30%
Frozen Bottle,2026-09-02,WK 36,Dharmapuri,In Store,Dinner,FOFO,TN,7930.61,0.0,396.62,7930.61,0,24,0.0,330.4420833333333,300-400,0%
Frozen Bottle,2026-09-02,WK 36,Dharmapuri,In Store,Lunch,FOFO,TN,2087.0,0.0,104.39999999999999,2087.0,0,9,0.0,231.88888888888889,200-300,0%
Frozen Bottle,2026-09-02,WK 36,Dharmapuri,In Store,Snacks,FOFO,TN,3591.41,0.0,179.6,3591.41,0,11,0.0,326.4918181818182,300-400,0%
Frozen Bottle,2026-09-02,WK 36,Dharmapuri,Swiggy,Dinner,FOFO,TN,572.0,0.0,27.6,552.0,0,1,0.0,572.0,500-600,0%
Frozen Bottle,2026-09-02,WK 36,Dharmapuri,Swiggy,Lunch,FOFO,TN,731.0,0.0,35.56,711.0,0,2,0.0,365.5,300-400,0%
Frozen Bottle,2026-09-02,WK 36,Dharmapuri,Swiggy,Snacks,FOFO,TN,1422.0,0.0,68.12,1362.0,0,3,0.0,474.0,400-500,0%
Frozen Bottle,2026-09-02,WK 36,Dindigul,In Store,Dinner,FOFO,TN,1915.8400000000001,0.0,95.8,1915.8400000000001,0,4,0.0,478.96000000000004,400-500,0%
Frozen Bottle,2026-09-02,WK 36,Dindigul,In Store,Lunch,FOFO,TN,718.33,0.0,35.92,718.33,0,1,0.0,718.33,600-900,0%
Frozen Bottle,2026-09-02,WK 36,Dindigul,In Store,Snacks,FOFO,TN,267.0,0.0,13.36,267.0,0,2,0.0,133.5,100-200,0%
Frozen Bottle,2026-09-02,WK 36,Dindigul,Swiggy,Snacks,FOFO,TN,761.0,0.0,36.56,731.0,0,2,0.0,380.5,300-400,0%
Frozen Bottle,2026-09-02,WK 36,Dindigul,Zomato,Lunch,FOFO,TN,959.0,50.0,47.96,979.0,0,2,5.107252298263535,479.5,400-500,1%-10%
Frozen Bottle,2026-09-02,WK 36,Dindigul,Zomato,Snacks,FOFO,TN,231.0,50.0,11.56,271.0,0,1,18.45018450184502,231.0,200-300,10%-20%
Frozen Bottle,2026-09-02,WK 36,Dombivali Experia,In Store,Dinner,FOFO,MH,3717.5,0.0,185.92,3717.5,0,10,0.0,371.75,300-400,0%
Frozen Bottle,2026-09-02,WK 36,Dombivali Experia,In Store,Lunch,FOFO,MH,1509.5,0.0,75.5,1509.5,0,7,0.0,215.64285714285714,200-300,0%
Frozen Bottle,2026-09-02,WK 36,Dombivali Experia,In Store,Snacks,FOFO,MH,2982.5,0.0,149.24,2982.5,0,14,0.0,213.03571428571428,200-300,0%
Frozen Bottle,2026-09-02,WK 36,Dombivali Experia,Swiggy,Snacks,FOFO,MH,370.0,0.0,18.0,360.0,0,1,0.0,370.0,300-400,0%
Frozen Bottle,2026-09-02,WK 36,Dombivali Experia,Zomato,Dinner,FOFO,MH,1939.0,392.0,96.96,2261.0,0,3,17.3374613003096,646.3333333333334,600-900,10%-20%
Frozen Bottle,2026-09-02,WK 36,Edappally,In Store,Closing,FOFO,Kerela,717.0,0.0,35.84,717.0,0,1,0.0,717.0,600-900,0%
Frozen Bottle,2026-09-02,WK 36,Edappally,In Store,Dinner,FOFO,Kerela,2070.0,0.0,103.52,2070.0,0,6,0.0,345.0,300-400,0%
Frozen Bottle,2026-09-02,WK 36,Edappally,In Store,Late Night,FOFO,Kerela,577.0,0.0,28.86,577.0,0,2,0.0,288.5,200-300,0%
Frozen Bottle,2026-09-02,WK 36,Edappally,In Store,Lunch,FOFO,Kerela,288.0,0.0,14.420000000000002,288.0,0,2,0.0,144.0,100-200,0%
Frozen Bottle,2026-09-02,WK 36,Edappally,In Store,Snacks,FOFO,Kerela,398.0,0.0,19.9,398.0,0,1,0.0,398.0,300-400,0%
Frozen Bottle,2026-09-02,WK 36,Edappally,Swiggy,Closing,FOFO,Kerela,362.0,0.0,17.1,342.0,0,1,0.0,362.0,300-400,0%
Frozen Bottle,2026-09-02,WK 36,Edappally,Swiggy,Dinner,FOFO,Kerela,1876.0,60.0,90.82,1876.0,0,4,3.1982942430703627,469.0,400-500,1%-10%
Frozen Bottle,2026-09-02,WK 36,Edappally,Swiggy,Snacks,FOFO,Kerela,417.0,180.0,20.86,597.0,0,1,30.15075376884422,417.0,400-500,30%-40%
Frozen Bottle,2026-09-02,WK 36,Edappally,Zomato,Closing,FOFO,Kerela,400.0,0.0,20.0,390.0,0,1,0.0,400.0,300-400,0%
Frozen Bottle,2026-09-02,WK 36,Edappally,Zomato,Snacks,FOFO,Kerela,680.0,0.0,34.0,660.0,0,1,0.0,680.0,600-900,0%
Boba Bar,2026-09-02,WK 36,Electronic city,In Store,Dinner,FOFO,KA,249.0,0.0,12.46,249.0,0,1,0.0,249.0,200-300,0%
Boba Bar,2026-09-02,WK 36,Electronic city,Swiggy,Dinner,FOFO,KA,329.0,189.99,15.46,498.99,0,2,38.07491132086815,164.5,100-200,30%-40%
Boba Bar,2026-09-02,WK 36,Electronic city,Swiggy,Lunch,FOFO,KA,607.0,306.85,27.86,863.85,0,1,35.52121317358338,607.0,600-900,30%-40%
Boba Bar,2026-09-02,WK 36,Electronic city,Swiggy,Snacks,FOFO,KA,226.25,63.75,10.82,280.0,0,1,22.767857142857142,226.25,200-300,20%-30%
Boba Bar,2026-09-02,WK 36,Electronic city,Zomato,Dinner,FOFO,KA,230.0,100.0,11.5,320.0,0,1,31.25,230.0,200-300,30%-40%
Boba Bar,2026-09-02,WK 36,Electronic city,Zomato,Snacks,FOFO,KA,690.0,0.0,34.5,670.0,0,1,0.0,690.0,600-900,0%
Frozen Bottle,2026-09-02,WK 36,Electronic city,In Store,Dinner,FOFO,KA,1786.56,0.0,89.36,1786.56,0,7,0.0,255.22285714285712,200-300,0%
Frozen Bottle,2026-09-02,WK 36,Electronic city,In Store,Late Night,FOFO,KA,1645.0,0.0,82.25999999999999,1645.0,0,3,0.0,548.3333333333334,500-600,0%
Frozen Bottle,2026-09-02,WK 36,Electronic city,In Store,Lunch,FOFO,KA,1468.12,0.0,73.42,1468.12,0,4,0.0,367.03,300-400,0%
Frozen Bottle,2026-09-02,WK 36,Electronic city,In Store,Snacks,FOFO,KA,564.1800000000001,0.0,28.220000000000002,564.1800000000001,0,3,0.0,188.06000000000003,100-200,0%
Frozen Bottle,2026-09-02,WK 36,Electronic city,Others,Dinner,FOFO,KA,440.39,240.61,22.02,661.0,0,1,36.400907715582456,440.39,400-500,30%-40%
Frozen Bottle,2026-09-02,WK 36,Electronic city,Swiggy,Closing,FOFO,KA,351.0,0.0,16.56,331.0,0,1,0.0,351.0,300-400,0%
Frozen Bottle,2026-09-02,WK 36,Electronic city,Swiggy,Dinner,FOFO,KA,2374.41,359.59,114.22,2644.0,0,5,13.600226928895612,474.88199999999995,400-500,10%-20%
Frozen Bottle,2026-09-02,WK 36,Electronic city,Swiggy,Late Night,FOFO,KA,680.24,147.76,32.519999999999996,798.0,0,3,18.51629072681704,226.74666666666667,200-300,10%-20%
Frozen Bottle,2026-09-02,WK 36,Electronic city,Swiggy,Lunch,FOFO,KA,979.0,152.0,46.96,1091.0,0,4,13.932172318973418,244.75,200-300,10%-20%
Frozen Bottle,2026-09-02,WK 36,Electronic city,Swiggy,Snacks,FOFO,KA,1256.04,214.96,60.3,1421.0,0,4,15.127375087966222,314.01,300-400,10%-20%
Frozen Bottle,2026-09-02,WK 36,Electronic city,Zomato,Closing,FOFO,KA,109.0,100.0,5.46,199.0,0,1,50.25125628140703,109.0,100-200,50%-60%
Frozen Bottle,2026-09-02,WK 36,Electronic city,Zomato,Dinner,FOFO,KA,2337.57,705.28,116.92,2932.85,0,10,24.047598752067103,233.757,200-300,20%-30%
Frozen Bottle,2026-09-02,WK 36,Electronic city,Zomato,Late Night,FOFO,KA,1550.3,731.7,77.53999999999999,2202.0,0,7,33.228882833787466,221.47142857142856,200-300,30%-40%
Frozen Bottle,2026-09-02,WK 36,Electronic city,Zomato,Lunch,FOFO,KA,455.0,75.0,22.759999999999998,510.0,0,2,14.705882352941178,227.5,200-300,10%-20%
Frozen Bottle,2026-09-02,WK 36,Electronic city,Zomato,Snacks,FOFO,KA,1119.0,331.0,55.980000000000004,1390.0,0,6,23.81294964028777,186.5,100-200,20%-30%
Madno,2026-09-02,WK 36,Electronic city,Zomato,Dinner,FOFO,KA,492.0,160.0,24.62,622.0,0,3,25.723472668810288,164.0,100-200,20%-30%
Madno,2026-09-02,WK 36,Electronic city,Zomato,Late Night,FOFO,KA,917.0,205.0,45.86,1082.0,0,3,18.946395563770796,305.6666666666667,300-400,10%-20%
Madno,2026-09-02,WK 36,Electronic city,Zomato,Lunch,FOFO,KA,461.0,130.0,23.060000000000002,571.0,0,2,22.76707530647986,230.5,200-300,20%-30%
Boba Bar,2026-09-02,WK 36,Erode,Swiggy,Dinner,COCO,TN,310.0,290.0,14.5,580.0,0,1,50.0,310.0,300-400,40%-50%
Boba Bar,2026-09-02,WK 36,Erode,Swiggy,Late Night,COCO,TN,202.0,68.0,9.6,260.0,0,1,26.153846153846157,202.0,200-300,20%-30%
Boba Bar,2026-09-02,WK 36,Erode,Swiggy,Snacks,COCO,TN,89.0,80.0,3.96,159.0,0,1,50.314465408805034,89.0,0-100,50%-60%
Boba Bar,2026-09-02,WK 36,Erode,Zomato,Lunch,COCO,TN,398.5,129.5,19.92,518.0,0,1,25.0,398.5,300-400,20%-30%
Boba Bar,2026-09-02,WK 36,Erode,Zomato,Snacks,COCO,TN,105.0,95.0,5.26,190.0,0,1,50.0,105.0,100-200,40%-50%
Frozen Bottle,2026-09-02,WK 36,Erode,In Store,Dinner,COCO,TN,2703.0,0.0,135.22,2703.0,0,11,0.0,245.72727272727272,200-300,0%
Frozen Bottle,2026-09-02,WK 36,Erode,In Store,Snacks,COCO,TN,487.0,0.0,24.36,487.0,0,2,0.0,243.5,200-300,0%
Frozen Bottle,2026-09-02,WK 36,Erode,Swiggy,Dinner,COCO,TN,2920.01,1250.99,139.06,4031.0,0,10,31.03423468122054,292.00100000000003,200-300,30%-40%
Frozen Bottle,2026-09-02,WK 36,Erode,Swiggy,Late Night,COCO,TN,2319.01,447.99,112.47999999999999,2697.0,0,5,16.610678531701893,463.802,400-500,10%-20%
Frozen Bottle,2026-09-02,WK 36,Erode,Swiggy,Lunch,COCO,TN,1157.0,792.0,53.9,1869.0,0,6,42.375601926163725,192.83333333333334,100-200,40%-50%
Frozen Bottle,2026-09-02,WK 36,Erode,Swiggy,Snacks,COCO,TN,1808.02,804.98,84.92,2503.0,0,4,32.16060727127447,452.005,400-500,30%-40%
Frozen Bottle,2026-09-02,WK 36,Erode,Zomato,Dinner,COCO,TN,1353.0,315.0,67.66,1608.0,0,4,19.58955223880597,338.25,300-400,10%-20%
Frozen Bottle,2026-09-02,WK 36,Erode,Zomato,Lunch,COCO,TN,696.0,433.0,34.8,1089.0,0,3,39.76124885215794,232.0,200-300,30%-40%
Frozen Bottle,2026-09-02,WK 36,Erode,Zomato,Snacks,COCO,TN,863.35,390.5,43.2,1193.85,0,5,32.70930183858944,172.67000000000002,100-200,30%-40%
Madno,2026-09-02,WK 36,Erode,Swiggy,Dinner,COCO,TN,1358.0,713.0,64.4,2001.0,0,3,35.63218390804598,452.6666666666667,400-500,30%-40%
Madno,2026-09-02,WK 36,Erode,Swiggy,Late Night,COCO,TN,172.0,68.0,8.1,230.0,0,1,29.565217391304348,172.0,100-200,20%-30%
Madno,2026-09-02,WK 36,Erode,Swiggy,Snacks,COCO,TN,652.0,239.0,30.599999999999998,851.0,0,4,28.08460634547591,163.0,100-200,20%-30%
Madno,2026-09-02,WK 36,Erode,Zomato,Dinner,COCO,TN,376.5,155.5,18.84,502.0,0,2,30.976095617529882,188.25,100-200,30%-40%
Madno,2026-09-02,WK 36,Erode,Zomato,Lunch,COCO,TN,540.0,80.0,27.0,600.0,0,2,13.333333333333334,270.0,200-300,10%-20%
Madno,2026-09-02,WK 36,Erode,Zomato,Snacks,COCO,TN,256.5,145.5,12.84,382.0,0,1,38.089005235602095,256.5,200-300,30%-40%
Boba Bar,2026-09-02,WK 36,Express Avenue Mall,Swiggy,Late Night,COCO,TN,689.5,293.5,32.480000000000004,943.0,0,3,31.12407211028632,229.83333333333334,200-300,30%-40%
Boba Bar,2026-09-02,WK 36,Express Avenue Mall,Swiggy,Snacks,COCO,TN,222.0,68.0,10.6,280.0,0,1,24.285714285714285,222.0,200-300,20%-30%
Boba Bar,2026-09-02,WK 36,Express Avenue Mall,Zomato,Dinner,COCO,TN,545.4,357.61,27.28,863.01,0,1,41.43752679574976,545.4,500-600,40%-50%
Frozen Bottle,2026-09-02,WK 36,Express Avenue Mall,In Store,Breakfast,COCO,TN,129.0,0.0,6.46,129.0,0,1,0.0,129.0,100-200,0%
Frozen Bottle,2026-09-02,WK 36,Express Avenue Mall,In Store,Dinner,COCO,TN,1631.97,529.1800000000001,81.62,2161.15,0,15,24.48603752631701,108.798,100-200,20%-30%
Frozen Bottle,2026-09-02,WK 36,Express Avenue Mall,In Store,Lunch,COCO,TN,1833.23,0.0,91.7,1833.23,0,8,0.0,229.15375,200-300,0%
Frozen Bottle,2026-09-02,WK 36,Express Avenue Mall,In Store,Snacks,COCO,TN,4049.7599999999998,414.24,202.56,4464.0,0,18,9.27956989247312,224.98666666666665,200-300,1%-10%
Frozen Bottle,2026-09-02,WK 36,Express Avenue Mall,Swiggy,Dinner,COCO,TN,3805.0,1658.0,181.3,5283.0,0,7,31.383683513155404,543.5714285714286,500-600,30%-40%
Frozen Bottle,2026-09-02,WK 36,Express Avenue Mall,Swiggy,Late Night,COCO,TN,278.0,202.0,12.9,460.0,0,1,43.913043478260875,278.0,200-300,40%-50%
Frozen Bottle,2026-09-02,WK 36,Express Avenue Mall,Swiggy,Lunch,COCO,TN,782.0,488.0,38.1,1250.0,0,3,39.04,260.6666666666667,200-300,30%-40%
Frozen Bottle,2026-09-02,WK 36,Express Avenue Mall,Swiggy,Snacks,COCO,TN,118.0,122.0,5.4,230.0,0,1,53.04347826086957,118.0,100-200,50%-60%
Frozen Bottle,2026-09-02,WK 36,Express Avenue Mall,Zomato,Dinner,COCO,TN,1515.0,515.0,75.78,1970.0,0,4,26.14213197969543,378.75,300-400,20%-30%
Frozen Bottle,2026-09-02,WK 36,Express Avenue Mall,Zomato,Late Night,COCO,TN,190.0,100.0,9.5,280.0,0,1,35.714285714285715,190.0,100-200,30%-40%
Frozen Bottle,2026-09-02,WK 36,Express Avenue Mall,Zomato,Lunch,COCO,TN,415.0,115.0,20.76,510.0,0,1,22.54901960784314,415.0,400-500,20%-30%
Madno,2026-09-02,WK 36,Express Avenue Mall,Swiggy,Dinner,COCO,TN,415.25,65.75,20.28,471.0,0,2,13.959660297239914,207.625,200-300,10%-20%
Madno,2026-09-02,WK 36,Express Avenue Mall,Zomato,Dinner,COCO,TN,160.0,80.0,8.0,230.0,0,1,34.78260869565217,160.0,100-200,30%-40%
Madno,2026-09-02,WK 36,Express Avenue Mall,Zomato,Late Night,COCO,TN,755.5,195.5,37.78,911.0,0,3,21.45993413830955,251.83333333333334,200-300,20%-30%
Madno,2026-09-02,WK 36,Express Avenue Mall,Zomato,Snacks,COCO,TN,255.0,75.0,12.76,320.0,0,1,23.4375,255.0,200-300,20%-30%
Frozen Bottle,2026-09-02,WK 36,FC Road,In Store,Dinner,FOFO,MH,796.0,0.0,39.82,796.0,0,3,0.0,265.3333333333333,200-300,0%
Frozen Bottle,2026-09-02,WK 36,FC Road,In Store,Lunch,FOFO,MH,947.5,53.5,47.38,1001.0,0,3,5.344655344655345,315.8333333333333,300-400,1%-10%
Frozen Bottle,2026-09-02,WK 36,FC Road,In Store,Snacks,FOFO,MH,910.5,92.5,45.54,1003.0,0,4,9.22233300099701,227.625,200-300,1%-10%
Frozen Bottle,2026-09-02,WK 36,FC Road,Swiggy,Dinner,FOFO,MH,1262.01,345.99,60.14,1548.0,0,4,22.35077519379845,315.5025,300-400,20%-30%
Frozen Bottle,2026-09-02,WK 36,FC Road,Swiggy,Snacks,FOFO,MH,139.0,121.0,6.46,250.0,0,1,48.4,139.0,100-200,40%-50%
Frozen Bottle,2026-09-02,WK 36,FC Road,Zomato,Dinner,FOFO,MH,860.0,0.0,43.02,830.0,0,2,0.0,430.0,400-500,0%
Frozen Bottle,2026-09-02,WK 36,FC Road,Zomato,Snacks,FOFO,MH,540.0,0.0,27.0,520.0,0,1,0.0,540.0,500-600,0%
Frozen Bottle,2026-09-02,WK 36,Flipkart,In Store,Dinner,FOFO,KA,327.0,0.0,16.36,327.0,0,2,0.0,163.5,100-200,0%
Frozen Bottle,2026-09-02,WK 36,Flipkart,In Store,Lunch,FOFO,KA,2371.0,0.0,118.7,2371.0,0,16,0.0,148.1875,100-200,0%
Frozen Bottle,2026-09-02,WK 36,Flipkart,In Store,Snacks,FOFO,KA,2677.0,0.0,134.0,2677.0,0,18,0.0,148.72222222222223,100-200,0%
Boba Bar,2026-09-02,WK 36,Frazer Town,Swiggy,Dinner,COCO,KA,158.0,61.0,7.9,219.0,0,1,27.85388127853881,158.0,100-200,20%-30%
Boba Bar,2026-09-02,WK 36,Frazer Town,Swiggy,Snacks,COCO,KA,162.0,68.0,7.6,220.0,0,1,30.909090909090907,162.0,100-200,30%-40%
Frozen Bottle,2026-09-02,WK 36,Frazer Town,In Store,Dinner,COCO,KA,1777.0,0.0,88.88,1777.0,0,6,0.0,296.1666666666667,200-300,0%
Frozen Bottle,2026-09-02,WK 36,Frazer Town,In Store,Lunch,COCO,KA,413.83000000000004,212.17,20.700000000000003,626.0,0,2,33.89297124600639,206.91500000000002,200-300,30%-40%
Frozen Bottle,2026-09-02,WK 36,Frazer Town,In Store,Snacks,COCO,KA,481.83,212.17000000000002,24.1,694.0,0,5,30.572046109510087,96.366,0-100,30%-40%
Frozen Bottle,2026-09-02,WK 36,Frazer Town,Swiggy,Breakfast,COCO,KA,926.02,223.98,44.3,1110.0,0,2,20.17837837837838,463.01,400-500,20%-30%
Frozen Bottle,2026-09-02,WK 36,Frazer Town,Swiggy,Dinner,COCO,KA,1714.0,734.0,83.24000000000001,2398.0,0,5,30.608840700583823,342.8,300-400,30%-40%
Frozen Bottle,2026-09-02,WK 36,Frazer Town,Swiggy,Late Night,COCO,KA,178.0,112.0,8.4,280.0,0,1,40.0,178.0,100-200,30%-40%
Frozen Bottle,2026-09-02,WK 36,Frazer Town,Swiggy,Lunch,COCO,KA,532.0,437.0,25.1,939.0,0,4,46.53887113951012,133.0,100-200,40%-50%
Frozen Bottle,2026-09-02,WK 36,Frazer Town,Swiggy,Snacks,COCO,KA,1062.0,618.0,50.1,1620.0,0,4,38.148148148148145,265.5,200-300,30%-40%
Frozen Bottle,2026-09-02,WK 36,Frazer Town,Zomato,Lunch,COCO,KA,457.14,413.5,22.86,830.64,0,3,49.78089184243475,152.38,100-200,40%-50%
Frozen Bottle,2026-09-02,WK 36,Frazer Town,Zomato,Snacks,COCO,KA,770.0,730.0,38.5,1460.0,0,2,50.0,385.0,300-400,40%-50%
Madno,2026-09-02,WK 36,Frazer Town,Swiggy,Dinner,COCO,KA,851.7,433.0,40.1,1234.7,0,5,35.069247590507814,170.34,100-200,30%-40%
Madno,2026-09-02,WK 36,Frazer Town,Swiggy,Snacks,COCO,KA,160.0,70.0,8.0,230.0,0,1,30.434782608695656,160.0,100-200,30%-40%
Madno,2026-09-02,WK 36,Frazer Town,Zomato,Breakfast,COCO,KA,200.0,0.0,10.0,190.0,0,1,0.0,200.0,100-200,0%
Frozen Bottle,2026-09-02,WK 36,GIP GOA,In Store,Dinner,FOFO,ROI,1090.0,0.0,54.54,1090.0,0,5,0.0,218.0,200-300,0%
Frozen Bottle,2026-09-02,WK 36,GIP GOA,In Store,Snacks,FOFO,ROI,358.0,0.0,17.9,358.0,0,1,0.0,358.0,300-400,0%
Frozen Bottle,2026-09-02,WK 36,Gangadham,In Store,Closing,FOFO,MH,199.0,0.0,9.96,199.0,0,1,0.0,199.0,100-200,0%
Frozen Bottle,2026-09-02,WK 36,Gangadham,In Store,Dinner,FOFO,MH,1123.0,0.0,56.2,1123.0,0,5,0.0,224.6,200-300,0%
Frozen Bottle,2026-09-02,WK 36,Gangadham,In Store,Late Night,FOFO,MH,587.0,0.0,29.36,587.0,0,1,0.0,587.0,500-600,0%
Frozen Bottle,2026-09-02,WK 36,Gangadham,In Store,Lunch,FOFO,MH,99.0,0.0,4.96,99.0,0,1,0.0,99.0,0-100,0%
Frozen Bottle,2026-09-02,WK 36,Gangadham,Swiggy,Dinner,FOFO,MH,1636.0,685.0,77.8,2241.0,0,3,30.566711289602853,545.3333333333334,500-600,30%-40%
Frozen Bottle,2026-09-02,WK 36,Gangadham,Swiggy,Lunch,FOFO,MH,377.0,333.0,17.88,690.0,0,3,48.26086956521739,125.66666666666667,100-200,40%-50%
Frozen Bottle,2026-09-02,WK 36,Gangadham,Swiggy,Snacks,FOFO,MH,218.0,262.0,9.9,460.0,0,1,56.95652173913044,218.0,200-300,50%-60%
Frozen Bottle,2026-09-02,WK 36,Gangadham,Zomato,Dinner,FOFO,MH,2512.0,719.0,125.62,3111.0,0,7,23.11153969784635,358.85714285714283,300-400,20%-30%
Frozen Bottle,2026-09-02,WK 36,Gangadham,Zomato,Late Night,FOFO,MH,190.0,0.0,9.5,180.0,0,1,0.0,190.0,100-200,0%
Frozen Bottle,2026-09-02,WK 36,Gangadham,Zomato,Lunch,FOFO,MH,654.0,225.0,32.699999999999996,849.0,0,2,26.501766784452297,327.0,300-400,20%-30%
Frozen Bottle,2026-09-02,WK 36,Gangadham,Zomato,Snacks,FOFO,MH,349.0,200.0,17.46,529.0,0,2,37.80718336483932,174.5,100-200,30%-40%
Madno,2026-09-02,WK 36,Gangadham,Swiggy,Lunch,FOFO,MH,228.0,152.0,11.4,380.0,0,1,40.0,228.0,200-300,30%-40%
Madno,2026-09-02,WK 36,Gangadham,Zomato,Snacks,FOFO,MH,362.0,0.0,18.12,342.0,0,1,0.0,362.0,300-400,0%
Boba Bar,2026-09-02,WK 36,Guduvanchery,Swiggy,Snacks,COCO,TN,538.0,332.0,25.4,840.0,0,2,39.523809523809526,269.0,200-300,30%-40%
Boba Bar,2026-09-02,WK 36,Guduvanchery,Zomato,Dinner,COCO,TN,301.0,0.0,15.06,291.0,0,1,0.0,301.0,300-400,0%
Boba Bar,2026-09-02,WK 36,Guduvanchery,Zomato,Snacks,COCO,TN,300.0,280.0,15.0,560.0,0,1,50.0,300.0,200-300,40%-50%
Frozen Bottle,2026-09-02,WK 36,Guduvanchery,In Store,Dinner,COCO,TN,2306.85,493.38,115.4,2800.23,0,16,17.619266988783064,144.178125,100-200,10%-20%
Frozen Bottle,2026-09-02,WK 36,Guduvanchery,In Store,Lunch,COCO,TN,2649.23,0.0,132.48000000000002,2649.23,0,9,0.0,294.3588888888889,200-300,0%
Frozen Bottle,2026-09-02,WK 36,Guduvanchery,In Store,Snacks,COCO,TN,4228.58,562.4200000000001,211.52,4791.0,0,24,11.739094134836153,176.19083333333333,100-200,10%-20%
Frozen Bottle,2026-09-02,WK 36,Guduvanchery,Swiggy,Dinner,COCO,TN,2946.01,1378.65,139.86,4174.66,0,11,33.02424628592509,267.8190909090909,200-300,30%-40%
Frozen Bottle,2026-09-02,WK 36,Guduvanchery,Swiggy,Late Night,COCO,TN,438.0,112.0,20.9,530.0,0,2,21.132075471698116,219.0,200-300,20%-30%
Frozen Bottle,2026-09-02,WK 36,Guduvanchery,Swiggy,Lunch,COCO,TN,118.0,122.0,5.4,230.0,0,1,53.04347826086957,118.0,100-200,50%-60%
Frozen Bottle,2026-09-02,WK 36,Guduvanchery,Swiggy,Snacks,COCO,TN,1368.01,712.99,64.92,2011.0,0,6,35.45450024863252,228.00166666666667,200-300,30%-40%
Frozen Bottle,2026-09-02,WK 36,Guduvanchery,Zomato,Dinner,COCO,TN,314.1,234.9,15.72,529.0,0,1,44.40453686200378,314.1,300-400,40%-50%
Frozen Bottle,2026-09-02,WK 36,Guduvanchery,Zomato,Late Night,COCO,TN,115.92,105.93,5.8,211.85,0,1,50.00236016049092,115.92,100-200,50%-60%
Frozen Bottle,2026-09-02,WK 36,Guduvanchery,Zomato,Lunch,COCO,TN,963.2,346.8,48.2,1270.0,0,3,27.307086614173233,321.06666666666666,300-400,20%-30%
Frozen Bottle,2026-09-02,WK 36,Guduvanchery,Zomato,Snacks,COCO,TN,1343.1,595.9,67.14,1869.0,0,3,31.883360085607276,447.7,400-500,30%-40%
Madno,2026-09-02,WK 36,Guduvanchery,Swiggy,Dinner,COCO,TN,360.0,170.0,17.0,510.0,0,2,33.33333333333333,180.0,100-200,30%-40%
Madno,2026-09-02,WK 36,Guduvanchery,Swiggy,Lunch,COCO,TN,830.0,251.32999999999998,40.5,1061.33,0,3,23.680664826208623,276.6666666666667,200-300,20%-30%
Madno,2026-09-02,WK 36,Guduvanchery,Swiggy,Snacks,COCO,TN,226.25,63.75,10.82,280.0,0,1,22.767857142857142,226.25,200-300,20%-30%
Madno,2026-09-02,WK 36,Guduvanchery,Zomato,Dinner,COCO,TN,867.0,335.0,43.379999999999995,1162.0,0,2,28.82960413080895,433.5,400-500,20%-30%
Frozen Bottle,2026-09-02,WK 36,Gunjur,In Store,Dinner,COCO,KA,1768.23,128.27,88.44,1896.5,0,8,6.76351173213815,221.02875,200-300,1%-10%
Frozen Bottle,2026-09-02,WK 36,Gunjur,In Store,Lunch,COCO,KA,378.0,0.0,18.92,378.0,0,2,0.0,189.0,100-200,0%
Frozen Bottle,2026-09-02,WK 36,Gunjur,In Store,Snacks,COCO,KA,1016.9200000000001,143.13,50.86,1160.05,0,5,12.338261281841302,203.38400000000001,200-300,10%-20%
Frozen Bottle,2026-09-02,WK 36,Gunjur,Swiggy,Breakfast,COCO,KA,191.0,0.0,9.06,181.0,0,1,0.0,191.0,100-200,0%
Frozen Bottle,2026-09-02,WK 36,Gunjur,Swiggy,Dinner,COCO,KA,2171.01,647.99,103.56,2719.0,0,6,23.83192350128724,361.83500000000004,300-400,20%-30%
Frozen Bottle,2026-09-02,WK 36,Gunjur,Swiggy,Late Night,COCO,KA,218.0,173.0,9.9,371.0,0,1,46.63072776280324,218.0,200-300,40%-50%
Frozen Bottle,2026-09-02,WK 36,Gunjur,Swiggy,Snacks,COCO,KA,1782.01,223.99,85.62,1936.0,0,5,11.569731404958677,356.402,300-400,10%-20%
Frozen Bottle,2026-09-02,WK 36,Gunjur,Zomato,Dinner,COCO,KA,217.0,223.0,10.86,430.0,0,1,51.86046511627907,217.0,200-300,50%-60%
Frozen Bottle,2026-09-02,WK 36,Gunjur,Zomato,Lunch,COCO,KA,1250.7,534.14,62.58,1734.84,0,2,30.789006478983655,625.35,600-900,30%-40%
Madno,2026-09-02,WK 36,Gunjur,Ownly,Dinner,COCO,KA,396.0,0.0,19.8,396.0,0,2,0.0,198.0,100-200,0%
Madno,2026-09-02,WK 36,Gunjur,Ownly,Lunch,COCO,KA,195.0,0.0,9.76,195.0,0,1,0.0,195.0,100-200,0%
Madno,2026-09-02,WK 36,Gunjur,Swiggy,Dinner,COCO,KA,118.0,53.0,5.9,171.0,0,1,30.994152046783626,118.0,100-200,30%-40%
Madno,2026-09-02,WK 36,Gunjur,Zomato,Dinner,COCO,KA,240.0,50.0,12.0,280.0,0,1,17.857142857142858,240.0,200-300,10%-20%
Madno,2026-09-02,WK 36,Gunjur,Zomato,Lunch,COCO,KA,240.0,50.0,12.0,280.0,0,1,17.857142857142858,240.0,200-300,10%-20%
Madno,2026-09-02,WK 36,Gunjur,Zomato,Snacks,COCO,KA,1307.5,746.5,65.4,1974.0,0,5,37.81661600810537,261.5,200-300,30%-40%
Frozen Bottle,2026-09-02,WK 36,Guwahati,In Store,Dinner,FOFO,ROI,3192.0,0.0,159.68,3192.0,0,13,0.0,245.53846153846155,200-300,0%
Frozen Bottle,2026-09-02,WK 36,Guwahati,In Store,Lunch,FOFO,ROI,207.0,0.0,10.36,207.0,0,2,0.0,103.5,100-200,0%
Frozen Bottle,2026-09-02,WK 36,Guwahati,In Store,Snacks,FOFO,ROI,4127.0,0.0,206.4,4127.0,0,12,0.0,343.9166666666667,300-400,0%
Frozen Bottle,2026-09-02,WK 36,Guwahati,Swiggy,Dinner,FOFO,ROI,321.0,0.0,15.56,311.0,0,1,0.0,321.0,300-400,0%
Frozen Bottle,2026-09-02,WK 36,Guwahati,Zomato,Dinner,FOFO,ROI,209.0,0.0,10.46,199.0,0,1,0.0,209.0,200-300,0%
Frozen Bottle,2026-09-02,WK 36,Gwalior,In Store,Dinner,FOFO,ROI,2468.34,0.0,123.46000000000001,2468.34,0,12,0.0,205.69500000000002,200-300,0%
Frozen Bottle,2026-09-02,WK 36,Gwalior,In Store,Lunch,FOFO,ROI,574.0,0.0,28.700000000000003,574.0,0,3,0.0,191.33333333333334,100-200,0%
Frozen Bottle,2026-09-02,WK 36,Gwalior,In Store,Snacks,FOFO,ROI,2307.95,0.0,115.42,2307.95,0,7,0.0,329.70714285714286,300-400,0%
Frozen Bottle,2026-09-02,WK 36,Gwalior,Zomato,Dinner,FOFO,ROI,256.5,105.5,12.84,342.0,0,1,30.84795321637427,256.5,200-300,30%-40%
Frozen Bottle,2026-09-02,WK 36,Gwalior,Zomato,Lunch,FOFO,ROI,388.0,92.0,19.4,460.0,0,2,20.0,194.0,100-200,10%-20%
Boba Bar,2026-09-02,WK 36,HSR Layout,Swiggy,Dinner,COCO,KA,332.0,138.0,15.620000000000001,450.0,0,2,30.666666666666664,166.0,100-200,30%-40%
Frozen Bottle,2026-09-02,WK 36,HSR Layout,In Store,Dinner,COCO,KA,2890.4300000000003,1200.1,144.54,4090.5299999999997,0,15,29.338496478451447,192.69533333333337,100-200,20%-30%
Frozen Bottle,2026-09-02,WK 36,HSR Layout,In Store,Lunch,COCO,KA,1399.81,457.18999999999994,70.04,1857.0,0,7,24.619816908993,199.97285714285712,100-200,20%-30%
Frozen Bottle,2026-09-02,WK 36,HSR Layout,In Store,Snacks,COCO,KA,1156.12,319.11,57.82,1475.23,0,9,21.63120326999858,128.45777777777778,100-200,20%-30%
Frozen Bottle,2026-09-02,WK 36,HSR Layout,Ownly,Dinner,COCO,KA,1028.5,0.0,51.44,1028.5,0,4,0.0,257.125,200-300,0%
Frozen Bottle,2026-09-02,WK 36,HSR Layout,Ownly,Late Night,COCO,KA,457.8,0.0,22.9,457.8,0,3,0.0,152.6,100-200,0%
Frozen Bottle,2026-09-02,WK 36,HSR Layout,Swiggy,Breakfast,COCO,KA,168.0,112.0,7.9,270.0,0,1,41.48148148148148,168.0,100-200,40%-50%
Frozen Bottle,2026-09-02,WK 36,HSR Layout,Swiggy,Dinner,COCO,KA,2335.01,383.99,111.76,2619.0,0,8,14.661702940053456,291.87625,200-300,10%-20%
Frozen Bottle,2026-09-02,WK 36,HSR Layout,Swiggy,Late Night,COCO,KA,2152.01,868.3199999999999,101.12,2890.33,0,9,30.04224431120322,239.11222222222224,200-300,30%-40%
Frozen Bottle,2026-09-02,WK 36,HSR Layout,Swiggy,Lunch,COCO,KA,570.0,568.0,27.02,1108.0,0,3,51.26353790613718,190.0,100-200,50%-60%
Frozen Bottle,2026-09-02,WK 36,HSR Layout,Swiggy,Snacks,COCO,KA,444.0,406.0,20.200000000000003,810.0,0,2,50.123456790123456,222.0,200-300,50%-60%
Frozen Bottle,2026-09-02,WK 36,HSR Layout,Zomato,Breakfast,COCO,KA,190.0,0.0,9.5,180.0,0,1,0.0,190.0,100-200,0%
Frozen Bottle,2026-09-02,WK 36,HSR Layout,Zomato,Dinner,COCO,KA,2374.0,1145.0,118.76,3389.0,0,11,33.7857775154913,215.8181818181818,200-300,30%-40%
Frozen Bottle,2026-09-02,WK 36,HSR Layout,Zomato,Late Night,COCO,KA,1585.4,494.6,79.3,2000.0,0,6,24.73,264.23333333333335,200-300,20%-30%
Frozen Bottle,2026-09-02,WK 36,HSR Layout,Zomato,Lunch,COCO,KA,901.4,700.6,45.1,1552.0,0,4,45.141752577319586,225.35,200-300,40%-50%
Frozen Bottle,2026-09-02,WK 36,HSR Layout,Zomato,Snacks,COCO,KA,1199.85,100.0,60.02,1239.85,0,5,8.065491793362101,239.96999999999997,200-300,1%-10%
Madno,2026-09-02,WK 36,HSR Layout,Swiggy,Dinner,COCO,KA,1164.6,534.06,56.26,1658.6599999999999,0,7,32.19828053971278,166.37142857142857,100-200,30%-40%
Madno,2026-09-02,WK 36,HSR Layout,Swiggy,Late Night,COCO,KA,332.0,68.0,15.6,380.0,0,1,17.894736842105264,332.0,300-400,10%-20%
Madno,2026-09-02,WK 36,HSR Layout,Zomato,Dinner,COCO,KA,740.0,300.0,37.019999999999996,1000.0,0,3,30.0,246.66666666666666,200-300,20%-30%
Madno,2026-09-02,WK 36,HSR Layout,Zomato,Late Night,COCO,KA,251.0,221.0,12.56,442.0,0,1,50.0,251.0,200-300,40%-50%
Madno,2026-09-02,WK 36,HSR Layout,Zomato,Snacks,COCO,KA,170.0,150.0,8.5,310.0,0,1,48.38709677419355,170.0,100-200,40%-50%
Frozen Bottle,2026-09-02,WK 36,Hadapsar,In Store,Dinner,FOFO,MH,2396.46,0.0,119.86,2396.46,0,6,0.0,399.41,300-400,0%
Frozen Bottle,2026-09-02,WK 36,Hadapsar,In Store,Snacks,FOFO,MH,615.0,0.0,30.759999999999998,615.0,0,3,0.0,205.0,200-300,0%
Frozen Bottle,2026-09-02,WK 36,Hadapsar,Swiggy,Dinner,FOFO,MH,429.0,0.0,20.46,409.0,0,1,0.0,429.0,400-500,0%
Frozen Bottle,2026-09-02,WK 36,Hadapsar,Swiggy,Late Night,FOFO,MH,1270.0,0.0,61.5,1230.0,0,2,0.0,635.0,600-900,0%
Frozen Bottle,2026-09-02,WK 36,Hadapsar,Swiggy,Lunch,FOFO,MH,780.0,0.0,38.0,760.0,0,2,0.0,390.0,300-400,0%
Frozen Bottle,2026-09-02,WK 36,Hadapsar,Swiggy,Snacks,FOFO,MH,2138.0,0.0,103.9,2078.0,0,2,0.0,1069.0,>900,0%
Frozen Bottle,2026-09-02,WK 36,Hadapsar,Zomato,Dinner,FOFO,MH,2978.0,1189.0,148.94,4007.0,0,8,29.673072123783378,372.25,300-400,20%-30%
Frozen Bottle,2026-09-02,WK 36,Hadapsar,Zomato,Late Night,FOFO,MH,191.0,171.0,9.56,342.0,0,1,50.0,191.0,100-200,40%-50%
Frozen Bottle,2026-09-02,WK 36,Hadapsar,Zomato,Lunch,FOFO,MH,900.0,100.0,45.0,970.0,0,2,10.309278350515463,450.0,400-500,10%-20%
Frozen Bottle,2026-09-02,WK 36,Hadapsar,Zomato,Snacks,FOFO,MH,913.0,460.0,45.66,1323.0,0,3,34.76946334089191,304.3333333333333,300-400,30%-40%
Frozen Bottle,2026-09-02,WK 36,Hafizpet,In Store,Breakfast,FOFO,AP & TL,268.0,0.0,13.4,268.0,0,1,0.0,268.0,200-300,0%
Frozen Bottle,2026-09-02,WK 36,Hafizpet,In Store,Dinner,FOFO,AP & TL,1285.5,0.0,64.34,1285.5,0,10,0.0,128.55,100-200,0%
Frozen Bottle,2026-09-02,WK 36,Hafizpet,In Store,Late Night,FOFO,AP & TL,405.0,0.0,20.26,405.0,0,1,0.0,405.0,400-500,0%
Frozen Bottle,2026-09-02,WK 36,Hafizpet,In Store,Lunch,FOFO,AP & TL,555.0,0.0,27.76,555.0,0,3,0.0,185.0,100-200,0%
Frozen Bottle,2026-09-02,WK 36,Hafizpet,In Store,Snacks,FOFO,AP & TL,416.0,0.0,20.82,416.0,0,3,0.0,138.66666666666666,100-200,0%
Frozen Bottle,2026-09-02,WK 36,Hafizpet,Swiggy,Lunch,FOFO,AP & TL,425.0,73.0,21.26,498.0,0,1,14.65863453815261,425.0,400-500,10%-20%
Frozen Bottle,2026-09-02,WK 36,Hafizpet,Zomato,Dinner,FOFO,AP & TL,939.8,231.2,47.0,1141.0,0,3,20.26292725679229,313.26666666666665,300-400,20%-30%
Frozen Bottle,2026-09-02,WK 36,Hafizpet,Zomato,Late Night,FOFO,AP & TL,170.8,40.2,8.54,201.0,0,1,20.0,170.8,100-200,10%-20%
Frozen Bottle,2026-09-02,WK 36,Hafizpet,Zomato,Snacks,FOFO,AP & TL,2218.4,465.6,110.92,2594.0,0,7,17.949113338473403,316.9142857142857,300-400,10%-20%
Madno,2026-09-02,WK 36,Hafizpet,Swiggy,Snacks,FOFO,AP & TL,2089.95,562.05,99.52,2552.0,0,4,22.023902821316614,522.4875,500-600,20%-30%
Madno,2026-09-02,WK 36,Hafizpet,Zomato,Late Night,FOFO,AP & TL,181.0,19.0,9.06,190.0,0,1,10.0,181.0,100-200,1%-10%
Madno,2026-09-02,WK 36,Hafizpet,Zomato,Snacks,FOFO,AP & TL,560.0,40.0,28.0,580.0,0,1,6.896551724137931,560.0,500-600,1%-10%
Frozen Bottle,2026-09-02,WK 36,Hanumakonda,In Store,Dinner,FOFO,AP & TL,1777.0,0.0,88.86,1777.0,0,5,0.0,355.4,300-400,0%
Frozen Bottle,2026-09-02,WK 36,Hanumakonda,In Store,Lunch,FOFO,AP & TL,735.0,0.0,36.760000000000005,735.0,0,3,0.0,245.0,200-300,0%
Frozen Bottle,2026-09-02,WK 36,Hanumakonda,In Store,Snacks,FOFO,AP & TL,674.5,0.0,33.760000000000005,674.5,0,4,0.0,168.625,100-200,0%
Frozen Bottle,2026-09-02,WK 36,Hanumakonda,Swiggy,Lunch,FOFO,AP & TL,340.0,0.0,16.5,330.0,0,1,0.0,340.0,300-400,0%
Frozen Bottle,2026-09-02,WK 36,Hanumakonda,Zomato,Dinner,FOFO,AP & TL,911.0,0.0,45.56,881.0,0,3,0.0,303.6666666666667,300-400,0%
Boba Bar,2026-09-02,WK 36,Harlur Road,Zomato,Dinner,COCO,KA,250.0,50.0,12.5,290.0,0,1,17.24137931034483,250.0,200-300,10%-20%
Frozen Bottle,2026-09-02,WK 36,Harlur Road,In Store,Dinner,COCO,KA,1447.29,364.94,72.44,1812.23,0,13,20.137620500709073,111.33,100-200,20%-30%
Frozen Bottle,2026-09-02,WK 36,Harlur Road,In Store,Lunch,COCO,KA,229.74,286.26,11.48,516.0,0,4,55.47674418604651,57.435,0-100,50%-60%
Frozen Bottle,2026-09-02,WK 36,Harlur Road,In Store,Snacks,COCO,KA,448.0,0.0,22.4,448.0,0,1,0.0,448.0,400-500,0%
Frozen Bottle,2026-09-02,WK 36,Harlur Road,Ownly,Lunch,COCO,KA,134.0,0.0,6.7,134.0,0,1,0.0,134.0,100-200,0%
Frozen Bottle,2026-09-02,WK 36,Harlur Road,Swiggy,Dinner,COCO,KA,924.0,400.33,44.24,1284.33,0,5,31.170337841520485,184.8,100-200,30%-40%
Frozen Bottle,2026-09-02,WK 36,Harlur Road,Swiggy,Late Night,COCO,KA,329.0,112.0,15.96,431.0,0,1,25.986078886310903,329.0,300-400,20%-30%
Frozen Bottle,2026-09-02,WK 36,Harlur Road,Swiggy,Lunch,COCO,KA,354.0,366.0,16.200000000000003,690.0,0,2,53.04347826086957,177.0,100-200,50%-60%
Frozen Bottle,2026-09-02,WK 36,Harlur Road,Swiggy,Snacks,COCO,KA,456.0,314.0,21.3,740.0,0,2,42.432432432432435,228.0,200-300,40%-50%
Frozen Bottle,2026-09-02,WK 36,Harlur Road,Zomato,Dinner,COCO,KA,1266.0,276.0,63.32000000000001,1482.0,0,4,18.62348178137652,316.5,300-400,10%-20%
Frozen Bottle,2026-09-02,WK 36,Harlur Road,Zomato,Late Night,COCO,KA,290.0,0.0,14.5,280.0,0,1,0.0,290.0,200-300,0%
Frozen Bottle,2026-09-02,WK 36,Harlur Road,Zomato,Lunch,COCO,KA,351.0,200.0,17.560000000000002,531.0,0,2,37.664783427495294,175.5,100-200,30%-40%
Frozen Bottle,2026-09-02,WK 36,Harlur Road,Zomato,Snacks,COCO,KA,467.33,150.0,23.36,587.3299999999999,0,2,25.539304990380195,233.665,200-300,20%-30%
Madno,2026-09-02,WK 36,Harlur Road,Swiggy,Dinner,COCO,KA,629.0,664.84,28.46,1233.84,0,2,53.88380989431369,314.5,300-400,50%-60%
Madno,2026-09-02,WK 36,Harlur Road,Swiggy,Late Night,COCO,KA,138.0,144.0,6.9,282.0,0,1,51.06382978723404,138.0,100-200,50%-60%
Madno,2026-09-02,WK 36,Harlur Road,Zomato,Late Night,COCO,KA,315.5,115.5,15.78,411.0,0,1,28.102189781021895,315.5,300-400,20%-30%
Frozen Bottle,2026-09-02,WK 36,Hinjewadi,In Store,Dinner,COCO,MH,1991.1100000000001,101.89,99.58,2093.0,0,8,4.868131868131869,248.88875000000002,200-300,1%-10%
Frozen Bottle,2026-09-02,WK 36,Hinjewadi,In Store,Late Night,COCO,MH,199.0,0.0,9.96,199.0,0,1,0.0,199.0,100-200,0%
Frozen Bottle,2026-09-02,WK 36,Hinjewadi,In Store,Lunch,COCO,MH,303.90999999999997,74.09,15.200000000000001,378.0,0,2,19.6005291005291,151.95499999999998,100-200,10%-20%
Frozen Bottle,2026-09-02,WK 36,Hinjewadi,In Store,Snacks,COCO,MH,2995.23,377.46000000000004,149.8,3372.69,0,12,11.191660069558722,249.6025,200-300,10%-20%
Frozen Bottle,2026-09-02,WK 36,Hinjewadi,Swiggy,Dinner,COCO,MH,3590.56,2016.44,170.6,5427.0,0,15,37.15570296664824,239.37066666666666,200-300,30%-40%
Frozen Bottle,2026-09-02,WK 36,Hinjewadi,Swiggy,Late Night,COCO,MH,1500.68,1137.32,70.06,2538.0,0,10,44.81166272655634,150.068,100-200,40%-50%
Frozen Bottle,2026-09-02,WK 36,Hinjewadi,Swiggy,Lunch,COCO,MH,396.0,324.0,18.32,690.0,0,2,46.95652173913044,198.0,100-200,40%-50%
Frozen Bottle,2026-09-02,WK 36,Hinjewadi,Swiggy,Snacks,COCO,MH,672.56,494.44,31.16,1117.0,0,5,44.26499552372426,134.512,100-200,40%-50%
Frozen Bottle,2026-09-02,WK 36,Hinjewadi,Zomato,Dinner,COCO,MH,3499.5,1162.51,174.96,4492.01,0,11,25.879506056308866,318.1363636363636,300-400,20%-30%
Frozen Bottle,2026-09-02,WK 36,Hinjewadi,Zomato,Late Night,COCO,MH,590.0,290.0,29.52,850.0,0,3,34.11764705882353,196.66666666666666,100-200,30%-40%
Frozen Bottle,2026-09-02,WK 36,Hinjewadi,Zomato,Snacks,COCO,MH,310.0,100.0,15.5,400.0,0,1,25.0,310.0,300-400,20%-30%
Madno,2026-09-02,WK 36,Hinjewadi,Swiggy,Closing,COCO,MH,199.0,31.0,9.96,230.0,0,1,13.478260869565217,199.0,100-200,10%-20%
Madno,2026-09-02,WK 36,Hinjewadi,Swiggy,Dinner,COCO,MH,181.35,58.65,8.56,230.0,0,1,25.5,181.35,100-200,20%-30%
Madno,2026-09-02,WK 36,Hinjewadi,Swiggy,Lunch,COCO,MH,458.0,200.0,21.4,628.0,0,1,31.84713375796178,458.0,400-500,30%-40%
Madno,2026-09-02,WK 36,Hinjewadi,Zomato,Dinner,COCO,MH,125.5,115.5,6.28,231.0,0,1,50.0,125.5,100-200,40%-50%
Madno,2026-09-02,WK 36,Hinjewadi,Zomato,Lunch,COCO,MH,261.0,0.0,13.06,251.0,0,1,0.0,261.0,200-300,0%
Frozen Bottle,2026-09-02,WK 36,Hinjewadi Phase 3,In Store,Dinner,COCO,MH,505.0,0.0,25.3,505.0,0,5,0.0,101.0,100-200,0%
Frozen Bottle,2026-09-02,WK 36,Hinjewadi Phase 3,In Store,Snacks,COCO,MH,1237.0,0.0,61.88,1237.0,0,4,0.0,309.25,300-400,0%
Frozen Bottle,2026-09-02,WK 36,Hinjewadi Phase 3,Swiggy,Breakfast,COCO,MH,363.0,353.0,16.16,676.0,0,1,52.2189349112426,363.0,300-400,50%-60%
Frozen Bottle,2026-09-02,WK 36,Hinjewadi Phase 3,Swiggy,Dinner,COCO,MH,3567.69,2319.31,166.44,5647.0,0,17,41.071542411900126,209.86411764705883,200-300,40%-50%
Frozen Bottle,2026-09-02,WK 36,Hinjewadi Phase 3,Swiggy,Late Night,COCO,MH,2438.15,1466.85,113.92,3745.0,0,9,39.16822429906542,270.90555555555557,200-300,30%-40%
Frozen Bottle,2026-09-02,WK 36,Hinjewadi Phase 3,Swiggy,Snacks,COCO,MH,632.56,536.44,29.14,1119.0,0,3,47.93923145665773,210.85333333333332,200-300,40%-50%
Frozen Bottle,2026-09-02,WK 36,Hinjewadi Phase 3,Zomato,Closing,COCO,MH,265.0,75.0,13.26,330.0,0,1,22.727272727272727,265.0,200-300,20%-30%
Frozen Bottle,2026-09-02,WK 36,Hinjewadi Phase 3,Zomato,Dinner,COCO,MH,1352.0,1028.0,67.64,2300.0,0,5,44.69565217391304,270.4,200-300,40%-50%
Frozen Bottle,2026-09-02,WK 36,Hinjewadi Phase 3,Zomato,Late Night,COCO,MH,684.0,645.0,34.22,1289.0,0,2,50.03878975950349,342.0,300-400,50%-60%
Frozen Bottle,2026-09-02,WK 36,Hinjewadi Phase 3,Zomato,Lunch,COCO,MH,515.0,125.0,25.76,620.0,0,1,20.161290322580644,515.0,500-600,20%-30%
Frozen Bottle,2026-09-02,WK 36,Hinjewadi Phase 3,Zomato,Snacks,COCO,MH,604.5,245.5,30.240000000000002,820.0,0,3,29.9390243902439,201.5,200-300,20%-30%
Madno,2026-09-02,WK 36,Hinjewadi Phase 3,Swiggy,Dinner,COCO,MH,302.8,27.2,14.64,320.0,0,1,8.5,302.8,300-400,1%-10%
Madno,2026-09-02,WK 36,Hinjewadi Phase 3,Swiggy,Late Night,COCO,MH,252.0,68.0,12.1,310.0,0,1,21.935483870967744,252.0,200-300,20%-30%
Madno,2026-09-02,WK 36,Hinjewadi Phase 3,Zomato,Late Night,COCO,MH,239.0,50.0,11.96,279.0,0,1,17.921146953405017,239.0,200-300,10%-20%
Madno,2026-09-02,WK 36,Hinjewadi Phase 3,Zomato,Snacks,COCO,MH,161.0,80.0,8.06,231.0,0,1,34.63203463203463,161.0,100-200,30%-40%
Frozen Bottle,2026-09-02,WK 36,Hosakote,In Store,Dinner,FOFO,KA,1895.69,0.0,94.8,1895.69,0,6,0.0,315.9483333333333,300-400,0%
Frozen Bottle,2026-09-02,WK 36,Hosakote,In Store,Lunch,FOFO,KA,2396.0,0.0,119.82,2396.0,0,5,0.0,479.2,400-500,0%
Frozen Bottle,2026-09-02,WK 36,Hosakote,In Store,Snacks,FOFO,KA,2356.05,0.0,117.82,2356.05,0,5,0.0,471.21000000000004,400-500,0%
Frozen Bottle,2026-09-02,WK 36,Hosur,In Store,Dinner,FOFO,TN,1074.0,0.0,53.74,1074.0,0,5,0.0,214.8,200-300,0%
Frozen Bottle,2026-09-02,WK 36,Hosur,In Store,Lunch,FOFO,TN,1682.33,0.0,84.14,1682.33,0,4,0.0,420.5825,400-500,0%
Frozen Bottle,2026-09-02,WK 36,Hosur,In Store,Snacks,FOFO,TN,1035.0,0.0,51.76,1035.0,0,3,0.0,345.0,300-400,0%
Frozen Bottle,2026-09-02,WK 36,Hosur,Swiggy,Dinner,FOFO,TN,161.24,47.76,7.56,199.0,0,1,24.0,161.24,100-200,20%-30%
Frozen Bottle,2026-09-02,WK 36,Hosur,Swiggy,Snacks,FOFO,TN,509.02,119.98,23.96,599.0,0,1,20.030050083472457,509.02,500-600,20%-30%
Frozen Bottle,2026-09-02,WK 36,Hosur,Zomato,Dinner,FOFO,TN,3475.0,0.0,173.82,3315.0,0,2,0.0,1737.5,>900,0%
Frozen Bottle,2026-09-02,WK 36,Hosur,Zomato,Lunch,FOFO,TN,992.0,375.0,49.64,1317.0,0,4,28.473804100227788,248.0,200-300,20%-30%
Frozen Bottle,2026-09-02,WK 36,Hosur,Zomato,Snacks,FOFO,TN,1038.3,209.7,51.92,1198.0,0,4,17.504173622704506,259.575,200-300,10%-20%
Frozen Bottle,2026-09-02,WK 36,Hubballi,In Store,Dinner,FOFO,KA,1770.0,0.0,88.53999999999999,1770.0,0,6,0.0,295.0,200-300,0%
Frozen Bottle,2026-09-02,WK 36,Hubballi,Swiggy,Late Night,FOFO,KA,290.0,0.0,14.0,280.0,0,1,0.0,290.0,200-300,0%
Frozen Bottle,2026-09-02,WK 36,Hubballi,Zomato,Dinner,FOFO,KA,470.0,150.0,23.5,600.0,0,2,25.0,235.0,200-300,20%-30%
Frozen Bottle,2026-09-02,WK 36,Hubballi,Zomato,Late Night,FOFO,KA,318.0,100.0,15.92,398.0,0,1,25.125628140703515,318.0,300-400,20%-30%
Frozen Bottle,2026-09-02,WK 36,Hyderabad  Warehouse,In Store,Breakfast,,,262518.2,0.0,13126.04,262518.2,0,9,0.0,29168.68888888889,>900,0%
Frozen Bottle,2026-09-02,WK 36,Hyderabad  Warehouse,In Store,Lunch,,,143555.0,0.0,7177.780000000001,143555.0,0,5,0.0,28711.0,>900,0%
Frozen Bottle,2026-09-02,WK 36,ITPL,In Store,Dinner,COCO,KA,1557.75,350.25,77.94,1908.0,0,8,18.35691823899371,194.71875,100-200,10%-20%
Frozen Bottle,2026-09-02,WK 36,ITPL,In Store,Lunch,COCO,KA,685.27,206.73000000000002,34.26,892.0,0,6,23.176008968609867,114.21166666666666,100-200,20%-30%
Frozen Bottle,2026-09-02,WK 36,ITPL,In Store,Snacks,COCO,KA,1441.34,636.51,72.1,2077.85,0,15,30.633106335876025,96.08933333333333,0-100,30%-40%
Frozen Bottle,2026-09-02,WK 36,ITPL,Swiggy,Dinner,COCO,KA,1308.8,611.2,61.94,1850.0,0,6,33.03783783783784,218.13333333333333,200-300,30%-40%
Frozen Bottle,2026-09-02,WK 36,ITPL,Swiggy,Lunch,COCO,KA,228.0,101.0,10.9,319.0,0,1,31.661442006269592,228.0,200-300,30%-40%
Frozen Bottle,2026-09-02,WK 36,ITPL,Zomato,Dinner,COCO,KA,899.0,50.0,44.96,909.0,0,3,5.500550055005501,299.6666666666667,200-300,1%-10%
Frozen Bottle,2026-09-02,WK 36,ITPL,Zomato,Lunch,COCO,KA,149.5,170.5,7.48,310.0,0,1,55.00000000000001,149.5,100-200,50%-60%
Madno,2026-09-02,WK 36,ITPL,Ownly,Dinner,COCO,KA,284.0,0.0,14.2,284.0,0,2,0.0,142.0,100-200,0%
Madno,2026-09-02,WK 36,ITPL,Ownly,Late Night,COCO,KA,180.0,0.0,9.0,180.0,0,1,0.0,180.0,100-200,0%
Madno,2026-09-02,WK 36,ITPL,Swiggy,Dinner,COCO,KA,158.0,144.0,6.9,282.0,0,1,51.06382978723404,158.0,100-200,50%-60%
Madno,2026-09-02,WK 36,ITPL,Swiggy,Snacks,COCO,KA,336.25,63.75,15.82,380.0,0,1,16.776315789473685,336.25,300-400,10%-20%
Madno,2026-09-02,WK 36,ITPL,Zomato,Dinner,COCO,KA,524.7,206.3,26.240000000000002,701.0,0,3,29.429386590584883,174.9,100-200,20%-30%
Boba Bar,2026-09-02,WK 36,Indiranagar - CK,Swiggy,Dinner,COCO,KA,109.0,70.0,4.46,159.0,0,1,44.0251572327044,109.0,100-200,40%-50%
Boba Bar,2026-09-02,WK 36,Indiranagar - CK,Zomato,Dinner,COCO,KA,300.0,280.0,15.0,560.0,0,1,50.0,300.0,200-300,40%-50%
Frozen Bottle,2026-09-02,WK 36,Indiranagar - CK,Swiggy,Dinner,COCO,KA,822.0,412.0,40.62,1224.0,0,3,33.66013071895425,274.0,200-300,30%-40%
Frozen Bottle,2026-09-02,WK 36,Indiranagar - CK,Swiggy,Lunch,COCO,KA,478.0,352.0,23.4,820.0,0,2,42.926829268292686,239.0,200-300,40%-50%
Frozen Bottle,2026-09-02,WK 36,Indiranagar - CK,Swiggy,Snacks,COCO,KA,437.0,224.0,20.86,641.0,0,2,34.945397815912635,218.5,200-300,30%-40%
Frozen Bottle,2026-09-02,WK 36,Indiranagar - CK,Zomato,Dinner,COCO,KA,625.0,225.0,31.259999999999998,820.0,0,3,27.439024390243905,208.33333333333334,200-300,20%-30%
Frozen Bottle,2026-09-02,WK 36,Indiranagar - CK,Zomato,Lunch,COCO,KA,125.0,115.0,6.26,230.0,0,1,50.0,125.0,100-200,40%-50%
Frozen Bottle,2026-09-02,WK 36,Indiranagar - CK,Zomato,Snacks,COCO,KA,1161.0,630.0,58.06,1731.0,0,5,36.3951473136915,232.2,200-300,30%-40%
Madno,2026-09-02,WK 36,Indiranagar - CK,Ownly,Dinner,COCO,KA,265.0,0.0,13.26,265.0,0,1,0.0,265.0,200-300,0%
Madno,2026-09-02,WK 36,Indiranagar - CK,Zomato,Dinner,COCO,KA,215.0,75.0,10.76,280.0,0,1,26.785714285714285,215.0,200-300,20%-30%
Frozen Bottle,2026-09-02,WK 36,Iyyappanthangal - CK,Swiggy,Dinner,COCO,TN,1865.02,839.98,87.8,2595.0,0,8,32.36917148362235,233.1275,200-300,30%-40%
Frozen Bottle,2026-09-02,WK 36,Iyyappanthangal - CK,Swiggy,Late Night,COCO,TN,731.0,458.0,34.56,1149.0,0,4,39.860748476936465,182.75,100-200,30%-40%
Frozen Bottle,2026-09-02,WK 36,Iyyappanthangal - CK,Swiggy,Lunch,COCO,TN,858.56,641.44,39.94,1440.0,0,4,44.544444444444444,214.64,200-300,40%-50%
Frozen Bottle,2026-09-02,WK 36,Iyyappanthangal - CK,Swiggy,Snacks,COCO,TN,535.12,222.88,25.259999999999998,728.0,0,3,30.615384615384617,178.37333333333333,100-200,30%-40%
Frozen Bottle,2026-09-02,WK 36,Iyyappanthangal - CK,Zomato,Dinner,COCO,TN,2485.15,820.55,124.3,3185.7,0,6,25.757290391436733,414.19166666666666,400-500,20%-30%
Frozen Bottle,2026-09-02,WK 36,Iyyappanthangal - CK,Zomato,Late Night,COCO,TN,905.08,686.1,45.3,1521.18,0,4,45.103143612195794,226.27,200-300,40%-50%
Frozen Bottle,2026-09-02,WK 36,Iyyappanthangal - CK,Zomato,Lunch,COCO,TN,634.72,446.13,31.759999999999998,1030.85,0,3,43.277877479749726,211.57333333333335,200-300,40%-50%
Frozen Bottle,2026-09-02,WK 36,Iyyappanthangal - CK,Zomato,Snacks,COCO,TN,1908.0,440.0,95.42,2268.0,0,3,19.400352733686066,636.0,600-900,10%-20%
Madno,2026-09-02,WK 36,Iyyappanthangal - CK,Swiggy,Dinner,COCO,TN,411.0,222.0,19.060000000000002,603.0,0,2,36.81592039800995,205.5,200-300,30%-40%
Madno,2026-09-02,WK 36,Iyyappanthangal - CK,Swiggy,Late Night,COCO,TN,377.0,254.0,17.36,601.0,0,2,42.26289517470882,188.5,100-200,40%-50%
Madno,2026-09-02,WK 36,Iyyappanthangal - CK,Swiggy,Snacks,COCO,TN,2932.35,1362.65,140.68,4175.0,0,9,32.638323353293416,325.81666666666666,300-400,30%-40%
Madno,2026-09-02,WK 36,Iyyappanthangal - CK,Zomato,Dinner,COCO,TN,353.33,100.0,17.66,433.33,0,1,23.077100593081486,353.33,300-400,20%-30%
Madno,2026-09-02,WK 36,Iyyappanthangal - CK,Zomato,Late Night,COCO,TN,822.0,542.0,41.12,1314.0,0,2,41.24809741248097,411.0,400-500,40%-50%
Madno,2026-09-02,WK 36,Iyyappanthangal - CK,Zomato,Lunch,COCO,TN,211.0,191.0,10.56,382.0,0,1,50.0,211.0,200-300,40%-50%
Madno,2026-09-02,WK 36,Iyyappanthangal - CK,Zomato,Snacks,COCO,TN,492.0,452.0,24.62,904.0,0,1,50.0,492.0,400-500,40%-50%
Frozen Bottle,2026-09-02,WK 36,JP Nagar,In Store,Dinner,COCO,KA,426.02,207.12,21.3,633.14,0,4,32.71314401238273,106.505,100-200,30%-40%
Frozen Bottle,2026-09-02,WK 36,JP Nagar,In Store,Lunch,COCO,KA,265.76,160.24,13.3,426.0,0,4,37.61502347417841,66.44,0-100,30%-40%
Frozen Bottle,2026-09-02,WK 36,JP Nagar,In Store,Snacks,COCO,KA,1919.5,212.17000000000002,96.0,2131.67,0,10,9.953229158359408,191.95,100-200,1%-10%
Frozen Bottle,2026-09-02,WK 36,JP Nagar,Ownly,Dinner,COCO,KA,622.3,0.0,31.14,622.3,0,4,0.0,155.575,100-200,0%
Frozen Bottle,2026-09-02,WK 36,JP Nagar,Ownly,Snacks,COCO,KA,208.0,0.0,10.4,208.0,0,1,0.0,208.0,200-300,0%
Frozen Bottle,2026-09-02,WK 36,JP Nagar,Swiggy,Breakfast,COCO,KA,236.0,244.0,10.8,460.0,0,1,53.04347826086957,236.0,200-300,50%-60%
Frozen Bottle,2026-09-02,WK 36,JP Nagar,Swiggy,Dinner,COCO,KA,1630.0,556.0,78.52000000000001,2126.0,0,6,26.152398871119477,271.6666666666667,200-300,20%-30%
Frozen Bottle,2026-09-02,WK 36,JP Nagar,Swiggy,Late Night,COCO,KA,435.0,345.0,20.26,750.0,0,1,46.0,435.0,400-500,40%-50%
Frozen Bottle,2026-09-02,WK 36,JP Nagar,Swiggy,Lunch,COCO,KA,424.0,424.0,19.7,818.0,0,2,51.83374083129584,212.0,200-300,50%-60%
Frozen Bottle,2026-09-02,WK 36,JP Nagar,Swiggy,Snacks,COCO,KA,178.0,112.0,8.4,280.0,0,1,40.0,178.0,100-200,30%-40%
Frozen Bottle,2026-09-02,WK 36,JP Nagar,Zomato,Breakfast,COCO,KA,180.0,150.0,9.0,320.0,0,1,46.875,180.0,100-200,40%-50%
Frozen Bottle,2026-09-02,WK 36,JP Nagar,Zomato,Dinner,COCO,KA,849.6,839.4,42.480000000000004,1629.0,0,3,51.528545119705335,283.2,200-300,50%-60%
Frozen Bottle,2026-09-02,WK 36,JP Nagar,Zomato,Lunch,COCO,KA,305.0,50.0,15.26,345.0,0,1,14.492753623188406,305.0,300-400,10%-20%
Frozen Bottle,2026-09-02,WK 36,JP Nagar,Zomato,Snacks,COCO,KA,1090.6,677.4,54.56,1708.0,0,5,39.66042154566745,218.11999999999998,200-300,30%-40%
Madno,2026-09-02,WK 36,JP Nagar,Ownly,Lunch,COCO,KA,180.0,0.0,9.0,180.0,0,1,0.0,180.0,100-200,0%
Madno,2026-09-02,WK 36,JP Nagar,Swiggy,Dinner,COCO,KA,838.25,203.75,40.44,1012.0,0,3,20.133399209486168,279.4166666666667,200-300,20%-30%
Madno,2026-09-02,WK 36,JP Nagar,Swiggy,Snacks,COCO,KA,339.0,122.0,16.96,461.0,0,1,26.46420824295011,339.0,300-400,20%-30%
Frozen Bottle,2026-09-02,WK 36,Jamshedpur,In Store,Dinner,FOFO,ROI,782.0,0.0,39.099999999999994,782.0,0,4,0.0,195.5,100-200,0%
Frozen Bottle,2026-09-02,WK 36,Jamshedpur,In Store,Lunch,FOFO,ROI,387.0,0.0,19.36,387.0,0,2,0.0,193.5,100-200,0%
Frozen Bottle,2026-09-02,WK 36,Jamshedpur,In Store,Snacks,FOFO,ROI,338.0,0.0,16.9,338.0,0,1,0.0,338.0,300-400,0%
Frozen Bottle,2026-09-02,WK 36,Jamshedpur,Swiggy,Dinner,FOFO,ROI,939.0,0.0,45.46,909.0,0,1,0.0,939.0,>900,0%
Frozen Bottle,2026-09-02,WK 36,Jamshedpur,Zomato,Dinner,FOFO,ROI,946.0,204.0,47.32,1110.0,0,4,18.37837837837838,236.5,200-300,10%-20%
Frozen Bottle,2026-09-02,WK 36,Jamshedpur,Zomato,Lunch,FOFO,ROI,235.0,75.0,11.76,300.0,0,1,25.0,235.0,200-300,20%-30%
Frozen Bottle,2026-09-02,WK 36,Jamshedpur,Zomato,Snacks,FOFO,ROI,364.3,134.7,18.22,479.0,0,2,28.12108559498956,182.15,100-200,20%-30%
Madno,2026-09-02,WK 36,Jamshedpur,Zomato,Lunch,FOFO,ROI,201.0,0.0,10.06,191.0,0,1,0.0,201.0,200-300,0%
Frozen Bottle,2026-09-02,WK 36,Jim Corbett,In Store,Dinner,FOFO,ROI,2420.0,0.0,121.02,2420.0,0,3,0.0,806.6666666666666,600-900,0%
Frozen Bottle,2026-09-02,WK 36,Jim Corbett,In Store,Snacks,FOFO,ROI,387.0,0.0,19.34,387.0,0,1,0.0,387.0,300-400,0%
Frozen Bottle,2026-09-02,WK 36,Jim Corbett,Swiggy,Snacks,FOFO,ROI,330.0,0.0,16.0,320.0,0,1,0.0,330.0,300-400,0%
Frozen Bottle,2026-09-02,WK 36,Jim Corbett,Zomato,Dinner,FOFO,ROI,418.0,0.0,20.92,398.0,0,1,0.0,418.0,400-500,0%
Frozen Bottle,2026-09-02,WK 36,Jubilee Hills,In Store,Dinner,FOFO,AP & TL,1321.0,0.0,66.06,1321.0,0,4,0.0,330.25,300-400,0%
Frozen Bottle,2026-09-02,WK 36,Jubilee Hills,In Store,Lunch,FOFO,AP & TL,514.0,0.0,25.720000000000002,514.0,0,3,0.0,171.33333333333334,100-200,0%
Frozen Bottle,2026-09-02,WK 36,Jubilee Hills,In Store,Snacks,FOFO,AP & TL,977.0,0.0,48.88,977.0,0,7,0.0,139.57142857142858,100-200,0%
Frozen Bottle,2026-09-02,WK 36,Jubilee Hills,Swiggy,Dinner,FOFO,AP & TL,1309.22,268.78000000000003,62.46,1518.0,0,3,17.706192358366273,436.4066666666667,400-500,10%-20%
Frozen Bottle,2026-09-02,WK 36,Jubilee Hills,Swiggy,Late Night,FOFO,AP & TL,259.7,42.3,11.98,282.0,0,1,15.0,259.7,200-300,10%-20%
Frozen Bottle,2026-09-02,WK 36,Jubilee Hills,Swiggy,Lunch,FOFO,AP & TL,274.0,45.0,13.2,309.0,0,1,14.563106796116504,274.0,200-300,10%-20%
Frozen Bottle,2026-09-02,WK 36,Jubilee Hills,Swiggy,Snacks,FOFO,AP & TL,1055.5,184.5,50.78,1200.0,0,3,15.375,351.8333333333333,300-400,10%-20%
Frozen Bottle,2026-09-02,WK 36,Jubilee Hills,Zomato,Dinner,FOFO,AP & TL,376.0,144.0,18.82,500.0,0,2,28.799999999999997,188.0,100-200,20%-30%
Frozen Bottle,2026-09-02,WK 36,Jubilee Hills,Zomato,Late Night,FOFO,AP & TL,205.0,75.0,10.26,270.0,0,1,27.77777777777778,205.0,200-300,20%-30%
Frozen Bottle,2026-09-02,WK 36,Jubilee Hills,Zomato,Lunch,FOFO,AP & TL,475.0,144.0,23.759999999999998,599.0,0,2,24.040066777963272,237.5,200-300,20%-30%
Frozen Bottle,2026-09-02,WK 36,Jubilee Hills,Zomato,Snacks,FOFO,AP & TL,2432.7,188.3,121.64,2511.0,0,2,7.499004380724811,1216.35,>900,1%-10%
Frozen Bottle,2026-09-02,WK 36,Kadubisanahalli - CF CK,Swiggy,Dinner,COCO,KA,2783.6,1078.73,132.2,3722.33,0,10,28.9799668487211,278.36,200-300,20%-30%
Frozen Bottle,2026-09-02,WK 36,Kadubisanahalli - CF CK,Swiggy,Late Night,COCO,KA,769.0,721.0,37.96,1480.0,0,3,48.71621621621622,256.3333333333333,200-300,40%-50%
Frozen Bottle,2026-09-02,WK 36,Kadubisanahalli - CF CK,Swiggy,Snacks,COCO,KA,547.0,203.0,26.36,730.0,0,3,27.808219178082194,182.33333333333334,100-200,20%-30%
Frozen Bottle,2026-09-02,WK 36,Kadubisanahalli - CF CK,Zomato,Dinner,COCO,KA,194.0,46.0,9.7,230.0,0,1,20.0,194.0,100-200,10%-20%
Frozen Bottle,2026-09-02,WK 36,Kadubisanahalli - CF CK,Zomato,Late Night,COCO,KA,191.0,100.0,9.56,281.0,0,1,35.587188612099645,191.0,100-200,30%-40%
Madno,2026-09-02,WK 36,Kadubisanahalli - CF CK,Ownly,Dinner,COCO,KA,480.0,0.0,24.0,480.0,0,3,0.0,160.0,100-200,0%
Madno,2026-09-02,WK 36,Kadubisanahalli - CF CK,Swiggy,Late Night,COCO,KA,129.0,100.0,5.96,219.0,0,1,45.662100456621005,129.0,100-200,40%-50%
Madno,2026-09-02,WK 36,Kadubisanahalli - CF CK,Swiggy,Snacks,COCO,KA,200.9,39.1,9.54,230.0,0,1,17.0,200.9,200-300,10%-20%
Madno,2026-09-02,WK 36,Kadubisanahalli - CF CK,Zomato,Dinner,COCO,KA,160.0,150.0,8.0,300.0,0,1,50.0,160.0,100-200,40%-50%
Boba Bar,2026-09-02,WK 36,Kakkanad,Swiggy,Closing,COCO,Kerela,421.75,106.25,20.58,518.0,0,1,20.511583011583014,421.75,400-500,20%-30%
Boba Bar,2026-09-02,WK 36,Kakkanad,Swiggy,Dinner,COCO,Kerela,89.0,70.0,4.46,159.0,0,1,44.0251572327044,89.0,0-100,40%-50%
Boba Bar,2026-09-02,WK 36,Kakkanad,Swiggy,Snacks,COCO,Kerela,869.25,377.75,40.98,1197.0,0,3,31.558061821219717,289.75,200-300,30%-40%
Boba Bar,2026-09-02,WK 36,Kakkanad,Zomato,Dinner,COCO,Kerela,342.0,100.0,17.1,422.0,0,1,23.696682464454977,342.0,300-400,20%-30%
Frozen Bottle,2026-09-02,WK 36,Kakkanad,In Store,Dinner,COCO,Kerela,884.0,0.0,44.22,884.0,0,4,0.0,221.0,200-300,0%
Frozen Bottle,2026-09-02,WK 36,Kakkanad,In Store,Lunch,COCO,Kerela,1363.0,0.0,68.16,1363.0,0,3,0.0,454.3333333333333,400-500,0%
Frozen Bottle,2026-09-02,WK 36,Kakkanad,In Store,Snacks,COCO,Kerela,2688.0,0.0,134.46,2688.0,0,11,0.0,244.36363636363637,200-300,0%
Frozen Bottle,2026-09-02,WK 36,Kakkanad,Swiggy,Breakfast,COCO,Kerela,434.0,224.0,20.72,638.0,0,2,35.10971786833856,217.0,200-300,30%-40%
Frozen Bottle,2026-09-02,WK 36,Kakkanad,Swiggy,Dinner,COCO,Kerela,2758.56,1408.44,130.5,4017.0,0,11,35.061986557132194,250.77818181818182,200-300,30%-40%
Frozen Bottle,2026-09-02,WK 36,Kakkanad,Swiggy,Late Night,COCO,Kerela,2017.57,1340.43,94.92,3238.0,0,12,41.396849907350216,168.13083333333333,100-200,40%-50%
Frozen Bottle,2026-09-02,WK 36,Kakkanad,Swiggy,Lunch,COCO,Kerela,1146.56,760.44,53.86,1837.0,0,7,41.39575394665215,163.7942857142857,100-200,40%-50%
Frozen Bottle,2026-09-02,WK 36,Kakkanad,Swiggy,Snacks,COCO,Kerela,2311.0,1234.0,108.62,3405.0,0,8,36.24082232011747,288.875,200-300,30%-40%
Frozen Bottle,2026-09-02,WK 36,Kakkanad,Zomato,Dinner,COCO,Kerela,224.5,205.5,11.24,410.0,0,2,50.1219512195122,112.25,100-200,50%-60%
Frozen Bottle,2026-09-02,WK 36,Kakkanad,Zomato,Late Night,COCO,Kerela,777.5,652.5,38.88,1380.0,0,3,47.28260869565217,259.1666666666667,200-300,40%-50%
Frozen Bottle,2026-09-02,WK 36,Kakkanad,Zomato,Lunch,COCO,Kerela,320.0,300.0,16.0,600.0,0,1,50.0,320.0,300-400,40%-50%
Frozen Bottle,2026-09-02,WK 36,Kakkanad,Zomato,Snacks,COCO,Kerela,554.0,515.0,27.72,1029.0,0,3,50.0485908649174,184.66666666666666,100-200,50%-60%
Madno,2026-09-02,WK 36,Kakkanad,Swiggy,Closing,COCO,Kerela,200.0,0.0,9.5,190.0,0,1,0.0,200.0,100-200,0%
Madno,2026-09-02,WK 36,Kakkanad,Swiggy,Dinner,COCO,Kerela,1439.0,262.0,68.48,1631.0,0,6,16.063764561618637,239.83333333333334,200-300,10%-20%
Madno,2026-09-02,WK 36,Kakkanad,Swiggy,Late Night,COCO,Kerela,481.0,100.0,22.560000000000002,551.0,0,2,18.148820326678766,240.5,200-300,10%-20%
Madno,2026-09-02,WK 36,Kakkanad,Swiggy,Lunch,COCO,Kerela,970.0,466.0,45.02,1366.0,0,4,34.11420204978038,242.5,200-300,30%-40%
Madno,2026-09-02,WK 36,Kakkanad,Swiggy,Snacks,COCO,Kerela,1455.65,839.35,67.8,2195.0,0,5,38.239179954441916,291.13,200-300,30%-40%
Madno,2026-09-02,WK 36,Kakkanad,Zomato,Dinner,COCO,Kerela,581.0,180.0,29.04,731.0,0,2,24.623803009575923,290.5,200-300,20%-30%
Madno,2026-09-02,WK 36,Kakkanad,Zomato,Late Night,COCO,Kerela,745.0,355.0,37.239999999999995,1060.0,0,2,33.490566037735846,372.5,300-400,30%-40%
Madno,2026-09-02,WK 36,Kakkanad,Zomato,Lunch,COCO,Kerela,200.0,0.0,10.0,190.0,0,1,0.0,200.0,100-200,0%
Frozen Bottle,2026-09-02,WK 36,Kakkanad-2,In Store,Dinner,FOFO,Kerela,376.0,0.0,18.8,376.0,0,2,0.0,188.0,100-200,0%
Frozen Bottle,2026-09-02,WK 36,Kakkanad-2,In Store,Late Night,FOFO,Kerela,518.0,0.0,25.92,518.0,0,2,0.0,259.0,200-300,0%
Frozen Bottle,2026-09-02,WK 36,Kakkanad-2,In Store,Lunch,FOFO,Kerela,397.0,0.0,19.86,397.0,0,2,0.0,198.5,100-200,0%
Frozen Bottle,2026-09-02,WK 36,Kakkanad-2,In Store,Snacks,FOFO,Kerela,258.0,0.0,12.9,258.0,0,1,0.0,258.0,200-300,0%
Frozen Bottle,2026-09-02,WK 36,Kakkanad-2,Swiggy,Dinner,FOFO,Kerela,400.0,0.0,19.5,390.0,0,1,0.0,400.0,300-400,0%
Frozen Bottle,2026-09-02,WK 36,Kakkanad-2,Swiggy,Snacks,FOFO,Kerela,1197.0,0.0,57.36,1147.0,0,2,0.0,598.5,500-600,0%
Frozen Bottle,2026-09-02,WK 36,Kakkanad-2,Zomato,Snacks,FOFO,Kerela,390.0,0.0,19.52,370.0,0,1,0.0,390.0,300-400,0%
Frozen Bottle,2026-09-02,WK 36,Kalyan,In Store,Breakfast,COCO,MH,246.23,239.77,12.32,486.0,0,1,49.33539094650206,246.23,200-300,40%-50%
Frozen Bottle,2026-09-02,WK 36,Kalyan,In Store,Dinner,COCO,MH,2426.7,1172.4499999999998,121.34,3599.15,0,11,32.575747051387125,220.6090909090909,200-300,30%-40%
Frozen Bottle,2026-09-02,WK 36,Kalyan,In Store,Lunch,COCO,MH,921.85,388.15,46.12,1310.0,0,5,29.62977099236641,184.37,100-200,20%-30%
Frozen Bottle,2026-09-02,WK 36,Kalyan,In Store,Snacks,COCO,MH,3251.0,0.0,162.56,3251.0,0,5,0.0,650.2,600-900,0%
Frozen Bottle,2026-09-02,WK 36,Kalyan,Swiggy,Dinner,COCO,MH,2443.69,1226.31,115.72,3540.0,0,10,34.641525423728815,244.369,200-300,30%-40%
Frozen Bottle,2026-09-02,WK 36,Kalyan,Swiggy,Late Night,COCO,MH,861.56,426.44,41.6,1258.0,0,4,33.89825119236884,215.39,200-300,30%-40%
Frozen Bottle,2026-09-02,WK 36,Kalyan,Swiggy,Lunch,COCO,MH,571.0,365.0,27.58,916.0,0,3,39.8471615720524,190.33333333333334,100-200,30%-40%
Frozen Bottle,2026-09-02,WK 36,Kalyan,Swiggy,Snacks,COCO,MH,97.56,111.44,4.38,199.0,0,1,55.99999999999999,97.56,0-100,50%-60%
Frozen Bottle,2026-09-02,WK 36,Kalyan,Zomato,Dinner,COCO,MH,1635.0,695.0,81.78,2250.0,0,5,30.88888888888889,327.0,300-400,30%-40%
Frozen Bottle,2026-09-02,WK 36,Kalyan,Zomato,Late Night,COCO,MH,1659.0,714.99,83.0,2273.99,0,5,31.442090774365766,331.8,300-400,30%-40%
Frozen Bottle,2026-09-02,WK 36,Kalyan,Zomato,Lunch,COCO,MH,1586.0,805.0,79.32,2301.0,0,5,34.98478922207735,317.2,300-400,30%-40%
Frozen Bottle,2026-09-02,WK 36,Kalyan,Zomato,Snacks,COCO,MH,1294.0,324.99,64.7,1548.99,0,4,20.98076811341584,323.5,300-400,20%-30%
Madno,2026-09-02,WK 36,Kalyan,Swiggy,Late Night,COCO,MH,449.0,154.0,20.96,573.0,0,1,26.876090750436298,449.0,400-500,20%-30%
Madno,2026-09-02,WK 36,Kalyan,Swiggy,Snacks,COCO,MH,278.0,73.0,12.9,331.0,0,1,22.054380664652566,278.0,200-300,20%-30%
Madno,2026-09-02,WK 36,Kalyan,Zomato,Lunch,COCO,MH,150.0,80.0,7.5,220.0,0,1,36.36363636363637,150.0,100-200,30%-40%
Boba Bar,2026-09-02,WK 36,Kammanhalli,Swiggy,Dinner,COCO,KA,208.0,161.0,9.4,349.0,0,1,46.13180515759313,208.0,200-300,40%-50%
Boba Bar,2026-09-02,WK 36,Kammanhalli,Swiggy,Lunch,COCO,KA,280.0,60.0,13.5,330.0,0,1,18.181818181818183,280.0,200-300,10%-20%
Frozen Bottle,2026-09-02,WK 36,Kammanhalli,In Store,Dinner,COCO,KA,2970.58,212.17000000000002,148.58,3182.75,0,14,6.666247741732779,212.18428571428572,200-300,1%-10%
Frozen Bottle,2026-09-02,WK 36,Kammanhalli,In Store,Lunch,COCO,KA,1908.78,217.22,95.48,2126.0,0,8,10.217309501411101,238.5975,200-300,10%-20%
Frozen Bottle,2026-09-02,WK 36,Kammanhalli,In Store,Snacks,COCO,KA,3263.23,646.61,163.22,3909.84,0,13,16.53801690094735,251.0176923076923,200-300,10%-20%
Frozen Bottle,2026-09-02,WK 36,Kammanhalli,Ownly,Late Night,COCO,KA,324.0,0.0,16.22,324.0,0,2,0.0,162.0,100-200,0%
Frozen Bottle,2026-09-02,WK 36,Kammanhalli,Swiggy,Dinner,COCO,KA,3773.6,2189.73,178.72,5763.33,0,18,37.99418044776197,209.64444444444445,200-300,30%-40%
Frozen Bottle,2026-09-02,WK 36,Kammanhalli,Swiggy,Late Night,COCO,KA,3063.0,1282.0,145.7,4195.0,0,12,30.560190703218115,255.25,200-300,30%-40%
Frozen Bottle,2026-09-02,WK 36,Kammanhalli,Swiggy,Lunch,COCO,KA,703.0,416.0,33.16,1079.0,0,3,38.55421686746988,234.33333333333334,200-300,30%-40%
Frozen Bottle,2026-09-02,WK 36,Kammanhalli,Swiggy,Snacks,COCO,KA,2128.02,951.98,100.94,2970.0,0,6,32.053198653198656,354.67,300-400,30%-40%
Frozen Bottle,2026-09-02,WK 36,Kammanhalli,Zomato,Dinner,COCO,KA,1249.0,412.0,62.480000000000004,1611.0,0,4,25.574177529484793,312.25,300-400,20%-30%
Frozen Bottle,2026-09-02,WK 36,Kammanhalli,Zomato,Late Night,COCO,KA,180.0,140.0,9.0,310.0,0,1,45.16129032258064,180.0,100-200,40%-50%
Frozen Bottle,2026-09-02,WK 36,Kammanhalli,Zomato,Lunch,COCO,KA,1020.5,654.5,51.040000000000006,1615.0,0,3,40.526315789473685,340.1666666666667,300-400,40%-50%
Frozen Bottle,2026-09-02,WK 36,Kammanhalli,Zomato,Snacks,COCO,KA,2689.1800000000003,769.8,134.5,3369.0,0,5,22.849510240427424,537.836,500-600,20%-30%
Madno,2026-09-02,WK 36,Kammanhalli,Ownly,Dinner,COCO,KA,118.0,0.0,5.9,118.0,0,1,0.0,118.0,100-200,0%
Madno,2026-09-02,WK 36,Kammanhalli,Ownly,Snacks,COCO,KA,195.0,0.0,9.76,195.0,0,1,0.0,195.0,100-200,0%
Madno,2026-09-02,WK 36,Kammanhalli,Swiggy,Breakfast,COCO,KA,270.0,60.0,13.0,320.0,0,1,18.75,270.0,200-300,10%-20%
Madno,2026-09-02,WK 36,Kammanhalli,Swiggy,Dinner,COCO,KA,1119.01,302.99,54.46,1392.0,0,3,21.76652298850575,373.00333333333333,300-400,20%-30%
Madno,2026-09-02,WK 36,Kammanhalli,Swiggy,Late Night,COCO,KA,1127.0,499.0,54.36,1586.0,0,5,31.46279949558638,225.4,200-300,30%-40%
Madno,2026-09-02,WK 36,Kammanhalli,Swiggy,Lunch,COCO,KA,195.0,85.0,9.76,280.0,0,1,30.357142857142854,195.0,100-200,30%-40%
Madno,2026-09-02,WK 36,Kammanhalli,Swiggy,Snacks,COCO,KA,181.0,129.0,9.06,310.0,0,1,41.612903225806456,181.0,100-200,40%-50%
Madno,2026-09-02,WK 36,Kammanhalli,Zomato,Dinner,COCO,KA,781.0,471.0,39.06,1212.0,0,2,38.86138613861386,390.5,300-400,30%-40%
Madno,2026-09-02,WK 36,Kammanhalli,Zomato,Late Night,COCO,KA,581.0,271.0,29.06,822.0,0,1,32.968369829683695,581.0,500-600,30%-40%
Boba Bar,2026-09-02,WK 36,Kamothe,Swiggy,Dinner,COCO,MH,399.0,370.0,18.46,739.0,0,1,50.06765899864683,399.0,300-400,50%-60%
Boba Bar,2026-09-02,WK 36,Kamothe,Zomato,Dinner,COCO,MH,398.5,129.5,19.92,518.0,0,1,25.0,398.5,300-400,20%-30%
Frozen Bottle,2026-09-02,WK 36,Kamothe,In Store,Dinner,COCO,MH,298.0,0.0,14.920000000000002,298.0,0,2,0.0,149.0,100-200,0%
Frozen Bottle,2026-09-02,WK 36,Kamothe,In Store,Snacks,COCO,MH,376.83,319.11,18.82,695.94,0,5,45.85309078368825,75.366,0-100,40%-50%
Frozen Bottle,2026-09-02,WK 36,Kamothe,Swiggy,Dinner,COCO,MH,2379.01,1380.99,111.5,3610.0,0,7,38.25457063711911,339.85857142857145,300-400,30%-40%
Frozen Bottle,2026-09-02,WK 36,Kamothe,Swiggy,Late Night,COCO,MH,1655.0,782.0,78.76,2357.0,0,6,33.177768349596946,275.8333333333333,200-300,30%-40%
Frozen Bottle,2026-09-02,WK 36,Kamothe,Swiggy,Snacks,COCO,MH,615.0,415.0,28.759999999999998,990.0,0,2,41.91919191919192,307.5,300-400,40%-50%
Frozen Bottle,2026-09-02,WK 36,Kamothe,Zomato,Dinner,COCO,MH,2264.0,1055.0,113.22,3209.0,0,6,32.87628544717981,377.3333333333333,300-400,30%-40%
Frozen Bottle,2026-09-02,WK 36,Kamothe,Zomato,Late Night,COCO,MH,250.0,230.0,12.52,460.0,0,2,50.0,125.0,100-200,40%-50%
Frozen Bottle,2026-09-02,WK 36,Kamothe,Zomato,Snacks,COCO,MH,944.0,445.0,47.22,1339.0,0,3,33.23375653472741,314.6666666666667,300-400,30%-40%
Madno,2026-09-02,WK 36,Kamothe,Swiggy,Dinner,COCO,MH,963.0,198.0,45.66,1111.0,0,3,17.82178217821782,321.0,300-400,10%-20%
Madno,2026-09-02,WK 36,Kamothe,Swiggy,Late Night,COCO,MH,199.0,31.0,9.96,230.0,0,1,13.478260869565217,199.0,100-200,10%-20%
Madno,2026-09-02,WK 36,Kamothe,Zomato,Dinner,COCO,MH,305.5,95.5,15.28,381.0,0,1,25.065616797900265,305.5,300-400,20%-30%
Madno,2026-09-02,WK 36,Kamothe,Zomato,Late Night,COCO,MH,105.0,95.0,5.26,190.0,0,1,50.0,105.0,100-200,40%-50%
Boba Bar,2026-09-02,WK 36,Kanakapura,Swiggy,Breakfast,COCO,KA,319.0,199.0,15.96,518.0,0,1,38.41698841698842,319.0,300-400,30%-40%
Boba Bar,2026-09-02,WK 36,Kanakapura,Swiggy,Dinner,COCO,KA,195.0,86.0,9.76,281.0,0,1,30.604982206405694,195.0,100-200,30%-40%
Frozen Bottle,2026-09-02,WK 36,Kanakapura,In Store,Dinner,COCO,KA,1977.8600000000001,101.89,98.89999999999999,2079.75,0,9,4.8991465320351,219.76222222222225,200-300,1%-10%
Frozen Bottle,2026-09-02,WK 36,Kanakapura,In Store,Late Night,COCO,KA,1154.33,0.0,57.76,1154.33,0,8,0.0,144.29125,100-200,0%
Frozen Bottle,2026-09-02,WK 36,Kanakapura,In Store,Lunch,COCO,KA,930.2,46.8,46.54,977.0,0,6,4.790174002047083,155.03333333333333,100-200,1%-10%
Frozen Bottle,2026-09-02,WK 36,Kanakapura,In Store,Snacks,COCO,KA,750.3,631.07,37.54,1381.37,0,8,45.684356834157406,93.7875,0-100,40%-50%
Frozen Bottle,2026-09-02,WK 36,Kanakapura,Swiggy,Breakfast,COCO,KA,139.0,101.0,6.46,230.0,0,1,43.913043478260875,139.0,100-200,40%-50%
Frozen Bottle,2026-09-02,WK 36,Kanakapura,Swiggy,Dinner,COCO,KA,2438.13,1118.53,114.44,3406.66,0,8,32.83362589750665,304.76625,300-400,30%-40%
Frozen Bottle,2026-09-02,WK 36,Kanakapura,Swiggy,Late Night,COCO,KA,1115.0,552.6600000000001,52.26,1597.66,0,2,34.59184056682899,557.5,500-600,30%-40%
Frozen Bottle,2026-09-02,WK 36,Kanakapura,Swiggy,Snacks,COCO,KA,2737.02,1046.31,129.88,3643.33,0,7,28.718507519220054,391.0028571428571,300-400,20%-30%
Frozen Bottle,2026-09-02,WK 36,Kanakapura,Zomato,Dinner,COCO,KA,2808.0,1116.97,140.46,3794.9700000000003,0,8,29.432907243008504,351.0,300-400,20%-30%
Frozen Bottle,2026-09-02,WK 36,Kanakapura,Zomato,Late Night,COCO,KA,383.6,215.4,19.18,579.0,0,1,37.2020725388601,383.6,300-400,30%-40%
Frozen Bottle,2026-09-02,WK 36,Kanakapura,Zomato,Snacks,COCO,KA,756.76,304.58000000000004,37.88,1011.34,0,3,30.11647912670319,252.25333333333333,200-300,30%-40%
Madno,2026-09-02,WK 36,Kanakapura,Ownly,Dinner,COCO,KA,398.0,0.0,19.9,398.0,0,1,0.0,398.0,300-400,0%
Madno,2026-09-02,WK 36,Kanakapura,Swiggy,Breakfast,COCO,KA,207.0,173.0,9.36,360.0,0,1,48.05555555555556,207.0,200-300,40%-50%
Madno,2026-09-02,WK 36,Kanakapura,Swiggy,Dinner,COCO,KA,499.0,392.0,23.96,871.0,0,2,45.00574052812859,249.5,200-300,40%-50%
Madno,2026-09-02,WK 36,Kanakapura,Swiggy,Late Night,COCO,KA,500.0,390.0,24.0,870.0,0,2,44.827586206896555,250.0,200-300,40%-50%
Madno,2026-09-02,WK 36,Kanakapura,Zomato,Dinner,COCO,KA,1623.23,421.1,81.18,1964.33,0,5,21.437334867359358,324.646,300-400,20%-30%
Madno,2026-09-02,WK 36,Kanakapura,Zomato,Lunch,COCO,KA,213.33,150.0,10.68,343.33,0,1,43.689744560626806,213.33,200-300,40%-50%
Frozen Bottle,2026-09-02,WK 36,Kancheepuram,In Store,Dinner,FOFO,TN,3701.0,0.0,185.07999999999998,3701.0,0,10,0.0,370.1,300-400,0%
Frozen Bottle,2026-09-02,WK 36,Kancheepuram,In Store,Lunch,FOFO,TN,684.0,0.0,34.22,684.0,0,4,0.0,171.0,100-200,0%
Frozen Bottle,2026-09-02,WK 36,Kancheepuram,In Store,Snacks,FOFO,TN,1015.0,0.0,50.800000000000004,1015.0,0,5,0.0,203.0,200-300,0%
Frozen Bottle,2026-09-02,WK 36,Kancheepuram,Swiggy,Dinner,FOFO,TN,1330.0,0.0,64.02,1280.0,0,3,0.0,443.3333333333333,400-500,0%
Frozen Bottle,2026-09-02,WK 36,Kancheepuram,Swiggy,Lunch,FOFO,TN,1610.0,0.0,78.0,1560.0,0,2,0.0,805.0,600-900,0%
Frozen Bottle,2026-09-02,WK 36,Kancheepuram,Swiggy,Snacks,FOFO,TN,2826.0,0.0,136.3,2726.0,0,2,0.0,1413.0,>900,0%
Frozen Bottle,2026-09-02,WK 36,Kancheepuram,Zomato,Dinner,FOFO,TN,309.0,0.0,15.46,299.0,0,1,0.0,309.0,300-400,0%
Frozen Bottle,2026-09-02,WK 36,Kancheepuram,Zomato,Lunch,FOFO,TN,309.0,0.0,15.46,299.0,0,1,0.0,309.0,300-400,0%
Frozen Bottle,2026-09-02,WK 36,Kancheepuram,Zomato,Snacks,FOFO,TN,280.0,0.0,14.0,270.0,0,1,0.0,280.0,200-300,0%
Frozen Bottle,2026-09-02,WK 36,Kanuru,In Store,Dinner,FOFO,AP & TL,741.0,0.0,37.08,741.0,0,5,0.0,148.2,100-200,0%
Frozen Bottle,2026-09-02,WK 36,Kanuru,In Store,Lunch,FOFO,AP & TL,338.0,0.0,16.9,338.0,0,1,0.0,338.0,300-400,0%
Frozen Bottle,2026-09-02,WK 36,Kanuru,In Store,Snacks,FOFO,AP & TL,665.0,0.0,33.26,665.0,0,3,0.0,221.66666666666666,200-300,0%
Frozen Bottle,2026-09-02,WK 36,Kanuru,Swiggy,Dinner,FOFO,AP & TL,906.0,501.0,42.8,1357.0,0,2,36.919675755342666,453.0,400-500,30%-40%
Frozen Bottle,2026-09-02,WK 36,Kanuru,Swiggy,Snacks,FOFO,AP & TL,209.0,0.0,9.96,199.0,0,1,0.0,209.0,200-300,0%
Frozen Bottle,2026-09-02,WK 36,Kanuru,Zomato,Dinner,FOFO,AP & TL,800.0,0.0,40.0,780.0,0,1,0.0,800.0,600-900,0%
Frozen Bottle,2026-09-02,WK 36,Kanuru,Zomato,Lunch,FOFO,AP & TL,898.0,0.0,44.92,858.0,0,3,0.0,299.3333333333333,200-300,0%
Frozen Bottle,2026-09-02,WK 36,Kanuru,Zomato,Snacks,FOFO,AP & TL,799.0,0.0,39.96,769.0,0,2,0.0,399.5,300-400,0%
Madno,2026-09-02,WK 36,Kanuru,Swiggy,Breakfast,FOFO,AP & TL,462.0,0.0,22.1,442.0,0,1,0.0,462.0,400-500,0%
Frozen Bottle,2026-09-02,WK 36,Karaikal,In Store,Dinner,FOFO,TN,78.0,0.0,3.9,78.0,0,1,0.0,78.0,0-100,0%
Frozen Bottle,2026-09-02,WK 36,Karaikal,In Store,Lunch,FOFO,TN,368.0,0.0,18.4,368.0,0,1,0.0,368.0,300-400,0%
Frozen Bottle,2026-09-02,WK 36,Karaikal,In Store,Snacks,FOFO,TN,2462.0,0.0,123.14,2462.0,0,6,0.0,410.3333333333333,400-500,0%
Frozen Bottle,2026-09-02,WK 36,Karaikal,Swiggy,Lunch,FOFO,TN,380.0,0.0,18.0,360.0,0,1,0.0,380.0,300-400,0%
Frozen Bottle,2026-09-02,WK 36,Karur,In Store,Dinner,FOFO,TN,2449.69,0.0,122.5,2449.69,0,7,0.0,349.9557142857143,300-400,0%
Frozen Bottle,2026-09-02,WK 36,Karur,In Store,Lunch,FOFO,TN,894.0,0.0,44.74,894.0,0,5,0.0,178.8,100-200,0%
Frozen Bottle,2026-09-02,WK 36,Karur,In Store,Snacks,FOFO,TN,1475.33,0.0,73.8,1475.33,0,5,0.0,295.066,200-300,0%
Frozen Bottle,2026-09-02,WK 36,Kazhakkoottam,In Store,Closing,FOFO,Kerela,467.0,0.0,23.36,467.0,0,2,0.0,233.5,200-300,0%
Frozen Bottle,2026-09-02,WK 36,Kazhakkoottam,In Store,Dinner,FOFO,Kerela,1085.0,0.0,54.260000000000005,1085.0,0,3,0.0,361.6666666666667,300-400,0%
Frozen Bottle,2026-09-02,WK 36,Kazhakkoottam,In Store,Lunch,FOFO,Kerela,477.0,0.0,23.880000000000003,477.0,0,3,0.0,159.0,100-200,0%
Frozen Bottle,2026-09-02,WK 36,Kazhakkoottam,In Store,Snacks,FOFO,Kerela,854.0,0.0,42.699999999999996,854.0,0,2,0.0,427.0,400-500,0%
Frozen Bottle,2026-09-02,WK 36,Kazhakkoottam,Swiggy,Lunch,FOFO,Kerela,480.0,0.0,23.0,460.0,0,1,0.0,480.0,400-500,0%
Frozen Bottle,2026-09-02,WK 36,Kazhakkoottam,Swiggy,Snacks,FOFO,Kerela,849.0,0.0,40.96,819.0,0,1,0.0,849.0,600-900,0%
Frozen Bottle,2026-09-02,WK 36,Kazhakkoottam,Zomato,Dinner,FOFO,Kerela,200.0,80.0,10.0,270.0,0,1,29.629629629629626,200.0,100-200,20%-30%
Frozen Bottle,2026-09-02,WK 36,Kazhakkoottam,Zomato,Late Night,FOFO,Kerela,779.52,291.48,38.98,1041.0,0,1,28.000000000000004,779.52,600-900,20%-30%
Frozen Bottle,2026-09-02,WK 36,Kazhakkoottam,Zomato,Lunch,FOFO,Kerela,219.0,80.0,10.96,289.0,0,1,27.68166089965398,219.0,200-300,20%-30%
Frozen Bottle,2026-09-02,WK 36,Kempfort,In Store,Dinner,COCO,KA,555.59,132.64000000000001,27.8,688.23,0,7,19.27262688345466,79.37,0-100,10%-20%
Frozen Bottle,2026-09-02,WK 36,Kempfort,In Store,Late Night,COCO,KA,796.0,0.0,39.82,796.0,0,2,0.0,398.0,300-400,0%
Frozen Bottle,2026-09-02,WK 36,Kempfort,In Store,Snacks,COCO,KA,406.03,247.97000000000003,20.3,654.0,0,5,37.915902140672785,81.20599999999999,0-100,30%-40%
Frozen Bottle,2026-09-02,WK 36,Kempfort,Swiggy,Breakfast,COCO,KA,209.0,112.0,9.96,311.0,0,1,36.01286173633441,209.0,200-300,30%-40%
Frozen Bottle,2026-09-02,WK 36,Kempfort,Swiggy,Dinner,COCO,KA,4017.02,2277.98,192.4,6125.0,0,15,37.19151020408164,267.80133333333333,200-300,30%-40%
Frozen Bottle,2026-09-02,WK 36,Kempfort,Swiggy,Late Night,COCO,KA,780.0,224.0,37.0,964.0,0,2,23.236514522821576,390.0,300-400,20%-30%
Frozen Bottle,2026-09-02,WK 36,Kempfort,Swiggy,Snacks,COCO,KA,739.0,631.3299999999999,33.46,1300.33,0,3,48.551521536840646,246.33333333333334,200-300,40%-50%
Frozen Bottle,2026-09-02,WK 36,Kempfort,Zomato,Dinner,COCO,KA,455.0,315.0,22.78,740.0,0,3,42.567567567567565,151.66666666666666,100-200,40%-50%
Frozen Bottle,2026-09-02,WK 36,Kempfort,Zomato,Late Night,COCO,KA,1508.9,623.1,75.46,2062.0,0,5,30.218234723569353,301.78000000000003,300-400,30%-40%
Frozen Bottle,2026-09-02,WK 36,Kempfort,Zomato,Lunch,COCO,KA,235.0,175.0,11.76,400.0,0,1,43.75,235.0,200-300,40%-50%
Frozen Bottle,2026-09-02,WK 36,Kempfort,Zomato,Snacks,COCO,KA,1099.0,490.0,54.980000000000004,1519.0,0,6,32.25806451612903,183.16666666666666,100-200,30%-40%
Madno,2026-09-02,WK 36,Kempfort,Ownly,Dinner,COCO,KA,168.0,0.0,8.4,168.0,0,1,0.0,168.0,100-200,0%
Madno,2026-09-02,WK 36,Kempfort,Swiggy,Dinner,COCO,KA,438.25,131.75,20.92,550.0,0,2,23.954545454545453,219.125,200-300,20%-30%
Madno,2026-09-02,WK 36,Kempfort,Swiggy,Late Night,COCO,KA,138.0,102.0,6.4,230.0,0,1,44.34782608695652,138.0,100-200,40%-50%
Madno,2026-09-02,WK 36,Kempfort,Swiggy,Snacks,COCO,KA,1231.0,122.85,59.56,1313.85,0,1,9.35038246375157,1231.0,>900,1%-10%
Madno,2026-09-02,WK 36,Kempfort,Zomato,Dinner,COCO,KA,337.5,93.5,16.88,411.0,0,2,22.74939172749392,168.75,100-200,20%-30%
Madno,2026-09-02,WK 36,Kempfort,Zomato,Late Night,COCO,KA,160.0,80.0,8.0,230.0,0,1,34.78260869565217,160.0,100-200,30%-40%
Madno,2026-09-02,WK 36,Kempfort,Zomato,Lunch,COCO,KA,160.0,251.0,8.0,401.0,0,1,62.593516209476306,160.0,100-200,60%-70%
Frozen Bottle,2026-09-02,WK 36,Kengeri,In Store,Breakfast,FOFO,KA,169.0,0.0,8.46,169.0,0,1,0.0,169.0,100-200,0%
Frozen Bottle,2026-09-02,WK 36,Kengeri,In Store,Dinner,FOFO,KA,408.0,0.0,20.42,408.0,0,2,0.0,204.0,200-300,0%
Frozen Bottle,2026-09-02,WK 36,Kengeri,In Store,Lunch,FOFO,KA,39.0,0.0,1.96,39.0,0,1,0.0,39.0,0-100,0%
Frozen Bottle,2026-09-02,WK 36,Kengeri,In Store,Snacks,FOFO,KA,0.0,199.0,0.0,199.0,0,1,100.0,0.0,,90%-100%
Frozen Bottle,2026-09-02,WK 36,Kengeri,Swiggy,Dinner,FOFO,KA,659.0,0.0,31.96,639.0,0,1,0.0,659.0,600-900,0%
Frozen Bottle,2026-09-02,WK 36,Kengeri,Swiggy,Late Night,FOFO,KA,2241.01,99.99,109.06,2281.0,0,3,4.383603682595353,747.0033333333334,600-900,1%-10%
Frozen Bottle,2026-09-02,WK 36,Kengeri,Swiggy,Lunch,FOFO,KA,657.0,434.0,32.86,1091.0,0,2,39.780018331805685,328.5,300-400,30%-40%
Frozen Bottle,2026-09-02,WK 36,Kengeri,Swiggy,Snacks,FOFO,KA,1142.01,219.99,55.1,1322.0,0,2,16.640695915279878,571.005,500-600,10%-20%
Frozen Bottle,2026-09-02,WK 36,Kengeri,Zomato,Dinner,FOFO,KA,907.0,33.0,45.36,910.0,0,2,3.626373626373627,453.5,400-500,1%-10%
Frozen Bottle,2026-09-02,WK 36,Kengeri,Zomato,Snacks,FOFO,KA,221.0,100.0,11.06,311.0,0,1,32.154340836012864,221.0,200-300,30%-40%
Boba Bar,2026-09-02,WK 36,Khar,Swiggy,Snacks,COCO,MH,566.5,185.83,26.34,712.3299999999999,0,2,26.087627925259365,283.25,200-300,20%-30%
Boba Bar,2026-09-02,WK 36,Khar,Zomato,Dinner,COCO,MH,240.0,50.0,12.0,280.0,0,1,17.857142857142858,240.0,200-300,10%-20%
Frozen Bottle,2026-09-02,WK 36,Khar,Swiggy,Closing,COCO,MH,257.0,223.0,11.86,460.0,0,1,48.47826086956522,257.0,200-300,40%-50%
Frozen Bottle,2026-09-02,WK 36,Khar,Swiggy,Dinner,COCO,MH,3079.0,1281.0,146.98,4220.0,0,11,30.355450236966824,279.90909090909093,200-300,30%-40%
Frozen Bottle,2026-09-02,WK 36,Khar,Swiggy,Late Night,COCO,MH,376.0,304.99,18.32,670.99,0,2,45.45373254444925,188.0,100-200,40%-50%
Frozen Bottle,2026-09-02,WK 36,Khar,Swiggy,Lunch,COCO,MH,708.0,732.0,32.400000000000006,1380.0,0,3,53.04347826086957,236.0,200-300,50%-60%
Frozen Bottle,2026-09-02,WK 36,Khar,Swiggy,Snacks,COCO,MH,1071.85,602.33,51.6,1634.18,0,5,36.8582408302635,214.36999999999998,200-300,30%-40%
Frozen Bottle,2026-09-02,WK 36,Khar,Zomato,Dinner,COCO,MH,3458.1,1794.9,172.92000000000002,5083.0,0,8,35.31182372614598,432.2625,400-500,30%-40%
Frozen Bottle,2026-09-02,WK 36,Khar,Zomato,Lunch,COCO,MH,1360.7,347.3,68.04,1658.0,0,4,20.94692400482509,340.175,300-400,20%-30%
Frozen Bottle,2026-09-02,WK 36,Khar,Zomato,Snacks,COCO,MH,1827.0,254.0,91.38,2001.0,0,7,12.693653173413294,261.0,200-300,10%-20%
Madno,2026-09-02,WK 36,Khar,Swiggy,Dinner,COCO,MH,200.9,39.1,9.54,230.0,0,1,17.0,200.9,200-300,10%-20%
Madno,2026-09-02,WK 36,Khar,Swiggy,Late Night,COCO,MH,129.0,42.0,6.46,171.0,0,1,24.561403508771928,129.0,100-200,20%-30%
Madno,2026-09-02,WK 36,Khar,Zomato,Late Night,COCO,MH,194.0,46.0,9.7,230.0,0,1,20.0,194.0,100-200,10%-20%
Frozen Bottle,2026-09-02,WK 36,Kharghar,Swiggy,Closing,FOFO,MH,280.0,0.0,13.5,270.0,0,1,0.0,280.0,200-300,0%
Frozen Bottle,2026-09-02,WK 36,Kharghar,Swiggy,Dinner,FOFO,MH,2053.5299999999997,599.47,97.7,2553.0,0,6,23.48100274187231,342.25499999999994,300-400,20%-30%
Frozen Bottle,2026-09-02,WK 36,Kharghar,Swiggy,Late Night,FOFO,MH,480.0,100.0,23.0,560.0,0,2,17.857142857142858,240.0,200-300,10%-20%
Frozen Bottle,2026-09-02,WK 36,Kharghar,Swiggy,Lunch,FOFO,MH,568.0,153.0,27.42,701.0,0,2,21.82596291012839,284.0,200-300,20%-30%
Frozen Bottle,2026-09-02,WK 36,Kharghar,Swiggy,Snacks,FOFO,MH,510.0,120.0,24.5,610.0,0,1,19.672131147540984,510.0,500-600,10%-20%
Frozen Bottle,2026-09-02,WK 36,Kharghar,Zomato,Lunch,FOFO,MH,349.0,0.0,17.46,339.0,0,1,0.0,349.0,300-400,0%
Frozen Bottle,2026-09-02,WK 36,Kharghar,Zomato,Snacks,FOFO,MH,457.0,175.0,22.86,612.0,0,2,28.594771241830063,228.5,200-300,20%-30%
Madno,2026-09-02,WK 36,Kharghar,Swiggy,Late Night,FOFO,MH,173.0,68.0,8.16,231.0,0,1,29.43722943722944,173.0,100-200,20%-30%
Madno,2026-09-02,WK 36,Kharghar,Zomato,Dinner,FOFO,MH,250.0,80.0,12.5,320.0,0,1,25.0,250.0,200-300,20%-30%
Frozen Bottle,2026-09-02,WK 36,Kolar- Highway Star,In Store,Dinner,COCO,KA,3715.23,0.0,185.84,3715.23,0,12,0.0,309.6025,300-400,0%
Frozen Bottle,2026-09-02,WK 36,Kolar- Highway Star,In Store,Lunch,COCO,KA,4615.0599999999995,61.32,230.76,4676.38,0,8,1.3112706837339994,576.8824999999999,500-600,1%-10%
Frozen Bottle,2026-09-02,WK 36,Kolar- Highway Star,In Store,Snacks,COCO,KA,3755.69,488.0,187.82,4243.6900000000005,0,10,11.499426206909552,375.569,300-400,10%-20%
Frozen Bottle,2026-09-02,WK 36,Kolar- Highway Star,Swiggy,Snacks,COCO,KA,329.0,112.0,15.96,431.0,0,1,25.986078886310903,329.0,300-400,20%-30%
Frozen Bottle,2026-09-02,WK 36,Kolar- Highway Star,Zomato,Dinner,COCO,KA,405.0,115.0,20.26,500.0,0,1,23.0,405.0,400-500,20%-30%
Frozen Bottle,2026-09-02,WK 36,Kolathur,Swiggy,Dinner,COCO,TN,3429.01,2055.99,161.48,5285.0,0,9,38.90236518448438,381.00111111111113,300-400,30%-40%
Frozen Bottle,2026-09-02,WK 36,Kolathur,Swiggy,Late Night,COCO,TN,1187.0,840.0,54.4,1927.0,0,7,43.59107420861443,169.57142857142858,100-200,40%-50%
Frozen Bottle,2026-09-02,WK 36,Kolathur,Swiggy,Lunch,COCO,TN,404.0,325.0,19.700000000000003,719.0,0,2,45.20166898470097,202.0,200-300,40%-50%
Frozen Bottle,2026-09-02,WK 36,Kolathur,Swiggy,Snacks,COCO,TN,1327.0,692.0,63.38,1959.0,0,6,35.324144971924454,221.16666666666666,200-300,30%-40%
Frozen Bottle,2026-09-02,WK 36,Kolathur,Zomato,Dinner,COCO,TN,984.4,510.6,49.22,1425.0,0,3,35.83157894736843,328.1333333333333,300-400,30%-40%
Frozen Bottle,2026-09-02,WK 36,Kolathur,Zomato,Late Night,COCO,TN,994.0,306.0,49.7,1260.0,0,2,24.285714285714285,497.0,400-500,20%-30%
Frozen Bottle,2026-09-02,WK 36,Kolathur,Zomato,Snacks,COCO,TN,1111.0,613.0,55.6,1664.0,0,5,36.83894230769231,222.2,200-300,30%-40%
Madno,2026-09-02,WK 36,Kolathur,Swiggy,Snacks,COCO,TN,357.0,186.0,16.36,513.0,0,1,36.25730994152047,357.0,300-400,30%-40%
Madno,2026-09-02,WK 36,Kolathur,Zomato,Late Night,COCO,TN,457.5,145.5,22.88,573.0,0,1,25.392670157068064,457.5,400-500,20%-30%
Frozen Bottle,2026-09-02,WK 36,Kollur,In Store,Closing,FOFO,AP & TL,168.0,0.0,8.42,168.0,0,2,0.0,84.0,0-100,0%
Frozen Bottle,2026-09-02,WK 36,Kollur,In Store,Dinner,FOFO,AP & TL,2870.0,0.0,143.51999999999998,2870.0,0,9,0.0,318.8888888888889,300-400,0%
Frozen Bottle,2026-09-02,WK 36,Kollur,In Store,Late Night,FOFO,AP & TL,478.0,0.0,23.9,478.0,0,1,0.0,478.0,400-500,0%
Frozen Bottle,2026-09-02,WK 36,Kollur,In Store,Lunch,FOFO,AP & TL,1234.0,0.0,61.72,1234.0,0,3,0.0,411.3333333333333,400-500,0%
Frozen Bottle,2026-09-02,WK 36,Kollur,In Store,Snacks,FOFO,AP & TL,1352.0,0.0,67.64,1352.0,0,5,0.0,270.4,200-300,0%
Frozen Bottle,2026-09-02,WK 36,Kollur,Swiggy,Closing,FOFO,AP & TL,290.0,0.0,14.0,280.0,0,1,0.0,290.0,200-300,0%
Frozen Bottle,2026-09-02,WK 36,Kollur,Swiggy,Dinner,FOFO,AP & TL,916.0,73.0,44.8,969.0,0,2,7.533539731682147,458.0,400-500,1%-10%
Frozen Bottle,2026-09-02,WK 36,Kollur,Zomato,Dinner,FOFO,AP & TL,2685.0,175.0,134.26,2770.0,0,4,6.31768953068592,671.25,600-900,1%-10%
Frozen Bottle,2026-09-02,WK 36,Kollur,Zomato,Snacks,FOFO,AP & TL,990.0,175.0,49.5,1115.0,0,2,15.695067264573993,495.0,400-500,10%-20%
Frozen Bottle,2026-09-02,WK 36,Kondhwa,In Store,Dinner,FOFO,MH,1351.0,0.0,67.58,1351.0,0,5,0.0,270.2,200-300,0%
Frozen Bottle,2026-09-02,WK 36,Kondhwa,In Store,Lunch,FOFO,MH,865.0,0.0,43.26,865.0,0,3,0.0,288.3333333333333,200-300,0%
Frozen Bottle,2026-09-02,WK 36,Kondhwa,In Store,Snacks,FOFO,MH,1010.0,0.0,50.519999999999996,1010.0,0,5,0.0,202.0,200-300,0%
Frozen Bottle,2026-09-02,WK 36,Kondhwa,Swiggy,Snacks,FOFO,MH,812.1,86.9,39.1,869.0,0,1,10.0,812.1,600-900,1%-10%
Frozen Bottle,2026-09-02,WK 36,Kondhwa,Zomato,Dinner,FOFO,MH,3490.33,0.0,174.56,3360.33,0,6,0.0,581.7216666666667,500-600,0%
Frozen Bottle,2026-09-02,WK 36,Kondhwa,Zomato,Lunch,FOFO,MH,341.0,0.0,17.06,331.0,0,1,0.0,341.0,300-400,0%
Frozen Bottle,2026-09-02,WK 36,Kondhwa,Zomato,Snacks,FOFO,MH,979.0,0.0,48.96,949.0,0,2,0.0,489.5,400-500,0%
Madno,2026-09-02,WK 36,Kondhwa,Swiggy,Dinner,FOFO,MH,506.02,93.98,24.3,580.0,0,1,16.20344827586207,506.02,500-600,10%-20%
Madno,2026-09-02,WK 36,Kondhwa,Zomato,Late Night,FOFO,MH,630.0,0.0,31.5,610.0,0,1,0.0,630.0,600-900,0%
Boba Bar,2026-09-02,WK 36,Koramangala,Ownly,Dinner,COCO,KA,276.0,0.0,13.8,276.0,0,1,0.0,276.0,200-300,0%
Boba Bar,2026-09-02,WK 36,Koramangala,Swiggy,Dinner,COCO,KA,99.0,91.0,4.96,190.0,0,1,47.89473684210526,99.0,0-100,40%-50%
Boba Bar,2026-09-02,WK 36,Koramangala,Swiggy,Late Night,COCO,KA,509.0,292.0,23.96,771.0,0,2,37.87289234760052,254.5,200-300,30%-40%
Frozen Bottle,2026-09-02,WK 36,Koramangala,In Store,Dinner,COCO,KA,2839.5,311.96000000000004,142.04,3151.46,0,11,9.89890400005077,258.1363636363636,200-300,1%-10%
Frozen Bottle,2026-09-02,WK 36,Koramangala,In Store,Late Night,COCO,KA,1203.0,0.0,60.18,1203.0,0,3,0.0,401.0,400-500,0%
Frozen Bottle,2026-09-02,WK 36,Koramangala,In Store,Lunch,COCO,KA,1168.22,0.0,58.4,1168.22,0,4,0.0,292.055,200-300,0%
Frozen Bottle,2026-09-02,WK 36,Koramangala,In Store,Snacks,COCO,KA,1887.81,134.54,94.4,2022.35,0,8,6.6526565629094865,235.97625,200-300,1%-10%
Frozen Bottle,2026-09-02,WK 36,Koramangala,Swiggy,Breakfast,COCO,KA,478.0,112.0,22.9,570.0,0,1,19.649122807017545,478.0,400-500,10%-20%
Frozen Bottle,2026-09-02,WK 36,Koramangala,Swiggy,Dinner,COCO,KA,2271.0,1716.0,107.58,3867.0,0,11,44.37548487199379,206.45454545454547,200-300,40%-50%
Frozen Bottle,2026-09-02,WK 36,Koramangala,Swiggy,Late Night,COCO,KA,1852.01,966.99,87.66,2719.0,0,9,35.564178006620075,205.7788888888889,200-300,30%-40%
Frozen Bottle,2026-09-02,WK 36,Koramangala,Swiggy,Lunch,COCO,KA,1646.0,782.0,79.32,2368.0,0,6,33.02364864864865,274.3333333333333,200-300,30%-40%
Frozen Bottle,2026-09-02,WK 36,Koramangala,Swiggy,Snacks,COCO,KA,674.0,487.0,32.22,1131.0,0,4,43.05923961096375,168.5,100-200,40%-50%
Frozen Bottle,2026-09-02,WK 36,Koramangala,Zomato,Dinner,COCO,KA,1728.2,938.8,86.46000000000001,2567.0,0,8,36.57187378262563,216.025,200-300,30%-40%
Frozen Bottle,2026-09-02,WK 36,Koramangala,Zomato,Late Night,COCO,KA,405.4,276.6,20.28,662.0,0,2,41.78247734138973,202.7,200-300,40%-50%
Frozen Bottle,2026-09-02,WK 36,Koramangala,Zomato,Lunch,COCO,KA,596.0,363.0,29.8,929.0,0,2,39.07427341227126,298.0,200-300,30%-40%
Frozen Bottle,2026-09-02,WK 36,Koramangala,Zomato,Snacks,COCO,KA,921.5,628.5,46.1,1490.0,0,4,42.18120805369128,230.375,200-300,40%-50%
Madno,2026-09-02,WK 36,Koramangala,Ownly,Snacks,COCO,KA,357.5,0.0,17.88,357.5,0,2,0.0,178.75,100-200,0%
Madno,2026-09-02,WK 36,Koramangala,Swiggy,Snacks,COCO,KA,181.0,129.0,9.06,310.0,0,1,41.612903225806456,181.0,100-200,40%-50%
Madno,2026-09-02,WK 36,Koramangala,Zomato,Late Night,COCO,KA,441.0,100.0,22.04,521.0,0,1,19.193857965451055,441.0,400-500,10%-20%
Madno,2026-09-02,WK 36,Koramangala,Zomato,Lunch,COCO,KA,278.0,80.0,13.9,338.0,0,1,23.668639053254438,278.0,200-300,20%-30%
Frozen Bottle,2026-09-02,WK 36,Koregaon Park - Pune,In Store,Dinner,COCO,MH,859.0,1076.0,42.94,1935.0,0,7,55.60723514211886,122.71428571428571,100-200,50%-60%
Frozen Bottle,2026-09-02,WK 36,Koregaon Park - Pune,In Store,Late Night,COCO,MH,149.4,99.6,7.48,249.0,0,1,40.0,149.4,100-200,30%-40%
Frozen Bottle,2026-09-02,WK 36,Koregaon Park - Pune,In Store,Lunch,COCO,MH,126.31,101.69,6.32,228.0,0,1,44.60087719298246,126.31,100-200,40%-50%
Frozen Bottle,2026-09-02,WK 36,Koregaon Park - Pune,In Store,Snacks,COCO,MH,514.39,646.61,25.72,1161.0,0,4,55.69422911283376,128.5975,100-200,50%-60%
Frozen Bottle,2026-09-02,WK 36,Koregaon Park - Pune,Others,Snacks,COCO,MH,163.67,276.33,8.18,430.0,0,1,64.2627906976744,163.67,100-200,60%-70%
Frozen Bottle,2026-09-02,WK 36,Koregaon Park - Pune,Swiggy,Closing,COCO,MH,238.0,160.0,11.9,398.0,0,1,40.20100502512563,238.0,200-300,40%-50%
Frozen Bottle,2026-09-02,WK 36,Koregaon Park - Pune,Swiggy,Dinner,COCO,MH,2742.0299999999997,1216.97,130.12,3819.0,0,8,31.866195339094006,342.75374999999997,300-400,30%-40%
Frozen Bottle,2026-09-02,WK 36,Koregaon Park - Pune,Swiggy,Late Night,COCO,MH,1073.0,448.0,51.16,1471.0,0,4,30.455472467709043,268.25,200-300,30%-40%
Frozen Bottle,2026-09-02,WK 36,Koregaon Park - Pune,Swiggy,Lunch,COCO,MH,159.0,80.0,7.46,229.0,0,1,34.93449781659388,159.0,100-200,30%-40%
Frozen Bottle,2026-09-02,WK 36,Koregaon Park - Pune,Swiggy,Snacks,COCO,MH,404.0,356.0,18.700000000000003,730.0,0,2,48.76712328767123,202.0,200-300,40%-50%
Frozen Bottle,2026-09-02,WK 36,Koregaon Park - Pune,Zomato,Breakfast,COCO,MH,511.0,230.0,25.56,721.0,0,2,31.900138696255205,255.5,200-300,30%-40%
Frozen Bottle,2026-09-02,WK 36,Koregaon Park - Pune,Zomato,Dinner,COCO,MH,1095.0,125.0,54.760000000000005,1180.0,0,2,10.59322033898305,547.5,500-600,10%-20%
Frozen Bottle,2026-09-02,WK 36,Koregaon Park - Pune,Zomato,Late Night,COCO,MH,240.0,100.0,12.0,330.0,0,1,30.303030303030305,240.0,200-300,30%-40%
Frozen Bottle,2026-09-02,WK 36,Koregaon Park - Pune,Zomato,Lunch,COCO,MH,240.0,50.0,12.0,280.0,0,1,17.857142857142858,240.0,200-300,10%-20%
Frozen Bottle,2026-09-02,WK 36,Koregaon Park - Pune,Zomato,Snacks,COCO,MH,375.0,165.0,18.759999999999998,520.0,0,2,31.73076923076923,187.5,100-200,30%-40%
Madno,2026-09-02,WK 36,Koregaon Park - Pune,Swiggy,Dinner,COCO,MH,755.5,127.5,36.28,853.0,0,2,14.947245017584995,377.75,300-400,10%-20%
Madno,2026-09-02,WK 36,Koregaon Park - Pune,Swiggy,Late Night,COCO,MH,1078.74,242.26,51.94,1281.0,0,3,18.911787665886028,359.58,300-400,10%-20%
Madno,2026-09-02,WK 36,Koregaon Park - Pune,Swiggy,Snacks,COCO,MH,1008.76,191.24,48.44,1160.0,0,2,16.486206896551725,504.38,500-600,10%-20%
Madno,2026-09-02,WK 36,Koregaon Park - Pune,Zomato,Dinner,COCO,MH,330.0,100.0,16.5,410.0,0,1,24.390243902439025,330.0,300-400,20%-30%
Madno,2026-09-02,WK 36,Koregaon Park - Pune,Zomato,Late Night,COCO,MH,211.0,191.0,10.56,382.0,0,1,50.0,211.0,200-300,40%-50%
Madno,2026-09-02,WK 36,Koregaon Park - Pune,Zomato,Snacks,COCO,MH,178.0,42.0,8.9,210.0,0,1,20.0,178.0,100-200,10%-20%
Boba Bar,2026-09-02,WK 36,Kothanur,Swiggy,Snacks,FOFO,KA,149.0,154.33,7.46,303.33,0,1,50.87858108330862,149.0,100-200,50%-60%
Frozen Bottle,2026-09-02,WK 36,Kothanur,In Store,Dinner,FOFO,KA,637.0,0.0,31.86,637.0,0,2,0.0,318.5,300-400,0%
Frozen Bottle,2026-09-02,WK 36,Kothanur,In Store,Snacks,FOFO,KA,317.0,0.0,15.84,317.0,0,1,0.0,317.0,300-400,0%
Frozen Bottle,2026-09-02,WK 36,Kothanur,Swiggy,Dinner,FOFO,KA,2984.9,666.1,143.78,3541.0,0,6,18.811070319118894,497.48333333333335,400-500,10%-20%
Frozen Bottle,2026-09-02,WK 36,Kothanur,Swiggy,Snacks,FOFO,KA,280.0,60.0,13.5,330.0,0,1,18.181818181818183,280.0,200-300,10%-20%
Frozen Bottle,2026-09-02,WK 36,Kothanur,Zomato,Breakfast,FOFO,KA,372.8,239.2,18.64,592.0,0,1,40.4054054054054,372.8,300-400,40%-50%
Frozen Bottle,2026-09-02,WK 36,Kothanur,Zomato,Dinner,FOFO,KA,1489.0,781.0,74.46000000000001,2200.0,0,5,35.5,297.8,200-300,30%-40%
Frozen Bottle,2026-09-02,WK 36,Kothanur,Zomato,Late Night,FOFO,KA,579.9,190.1,29.0,740.0,0,2,25.689189189189186,289.95,200-300,20%-30%
Frozen Bottle,2026-09-02,WK 36,Kothanur,Zomato,Lunch,FOFO,KA,250.0,50.0,12.5,290.0,0,1,17.24137931034483,250.0,200-300,10%-20%
Frozen Bottle,2026-09-02,WK 36,Kothanur,Zomato,Snacks,FOFO,KA,181.0,150.0,9.06,321.0,0,1,46.728971962616825,181.0,100-200,40%-50%
Madno,2026-09-02,WK 36,Kothanur,Swiggy,Dinner,FOFO,KA,668.25,131.75,31.92,770.0,0,3,17.11038961038961,222.75,200-300,10%-20%
Madno,2026-09-02,WK 36,Kothanur,Swiggy,Late Night,FOFO,KA,200.9,39.1,9.54,230.0,0,1,17.0,200.9,200-300,10%-20%
Madno,2026-09-02,WK 36,Kothanur,Zomato,Dinner,FOFO,KA,160.0,80.0,8.0,230.0,0,1,34.78260869565217,160.0,100-200,30%-40%
Frozen Bottle,2026-09-02,WK 36,Kothrud - Pune,In Store,Dinner,FOFO,MH,596.0,0.0,29.82,596.0,0,3,0.0,198.66666666666666,100-200,0%
Frozen Bottle,2026-09-02,WK 36,Kothrud - Pune,In Store,Snacks,FOFO,MH,225.0,0.0,11.26,225.0,0,1,0.0,225.0,200-300,0%
Frozen Bottle,2026-09-02,WK 36,Kotturpuram,In Store,Dinner,FOFO,TN,3920.0,0.0,196.06,3920.0,0,12,0.0,326.6666666666667,300-400,0%
Frozen Bottle,2026-09-02,WK 36,Kotturpuram,In Store,Late Night,FOFO,TN,498.0,0.0,24.92,498.0,0,2,0.0,249.0,200-300,0%
Frozen Bottle,2026-09-02,WK 36,Kotturpuram,In Store,Snacks,FOFO,TN,358.0,0.0,17.9,358.0,0,1,0.0,358.0,300-400,0%
Frozen Bottle,2026-09-02,WK 36,Kotturpuram,Swiggy,Dinner,FOFO,TN,300.0,0.0,14.5,290.0,0,1,0.0,300.0,200-300,0%
Frozen Bottle,2026-09-02,WK 36,Kotturpuram,Swiggy,Lunch,FOFO,TN,168.0,32.0,8.4,200.0,0,1,16.0,168.0,100-200,10%-20%
Frozen Bottle,2026-09-02,WK 36,Kotturpuram,Swiggy,Snacks,FOFO,TN,1371.0,451.0,66.56,1782.0,0,1,25.308641975308642,1371.0,>900,20%-30%
Frozen Bottle,2026-09-02,WK 36,Kotturpuram,Zomato,Dinner,FOFO,TN,2536.0,600.0,126.84,3026.0,0,4,19.82815598149372,634.0,600-900,10%-20%
Frozen Bottle,2026-09-02,WK 36,Kotturpuram,Zomato,Late Night,FOFO,TN,234.0,96.0,11.7,320.0,0,1,30.0,234.0,200-300,20%-30%
Frozen Bottle,2026-09-02,WK 36,Kotturpuram,Zomato,Lunch,FOFO,TN,206.0,84.0,10.3,280.0,0,1,30.0,206.0,200-300,20%-30%
Frozen Bottle,2026-09-02,WK 36,Kurnool,In Store,Dinner,FOFO,AP & TL,485.0,0.0,24.26,485.0,0,2,0.0,242.5,200-300,0%
Frozen Bottle,2026-09-02,WK 36,Kurnool,In Store,Lunch,FOFO,AP & TL,2261.69,0.0,113.12,2261.69,0,6,0.0,376.9483333333333,300-400,0%
Frozen Bottle,2026-09-02,WK 36,Kurnool,In Store,Snacks,FOFO,AP & TL,1601.0,0.0,80.08,1601.0,0,5,0.0,320.2,300-400,0%
Frozen Bottle,2026-09-02,WK 36,Lakshmi Mills,In Store,Dinner,FOFO,TN,1001.0,0.0,50.08,1001.0,0,5,0.0,200.2,200-300,0%
Frozen Bottle,2026-09-02,WK 36,Lakshmi Mills,In Store,Lunch,FOFO,TN,620.0,0.0,31.020000000000003,620.0,0,5,0.0,124.0,100-200,0%
Frozen Bottle,2026-09-02,WK 36,Lakshmi Mills,In Store,Snacks,FOFO,TN,794.5,0.0,39.72,794.5,0,3,0.0,264.8333333333333,200-300,0%
Frozen Bottle,2026-09-02,WK 36,Lakshmi Mills,Swiggy,Dinner,FOFO,TN,3080.77,538.23,149.08,3519.0,0,7,15.294970161977837,440.11,400-500,10%-20%
Frozen Bottle,2026-09-02,WK 36,Lakshmi Mills,Swiggy,Late Night,FOFO,TN,642.5,207.5,31.12,830.0,0,1,25.0,642.5,600-900,20%-30%
Frozen Bottle,2026-09-02,WK 36,Lakshmi Mills,Swiggy,Snacks,FOFO,TN,695.0,145.0,33.260000000000005,810.0,0,2,17.901234567901234,347.5,300-400,10%-20%
Frozen Bottle,2026-09-02,WK 36,Lakshmi Mills,Zomato,Closing,FOFO,TN,190.0,0.0,9.5,180.0,0,1,0.0,190.0,100-200,0%
Frozen Bottle,2026-09-02,WK 36,Lakshmi Mills,Zomato,Dinner,FOFO,TN,771.6,236.39999999999998,38.58,968.0,0,3,24.421487603305785,257.2,200-300,20%-30%
Frozen Bottle,2026-09-02,WK 36,Lakshmi Mills,Zomato,Snacks,FOFO,TN,1221.0,339.0,61.06,1500.0,0,3,22.6,407.0,400-500,20%-30%
Boba Bar,2026-09-02,WK 36,Lokhandwala,Swiggy,Late Night,COCO,MH,178.0,160.0,7.9,318.0,0,1,50.314465408805034,178.0,100-200,50%-60%
Boba Bar,2026-09-02,WK 36,Lokhandwala,Swiggy,Lunch,COCO,MH,139.0,124.33,5.96,243.33,0,1,51.09522048247236,139.0,100-200,50%-60%
Boba Bar,2026-09-02,WK 36,Lokhandwala,Swiggy,Snacks,COCO,MH,386.0,332.0,18.3,698.0,0,2,47.56446991404012,193.0,100-200,40%-50%
Boba Bar,2026-09-02,WK 36,Lokhandwala,Zomato,Dinner,COCO,MH,270.0,0.0,13.5,260.0,0,1,0.0,270.0,200-300,0%
Frozen Bottle,2026-09-02,WK 36,Lokhandwala,In Store,Dinner,COCO,MH,521.83,212.17,26.1,734.0,0,3,28.90599455040872,173.94333333333336,100-200,20%-30%
Frozen Bottle,2026-09-02,WK 36,Lokhandwala,In Store,Late Night,COCO,MH,2158.13,2008.87,107.91999999999999,4167.0,0,7,48.20902327813775,308.30428571428575,300-400,40%-50%
Frozen Bottle,2026-09-02,WK 36,Lokhandwala,In Store,Lunch,COCO,MH,169.78,217.22,8.48,387.0,0,2,56.12919896640827,84.89,0-100,50%-60%
Frozen Bottle,2026-09-02,WK 36,Lokhandwala,In Store,Snacks,COCO,MH,297.99,317.01,14.9,615.0,0,4,51.546341463414635,74.4975,0-100,50%-60%
Frozen Bottle,2026-09-02,WK 36,Lokhandwala,Others,Lunch,COCO,MH,1470.0,0.0,73.5,1400.0,0,1,0.0,1470.0,>900,0%
Frozen Bottle,2026-09-02,WK 36,Lokhandwala,Swiggy,Closing,COCO,MH,169.0,112.0,7.96,271.0,0,1,41.32841328413284,169.0,100-200,40%-50%
Frozen Bottle,2026-09-02,WK 36,Lokhandwala,Swiggy,Dinner,COCO,MH,4157.68,2433.98,193.92,6311.66,0,11,38.563230592268916,377.9709090909091,300-400,30%-40%
Frozen Bottle,2026-09-02,WK 36,Lokhandwala,Swiggy,Late Night,COCO,MH,1378.0,680.0,65.42,1988.0,0,5,34.205231388329985,275.6,200-300,30%-40%
Frozen Bottle,2026-09-02,WK 36,Lokhandwala,Swiggy,Lunch,COCO,MH,435.0,385.0,21.759999999999998,820.0,0,2,46.95121951219512,217.5,200-300,40%-50%
Frozen Bottle,2026-09-02,WK 36,Lokhandwala,Swiggy,Snacks,COCO,MH,745.0,537.0,36.260000000000005,1262.0,0,3,42.55150554675119,248.33333333333334,200-300,40%-50%
Frozen Bottle,2026-09-02,WK 36,Lokhandwala,Zomato,Dinner,COCO,MH,2602.0,770.0,130.14000000000001,3252.0,0,8,23.677736777367777,325.25,300-400,20%-30%
Frozen Bottle,2026-09-02,WK 36,Lokhandwala,Zomato,Late Night,COCO,MH,3312.52,1517.48,165.68,4670.0,0,8,32.494218415417556,414.065,400-500,30%-40%
Frozen Bottle,2026-09-02,WK 36,Lokhandwala,Zomato,Lunch,COCO,MH,709.5,180.5,35.480000000000004,860.0,0,2,20.988372093023255,354.75,300-400,20%-30%
Frozen Bottle,2026-09-02,WK 36,Lokhandwala,Zomato,Snacks,COCO,MH,1195.0,565.0,59.76,1700.0,0,5,33.23529411764706,239.0,200-300,30%-40%
Madno,2026-09-02,WK 36,Lokhandwala,Swiggy,Dinner,COCO,MH,742.35,58.65,35.62,771.0,0,2,7.607003891050583,371.175,300-400,1%-10%
Madno,2026-09-02,WK 36,Lokhandwala,Zomato,Closing,COCO,MH,230.0,80.0,11.5,300.0,0,1,26.666666666666668,230.0,200-300,20%-30%
Madno,2026-09-02,WK 36,Lokhandwala,Zomato,Dinner,COCO,MH,782.0,451.0,39.12,1193.0,0,3,37.80385582564962,260.6666666666667,200-300,30%-40%
Madno,2026-09-02,WK 36,Lokhandwala,Zomato,Late Night,COCO,MH,1071.0,359.99,53.56,1370.99,0,3,26.257667816687214,357.0,300-400,20%-30%
Madno,2026-09-02,WK 36,Lokhandwala,Zomato,Snacks,COCO,MH,552.0,40.0,27.619999999999997,572.0,0,2,6.993006993006993,276.0,200-300,1%-10%
Lubov,2026-09-02,WK 36,Lubov Store,Others,Lunch,COCO,KA,982.46,0.0,65.52,982.46,0,1,0.0,982.46,>900,0%
Lubov,2026-09-02,WK 36,Lubov Store,Others,Snacks,COCO,KA,546.86,364.57,27.34,911.43,0,1,39.99978056460727,546.86,500-600,30%-40%
Lubov,2026-09-02,WK 36,Lubov Store,Swiggy,Dinner,COCO,KA,238.01,79.99,10.4,288.0,0,1,27.774305555555557,238.01,200-300,20%-30%
Lubov,2026-09-02,WK 36,Lubov Store,Swiggy,Lunch,COCO,KA,398.0,0.0,18.9,378.0,0,1,0.0,398.0,300-400,0%
Lubov,2026-09-02,WK 36,Lubov Store,Zomato,Dinner,COCO,KA,1782.2,631.8,89.14000000000001,2354.0,0,5,26.839422259983003,356.44,300-400,20%-30%
Lubov,2026-09-02,WK 36,Lubov Store,Zomato,Snacks,COCO,KA,3116.1,340.9,155.82,3427.0,0,2,9.947475926466296,1558.05,>900,1%-10%
Madno,2026-09-02,WK 36,Madno - Akshay Nagar,In Store,Dinner,FOFO,KA,1669.28,0.0,83.5,1669.28,0,8,0.0,208.66,200-300,0%
Madno,2026-09-02,WK 36,Madno - Akshay Nagar,In Store,Late Night,FOFO,KA,297.51,99.52,14.88,397.03,0,2,25.066115910636476,148.755,100-200,20%-30%
Madno,2026-09-02,WK 36,Madno - Akshay Nagar,In Store,Snacks,FOFO,KA,905.5,298.5,45.28,1204.0,0,3,24.792358803986712,301.8333333333333,300-400,20%-30%
Madno,2026-09-02,WK 36,Madno - Akshay Nagar,Swiggy,Dinner,FOFO,KA,222.0,198.0,10.6,410.0,0,2,48.292682926829265,111.0,100-200,40%-50%
Madno,2026-09-02,WK 36,Madno - Akshay Nagar,Swiggy,Lunch,FOFO,KA,99.0,91.0,4.96,190.0,0,1,47.89473684210526,99.0,0-100,40%-50%
Madno,2026-09-02,WK 36,Madno - Akshay Nagar,Swiggy,Snacks,FOFO,KA,90.0,101.0,4.5,191.0,0,1,52.879581151832454,90.0,0-100,50%-60%
Madno,2026-09-02,WK 36,Madno - Akshay Nagar,Zomato,Dinner,FOFO,KA,821.0,269.0,41.06,1050.0,0,3,25.61904761904762,273.6666666666667,200-300,20%-30%
Madno,2026-09-02,WK 36,Madno - Akshay Nagar,Zomato,Late Night,FOFO,KA,160.0,80.0,8.0,230.0,0,1,34.78260869565217,160.0,100-200,30%-40%
Madno,2026-09-02,WK 36,Madno - Akshay Nagar,Zomato,Lunch,FOFO,KA,800.0,550.0,40.0,1300.0,0,3,42.30769230769231,266.6666666666667,200-300,40%-50%
Madno,2026-09-02,WK 36,Madno - Basaveshwaranagar,In Store,Dinner,FOFO,KA,953.0,0.0,47.66,953.0,0,3,0.0,317.6666666666667,300-400,0%
Madno,2026-09-02,WK 36,Madno - Basaveshwaranagar,In Store,Lunch,FOFO,KA,278.0,0.0,13.9,278.0,0,1,0.0,278.0,200-300,0%
Madno,2026-09-02,WK 36,Madno - Basaveshwaranagar,Swiggy,Dinner,FOFO,KA,1013.0,168.0,48.66,1141.0,0,4,14.723926380368098,253.25,200-300,10%-20%
Madno,2026-09-02,WK 36,Madno - Basaveshwaranagar,Swiggy,Late Night,FOFO,KA,1084.61,235.39,51.24,1260.0,0,4,18.68174603174603,271.1525,200-300,10%-20%
Madno,2026-09-02,WK 36,Madno - Basaveshwaranagar,Swiggy,Snacks,FOFO,KA,1038.0,945.0,51.42,1973.0,0,5,47.89660415610745,207.6,200-300,40%-50%
Madno,2026-09-02,WK 36,Madno - Basaveshwaranagar,Zomato,Dinner,FOFO,KA,240.0,50.0,12.0,280.0,0,1,17.857142857142858,240.0,200-300,10%-20%
Madno,2026-09-02,WK 36,Madno - Basaveshwaranagar,Zomato,Lunch,FOFO,KA,421.0,50.0,21.060000000000002,451.0,0,2,11.086474501108649,210.5,200-300,10%-20%
Madno,2026-09-02,WK 36,Madno - Basaveshwaranagar,Zomato,Snacks,FOFO,KA,372.5,260.49,18.62,602.99,0,1,43.1997213884144,372.5,300-400,40%-50%
Madno,2026-09-02,WK 36,Madno - Eluru,In Store,Dinner,FOFO,AP & TL,853.0,0.0,42.66,853.0,0,3,0.0,284.3333333333333,200-300,0%
Madno,2026-09-02,WK 36,Madno - Eluru,In Store,Snacks,FOFO,AP & TL,1122.0,0.0,56.1,1122.0,0,3,0.0,374.0,300-400,0%
Madno,2026-09-02,WK 36,Madno - Eluru,Swiggy,Dinner,FOFO,AP & TL,600.0,0.0,29.0,580.0,0,2,0.0,300.0,200-300,0%
Madno,2026-09-02,WK 36,Madno - Eluru,Swiggy,Snacks,FOFO,AP & TL,181.0,0.0,8.56,171.0,0,1,0.0,181.0,100-200,0%
Madno,2026-09-02,WK 36,Madno - Eluru,Zomato,Dinner,FOFO,AP & TL,885.0,255.0,44.28,1100.0,0,3,23.18181818181818,295.0,200-300,20%-30%
Madno,2026-09-02,WK 36,Madno - Eluru,Zomato,Lunch,FOFO,AP & TL,605.8,206.2,30.3,782.0,0,3,26.368286445012785,201.9333333333333,200-300,20%-30%
Madno,2026-09-02,WK 36,Madno - Eluru,Zomato,Snacks,FOFO,AP & TL,446.0,125.0,22.3,551.0,0,2,22.686025408348456,223.0,200-300,20%-30%
Madno,2026-09-02,WK 36,Madno - Gandipet,In Store,Dinner,FOFO,AP & TL,868.23,0.0,43.44,868.23,0,5,0.0,173.64600000000002,100-200,0%
Madno,2026-09-02,WK 36,Madno - Gandipet,In Store,Lunch,FOFO,AP & TL,298.0,0.0,14.92,298.0,0,2,0.0,149.0,100-200,0%
Madno,2026-09-02,WK 36,Madno - Gandipet,In Store,Snacks,FOFO,AP & TL,674.0,0.0,33.72,674.0,0,4,0.0,168.5,100-200,0%
Madno,2026-09-02,WK 36,Madno - Gandipet,Swiggy,Dinner,FOFO,AP & TL,488.0,133.0,22.9,591.0,0,1,22.504230118443317,488.0,400-500,20%-30%
Madno,2026-09-02,WK 36,Madno - Gandipet,Swiggy,Snacks,FOFO,AP & TL,260.0,0.0,12.5,250.0,0,1,0.0,260.0,200-300,0%
Madno,2026-09-02,WK 36,Madno - Gandipet,Zomato,Dinner,FOFO,AP & TL,354.8,126.2,17.740000000000002,461.0,0,2,27.375271149674624,177.4,100-200,20%-30%
Madno,2026-09-02,WK 36,Madno - Gandipet,Zomato,Snacks,FOFO,AP & TL,603.0,50.0,30.160000000000004,623.0,0,2,8.025682182985554,301.5,300-400,1%-10%
Madno,2026-09-02,WK 36,Madno - Hadapsar,Swiggy,Lunch,FOFO,MH,454.25,235.75,21.22,660.0,0,1,35.71969696969697,454.25,400-500,30%-40%
Madno,2026-09-02,WK 36,Madno - Hadapsar,Zomato,Dinner,FOFO,MH,320.0,0.0,16.0,310.0,0,1,0.0,320.0,300-400,0%
Frozen Bottle,2026-09-02,WK 36,Madno - Hinjewadi,Swiggy,Dinner,FOFO,MH,2151.5299999999997,511.47,102.1,2553.0,0,6,20.034077555816687,358.5883333333333,300-400,20%-30%
Frozen Bottle,2026-09-02,WK 36,Madno - Hinjewadi,Swiggy,Lunch,FOFO,MH,389.0,91.0,18.46,460.0,0,1,19.782608695652172,389.0,300-400,10%-20%
Frozen Bottle,2026-09-02,WK 36,Madno - Hinjewadi,Swiggy,Snacks,FOFO,MH,194.0,46.0,9.2,230.0,0,1,20.0,194.0,100-200,10%-20%
Frozen Bottle,2026-09-02,WK 36,Madno - Hinjewadi,Zomato,Dinner,FOFO,MH,1030.0,590.0,51.5,1560.0,0,4,37.82051282051282,257.5,200-300,30%-40%
Frozen Bottle,2026-09-02,WK 36,Madno - Hinjewadi,Zomato,Lunch,FOFO,MH,1002.0,541.0,50.1,1493.0,0,2,36.2357669122572,501.0,500-600,30%-40%
Frozen Bottle,2026-09-02,WK 36,Madno - Hinjewadi,Zomato,Snacks,FOFO,MH,500.0,460.0,25.0,920.0,0,2,50.0,250.0,200-300,40%-50%
Madno,2026-09-02,WK 36,Madno - Hinjewadi,Swiggy,Dinner,FOFO,MH,330.0,0.0,16.0,320.0,0,1,0.0,330.0,300-400,0%
Madno,2026-09-02,WK 36,Madno - Kasavanahalli,In Store,Dinner,FOFO,KA,643.0,0.0,32.18,643.0,0,4,0.0,160.75,100-200,0%
Madno,2026-09-02,WK 36,Madno - Kasavanahalli,In Store,Lunch,FOFO,KA,59.0,0.0,2.96,59.0,0,1,0.0,59.0,0-100,0%
Madno,2026-09-02,WK 36,Madno - Kasavanahalli,In Store,Snacks,FOFO,KA,397.0,0.0,19.88,397.0,0,3,0.0,132.33333333333334,100-200,0%
Madno,2026-09-02,WK 36,Madno - Kasavanahalli,Swiggy,Dinner,FOFO,KA,179.0,42.0,8.46,211.0,0,1,19.90521327014218,179.0,100-200,10%-20%
Madno,2026-09-02,WK 36,Madno - Kasavanahalli,Zomato,Dinner,FOFO,KA,728.85,86.0,36.44,774.85,0,3,11.098922372072014,242.95000000000002,200-300,10%-20%
Madno,2026-09-02,WK 36,Madno - Kondapur,In Store,Dinner,FOFO,AP & TL,179.0,0.0,8.96,179.0,0,1,0.0,179.0,100-200,0%
Madno,2026-09-02,WK 36,Madno - Kondapur,In Store,Snacks,FOFO,AP & TL,714.46,0.0,35.72,714.46,0,4,0.0,178.615,100-200,0%
Madno,2026-09-02,WK 36,Madno - Kondapur,Zomato,Dinner,FOFO,AP & TL,240.0,0.0,12.0,230.0,0,1,0.0,240.0,200-300,0%
Madno,2026-09-02,WK 36,Madno - Shivamogga,In Store,Dinner,FOFO,KA,2662.0,0.0,133.14,2662.0,0,12,0.0,221.83333333333334,200-300,0%
Madno,2026-09-02,WK 36,Madno - Shivamogga,In Store,Lunch,FOFO,KA,806.03,0.0,40.32,806.03,0,3,0.0,268.6766666666667,200-300,0%
Madno,2026-09-02,WK 36,Madno - Shivamogga,In Store,Snacks,FOFO,KA,2454.0,0.0,122.74,2454.0,0,6,0.0,409.0,400-500,0%
Madno,2026-09-02,WK 36,Madno - Shivamogga,Swiggy,Dinner,FOFO,KA,192.0,68.0,9.1,250.0,0,1,27.200000000000003,192.0,100-200,20%-30%
Madno,2026-09-02,WK 36,Madno - Shivamogga,Zomato,Lunch,FOFO,KA,603.0,0.0,30.16,573.0,0,1,0.0,603.0,600-900,0%
Madno,2026-09-02,WK 36,Madno - Shivamogga,Zomato,Snacks,FOFO,KA,200.0,0.0,10.0,190.0,0,1,0.0,200.0,100-200,0%
Frozen Bottle,2026-09-02,WK 36,Madurai Bypass,In Store,Dinner,FOFO,TN,2811.2,128.8,140.6,2940.0,0,10,4.380952380952381,281.12,200-300,1%-10%
Frozen Bottle,2026-09-02,WK 36,Madurai Bypass,In Store,Late Night,FOFO,TN,651.23,0.0,32.56,651.23,0,1,0.0,651.23,600-900,0%
Frozen Bottle,2026-09-02,WK 36,Madurai Bypass,In Store,Lunch,FOFO,TN,747.0,0.0,37.36,747.0,0,2,0.0,373.5,300-400,0%
Frozen Bottle,2026-09-02,WK 36,Madurai Bypass,In Store,Snacks,FOFO,TN,1661.0,0.0,83.06,1661.0,0,5,0.0,332.2,300-400,0%
Frozen Bottle,2026-09-02,WK 36,Madurai Bypass,Swiggy,Dinner,FOFO,TN,1191.0,50.0,57.56,1201.0,0,3,4.163197335553705,397.0,300-400,1%-10%
Frozen Bottle,2026-09-02,WK 36,Madurai Bypass,Swiggy,Lunch,FOFO,TN,705.0,50.0,34.260000000000005,735.0,0,2,6.802721088435375,352.5,300-400,1%-10%
Frozen Bottle,2026-09-02,WK 36,Madurai Bypass,Swiggy,Snacks,FOFO,TN,240.0,50.0,11.5,280.0,0,1,17.857142857142858,240.0,200-300,10%-20%
Frozen Bottle,2026-09-02,WK 36,Madurai Bypass,Zomato,Dinner,FOFO,TN,3677.0,219.99,183.88,3756.99,0,7,5.855485375260515,525.2857142857143,500-600,1%-10%
Frozen Bottle,2026-09-02,WK 36,Madurai Bypass,Zomato,Lunch,FOFO,TN,1390.0,80.0,69.52,1420.0,0,4,5.633802816901409,347.5,300-400,1%-10%
Frozen Bottle,2026-09-02,WK 36,Malad - CF - CK,Swiggy,Dinner,COCO,MH,2464.0,1072.33,117.74000000000001,3426.33,0,10,31.296751918233213,246.4,200-300,30%-40%
Frozen Bottle,2026-09-02,WK 36,Malad - CF - CK,Swiggy,Late Night,COCO,MH,432.0,358.33,20.62,770.33,0,3,46.516428024353196,144.0,100-200,40%-50%
Frozen Bottle,2026-09-02,WK 36,Malad - CF - CK,Swiggy,Lunch,COCO,MH,705.0,325.0,34.28,1010.0,0,3,32.17821782178218,235.0,200-300,30%-40%
Frozen Bottle,2026-09-02,WK 36,Malad - CF - CK,Swiggy,Snacks,COCO,MH,655.0,276.0,30.76,891.0,0,4,30.976430976430976,163.75,100-200,30%-40%
Frozen Bottle,2026-09-02,WK 36,Malad - CF - CK,Zomato,Dinner,COCO,MH,2313.8,828.2,115.67999999999999,3032.0,0,5,27.315303430079158,462.76000000000005,400-500,20%-30%
Frozen Bottle,2026-09-02,WK 36,Malad - CF - CK,Zomato,Late Night,COCO,MH,1904.9099999999999,1297.1,95.28,3122.0,0,4,41.54708520179372,476.22749999999996,400-500,40%-50%
Frozen Bottle,2026-09-02,WK 36,Malad - CF - CK,Zomato,Lunch,COCO,MH,1235.5,570.5,61.78,1746.0,0,4,32.674684994272624,308.875,300-400,30%-40%
Frozen Bottle,2026-09-02,WK 36,Malad - CF - CK,Zomato,Snacks,COCO,MH,514.0,315.0,25.72,799.0,0,3,39.424280350438046,171.33333333333334,100-200,30%-40%
Madno,2026-09-02,WK 36,Malad - CF - CK,Swiggy,Dinner,COCO,MH,1334.0,190.85,64.2,1474.85,0,2,12.940299013458997,667.0,600-900,10%-20%
Madno,2026-09-02,WK 36,Malad - CF - CK,Zomato,Dinner,COCO,MH,1091.0,399.01,54.58,1430.01,0,3,27.902602079705733,363.6666666666667,300-400,20%-30%
Boba Bar,2026-09-02,WK 36,Malleswaram,Swiggy,Dinner,FOFO,KA,731.0,282.0,35.58,993.0,0,4,28.3987915407855,182.75,100-200,20%-30%
Boba Bar,2026-09-02,WK 36,Malleswaram,Swiggy,Lunch,FOFO,KA,495.0,456.0,24.76,951.0,0,1,47.94952681388013,495.0,400-500,40%-50%
Frozen Bottle,2026-09-02,WK 36,Malleswaram,In Store,Breakfast,FOFO,KA,49.0,0.0,2.46,49.0,0,1,0.0,49.0,0-100,0%
Frozen Bottle,2026-09-02,WK 36,Malleswaram,In Store,Dinner,FOFO,KA,2359.0,0.0,117.97999999999999,2359.0,0,4,0.0,589.75,500-600,0%
Frozen Bottle,2026-09-02,WK 36,Malleswaram,In Store,Late Night,FOFO,KA,1311.05,0.0,65.56,1311.05,0,4,0.0,327.7625,300-400,0%
Frozen Bottle,2026-09-02,WK 36,Malleswaram,In Store,Lunch,FOFO,KA,896.0,0.0,44.82,896.0,0,3,0.0,298.6666666666667,200-300,0%
Frozen Bottle,2026-09-02,WK 36,Malleswaram,In Store,Snacks,FOFO,KA,675.0,0.0,33.76,675.0,0,2,0.0,337.5,300-400,0%
Frozen Bottle,2026-09-02,WK 36,Malleswaram,Swiggy,Dinner,FOFO,KA,2317.37,1055.63,113.4,3323.0,0,9,31.76737887451099,257.48555555555555,200-300,30%-40%
Frozen Bottle,2026-09-02,WK 36,Malleswaram,Swiggy,Late Night,FOFO,KA,180.0,218.0,9.0,398.0,0,1,54.773869346733676,180.0,100-200,50%-60%
Frozen Bottle,2026-09-02,WK 36,Malleswaram,Swiggy,Lunch,FOFO,KA,1328.01,602.99,64.94,1901.0,0,4,31.719621251972647,332.0025,300-400,30%-40%
Frozen Bottle,2026-09-02,WK 36,Malleswaram,Swiggy,Snacks,FOFO,KA,1106.0,313.0,53.34,1379.0,0,6,22.69760696156635,184.33333333333334,100-200,20%-30%
Frozen Bottle,2026-09-02,WK 36,Malleswaram,Zomato,Breakfast,FOFO,KA,300.0,100.0,15.0,390.0,0,1,25.64102564102564,300.0,200-300,20%-30%
Frozen Bottle,2026-09-02,WK 36,Malleswaram,Zomato,Dinner,FOFO,KA,671.0,438.0,33.56,1059.0,0,4,41.359773371104815,167.75,100-200,40%-50%
Frozen Bottle,2026-09-02,WK 36,Malleswaram,Zomato,Late Night,FOFO,KA,445.4,263.6,22.28,679.0,0,3,38.821796759941094,148.46666666666667,100-200,30%-40%
Frozen Bottle,2026-09-02,WK 36,Malleswaram,Zomato,Lunch,FOFO,KA,520.0,160.0,26.0,660.0,0,2,24.242424242424242,260.0,200-300,20%-30%
Frozen Bottle,2026-09-02,WK 36,Malleswaram,Zomato,Snacks,FOFO,KA,348.0,100.0,17.42,428.0,0,2,23.364485981308412,174.0,100-200,20%-30%
Madno,2026-09-02,WK 36,Malleswaram,Swiggy,Dinner,FOFO,KA,350.0,140.0,17.5,490.0,0,1,28.57142857142857,350.0,300-400,20%-30%
Madno,2026-09-02,WK 36,Malleswaram,Swiggy,Lunch,FOFO,KA,480.0,0.0,23.0,460.0,0,1,0.0,480.0,400-500,0%
Madno,2026-09-02,WK 36,Malleswaram,Swiggy,Snacks,FOFO,KA,332.0,68.0,15.6,380.0,0,1,17.894736842105264,332.0,300-400,10%-20%
Madno,2026-09-02,WK 36,Malleswaram,Zomato,Dinner,FOFO,KA,190.0,120.0,9.5,300.0,0,1,40.0,190.0,100-200,30%-40%
Madno,2026-09-02,WK 36,Malleswaram,Zomato,Late Night,FOFO,KA,513.0,0.0,25.66,483.0,0,1,0.0,513.0,500-600,0%
Madno,2026-09-02,WK 36,Malleswaram,Zomato,Snacks,FOFO,KA,200.0,0.0,10.0,190.0,0,1,0.0,200.0,100-200,0%
Frozen Bottle,2026-09-02,WK 36,Mangalore,In Store,Closing,FOFO,KA,179.0,0.0,8.96,179.0,0,1,0.0,179.0,100-200,0%
Frozen Bottle,2026-09-02,WK 36,Mangalore,In Store,Dinner,FOFO,KA,1103.0,0.0,55.16,1103.0,0,4,0.0,275.75,200-300,0%
Frozen Bottle,2026-09-02,WK 36,Mangalore,Swiggy,Dinner,FOFO,KA,430.0,100.0,20.5,510.0,0,1,19.607843137254903,430.0,400-500,10%-20%
Frozen Bottle,2026-09-02,WK 36,Mangalore,Swiggy,Snacks,FOFO,KA,240.0,40.0,11.5,270.0,0,1,14.814814814814813,240.0,200-300,10%-20%
Frozen Bottle,2026-09-02,WK 36,Mangalore,Zomato,Dinner,FOFO,KA,1647.0,375.0,82.36,1952.0,0,4,19.21106557377049,411.75,400-500,10%-20%
Frozen Bottle,2026-09-02,WK 36,Mangalore,Zomato,Late Night,FOFO,KA,429.0,150.0,21.46,559.0,0,2,26.833631484794275,214.5,200-300,20%-30%
Frozen Bottle,2026-09-02,WK 36,Mangalore,Zomato,Lunch,FOFO,KA,149.3,59.7,7.46,199.0,0,1,30.0,149.3,100-200,20%-30%
Frozen Bottle,2026-09-02,WK 36,Mangalore,Zomato,Snacks,FOFO,KA,420.0,200.0,21.0,600.0,0,2,33.33333333333333,210.0,200-300,30%-40%
Frozen Bottle,2026-09-02,WK 36,Manikonda,In Store,Dinner,FOFO,AP & TL,1054.0,0.0,52.74,1054.0,0,4,0.0,263.5,200-300,0%
Frozen Bottle,2026-09-02,WK 36,Manikonda,Swiggy,Late Night,FOFO,AP & TL,340.0,0.0,16.5,330.0,0,1,0.0,340.0,300-400,0%
Frozen Bottle,2026-09-02,WK 36,Manikonda,Zomato,Dinner,FOFO,AP & TL,290.0,0.0,14.5,280.0,0,1,0.0,290.0,200-300,0%
Boba Bar,2026-09-02,WK 36,Manipal,Swiggy,Lunch,COCO,KA,247.0,223.0,11.36,450.0,0,1,49.55555555555556,247.0,200-300,40%-50%
Frozen Bottle,2026-09-02,WK 36,Manipal,In Store,Breakfast,COCO,KA,236.0,0.0,11.82,236.0,0,3,0.0,78.66666666666667,0-100,0%
Frozen Bottle,2026-09-02,WK 36,Manipal,In Store,Dinner,COCO,KA,1336.0,0.0,66.86,1336.0,0,10,0.0,133.6,100-200,0%
Frozen Bottle,2026-09-02,WK 36,Manipal,In Store,Lunch,COCO,KA,1635.0,0.0,81.84,1635.0,0,11,0.0,148.63636363636363,100-200,0%
Frozen Bottle,2026-09-02,WK 36,Manipal,In Store,Snacks,COCO,KA,4410.0,0.0,220.68,4410.0,0,23,0.0,191.7391304347826,100-200,0%
Frozen Bottle,2026-09-02,WK 36,Manipal,Swiggy,Dinner,COCO,KA,3172.01,2061.99,148.62,5034.0,0,13,40.96126340882002,244.00076923076924,200-300,40%-50%
Frozen Bottle,2026-09-02,WK 36,Manipal,Swiggy,Lunch,COCO,KA,618.12,516.88,28.42,1085.0,0,5,47.63870967741936,123.624,100-200,40%-50%
Frozen Bottle,2026-09-02,WK 36,Manipal,Swiggy,Snacks,COCO,KA,1482.0,1014.0,69.12,2396.0,0,6,42.320534223706176,247.0,200-300,40%-50%
Frozen Bottle,2026-09-02,WK 36,Manipal,Zomato,Breakfast,COCO,KA,329.0,50.0,16.46,369.0,0,1,13.550135501355012,329.0,300-400,10%-20%
Frozen Bottle,2026-09-02,WK 36,Manipal,Zomato,Dinner,COCO,KA,875.0,545.0,43.760000000000005,1380.0,0,2,39.492753623188406,437.5,400-500,30%-40%
Frozen Bottle,2026-09-02,WK 36,Manipal,Zomato,Snacks,COCO,KA,833.5,466.5,41.68,1270.0,0,2,36.732283464566926,416.75,400-500,30%-40%
Madno,2026-09-02,WK 36,Manipal,Swiggy,Dinner,COCO,KA,889.9,507.1,41.5,1337.0,0,3,37.92819745699327,296.6333333333333,200-300,30%-40%
Madno,2026-09-02,WK 36,Manipal,Zomato,Breakfast,COCO,KA,581.0,321.0,29.06,872.0,0,1,36.81192660550459,581.0,500-600,30%-40%
Madno,2026-09-02,WK 36,Manipal,Zomato,Dinner,COCO,KA,976.8,164.2,48.84,1101.0,0,2,14.913714804722977,488.4,400-500,10%-20%
Madno,2026-09-02,WK 36,Manipal,Zomato,Lunch,COCO,KA,217.0,23.0,10.86,230.0,0,1,10.0,217.0,200-300,1%-10%
Boba Bar,2026-09-02,WK 36,Manpada - CF CK,Swiggy,Late Night,COCO,MH,198.0,140.0,8.9,318.0,0,1,44.0251572327044,198.0,100-200,40%-50%
Frozen Bottle,2026-09-02,WK 36,Manpada - CF CK,Swiggy,Dinner,COCO,MH,3413.01,2252.17,161.18,5475.18,0,14,41.13417275779061,243.7864285714286,200-300,40%-50%
Frozen Bottle,2026-09-02,WK 36,Manpada - CF CK,Swiggy,Late Night,COCO,MH,4035.01,1007.99,194.77999999999997,4903.0,0,5,20.558637568835408,807.0020000000001,600-900,20%-30%
Frozen Bottle,2026-09-02,WK 36,Manpada - CF CK,Swiggy,Lunch,COCO,MH,1071.0,569.0,50.559999999999995,1580.0,0,5,36.0126582278481,214.2,200-300,30%-40%
Frozen Bottle,2026-09-02,WK 36,Manpada - CF CK,Swiggy,Snacks,COCO,MH,912.0,506.0,43.120000000000005,1368.0,0,3,36.98830409356725,304.0,300-400,30%-40%
Frozen Bottle,2026-09-02,WK 36,Manpada - CF CK,Zomato,Closing,COCO,MH,215.0,75.0,10.76,280.0,0,1,26.785714285714285,215.0,200-300,20%-30%
Frozen Bottle,2026-09-02,WK 36,Manpada - CF CK,Zomato,Dinner,COCO,MH,1806.6,1075.41,90.38,2772.01,0,6,38.795314591217206,301.09999999999997,300-400,30%-40%
Frozen Bottle,2026-09-02,WK 36,Manpada - CF CK,Zomato,Late Night,COCO,MH,416.0,94.0,20.8,490.0,0,1,19.183673469387756,416.0,400-500,10%-20%
Frozen Bottle,2026-09-02,WK 36,Manpada - CF CK,Zomato,Lunch,COCO,MH,309.0,0.0,15.46,299.0,0,1,0.0,309.0,300-400,0%
Frozen Bottle,2026-09-02,WK 36,Manpada - CF CK,Zomato,Snacks,COCO,MH,610.0,350.0,30.5,930.0,0,2,37.634408602150536,305.0,300-400,30%-40%
Madno,2026-09-02,WK 36,Manpada - CF CK,Swiggy,Dinner,COCO,MH,217.5,42.5,10.38,250.0,0,1,17.0,217.5,200-300,10%-20%
Madno,2026-09-02,WK 36,Manpada - CF CK,Swiggy,Late Night,COCO,MH,1549.25,163.75,74.0,1643.0,0,4,9.966524650030433,387.3125,300-400,1%-10%
Madno,2026-09-02,WK 36,Manpada - CF CK,Swiggy,Lunch,COCO,MH,210.1,63.75,9.5,253.85,0,1,25.113255859759704,210.1,200-300,20%-30%
Madno,2026-09-02,WK 36,Manpada - CF CK,Zomato,Dinner,COCO,MH,194.0,46.0,9.7,230.0,0,1,20.0,194.0,100-200,10%-20%
Frozen Bottle,2026-09-02,WK 36,Mansarovar,In Store,Lunch,FOFO,ROI,476.0,0.0,23.8,476.0,0,2,0.0,238.0,200-300,0%
Frozen Bottle,2026-09-02,WK 36,Mansarovar,Swiggy,Dinner,FOFO,ROI,489.68,558.3199999999999,22.0,998.0,0,5,55.94388777555109,97.936,0-100,50%-60%
Frozen Bottle,2026-09-02,WK 36,Mansarovar,Swiggy,Late Night,FOFO,ROI,820.56,625.44,39.06,1406.0,0,5,44.48364153627312,164.112,100-200,40%-50%
Frozen Bottle,2026-09-02,WK 36,Mansarovar,Swiggy,Snacks,FOFO,ROI,237.0,112.0,11.36,339.0,0,1,33.03834808259587,237.0,200-300,30%-40%
Frozen Bottle,2026-09-02,WK 36,Mansarovar,Zomato,Dinner,FOFO,ROI,469.0,300.0,23.46,739.0,0,3,40.59539918809202,156.33333333333334,100-200,40%-50%
Frozen Bottle,2026-09-02,WK 36,Mansarovar,Zomato,Late Night,FOFO,ROI,280.0,100.0,14.0,360.0,0,1,27.77777777777778,280.0,200-300,20%-30%
Frozen Bottle,2026-09-02,WK 36,Marathahalli,In Store,Dinner,FOFO,KA,1222.85,0.0,61.160000000000004,1222.85,0,5,0.0,244.57,200-300,0%
Frozen Bottle,2026-09-02,WK 36,Marathahalli,In Store,Late Night,FOFO,KA,556.0,0.0,27.799999999999997,556.0,0,2,0.0,278.0,200-300,0%
Frozen Bottle,2026-09-02,WK 36,Marathahalli,In Store,Snacks,FOFO,KA,418.0,0.0,20.92,418.0,0,2,0.0,209.0,200-300,0%
Frozen Bottle,2026-09-02,WK 36,Marathahalli,Zomato,Dinner,FOFO,KA,209.0,0.0,10.46,199.0,0,1,0.0,209.0,200-300,0%
Frozen Bottle,2026-09-02,WK 36,Marathahalli,Zomato,Late Night,FOFO,KA,978.0,0.0,48.92,938.0,0,3,0.0,326.0,300-400,0%
Frozen Bottle,2026-09-02,WK 36,Marathahalli,Zomato,Lunch,FOFO,KA,379.0,0.0,18.96,369.0,0,1,0.0,379.0,300-400,0%
Frozen Bottle,2026-09-02,WK 36,Margaon- Goa,In Store,Dinner,FOFO,ROI,587.0,0.0,29.36,587.0,0,2,0.0,293.5,200-300,0%
Frozen Bottle,2026-09-02,WK 36,Margaon- Goa,In Store,Lunch,FOFO,ROI,428.0,0.0,21.42,428.0,0,2,0.0,214.0,200-300,0%
Frozen Bottle,2026-09-02,WK 36,Margaon- Goa,In Store,Snacks,FOFO,ROI,1720.0,0.0,86.02,1720.0,0,4,0.0,430.0,400-500,0%
Frozen Bottle,2026-09-02,WK 36,Margaon- Goa,Swiggy,Dinner,FOFO,ROI,679.0,120.0,32.96,779.0,0,1,15.40436456996149,679.0,600-900,10%-20%
Frozen Bottle,2026-09-02,WK 36,Margaon- Goa,Zomato,Dinner,FOFO,ROI,340.0,100.0,17.0,430.0,0,1,23.25581395348837,340.0,300-400,20%-30%
Frozen Bottle,2026-09-02,WK 36,Margaon- Goa,Zomato,Lunch,FOFO,ROI,851.0,200.0,42.56,1021.0,0,3,19.58863858961802,283.6666666666667,200-300,10%-20%
Frozen Bottle,2026-09-02,WK 36,Margaon- Goa,Zomato,Snacks,FOFO,ROI,186.0,75.0,9.3,251.0,0,1,29.880478087649404,186.0,100-200,20%-30%
Frozen Bottle,2026-09-02,WK 36,Marol - CF CK,Swiggy,Dinner,COCO,MH,3752.0,1532.0,180.62,5144.0,0,9,29.78227060653188,416.8888888888889,400-500,20%-30%
Frozen Bottle,2026-09-02,WK 36,Marol - CF CK,Swiggy,Late Night,COCO,MH,681.0,458.0,32.08,1099.0,0,3,41.67424931756142,227.0,200-300,40%-50%
Frozen Bottle,2026-09-02,WK 36,Marol - CF CK,Swiggy,Lunch,COCO,MH,364.0,325.0,16.700000000000003,659.0,0,2,49.317147192716234,182.0,100-200,40%-50%
Frozen Bottle,2026-09-02,WK 36,Marol - CF CK,Swiggy,Snacks,COCO,MH,678.0,242.0,32.4,890.0,0,2,27.191011235955052,339.0,300-400,20%-30%
Frozen Bottle,2026-09-02,WK 36,Marol - CF CK,Zomato,Closing,COCO,MH,190.0,100.0,9.5,280.0,0,1,35.714285714285715,190.0,100-200,30%-40%
Frozen Bottle,2026-09-02,WK 36,Marol - CF CK,Zomato,Dinner,COCO,MH,1965.4,731.6,98.32,2607.0,0,7,28.06290755657844,280.7714285714286,200-300,20%-30%
Frozen Bottle,2026-09-02,WK 36,Marol - CF CK,Zomato,Late Night,COCO,MH,2192.9,788.11,109.68,2881.01,0,5,27.355337190776847,438.58000000000004,400-500,20%-30%
Frozen Bottle,2026-09-02,WK 36,Marol - CF CK,Zomato,Lunch,COCO,MH,1577.8,900.2,78.89999999999999,2388.0,0,5,37.696817420435515,315.56,300-400,30%-40%
Frozen Bottle,2026-09-02,WK 36,Marol - CF CK,Zomato,Snacks,COCO,MH,258.0,0.0,12.9,248.0,0,1,0.0,258.0,200-300,0%
Madno,2026-09-02,WK 36,Marol - CF CK,Swiggy,Dinner,COCO,MH,302.8,27.2,14.64,320.0,0,1,8.5,302.8,300-400,1%-10%
Madno,2026-09-02,WK 36,Marol - CF CK,Swiggy,Late Night,COCO,MH,228.0,102.0,10.9,320.0,0,1,31.874999999999996,228.0,200-300,30%-40%
Madno,2026-09-02,WK 36,Marol - CF CK,Zomato,Lunch,COCO,MH,341.0,321.0,17.06,642.0,0,1,50.0,341.0,300-400,40%-50%
Frozen Bottle,2026-09-02,WK 36,Mathura,In Store,Dinner,FOFO,ROI,895.0,70.0,44.76,965.0,0,2,7.253886010362693,447.5,400-500,1%-10%
Frozen Bottle,2026-09-02,WK 36,Mathura,In Store,Lunch,FOFO,ROI,198.0,140.0,9.9,338.0,0,1,41.42011834319527,198.0,100-200,40%-50%
Frozen Bottle,2026-09-02,WK 36,Mathura,Zomato,Snacks,FOFO,ROI,290.0,0.0,14.5,280.0,0,1,0.0,290.0,200-300,0%
Frozen Bottle,2026-09-02,WK 36,Medavakkam,In Store,Closing,FOFO,TN,39.0,0.0,1.96,39.0,0,1,0.0,39.0,0-100,0%
Frozen Bottle,2026-09-02,WK 36,Medavakkam,In Store,Dinner,FOFO,TN,2776.46,0.0,138.88,2776.46,0,9,0.0,308.49555555555554,300-400,0%
Frozen Bottle,2026-09-02,WK 36,Medavakkam,In Store,Late Night,FOFO,TN,537.0,0.0,26.86,537.0,0,1,0.0,537.0,500-600,0%
Frozen Bottle,2026-09-02,WK 36,Medavakkam,In Store,Lunch,FOFO,TN,209.0,0.0,10.46,209.0,0,1,0.0,209.0,200-300,0%
Frozen Bottle,2026-09-02,WK 36,Medavakkam,In Store,Snacks,FOFO,TN,1204.0,0.0,60.199999999999996,1204.0,0,3,0.0,401.3333333333333,400-500,0%
Frozen Bottle,2026-09-02,WK 36,Medavakkam,Swiggy,Dinner,FOFO,TN,582.08,55.92,28.12,618.0,0,2,9.04854368932039,291.04,200-300,1%-10%
Frozen Bottle,2026-09-02,WK 36,Medavakkam,Swiggy,Late Night,FOFO,TN,528.0,40.0,25.42,548.0,0,2,7.2992700729927,264.0,200-300,1%-10%
Frozen Bottle,2026-09-02,WK 36,Medavakkam,Swiggy,Lunch,FOFO,TN,1519.0,253.0,73.46000000000001,1722.0,0,4,14.692218350754935,379.75,300-400,10%-20%
Frozen Bottle,2026-09-02,WK 36,Medavakkam,Swiggy,Snacks,FOFO,TN,1906.01,191.99,91.82000000000001,2028.0,0,5,9.466962524654834,381.202,300-400,1%-10%
Frozen Bottle,2026-09-02,WK 36,Medavakkam,Zomato,Dinner,FOFO,TN,1658.76,549.24,82.96,2128.0,0,4,25.81015037593985,414.69,400-500,20%-30%
Frozen Bottle,2026-09-02,WK 36,Medavakkam,Zomato,Late Night,FOFO,TN,449.0,50.0,22.46,479.0,0,1,10.438413361169102,449.0,400-500,10%-20%
Frozen Bottle,2026-09-02,WK 36,Medavakkam,Zomato,Lunch,FOFO,TN,529.0,150.0,26.44,659.0,0,1,22.76176024279211,529.0,500-600,20%-30%
Frozen Bottle,2026-09-02,WK 36,Medavakkam,Zomato,Snacks,FOFO,TN,150.0,60.0,7.5,200.0,0,1,30.0,150.0,100-200,20%-30%
Frozen Bottle,2026-09-02,WK 36,Meenakshi Mall,In Store,Dinner,COCO,KA,2724.0,0.0,136.28,2724.0,0,11,0.0,247.63636363636363,200-300,0%
Frozen Bottle,2026-09-02,WK 36,Meenakshi Mall,In Store,Lunch,COCO,KA,195.11,207.12,9.76,402.23,0,4,51.492926932352134,48.7775,0-100,50%-60%
Frozen Bottle,2026-09-02,WK 36,Meenakshi Mall,In Store,Snacks,COCO,KA,1157.9099999999999,74.09,57.9,1232.0,0,4,6.013798701298702,289.47749999999996,200-300,1%-10%
Frozen Bottle,2026-09-02,WK 36,Meenakshi Mall,Swiggy,Dinner,COCO,KA,1776.16,689.84,84.32,2376.0,0,6,29.033670033670035,296.0266666666667,200-300,20%-30%
Frozen Bottle,2026-09-02,WK 36,Meenakshi Mall,Swiggy,Snacks,COCO,KA,587.56,235.76999999999998,26.88,773.33,0,2,30.487631412204358,293.78,200-300,30%-40%
Frozen Bottle,2026-09-02,WK 36,Meenakshi Mall,Zomato,Dinner,COCO,KA,433.0,328.0,21.66,741.0,0,2,44.26450742240216,216.5,200-300,40%-50%
Frozen Bottle,2026-09-02,WK 36,Meenakshi Mall,Zomato,Lunch,COCO,KA,605.1,492.9,30.26,1058.0,0,3,46.58790170132325,201.70000000000002,200-300,40%-50%
Frozen Bottle,2026-09-02,WK 36,Meenakshi Mall,Zomato,Snacks,COCO,KA,666.8,380.2,33.36,1007.0,0,4,37.75571002979146,166.7,100-200,30%-40%
Madno,2026-09-02,WK 36,Meenakshi Mall,Others,Dinner,COCO,KA,308.37,51.63,15.42,350.0,0,1,14.751428571428571,308.37,300-400,10%-20%
Boba Bar,2026-09-02,WK 36,Mira Road,Swiggy,Dinner,COCO,MH,198.0,182.0,9.9,380.0,0,1,47.89473684210526,198.0,100-200,40%-50%
Boba Bar,2026-09-02,WK 36,Mira Road,Swiggy,Late Night,COCO,MH,100.01,136.17,5.0,236.18,0,1,57.65517825387416,100.01,100-200,50%-60%
Boba Bar,2026-09-02,WK 36,Mira Road,Swiggy,Snacks,COCO,MH,230.01,272.35,10.0,472.35999999999996,0,2,57.65729528325855,115.005,100-200,50%-60%
Frozen Bottle,2026-09-02,WK 36,Mira Road,In Store,Dinner,COCO,MH,1612.3799999999999,749.62,80.62,2362.0,0,7,31.736663844199832,230.33999999999997,200-300,30%-40%
Frozen Bottle,2026-09-02,WK 36,Mira Road,In Store,Snacks,COCO,MH,729.94,322.06,36.5,1052.0,0,3,30.61406844106464,243.31333333333336,200-300,30%-40%
Frozen Bottle,2026-09-02,WK 36,Mira Road,Swiggy,Dinner,COCO,MH,1378.0,560.0,65.9,1878.0,0,5,29.818956336528224,275.6,200-300,20%-30%
Frozen Bottle,2026-09-02,WK 36,Mira Road,Swiggy,Late Night,COCO,MH,863.0,160.0,41.66,993.0,0,1,16.112789526686807,863.0,600-900,10%-20%
Frozen Bottle,2026-09-02,WK 36,Mira Road,Swiggy,Lunch,COCO,MH,458.0,112.0,21.9,550.0,0,1,20.363636363636363,458.0,400-500,20%-30%
Frozen Bottle,2026-09-02,WK 36,Mira Road,Zomato,Dinner,COCO,MH,982.0,600.0,49.120000000000005,1532.0,0,4,39.1644908616188,245.5,200-300,30%-40%
Frozen Bottle,2026-09-02,WK 36,Mira Road,Zomato,Late Night,COCO,MH,1486.0,275.0,74.3,1701.0,0,3,16.166960611405056,495.3333333333333,400-500,10%-20%
Madno,2026-09-02,WK 36,Mira Road,Swiggy,Dinner,COCO,MH,1492.01,1170.84,70.6,2582.85,0,4,45.331320053429344,373.0025,300-400,40%-50%
Madno,2026-09-02,WK 36,Mira Road,Swiggy,Snacks,COCO,MH,492.13,63.72,22.6,515.85,0,1,12.352428031404477,492.13,400-500,10%-20%
Madno,2026-09-02,WK 36,Mira Road,Zomato,Late Night,COCO,MH,230.0,50.0,11.5,270.0,0,1,18.51851851851852,230.0,200-300,10%-20%
Madno,2026-09-02,WK 36,Mira Road,Zomato,Snacks,COCO,MH,481.0,371.0,24.06,822.0,0,2,45.1338199513382,240.5,200-300,40%-50%
Frozen Bottle,2026-09-02,WK 36,Miraya Rose,In Store,Dinner,COCO,KA,1679.8899999999999,562.03,84.0,2241.92,0,16,25.06913716814159,104.99312499999999,100-200,20%-30%
Frozen Bottle,2026-09-02,WK 36,Miraya Rose,In Store,Lunch,COCO,KA,656.0,0.0,32.82,656.0,0,3,0.0,218.66666666666666,200-300,0%
Frozen Bottle,2026-09-02,WK 36,Miraya Rose,In Store,Snacks,COCO,KA,696.0,0.0,34.82,696.0,0,3,0.0,232.0,200-300,0%
Frozen Bottle,2026-09-02,WK 36,Miraya Rose,Others,Late Night,COCO,KA,161.0,0.0,8.06,151.0,0,1,0.0,161.0,100-200,0%
Frozen Bottle,2026-09-02,WK 36,Miraya Rose,Ownly,Dinner,COCO,KA,202.0,0.0,10.1,202.0,0,1,0.0,202.0,200-300,0%
Frozen Bottle,2026-09-02,WK 36,Miraya Rose,Ownly,Lunch,COCO,KA,516.0,0.0,25.8,516.0,0,1,0.0,516.0,500-600,0%
Frozen Bottle,2026-09-02,WK 36,Miraya Rose,Swiggy,Dinner,COCO,KA,692.0,468.0,32.6,1120.0,0,3,41.785714285714285,230.66666666666666,200-300,40%-50%
Frozen Bottle,2026-09-02,WK 36,Miraya Rose,Swiggy,Late Night,COCO,KA,766.0,527.0,36.32,1253.0,0,4,42.05905826017558,191.5,100-200,40%-50%
Frozen Bottle,2026-09-02,WK 36,Miraya Rose,Swiggy,Lunch,COCO,KA,1098.0,325.0,52.4,1373.0,0,3,23.670793882010198,366.0,300-400,20%-30%
Frozen Bottle,2026-09-02,WK 36,Miraya Rose,Swiggy,Snacks,COCO,KA,505.0,346.0,23.76,821.0,0,2,42.14372716199756,252.5,200-300,40%-50%
Frozen Bottle,2026-09-02,WK 36,Miraya Rose,Zomato,Dinner,COCO,KA,1765.5,435.5,88.28,2121.0,0,5,20.532767562470532,353.1,300-400,20%-30%
Frozen Bottle,2026-09-02,WK 36,Miraya Rose,Zomato,Late Night,COCO,KA,652.0,0.0,32.62,632.0,0,2,0.0,326.0,300-400,0%
Frozen Bottle,2026-09-02,WK 36,Miraya Rose,Zomato,Lunch,COCO,KA,896.66,496.66,44.84,1313.32,0,2,37.817135199342125,448.33,400-500,30%-40%
Frozen Bottle,2026-09-02,WK 36,Miraya Rose,Zomato,Snacks,COCO,KA,565.0,245.0,28.26,780.0,0,3,31.41025641025641,188.33333333333334,100-200,30%-40%
Madno,2026-09-02,WK 36,Miraya Rose,Ownly,Dinner,COCO,KA,205.0,0.0,10.26,205.0,0,1,0.0,205.0,200-300,0%
Madno,2026-09-02,WK 36,Miraya Rose,Ownly,Late Night,COCO,KA,118.0,0.0,5.9,118.0,0,1,0.0,118.0,100-200,0%
Madno,2026-09-02,WK 36,Miraya Rose,Swiggy,Dinner,COCO,KA,340.0,72.0,16.52,402.0,0,2,17.91044776119403,170.0,100-200,10%-20%
Madno,2026-09-02,WK 36,Miraya Rose,Swiggy,Late Night,COCO,KA,190.0,70.0,9.5,260.0,0,1,26.923076923076923,190.0,100-200,20%-30%
Madno,2026-09-02,WK 36,Miraya Rose,Zomato,Dinner,COCO,KA,521.0,421.0,26.06,912.0,0,2,46.16228070175439,260.5,200-300,40%-50%
Madno,2026-09-02,WK 36,Miraya Rose,Zomato,Late Night,COCO,KA,151.0,131.0,7.56,262.0,0,1,50.0,151.0,100-200,40%-50%
Madno,2026-09-02,WK 36,Miraya Rose,Zomato,Snacks,COCO,KA,510.0,150.0,25.5,630.0,0,2,23.809523809523807,255.0,200-300,20%-30%
Frozen Bottle,2026-09-02,WK 36,Mirzapur,Zomato,Dinner,FOFO,ROI,161.0,0.0,8.06,151.0,0,1,0.0,161.0,100-200,0%
Boba Bar,2026-09-02,WK 36,Mogappair,Swiggy,Lunch,COCO,TN,420.0,251.0,19.5,641.0,0,2,39.15756630265211,210.0,200-300,30%-40%
Boba Bar,2026-09-02,WK 36,Mogappair,Swiggy,Snacks,COCO,TN,188.0,150.0,8.4,318.0,0,1,47.16981132075472,188.0,100-200,40%-50%
Boba Bar,2026-09-02,WK 36,Mogappair,Zomato,Dinner,COCO,TN,105.0,95.0,5.26,190.0,0,1,50.0,105.0,100-200,40%-50%
Frozen Bottle,2026-09-02,WK 36,Mogappair,In Store,Dinner,COCO,TN,2593.2,562.03,129.70000000000002,3155.23,0,14,17.812647572443215,185.22857142857143,100-200,10%-20%
Frozen Bottle,2026-09-02,WK 36,Mogappair,In Store,Lunch,COCO,TN,353.87,143.13,17.700000000000003,497.0,0,2,28.798792756539232,176.935,100-200,20%-30%
Frozen Bottle,2026-09-02,WK 36,Mogappair,In Store,Snacks,COCO,TN,884.74,286.26,44.239999999999995,1171.0,0,5,24.44577284372331,176.948,100-200,20%-30%
Frozen Bottle,2026-09-02,WK 36,Mogappair,Swiggy,Dinner,COCO,TN,7185.44,2574.73,340.34,9380.17,0,15,27.44864965133894,479.0293333333333,400-500,20%-30%
Frozen Bottle,2026-09-02,WK 36,Mogappair,Swiggy,Late Night,COCO,TN,1330.0,794.66,62.019999999999996,2034.66,0,5,39.05615680261075,266.0,200-300,30%-40%
Frozen Bottle,2026-09-02,WK 36,Mogappair,Swiggy,Lunch,COCO,TN,1457.0,932.3299999999999,68.36,2299.33,0,4,40.54789873571866,364.25,300-400,40%-50%
Frozen Bottle,2026-09-02,WK 36,Mogappair,Swiggy,Snacks,COCO,TN,2165.0,971.0,103.28,3036.0,0,8,31.982872200263508,270.625,200-300,30%-40%
Frozen Bottle,2026-09-02,WK 36,Mogappair,Zomato,Dinner,COCO,TN,2821.59,1168.41,141.12,3840.0,0,8,30.427343750000002,352.69875,300-400,30%-40%
Frozen Bottle,2026-09-02,WK 36,Mogappair,Zomato,Late Night,COCO,TN,391.7,241.3,19.58,613.0,0,1,39.36378466557912,391.7,300-400,30%-40%
Frozen Bottle,2026-09-02,WK 36,Mogappair,Zomato,Lunch,COCO,TN,906.0,202.0,45.32,1068.0,0,3,18.91385767790262,302.0,300-400,10%-20%
Frozen Bottle,2026-09-02,WK 36,Mogappair,Zomato,Snacks,COCO,TN,2866.82,1092.19,143.35999999999999,3849.01,0,5,28.37586808036352,573.364,500-600,20%-30%
Madno,2026-09-02,WK 36,Mogappair,Swiggy,Dinner,COCO,TN,979.0,200.0,46.46,1129.0,0,2,17.71479185119575,489.5,400-500,10%-20%
Madno,2026-09-02,WK 36,Mogappair,Swiggy,Late Night,COCO,TN,356.0,146.0,16.3,472.0,0,2,30.93220338983051,178.0,100-200,30%-40%
Madno,2026-09-02,WK 36,Mogappair,Swiggy,Lunch,COCO,TN,172.0,68.0,8.1,230.0,0,1,29.565217391304348,172.0,100-200,20%-30%
Madno,2026-09-02,WK 36,Mogappair,Zomato,Dinner,COCO,TN,651.5,190.51,32.6,812.01,0,1,23.461533724954126,651.5,600-900,20%-30%
Madno,2026-09-02,WK 36,Mogappair,Zomato,Late Night,COCO,TN,281.0,200.0,14.059999999999999,461.0,0,2,43.38394793926248,140.5,100-200,40%-50%
Madno,2026-09-02,WK 36,Mogappair,Zomato,Lunch,COCO,TN,211.0,191.0,10.56,382.0,0,1,50.0,211.0,200-300,40%-50%
Madno,2026-09-02,WK 36,Mogappair,Zomato,Snacks,COCO,TN,511.0,200.0,25.58,681.0,0,1,29.368575624082233,511.0,500-600,20%-30%
Boba Bar,2026-09-02,WK 36,Mulund,Swiggy,Snacks,COCO,MH,532.35,235.65,25.14,738.0,0,3,31.930894308943092,177.45000000000002,100-200,30%-40%
Frozen Bottle,2026-09-02,WK 36,Mulund,In Store,Dinner,COCO,MH,5984.4,2717.75,299.21999999999997,8702.15,0,28,31.23078779382107,213.72857142857143,200-300,30%-40%
Frozen Bottle,2026-09-02,WK 36,Mulund,In Store,Lunch,COCO,MH,1409.82,148.18,70.53999999999999,1558.0,0,8,9.510911424903723,176.2275,100-200,1%-10%
Frozen Bottle,2026-09-02,WK 36,Mulund,In Store,Snacks,COCO,MH,3059.69,488.33000000000004,153.06,3548.02,0,18,13.763451164311363,169.98277777777778,100-200,10%-20%
Frozen Bottle,2026-09-02,WK 36,Mulund,Swiggy,Closing,COCO,MH,139.0,121.0,6.46,250.0,0,1,48.4,139.0,100-200,40%-50%
Frozen Bottle,2026-09-02,WK 36,Mulund,Swiggy,Dinner,COCO,MH,3039.01,1692.99,143.5,4562.0,0,11,37.1106970626918,276.2736363636364,200-300,30%-40%
Frozen Bottle,2026-09-02,WK 36,Mulund,Swiggy,Late Night,COCO,MH,1304.0,315.0,62.7,1569.0,0,3,20.076481835564053,434.6666666666667,400-500,20%-30%
Frozen Bottle,2026-09-02,WK 36,Mulund,Swiggy,Lunch,COCO,MH,366.0,335.0,16.82,671.0,0,3,49.92548435171386,122.0,100-200,40%-50%
Frozen Bottle,2026-09-02,WK 36,Mulund,Swiggy,Snacks,COCO,MH,1474.0,445.0,70.7,1859.0,0,5,23.937600860677787,294.8,200-300,20%-30%
Frozen Bottle,2026-09-02,WK 36,Mulund,Zomato,Closing,COCO,MH,726.7,76.3,36.36,763.0,0,1,10.0,726.7,600-900,1%-10%
Frozen Bottle,2026-09-02,WK 36,Mulund,Zomato,Dinner,COCO,MH,915.5,327.49,45.8,1192.99,0,3,27.451194058625806,305.1666666666667,300-400,20%-30%
Frozen Bottle,2026-09-02,WK 36,Mulund,Zomato,Late Night,COCO,MH,1318.5,609.5,65.94,1858.0,0,5,32.80409041980624,263.7,200-300,30%-40%
Frozen Bottle,2026-09-02,WK 36,Mulund,Zomato,Lunch,COCO,MH,950.0,700.0,47.5,1590.0,0,3,44.0251572327044,316.6666666666667,300-400,40%-50%
Frozen Bottle,2026-09-02,WK 36,Mulund,Zomato,Snacks,COCO,MH,785.5,354.5,39.3,1100.0,0,3,32.22727272727273,261.8333333333333,200-300,30%-40%
Madno,2026-09-02,WK 36,Mulund,Swiggy,Closing,COCO,MH,240.0,0.0,11.5,230.0,0,1,0.0,240.0,200-300,0%
Madno,2026-09-02,WK 36,Mulund,Zomato,Late Night,COCO,MH,593.0,50.0,29.66,613.0,0,2,8.156606851549755,296.5,200-300,1%-10%
Madno,2026-09-02,WK 36,Mulund,Zomato,Lunch,COCO,MH,181.0,80.0,9.06,251.0,0,1,31.872509960159363,181.0,100-200,30%-40%
Frozen Bottle,2026-09-02,WK 36,Nagadevanahally,In Store,Breakfast,FOFO,KA,99.0,0.0,4.96,99.0,0,1,0.0,99.0,0-100,0%
Frozen Bottle,2026-09-02,WK 36,Nagadevanahally,In Store,Dinner,FOFO,KA,317.0,0.0,15.86,317.0,0,2,0.0,158.5,100-200,0%
Frozen Bottle,2026-09-02,WK 36,Nagadevanahally,In Store,Late Night,FOFO,KA,156.0,0.0,7.82,156.0,0,2,0.0,78.0,0-100,0%
Frozen Bottle,2026-09-02,WK 36,Nagadevanahally,In Store,Lunch,FOFO,KA,686.0,0.0,34.3,686.0,0,2,0.0,343.0,300-400,0%
Frozen Bottle,2026-09-02,WK 36,Nagadevanahally,In Store,Snacks,FOFO,KA,607.0,0.0,30.36,607.0,0,2,0.0,303.5,300-400,0%
Frozen Bottle,2026-09-02,WK 36,Nagadevanahally,Swiggy,Snacks,FOFO,KA,461.77,507.23,21.08,929.0,0,2,54.599569429494075,230.885,200-300,50%-60%
Frozen Bottle,2026-09-02,WK 36,Nagadevanahally,Zomato,Dinner,FOFO,KA,175.0,125.0,8.76,290.0,0,1,43.103448275862064,175.0,100-200,40%-50%
Frozen Bottle,2026-09-02,WK 36,Nagadevanahally,Zomato,Lunch,FOFO,KA,441.0,300.0,22.04,711.0,0,2,42.19409282700422,220.5,200-300,40%-50%
Frozen Bottle,2026-09-02,WK 36,Nagadevanahally,Zomato,Snacks,FOFO,KA,619.0,300.0,30.96,889.0,0,2,33.74578177727784,309.5,300-400,30%-40%
Madno,2026-09-02,WK 36,Nagadevanahally,Swiggy,Dinner,FOFO,KA,560.01,239.99,26.5,770.0,0,2,31.167532467532467,280.005,200-300,30%-40%
Madno,2026-09-02,WK 36,Nagadevanahally,Swiggy,Lunch,FOFO,KA,100.0,140.0,4.5,230.0,0,1,60.86956521739131,100.0,0-100,60%-70%
Madno,2026-09-02,WK 36,Nagadevanahally,Zomato,Dinner,FOFO,KA,661.0,200.0,33.06,831.0,0,1,24.067388688327316,661.0,600-900,20%-30%
Madno,2026-09-02,WK 36,Nagadevanahally,Zomato,Snacks,FOFO,KA,741.0,200.0,37.04,911.0,0,1,21.953896816684964,741.0,600-900,20%-30%
Frozen Bottle,2026-09-02,WK 36,Nagarbhavi,In Store,Dinner,FOFO,KA,1868.46,0.0,93.46000000000001,1868.46,0,7,0.0,266.92285714285714,200-300,0%
Frozen Bottle,2026-09-02,WK 36,Nagarbhavi,In Store,Late Night,FOFO,KA,1141.0,0.0,57.08,1141.0,0,4,0.0,285.25,200-300,0%
Frozen Bottle,2026-09-02,WK 36,Nagarbhavi,In Store,Lunch,FOFO,KA,587.0,0.0,29.36,587.0,0,2,0.0,293.5,200-300,0%
Frozen Bottle,2026-09-02,WK 36,Nagarbhavi,Swiggy,Breakfast,FOFO,KA,299.0,331.0,14.96,630.0,0,1,52.539682539682545,299.0,200-300,50%-60%
Frozen Bottle,2026-09-02,WK 36,Nagarbhavi,Swiggy,Dinner,FOFO,KA,508.0,222.0,24.92,720.0,0,2,30.833333333333336,254.0,200-300,30%-40%
Frozen Bottle,2026-09-02,WK 36,Nagarbhavi,Swiggy,Late Night,FOFO,KA,209.0,0.0,9.96,199.0,0,1,0.0,209.0,200-300,0%
Frozen Bottle,2026-09-02,WK 36,Nagarbhavi,Zomato,Breakfast,FOFO,KA,1137.0,125.0,56.84,1222.0,0,1,10.229132569558102,1137.0,>900,10%-20%
Frozen Bottle,2026-09-02,WK 36,Nagarbhavi,Zomato,Dinner,FOFO,KA,1102.15,109.7,55.1,1171.85,0,4,9.36126637368264,275.5375,200-300,1%-10%
Frozen Bottle,2026-09-02,WK 36,Nagarbhavi,Zomato,Late Night,FOFO,KA,556.0,125.0,27.8,661.0,0,2,18.910741301059,278.0,200-300,10%-20%
Frozen Bottle,2026-09-02,WK 36,Nagarbhavi,Zomato,Lunch,FOFO,KA,544.3,134.7,27.220000000000002,649.0,0,2,20.755007704160246,272.15,200-300,20%-30%
Frozen Bottle,2026-09-02,WK 36,Nagarbhavi,Zomato,Snacks,FOFO,KA,834.3,174.7,41.72,969.0,0,3,18.02889576883385,278.09999999999997,200-300,10%-20%
Boba Bar,2026-09-02,WK 36,Nagavara,Ownly,Lunch,COCO,KA,195.0,0.0,9.76,195.0,0,1,0.0,195.0,100-200,0%
Boba Bar,2026-09-02,WK 36,Nagavara,Swiggy,Dinner,COCO,KA,138.0,132.0,6.4,260.0,0,1,50.76923076923077,138.0,100-200,50%-60%
Boba Bar,2026-09-02,WK 36,Nagavara,Zomato,Snacks,COCO,KA,181.0,150.0,9.06,321.0,0,1,46.728971962616825,181.0,100-200,40%-50%
Frozen Bottle,2026-09-02,WK 36,Nagavara,In Store,Dinner,COCO,KA,2637.04,181.03,131.9,2818.0699999999997,0,14,6.423900045066305,188.35999999999999,100-200,1%-10%
Frozen Bottle,2026-09-02,WK 36,Nagavara,In Store,Late Night,COCO,KA,69.0,0.0,3.46,69.0,0,1,0.0,69.0,0-100,0%
Frozen Bottle,2026-09-02,WK 36,Nagavara,In Store,Lunch,COCO,KA,888.65,360.35,44.46,1249.0,0,7,28.851080864691752,126.95,100-200,20%-30%
Frozen Bottle,2026-09-02,WK 36,Nagavara,In Store,Snacks,COCO,KA,2001.42,138.08,100.08,2139.5,0,7,6.4538443561579815,285.9171428571429,200-300,1%-10%
Frozen Bottle,2026-09-02,WK 36,Nagavara,Ownly,Dinner,COCO,KA,223.0,0.0,11.16,223.0,0,1,0.0,223.0,200-300,0%
Frozen Bottle,2026-09-02,WK 36,Nagavara,Swiggy,Dinner,COCO,KA,908.01,502.32,42.42,1350.33,0,4,37.19979560551865,227.0025,200-300,30%-40%
Frozen Bottle,2026-09-02,WK 36,Nagavara,Swiggy,Late Night,COCO,KA,560.01,119.99,27.0,660.0,0,1,18.18030303030303,560.01,500-600,10%-20%
Frozen Bottle,2026-09-02,WK 36,Nagavara,Swiggy,Lunch,COCO,KA,2826.01,431.99,136.8,3168.0,0,3,13.63604797979798,942.0033333333334,>900,10%-20%
Frozen Bottle,2026-09-02,WK 36,Nagavara,Swiggy,Snacks,COCO,KA,1313.0,336.0,63.16,1599.0,0,4,21.013133208255162,328.25,300-400,20%-30%
Frozen Bottle,2026-09-02,WK 36,Nagavara,Zomato,Breakfast,COCO,KA,125.0,115.0,6.26,230.0,0,1,50.0,125.0,100-200,40%-50%
Frozen Bottle,2026-09-02,WK 36,Nagavara,Zomato,Dinner,COCO,KA,1102.0,319.0,55.120000000000005,1371.0,0,4,23.26768781911014,275.5,200-300,20%-30%
Frozen Bottle,2026-09-02,WK 36,Nagavara,Zomato,Lunch,COCO,KA,299.0,200.0,14.96,479.0,0,1,41.75365344467641,299.0,200-300,40%-50%
Frozen Bottle,2026-09-02,WK 36,Nagavara,Zomato,Snacks,COCO,KA,1569.0,1119.0,78.48,2598.0,0,7,43.071593533487295,224.14285714285714,200-300,40%-50%
Madno,2026-09-02,WK 36,Nagavara,Ownly,Dinner,COCO,KA,469.0,0.0,23.46,469.0,0,2,0.0,234.5,200-300,0%
Madno,2026-09-02,WK 36,Nagavara,Ownly,Snacks,COCO,KA,493.0,0.0,24.66,493.0,0,1,0.0,493.0,400-500,0%
Madno,2026-09-02,WK 36,Nagavara,Swiggy,Dinner,COCO,KA,1052.02,731.98,50.620000000000005,1744.0,0,3,41.971330275229356,350.67333333333335,300-400,40%-50%
Madno,2026-09-02,WK 36,Nagavara,Zomato,Dinner,COCO,KA,1001.0,50.0,50.06,1011.0,0,3,4.945598417408506,333.6666666666667,300-400,1%-10%
Madno,2026-09-02,WK 36,Nagavara,Zomato,Late Night,COCO,KA,521.0,421.0,26.06,912.0,0,2,46.16228070175439,260.5,200-300,40%-50%
Madno,2026-09-02,WK 36,Nagavara,Zomato,Lunch,COCO,KA,170.0,150.0,8.5,310.0,0,1,48.38709677419355,170.0,100-200,40%-50%
Madno,2026-09-02,WK 36,Nagavara,Zomato,Snacks,COCO,KA,561.0,430.0,28.060000000000002,951.0,0,3,45.2155625657203,187.0,100-200,40%-50%
Frozen Bottle,2026-09-02,WK 36,Nalanchira,In Store,Dinner,FOFO,Kerela,1559.1,0.0,77.96,1559.1,0,5,0.0,311.82,300-400,0%
Frozen Bottle,2026-09-02,WK 36,Nalanchira,In Store,Lunch,FOFO,Kerela,2411.05,0.0,120.60000000000001,2411.05,0,9,0.0,267.89444444444445,200-300,0%
Frozen Bottle,2026-09-02,WK 36,Nalanchira,In Store,Snacks,FOFO,Kerela,2706.55,0.0,135.39999999999998,2706.55,0,11,0.0,246.05,200-300,0%
Frozen Bottle,2026-09-02,WK 36,Nalanchira,Swiggy,Breakfast,FOFO,Kerela,209.0,0.0,9.96,199.0,0,1,0.0,209.0,200-300,0%
Frozen Bottle,2026-09-02,WK 36,Nalanchira,Swiggy,Dinner,FOFO,Kerela,743.0,0.0,35.66,713.0,0,1,0.0,743.0,600-900,0%
Frozen Bottle,2026-09-02,WK 36,Nalanchira,Swiggy,Lunch,FOFO,Kerela,798.0,212.0,37.92,970.0,0,2,21.855670103092784,399.0,300-400,20%-30%
Frozen Bottle,2026-09-02,WK 36,Nalanchira,Zomato,Breakfast,FOFO,Kerela,209.0,0.0,10.46,199.0,0,1,0.0,209.0,200-300,0%
Frozen Bottle,2026-09-02,WK 36,Nalanchira,Zomato,Lunch,FOFO,Kerela,718.0,0.0,35.92,688.0,0,2,0.0,359.0,300-400,0%
Madno,2026-09-02,WK 36,Nalanchira,Zomato,Dinner,FOFO,Kerela,149.0,42.0,7.46,191.0,0,1,21.98952879581152,149.0,100-200,20%-30%
Frozen Bottle,2026-09-02,WK 36,Nallagandla,In Store,Dinner,FOFO,AP & TL,433.23,0.0,21.66,433.23,0,1,0.0,433.23,400-500,0%
Boba Bar,2026-09-02,WK 36,Namakkal,Zomato,Lunch,FOFO,TN,200.0,0.0,10.0,190.0,0,1,0.0,200.0,100-200,0%
Frozen Bottle,2026-09-02,WK 36,Namakkal,In Store,Dinner,FOFO,TN,387.0,0.0,19.36,387.0,0,2,0.0,193.5,100-200,0%
Frozen Bottle,2026-09-02,WK 36,Namakkal,In Store,Lunch,FOFO,TN,258.0,0.0,12.9,258.0,0,1,0.0,258.0,200-300,0%
Frozen Bottle,2026-09-02,WK 36,Namakkal,In Store,Snacks,FOFO,TN,965.0,0.0,48.26,965.0,0,3,0.0,321.6666666666667,300-400,0%
Frozen Bottle,2026-09-02,WK 36,Namakkal,Swiggy,Dinner,FOFO,TN,990.0,0.0,47.5,950.0,0,1,0.0,990.0,>900,0%
Frozen Bottle,2026-09-02,WK 36,Namakkal,Swiggy,Lunch,FOFO,TN,209.0,0.0,9.96,199.0,0,1,0.0,209.0,200-300,0%
Frozen Bottle,2026-09-02,WK 36,Namakkal,Zomato,Dinner,FOFO,TN,2533.0,0.0,126.72,2453.0,0,4,0.0,633.25,600-900,0%
Frozen Bottle,2026-09-02,WK 36,Namakkal,Zomato,Lunch,FOFO,TN,209.0,0.0,10.46,199.0,0,1,0.0,209.0,200-300,0%
Frozen Bottle,2026-09-02,WK 36,Nanganallur CK,Swiggy,Dinner,COCO,TN,5079.02,1833.98,243.01999999999998,6693.0,0,16,27.401464216345435,317.43875,300-400,20%-30%
Frozen Bottle,2026-09-02,WK 36,Nanganallur CK,Swiggy,Late Night,COCO,TN,449.0,112.0,21.46,541.0,0,2,20.70240295748614,224.5,200-300,20%-30%
Frozen Bottle,2026-09-02,WK 36,Nanganallur CK,Swiggy,Lunch,COCO,TN,279.0,112.0,13.46,381.0,0,1,29.396325459317584,279.0,200-300,20%-30%
Frozen Bottle,2026-09-02,WK 36,Nanganallur CK,Swiggy,Snacks,COCO,TN,2113.02,614.98,101.18,2638.0,0,4,23.31235784685368,528.255,500-600,20%-30%
Frozen Bottle,2026-09-02,WK 36,Nanganallur CK,Zomato,Dinner,COCO,TN,678.0,440.0,33.94,1078.0,0,4,40.816326530612244,169.5,100-200,40%-50%
Frozen Bottle,2026-09-02,WK 36,Nanganallur CK,Zomato,Lunch,COCO,TN,569.5,400.5,28.5,930.0,0,2,43.064516129032256,284.75,200-300,40%-50%
Frozen Bottle,2026-09-02,WK 36,Nanganallur CK,Zomato,Snacks,COCO,TN,640.0,100.0,32.0,720.0,0,2,13.88888888888889,320.0,300-400,10%-20%
Madno,2026-09-02,WK 36,Nanganallur CK,Swiggy,Dinner,COCO,TN,473.0,390.0,21.66,823.0,0,3,47.38760631834751,157.66666666666666,100-200,40%-50%
Madno,2026-09-02,WK 36,Nanganallur CK,Swiggy,Late Night,COCO,TN,227.5,42.5,10.88,260.0,0,1,16.346153846153847,227.5,200-300,10%-20%
Madno,2026-09-02,WK 36,Nanganallur CK,Swiggy,Snacks,COCO,TN,161.0,0.0,7.56,151.0,0,1,0.0,161.0,100-200,0%
Madno,2026-09-02,WK 36,Nanganallur CK,Zomato,Dinner,COCO,TN,597.5,296.5,29.88,844.0,0,2,35.1303317535545,298.75,200-300,30%-40%
Madno,2026-09-02,WK 36,Nanganallur CK,Zomato,Lunch,COCO,TN,341.0,271.0,17.06,592.0,0,1,45.77702702702703,341.0,300-400,40%-50%
Boba Bar,2026-09-02,WK 36,Nungambakkam - CK,Swiggy,Dinner,COCO,TN,356.0,264.0,16.8,600.0,0,1,44.0,356.0,300-400,40%-50%
Frozen Bottle,2026-09-02,WK 36,Nungambakkam - CK,Swiggy,Breakfast,COCO,TN,1246.0,193.0,59.82,1389.0,0,3,13.894888408927287,415.3333333333333,400-500,10%-20%
Frozen Bottle,2026-09-02,WK 36,Nungambakkam - CK,Swiggy,Dinner,COCO,TN,3324.58,1596.75,156.78,4731.33,0,13,33.748438599717204,255.73692307692306,200-300,30%-40%
Frozen Bottle,2026-09-02,WK 36,Nungambakkam - CK,Swiggy,Late Night,COCO,TN,169.0,101.0,7.96,260.0,0,1,38.84615384615385,169.0,100-200,30%-40%
Frozen Bottle,2026-09-02,WK 36,Nungambakkam - CK,Swiggy,Lunch,COCO,TN,747.0,213.0,35.86,930.0,0,3,22.903225806451612,249.0,200-300,20%-30%
Frozen Bottle,2026-09-02,WK 36,Nungambakkam - CK,Swiggy,Snacks,COCO,TN,805.0,325.0,38.260000000000005,1090.0,0,3,29.81651376146789,268.3333333333333,200-300,20%-30%
Frozen Bottle,2026-09-02,WK 36,Nungambakkam - CK,Zomato,Dinner,COCO,TN,511.0,360.0,25.560000000000002,841.0,0,2,42.80618311533888,255.5,200-300,40%-50%
Frozen Bottle,2026-09-02,WK 36,Nungambakkam - CK,Zomato,Lunch,COCO,TN,140.0,100.0,7.0,230.0,0,1,43.47826086956522,140.0,100-200,40%-50%
Frozen Bottle,2026-09-02,WK 36,Nungambakkam - CK,Zomato,Snacks,COCO,TN,126.66,116.67,6.34,233.33,0,1,50.00214288775554,126.66,100-200,50%-60%
Madno,2026-09-02,WK 36,Nungambakkam - CK,Swiggy,Dinner,COCO,TN,118.0,103.0,5.4,211.0,0,1,48.81516587677725,118.0,100-200,40%-50%
Madno,2026-09-02,WK 36,Nungambakkam - CK,Swiggy,Late Night,COCO,TN,965.75,206.25,45.8,1122.0,0,2,18.38235294117647,482.875,400-500,10%-20%
Madno,2026-09-02,WK 36,Nungambakkam - CK,Swiggy,Lunch,COCO,TN,720.0,122.85,35.0,822.85,0,1,14.929817099106762,720.0,600-900,10%-20%
Boba Bar,2026-09-02,WK 36,OMR,Swiggy,Dinner,COCO,TN,109.0,91.0,4.96,190.0,0,1,47.89473684210526,109.0,100-200,40%-50%
Boba Bar,2026-09-02,WK 36,OMR,Swiggy,Snacks,COCO,TN,1016.0,486.85,47.8,1442.85,0,2,33.742246248743804,508.0,500-600,30%-40%
Boba Bar,2026-09-02,WK 36,OMR,Zomato,Dinner,COCO,TN,238.0,100.0,11.92,318.0,0,1,31.446540880503143,238.0,200-300,30%-40%
Boba Bar,2026-09-02,WK 36,OMR,Zomato,Snacks,COCO,TN,170.0,100.0,8.5,260.0,0,1,38.46153846153847,170.0,100-200,30%-40%
Frozen Bottle,2026-09-02,WK 36,OMR,In Store,Dinner,COCO,TN,1648.56,418.9,82.46000000000001,2067.46,0,8,20.261577007535816,206.07,200-300,20%-30%
Frozen Bottle,2026-09-02,WK 36,OMR,In Store,Lunch,COCO,TN,1004.8,617.4300000000001,50.26,1622.23,0,8,38.06057094246809,125.6,100-200,30%-40%
Frozen Bottle,2026-09-02,WK 36,OMR,In Store,Snacks,COCO,TN,443.52,201.48,22.18,645.0,0,2,31.23720930232558,221.76,200-300,30%-40%
Frozen Bottle,2026-09-02,WK 36,OMR,Swiggy,Dinner,COCO,TN,1940.01,790.99,92.52,2641.0,0,6,29.950397576675503,323.335,300-400,20%-30%
Frozen Bottle,2026-09-02,WK 36,OMR,Swiggy,Late Night,COCO,TN,228.0,112.0,10.9,330.0,0,1,33.939393939393945,228.0,200-300,30%-40%
Frozen Bottle,2026-09-02,WK 36,OMR,Swiggy,Lunch,COCO,TN,2028.01,894.99,96.91999999999999,2833.0,0,6,31.59159901164843,338.00166666666667,300-400,30%-40%
Frozen Bottle,2026-09-02,WK 36,OMR,Swiggy,Snacks,COCO,TN,786.0,235.0,37.82,991.0,0,4,23.713420787083752,196.5,100-200,20%-30%
Frozen Bottle,2026-09-02,WK 36,OMR,Zomato,Dinner,COCO,TN,751.5,487.5,37.6,1189.0,0,4,41.000841042893185,187.875,100-200,40%-50%
Frozen Bottle,2026-09-02,WK 36,OMR,Zomato,Late Night,COCO,TN,928.0,261.98,46.379999999999995,1149.98,0,2,22.781265761143672,464.0,400-500,20%-30%
Frozen Bottle,2026-09-02,WK 36,OMR,Zomato,Lunch,COCO,TN,839.85,445.15,42.0,1245.0,0,3,35.75502008032128,279.95,200-300,30%-40%
Frozen Bottle,2026-09-02,WK 36,OMR,Zomato,Snacks,COCO,TN,569.25,256.75,28.48,796.0,0,3,32.25502512562814,189.75,100-200,30%-40%
Madno,2026-09-02,WK 36,OMR,Swiggy,Dinner,COCO,TN,1040.96,195.74,49.04,1176.7,0,4,16.634656242032804,260.24,200-300,10%-20%
Madno,2026-09-02,WK 36,OMR,Swiggy,Snacks,COCO,TN,269.0,102.0,12.46,351.0,0,2,29.059829059829063,134.5,100-200,20%-30%
Madno,2026-09-02,WK 36,OMR,Zomato,Dinner,COCO,TN,790.0,210.0,39.5,960.0,0,3,21.875,263.3333333333333,200-300,20%-30%
Madno,2026-09-02,WK 36,OMR,Zomato,Snacks,COCO,TN,492.0,442.0,24.62,894.0,0,1,49.44071588366891,492.0,400-500,40%-50%
Frozen Bottle,2026-09-02,WK 36,PALAM VIHAR,In Store,Snacks,FOFO,ROI,615.0,0.0,30.759999999999998,615.0,0,3,0.0,205.0,200-300,0%
Frozen Bottle,2026-09-02,WK 36,PALAM VIHAR,Zomato,Closing,FOFO,ROI,600.0,0.0,30.0,580.0,0,1,0.0,600.0,500-600,0%
Frozen Bottle,2026-09-02,WK 36,PALAM VIHAR,Zomato,Dinner,FOFO,ROI,519.0,0.0,25.96,499.0,0,1,0.0,519.0,500-600,0%
Madno,2026-09-02,WK 36,PALAM VIHAR,Swiggy,Dinner,FOFO,ROI,558.02,124.98,25.9,643.0,0,1,19.43701399688958,558.02,500-600,10%-20%
Boba Bar,2026-09-02,WK 36,Pallikaranai,Swiggy,Dinner,COCO,TN,841.0,705.0,38.06,1466.0,0,4,48.0900409276944,210.25,200-300,40%-50%
Boba Bar,2026-09-02,WK 36,Pallikaranai,Swiggy,Late Night,COCO,TN,178.0,132.0,8.4,300.0,0,1,44.0,178.0,100-200,40%-50%
Boba Bar,2026-09-02,WK 36,Pallikaranai,Swiggy,Snacks,COCO,TN,665.01,663.02,30.76,1278.0300000000002,0,3,51.8782814174941,221.67,200-300,50%-60%
Frozen Bottle,2026-09-02,WK 36,Pallikaranai,In Store,Dinner,COCO,TN,687.98,245.02,34.4,933.0,0,5,26.261521972132908,137.596,100-200,20%-30%
Frozen Bottle,2026-09-02,WK 36,Pallikaranai,In Store,Lunch,COCO,TN,1230.93,250.07,61.559999999999995,1481.0,0,5,16.88521269412559,246.186,200-300,10%-20%
Frozen Bottle,2026-09-02,WK 36,Pallikaranai,In Store,Snacks,COCO,TN,1055.15,413.85,52.78,1469.0,0,7,28.17222600408441,150.7357142857143,100-200,20%-30%
Frozen Bottle,2026-09-02,WK 36,Pallikaranai,Swiggy,Dinner,COCO,TN,2929.01,1174.32,138.48,3943.33,0,13,29.779906830014223,225.30846153846156,200-300,20%-30%
Frozen Bottle,2026-09-02,WK 36,Pallikaranai,Swiggy,Late Night,COCO,TN,1140.0,655.3299999999999,53.019999999999996,1715.33,0,5,38.20431054082888,228.0,200-300,30%-40%
Frozen Bottle,2026-09-02,WK 36,Pallikaranai,Swiggy,Lunch,COCO,TN,756.0,193.0,36.32,919.0,0,4,21.00108813928183,189.0,100-200,20%-30%
Frozen Bottle,2026-09-02,WK 36,Pallikaranai,Swiggy,Snacks,COCO,TN,1838.0,844.0,87.44,2592.0,0,7,32.56172839506173,262.57142857142856,200-300,30%-40%
Frozen Bottle,2026-09-02,WK 36,Pallikaranai,Zomato,Dinner,COCO,TN,2000.0,690.0,100.04,2600.0,0,5,26.53846153846154,400.0,300-400,20%-30%
Frozen Bottle,2026-09-02,WK 36,Pallikaranai,Zomato,Late Night,COCO,TN,304.5,205.5,15.240000000000002,490.0,0,2,41.93877551020408,152.25,100-200,40%-50%
Frozen Bottle,2026-09-02,WK 36,Pallikaranai,Zomato,Lunch,COCO,TN,722.0,225.0,36.1,917.0,0,2,24.53653217011996,361.0,300-400,20%-30%
Madno,2026-09-02,WK 36,Pallikaranai,Swiggy,Dinner,COCO,TN,418.0,193.0,19.42,581.0,0,2,33.218588640275385,209.0,200-300,30%-40%
Madno,2026-09-02,WK 36,Pallikaranai,Swiggy,Lunch,COCO,TN,1550.0,308.85,74.0,1788.85,0,3,17.265282164519107,516.6666666666666,500-600,10%-20%
Madno,2026-09-02,WK 36,Pallikaranai,Swiggy,Snacks,COCO,TN,1045.26,317.74,49.28,1303.0,0,4,24.385264773599385,261.315,200-300,20%-30%
Madno,2026-09-02,WK 36,Pallikaranai,Zomato,Dinner,COCO,TN,656.5,165.5,32.82,782.0,0,2,21.163682864450127,328.25,300-400,20%-30%
Madno,2026-09-02,WK 36,Pallikaranai,Zomato,Late Night,COCO,TN,501.0,351.0,25.06,822.0,0,2,42.700729927007295,250.5,200-300,40%-50%
Madno,2026-09-02,WK 36,Pallikaranai,Zomato,Snacks,COCO,TN,105.5,95.5,5.28,191.0,0,1,50.0,105.5,100-200,40%-50%
Frozen Bottle,2026-09-02,WK 36,Parbhani,In Store,Dinner,FOFO,MH,820.23,0.0,41.02,820.23,0,2,0.0,410.115,400-500,0%
Frozen Bottle,2026-09-02,WK 36,Parbhani,In Store,Late Night,FOFO,MH,358.0,0.0,17.9,358.0,0,1,0.0,358.0,300-400,0%
Frozen Bottle,2026-09-02,WK 36,Parbhani,In Store,Snacks,FOFO,MH,1663.46,0.0,83.16000000000001,1663.46,0,4,0.0,415.865,400-500,0%
Frozen Bottle,2026-09-02,WK 36,Parbhani,Swiggy,Dinner,FOFO,MH,2926.01,218.99,141.82,3055.0,0,6,7.168248772504092,487.66833333333335,400-500,1%-10%
Frozen Bottle,2026-09-02,WK 36,Parbhani,Swiggy,Lunch,FOFO,MH,517.5,82.5,24.88,580.0,0,2,14.224137931034484,258.75,200-300,10%-20%
Frozen Bottle,2026-09-02,WK 36,Parbhani,Zomato,Closing,FOFO,MH,157.1,32.9,7.86,180.0,0,1,18.277777777777775,157.1,100-200,10%-20%
Frozen Bottle,2026-09-02,WK 36,Parbhani,Zomato,Dinner,FOFO,MH,1950.6,159.4,97.53999999999999,2030.0,0,5,7.852216748768473,390.12,300-400,1%-10%
Frozen Bottle,2026-09-02,WK 36,Parbhani,Zomato,Late Night,FOFO,MH,991.25,71.6,49.58,1022.85,0,2,7.000048883022926,495.625,400-500,1%-10%
Frozen Bottle,2026-09-02,WK 36,Parbhani,Zomato,Lunch,FOFO,MH,379.0,0.0,18.96,369.0,0,1,0.0,379.0,300-400,0%
Boba Bar,2026-09-02,WK 36,Perambur - CK,Swiggy,Late Night,COCO,TN,227.0,212.0,10.36,419.0,0,1,50.59665871121718,227.0,200-300,50%-60%
Frozen Bottle,2026-09-02,WK 36,Perambur - CK,Swiggy,Dinner,COCO,TN,3625.0,745.0,173.79999999999998,4220.0,0,9,17.654028436018958,402.77777777777777,400-500,10%-20%
Frozen Bottle,2026-09-02,WK 36,Perambur - CK,Swiggy,Late Night,COCO,TN,1315.0,389.33000000000004,61.760000000000005,1624.33,0,4,23.96865169023536,328.75,300-400,20%-30%
Frozen Bottle,2026-09-02,WK 36,Perambur - CK,Swiggy,Lunch,COCO,TN,309.0,0.0,14.96,299.0,0,1,0.0,309.0,300-400,0%
Frozen Bottle,2026-09-02,WK 36,Perambur - CK,Swiggy,Snacks,COCO,TN,1561.57,585.4300000000001,74.60000000000001,2077.0,0,5,28.18632643235436,312.31399999999996,300-400,20%-30%
Frozen Bottle,2026-09-02,WK 36,Perambur - CK,Zomato,Dinner,COCO,TN,1518.0,411.0,75.94,1859.0,0,4,22.10866057019903,379.5,300-400,20%-30%
Frozen Bottle,2026-09-02,WK 36,Perambur - CK,Zomato,Late Night,COCO,TN,490.3,368.7,24.52,829.0,0,2,44.475271411338966,245.15,200-300,40%-50%
Frozen Bottle,2026-09-02,WK 36,Perambur - CK,Zomato,Lunch,COCO,TN,320.0,300.0,16.0,600.0,0,1,50.0,320.0,300-400,40%-50%
Frozen Bottle,2026-09-02,WK 36,Perambur - CK,Zomato,Snacks,COCO,TN,481.0,0.0,24.06,461.0,0,1,0.0,481.0,400-500,0%
Madno,2026-09-02,WK 36,Perambur - CK,Swiggy,Lunch,COCO,TN,119.0,100.0,5.96,219.0,0,1,45.662100456621005,119.0,100-200,40%-50%
Madno,2026-09-02,WK 36,Perambur - CK,Zomato,Lunch,COCO,TN,390.0,50.0,19.52,420.0,0,1,11.904761904761903,390.0,300-400,10%-20%
Frozen Bottle,2026-09-02,WK 36,Pimple Saudagar,In Store,Dinner,FOFO,MH,178.0,0.0,8.9,178.0,0,1,0.0,178.0,100-200,0%
Frozen Bottle,2026-09-02,WK 36,Pimple Saudagar,Swiggy,Dinner,FOFO,MH,1919.01,160.99,92.96000000000001,2020.0,0,4,7.96980198019802,479.7525,400-500,1%-10%
Frozen Bottle,2026-09-02,WK 36,Pimple Saudagar,Zomato,Dinner,FOFO,MH,886.0,75.0,44.32,931.0,0,2,8.055853920515576,443.0,400-500,1%-10%
Frozen Bottle,2026-09-02,WK 36,Pimple Saudagar,Zomato,Late Night,FOFO,MH,200.0,100.0,10.0,290.0,0,1,34.48275862068966,200.0,100-200,30%-40%
Frozen Bottle,2026-09-02,WK 36,Pimple Saudagar,Zomato,Lunch,FOFO,MH,181.0,100.0,9.06,271.0,0,1,36.90036900369004,181.0,100-200,30%-40%
Boba Bar,2026-09-02,WK 36,Pimpri Chinchwad,Swiggy,Dinner,FOFO,MH,573.0,279.0,28.66,852.0,0,1,32.74647887323944,573.0,500-600,30%-40%
Boba Bar,2026-09-02,WK 36,Pimpri Chinchwad,Swiggy,Snacks,FOFO,MH,99.0,91.0,4.96,190.0,0,1,47.89473684210526,99.0,0-100,40%-50%
Frozen Bottle,2026-09-02,WK 36,Pimpri Chinchwad,In Store,Dinner,FOFO,MH,199.0,0.0,9.96,199.0,0,1,0.0,199.0,100-200,0%
Frozen Bottle,2026-09-02,WK 36,Pimpri Chinchwad,In Store,Lunch,FOFO,MH,129.0,0.0,6.46,129.0,0,1,0.0,129.0,100-200,0%
Frozen Bottle,2026-09-02,WK 36,Pimpri Chinchwad,Swiggy,Lunch,FOFO,MH,331.0,0.0,16.06,321.0,0,1,0.0,331.0,300-400,0%
Frozen Bottle,2026-09-02,WK 36,Pimpri Chinchwad,Zomato,Dinner,FOFO,MH,934.0,75.0,46.7,979.0,0,2,7.6608784473953015,467.0,400-500,1%-10%
Frozen Bottle,2026-09-02,WK 36,Pimpri Chinchwad,Zomato,Lunch,FOFO,MH,406.1,142.9,20.3,529.0,0,1,27.013232514177695,406.1,400-500,20%-30%
Madno,2026-09-02,WK 36,Pimpri Chinchwad,Swiggy,Lunch,FOFO,MH,149.0,81.0,7.46,230.0,0,1,35.21739130434783,149.0,100-200,30%-40%
Boba Bar,2026-09-02,WK 36,Poonamalle,Swiggy,Snacks,FOFO,TN,290.0,0.0,14.0,280.0,0,1,0.0,290.0,200-300,0%
Frozen Bottle,2026-09-02,WK 36,Poonamalle,In Store,Dinner,FOFO,TN,2088.0,0.0,104.44,2088.0,0,8,0.0,261.0,200-300,0%
Frozen Bottle,2026-09-02,WK 36,Poonamalle,In Store,Lunch,FOFO,TN,1503.0,0.0,75.18,1503.0,0,5,0.0,300.6,300-400,0%
Frozen Bottle,2026-09-02,WK 36,Poonamalle,In Store,Snacks,FOFO,TN,1612.0,0.0,80.62,1612.0,0,3,0.0,537.3333333333334,500-600,0%
Frozen Bottle,2026-09-02,WK 36,Poonamalle,Swiggy,Dinner,FOFO,TN,651.0,40.0,30.56,651.0,0,2,6.1443932411674345,325.5,300-400,1%-10%
Frozen Bottle,2026-09-02,WK 36,Poonamalle,Swiggy,Snacks,FOFO,TN,290.0,0.0,13.5,270.0,0,1,0.0,290.0,200-300,0%
Frozen Bottle,2026-09-02,WK 36,Poonamalle,Zomato,Dinner,FOFO,TN,231.0,100.0,11.56,321.0,0,1,31.15264797507788,231.0,200-300,30%-40%
Frozen Bottle,2026-09-02,WK 36,Poonamalle,Zomato,Snacks,FOFO,TN,613.7,307.3,30.68,891.0,0,2,34.48933782267115,306.85,300-400,30%-40%
Boba Bar,2026-09-02,WK 36,Powai- CF - CK,Others,Dinner,COCO,MH,60.37,72.48,3.02,122.85,0,1,58.998778998779,60.37,0-100,50%-60%
Frozen Bottle,2026-09-02,WK 36,Powai- CF - CK,Swiggy,Dinner,COCO,MH,377.0,184.0,17.86,541.0,0,2,34.011090573012936,188.5,100-200,30%-40%
Frozen Bottle,2026-09-02,WK 36,Powai- CF - CK,Swiggy,Lunch,COCO,MH,469.0,112.0,22.46,561.0,0,1,19.964349376114082,469.0,400-500,10%-20%
Frozen Bottle,2026-09-02,WK 36,Powai- CF - CK,Swiggy,Snacks,COCO,MH,1003.0,500.33,47.18,1443.33,0,3,34.6649761315846,334.3333333333333,300-400,30%-40%
Frozen Bottle,2026-09-02,WK 36,Powai- CF - CK,Zomato,Dinner,COCO,MH,250.0,230.0,12.5,460.0,0,1,50.0,250.0,200-300,40%-50%
Frozen Bottle,2026-09-02,WK 36,Powai- CF - CK,Zomato,Lunch,COCO,MH,1316.9,405.1,65.88,1652.0,0,4,24.52179176755448,329.225,300-400,20%-30%
Frozen Bottle,2026-09-02,WK 36,Powai- CF - CK,Zomato,Snacks,COCO,MH,673.71,160.47,33.7,794.1800000000001,0,3,20.205746808028405,224.57000000000002,200-300,20%-30%
Frozen Bottle,2026-09-02,WK 36,Prabhadevi,Swiggy,Dinner,COCO,MH,1340.01,698.99,63.519999999999996,1969.0,0,4,35.49974606399188,335.0025,300-400,30%-40%
Frozen Bottle,2026-09-02,WK 36,Prabhadevi,Swiggy,Late Night,COCO,MH,445.0,324.0,20.759999999999998,739.0,0,2,43.843031123139376,222.5,200-300,40%-50%
Frozen Bottle,2026-09-02,WK 36,Prabhadevi,Swiggy,Lunch,COCO,MH,924.0,943.0,43.22,1807.0,0,5,52.18594355285002,184.8,100-200,50%-60%
Frozen Bottle,2026-09-02,WK 36,Prabhadevi,Swiggy,Snacks,COCO,MH,1199.0,618.0,56.459999999999994,1747.0,0,5,35.37492844876932,239.8,200-300,30%-40%
Frozen Bottle,2026-09-02,WK 36,Prabhadevi,Zomato,Dinner,COCO,MH,1031.7,216.3,51.6,1208.0,0,3,17.905629139072847,343.90000000000003,300-400,10%-20%
Frozen Bottle,2026-09-02,WK 36,Prabhadevi,Zomato,Late Night,COCO,MH,862.5,338.5,43.14,1151.0,0,3,29.40920938314509,287.5,200-300,20%-30%
Frozen Bottle,2026-09-02,WK 36,Prabhadevi,Zomato,Lunch,COCO,MH,797.0,175.0,39.86,942.0,0,3,18.577494692144374,265.6666666666667,200-300,10%-20%
Frozen Bottle,2026-09-02,WK 36,Prabhadevi,Zomato,Snacks,COCO,MH,704.0,296.0,35.22,970.0,0,2,30.515463917525775,352.0,300-400,30%-40%
Madno,2026-09-02,WK 36,Prabhadevi,Swiggy,Dinner,COCO,MH,410.17,101.83,19.5,492.0,0,1,20.697154471544714,410.17,400-500,20%-30%
Madno,2026-09-02,WK 36,Prabhadevi,Zomato,Dinner,COCO,MH,302.0,262.0,15.12,524.0,0,1,50.0,302.0,300-400,40%-50%
Frozen Bottle,2026-09-02,WK 36,RT Nagar,In Store,Closing,FOFO,KA,39.0,0.0,1.96,39.0,0,1,0.0,39.0,0-100,0%
Frozen Bottle,2026-09-02,WK 36,RT Nagar,In Store,Dinner,FOFO,KA,1079.0,0.0,53.96,1079.0,0,5,0.0,215.8,200-300,0%
Frozen Bottle,2026-09-02,WK 36,RT Nagar,In Store,Snacks,FOFO,KA,169.0,0.0,8.46,169.0,0,1,0.0,169.0,100-200,0%
Frozen Bottle,2026-09-02,WK 36,RT Nagar,Swiggy,Dinner,FOFO,KA,700.0,0.0,34.0,680.0,0,1,0.0,700.0,600-900,0%
Frozen Bottle,2026-09-02,WK 36,RT Nagar,Swiggy,Late Night,FOFO,KA,350.0,171.0,16.5,501.0,0,1,34.13173652694611,350.0,300-400,30%-40%
Frozen Bottle,2026-09-02,WK 36,RT Nagar,Zomato,Dinner,FOFO,KA,181.0,0.0,9.06,171.0,0,1,0.0,181.0,100-200,0%
Frozen Bottle,2026-09-02,WK 36,RT Nagar,Zomato,Lunch,FOFO,KA,190.0,0.0,9.5,180.0,0,1,0.0,190.0,100-200,0%
Frozen Bottle,2026-09-02,WK 36,RT Nagar,Zomato,Snacks,FOFO,KA,289.0,0.0,14.46,279.0,0,1,0.0,289.0,200-300,0%
Boba Bar,2026-09-02,WK 36,Race Course Road,Zomato,Dinner,COCO,TN,398.5,129.5,19.92,518.0,0,1,25.0,398.5,300-400,20%-30%
Boba Bar,2026-09-02,WK 36,Race Course Road,Zomato,Late Night,COCO,TN,95.95,105.05,4.8,191.0,0,1,54.99999999999999,95.95,0-100,50%-60%
Boba Bar,2026-09-02,WK 36,Race Course Road,Zomato,Snacks,COCO,TN,398.5,129.5,19.92,518.0,0,1,25.0,398.5,300-400,20%-30%
Frozen Bottle,2026-09-02,WK 36,Race Course Road,In Store,Dinner,COCO,TN,1123.0,0.0,56.18,1123.0,0,4,0.0,280.75,200-300,0%
Frozen Bottle,2026-09-02,WK 36,Race Course Road,In Store,Lunch,COCO,TN,1204.0,0.0,60.22,1204.0,0,3,0.0,401.3333333333333,400-500,0%
Frozen Bottle,2026-09-02,WK 36,Race Course Road,In Store,Snacks,COCO,TN,892.67,536.33,44.64,1429.0,0,5,37.53184044786565,178.534,100-200,30%-40%
Frozen Bottle,2026-09-02,WK 36,Race Course Road,Swiggy,Dinner,COCO,TN,3838.01,1578.99,183.96,5257.0,0,11,30.035952063914777,348.91,300-400,30%-40%
Frozen Bottle,2026-09-02,WK 36,Race Course Road,Swiggy,Late Night,COCO,TN,3738.58,2139.42,175.48,5648.0,0,14,37.8792492917847,267.0414285714286,200-300,30%-40%
Frozen Bottle,2026-09-02,WK 36,Race Course Road,Swiggy,Lunch,COCO,TN,871.0,427.0,41.06,1248.0,0,4,34.21474358974359,217.75,200-300,30%-40%
Frozen Bottle,2026-09-02,WK 36,Race Course Road,Swiggy,Snacks,COCO,TN,3006.59,953.41,144.34,3840.0,0,9,24.828385416666666,334.0655555555556,300-400,20%-30%
Frozen Bottle,2026-09-02,WK 36,Race Course Road,Zomato,Dinner,COCO,TN,1096.5,154.5,54.86000000000001,1201.0,0,3,12.86427976686095,365.5,300-400,10%-20%
Frozen Bottle,2026-09-02,WK 36,Race Course Road,Zomato,Late Night,COCO,TN,1370.0,500.0,68.5,1810.0,0,4,27.624309392265197,342.5,300-400,20%-30%
Frozen Bottle,2026-09-02,WK 36,Race Course Road,Zomato,Lunch,COCO,TN,700.0,200.0,35.0,870.0,0,1,22.988505747126435,700.0,600-900,20%-30%
Madno,2026-09-02,WK 36,Race Course Road,Swiggy,Dinner,COCO,TN,819.35,161.65,38.96,941.0,0,3,17.17853347502657,273.1166666666667,200-300,10%-20%
Madno,2026-09-02,WK 36,Race Course Road,Swiggy,Late Night,COCO,TN,1402.74,516.26,65.16,1819.0,0,4,28.381528312259483,350.685,300-400,20%-30%
Madno,2026-09-02,WK 36,Race Course Road,Swiggy,Lunch,COCO,TN,1163.25,199.75,55.18000000000001,1303.0,0,4,15.330007674597084,290.8125,200-300,10%-20%
Madno,2026-09-02,WK 36,Race Course Road,Swiggy,Snacks,COCO,TN,239.67,21.33,11.48,251.0,0,1,8.49800796812749,239.67,200-300,1%-10%
Madno,2026-09-02,WK 36,Race Course Road,Zomato,Dinner,COCO,TN,1620.0,681.0,81.02,2201.0,0,5,30.940481599273056,324.0,300-400,30%-40%
Madno,2026-09-02,WK 36,Race Course Road,Zomato,Late Night,COCO,TN,181.0,161.0,9.06,322.0,0,1,50.0,181.0,100-200,40%-50%
Madno,2026-09-02,WK 36,Race Course Road,Zomato,Lunch,COCO,TN,287.0,75.0,14.36,342.0,0,1,21.929824561403507,287.0,200-300,20%-30%
Madno,2026-09-02,WK 36,Race Course Road,Zomato,Snacks,COCO,TN,245.0,0.0,12.26,235.0,0,1,0.0,245.0,200-300,0%
Frozen Bottle,2026-09-02,WK 36,Raichur,In Store,Dinner,FOFO,KA,964.0,0.0,48.22,964.0,0,3,0.0,321.3333333333333,300-400,0%
Frozen Bottle,2026-09-02,WK 36,Raichur,In Store,Snacks,FOFO,KA,169.0,0.0,8.46,169.0,0,1,0.0,169.0,100-200,0%
Frozen Bottle,2026-09-02,WK 36,Raichur,Swiggy,Dinner,FOFO,KA,1870.3,269.7,92.53999999999999,2060.0,0,5,13.092233009708737,374.06,300-400,10%-20%
Frozen Bottle,2026-09-02,WK 36,Raichur,Swiggy,Snacks,FOFO,KA,109.0,100.0,5.46,199.0,0,1,50.25125628140703,109.0,100-200,50%-60%
Boba Bar,2026-09-02,WK 36,Raipur-1,Zomato,Dinner,FOFO,ROI,570.0,50.0,28.5,600.0,0,1,8.333333333333332,570.0,500-600,1%-10%
Frozen Bottle,2026-09-02,WK 36,Raipur-1,In Store,Dinner,FOFO,ROI,209.0,0.0,10.46,209.0,0,1,0.0,209.0,200-300,0%
Frozen Bottle,2026-09-02,WK 36,Raipur-1,Zomato,Dinner,FOFO,ROI,1427.0,240.0,71.38,1617.0,0,2,14.842300556586272,713.5,600-900,10%-20%
Frozen Bottle,2026-09-02,WK 36,Raipur-1,Zomato,Late Night,FOFO,ROI,359.0,130.0,17.96,469.0,0,2,27.718550106609808,179.5,100-200,20%-30%
Frozen Bottle,2026-09-02,WK 36,Raipur-1,Zomato,Lunch,FOFO,ROI,320.0,0.0,16.0,310.0,0,1,0.0,320.0,300-400,0%
Frozen Bottle,2026-09-02,WK 36,Raipur-1,Zomato,Snacks,FOFO,ROI,242.33,50.0,12.12,272.33,0,1,18.36007784673007,242.33,200-300,10%-20%
Madno,2026-09-02,WK 36,Raipur-1,Zomato,Late Night,FOFO,ROI,592.0,100.0,29.6,662.0,0,2,15.105740181268882,296.0,200-300,10%-20%
Madno,2026-09-02,WK 36,Raipur-1,Zomato,Snacks,FOFO,ROI,240.0,50.0,12.0,280.0,0,1,17.857142857142858,240.0,200-300,10%-20%
Frozen Bottle,2026-09-02,WK 36,Raipur-2,In Store,Dinner,FOFO,ROI,388.0,0.0,19.4,388.0,0,1,0.0,388.0,300-400,0%
Frozen Bottle,2026-09-02,WK 36,Raipur-2,Swiggy,Late Night,FOFO,ROI,365.3,134.7,17.26,480.0,0,2,28.062499999999996,182.65,100-200,20%-30%
Frozen Bottle,2026-09-02,WK 36,Raipur-2,Zomato,Dinner,FOFO,ROI,340.0,0.0,17.0,330.0,0,1,0.0,340.0,300-400,0%
Madno,2026-09-02,WK 36,Raipur-2,Swiggy,Dinner,FOFO,ROI,109.01,13.84,5.46,122.85,0,1,11.265771265771265,109.01,100-200,10%-20%
Madno,2026-09-02,WK 36,Raipur-2,Zomato,Late Night,FOFO,ROI,197.5,62.5,9.88,250.0,0,1,25.0,197.5,100-200,20%-30%
Frozen Bottle,2026-09-02,WK 36,Ramanathapuram,In Store,Dinner,FOFO,TN,2829.0,0.0,141.46,2829.0,0,5,0.0,565.8,500-600,0%
Frozen Bottle,2026-09-02,WK 36,Ramanathapuram,In Store,Lunch,FOFO,TN,276.0,0.0,13.82,276.0,0,3,0.0,92.0,0-100,0%
Frozen Bottle,2026-09-02,WK 36,Ramanathapuram,In Store,Snacks,FOFO,TN,487.0,0.0,24.36,487.0,0,2,0.0,243.5,200-300,0%
Frozen Bottle,2026-09-02,WK 36,Ramanathapuram,Swiggy,Dinner,FOFO,TN,580.0,0.0,28.0,560.0,0,2,0.0,290.0,200-300,0%
Frozen Bottle,2026-09-02,WK 36,Ramanathapuram,Swiggy,Lunch,FOFO,TN,240.0,0.0,11.5,230.0,0,1,0.0,240.0,200-300,0%
Frozen Bottle,2026-09-02,WK 36,Ramanathapuram,Swiggy,Snacks,FOFO,TN,1822.0,0.0,89.12,1782.0,0,3,0.0,607.3333333333334,600-900,0%
Frozen Bottle,2026-09-02,WK 36,Ramanathapuram,Zomato,Dinner,FOFO,TN,731.0,150.0,36.56,861.0,0,1,17.421602787456447,731.0,600-900,10%-20%
Frozen Bottle,2026-09-02,WK 36,Ramanathapuram,Zomato,Snacks,FOFO,TN,1027.0,275.0,51.36,1252.0,0,3,21.96485623003195,342.3333333333333,300-400,20%-30%
Boba Bar,2026-09-02,WK 36,Ravipuram,Swiggy,Dinner,COCO,Kerela,579.0,227.0,27.46,776.0,0,2,29.25257731958763,289.5,200-300,20%-30%
Boba Bar,2026-09-02,WK 36,Ravipuram,Swiggy,Lunch,COCO,Kerela,397.64,182.0,18.38,549.64,0,1,33.11258278145696,397.64,300-400,30%-40%
Boba Bar,2026-09-02,WK 36,Ravipuram,Swiggy,Snacks,COCO,Kerela,561.0,0.0,27.06,541.0,0,1,0.0,561.0,500-600,0%
Boba Bar,2026-09-02,WK 36,Ravipuram,Zomato,Snacks,COCO,Kerela,105.5,95.5,5.28,191.0,0,1,50.0,105.5,100-200,40%-50%
Frozen Bottle,2026-09-02,WK 36,Ravipuram,In Store,Dinner,COCO,Kerela,1412.0,0.0,70.64,1412.0,0,5,0.0,282.4,200-300,0%
Frozen Bottle,2026-09-02,WK 36,Ravipuram,In Store,Lunch,COCO,Kerela,6143.79,0.0,307.4,6143.79,0,29,0.0,211.8548275862069,200-300,0%
Frozen Bottle,2026-09-02,WK 36,Ravipuram,In Store,Snacks,COCO,Kerela,2661.96,69.04,133.14000000000001,2731.0,0,12,2.528011717319663,221.83,200-300,1%-10%
Frozen Bottle,2026-09-02,WK 36,Ravipuram,Swiggy,Dinner,COCO,Kerela,3225.0,1317.33,153.3,4382.33,0,12,30.060036555896062,268.75,200-300,30%-40%
Frozen Bottle,2026-09-02,WK 36,Ravipuram,Swiggy,Late Night,COCO,Kerela,2195.11,872.0699999999999,104.3,2957.18,0,9,29.4899194502871,243.90111111111113,200-300,20%-30%
Frozen Bottle,2026-09-02,WK 36,Ravipuram,Swiggy,Lunch,COCO,Kerela,1824.0,1084.0,85.74,2798.0,0,9,38.74195854181558,202.66666666666666,200-300,30%-40%
Frozen Bottle,2026-09-02,WK 36,Ravipuram,Swiggy,Snacks,COCO,Kerela,2264.0,1134.0,107.26,3278.0,0,10,34.594264795607074,226.4,200-300,30%-40%
Frozen Bottle,2026-09-02,WK 36,Ravipuram,Zomato,Breakfast,COCO,Kerela,667.2,159.8,33.38,797.0,0,2,20.050188205771647,333.6,300-400,20%-30%
Frozen Bottle,2026-09-02,WK 36,Ravipuram,Zomato,Dinner,COCO,Kerela,713.96,599.37,35.72,1253.33,0,3,47.82220165479164,237.98666666666668,200-300,40%-50%
Frozen Bottle,2026-09-02,WK 36,Ravipuram,Zomato,Late Night,COCO,Kerela,1483.2,982.8,74.18,2386.0,0,3,41.19027661357921,494.40000000000003,400-500,40%-50%
Frozen Bottle,2026-09-02,WK 36,Ravipuram,Zomato,Lunch,COCO,Kerela,635.7,331.3,31.8,937.0,0,2,35.35752401280683,317.85,300-400,30%-40%
Frozen Bottle,2026-09-02,WK 36,Ravipuram,Zomato,Snacks,COCO,Kerela,1488.0,951.0,74.42,2359.0,0,4,40.313692242475625,372.0,300-400,40%-50%
Madno,2026-09-02,WK 36,Ravipuram,Swiggy,Dinner,COCO,Kerela,396.0,310.33000000000004,18.82,686.3299999999999,0,2,45.21585826060351,198.0,100-200,40%-50%
Madno,2026-09-02,WK 36,Ravipuram,Swiggy,Late Night,COCO,Kerela,557.0,246.0,25.86,763.0,0,2,32.241153342070774,278.5,200-300,30%-40%
Madno,2026-09-02,WK 36,Ravipuram,Swiggy,Lunch,COCO,Kerela,412.01,159.99,19.62,552.0,0,2,28.983695652173914,206.005,200-300,20%-30%
Madno,2026-09-02,WK 36,Ravipuram,Swiggy,Snacks,COCO,Kerela,109.0,92.0,4.96,191.0,0,1,48.167539267015705,109.0,100-200,40%-50%
Madno,2026-09-02,WK 36,Ravipuram,Zomato,Breakfast,COCO,Kerela,341.0,271.0,17.06,592.0,0,1,45.77702702702703,341.0,300-400,40%-50%
Madno,2026-09-02,WK 36,Ravipuram,Zomato,Closing,COCO,Kerela,345.0,315.0,17.26,630.0,0,1,50.0,345.0,300-400,40%-50%
Madno,2026-09-02,WK 36,Ravipuram,Zomato,Dinner,COCO,Kerela,386.0,176.0,19.3,532.0,0,2,33.08270676691729,193.0,100-200,30%-40%
Frozen Bottle,2026-09-02,WK 36,SEAWOOD,In Store,Dinner,COCO,MH,6582.72,5188.74,329.18,11771.46,0,13,44.078984255139126,506.36307692307696,500-600,40%-50%
Frozen Bottle,2026-09-02,WK 36,SEAWOOD,In Store,Lunch,COCO,MH,821.97,217.22,41.1,1039.19,0,4,20.902818541363946,205.4925,200-300,20%-30%
Frozen Bottle,2026-09-02,WK 36,SEAWOOD,In Store,Snacks,COCO,MH,114.87,143.13,5.74,258.0,0,1,55.47674418604651,114.87,100-200,50%-60%
Frozen Bottle,2026-09-02,WK 36,SEAWOOD,Swiggy,Closing,COCO,MH,218.0,112.0,10.4,320.0,0,1,35.0,218.0,200-300,30%-40%
Frozen Bottle,2026-09-02,WK 36,SEAWOOD,Swiggy,Dinner,COCO,MH,2561.0,1116.0,120.08,3517.0,0,9,31.731589422803523,284.55555555555554,200-300,30%-40%
Frozen Bottle,2026-09-02,WK 36,SEAWOOD,Swiggy,Late Night,COCO,MH,655.0,315.0,31.26,940.0,0,2,33.51063829787234,327.5,300-400,30%-40%
Frozen Bottle,2026-09-02,WK 36,SEAWOOD,Swiggy,Lunch,COCO,MH,724.0,516.0,33.7,1190.0,0,2,43.36134453781513,362.0,300-400,40%-50%
Frozen Bottle,2026-09-02,WK 36,SEAWOOD,Swiggy,Snacks,COCO,MH,882.0,586.0,41.12,1408.0,0,4,41.61931818181818,220.5,200-300,40%-50%
Frozen Bottle,2026-09-02,WK 36,SEAWOOD,Zomato,Closing,COCO,MH,404.0,175.0,20.2,559.0,0,1,31.305903398926656,404.0,400-500,30%-40%
Frozen Bottle,2026-09-02,WK 36,SEAWOOD,Zomato,Dinner,COCO,MH,1226.0,315.0,61.3,1491.0,0,3,21.12676056338028,408.6666666666667,400-500,20%-30%
Frozen Bottle,2026-09-02,WK 36,SEAWOOD,Zomato,Late Night,COCO,MH,610.0,300.0,30.5,880.0,0,2,34.090909090909086,305.0,300-400,30%-40%
Frozen Bottle,2026-09-02,WK 36,SEAWOOD,Zomato,Lunch,COCO,MH,1604.8,565.2,80.24,2120.0,0,2,26.660377358490567,802.4,600-900,20%-30%
Madno,2026-09-02,WK 36,SEAWOOD,Swiggy,Dinner,COCO,MH,159.0,31.0,7.96,190.0,0,1,16.315789473684212,159.0,100-200,10%-20%
Madno,2026-09-02,WK 36,SEAWOOD,Swiggy,Late Night,COCO,MH,172.0,68.0,8.1,230.0,0,1,29.565217391304348,172.0,100-200,20%-30%
Madno,2026-09-02,WK 36,SEAWOOD,Swiggy,Snacks,COCO,MH,290.35,150.65,13.52,421.0,0,1,35.78384798099762,290.35,200-300,30%-40%
Frozen Bottle,2026-09-02,WK 36,Sahakarnagar,In Store,Closing,FOFO,KA,117.0,0.0,5.86,117.0,0,1,0.0,117.0,100-200,0%
Frozen Bottle,2026-09-02,WK 36,Sahakarnagar,In Store,Dinner,FOFO,KA,3324.0,0.0,166.22,3324.0,0,8,0.0,415.5,400-500,0%
Frozen Bottle,2026-09-02,WK 36,Sahakarnagar,In Store,Lunch,FOFO,KA,189.0,0.0,9.46,189.0,0,1,0.0,189.0,100-200,0%
Frozen Bottle,2026-09-02,WK 36,Sahakarnagar,In Store,Snacks,FOFO,KA,187.0,0.0,9.36,187.0,0,2,0.0,93.5,0-100,0%
Frozen Bottle,2026-09-02,WK 36,Sahakarnagar,Swiggy,Closing,FOFO,KA,320.0,0.0,15.5,310.0,0,1,0.0,320.0,300-400,0%
Frozen Bottle,2026-09-02,WK 36,Sahakarnagar,Swiggy,Dinner,FOFO,KA,933.0,89.0,45.160000000000004,992.0,0,3,8.971774193548388,311.0,300-400,1%-10%
Frozen Bottle,2026-09-02,WK 36,Sahakarnagar,Zomato,Dinner,FOFO,KA,708.7,74.3,35.46,743.0,0,1,10.0,708.7,600-900,1%-10%
Frozen Bottle,2026-09-02,WK 36,Sahakarnagar,Zomato,Late Night,FOFO,KA,169.0,0.0,8.46,159.0,0,1,0.0,169.0,100-200,0%
Frozen Bottle,2026-09-02,WK 36,Saharanpur,In Store,Dinner,FOFO,ROI,137.0,0.0,6.86,137.0,0,1,0.0,137.0,100-200,0%
Frozen Bottle,2026-09-02,WK 36,Saharanpur,Zomato,Snacks,FOFO,ROI,169.0,0.0,8.46,159.0,0,1,0.0,169.0,100-200,0%
Frozen Bottle,2026-09-02,WK 36,Salem,In Store,Dinner,FOFO,TN,2349.0,0.0,117.52000000000001,2349.0,0,7,0.0,335.57142857142856,300-400,0%
Frozen Bottle,2026-09-02,WK 36,Salem,In Store,Late Night,FOFO,TN,198.0,0.0,9.9,198.0,0,1,0.0,198.0,100-200,0%
Frozen Bottle,2026-09-02,WK 36,Salem,In Store,Snacks,FOFO,TN,357.0,0.0,17.84,357.0,0,1,0.0,357.0,300-400,0%
Frozen Bottle,2026-09-02,WK 36,Salem,Swiggy,Dinner,FOFO,TN,282.0,0.0,13.1,262.0,0,1,0.0,282.0,200-300,0%
Frozen Bottle,2026-09-02,WK 36,Salem,Swiggy,Snacks,FOFO,TN,400.0,0.0,19.0,380.0,0,1,0.0,400.0,300-400,0%
Frozen Bottle,2026-09-02,WK 36,Salem,Zomato,Dinner,FOFO,TN,1389.0,150.0,69.44,1489.0,0,3,10.073875083948959,463.0,400-500,10%-20%
Frozen Bottle,2026-09-02,WK 36,Salem,Zomato,Lunch,FOFO,TN,2712.0,0.0,135.62,2642.0,0,2,0.0,1356.0,>900,0%
Frozen Bottle,2026-09-02,WK 36,Salem,Zomato,Snacks,FOFO,TN,341.0,0.0,17.06,331.0,0,1,0.0,341.0,300-400,0%
Frozen Bottle,2026-09-02,WK 36,Sambalpur,Zomato,Dinner,FOFO,ROI,240.0,0.0,12.0,230.0,0,1,0.0,240.0,200-300,0%
Madno,2026-09-02,WK 36,Sambalpur,Zomato,Dinner,FOFO,ROI,660.0,0.0,33.0,640.0,0,1,0.0,660.0,600-900,0%
Frozen Bottle,2026-09-02,WK 36,Saravanampatti,In Store,Dinner,FOFO,TN,99.0,0.0,4.96,99.0,0,1,0.0,99.0,0-100,0%
Frozen Bottle,2026-09-02,WK 36,Saravanampatti,In Store,Lunch,FOFO,TN,466.0,0.0,23.299999999999997,466.0,0,2,0.0,233.0,200-300,0%
Frozen Bottle,2026-09-02,WK 36,Saravanampatti,In Store,Snacks,FOFO,TN,1235.38,0.0,61.800000000000004,1235.38,0,6,0.0,205.89666666666668,200-300,0%
Frozen Bottle,2026-09-02,WK 36,Saravanampatti,Swiggy,Lunch,FOFO,TN,1223.02,246.98000000000002,59.160000000000004,1430.0,0,2,17.27132867132867,611.51,600-900,10%-20%
Frozen Bottle,2026-09-02,WK 36,Saravanampatti,Swiggy,Snacks,FOFO,TN,669.0,80.0,32.46,729.0,0,2,10.973936899862826,334.5,300-400,10%-20%
Frozen Bottle,2026-09-02,WK 36,Saravanampatti,Zomato,Dinner,FOFO,TN,708.0,0.0,35.42,678.0,0,3,0.0,236.0,200-300,0%
Boba Bar,2026-09-02,WK 36,Sarjapur Road,Swiggy,Dinner,COCO,KA,99.0,91.0,4.96,190.0,0,1,47.89473684210526,99.0,0-100,40%-50%
Frozen Bottle,2026-09-02,WK 36,Sarjapur Road,Ownly,Late Night,COCO,KA,396.0,0.0,19.82,396.0,0,2,0.0,198.0,100-200,0%
Frozen Bottle,2026-09-02,WK 36,Sarjapur Road,Swiggy,Dinner,COCO,KA,542.0,474.65999999999997,24.6,966.6600000000001,0,3,49.10309726273974,180.66666666666666,100-200,40%-50%
Frozen Bottle,2026-09-02,WK 36,Sarjapur Road,Swiggy,Late Night,COCO,KA,1674.0,964.99,80.22,2568.99,0,7,37.563011144457555,239.14285714285714,200-300,30%-40%
Frozen Bottle,2026-09-02,WK 36,Sarjapur Road,Swiggy,Lunch,COCO,KA,148.0,122.0,6.9,260.0,0,1,46.92307692307692,148.0,100-200,40%-50%
Frozen Bottle,2026-09-02,WK 36,Sarjapur Road,Swiggy,Snacks,COCO,KA,258.0,112.0,12.4,360.0,0,1,31.11111111111111,258.0,200-300,30%-40%
Frozen Bottle,2026-09-02,WK 36,Sarjapur Road,Zomato,Dinner,COCO,KA,1386.5,352.5,69.34,1679.0,0,6,20.994639666468135,231.08333333333334,200-300,20%-30%
Frozen Bottle,2026-09-02,WK 36,Sarjapur Road,Zomato,Late Night,COCO,KA,190.0,140.0,9.5,320.0,0,1,43.75,190.0,100-200,40%-50%
Frozen Bottle,2026-09-02,WK 36,Sarjapur Road,Zomato,Lunch,COCO,KA,159.0,150.0,7.96,299.0,0,1,50.16722408026756,159.0,100-200,50%-60%
Madno,2026-09-02,WK 36,Sarjapur Road,Swiggy,Late Night,COCO,KA,385.25,165.75,18.28,531.0,0,2,31.21468926553672,192.625,100-200,30%-40%
Boba Bar,2026-09-02,WK 36,Sarjapura 3,Swiggy,Snacks,FOFO,KA,69.0,61.0,3.46,130.0,0,1,46.92307692307692,69.0,0-100,40%-50%
Frozen Bottle,2026-09-02,WK 36,Sarjapura 3,In Store,Dinner,FOFO,KA,185.14,0.0,9.26,185.14,0,2,0.0,92.57,0-100,0%
Frozen Bottle,2026-09-02,WK 36,Sarjapura 3,In Store,Lunch,FOFO,KA,319.0,0.0,15.96,319.0,0,1,0.0,319.0,300-400,0%
Frozen Bottle,2026-09-02,WK 36,Sarjapura 3,Swiggy,Dinner,FOFO,KA,1449.01,271.99,69.98,1671.0,0,3,16.27707959305805,483.00333333333333,400-500,10%-20%
Frozen Bottle,2026-09-02,WK 36,Sarjapura 3,Swiggy,Late Night,FOFO,KA,250.0,40.0,12.0,280.0,0,1,14.285714285714285,250.0,200-300,10%-20%
Frozen Bottle,2026-09-02,WK 36,Sarjapura 3,Swiggy,Lunch,FOFO,KA,99.0,81.0,4.96,180.0,0,1,45.0,99.0,0-100,40%-50%
Frozen Bottle,2026-09-02,WK 36,Sarjapura 3,Swiggy,Snacks,FOFO,KA,180.0,218.0,9.0,398.0,0,1,54.773869346733676,180.0,100-200,50%-60%
Frozen Bottle,2026-09-02,WK 36,Sarjapura 3,Zomato,Dinner,FOFO,KA,1785.3,344.7,89.28,2040.0,0,6,16.897058823529413,297.55,200-300,10%-20%
Frozen Bottle,2026-09-02,WK 36,Sarjapura 3,Zomato,Lunch,FOFO,KA,693.2,164.8,34.66,828.0,0,2,19.903381642512077,346.6,300-400,10%-20%
Frozen Bottle,2026-09-02,WK 36,Sarjapura 3,Zomato,Snacks,FOFO,KA,1201.3,484.7,60.08,1616.0,0,5,29.99381188118812,240.26,200-300,20%-30%
Madno,2026-09-02,WK 36,Sarjapura 3,Swiggy,Closing,FOFO,KA,263.01,67.99,12.16,311.0,0,1,21.861736334405144,263.01,200-300,20%-30%
Madno,2026-09-02,WK 36,Sarjapura 3,Swiggy,Snacks,FOFO,KA,211.3,18.7,10.06,220.0,0,1,8.5,211.3,200-300,1%-10%
Madno,2026-09-02,WK 36,Sarjapura 3,Zomato,Dinner,FOFO,KA,411.0,50.0,20.54,441.0,0,1,11.337868480725625,411.0,400-500,10%-20%
Frozen Bottle,2026-09-02,WK 36,Sathanur,In Store,Closing,FOFO,KA,138.0,0.0,6.9,138.0,0,1,0.0,138.0,100-200,0%
Frozen Bottle,2026-09-02,WK 36,Sathanur,In Store,Dinner,FOFO,KA,1921.23,0.0,96.1,1921.23,0,8,0.0,240.15375,200-300,0%
Frozen Bottle,2026-09-02,WK 36,Sathanur,In Store,Lunch,FOFO,KA,268.0,0.0,13.42,268.0,0,2,0.0,134.0,100-200,0%
Frozen Bottle,2026-09-02,WK 36,Sathanur,In Store,Snacks,FOFO,KA,447.0,0.0,22.36,447.0,0,2,0.0,223.5,200-300,0%
Frozen Bottle,2026-09-02,WK 36,Sathanur,Swiggy,Closing,FOFO,KA,438.0,210.66,19.9,608.66,0,2,34.61045575526567,219.0,200-300,30%-40%
Frozen Bottle,2026-09-02,WK 36,Sathanur,Swiggy,Dinner,FOFO,KA,318.0,304.0,15.92,622.0,0,2,48.87459807073955,159.0,100-200,40%-50%
Frozen Bottle,2026-09-02,WK 36,Sathanur,Swiggy,Lunch,FOFO,KA,169.0,101.0,7.96,260.0,0,1,38.84615384615385,169.0,100-200,30%-40%
Frozen Bottle,2026-09-02,WK 36,Sathanur,Swiggy,Snacks,FOFO,KA,498.0,184.0,23.92,662.0,0,3,27.794561933534744,166.0,100-200,20%-30%
Frozen Bottle,2026-09-02,WK 36,Sathanur,Zomato,Dinner,FOFO,KA,1309.33,475.0,65.48,1724.33,0,6,27.546931271856316,218.22166666666666,200-300,20%-30%
Frozen Bottle,2026-09-02,WK 36,Sathanur,Zomato,Snacks,FOFO,KA,259.0,50.0,12.96,299.0,0,1,16.722408026755854,259.0,200-300,10%-20%
Frozen Bottle,2026-09-02,WK 36,Seegehalli,In Store,Dinner,FOFO,KA,577.0,0.0,28.86,577.0,0,2,0.0,288.5,200-300,0%
Frozen Bottle,2026-09-02,WK 36,Seegehalli,Swiggy,Dinner,FOFO,KA,729.01,228.99,34.96,928.0,0,2,24.67564655172414,364.505,300-400,20%-30%
Frozen Bottle,2026-09-02,WK 36,Seegehalli,Zomato,Snacks,FOFO,KA,524.0,146.0,26.2,640.0,0,3,22.8125,174.66666666666666,100-200,20%-30%
Boba Bar,2026-09-02,WK 36,Selaiyur,Swiggy,Lunch,FOFO,TN,218.0,183.0,9.9,381.0,0,1,48.031496062992126,218.0,200-300,40%-50%
Boba Bar,2026-09-02,WK 36,Selaiyur,Swiggy,Snacks,FOFO,TN,222.0,68.0,10.6,280.0,0,1,24.285714285714285,222.0,200-300,20%-30%
Frozen Bottle,2026-09-02,WK 36,Selaiyur,In Store,Closing,FOFO,TN,113.33,0.0,5.66,113.33,0,1,0.0,113.33,100-200,0%
Frozen Bottle,2026-09-02,WK 36,Selaiyur,In Store,Dinner,FOFO,TN,735.0,0.0,36.78,735.0,0,4,0.0,183.75,100-200,0%
Frozen Bottle,2026-09-02,WK 36,Selaiyur,In Store,Lunch,FOFO,TN,1030.0,0.0,51.5,1030.0,0,3,0.0,343.3333333333333,300-400,0%
Frozen Bottle,2026-09-02,WK 36,Selaiyur,In Store,Snacks,FOFO,TN,1314.33,0.0,65.72,1314.33,0,4,0.0,328.5825,300-400,0%
Frozen Bottle,2026-09-02,WK 36,Selaiyur,Swiggy,Breakfast,FOFO,TN,139.0,60.0,6.96,199.0,0,1,30.15075376884422,139.0,100-200,30%-40%
Frozen Bottle,2026-09-02,WK 36,Selaiyur,Swiggy,Dinner,FOFO,TN,1997.33,325.67,95.9,2243.0,0,6,14.519393669193045,332.8883333333333,300-400,10%-20%
Frozen Bottle,2026-09-02,WK 36,Selaiyur,Swiggy,Late Night,FOFO,TN,177.16,31.84,8.36,199.0,0,1,16.0,177.16,100-200,10%-20%
Frozen Bottle,2026-09-02,WK 36,Selaiyur,Swiggy,Lunch,FOFO,TN,1628.0,232.0,77.92,1790.0,0,5,12.960893854748603,325.6,300-400,10%-20%
Frozen Bottle,2026-09-02,WK 36,Selaiyur,Zomato,Dinner,FOFO,TN,1624.7,450.3,81.26,2005.0,0,5,22.458852867830426,324.94,300-400,20%-30%
Frozen Bottle,2026-09-02,WK 36,Selaiyur,Zomato,Late Night,FOFO,TN,221.0,100.0,11.06,311.0,0,1,32.154340836012864,221.0,200-300,30%-40%
Frozen Bottle,2026-09-02,WK 36,Selaiyur,Zomato,Lunch,FOFO,TN,139.0,100.0,6.96,229.0,0,1,43.66812227074236,139.0,100-200,40%-50%
Frozen Bottle,2026-09-02,WK 36,Selaiyur,Zomato,Snacks,FOFO,TN,478.33000000000004,175.0,23.939999999999998,623.3299999999999,0,2,28.075016443938207,239.16500000000002,200-300,20%-30%
Madno,2026-09-02,WK 36,Selaiyur,Swiggy,Late Night,FOFO,TN,193.0,68.0,9.16,251.0,0,1,27.091633466135455,193.0,100-200,20%-30%
Madno,2026-09-02,WK 36,Selaiyur,Swiggy,Snacks,FOFO,TN,192.0,68.0,9.1,250.0,0,1,27.200000000000003,192.0,100-200,20%-30%
Madno,2026-09-02,WK 36,Selaiyur,Zomato,Late Night,FOFO,TN,180.0,80.0,9.0,250.0,0,1,32.0,180.0,100-200,30%-40%
Madno,2026-09-02,WK 36,Selaiyur,Zomato,Lunch,FOFO,TN,141.0,0.0,7.06,131.0,0,1,0.0,141.0,100-200,0%
Frozen Bottle,2026-09-02,WK 36,Sher- E-Punjab,Swiggy,Dinner,COCO,MH,988.01,303.99,46.9,1242.0,0,3,24.47584541062802,329.33666666666664,300-400,20%-30%
Frozen Bottle,2026-09-02,WK 36,Sher- E-Punjab,Swiggy,Late Night,COCO,MH,1070.01,648.99,50.0,1649.0,0,3,39.35657974530018,356.67,300-400,30%-40%
Frozen Bottle,2026-09-02,WK 36,Sher- E-Punjab,Swiggy,Lunch,COCO,MH,306.0,193.0,14.82,489.0,0,2,39.46830265848671,153.0,100-200,30%-40%
Frozen Bottle,2026-09-02,WK 36,Sher- E-Punjab,Swiggy,Snacks,COCO,MH,742.0,470.33,35.620000000000005,1182.33,0,4,39.77992607816769,185.5,100-200,30%-40%
Frozen Bottle,2026-09-02,WK 36,Sher- E-Punjab,Zomato,Closing,COCO,MH,182.5,172.5,9.12,345.0,0,1,50.0,182.5,100-200,40%-50%
Frozen Bottle,2026-09-02,WK 36,Sher- E-Punjab,Zomato,Dinner,COCO,MH,847.0,573.0,42.379999999999995,1370.0,0,3,41.824817518248175,282.3333333333333,200-300,40%-50%
Frozen Bottle,2026-09-02,WK 36,Sher- E-Punjab,Zomato,Late Night,COCO,MH,590.0,150.0,29.5,720.0,0,2,20.833333333333336,295.0,200-300,20%-30%
Frozen Bottle,2026-09-02,WK 36,Sher- E-Punjab,Zomato,Snacks,COCO,MH,494.0,356.0,24.72,820.0,0,2,43.41463414634146,247.0,200-300,40%-50%
Madno,2026-09-02,WK 36,Sher- E-Punjab,Swiggy,Dinner,COCO,MH,674.85,135.15,32.24,780.0,0,3,17.32692307692308,224.95000000000002,200-300,10%-20%
Madno,2026-09-02,WK 36,Sher- E-Punjab,Swiggy,Late Night,COCO,MH,635.09,164.91,30.240000000000002,770.0,0,2,21.416883116883117,317.545,300-400,20%-30%
Madno,2026-09-02,WK 36,Sher- E-Punjab,Swiggy,Lunch,COCO,MH,89.0,24.33,4.46,113.33,0,1,21.46827847877879,89.0,0-100,20%-30%
Madno,2026-09-02,WK 36,Sher- E-Punjab,Zomato,Closing,COCO,MH,411.0,100.0,20.54,491.0,0,1,20.366598778004075,411.0,400-500,20%-30%
Madno,2026-09-02,WK 36,Sher- E-Punjab,Zomato,Late Night,COCO,MH,194.0,46.0,9.7,230.0,0,1,20.0,194.0,100-200,10%-20%
Frozen Bottle,2026-09-02,WK 36,Shivamogga,In Store,Dinner,COCO,KA,3903.05,0.0,195.16,3903.05,0,8,0.0,487.88125,400-500,0%
Frozen Bottle,2026-09-02,WK 36,Shivamogga,In Store,Lunch,COCO,KA,226.66,0.0,11.34,226.66,0,1,0.0,226.66,200-300,0%
Frozen Bottle,2026-09-02,WK 36,Shivamogga,In Store,Snacks,COCO,KA,1019.23,0.0,51.0,1019.23,0,5,0.0,203.846,200-300,0%
Frozen Bottle,2026-09-02,WK 36,Shivamogga,Swiggy,Dinner,COCO,KA,843.84,236.16,40.2,1040.0,0,4,22.707692307692305,210.96,200-300,20%-30%
Frozen Bottle,2026-09-02,WK 36,Shivamogga,Swiggy,Snacks,COCO,KA,470.01,99.99,22.5,550.0,0,1,18.18,470.01,400-500,10%-20%
Frozen Bottle,2026-09-02,WK 36,Shivamogga,Zomato,Dinner,COCO,KA,533.5,205.5,26.700000000000003,709.0,0,3,28.984485190409025,177.83333333333334,100-200,20%-30%
Frozen Bottle,2026-09-02,WK 36,Shivamogga,Zomato,Lunch,COCO,KA,1107.6,821.4,55.42,1849.0,0,6,44.42401297998918,184.6,100-200,40%-50%
Frozen Bottle,2026-09-02,WK 36,Shivamogga,Zomato,Snacks,COCO,KA,1056.4,684.6,52.82,1681.0,0,4,40.72575847709697,264.1,200-300,40%-50%
Frozen Bottle,2026-09-02,WK 36,Sholinganallur,In Store,Dinner,FOFO,TN,1366.0,0.0,68.34,1366.0,0,7,0.0,195.14285714285714,100-200,0%
Frozen Bottle,2026-09-02,WK 36,Sholinganallur,In Store,Lunch,FOFO,TN,99.0,0.0,4.96,99.0,0,1,0.0,99.0,0-100,0%
Frozen Bottle,2026-09-02,WK 36,Sholinganallur,In Store,Snacks,FOFO,TN,1518.0,0.0,75.96,1518.0,0,9,0.0,168.66666666666666,100-200,0%
Frozen Bottle,2026-09-02,WK 36,Sholinganallur,Swiggy,Dinner,FOFO,TN,2006.3000000000002,868.7,94.84,2765.0,0,6,31.417721518987346,334.3833333333334,300-400,30%-40%
Frozen Bottle,2026-09-02,WK 36,Sholinganallur,Swiggy,Lunch,FOFO,TN,439.0,181.0,21.46,610.0,0,2,29.67213114754098,219.5,200-300,20%-30%
Frozen Bottle,2026-09-02,WK 36,Sholinganallur,Swiggy,Snacks,FOFO,TN,1210.6,150.4,58.04,1311.0,0,3,11.472158657513349,403.5333333333333,400-500,10%-20%
Frozen Bottle,2026-09-02,WK 36,Sholinganallur,Zomato,Dinner,FOFO,TN,734.3,134.7,36.72,839.0,0,3,16.05482717520858,244.76666666666665,200-300,10%-20%
Frozen Bottle,2026-09-02,WK 36,Sholinganallur,Zomato,Lunch,FOFO,TN,240.0,100.0,12.0,330.0,0,1,30.303030303030305,240.0,200-300,30%-40%
Frozen Bottle,2026-09-02,WK 36,Silchar,Swiggy,Dinner,FOFO,ROI,200.0,60.0,9.5,250.0,0,1,24.0,200.0,100-200,20%-30%
Frozen Bottle,2026-09-02,WK 36,Silchar,Swiggy,Lunch,FOFO,ROI,240.0,60.0,11.5,290.0,0,1,20.689655172413794,240.0,200-300,20%-30%
Frozen Bottle,2026-09-02,WK 36,Silchar,Swiggy,Snacks,FOFO,ROI,250.0,230.0,11.5,460.0,0,1,50.0,250.0,200-300,40%-50%
Frozen Bottle,2026-09-02,WK 36,Silchar,Zomato,Snacks,FOFO,ROI,229.0,80.0,11.46,299.0,0,1,26.755852842809364,229.0,200-300,20%-30%
Madno,2026-09-02,WK 36,Silchar,Swiggy,Dinner,FOFO,ROI,310.0,50.0,15.0,350.0,0,1,14.285714285714285,310.0,300-400,10%-20%
Madno,2026-09-02,WK 36,Silchar,Swiggy,Snacks,FOFO,ROI,550.0,91.0,26.02,611.0,0,2,14.893617021276595,275.0,200-300,10%-20%
Boba Bar,2026-09-02,WK 36,Sinhagad,Swiggy,Dinner,COCO,MH,109.0,91.0,4.96,190.0,0,1,47.89473684210526,109.0,100-200,40%-50%
Frozen Bottle,2026-09-02,WK 36,Sinhagad,In Store,Breakfast,COCO,MH,557.0,0.0,27.86,557.0,0,1,0.0,557.0,500-600,0%
Frozen Bottle,2026-09-02,WK 36,Sinhagad,In Store,Dinner,COCO,MH,1258.99,541.24,63.0,1800.23,0,8,30.06504724396327,157.37375,100-200,30%-40%
Frozen Bottle,2026-09-02,WK 36,Sinhagad,In Store,Lunch,COCO,MH,902.8199999999999,148.18,45.160000000000004,1051.0,0,4,14.09895337773549,225.70499999999998,200-300,10%-20%
Frozen Bottle,2026-09-02,WK 36,Sinhagad,In Store,Snacks,COCO,MH,519.06,106.94,25.98,626.0,0,3,17.083067092651756,173.01999999999998,100-200,10%-20%
Frozen Bottle,2026-09-02,WK 36,Sinhagad,Swiggy,Closing,COCO,MH,329.0,172.0,15.46,481.0,0,1,35.75883575883576,329.0,300-400,30%-40%
Frozen Bottle,2026-09-02,WK 36,Sinhagad,Swiggy,Dinner,COCO,MH,2126.0,844.0,101.32,2870.0,0,7,29.407665505226483,303.7142857142857,300-400,20%-30%
Frozen Bottle,2026-09-02,WK 36,Sinhagad,Swiggy,Lunch,COCO,MH,612.0,426.0,28.6,998.0,0,3,42.68537074148296,204.0,200-300,40%-50%
Frozen Bottle,2026-09-02,WK 36,Sinhagad,Swiggy,Snacks,COCO,MH,97.56,111.44,4.38,199.0,0,1,55.99999999999999,97.56,0-100,50%-60%
Frozen Bottle,2026-09-02,WK 36,Sinhagad,Zomato,Dinner,COCO,MH,3788.5,1489.5,189.46,5088.0,0,9,29.274764150943394,420.94444444444446,400-500,20%-30%
Frozen Bottle,2026-09-02,WK 36,Sinhagad,Zomato,Late Night,COCO,MH,450.0,300.0,22.5,730.0,0,1,41.0958904109589,450.0,400-500,40%-50%
Frozen Bottle,2026-09-02,WK 36,Sinhagad,Zomato,Lunch,COCO,MH,985.0,375.0,49.26,1320.0,0,3,28.40909090909091,328.3333333333333,300-400,20%-30%
Frozen Bottle,2026-09-02,WK 36,Sinhagad,Zomato,Snacks,COCO,MH,1373.0,675.0,68.66,1978.0,0,4,34.125379170879675,343.25,300-400,30%-40%
Madno,2026-09-02,WK 36,Sinhagad,Swiggy,Closing,COCO,MH,79.0,72.0,3.46,141.0,0,1,51.06382978723404,79.0,0-100,50%-60%
Madno,2026-09-02,WK 36,Sinhagad,Swiggy,Late Night,COCO,MH,247.5,42.5,11.88,280.0,0,1,15.178571428571427,247.5,200-300,10%-20%
Madno,2026-09-02,WK 36,Sinhagad,Swiggy,Snacks,COCO,MH,280.0,0.0,13.5,270.0,0,1,0.0,280.0,200-300,0%
Madno,2026-09-02,WK 36,Sinhagad,Zomato,Dinner,COCO,MH,434.0,175.0,21.7,589.0,0,1,29.711375212224105,434.0,400-500,20%-30%
Madno,2026-09-02,WK 36,Sinhagad,Zomato,Late Night,COCO,MH,341.0,321.0,17.06,642.0,0,1,50.0,341.0,300-400,40%-50%
Madno,2026-09-02,WK 36,Sinhagad,Zomato,Snacks,COCO,MH,200.0,0.0,10.0,190.0,0,1,0.0,200.0,100-200,0%
Boba Bar,2026-09-02,WK 36,Tata Sherwood,Swiggy,Dinner,COCO,KA,109.0,91.0,4.96,190.0,0,1,47.89473684210526,109.0,100-200,40%-50%
Boba Bar,2026-09-02,WK 36,Tata Sherwood,Swiggy,Snacks,COCO,KA,226.25,63.75,10.82,280.0,0,1,22.767857142857142,226.25,200-300,20%-30%
Boba Bar,2026-09-02,WK 36,Tata Sherwood,Zomato,Snacks,COCO,KA,105.0,95.0,5.26,190.0,0,1,50.0,105.0,100-200,40%-50%
Frozen Bottle,2026-09-02,WK 36,Tata Sherwood,In Store,Dinner,COCO,KA,2941.83,389.20000000000005,147.18,3331.0299999999997,0,21,11.684073694923194,140.08714285714285,100-200,10%-20%
Frozen Bottle,2026-09-02,WK 36,Tata Sherwood,In Store,Late Night,COCO,KA,99.0,0.0,4.96,99.0,0,1,0.0,99.0,0-100,0%
Frozen Bottle,2026-09-02,WK 36,Tata Sherwood,In Store,Lunch,COCO,KA,365.14,0.0,18.28,365.14,0,3,0.0,121.71333333333332,100-200,0%
Frozen Bottle,2026-09-02,WK 36,Tata Sherwood,In Store,Snacks,COCO,KA,2506.83,212.17000000000002,125.4,2719.0,0,15,7.803236484001472,167.12199999999999,100-200,1%-10%
Frozen Bottle,2026-09-02,WK 36,Tata Sherwood,Ownly,Lunch,COCO,KA,129.0,0.0,6.46,129.0,0,1,0.0,129.0,100-200,0%
Frozen Bottle,2026-09-02,WK 36,Tata Sherwood,Swiggy,Dinner,COCO,KA,4585.01,2268.65,219.82,6663.66,0,17,34.045104342058266,269.70647058823533,200-300,30%-40%
Frozen Bottle,2026-09-02,WK 36,Tata Sherwood,Swiggy,Late Night,COCO,KA,258.0,112.0,12.4,360.0,0,1,31.11111111111111,258.0,200-300,30%-40%
Frozen Bottle,2026-09-02,WK 36,Tata Sherwood,Swiggy,Lunch,COCO,KA,425.0,224.0,20.259999999999998,629.0,0,2,35.6120826709062,212.5,200-300,30%-40%
Frozen Bottle,2026-09-02,WK 36,Tata Sherwood,Swiggy,Snacks,COCO,KA,1723.01,718.99,82.18,2362.0,0,6,30.439881456392886,287.16833333333335,200-300,30%-40%
Frozen Bottle,2026-09-02,WK 36,Tata Sherwood,Zomato,Breakfast,COCO,KA,191.0,100.0,9.56,281.0,0,1,35.587188612099645,191.0,100-200,30%-40%
Frozen Bottle,2026-09-02,WK 36,Tata Sherwood,Zomato,Dinner,COCO,KA,2919.96,1787.35,146.1,4527.31,0,14,39.47929344356803,208.56857142857143,200-300,30%-40%
Frozen Bottle,2026-09-02,WK 36,Tata Sherwood,Zomato,Late Night,COCO,KA,445.0,125.0,22.259999999999998,550.0,0,2,22.727272727272727,222.5,200-300,20%-30%
Frozen Bottle,2026-09-02,WK 36,Tata Sherwood,Zomato,Lunch,COCO,KA,948.1,769.9,47.42,1658.0,0,5,46.43546441495778,189.62,100-200,40%-50%
Frozen Bottle,2026-09-02,WK 36,Tata Sherwood,Zomato,Snacks,COCO,KA,806.0,344.0,40.32,1110.0,0,4,30.99099099099099,201.5,200-300,30%-40%
Madno,2026-09-02,WK 36,Tata Sherwood,Others,Snacks,COCO,KA,225.22,254.78,11.26,460.0,0,1,55.38695652173913,225.22,200-300,50%-60%
Madno,2026-09-02,WK 36,Tata Sherwood,Ownly,Dinner,COCO,KA,442.5,0.0,22.119999999999997,442.5,0,2,0.0,221.25,200-300,0%
Madno,2026-09-02,WK 36,Tata Sherwood,Swiggy,Dinner,COCO,KA,648.0,312.0,31.9,950.0,0,3,32.8421052631579,216.0,200-300,30%-40%
Madno,2026-09-02,WK 36,Tata Sherwood,Swiggy,Late Night,COCO,KA,227.5,42.5,10.88,260.0,0,1,16.346153846153847,227.5,200-300,10%-20%
Madno,2026-09-02,WK 36,Tata Sherwood,Swiggy,Snacks,COCO,KA,287.5,42.5,13.88,320.0,0,1,13.28125,287.5,200-300,10%-20%
Madno,2026-09-02,WK 36,Tata Sherwood,Zomato,Dinner,COCO,KA,551.0,350.0,27.560000000000002,871.0,0,2,40.18369690011481,275.5,200-300,40%-50%
Madno,2026-09-02,WK 36,Tata Sherwood,Zomato,Late Night,COCO,KA,399.0,170.0,19.96,539.0,0,2,31.539888682745826,199.5,100-200,30%-40%
Madno,2026-09-02,WK 36,Tata Sherwood,Zomato,Lunch,COCO,KA,340.0,200.0,17.0,520.0,0,1,38.46153846153847,340.0,300-400,30%-40%
Madno,2026-09-02,WK 36,Tata Sherwood,Zomato,Snacks,COCO,KA,602.85,200.0,30.14,772.85,0,2,25.87824286730931,301.425,300-400,20%-30%
Boba Bar,2026-09-02,WK 36,Thakur Village,Swiggy,Dinner,COCO,MH,218.0,182.0,9.9,380.0,0,1,47.89473684210526,218.0,200-300,40%-50%
Boba Bar,2026-09-02,WK 36,Thakur Village,Swiggy,Snacks,COCO,MH,553.0,416.0,25.66,929.0,0,2,44.77933261571582,276.5,200-300,40%-50%
Frozen Bottle,2026-09-02,WK 36,Thakur Village,In Store,Dinner,COCO,MH,1023.1600000000001,250.07,51.18,1273.23,0,10,19.64059910621019,102.316,100-200,10%-20%
Frozen Bottle,2026-09-02,WK 36,Thakur Village,In Store,Lunch,COCO,MH,3880.1400000000003,691.86,194.0,4572.0,0,5,15.132545931758532,776.028,600-900,10%-20%
Frozen Bottle,2026-09-02,WK 36,Thakur Village,In Store,Snacks,COCO,MH,967.9,641.5600000000001,48.379999999999995,1609.46,0,11,39.86181700694643,87.99090909090908,0-100,30%-40%
Frozen Bottle,2026-09-02,WK 36,Thakur Village,Swiggy,Dinner,COCO,MH,3365.0,1496.0,160.82,4711.0,0,10,31.755465930800252,336.5,300-400,30%-40%
Frozen Bottle,2026-09-02,WK 36,Thakur Village,Swiggy,Lunch,COCO,MH,849.0,631.0,39.46,1420.0,0,4,44.43661971830986,212.25,200-300,40%-50%
Frozen Bottle,2026-09-02,WK 36,Thakur Village,Swiggy,Snacks,COCO,MH,1084.0,405.0,51.199999999999996,1429.0,0,3,28.34149755073478,361.3333333333333,300-400,20%-30%
Frozen Bottle,2026-09-02,WK 36,Thakur Village,Zomato,Dinner,COCO,MH,2476.1,1057.9,123.82,3424.0,0,6,30.896612149532714,412.68333333333334,400-500,30%-40%
Frozen Bottle,2026-09-02,WK 36,Thakur Village,Zomato,Late Night,COCO,MH,1750.4,199.6,87.53999999999999,1890.0,0,4,10.560846560846562,437.6,400-500,10%-20%
Frozen Bottle,2026-09-02,WK 36,Thakur Village,Zomato,Lunch,COCO,MH,1156.8,555.2,57.84,1662.0,0,3,33.40553549939832,385.59999999999997,300-400,30%-40%
Frozen Bottle,2026-09-02,WK 36,Thakur Village,Zomato,Snacks,COCO,MH,845.1,630.9,42.3,1416.0,0,5,44.555084745762706,169.02,100-200,40%-50%
Madno,2026-09-02,WK 36,Thakur Village,Swiggy,Dinner,COCO,MH,1967.28,385.72,93.86,2263.0,0,5,17.04463102076889,393.456,300-400,10%-20%
Madno,2026-09-02,WK 36,Thakur Village,Swiggy,Snacks,COCO,MH,398.0,62.0,19.9,460.0,0,1,13.478260869565217,398.0,300-400,10%-20%
Madno,2026-09-02,WK 36,Thakur Village,Zomato,Closing,COCO,MH,135.0,125.0,6.76,250.0,0,1,50.0,135.0,100-200,40%-50%
Madno,2026-09-02,WK 36,Thakur Village,Zomato,Dinner,COCO,MH,240.0,50.0,12.0,280.0,0,1,17.857142857142858,240.0,200-300,10%-20%
Madno,2026-09-02,WK 36,Thakur Village,Zomato,Snacks,COCO,MH,580.0,180.0,29.0,730.0,0,2,24.65753424657534,290.0,200-300,20%-30%
Frozen Bottle,2026-09-02,WK 36,Thanjavur,In Store,Dinner,FOFO,TN,3437.33,0.0,171.9,3437.33,0,6,0.0,572.8883333333333,500-600,0%
Frozen Bottle,2026-09-02,WK 36,Thanjavur,In Store,Lunch,FOFO,TN,537.0,0.0,26.86,537.0,0,1,0.0,537.0,500-600,0%
Frozen Bottle,2026-09-02,WK 36,Thanjavur,In Store,Snacks,FOFO,TN,1271.0,0.0,63.54,1271.0,0,4,0.0,317.75,300-400,0%
Frozen Bottle,2026-09-02,WK 36,Thanjavur,Swiggy,Dinner,FOFO,TN,3352.2,125.8,161.14,3348.0,0,7,3.7574671445639187,478.88571428571424,400-500,1%-10%
Frozen Bottle,2026-09-02,WK 36,Thanjavur,Swiggy,Lunch,FOFO,TN,594.0,0.0,28.720000000000002,574.0,0,2,0.0,297.0,200-300,0%
Frozen Bottle,2026-09-02,WK 36,Thanjavur,Swiggy,Snacks,FOFO,TN,2594.2200000000003,239.78,125.22,2744.0,0,5,8.738338192419825,518.844,500-600,1%-10%
Frozen Bottle,2026-09-02,WK 36,Thanjavur,Zomato,Dinner,FOFO,TN,1529.0,0.0,76.46000000000001,1469.0,0,2,0.0,764.5,600-900,0%
Frozen Bottle,2026-09-02,WK 36,Thanjavur,Zomato,Snacks,FOFO,TN,499.0,0.0,24.96,479.0,0,1,0.0,499.0,400-500,0%
Boba Bar,2026-09-02,WK 36,Thiruvalla,Swiggy,Dinner,COCO,Kerela,584.0,640.1800000000001,26.200000000000003,1164.1799999999998,0,2,54.98977821299113,292.0,200-300,50%-60%
Boba Bar,2026-09-02,WK 36,Thiruvalla,Swiggy,Lunch,COCO,Kerela,278.0,182.0,12.9,440.0,0,1,41.36363636363637,278.0,200-300,40%-50%
Boba Bar,2026-09-02,WK 36,Thiruvalla,Swiggy,Snacks,COCO,Kerela,593.75,232.91,27.68,786.66,0,2,29.607454300460173,296.875,200-300,20%-30%
Boba Bar,2026-09-02,WK 36,Thiruvalla,Zomato,Lunch,COCO,Kerela,1145.3,458.1,57.28,1523.4,0,1,30.07089405277668,1145.3,>900,30%-40%
Frozen Bottle,2026-09-02,WK 36,Thiruvalla,In Store,Dinner,COCO,Kerela,1030.69,0.0,51.54,1030.69,0,1,0.0,1030.69,>900,0%
Frozen Bottle,2026-09-02,WK 36,Thiruvalla,In Store,Lunch,COCO,Kerela,855.0,0.0,42.800000000000004,855.0,0,5,0.0,171.0,100-200,0%
Frozen Bottle,2026-09-02,WK 36,Thiruvalla,In Store,Snacks,COCO,Kerela,2719.85,0.0,136.04,2719.85,0,7,0.0,388.55,300-400,0%
Frozen Bottle,2026-09-02,WK 36,Thiruvalla,Swiggy,Dinner,COCO,Kerela,2020.35,1382.67,92.53999999999999,3233.02,0,9,42.7671341346481,224.48333333333332,200-300,40%-50%
Frozen Bottle,2026-09-02,WK 36,Thiruvalla,Swiggy,Lunch,COCO,Kerela,1888.56,1184.1,88.46000000000001,2952.66,0,7,40.10282253967608,269.7942857142857,200-300,40%-50%
Frozen Bottle,2026-09-02,WK 36,Thiruvalla,Swiggy,Snacks,COCO,Kerela,1700.0,1348.32,77.52,2898.32,0,8,46.520743051146866,212.5,200-300,40%-50%
Frozen Bottle,2026-09-02,WK 36,Thiruvalla,Zomato,Dinner,COCO,Kerela,530.5,350.5,26.54,851.0,0,3,41.18683901292597,176.83333333333334,100-200,40%-50%
Frozen Bottle,2026-09-02,WK 36,Thiruvalla,Zomato,Lunch,COCO,Kerela,970.3,530.7,48.54,1431.0,0,4,37.08595387840671,242.575,200-300,30%-40%
Frozen Bottle,2026-09-02,WK 36,Thiruvalla,Zomato,Snacks,COCO,Kerela,1070.7,701.3,53.56,1702.0,0,4,41.204465334900114,267.675,200-300,40%-50%
Madno,2026-09-02,WK 36,Thiruvalla,Swiggy,Dinner,COCO,Kerela,482.8,320.2,22.14,763.0,0,3,41.96592398427261,160.93333333333334,100-200,40%-50%
Madno,2026-09-02,WK 36,Thiruvalla,Swiggy,Lunch,COCO,Kerela,295.0,161.0,13.76,436.0,0,2,36.92660550458716,147.5,100-200,30%-40%
Madno,2026-09-02,WK 36,Thiruvalla,Swiggy,Snacks,COCO,Kerela,482.0,300.0,22.6,752.0,0,2,39.8936170212766,241.0,200-300,30%-40%
Madno,2026-09-02,WK 36,Thiruvalla,Zomato,Dinner,COCO,Kerela,115.0,105.0,5.76,210.0,0,1,50.0,115.0,100-200,40%-50%
Madno,2026-09-02,WK 36,Thiruvalla,Zomato,Lunch,COCO,Kerela,341.0,271.0,17.06,592.0,0,1,45.77702702702703,341.0,300-400,40%-50%
Madno,2026-09-02,WK 36,Thiruvalla,Zomato,Snacks,COCO,Kerela,105.5,95.5,5.28,191.0,0,1,50.0,105.5,100-200,40%-50%
Boba Bar,2026-09-02,WK 36,Thiruvananthpuram,Swiggy,Breakfast,FOFO,Kerela,290.0,0.0,14.0,280.0,0,1,0.0,290.0,200-300,0%
Boba Bar,2026-09-02,WK 36,Thiruvananthpuram,Swiggy,Snacks,FOFO,Kerela,201.0,0.0,9.56,191.0,0,1,0.0,201.0,200-300,0%
Boba Bar,2026-09-02,WK 36,Thiruvananthpuram,Zomato,Late Night,FOFO,Kerela,431.0,0.0,21.56,411.0,0,2,0.0,215.5,200-300,0%
Boba Bar,2026-09-02,WK 36,Thiruvananthpuram,Zomato,Lunch,FOFO,Kerela,289.0,0.0,14.46,279.0,0,1,0.0,289.0,200-300,0%
Frozen Bottle,2026-09-02,WK 36,Thiruvananthpuram,In Store,Closing,FOFO,Kerela,327.0,0.0,16.36,327.0,0,1,0.0,327.0,300-400,0%
Frozen Bottle,2026-09-02,WK 36,Thiruvananthpuram,In Store,Dinner,FOFO,Kerela,1025.0,0.0,51.28,1025.0,0,4,0.0,256.25,200-300,0%
Frozen Bottle,2026-09-02,WK 36,Thiruvananthpuram,In Store,Late Night,FOFO,Kerela,198.0,0.0,9.92,198.0,0,2,0.0,99.0,0-100,0%
Frozen Bottle,2026-09-02,WK 36,Thiruvananthpuram,In Store,Lunch,FOFO,Kerela,656.0,0.0,32.82,656.0,0,3,0.0,218.66666666666666,200-300,0%
Frozen Bottle,2026-09-02,WK 36,Thiruvananthpuram,In Store,Snacks,FOFO,Kerela,1071.0,0.0,53.58,1071.0,0,5,0.0,214.2,200-300,0%
Frozen Bottle,2026-09-02,WK 36,Thiruvananthpuram,Swiggy,Dinner,FOFO,Kerela,1127.0,444.0,53.86,1521.0,0,2,29.191321499013807,563.5,500-600,20%-30%
Frozen Bottle,2026-09-02,WK 36,Thiruvananthpuram,Swiggy,Late Night,FOFO,Kerela,1257.01,199.99,60.36,1407.0,0,2,14.213930348258707,628.505,600-900,10%-20%
Frozen Bottle,2026-09-02,WK 36,Thiruvananthpuram,Swiggy,Lunch,FOFO,Kerela,898.0,262.0,43.92,1140.0,0,3,22.982456140350877,299.3333333333333,200-300,20%-30%
Frozen Bottle,2026-09-02,WK 36,Thiruvananthpuram,Swiggy,Snacks,FOFO,Kerela,460.0,60.0,22.0,500.0,0,1,12.0,460.0,400-500,10%-20%
Frozen Bottle,2026-09-02,WK 36,Thiruvananthpuram,Zomato,Dinner,FOFO,Kerela,190.0,0.0,9.5,180.0,0,1,0.0,190.0,100-200,0%
Frozen Bottle,2026-09-02,WK 36,Thiruvananthpuram,Zomato,Late Night,FOFO,Kerela,270.0,0.0,13.5,260.0,0,1,0.0,270.0,200-300,0%
Frozen Bottle,2026-09-02,WK 36,Thiruvananthpuram,Zomato,Lunch,FOFO,Kerela,240.0,0.0,12.0,230.0,0,1,0.0,240.0,200-300,0%
Madno,2026-09-02,WK 36,Thiruvananthpuram,Swiggy,Dinner,FOFO,Kerela,151.0,0.0,7.06,141.0,0,1,0.0,151.0,100-200,0%
Madno,2026-09-02,WK 36,Thiruvananthpuram,Swiggy,Late Night,FOFO,Kerela,450.0,0.0,21.5,430.0,0,1,0.0,450.0,400-500,0%
Madno,2026-09-02,WK 36,Thiruvananthpuram,Swiggy,Lunch,FOFO,Kerela,109.0,52.0,4.96,151.0,0,1,34.437086092715234,109.0,100-200,30%-40%
Madno,2026-09-02,WK 36,Thiruvananthpuram,Swiggy,Snacks,FOFO,Kerela,300.0,0.0,14.5,290.0,0,1,0.0,300.0,200-300,0%
Madno,2026-09-02,WK 36,Thiruvananthpuram,Zomato,Breakfast,FOFO,Kerela,551.0,0.0,27.56,531.0,0,1,0.0,551.0,500-600,0%
Madno,2026-09-02,WK 36,Thiruvananthpuram,Zomato,Lunch,FOFO,Kerela,612.0,0.0,30.62,592.0,0,1,0.0,612.0,600-900,0%
Frozen Bottle,2026-09-02,WK 36,Thoraipakkam,In Store,Dinner,COCO,TN,1217.23,0.0,60.9,1217.23,0,7,0.0,173.89000000000001,100-200,0%
Frozen Bottle,2026-09-02,WK 36,Thoraipakkam,In Store,Lunch,COCO,TN,128.21,99.79,6.42,228.0,0,1,43.76754385964913,128.21,100-200,40%-50%
Frozen Bottle,2026-09-02,WK 36,Thoraipakkam,In Store,Snacks,COCO,TN,670.16,104.84,33.519999999999996,775.0,0,3,13.527741935483872,223.38666666666666,200-300,10%-20%
Frozen Bottle,2026-09-02,WK 36,Thoraipakkam,Swiggy,Dinner,COCO,TN,2690.02,853.98,129.54,3444.0,0,6,24.796167247386762,448.33666666666664,400-500,20%-30%
Frozen Bottle,2026-09-02,WK 36,Thoraipakkam,Swiggy,Late Night,COCO,TN,1681.0,1260.0,78.58,2831.0,0,8,44.50724125750618,210.125,200-300,40%-50%
Frozen Bottle,2026-09-02,WK 36,Thoraipakkam,Swiggy,Lunch,COCO,TN,1339.0,112.0,64.46000000000001,1401.0,0,3,7.994289793004997,446.3333333333333,400-500,1%-10%
Frozen Bottle,2026-09-02,WK 36,Thoraipakkam,Swiggy,Snacks,COCO,TN,188.0,112.0,8.9,290.0,0,1,38.62068965517241,188.0,100-200,30%-40%
Frozen Bottle,2026-09-02,WK 36,Thoraipakkam,Zomato,Dinner,COCO,TN,671.0,350.0,33.56,991.0,0,2,35.317860746720484,335.5,300-400,30%-40%
Frozen Bottle,2026-09-02,WK 36,Thoraipakkam,Zomato,Late Night,COCO,TN,710.0,490.0,35.519999999999996,1160.0,0,3,42.241379310344826,236.66666666666666,200-300,40%-50%
Frozen Bottle,2026-09-02,WK 36,Thoraipakkam,Zomato,Lunch,COCO,TN,320.0,300.0,16.0,600.0,0,1,50.0,320.0,300-400,40%-50%
Frozen Bottle,2026-09-02,WK 36,Thoraipakkam,Zomato,Snacks,COCO,TN,125.0,115.0,6.26,230.0,0,1,50.0,125.0,100-200,40%-50%
Madno,2026-09-02,WK 36,Thoraipakkam,Swiggy,Lunch,COCO,TN,192.0,68.0,9.1,250.0,0,1,27.200000000000003,192.0,100-200,20%-30%
Frozen Bottle,2026-09-02,WK 36,Tirunelveli,In Store,Closing,FOFO,TN,726.0,0.0,36.3,726.0,0,1,0.0,726.0,600-900,0%
Frozen Bottle,2026-09-02,WK 36,Tirunelveli,In Store,Dinner,FOFO,TN,3024.92,0.0,151.28,3024.92,0,8,0.0,378.115,300-400,0%
Frozen Bottle,2026-09-02,WK 36,Tirunelveli,In Store,Lunch,FOFO,TN,1909.0,0.0,95.47999999999999,1909.0,0,5,0.0,381.8,300-400,0%
Frozen Bottle,2026-09-02,WK 36,Tirunelveli,In Store,Snacks,FOFO,TN,2617.92,0.0,130.94,2617.92,0,9,0.0,290.88,200-300,0%
Frozen Bottle,2026-09-02,WK 36,Tirunelveli,Swiggy,Dinner,FOFO,TN,1403.0,0.0,67.18,1343.0,0,3,0.0,467.6666666666667,400-500,0%
Frozen Bottle,2026-09-02,WK 36,Tirunelveli,Swiggy,Lunch,FOFO,TN,1330.0,0.0,64.0,1280.0,0,2,0.0,665.0,600-900,0%
Frozen Bottle,2026-09-02,WK 36,Tirunelveli,Swiggy,Snacks,FOFO,TN,2238.0,0.0,107.94,2158.0,0,5,0.0,447.6,400-500,0%
Frozen Bottle,2026-09-02,WK 36,Tirunelveli,Zomato,Breakfast,FOFO,TN,309.0,0.0,15.46,299.0,0,1,0.0,309.0,300-400,0%
Frozen Bottle,2026-09-02,WK 36,Tirunelveli,Zomato,Dinner,FOFO,TN,1637.0,0.0,81.86,1587.0,0,2,0.0,818.5,600-900,0%
Frozen Bottle,2026-09-02,WK 36,Tirunelveli,Zomato,Lunch,FOFO,TN,881.0,0.0,44.08,851.0,0,2,0.0,440.5,400-500,0%
Frozen Bottle,2026-09-02,WK 36,Tirunelveli,Zomato,Snacks,FOFO,TN,1928.0,0.0,96.44,1858.0,0,5,0.0,385.6,300-400,0%
Frozen Bottle,2026-09-02,WK 36,Tirupati,In Store,Closing,FOFO,AP & TL,341.4,0.0,17.08,341.4,0,1,0.0,341.4,300-400,0%
Frozen Bottle,2026-09-02,WK 36,Tirupati,In Store,Dinner,FOFO,AP & TL,5876.02,0.0,293.84000000000003,5876.02,0,14,0.0,419.71571428571434,400-500,0%
Frozen Bottle,2026-09-02,WK 36,Tirupati,In Store,Lunch,FOFO,AP & TL,3435.9,0.0,171.84,3435.9,0,14,0.0,245.42142857142858,200-300,0%
Frozen Bottle,2026-09-02,WK 36,Tirupati,In Store,Snacks,FOFO,AP & TL,4764.64,0.0,238.3,4764.64,0,14,0.0,340.3314285714286,300-400,0%
Frozen Bottle,2026-09-02,WK 36,Tirupati,Swiggy,Dinner,FOFO,AP & TL,570.9100000000001,109.09,27.560000000000002,660.0,0,2,16.528787878787877,285.45500000000004,200-300,10%-20%
Frozen Bottle,2026-09-02,WK 36,Tirupati,Swiggy,Lunch,FOFO,AP & TL,307.0,33.0,14.86,330.0,0,1,10.0,307.0,300-400,1%-10%
Frozen Bottle,2026-09-02,WK 36,Tirupati,Swiggy,Snacks,FOFO,AP & TL,235.0,25.0,11.26,250.0,0,1,10.0,235.0,200-300,1%-10%
Frozen Bottle,2026-09-02,WK 36,Tirupati,Zomato,Dinner,FOFO,AP & TL,1603.5,171.5,80.2,1715.0,0,4,10.0,400.875,400-500,1%-10%
Frozen Bottle,2026-09-02,WK 36,Tirupati,Zomato,Lunch,FOFO,AP & TL,842.0,0.0,42.120000000000005,812.0,0,2,0.0,421.0,400-500,0%
Frozen Bottle,2026-09-02,WK 36,Tirupati,Zomato,Snacks,FOFO,AP & TL,253.0,27.0,12.66,270.0,0,1,10.0,253.0,200-300,1%-10%
Frozen Bottle,2026-09-02,WK 36,Tirupati-2,In Store,Breakfast,FOFO,AP & TL,49.0,0.0,2.46,49.0,0,1,0.0,49.0,0-100,0%
Frozen Bottle,2026-09-02,WK 36,Tirupati-2,In Store,Dinner,FOFO,AP & TL,3272.0,0.0,163.7,3272.0,0,11,0.0,297.45454545454544,200-300,0%
Frozen Bottle,2026-09-02,WK 36,Tirupati-2,In Store,Lunch,FOFO,AP & TL,1570.0,0.0,78.53999999999999,1570.0,0,7,0.0,224.28571428571428,200-300,0%
Frozen Bottle,2026-09-02,WK 36,Tirupati-2,In Store,Snacks,FOFO,AP & TL,5167.83,0.0,258.44,5167.83,0,14,0.0,369.1307142857143,300-400,0%
Frozen Bottle,2026-09-02,WK 36,Tirupati-2,Swiggy,Dinner,FOFO,AP & TL,614.0,66.0,29.7,660.0,0,1,10.0,614.0,600-900,1%-10%
Frozen Bottle,2026-09-02,WK 36,Tirupati-2,Swiggy,Lunch,FOFO,AP & TL,1570.1,168.9,76.02000000000001,1689.0,0,2,10.0,785.05,600-900,1%-10%
Frozen Bottle,2026-09-02,WK 36,Tirupati-2,Swiggy,Snacks,FOFO,AP & TL,2275.9,245.1,110.32,2451.0,0,3,10.0,758.6333333333333,600-900,1%-10%
Frozen Bottle,2026-09-02,WK 36,Tirupati-2,Zomato,Dinner,FOFO,AP & TL,515.9,55.1,25.8,551.0,0,1,10.0,515.9,500-600,1%-10%
Frozen Bottle,2026-09-02,WK 36,Tirupati-2,Zomato,Lunch,FOFO,AP & TL,307.9,33.1,15.4,331.0,0,1,10.0,307.9,300-400,1%-10%
Frozen Bottle,2026-09-02,WK 36,Tirupati-2,Zomato,Snacks,FOFO,AP & TL,270.1,28.9,13.5,289.0,0,1,10.0,270.1,200-300,1%-10%
Frozen Bottle,2026-09-02,WK 36,Tiruvallur,In Store,Dinner,FOFO,TN,612.23,0.0,30.62,612.23,0,2,0.0,306.115,300-400,0%
Frozen Bottle,2026-09-02,WK 36,Tiruvallur,In Store,Lunch,FOFO,TN,656.0,0.0,32.8,656.0,0,1,0.0,656.0,600-900,0%
Frozen Bottle,2026-09-02,WK 36,Tiruvallur,In Store,Snacks,FOFO,TN,2224.92,0.0,111.26,2224.92,0,6,0.0,370.82,300-400,0%
Frozen Bottle,2026-09-02,WK 36,Tiruvallur,Swiggy,Dinner,FOFO,TN,579.0,0.0,27.46,549.0,0,1,0.0,579.0,500-600,0%
Frozen Bottle,2026-09-02,WK 36,Tiruvallur,Swiggy,Lunch,FOFO,TN,649.0,0.0,31.46,629.0,0,1,0.0,649.0,600-900,0%
Frozen Bottle,2026-09-02,WK 36,Tiruvallur,Swiggy,Snacks,FOFO,TN,570.0,0.0,27.5,550.0,0,1,0.0,570.0,500-600,0%
Frozen Bottle,2026-09-02,WK 36,Tiruvallur,Zomato,Dinner,FOFO,TN,388.8,92.2,19.439999999999998,461.0,0,2,20.0,194.4,100-200,10%-20%
Frozen Bottle,2026-09-02,WK 36,Trichy,In Store,Breakfast,FOFO,TN,428.0,0.0,21.4,428.0,0,1,0.0,428.0,400-500,0%
Frozen Bottle,2026-09-02,WK 36,Trichy,In Store,Closing,FOFO,TN,249.0,0.0,12.46,249.0,0,1,0.0,249.0,200-300,0%
Frozen Bottle,2026-09-02,WK 36,Trichy,In Store,Dinner,FOFO,TN,4779.73,0.0,239.04,4779.73,0,12,0.0,398.3108333333333,300-400,0%
Frozen Bottle,2026-09-02,WK 36,Trichy,In Store,Late Night,FOFO,TN,606.0,0.0,30.3,606.0,0,2,0.0,303.0,300-400,0%
Frozen Bottle,2026-09-02,WK 36,Trichy,In Store,Lunch,FOFO,TN,994.0,0.0,49.72,994.0,0,4,0.0,248.5,200-300,0%
Frozen Bottle,2026-09-02,WK 36,Trichy,In Store,Snacks,FOFO,TN,138.0,0.0,6.9,138.0,0,1,0.0,138.0,100-200,0%
Frozen Bottle,2026-09-02,WK 36,Trichy,Swiggy,Dinner,FOFO,TN,2283.3,263.70000000000005,110.16,2467.0,0,4,10.689096068098907,570.825,500-600,10%-20%
Frozen Bottle,2026-09-02,WK 36,Trichy,Swiggy,Late Night,FOFO,TN,433.0,96.0,20.66,509.0,0,2,18.860510805500983,216.5,200-300,10%-20%
Frozen Bottle,2026-09-02,WK 36,Trichy,Swiggy,Lunch,FOFO,TN,270.0,50.0,13.0,310.0,0,1,16.129032258064516,270.0,200-300,10%-20%
Frozen Bottle,2026-09-02,WK 36,Trichy,Swiggy,Snacks,FOFO,TN,1420.0,50.0,68.5,1420.0,0,2,3.5211267605633805,710.0,600-900,1%-10%
Frozen Bottle,2026-09-02,WK 36,Trichy,Zomato,Closing,FOFO,TN,779.0,140.0,38.96,899.0,0,2,15.572858731924361,389.5,300-400,10%-20%
Frozen Bottle,2026-09-02,WK 36,Trichy,Zomato,Dinner,FOFO,TN,857.0,0.0,42.88,827.0,0,2,0.0,428.5,400-500,0%
Frozen Bottle,2026-09-02,WK 36,Trichy,Zomato,Lunch,FOFO,TN,429.0,180.0,21.46,589.0,0,2,30.560271646859082,214.5,200-300,30%-40%
Boba Bar,2026-09-02,WK 36,Tumkur,Swiggy,Dinner,COCO,KA,1110.0,340.51,52.5,1390.51,0,2,24.48813744597306,555.0,500-600,20%-30%
Boba Bar,2026-09-02,WK 36,Tumkur,Swiggy,Snacks,COCO,KA,218.0,182.0,9.9,380.0,0,1,47.89473684210526,218.0,200-300,40%-50%
Frozen Bottle,2026-09-02,WK 36,Tumkur,In Store,Dinner,COCO,KA,1863.4,83.6,93.22,1947.0,0,8,4.293785310734463,232.925,200-300,1%-10%
Frozen Bottle,2026-09-02,WK 36,Tumkur,In Store,Lunch,COCO,KA,775.0,0.0,38.78,775.0,0,3,0.0,258.3333333333333,200-300,0%
Frozen Bottle,2026-09-02,WK 36,Tumkur,In Store,Snacks,COCO,KA,1361.0,0.0,68.1,1361.0,0,6,0.0,226.83333333333334,200-300,0%
Frozen Bottle,2026-09-02,WK 36,Tumkur,Swiggy,Breakfast,COCO,KA,178.0,112.0,8.4,280.0,0,1,40.0,178.0,100-200,30%-40%
Frozen Bottle,2026-09-02,WK 36,Tumkur,Swiggy,Dinner,COCO,KA,438.0,253.0,20.4,661.0,0,1,38.27534039334342,438.0,400-500,30%-40%
Frozen Bottle,2026-09-02,WK 36,Tumkur,Swiggy,Lunch,COCO,KA,921.01,505.99,43.08,1367.0,0,4,37.01463057790782,230.2525,200-300,30%-40%
Frozen Bottle,2026-09-02,WK 36,Tumkur,Swiggy,Snacks,COCO,KA,487.0,224.0,23.36,691.0,0,2,32.41678726483357,243.5,200-300,30%-40%
Frozen Bottle,2026-09-02,WK 36,Tumkur,Zomato,Dinner,COCO,KA,1581.5,1132.5,79.14,2614.0,0,8,43.324407039020656,197.6875,100-200,40%-50%
Frozen Bottle,2026-09-02,WK 36,Tumkur,Zomato,Snacks,COCO,KA,1108.5,467.5,55.48,1506.0,0,4,31.04249667994688,277.125,200-300,30%-40%
Madno,2026-09-02,WK 36,Tumkur,Swiggy,Dinner,COCO,KA,345.0,286.0,15.760000000000002,601.0,0,2,47.587354409317804,172.5,100-200,40%-50%
Madno,2026-09-02,WK 36,Tumkur,Swiggy,Late Night,COCO,KA,308.0,93.0,14.4,381.0,0,1,24.409448818897637,308.0,300-400,20%-30%
Frozen Bottle,2026-09-02,WK 36,Ujjain,In Store,Dinner,FOFO,ROI,992.33,0.0,49.62,992.33,0,3,0.0,330.7766666666667,300-400,0%
Frozen Bottle,2026-09-02,WK 36,Ujjain,Swiggy,Dinner,FOFO,ROI,240.0,0.0,11.5,230.0,0,1,0.0,240.0,200-300,0%
Frozen Bottle,2026-09-02,WK 36,Ujjain,Swiggy,Late Night,FOFO,ROI,501.0,0.0,24.060000000000002,481.0,0,2,0.0,250.5,200-300,0%
Frozen Bottle,2026-09-02,WK 36,Ujjain,Zomato,Dinner,FOFO,ROI,1451.3,454.7,72.58,1836.0,0,6,24.765795206971678,241.88333333333333,200-300,20%-30%
Frozen Bottle,2026-09-02,WK 36,Ulwe,Swiggy,Dinner,FOFO,MH,1531.02,159.98,74.06,1641.0,0,1,9.748933577087142,1531.02,>900,1%-10%
Frozen Bottle,2026-09-02,WK 36,Ulwe,Swiggy,Snacks,FOFO,MH,471.01,99.99,22.56,551.0,0,1,18.147005444646098,471.01,400-500,10%-20%
Frozen Bottle,2026-09-02,WK 36,Ulwe,Zomato,Dinner,FOFO,MH,1056.3,371.7,52.82,1378.0,0,4,26.97387518142235,264.075,200-300,20%-30%
Frozen Bottle,2026-09-02,WK 36,Ulwe,Zomato,Snacks,FOFO,MH,539.0,100.0,26.96,619.0,0,2,16.15508885298869,269.5,200-300,10%-20%
Madno,2026-09-02,WK 36,Ulwe,Zomato,Dinner,FOFO,MH,1375.0,125.0,68.76,1440.0,0,2,8.680555555555555,687.5,600-900,1%-10%
Frozen Bottle,2026-09-02,WK 36,Undri,Swiggy,Dinner,FOFO,MH,159.0,40.0,7.96,199.0,0,1,20.100502512562816,159.0,100-200,20%-30%
Frozen Bottle,2026-09-02,WK 36,Undri,Swiggy,Lunch,FOFO,MH,184.8,55.2,8.74,230.0,0,1,24.000000000000004,184.8,100-200,20%-30%
Frozen Bottle,2026-09-02,WK 36,Urapakkam CK,Swiggy,Dinner,COCO,TN,2700.01,1308.8400000000001,127.06,3848.85,0,10,34.00600179274329,270.00100000000003,200-300,30%-40%
Frozen Bottle,2026-09-02,WK 36,Urapakkam CK,Swiggy,Lunch,COCO,TN,209.0,112.0,9.96,311.0,0,1,36.01286173633441,209.0,200-300,30%-40%
Frozen Bottle,2026-09-02,WK 36,Urapakkam CK,Swiggy,Snacks,COCO,TN,2255.12,1513.21,105.8,3628.33,0,10,41.70541268296986,225.512,200-300,40%-50%
Frozen Bottle,2026-09-02,WK 36,Urapakkam CK,Zomato,Dinner,COCO,TN,1981.5,1078.5,99.1,2960.0,0,4,36.43581081081081,495.375,400-500,30%-40%
Frozen Bottle,2026-09-02,WK 36,Urapakkam CK,Zomato,Late Night,COCO,TN,198.0,100.0,9.9,288.0,0,1,34.72222222222222,198.0,100-200,30%-40%
Frozen Bottle,2026-09-02,WK 36,Urapakkam CK,Zomato,Lunch,COCO,TN,278.5,259.5,13.940000000000001,518.0,0,2,50.0965250965251,139.25,100-200,50%-60%
Frozen Bottle,2026-09-02,WK 36,Urapakkam CK,Zomato,Snacks,COCO,TN,274.3,174.7,13.72,429.0,0,1,40.72261072261072,274.3,200-300,40%-50%
Madno,2026-09-02,WK 36,Urapakkam CK,Swiggy,Dinner,COCO,TN,1045.1599999999999,376.84,49.26,1362.0,0,4,27.66813509544787,261.28999999999996,200-300,20%-30%
Madno,2026-09-02,WK 36,Urapakkam CK,Swiggy,Late Night,COCO,TN,166.0,196.0,7.3,342.0,0,1,57.30994152046783,166.0,100-200,50%-60%
Madno,2026-09-02,WK 36,Urapakkam CK,Swiggy,Lunch,COCO,TN,547.5,42.5,26.380000000000003,570.0,0,2,7.456140350877193,273.75,200-300,1%-10%
Madno,2026-09-02,WK 36,Urapakkam CK,Swiggy,Snacks,COCO,TN,681.0,495.0,31.06,1116.0,0,2,44.354838709677416,340.5,300-400,40%-50%
Madno,2026-09-02,WK 36,Urapakkam CK,Zomato,Late Night,COCO,TN,519.0,130.0,25.96,619.0,0,2,21.001615508885298,259.5,200-300,20%-30%
Madno,2026-09-02,WK 36,Urapakkam CK,Zomato,Lunch,COCO,TN,362.0,241.0,18.12,573.0,0,2,42.059336823734725,181.0,100-200,40%-50%
Boba Bar,2026-09-02,WK 36,Vadapalani,Swiggy,Snacks,FOFO,TN,257.3,272.7,11.879999999999999,510.0,0,2,53.470588235294116,128.65,100-200,50%-60%
Frozen Bottle,2026-09-02,WK 36,Vadapalani,In Store,Closing,FOFO,TN,139.0,0.0,6.96,139.0,0,1,0.0,139.0,100-200,0%
Frozen Bottle,2026-09-02,WK 36,Vadapalani,In Store,Dinner,FOFO,TN,536.0,0.0,26.799999999999997,536.0,0,2,0.0,268.0,200-300,0%
Frozen Bottle,2026-09-02,WK 36,Vadapalani,In Store,Lunch,FOFO,TN,1574.0,0.0,78.74,1574.0,0,8,0.0,196.75,100-200,0%
Frozen Bottle,2026-09-02,WK 36,Vadapalani,In Store,Snacks,FOFO,TN,3291.0,0.0,164.58,3291.0,0,10,0.0,329.1,300-400,0%
Frozen Bottle,2026-09-02,WK 36,Vadapalani,Swiggy,Breakfast,FOFO,TN,421.01,99.99,20.06,501.0,0,1,19.958083832335326,421.01,400-500,10%-20%
Frozen Bottle,2026-09-02,WK 36,Vadapalani,Swiggy,Closing,FOFO,TN,280.0,0.0,13.5,270.0,0,1,0.0,280.0,200-300,0%
Frozen Bottle,2026-09-02,WK 36,Vadapalani,Swiggy,Dinner,FOFO,TN,330.0,40.0,16.0,360.0,0,1,11.11111111111111,330.0,300-400,10%-20%
Frozen Bottle,2026-09-02,WK 36,Vadapalani,Swiggy,Lunch,FOFO,TN,699.0,60.0,33.96,739.0,0,2,8.119079837618404,349.5,300-400,1%-10%
Frozen Bottle,2026-09-02,WK 36,Vadapalani,Zomato,Breakfast,FOFO,TN,211.0,80.0,10.56,281.0,0,1,28.46975088967972,211.0,200-300,20%-30%
Frozen Bottle,2026-09-02,WK 36,Vadapalani,Zomato,Closing,FOFO,TN,475.0,125.0,23.74,580.0,0,1,21.551724137931032,475.0,400-500,20%-30%
Frozen Bottle,2026-09-02,WK 36,Vadapalani,Zomato,Dinner,FOFO,TN,1263.2,363.8,63.18,1557.0,0,6,23.36544637122672,210.53333333333333,200-300,20%-30%
Frozen Bottle,2026-09-02,WK 36,Vadapalani,Zomato,Late Night,FOFO,TN,161.0,100.0,8.06,251.0,0,1,39.8406374501992,161.0,100-200,30%-40%
Frozen Bottle,2026-09-02,WK 36,Vadapalani,Zomato,Lunch,FOFO,TN,216.0,75.0,10.8,281.0,0,1,26.690391459074732,216.0,200-300,20%-30%
Frozen Bottle,2026-09-02,WK 36,Vadapalani,Zomato,Snacks,FOFO,TN,1571.0,365.0,78.56,1876.0,0,4,19.456289978678036,392.75,300-400,10%-20%
Madno,2026-09-02,WK 36,Vadapalani,Swiggy,Dinner,FOFO,TN,451.02,178.98,21.56,610.0,0,1,29.340983606557376,451.02,400-500,20%-30%
Madno,2026-09-02,WK 36,Vadapalani,Swiggy,Snacks,FOFO,TN,518.22,213.78,24.4,702.0,0,2,30.45299145299145,259.11,200-300,30%-40%
Madno,2026-09-02,WK 36,Vadapalani,Zomato,Dinner,FOFO,TN,506.0,225.0,25.3,701.0,0,2,32.09700427960057,253.0,200-300,30%-40%
Madno,2026-09-02,WK 36,Vadapalani,Zomato,Late Night,FOFO,TN,105.5,95.5,5.28,191.0,0,1,50.0,105.5,100-200,40%-50%
Boba Bar,2026-09-02,WK 36,Valsarvakkam,Swiggy,Dinner,COCO,TN,536.24,63.76,25.82,580.0,0,1,10.993103448275862,536.24,500-600,10%-20%
Boba Bar,2026-09-02,WK 36,Valsarvakkam,Swiggy,Late Night,COCO,TN,206.0,224.0,10.32,430.0,0,2,52.093023255813954,103.0,100-200,50%-60%
Boba Bar,2026-09-02,WK 36,Valsarvakkam,Swiggy,Snacks,COCO,TN,487.0,162.0,23.36,629.0,0,2,25.75516693163752,243.5,200-300,20%-30%
Boba Bar,2026-09-02,WK 36,Valsarvakkam,Zomato,Late Night,COCO,TN,205.75,65.25,10.28,261.0,0,1,25.0,205.75,200-300,20%-30%
Boba Bar,2026-09-02,WK 36,Valsarvakkam,Zomato,Lunch,COCO,TN,556.5,175.5,27.82,702.0,0,2,25.0,278.25,200-300,20%-30%
Frozen Bottle,2026-09-02,WK 36,Valsarvakkam,In Store,Dinner,COCO,TN,5003.66,1103.8,250.28,6107.46,0,23,18.072979601994938,217.55043478260868,200-300,10%-20%
Frozen Bottle,2026-09-02,WK 36,Valsarvakkam,In Store,Lunch,COCO,TN,1994.66,625.8199999999999,99.72,2620.48,0,10,23.881884234949318,199.466,100-200,20%-30%
Frozen Bottle,2026-09-02,WK 36,Valsarvakkam,In Store,Snacks,COCO,TN,4467.53,850.3900000000001,223.42,5317.92,0,25,15.991026566777991,178.7012,100-200,10%-20%
Frozen Bottle,2026-09-02,WK 36,Valsarvakkam,Swiggy,Dinner,COCO,TN,7995.95,4384.89,375.94,11900.84,0,34,36.84521428739484,235.17499999999998,200-300,30%-40%
Frozen Bottle,2026-09-02,WK 36,Valsarvakkam,Swiggy,Late Night,COCO,TN,4079.13,2036.2,194.04000000000002,5915.33,0,14,34.42242444631153,291.36642857142857,200-300,30%-40%
Frozen Bottle,2026-09-02,WK 36,Valsarvakkam,Swiggy,Lunch,COCO,TN,4460.02,1685.31,211.56,5915.33,0,13,28.490549132508246,343.07846153846157,300-400,20%-30%
Frozen Bottle,2026-09-02,WK 36,Valsarvakkam,Swiggy,Snacks,COCO,TN,5803.37,2877.48,272.72,8330.85,0,19,34.54005293577486,305.44052631578944,300-400,30%-40%
Frozen Bottle,2026-09-02,WK 36,Valsarvakkam,Zomato,Dinner,COCO,TN,5253.4,2175.64,262.78000000000003,7149.04,0,17,30.43261752626926,309.0235294117647,300-400,30%-40%
Frozen Bottle,2026-09-02,WK 36,Valsarvakkam,Zomato,Late Night,COCO,TN,1404.2600000000002,1099.07,70.26,2413.33,0,5,45.541637488449574,280.85200000000003,200-300,40%-50%
Frozen Bottle,2026-09-02,WK 36,Valsarvakkam,Zomato,Lunch,COCO,TN,922.5,307.5,46.14,1180.0,0,3,26.059322033898308,307.5,300-400,20%-30%
Frozen Bottle,2026-09-02,WK 36,Valsarvakkam,Zomato,Snacks,COCO,TN,1764.1,1202.9,88.26,2857.0,0,8,42.10360518025902,220.5125,200-300,40%-50%
Madno,2026-09-02,WK 36,Valsarvakkam,Swiggy,Dinner,COCO,TN,119.0,100.0,5.96,219.0,0,1,45.662100456621005,119.0,100-200,40%-50%
Madno,2026-09-02,WK 36,Valsarvakkam,Swiggy,Late Night,COCO,TN,463.25,265.75,21.66,699.0,0,2,38.01859799713877,231.625,200-300,30%-40%
Madno,2026-09-02,WK 36,Valsarvakkam,Swiggy,Lunch,COCO,TN,625.26,330.07,28.78,905.33,0,2,36.458528934200785,312.63,300-400,30%-40%
Madno,2026-09-02,WK 36,Valsarvakkam,Swiggy,Snacks,COCO,TN,567.01,135.99,26.86,673.0,0,2,20.20653789004458,283.505,200-300,20%-30%
Madno,2026-09-02,WK 36,Valsarvakkam,Zomato,Dinner,COCO,TN,1242.0,430.0,62.120000000000005,1612.0,0,3,26.674937965260547,414.0,400-500,20%-30%
Madno,2026-09-02,WK 36,Valsarvakkam,Zomato,Lunch,COCO,TN,405.0,75.0,20.24,460.0,0,1,16.304347826086957,405.0,400-500,10%-20%
Madno,2026-09-02,WK 36,Valsarvakkam,Zomato,Snacks,COCO,TN,151.0,131.0,7.56,262.0,0,1,50.0,151.0,100-200,40%-50%
Frozen Bottle,2026-09-02,WK 36,Vashi,Swiggy,Dinner,FOFO,MH,1141.6,308.4,54.58,1400.0,0,4,22.02857142857143,285.4,200-300,20%-30%
Frozen Bottle,2026-09-02,WK 36,Vashi,Swiggy,Snacks,FOFO,MH,347.0,363.0,16.36,690.0,0,2,52.60869565217391,173.5,100-200,50%-60%
Frozen Bottle,2026-09-02,WK 36,Vashi,Zomato,Closing,FOFO,MH,318.0,100.0,15.9,398.0,0,1,25.125628140703515,318.0,300-400,20%-30%
Frozen Bottle,2026-09-02,WK 36,Vashi,Zomato,Dinner,FOFO,MH,498.5,299.5,24.94,768.0,0,3,38.99739583333333,166.16666666666666,100-200,30%-40%
Frozen Bottle,2026-09-02,WK 36,Vashi,Zomato,Lunch,FOFO,MH,109.0,100.0,5.46,199.0,0,1,50.25125628140703,109.0,100-200,50%-60%
Frozen Bottle,2026-09-02,WK 36,Vashi,Zomato,Snacks,FOFO,MH,170.0,100.0,8.5,260.0,0,1,38.46153846153847,170.0,100-200,30%-40%
Boba Bar,2026-09-02,WK 36,Velachery,Swiggy,Dinner,COCO,TN,498.26,63.74,23.92,542.0,0,1,11.760147601476016,498.26,400-500,10%-20%
Boba Bar,2026-09-02,WK 36,Velachery,Swiggy,Snacks,COCO,TN,768.0,150.0,36.4,878.0,0,2,17.084282460136674,384.0,300-400,10%-20%
Frozen Bottle,2026-09-02,WK 36,Velachery,In Store,Breakfast,COCO,TN,249.0,0.0,12.46,249.0,0,1,0.0,249.0,200-300,0%
Frozen Bottle,2026-09-02,WK 36,Velachery,In Store,Dinner,COCO,TN,653.84,705.16,32.68,1359.0,0,7,51.88815305371597,93.4057142857143,0-100,50%-60%
Frozen Bottle,2026-09-02,WK 36,Velachery,In Store,Late Night,COCO,TN,358.74,286.26,17.94,645.0,0,1,44.38139534883721,358.74,300-400,40%-50%
Frozen Bottle,2026-09-02,WK 36,Velachery,In Store,Lunch,COCO,TN,2247.0,0.0,112.38,2247.0,0,4,0.0,561.75,500-600,0%
Frozen Bottle,2026-09-02,WK 36,Velachery,In Store,Snacks,COCO,TN,487.21000000000004,484.79,24.380000000000003,972.0,0,2,49.87551440329218,243.60500000000002,200-300,40%-50%
Frozen Bottle,2026-09-02,WK 36,Velachery,Others,Snacks,COCO,TN,420.0,0.0,21.0,400.0,0,1,0.0,420.0,400-500,0%
Frozen Bottle,2026-09-02,WK 36,Velachery,Swiggy,Dinner,COCO,TN,3702.0299999999997,1499.97,175.64,5012.0,0,10,29.92757382282522,370.203,300-400,20%-30%
Frozen Bottle,2026-09-02,WK 36,Velachery,Swiggy,Late Night,COCO,TN,574.01,388.84000000000003,26.720000000000002,922.85,0,3,42.13469144498023,191.33666666666667,100-200,40%-50%
Frozen Bottle,2026-09-02,WK 36,Velachery,Swiggy,Lunch,COCO,TN,2853.0,608.0,136.66,3341.0,0,2,18.198144268183178,1426.5,>900,10%-20%
Frozen Bottle,2026-09-02,WK 36,Velachery,Swiggy,Snacks,COCO,TN,1520.0,687.0,72.0,2127.0,0,4,32.29901269393512,380.0,300-400,30%-40%
Frozen Bottle,2026-09-02,WK 36,Velachery,Zomato,Dinner,COCO,TN,1130.0,520.0,56.54,1590.0,0,5,32.70440251572327,226.0,200-300,30%-40%
Frozen Bottle,2026-09-02,WK 36,Velachery,Zomato,Late Night,COCO,TN,926.0,535.0,46.32,1411.0,0,4,37.91637136782423,231.5,200-300,30%-40%
Frozen Bottle,2026-09-02,WK 36,Velachery,Zomato,Snacks,COCO,TN,380.0,190.0,19.02,550.0,0,2,34.54545454545455,190.0,100-200,30%-40%
Madno,2026-09-02,WK 36,Velachery,Swiggy,Dinner,COCO,TN,437.26,63.74,20.86,481.0,0,1,13.251559251559254,437.26,400-500,10%-20%
Madno,2026-09-02,WK 36,Velachery,Swiggy,Late Night,COCO,TN,821.26,220.74,39.06,1002.0,0,2,22.02994011976048,410.63,400-500,20%-30%
Madno,2026-09-02,WK 36,Velachery,Swiggy,Snacks,COCO,TN,961.0,395.85,45.56,1306.85,0,2,30.29039292956346,480.5,400-500,30%-40%
Madno,2026-09-02,WK 36,Velachery,Zomato,Dinner,COCO,TN,470.0,150.0,23.5,600.0,0,2,25.0,235.0,200-300,20%-30%
Madno,2026-09-02,WK 36,Velachery,Zomato,Late Night,COCO,TN,140.0,100.0,7.0,230.0,0,1,43.47826086956522,140.0,100-200,40%-50%
Boba Bar,2026-09-02,WK 36,Vellore,Swiggy,Dinner,COCO,TN,89.0,80.0,3.96,159.0,0,1,50.314465408805034,89.0,0-100,50%-60%
Boba Bar,2026-09-02,WK 36,Vellore,Swiggy,Late Night,COCO,TN,157.0,163.0,6.86,300.0,0,1,54.333333333333336,157.0,100-200,50%-60%
Boba Bar,2026-09-02,WK 36,Vellore,Swiggy,Snacks,COCO,TN,223.0,68.0,10.66,281.0,0,1,24.199288256227756,223.0,200-300,20%-30%
Frozen Bottle,2026-09-02,WK 36,Vellore,In Store,Breakfast,COCO,TN,99.0,0.0,4.96,99.0,0,1,0.0,99.0,0-100,0%
Frozen Bottle,2026-09-02,WK 36,Vellore,In Store,Dinner,COCO,TN,1202.33,0.0,60.12,1202.33,0,5,0.0,240.46599999999998,200-300,0%
Frozen Bottle,2026-09-02,WK 36,Vellore,In Store,Late Night,COCO,TN,39.0,0.0,1.96,39.0,0,1,0.0,39.0,0-100,0%
Frozen Bottle,2026-09-02,WK 36,Vellore,In Store,Lunch,COCO,TN,2062.0,0.0,103.12,2062.0,0,6,0.0,343.6666666666667,300-400,0%
Frozen Bottle,2026-09-02,WK 36,Vellore,In Store,Snacks,COCO,TN,419.33,0.0,20.98,419.33,0,4,0.0,104.8325,100-200,0%
Frozen Bottle,2026-09-02,WK 36,Vellore,Swiggy,Dinner,COCO,TN,1010.64,580.0,47.540000000000006,1530.6399999999999,0,5,37.89264621334867,202.128,200-300,30%-40%
Frozen Bottle,2026-09-02,WK 36,Vellore,Swiggy,Late Night,COCO,TN,501.85,91.0,23.599999999999998,562.85,0,2,16.167717864439904,250.925,200-300,10%-20%
Frozen Bottle,2026-09-02,WK 36,Vellore,Swiggy,Lunch,COCO,TN,1590.01,601.99,75.02,2102.0,0,5,28.63891531874405,318.002,300-400,20%-30%
Frozen Bottle,2026-09-02,WK 36,Vellore,Swiggy,Snacks,COCO,TN,1866.0,681.0,88.82,2457.0,0,5,27.716727716727718,373.2,300-400,20%-30%
Frozen Bottle,2026-09-02,WK 36,Vellore,Zomato,Dinner,COCO,TN,380.0,271.0,19.020000000000003,621.0,0,2,43.63929146537842,190.0,100-200,40%-50%
Frozen Bottle,2026-09-02,WK 36,Vellore,Zomato,Lunch,COCO,TN,221.0,100.0,11.06,311.0,0,1,32.154340836012864,221.0,200-300,30%-40%
Frozen Bottle,2026-09-02,WK 36,Vellore,Zomato,Snacks,COCO,TN,1001.0,559.01,50.06,1490.01,0,5,37.517197871155226,200.2,200-300,30%-40%
Madno,2026-09-02,WK 36,Vellore,Swiggy,Dinner,COCO,TN,158.0,103.0,7.4,251.0,0,1,41.03585657370518,158.0,100-200,40%-50%
Madno,2026-09-02,WK 36,Vellore,Swiggy,Lunch,COCO,TN,149.0,100.0,6.96,239.0,0,1,41.84100418410041,149.0,100-200,40%-50%
Madno,2026-09-02,WK 36,Vellore,Swiggy,Snacks,COCO,TN,178.0,102.0,8.4,270.0,0,1,37.77777777777778,178.0,100-200,30%-40%
Madno,2026-09-02,WK 36,Vellore,Zomato,Late Night,COCO,TN,542.0,200.01,27.1,712.01,0,1,28.09089759975281,542.0,500-600,20%-30%
Madno,2026-09-02,WK 36,Vellore,Zomato,Lunch,COCO,TN,291.0,271.0,14.56,542.0,0,1,50.0,291.0,200-300,40%-50%
Frozen Bottle,2026-09-02,WK 36,Vidyaranyapura,In Store,Dinner,FOFO,KA,487.0,0.0,24.36,487.0,0,2,0.0,243.5,200-300,0%
Frozen Bottle,2026-09-02,WK 36,Vidyaranyapura,In Store,Snacks,FOFO,KA,288.0,0.0,14.420000000000002,288.0,0,2,0.0,144.0,100-200,0%
Frozen Bottle,2026-09-02,WK 36,Vidyaranyapura,Swiggy,Dinner,FOFO,KA,774.0,119.0,37.22,863.0,0,2,13.789107763615297,387.0,300-400,10%-20%
Frozen Bottle,2026-09-02,WK 36,Vidyaranyapura,Swiggy,Lunch,FOFO,KA,401.0,0.0,19.06,381.0,0,1,0.0,401.0,400-500,0%
Frozen Bottle,2026-09-02,WK 36,Vidyaranyapura,Zomato,Dinner,FOFO,KA,1264.0,305.0,63.2,1519.0,0,4,20.07899934167215,316.0,300-400,20%-30%
Frozen Bottle,2026-09-02,WK 36,Vidyaranyapura,Zomato,Snacks,FOFO,KA,320.0,0.0,16.0,310.0,0,1,0.0,320.0,300-400,0%
Boba Bar,2026-09-02,WK 36,Vijaywada,Swiggy,Closing,FOFO,AP & TL,218.0,64.0,9.9,262.0,0,1,24.427480916030532,218.0,200-300,20%-30%
Boba Bar,2026-09-02,WK 36,Vijaywada,Swiggy,Dinner,FOFO,AP & TL,735.25,94.75,34.78,790.0,0,2,11.99367088607595,367.625,300-400,10%-20%
Boba Bar,2026-09-02,WK 36,Vijaywada,Swiggy,Late Night,FOFO,AP & TL,218.0,62.0,9.9,260.0,0,1,23.846153846153847,218.0,200-300,20%-30%
Boba Bar,2026-09-02,WK 36,Vijaywada,Swiggy,Lunch,FOFO,AP & TL,608.26,131.74,28.92,710.0,0,2,18.55492957746479,304.13,300-400,10%-20%
Boba Bar,2026-09-02,WK 36,Vijaywada,Zomato,Breakfast,FOFO,AP & TL,140.0,0.0,7.0,130.0,0,1,0.0,140.0,100-200,0%
Boba Bar,2026-09-02,WK 36,Vijaywada,Zomato,Lunch,FOFO,AP & TL,282.0,0.0,14.1,262.0,0,1,0.0,282.0,200-300,0%
Frozen Bottle,2026-09-02,WK 36,Vijaywada,In Store,Closing,FOFO,AP & TL,207.0,0.0,10.36,207.0,0,2,0.0,103.5,100-200,0%
Frozen Bottle,2026-09-02,WK 36,Vijaywada,In Store,Dinner,FOFO,AP & TL,1579.0,0.0,79.0,1579.0,0,7,0.0,225.57142857142858,200-300,0%
Frozen Bottle,2026-09-02,WK 36,Vijaywada,In Store,Late Night,FOFO,AP & TL,1244.0,0.0,62.199999999999996,1244.0,0,3,0.0,414.6666666666667,400-500,0%
Frozen Bottle,2026-09-02,WK 36,Vijaywada,In Store,Lunch,FOFO,AP & TL,426.0,0.0,21.32,426.0,0,2,0.0,213.0,200-300,0%
Frozen Bottle,2026-09-02,WK 36,Vijaywada,In Store,Snacks,FOFO,AP & TL,1440.0,0.0,72.02,1440.0,0,4,0.0,360.0,300-400,0%
Frozen Bottle,2026-09-02,WK 36,Vijaywada,Swiggy,Dinner,FOFO,AP & TL,1506.0,381.0,72.32,1827.0,0,4,20.853858784893266,376.5,300-400,20%-30%
Frozen Bottle,2026-09-02,WK 36,Vijaywada,Swiggy,Late Night,FOFO,AP & TL,2195.0,912.0,103.25999999999999,2977.0,0,5,30.634867316090027,439.0,400-500,30%-40%
Frozen Bottle,2026-09-02,WK 36,Vijaywada,Swiggy,Lunch,FOFO,AP & TL,732.0,178.0,35.6,890.0,0,1,20.0,732.0,600-900,10%-20%
Frozen Bottle,2026-09-02,WK 36,Vijaywada,Swiggy,Snacks,FOFO,AP & TL,298.0,32.0,14.4,320.0,0,1,10.0,298.0,200-300,1%-10%
Frozen Bottle,2026-09-02,WK 36,Vijaywada,Zomato,Dinner,FOFO,AP & TL,585.1,132.9,29.26,688.0,0,2,19.31686046511628,292.55,200-300,10%-20%
Frozen Bottle,2026-09-02,WK 36,Vijaywada,Zomato,Late Night,FOFO,AP & TL,534.6,154.4,26.72,669.0,0,2,23.079222720478327,267.3,200-300,20%-30%
Frozen Bottle,2026-09-02,WK 36,Vijaywada,Zomato,Lunch,FOFO,AP & TL,1336.1,242.9,66.82,1529.0,0,2,15.886200130804449,668.05,600-900,10%-20%
Frozen Bottle,2026-09-02,WK 36,Vijaywada,Zomato,Snacks,FOFO,AP & TL,170.0,40.0,8.5,200.0,0,1,20.0,170.0,100-200,10%-20%
Madno,2026-09-02,WK 36,Vijaywada,Swiggy,Closing,FOFO,AP & TL,337.01,63.99,15.86,381.0,0,1,16.79527559055118,337.01,300-400,10%-20%
Madno,2026-09-02,WK 36,Vijaywada,Swiggy,Dinner,FOFO,AP & TL,1476.6,163.4,71.34,1590.0,0,5,10.276729559748428,295.32,200-300,10%-20%
Madno,2026-09-02,WK 36,Vijaywada,Swiggy,Late Night,FOFO,AP & TL,450.25,141.75,22.04,582.0,0,3,24.355670103092784,150.08333333333334,100-200,20%-30%
Madno,2026-09-02,WK 36,Vijaywada,Swiggy,Lunch,FOFO,AP & TL,393.9,107.1,18.7,481.0,0,2,22.266112266112266,196.95,100-200,20%-30%
Madno,2026-09-02,WK 36,Vijaywada,Zomato,Dinner,FOFO,AP & TL,161.0,0.0,8.06,151.0,0,1,0.0,161.0,100-200,0%
Madno,2026-09-02,WK 36,Vijaywada,Zomato,Late Night,FOFO,AP & TL,242.0,50.0,12.1,272.0,0,1,18.38235294117647,242.0,200-300,10%-20%
Madno,2026-09-02,WK 36,Vijaywada,Zomato,Lunch,FOFO,AP & TL,194.0,46.0,9.7,230.0,0,1,20.0,194.0,100-200,10%-20%
Madno,2026-09-02,WK 36,Vijaywada,Zomato,Snacks,FOFO,AP & TL,194.0,46.0,9.7,230.0,0,1,20.0,194.0,100-200,10%-20%
Frozen Bottle,2026-09-02,WK 36,Vikhroli,In Store,Dinner,FOFO,MH,2224.0,0.0,111.24,2224.0,0,8,0.0,278.0,200-300,0%
Frozen Bottle,2026-09-02,WK 36,Vikhroli,In Store,Lunch,FOFO,MH,398.0,0.0,19.9,398.0,0,1,0.0,398.0,300-400,0%
Frozen Bottle,2026-09-02,WK 36,Vikhroli,In Store,Snacks,FOFO,MH,467.0,0.0,23.36,467.0,0,2,0.0,233.5,200-300,0%
Frozen Bottle,2026-09-02,WK 36,Vikhroli,Swiggy,Dinner,FOFO,MH,680.0,0.0,33.0,660.0,0,2,0.0,340.0,300-400,0%
Frozen Bottle,2026-09-02,WK 36,Vikhroli,Zomato,Dinner,FOFO,MH,341.0,0.0,17.06,331.0,0,1,0.0,341.0,300-400,0%
Frozen Bottle,2026-09-02,WK 36,Vimannagar,In Store,Lunch,FOFO,MH,528.0,0.0,26.4,528.0,0,1,0.0,528.0,500-600,0%
Frozen Bottle,2026-09-02,WK 36,Vimannagar,Swiggy,Dinner,FOFO,MH,599.0,0.0,28.96,579.0,0,1,0.0,599.0,500-600,0%
Frozen Bottle,2026-09-02,WK 36,Vimannagar,Zomato,Dinner,FOFO,MH,557.0,23.0,27.86,560.0,0,2,4.107142857142857,278.5,200-300,1%-10%
Frozen Bottle,2026-09-02,WK 36,Vimannagar,Zomato,Snacks,FOFO,MH,450.0,50.0,22.5,480.0,0,1,10.416666666666668,450.0,400-500,10%-20%
Madno,2026-09-02,WK 36,Vimannagar,Zomato,Dinner,FOFO,MH,270.0,100.0,13.5,360.0,0,1,27.77777777777778,270.0,200-300,20%-30%
Boba Bar,2026-09-02,WK 36,Virar,Swiggy,Dinner,COCO,MH,489.01,204.84,23.46,673.85,0,2,30.398456629813758,244.505,200-300,30%-40%
Frozen Bottle,2026-09-02,WK 36,Virar,In Store,Dinner,COCO,MH,3018.51,0.0,150.98000000000002,3018.51,0,11,0.0,274.41,200-300,0%
Frozen Bottle,2026-09-02,WK 36,Virar,In Store,Late Night,COCO,MH,0.0,338.0,0.0,338.0,0,1,100.0,0.0,,90%-100%
Frozen Bottle,2026-09-02,WK 36,Virar,In Store,Lunch,COCO,MH,477.0,0.0,23.880000000000003,477.0,0,3,0.0,159.0,100-200,0%
Frozen Bottle,2026-09-02,WK 36,Virar,In Store,Snacks,COCO,MH,1033.0,0.0,51.68,1033.0,0,5,0.0,206.6,200-300,0%
Frozen Bottle,2026-09-02,WK 36,Virar,Swiggy,Dinner,COCO,MH,669.3399999999999,294.99,31.48,924.3299999999999,0,3,31.913926844308854,223.11333333333332,200-300,30%-40%
Frozen Bottle,2026-09-02,WK 36,Virar,Swiggy,Late Night,COCO,MH,386.0,303.0,17.8,659.0,0,1,45.97875569044006,386.0,300-400,40%-50%
Frozen Bottle,2026-09-02,WK 36,Virar,Swiggy,Lunch,COCO,MH,321.0,0.0,15.56,311.0,0,1,0.0,321.0,300-400,0%
Frozen Bottle,2026-09-02,WK 36,Virar,Swiggy,Snacks,COCO,MH,534.0,396.0,25.22,900.0,0,3,44.0,178.0,100-200,40%-50%
Frozen Bottle,2026-09-02,WK 36,Virar,Zomato,Closing,COCO,MH,280.0,0.0,14.0,270.0,0,1,0.0,280.0,200-300,0%
Frozen Bottle,2026-09-02,WK 36,Virar,Zomato,Dinner,COCO,MH,1916.0,745.0,95.82,2561.0,0,6,29.09019914096056,319.3333333333333,300-400,20%-30%
Frozen Bottle,2026-09-02,WK 36,Virar,Zomato,Late Night,COCO,MH,1041.0,690.0,52.06,1691.0,0,2,40.80425783560024,520.5,500-600,40%-50%
Frozen Bottle,2026-09-02,WK 36,Virar,Zomato,Lunch,COCO,MH,1192.4,627.6,59.62,1770.0,0,2,35.45762711864407,596.2,500-600,30%-40%
Frozen Bottle,2026-09-02,WK 36,Virar,Zomato,Snacks,COCO,MH,785.0,475.0,39.260000000000005,1210.0,0,2,39.25619834710744,392.5,300-400,30%-40%
Madno,2026-09-02,WK 36,Virar,Swiggy,Closing,COCO,MH,248.0,154.0,11.4,382.0,0,1,40.31413612565445,248.0,200-300,40%-50%
Madno,2026-09-02,WK 36,Virar,Zomato,Late Night,COCO,MH,201.0,0.0,10.06,191.0,0,1,0.0,201.0,200-300,0%
Madno,2026-09-02,WK 36,Virar,Zomato,Lunch,COCO,MH,211.0,191.0,10.56,382.0,0,1,50.0,211.0,200-300,40%-50%
Boba Bar,2026-09-02,WK 36,Wagholi - CF CK,Zomato,Snacks,COCO,MH,190.0,100.0,9.5,280.0,0,1,35.714285714285715,190.0,100-200,30%-40%
Frozen Bottle,2026-09-02,WK 36,Wagholi - CF CK,Swiggy,Dinner,COCO,MH,2514.12,1569.88,118.74,3944.0,0,10,39.80425963488844,251.41199999999998,200-300,30%-40%
Frozen Bottle,2026-09-02,WK 36,Wagholi - CF CK,Swiggy,Late Night,COCO,MH,1710.01,857.99,80.53999999999999,2468.0,0,6,34.764586709886544,285.00166666666667,200-300,30%-40%
Frozen Bottle,2026-09-02,WK 36,Wagholi - CF CK,Swiggy,Lunch,COCO,MH,118.0,122.0,5.4,230.0,0,1,53.04347826086957,118.0,100-200,50%-60%
Frozen Bottle,2026-09-02,WK 36,Wagholi - CF CK,Swiggy,Snacks,COCO,MH,292.68,334.32,13.14,597.0,0,3,55.99999999999999,97.56,0-100,50%-60%
Frozen Bottle,2026-09-02,WK 36,Wagholi - CF CK,Zomato,Dinner,COCO,MH,1162.5,832.5,58.14,1935.0,0,4,43.02325581395349,290.625,200-300,40%-50%
Frozen Bottle,2026-09-02,WK 36,Wagholi - CF CK,Zomato,Late Night,COCO,MH,1331.0,450.0,66.56,1721.0,0,3,26.147588611272514,443.6666666666667,400-500,20%-30%
Madno,2026-09-02,WK 36,Wagholi - CF CK,Zomato,Dinner,COCO,MH,1356.5,365.5,67.84,1642.0,0,3,22.25943970767357,452.1666666666667,400-500,20%-30%
Madno,2026-09-02,WK 36,Wagholi - CF CK,Zomato,Snacks,COCO,MH,200.0,0.0,10.0,190.0,0,1,0.0,200.0,100-200,0%
Frozen Bottle,2026-09-02,WK 36,Whitefield,In Store,Dinner,COCO,KA,952.85,388.15000000000003,47.660000000000004,1341.0,0,9,28.944817300522,105.87222222222222,100-200,20%-30%
Frozen Bottle,2026-09-02,WK 36,Whitefield,In Store,Lunch,COCO,KA,114.87,143.13,5.74,258.0,0,2,55.47674418604651,57.435,0-100,50%-60%
Frozen Bottle,2026-09-02,WK 36,Whitefield,In Store,Snacks,COCO,KA,870.0699999999999,244.82,43.54,1114.8899999999999,0,9,21.959117042936974,96.67444444444443,0-100,20%-30%
Frozen Bottle,2026-09-02,WK 36,Whitefield,Ownly,Lunch,COCO,KA,417.0,0.0,20.86,417.0,0,2,0.0,208.5,200-300,0%
Frozen Bottle,2026-09-02,WK 36,Whitefield,Swiggy,Breakfast,COCO,KA,306.0,203.0,14.3,489.0,0,1,41.513292433537835,306.0,300-400,40%-50%
Frozen Bottle,2026-09-02,WK 36,Whitefield,Swiggy,Dinner,COCO,KA,3314.02,1708.97,157.2,4852.99,0,13,35.21478511185887,254.92461538461538,200-300,30%-40%
Frozen Bottle,2026-09-02,WK 36,Whitefield,Swiggy,Late Night,COCO,KA,1417.01,790.1700000000001,68.88,2167.18,0,7,36.46074622320251,202.43,200-300,30%-40%
Frozen Bottle,2026-09-02,WK 36,Whitefield,Swiggy,Lunch,COCO,KA,561.0,437.0,26.060000000000002,958.0,0,3,45.61586638830898,187.0,100-200,40%-50%
Frozen Bottle,2026-09-02,WK 36,Whitefield,Swiggy,Snacks,COCO,KA,2215.0,950.3299999999999,104.8,3045.33,0,9,31.206141863115,246.11111111111111,200-300,30%-40%
Frozen Bottle,2026-09-02,WK 36,Whitefield,Zomato,Breakfast,COCO,KA,627.1,421.9,31.36,1009.0,0,1,41.81367690782953,627.1,600-900,40%-50%
Frozen Bottle,2026-09-02,WK 36,Whitefield,Zomato,Dinner,COCO,KA,1052.1,445.9,52.620000000000005,1448.0,0,5,30.794198895027623,210.42,200-300,30%-40%
Frozen Bottle,2026-09-02,WK 36,Whitefield,Zomato,Lunch,COCO,KA,450.0,250.0,22.5,680.0,0,2,36.76470588235294,225.0,200-300,30%-40%
Frozen Bottle,2026-09-02,WK 36,Whitefield,Zomato,Snacks,COCO,KA,456.0,335.0,22.82,761.0,0,2,44.021024967148485,228.0,200-300,40%-50%
Madno,2026-09-02,WK 36,Whitefield,Ownly,Dinner,COCO,KA,118.0,0.0,5.9,118.0,0,1,0.0,118.0,100-200,0%
Madno,2026-09-02,WK 36,Whitefield,Swiggy,Dinner,COCO,KA,877.85,325.0,43.4,1192.85,0,3,27.245672129773236,292.6166666666667,200-300,20%-30%
Madno,2026-09-02,WK 36,Whitefield,Swiggy,Snacks,COCO,KA,119.0,102.0,5.46,211.0,0,1,48.34123222748815,119.0,100-200,40%-50%
Madno,2026-09-02,WK 36,Whitefield,Zomato,Lunch,COCO,KA,240.0,50.0,12.0,280.0,0,1,17.857142857142858,240.0,200-300,10%-20%
Boba Bar,2026-09-02,WK 36,Yelahanka,Swiggy,Dinner,COCO,KA,719.0,254.85,34.46,943.85,0,1,27.00111246490438,719.0,600-900,20%-30%
Boba Bar,2026-09-02,WK 36,Yelahanka,Zomato,Breakfast,COCO,KA,165.5,155.5,8.28,311.0,0,1,50.0,165.5,100-200,40%-50%
Frozen Bottle,2026-09-02,WK 36,Yelahanka,In Store,Dinner,COCO,KA,1534.23,0.0,76.78,1534.23,0,9,0.0,170.47,100-200,0%
Frozen Bottle,2026-09-02,WK 36,Yelahanka,In Store,Lunch,COCO,KA,244.0,0.0,12.24,244.0,0,4,0.0,61.0,0-100,0%
Frozen Bottle,2026-09-02,WK 36,Yelahanka,In Store,Snacks,COCO,KA,1387.22,419.29,69.4,1806.51,0,9,23.209946249951567,154.13555555555556,100-200,20%-30%
Frozen Bottle,2026-09-02,WK 36,Yelahanka,Ownly,Dinner,COCO,KA,141.0,0.0,7.06,141.0,0,1,0.0,141.0,100-200,0%
Frozen Bottle,2026-09-02,WK 36,Yelahanka,Swiggy,Dinner,COCO,KA,1499.0,621.0,72.46,2070.0,0,5,30.0,299.8,200-300,20%-30%
Frozen Bottle,2026-09-02,WK 36,Yelahanka,Swiggy,Late Night,COCO,KA,562.0,433.66,25.62,945.66,0,3,45.857919336759515,187.33333333333334,100-200,40%-50%
Frozen Bottle,2026-09-02,WK 36,Yelahanka,Swiggy,Lunch,COCO,KA,280.0,0.0,13.5,270.0,0,1,0.0,280.0,200-300,0%
Frozen Bottle,2026-09-02,WK 36,Yelahanka,Swiggy,Snacks,COCO,KA,1483.0,1089.32,68.68,2462.32,0,7,44.23957893368855,211.85714285714286,200-300,40%-50%
Frozen Bottle,2026-09-02,WK 36,Yelahanka,Zomato,Dinner,COCO,KA,696.5,415.5,34.84,1072.0,0,4,38.759328358208954,174.125,100-200,30%-40%
Frozen Bottle,2026-09-02,WK 36,Yelahanka,Zomato,Snacks,COCO,KA,447.55999999999995,296.77,22.38,714.33,0,2,41.54522419609984,223.77999999999997,200-300,40%-50%
Madno,2026-09-02,WK 36,Yelahanka,Ownly,Dinner,COCO,KA,284.0,0.0,14.2,284.0,0,2,0.0,142.0,100-200,0%
Madno,2026-09-02,WK 36,Yelahanka,Swiggy,Dinner,COCO,KA,347.0,262.99,15.36,569.99,0,2,46.13940595449043,173.5,100-200,40%-50%
Madno,2026-09-02,WK 36,Yelahanka,Swiggy,Late Night,COCO,KA,162.0,68.0,7.6,220.0,0,1,30.909090909090907,162.0,100-200,30%-40%
Madno,2026-09-02,WK 36,Yelahanka,Swiggy,Snacks,COCO,KA,346.0,214.0,16.32,540.0,0,2,39.62962962962963,173.0,100-200,30%-40%
Madno,2026-09-02,WK 36,Yelahanka,Zomato,Snacks,COCO,KA,400.0,130.0,20.0,510.0,0,2,25.49019607843137,200.0,100-200,20%-30%
Boba Bar,2026-09-02,WK 36,Yemalur,Zomato,Dinner,FOFO,KA,338.0,0.0,16.92,318.0,0,2,0.0,169.0,100-200,0%
Frozen Bottle,2026-09-02,WK 36,Yemalur,In Store,Closing,FOFO,KA,198.0,0.0,9.9,198.0,0,1,0.0,198.0,100-200,0%
Frozen Bottle,2026-09-02,WK 36,Yemalur,In Store,Dinner,FOFO,KA,1454.66,0.0,72.78,1454.66,0,8,0.0,181.8325,100-200,0%
Frozen Bottle,2026-09-02,WK 36,Yemalur,In Store,Late Night,FOFO,KA,416.1,0.0,20.799999999999997,416.1,0,2,0.0,208.05,200-300,0%
Frozen Bottle,2026-09-02,WK 36,Yemalur,In Store,Snacks,FOFO,KA,831.55,0.0,41.6,831.55,0,4,0.0,207.8875,200-300,0%
Frozen Bottle,2026-09-02,WK 36,Yemalur,Swiggy,Dinner,FOFO,KA,1287.0,293.0,63.379999999999995,1560.0,0,3,18.78205128205128,429.0,400-500,10%-20%
Frozen Bottle,2026-09-02,WK 36,Yemalur,Swiggy,Snacks,FOFO,KA,321.0,0.0,15.56,311.0,0,1,0.0,321.0,300-400,0%
Frozen Bottle,2026-09-02,WK 36,Yemalur,Zomato,Dinner,FOFO,KA,194.0,46.0,9.7,230.0,0,1,20.0,194.0,100-200,10%-20%
Frozen Bottle,2026-09-02,WK 36,Yemalur,Zomato,Late Night,FOFO,KA,190.0,0.0,9.5,180.0,0,1,0.0,190.0,100-200,0%
Frozen Bottle,2026-09-02,WK 36,Yemalur,Zomato,Lunch,FOFO,KA,590.0,130.0,29.5,690.0,0,2,18.84057971014493,295.0,200-300,10%-20%
Frozen Bottle,2026-09-02,WK 36,Yemalur,Zomato,Snacks,FOFO,KA,1150.0,80.0,57.5,1190.0,0,2,6.722689075630252,575.0,500-600,1%-10%
Boba Bar,2026-09-02,WK 36,Zamin Pallavaram,Swiggy,Lunch,COCO,TN,223.0,68.0,10.66,281.0,0,1,24.199288256227756,223.0,200-300,20%-30%
Frozen Bottle,2026-09-02,WK 36,Zamin Pallavaram,In Store,Dinner,COCO,TN,1130.98,779.25,56.540000000000006,1910.23,0,13,40.79351701104056,86.99846153846154,0-100,40%-50%
Frozen Bottle,2026-09-02,WK 36,Zamin Pallavaram,In Store,Lunch,COCO,TN,734.72,143.13,36.760000000000005,877.85,0,6,16.304607848721307,122.45333333333333,100-200,10%-20%
Frozen Bottle,2026-09-02,WK 36,Zamin Pallavaram,In Store,Snacks,COCO,TN,224.69,291.31,11.22,516.0,0,4,56.45542635658914,56.1725,0-100,50%-60%
Frozen Bottle,2026-09-02,WK 36,Zamin Pallavaram,Swiggy,Dinner,COCO,TN,3801.0,2224.0,179.64000000000001,5815.0,0,13,38.24591573516767,292.38461538461536,200-300,30%-40%
Frozen Bottle,2026-09-02,WK 36,Zamin Pallavaram,Swiggy,Late Night,COCO,TN,874.0,448.0,41.72,1282.0,0,4,34.945397815912635,218.5,200-300,30%-40%
Frozen Bottle,2026-09-02,WK 36,Zamin Pallavaram,Swiggy,Lunch,COCO,TN,2292.0,1116.0,108.12,3278.0,0,6,34.04514948139109,382.0,300-400,30%-40%
Frozen Bottle,2026-09-02,WK 36,Zamin Pallavaram,Swiggy,Snacks,COCO,TN,2359.02,761.98,112.98,3021.0,0,7,25.22277391592188,337.0028571428571,300-400,20%-30%
Frozen Bottle,2026-09-02,WK 36,Zamin Pallavaram,Zomato,Dinner,COCO,TN,3832.59,1197.4,191.66,4880.0,0,7,24.53688524590164,547.5128571428571,500-600,20%-30%
Frozen Bottle,2026-09-02,WK 36,Zamin Pallavaram,Zomato,Late Night,COCO,TN,667.42,586.4300000000001,33.379999999999995,1203.85,0,3,48.71287951156707,222.47333333333333,200-300,40%-50%
Frozen Bottle,2026-09-02,WK 36,Zamin Pallavaram,Zomato,Snacks,COCO,TN,638.8299999999999,248.82999999999998,31.94,847.66,0,3,29.354930042705803,212.9433333333333,200-300,20%-30%
Madno,2026-09-02,WK 36,Zamin Pallavaram,Swiggy,Late Night,COCO,TN,247.0,203.0,11.36,430.0,0,2,47.20930232558139,123.5,100-200,40%-50%
Madno,2026-09-02,WK 36,Zamin Pallavaram,Zomato,Late Night,COCO,TN,572.0,351.0,28.619999999999997,893.0,0,2,39.305711086226204,286.0,200-300,30%-40%
Madno,2026-09-02,WK 36,Zamin Pallavaram,Zomato,Lunch,COCO,TN,160.0,80.0,8.0,230.0,0,1,34.78260869565217,160.0,100-200,30%-40%
Madno,2026-09-02,WK 36,Zamin Pallavaram,Zomato,Snacks,COCO,TN,230.0,80.0,11.5,300.0,0,1,26.666666666666668,230.0,200-300,20%-30%
