Brand Name,Date,Week,Branch,Source,Session,Store Type,Region,Net Sales,Discount,Taxes,Gross Sales,Quantity,Orders,Dis %,AOV,AOV Bucket,Discount Bucket
Boba Bar,2026-07-29,WK 31,Akshay Nagar,Zomato,Snacks,FOFO,KA,873.0,0.0,43.68,843.0,0,1,0.0,873.0,600-900,0%
Boba Bar,2026-07-29,WK 31,Alwarpet,Swiggy,Lunch,COCO,TN,218.0,182.0,0.0,380.0,0,1,47.89473684210526,218.0,200-300,40%-50%
Boba Bar,2026-07-29,WK 31,BTM Layout,Swiggy,Dinner,COCO,KA,138.0,122.0,0.0,260.0,0,2,46.92307692307692,69.0,0-100,40%-50%
Boba Bar,2026-07-29,WK 31,BTM Layout,Swiggy,Late Night,COCO,KA,784.01,407.5,0.0,1141.51,0,5,35.69832940578707,156.802,100-200,30%-40%
Boba Bar,2026-07-29,WK 31,BTM Layout,Swiggy,Lunch,COCO,KA,238.0,173.0,0.0,411.0,0,1,42.092457420924575,238.0,200-300,40%-50%
Boba Bar,2026-07-29,WK 31,Banashankari,Ownly,Snacks,COCO,KA,181.0,0.0,9.06,181.0,0,1,0.0,181.0,100-200,0%
Boba Bar,2026-07-29,WK 31,Banashankari,Swiggy,Dinner,COCO,KA,217.0,183.0,0.0,390.0,0,2,46.92307692307692,108.5,100-200,40%-50%
Boba Bar,2026-07-29,WK 31,Banashankari,Swiggy,Snacks,COCO,KA,120.0,126.66,0.0,226.66,0,1,55.88105532515662,120.0,100-200,50%-60%
Boba Bar,2026-07-29,WK 31,Banashankari,Zomato,Late Night,COCO,KA,141.0,0.0,7.06,131.0,0,1,0.0,141.0,100-200,0%
Boba Bar,2026-07-29,WK 31,Banashankari,Zomato,Lunch,COCO,KA,511.75,70.25,25.6,562.0,0,1,12.5,511.75,500-600,10%-20%
Boba Bar,2026-07-29,WK 31,Banashankari,Zomato,Snacks,COCO,KA,220.0,70.0,11.0,280.0,0,1,25.0,220.0,200-300,20%-30%
Boba Bar,2026-07-29,WK 31,Baner Road - Pune,Swiggy,Dinner,COCO,MH,671.01,59.99,0.0,701.0,0,2,8.55777460770328,335.505,300-400,1%-10%
Boba Bar,2026-07-29,WK 31,Baner Road - Pune,Swiggy,Snacks,COCO,MH,218.0,182.0,0.0,380.0,0,1,47.89473684210526,218.0,200-300,40%-50%
Boba Bar,2026-07-29,WK 31,Basaveshwarnagar,Swiggy,Dinner,COCO,KA,544.0,443.0,0.0,927.0,0,2,47.78856526429342,272.0,200-300,40%-50%
Boba Bar,2026-07-29,WK 31,Basaveshwarnagar,Swiggy,Late Night,COCO,KA,109.0,91.0,0.0,190.0,0,1,47.89473684210526,109.0,100-200,40%-50%
Boba Bar,2026-07-29,WK 31,Basaveshwarnagar,Zomato,Dinner,COCO,KA,300.0,280.0,15.0,560.0,0,1,50.0,300.0,200-300,40%-50%
Boba Bar,2026-07-29,WK 31,Bel Road,Swiggy,Late Night,COCO,KA,69.0,61.0,0.0,130.0,0,1,46.92307692307692,69.0,0-100,40%-50%
Boba Bar,2026-07-29,WK 31,Bel Road,Swiggy,Lunch,COCO,KA,69.0,61.0,0.0,130.0,0,1,46.92307692307692,69.0,0-100,40%-50%
Boba Bar,2026-07-29,WK 31,Bel Road,Swiggy,Snacks,COCO,KA,218.0,182.0,0.0,380.0,0,1,47.89473684210526,218.0,200-300,40%-50%
Boba Bar,2026-07-29,WK 31,Bel Road,Zomato,Late Night,COCO,KA,340.0,320.0,17.0,640.0,0,1,50.0,340.0,300-400,40%-50%
Boba Bar,2026-07-29,WK 31,Bhavanipuram,Zomato,Dinner,FOFO,AP & TL,910.0,0.0,45.52,880.0,0,1,0.0,910.0,>900,0%
Boba Bar,2026-07-29,WK 31,Byculla,Zomato,Dinner,COCO,MH,432.5,307.5,21.62,710.0,0,1,43.309859154929576,432.5,400-500,40%-50%
Boba Bar,2026-07-29,WK 31,Dahisar,Swiggy,Dinner,COCO,MH,218.0,183.0,0.0,381.0,0,1,48.031496062992126,218.0,200-300,40%-50%
Boba Bar,2026-07-29,WK 31,Dahisar,Swiggy,Late Night,COCO,MH,168.0,141.0,0.0,289.0,0,1,48.78892733564014,168.0,100-200,40%-50%
Boba Bar,2026-07-29,WK 31,Dahisar,Zomato,Lunch,COCO,MH,220.75,70.25,11.04,281.0,0,1,25.0,220.75,200-300,20%-30%
Boba Bar,2026-07-29,WK 31,Erode,Swiggy,Dinner,COCO,TN,792.0,279.0,0.0,1031.0,0,4,27.061105722599414,198.0,100-200,20%-30%
Boba Bar,2026-07-29,WK 31,Erode,Zomato,Dinner,COCO,TN,357.5,112.5,17.88,450.0,0,1,25.0,357.5,300-400,20%-30%
Boba Bar,2026-07-29,WK 31,Express Avenue Mall,Swiggy,Dinner,COCO,TN,109.0,91.0,0.0,190.0,0,1,47.89473684210526,109.0,100-200,40%-50%
Boba Bar,2026-07-29,WK 31,Frazer Town,Swiggy,Late Night,COCO,KA,227.0,64.0,0.0,281.0,0,1,22.77580071174377,227.0,200-300,20%-30%
Boba Bar,2026-07-29,WK 31,Frazer Town,Zomato,Late Night,COCO,KA,301.0,0.0,15.06,291.0,0,1,0.0,301.0,300-400,0%
Boba Bar,2026-07-29,WK 31,Guduvanchery,Zomato,Dinner,COCO,TN,231.25,73.75,11.56,295.0,0,1,25.0,231.25,200-300,20%-30%
Boba Bar,2026-07-29,WK 31,Guduvanchery,Zomato,Lunch,COCO,TN,305.95,295.05,15.32,571.0,0,1,51.67250437828371,305.95,300-400,50%-60%
Boba Bar,2026-07-29,WK 31,HSR Layout,Swiggy,Late Night,COCO,KA,100.0,126.66,0.0,226.66,0,1,55.88105532515662,100.0,0-100,50%-60%
Boba Bar,2026-07-29,WK 31,Hinjewadi,Swiggy,Dinner,COCO,MH,208.0,161.0,0.0,349.0,0,1,46.13180515759313,208.0,200-300,40%-50%
Boba Bar,2026-07-29,WK 31,Hinjewadi,Swiggy,Lunch,COCO,MH,226.0,64.0,0.0,280.0,0,1,22.857142857142858,226.0,200-300,20%-30%
Boba Bar,2026-07-29,WK 31,Hinjewadi,Swiggy,Snacks,COCO,MH,638.0,398.0,0.0,1036.0,0,1,38.41698841698842,638.0,600-900,30%-40%
Boba Bar,2026-07-29,WK 31,Indiranagar - CK,Swiggy,Dinner,COCO,KA,520.01,59.99,0.0,550.0,0,1,10.907272727272728,520.01,500-600,10%-20%
Boba Bar,2026-07-29,WK 31,Indiranagar - CK,Swiggy,Lunch,COCO,KA,347.0,273.0,0.0,570.0,0,2,47.89473684210526,173.5,100-200,40%-50%
Boba Bar,2026-07-29,WK 31,Indiranagar - CK,Swiggy,Snacks,COCO,KA,339.0,184.32999999999998,0.0,503.33000000000004,0,2,36.62209683507837,169.5,100-200,30%-40%
Boba Bar,2026-07-29,WK 31,Kakkanad,Swiggy,Breakfast,COCO,Kerela,278.0,262.0,0.0,520.0,0,1,50.38461538461539,278.0,200-300,50%-60%
Boba Bar,2026-07-29,WK 31,Kakkanad,Swiggy,Closing,COCO,Kerela,138.0,122.0,0.0,260.0,0,1,46.92307692307692,138.0,100-200,40%-50%
Boba Bar,2026-07-29,WK 31,Kakkanad,Swiggy,Dinner,COCO,Kerela,798.0,274.0,0.0,1022.0,0,3,26.810176125244617,266.0,200-300,20%-30%
Boba Bar,2026-07-29,WK 31,Kakkanad,Swiggy,Late Night,COCO,Kerela,319.0,121.0,0.0,420.0,0,1,28.809523809523807,319.0,300-400,20%-30%
Boba Bar,2026-07-29,WK 31,Kakkanad,Swiggy,Lunch,COCO,Kerela,1411.01,124.99000000000001,0.0,1496.0,0,4,8.354946524064172,352.7525,300-400,1%-10%
Boba Bar,2026-07-29,WK 31,Kakkanad,Swiggy,Snacks,COCO,Kerela,1055.35,508.65,0.0,1514.0,0,2,33.59643328929987,527.675,500-600,30%-40%
Boba Bar,2026-07-29,WK 31,Kalyan,Zomato,Dinner,COCO,MH,653.25,207.75,32.660000000000004,831.0,0,2,25.0,326.625,300-400,20%-30%
Boba Bar,2026-07-29,WK 31,Kanakapura,Swiggy,Snacks,COCO,KA,609.01,247.64999999999998,0.0,826.66,0,2,29.957902886313597,304.505,300-400,20%-30%
Boba Bar,2026-07-29,WK 31,Kanakapura,Zomato,Lunch,COCO,KA,191.0,100.0,9.56,281.0,0,1,35.587188612099645,191.0,100-200,30%-40%
Boba Bar,2026-07-29,WK 31,Khar,Swiggy,Late Night,COCO,MH,260.0,60.0,0.0,310.0,0,1,19.35483870967742,260.0,200-300,10%-20%
Boba Bar,2026-07-29,WK 31,Kharghar,Swiggy,Dinner,FOFO,MH,208.0,91.0,0.0,279.0,0,1,32.61648745519714,208.0,200-300,30%-40%
Boba Bar,2026-07-29,WK 31,Kolathur,Swiggy,Dinner,COCO,TN,59.0,92.0,0.0,141.0,0,1,65.24822695035462,59.0,0-100,60%-70%
Boba Bar,2026-07-29,WK 31,Kolathur,Swiggy,Late Night,COCO,TN,177.0,276.0,0.0,423.0,0,1,65.24822695035462,177.0,100-200,60%-70%
Boba Bar,2026-07-29,WK 31,Kolathur,Swiggy,Snacks,COCO,TN,547.0,34.0,0.0,561.0,0,1,6.0606060606060606,547.0,500-600,1%-10%
Boba Bar,2026-07-29,WK 31,Koramangala,Swiggy,Dinner,COCO,KA,1002.01,199.99,0.0,1162.0,0,2,17.210843373493976,501.005,500-600,10%-20%
Boba Bar,2026-07-29,WK 31,Koramangala,Swiggy,Late Night,COCO,KA,138.0,122.0,0.0,260.0,0,1,46.92307692307692,138.0,100-200,40%-50%
Boba Bar,2026-07-29,WK 31,Koramangala,Swiggy,Snacks,COCO,KA,484.0,217.0,0.0,681.0,0,3,31.864904552129218,161.33333333333334,100-200,30%-40%
Boba Bar,2026-07-29,WK 31,Lokhandwala,Swiggy,Closing,COCO,MH,158.0,122.0,0.0,260.0,0,1,46.92307692307692,158.0,100-200,40%-50%
Boba Bar,2026-07-29,WK 31,Lokhandwala,Swiggy,Snacks,COCO,MH,678.0,120.0,0.0,778.0,0,1,15.424164524421593,678.0,600-900,10%-20%
Boba Bar,2026-07-29,WK 31,Malleswaram,Swiggy,Dinner,FOFO,KA,138.0,123.0,0.0,261.0,0,1,47.12643678160919,138.0,100-200,40%-50%
Boba Bar,2026-07-29,WK 31,Manipal,Swiggy,Lunch,COCO,KA,251.0,40.0,0.0,281.0,0,1,14.23487544483986,251.0,200-300,10%-20%
Boba Bar,2026-07-29,WK 31,Marol - CF CK,Zomato,Dinner,COCO,MH,300.0,280.0,15.0,560.0,0,1,50.0,300.0,200-300,40%-50%
Boba Bar,2026-07-29,WK 31,Mogappair,Swiggy,Dinner,COCO,TN,801.0,545.33,0.0,1296.33,0,4,42.067220537980305,200.25,200-300,40%-50%
Boba Bar,2026-07-29,WK 31,Mogappair,Swiggy,Late Night,COCO,TN,219.01,206.17,0.0,395.18,0,1,52.1711625082241,219.01,200-300,50%-60%
Boba Bar,2026-07-29,WK 31,Mogappair,Swiggy,Snacks,COCO,TN,659.0,191.0,0.0,820.0,0,1,23.29268292682927,659.0,600-900,20%-30%
Boba Bar,2026-07-29,WK 31,Mogappair,Zomato,Dinner,COCO,TN,234.99,135.0,11.76,339.99,0,1,39.70705020735904,234.99,200-300,30%-40%
Boba Bar,2026-07-29,WK 31,Mogappair,Zomato,Snacks,COCO,TN,205.0,65.0,10.26,260.0,0,1,25.0,205.0,200-300,20%-30%
Boba Bar,2026-07-29,WK 31,Mudichur,Swiggy,Snacks,COCO,TN,188.0,150.0,0.0,318.0,0,1,47.16981132075472,188.0,100-200,40%-50%
Boba Bar,2026-07-29,WK 31,Nagavara,Swiggy,Dinner,COCO,KA,59.0,92.0,0.0,141.0,0,1,65.24822695035462,59.0,0-100,60%-70%
Boba Bar,2026-07-29,WK 31,Nagavara,Zomato,Lunch,COCO,KA,194.0,135.0,9.7,309.0,0,1,43.689320388349515,194.0,100-200,40%-50%
Boba Bar,2026-07-29,WK 31,Nagavara,Zomato,Snacks,COCO,KA,363.0,238.0,18.16,571.0,0,1,41.68126094570928,363.0,300-400,40%-50%
Boba Bar,2026-07-29,WK 31,Nalanchira,Swiggy,Snacks,FOFO,Kerela,590.0,0.0,0.0,570.0,0,2,0.0,295.0,200-300,0%
Boba Bar,2026-07-29,WK 31,Namakkal,Swiggy,Snacks,FOFO,TN,290.0,0.0,0.0,280.0,0,1,0.0,290.0,200-300,0%
Boba Bar,2026-07-29,WK 31,Nanganallur CK,Zomato,Dinner,COCO,TN,444.97,157.03,22.259999999999998,582.0,0,2,26.981099656357387,222.485,200-300,20%-30%
Boba Bar,2026-07-29,WK 31,Nanganallur CK,Zomato,Snacks,COCO,TN,290.0,0.0,14.5,280.0,0,1,0.0,290.0,200-300,0%
Boba Bar,2026-07-29,WK 31,Nungambakkam - CK,Swiggy,Snacks,COCO,TN,576.26,148.07,0.0,694.3299999999999,0,2,21.325594457966673,288.13,200-300,20%-30%
Boba Bar,2026-07-29,WK 31,PALAM VIHAR,Swiggy,Dinner,FOFO,ROI,327.0,275.0,0.0,572.0,0,1,48.07692307692308,327.0,300-400,40%-50%
Boba Bar,2026-07-29,WK 31,Pallikaranai,Swiggy,Dinner,COCO,TN,419.0,191.0,0.0,590.0,0,2,32.3728813559322,209.5,200-300,30%-40%
Boba Bar,2026-07-29,WK 31,Pallikaranai,Swiggy,Late Night,COCO,TN,308.0,192.0,0.0,490.0,0,2,39.183673469387756,154.0,100-200,30%-40%
Boba Bar,2026-07-29,WK 31,Pallikaranai,Zomato,Dinner,COCO,TN,609.5,209.5,30.480000000000004,799.0,0,2,26.220275344180227,304.75,300-400,20%-30%
Boba Bar,2026-07-29,WK 31,Perambur - CK,Swiggy,Dinner,COCO,TN,257.0,263.0,0.0,490.0,0,1,53.673469387755105,257.0,200-300,50%-60%
Boba Bar,2026-07-29,WK 31,Powai- CF - CK,Swiggy,Dinner,COCO,MH,158.0,122.0,0.0,260.0,0,1,46.92307692307692,158.0,100-200,40%-50%
Boba Bar,2026-07-29,WK 31,Powai- CF - CK,Swiggy,Snacks,COCO,MH,178.0,160.0,0.0,318.0,0,1,50.314465408805034,178.0,100-200,50%-60%
Boba Bar,2026-07-29,WK 31,Prabhadevi,Zomato,Lunch,COCO,MH,220.0,70.0,11.0,280.0,0,1,25.0,220.0,200-300,20%-30%
Boba Bar,2026-07-29,WK 31,Prabhadevi,Zomato,Snacks,COCO,MH,880.0,280.0,44.0,1120.0,0,1,25.0,880.0,600-900,20%-30%
Boba Bar,2026-07-29,WK 31,Ravipuram,Swiggy,Dinner,COCO,Kerela,79.0,80.0,0.0,159.0,0,1,50.314465408805034,79.0,0-100,50%-60%
Boba Bar,2026-07-29,WK 31,Ravipuram,Swiggy,Late Night,COCO,Kerela,740.0,285.33,0.0,975.3299999999999,0,3,29.25471378917905,246.66666666666666,200-300,20%-30%
Boba Bar,2026-07-29,WK 31,Ravipuram,Swiggy,Lunch,COCO,Kerela,756.01,103.99000000000001,0.0,830.0,0,2,12.528915662650602,378.005,300-400,10%-20%
Boba Bar,2026-07-29,WK 31,Ravipuram,Swiggy,Snacks,COCO,Kerela,79.0,61.0,0.0,130.0,0,1,46.92307692307692,79.0,0-100,40%-50%
Boba Bar,2026-07-29,WK 31,Ravipuram,Zomato,Lunch,COCO,Kerela,398.5,129.5,19.92,518.0,0,1,25.0,398.5,300-400,20%-30%
Boba Bar,2026-07-29,WK 31,Sarjapur Road,Ownly,Lunch,COCO,KA,612.0,0.0,30.6,612.0,0,1,0.0,612.0,600-900,0%
Boba Bar,2026-07-29,WK 31,Sarjapur Road,Swiggy,Late Night,COCO,KA,260.0,40.0,0.0,290.0,0,1,13.793103448275861,260.0,200-300,10%-20%
Boba Bar,2026-07-29,WK 31,Sarjapur Road,Zomato,Snacks,COCO,KA,527.5,352.5,26.38,850.0,0,1,41.47058823529412,527.5,500-600,40%-50%
Boba Bar,2026-07-29,WK 31,Sarjapura 3,Swiggy,Late Night,FOFO,KA,249.0,170.0,0.0,419.0,0,1,40.572792362768496,249.0,200-300,40%-50%
Boba Bar,2026-07-29,WK 31,Selaiyur,Swiggy,Dinner,FOFO,TN,198.0,362.0,0.0,560.0,0,1,64.64285714285715,198.0,100-200,60%-70%
Boba Bar,2026-07-29,WK 31,Silchar,Swiggy,Lunch,FOFO,ROI,471.0,0.0,0.0,451.0,0,1,0.0,471.0,400-500,0%
Boba Bar,2026-07-29,WK 31,Sinhagad,Swiggy,Dinner,COCO,MH,206.0,64.0,0.0,260.0,0,1,24.615384615384617,206.0,200-300,20%-30%
Boba Bar,2026-07-29,WK 31,Sinhagad,Zomato,Dinner,COCO,MH,95.95,105.05,4.8,191.0,0,1,54.99999999999999,95.95,0-100,50%-60%
Boba Bar,2026-07-29,WK 31,Sinhagad,Zomato,Lunch,COCO,MH,208.0,157.0,10.4,355.0,0,1,44.225352112676056,208.0,200-300,40%-50%
Boba Bar,2026-07-29,WK 31,Tata Sherwood,Swiggy,Breakfast,COCO,KA,346.0,155.0,0.0,481.0,0,1,32.224532224532226,346.0,300-400,30%-40%
Boba Bar,2026-07-29,WK 31,Tata Sherwood,Swiggy,Dinner,COCO,KA,218.0,182.0,0.0,380.0,0,1,47.89473684210526,218.0,200-300,40%-50%
Boba Bar,2026-07-29,WK 31,Tata Sherwood,Swiggy,Lunch,COCO,KA,436.0,364.0,0.0,760.0,0,2,47.89473684210526,218.0,200-300,40%-50%
Boba Bar,2026-07-29,WK 31,Tata Sherwood,Zomato,Lunch,COCO,KA,227.5,72.5,11.38,290.0,0,1,25.0,227.5,200-300,20%-30%
Boba Bar,2026-07-29,WK 31,Thakur Village,Swiggy,Closing,COCO,MH,69.0,61.0,0.0,130.0,0,1,46.92307692307692,69.0,0-100,40%-50%
Boba Bar,2026-07-29,WK 31,Thakur Village,Swiggy,Dinner,COCO,MH,50.0,63.33,0.0,113.33,0,1,55.88105532515662,50.0,0-100,50%-60%
Boba Bar,2026-07-29,WK 31,Thakur Village,Swiggy,Lunch,COCO,MH,429.0,131.0,0.0,540.0,0,1,24.25925925925926,429.0,400-500,20%-30%
Boba Bar,2026-07-29,WK 31,Thakur Village,Zomato,Dinner,COCO,MH,373.25,117.75,18.66,471.0,0,1,25.0,373.25,300-400,20%-30%
Boba Bar,2026-07-29,WK 31,Thiruvalla,Swiggy,Breakfast,COCO,Kerela,168.0,141.0,0.0,289.0,0,1,48.78892733564014,168.0,100-200,40%-50%
Boba Bar,2026-07-29,WK 31,Thiruvalla,Swiggy,Dinner,COCO,Kerela,218.0,182.0,0.0,380.0,0,1,47.89473684210526,218.0,200-300,40%-50%
Boba Bar,2026-07-29,WK 31,Thiruvananthpuram,Swiggy,Dinner,FOFO,Kerela,256.0,100.0,0.0,346.0,0,1,28.901734104046245,256.0,200-300,20%-30%
Boba Bar,2026-07-29,WK 31,Thiruvananthpuram,Swiggy,Snacks,FOFO,Kerela,140.0,0.0,0.0,130.0,0,1,0.0,140.0,100-200,0%
Boba Bar,2026-07-29,WK 31,Thiruvananthpuram,Zomato,Late Night,FOFO,Kerela,229.0,0.0,11.46,219.0,0,1,0.0,229.0,200-300,0%
Boba Bar,2026-07-29,WK 31,Thoraipakkam,Zomato,Dinner,COCO,TN,250.0,50.0,12.5,290.0,0,1,17.24137931034483,250.0,200-300,10%-20%
Boba Bar,2026-07-29,WK 31,Undri,Zomato,Dinner,FOFO,MH,200.0,0.0,10.0,190.0,0,1,0.0,200.0,100-200,0%
Boba Bar,2026-07-29,WK 31,Vadapalani,Swiggy,Closing,FOFO,TN,163.0,127.0,0.0,280.0,0,1,45.357142857142854,163.0,100-200,40%-50%
Boba Bar,2026-07-29,WK 31,Vadapalani,Swiggy,Dinner,FOFO,TN,1740.6,1042.4,0.0,2683.0,0,5,38.85203130823705,348.12,300-400,30%-40%
Boba Bar,2026-07-29,WK 31,Valsarvakkam,Swiggy,Dinner,COCO,TN,276.0,64.0,0.0,330.0,0,1,19.393939393939394,276.0,200-300,10%-20%
Boba Bar,2026-07-29,WK 31,Valsarvakkam,Swiggy,Snacks,COCO,TN,258.0,262.0,0.0,520.0,0,1,50.38461538461539,258.0,200-300,50%-60%
Boba Bar,2026-07-29,WK 31,Vashi,Swiggy,Snacks,FOFO,MH,218.0,182.0,0.0,380.0,0,1,47.89473684210526,218.0,200-300,40%-50%
Boba Bar,2026-07-29,WK 31,Vellore,Swiggy,Snacks,COCO,TN,198.0,171.0,0.0,349.0,0,1,48.99713467048711,198.0,100-200,40%-50%
Boba Bar,2026-07-29,WK 31,Vellore,Zomato,Snacks,COCO,TN,300.0,0.0,15.0,290.0,0,1,0.0,300.0,200-300,0%
Boba Bar,2026-07-29,WK 31,Vijaywada,Swiggy,Breakfast,FOFO,AP & TL,437.01,31.99,0.0,449.0,0,1,7.124721603563475,437.01,400-500,1%-10%
Boba Bar,2026-07-29,WK 31,Vijaywada,Swiggy,Dinner,FOFO,AP & TL,249.2,20.8,0.0,260.0,0,1,8.0,249.2,200-300,1%-10%
Boba Bar,2026-07-29,WK 31,Vijaywada,Swiggy,Lunch,FOFO,AP & TL,210.0,60.0,0.0,260.0,0,1,23.076923076923077,210.0,200-300,20%-30%
Boba Bar,2026-07-29,WK 31,Vijaywada,Swiggy,Snacks,FOFO,AP & TL,556.8,83.2,0.0,620.0,0,2,13.419354838709676,278.4,200-300,10%-20%
Boba Bar,2026-07-29,WK 31,Vijaywada,Zomato,Lunch,FOFO,AP & TL,169.0,0.0,8.46,159.0,0,1,0.0,169.0,100-200,0%
Boba Bar,2026-07-29,WK 31,Vijaywada,Zomato,Snacks,FOFO,AP & TL,459.0,40.0,22.94,479.0,0,1,8.350730688935283,459.0,400-500,1%-10%
Boba Bar,2026-07-29,WK 31,Vimannagar,Swiggy,Dinner,FOFO,MH,210.0,0.0,0.0,190.0,0,1,0.0,210.0,200-300,0%
Boba Bar,2026-07-29,WK 31,Vimannagar,Zomato,Dinner,FOFO,MH,290.0,0.0,14.5,280.0,0,1,0.0,290.0,200-300,0%
Boba Bar,2026-07-29,WK 31,Virar,Swiggy,Dinner,COCO,MH,158.0,160.0,0.0,318.0,0,1,50.314465408805034,158.0,100-200,50%-60%
Boba Bar,2026-07-29,WK 31,Yelahanka,Swiggy,Lunch,COCO,KA,198.0,171.0,0.0,349.0,0,1,48.99713467048711,198.0,100-200,40%-50%
Boba Bar,2026-07-29,WK 31,Yelahanka,Zomato,Lunch,COCO,KA,398.5,129.5,19.92,518.0,0,1,25.0,398.5,300-400,20%-30%
Boba Bar,2026-07-29,WK 31,Zamin Pallavaram,Swiggy,Snacks,COCO,TN,266.0,64.0,0.0,320.0,0,1,20.0,266.0,200-300,10%-20%
Boba Bar,2026-07-30,WK 31,Akshay Nagar,Swiggy,Late Night,FOFO,KA,237.0,304.0,0.0,541.0,0,2,56.19223659889094,118.5,100-200,50%-60%
Boba Bar,2026-07-30,WK 31,Akshay Nagar,Swiggy,Snacks,FOFO,KA,262.0,28.0,0.0,280.0,0,1,10.0,262.0,200-300,1%-10%
Boba Bar,2026-07-30,WK 31,Alwarpet,Swiggy,Dinner,COCO,TN,200.0,0.0,0.0,190.0,0,1,0.0,200.0,100-200,0%
Boba Bar,2026-07-30,WK 31,Ananth Nagar,Zomato,Lunch,COCO,KA,300.0,260.0,15.0,540.0,0,1,48.148148148148145,300.0,200-300,40%-50%
Boba Bar,2026-07-30,WK 31,Aurangabad- 1,Ownly,Dinner,FOFO,MH,190.0,0.0,9.5,190.0,0,1,0.0,190.0,100-200,0%
Boba Bar,2026-07-30,WK 31,Avadi,Swiggy,Dinner,FOFO,TN,310.0,0.0,0.0,300.0,0,1,0.0,310.0,300-400,0%
Boba Bar,2026-07-30,WK 31,BTM Layout,Swiggy,Dinner,COCO,KA,69.0,61.0,0.0,130.0,0,1,46.92307692307692,69.0,0-100,40%-50%
Boba Bar,2026-07-30,WK 31,BTM Layout,Swiggy,Late Night,COCO,KA,139.0,61.0,0.0,190.0,0,1,32.10526315789474,139.0,100-200,30%-40%
Boba Bar,2026-07-30,WK 31,Badlapur,Swiggy,Dinner,COCO,MH,238.0,224.32999999999998,0.0,462.33,0,2,48.521618757164795,119.0,100-200,40%-50%
Boba Bar,2026-07-30,WK 31,Badlapur,Zomato,Dinner,COCO,MH,361.7,190.3,18.08,532.0,0,1,35.77067669172933,361.7,300-400,30%-40%
Boba Bar,2026-07-30,WK 31,Baner Road - Pune,Swiggy,Snacks,COCO,MH,813.11,57.89,0.0,841.0,0,2,6.88347205707491,406.555,400-500,1%-10%
Boba Bar,2026-07-30,WK 31,Baner Road - Pune,Zomato,Dinner,COCO,MH,129.25,39.75,6.46,159.0,0,1,25.0,129.25,100-200,20%-30%
Boba Bar,2026-07-30,WK 31,Baner Road - Pune,Zomato,Snacks,COCO,MH,244.75,25.25,12.24,260.0,0,1,9.711538461538462,244.75,200-300,1%-10%
Boba Bar,2026-07-30,WK 31,Basaveshwarnagar,Swiggy,Dinner,COCO,KA,258.0,91.0,0.0,339.0,0,1,26.843657817109147,258.0,200-300,20%-30%
Boba Bar,2026-07-30,WK 31,Basaveshwarnagar,Swiggy,Snacks,COCO,KA,158.0,160.0,0.0,318.0,0,1,50.314465408805034,158.0,100-200,50%-60%
Boba Bar,2026-07-30,WK 31,Bel Road,Zomato,Dinner,COCO,KA,107.5,32.5,5.38,130.0,0,1,25.0,107.5,100-200,20%-30%
Boba Bar,2026-07-30,WK 31,Besant Nagar,Swiggy,Dinner,COCO,TN,227.0,64.0,0.0,281.0,0,1,22.77580071174377,227.0,200-300,20%-30%
Boba Bar,2026-07-30,WK 31,Besant Nagar,Swiggy,Lunch,COCO,TN,327.0,273.0,0.0,570.0,0,1,47.89473684210526,327.0,300-400,40%-50%
Boba Bar,2026-07-30,WK 31,Besant Nagar,Zomato,Late Night,COCO,TN,257.5,142.5,12.88,380.0,0,1,37.5,257.5,200-300,30%-40%
Boba Bar,2026-07-30,WK 31,Bhubaneswar,Swiggy,Snacks,FOFO,ROI,430.0,0.0,0.0,410.0,0,1,0.0,430.0,400-500,0%
Boba Bar,2026-07-30,WK 31,Byculla,Swiggy,Dinner,COCO,MH,257.0,152.0,0.0,409.0,0,1,37.163814180929094,257.0,200-300,30%-40%
Boba Bar,2026-07-30,WK 31,Byculla,Swiggy,Late Night,COCO,MH,188.0,152.0,0.0,320.0,0,1,47.5,188.0,100-200,40%-50%
Boba Bar,2026-07-30,WK 31,Channasandra,Swiggy,Dinner,COCO,KA,468.0,422.0,0.0,870.0,0,2,48.50574712643678,234.0,200-300,40%-50%
Boba Bar,2026-07-30,WK 31,Channasandra,Swiggy,Lunch,COCO,KA,69.0,61.0,0.0,130.0,0,1,46.92307692307692,69.0,0-100,40%-50%
Boba Bar,2026-07-30,WK 31,Chikkabellandur,In Store,Lunch,FOFO,KA,249.0,0.0,12.46,249.0,0,1,0.0,249.0,200-300,0%
Boba Bar,2026-07-30,WK 31,Electronic city,Swiggy,Dinner,FOFO,KA,257.0,248.32999999999998,0.0,505.33000000000004,0,2,49.14214473710248,128.5,100-200,40%-50%
Boba Bar,2026-07-30,WK 31,Electronic city,Swiggy,Late Night,FOFO,KA,158.0,62.0,0.0,220.0,0,1,28.18181818181818,158.0,100-200,20%-30%
Boba Bar,2026-07-30,WK 31,Electronic city,Swiggy,Lunch,FOFO,KA,218.0,182.0,0.0,380.0,0,1,47.89473684210526,218.0,200-300,40%-50%
Boba Bar,2026-07-30,WK 31,Erode,Swiggy,Breakfast,COCO,TN,290.0,270.0,0.0,540.0,0,1,50.0,290.0,200-300,40%-50%
Boba Bar,2026-07-30,WK 31,Erode,Swiggy,Dinner,COCO,TN,667.0,583.0,0.0,1200.0,0,3,48.583333333333336,222.33333333333334,200-300,40%-50%
Boba Bar,2026-07-30,WK 31,Erode,Swiggy,Snacks,COCO,TN,198.0,91.0,0.0,279.0,0,1,32.61648745519714,198.0,100-200,30%-40%
Boba Bar,2026-07-30,WK 31,Erode,Zomato,Dinner,COCO,TN,398.5,129.5,19.92,518.0,0,1,25.0,398.5,300-400,20%-30%
Boba Bar,2026-07-30,WK 31,Express Avenue Mall,Swiggy,Dinner,COCO,TN,372.01,39.99,0.0,392.0,0,1,10.201530612244898,372.01,300-400,10%-20%
Boba Bar,2026-07-30,WK 31,Express Avenue Mall,Swiggy,Snacks,COCO,TN,230.0,60.0,0.0,280.0,0,1,21.428571428571427,230.0,200-300,20%-30%
Boba Bar,2026-07-30,WK 31,Express Avenue Mall,Zomato,Late Night,COCO,TN,262.48,27.52,13.12,280.0,0,1,9.828571428571427,262.48,200-300,1%-10%
Boba Bar,2026-07-30,WK 31,Guduvanchery,Swiggy,Dinner,COCO,TN,477.01,395.84,0.0,832.85,0,2,47.52836645254247,238.505,200-300,40%-50%
Boba Bar,2026-07-30,WK 31,Hinjewadi,Swiggy,Late Night,COCO,MH,168.0,141.0,0.0,289.0,0,1,48.78892733564014,168.0,100-200,40%-50%
Boba Bar,2026-07-30,WK 31,Hinjewadi Phase 3,Swiggy,Snacks,COCO,MH,258.0,222.0,0.0,450.0,0,1,49.333333333333336,258.0,200-300,40%-50%
Boba Bar,2026-07-30,WK 31,Indiranagar - CK,Swiggy,Dinner,COCO,KA,345.0,155.0,0.0,470.0,0,1,32.97872340425532,345.0,300-400,30%-40%
Boba Bar,2026-07-30,WK 31,Indiranagar - CK,Swiggy,Snacks,COCO,KA,950.0,771.0,0.0,1621.0,0,2,47.56323257248612,475.0,400-500,40%-50%
Boba Bar,2026-07-30,WK 31,Indiranagar - CK,Zomato,Dinner,COCO,KA,265.44,24.56,13.28,280.0,0,1,8.77142857142857,265.44,200-300,1%-10%
Boba Bar,2026-07-30,WK 31,Jamshedpur,Swiggy,Lunch,FOFO,ROI,225.0,75.0,0.0,290.0,0,1,25.862068965517242,225.0,200-300,20%-30%
Boba Bar,2026-07-30,WK 31,Kakkanad,Swiggy,Dinner,COCO,Kerela,287.0,243.0,0.0,510.0,0,2,47.647058823529406,143.5,100-200,40%-50%
Boba Bar,2026-07-30,WK 31,Kammanhalli,Ownly,Dinner,COCO,KA,188.0,0.0,9.4,188.0,0,1,0.0,188.0,100-200,0%
Boba Bar,2026-07-30,WK 31,Kammanhalli,Ownly,Late Night,COCO,KA,111.0,0.0,5.56,111.0,0,1,0.0,111.0,100-200,0%
Boba Bar,2026-07-30,WK 31,Kammanhalli,Swiggy,Dinner,COCO,KA,89.0,80.0,0.0,159.0,0,1,50.314465408805034,89.0,0-100,50%-60%
Boba Bar,2026-07-30,WK 31,Kanakapura,Ownly,Snacks,COCO,KA,376.0,0.0,18.8,376.0,0,1,0.0,376.0,300-400,0%
Boba Bar,2026-07-30,WK 31,Kanakapura,Zomato,Snacks,COCO,KA,208.81,20.19,10.44,219.0,0,1,9.219178082191782,208.81,200-300,1%-10%
Boba Bar,2026-07-30,WK 31,Kolathur,Swiggy,Dinner,COCO,TN,924.0,398.0,0.0,1262.0,0,3,31.537242472266243,308.0,300-400,30%-40%
Boba Bar,2026-07-30,WK 31,Kolathur,Swiggy,Late Night,COCO,TN,657.0,122.0,0.0,759.0,0,2,16.073781291172594,328.5,300-400,10%-20%
Boba Bar,2026-07-30,WK 31,Kondhwa,Swiggy,Dinner,FOFO,MH,578.0,2.0,0.0,580.0,0,1,0.3448275862068966,578.0,500-600,1%-10%
Boba Bar,2026-07-30,WK 31,Koramangala,Swiggy,Dinner,COCO,KA,290.0,0.0,0.0,280.0,0,1,0.0,290.0,200-300,0%
Boba Bar,2026-07-30,WK 31,Koramangala,Swiggy,Late Night,COCO,KA,178.0,83.0,0.0,261.0,0,1,31.800766283524908,178.0,100-200,30%-40%
Boba Bar,2026-07-30,WK 31,Lokhandwala,Swiggy,Dinner,COCO,MH,496.0,444.0,0.0,900.0,0,1,49.333333333333336,496.0,400-500,40%-50%
Boba Bar,2026-07-30,WK 31,Lokhandwala,Zomato,Dinner,COCO,MH,280.0,260.0,14.0,520.0,0,1,50.0,280.0,200-300,40%-50%
Boba Bar,2026-07-30,WK 31,Malleswaram,Zomato,Dinner,FOFO,KA,465.0,125.0,23.26,570.0,0,1,21.929824561403507,465.0,400-500,20%-30%
Boba Bar,2026-07-30,WK 31,Manipal,Swiggy,Breakfast,COCO,KA,188.0,152.0,0.0,320.0,0,1,47.5,188.0,100-200,40%-50%
Boba Bar,2026-07-30,WK 31,Manipal,Swiggy,Dinner,COCO,KA,1223.0,476.0,0.0,1619.0,0,4,29.40086473131563,305.75,300-400,20%-30%
Boba Bar,2026-07-30,WK 31,Manipal,Zomato,Dinner,COCO,KA,780.5,190.5,39.04,931.0,0,1,20.461868958109562,780.5,600-900,20%-30%
Boba Bar,2026-07-30,WK 31,Mira Road,Swiggy,Closing,COCO,MH,100.0,126.66,0.0,226.66,0,1,55.88105532515662,100.0,0-100,50%-60%
Boba Bar,2026-07-30,WK 31,Mira Road,Swiggy,Dinner,COCO,MH,100.0,126.66,0.0,226.66,0,1,55.88105532515662,100.0,0-100,50%-60%
Boba Bar,2026-07-30,WK 31,Mira Road,Swiggy,Late Night,COCO,MH,319.0,199.0,0.0,518.0,0,1,38.41698841698842,319.0,300-400,30%-40%
Boba Bar,2026-07-30,WK 31,Mira Road,Swiggy,Snacks,COCO,MH,100.0,126.66,0.0,226.66,0,1,55.88105532515662,100.0,0-100,50%-60%
Boba Bar,2026-07-30,WK 31,Mira Road,Zomato,Late Night,COCO,MH,485.0,215.0,24.26,670.0,0,1,32.08955223880597,485.0,400-500,30%-40%
Boba Bar,2026-07-30,WK 31,Mogappair,Swiggy,Dinner,COCO,TN,109.0,91.0,0.0,190.0,0,1,47.89473684210526,109.0,100-200,40%-50%
Boba Bar,2026-07-30,WK 31,Mogappair,Swiggy,Late Night,COCO,TN,406.0,322.0,0.0,698.0,0,2,46.13180515759313,203.0,200-300,40%-50%
Boba Bar,2026-07-30,WK 31,Mogappair,Swiggy,Lunch,COCO,TN,660.01,287.15999999999997,0.0,907.17,0,2,31.654485928767485,330.005,300-400,30%-40%
Boba Bar,2026-07-30,WK 31,Mogappair,Swiggy,Snacks,COCO,TN,300.0,0.0,0.0,290.0,0,1,0.0,300.0,200-300,0%
Boba Bar,2026-07-30,WK 31,Mogappair,Zomato,Dinner,COCO,TN,317.0,225.0,15.86,522.0,0,1,43.103448275862064,317.0,300-400,40%-50%
Boba Bar,2026-07-30,WK 31,Mudichur,Zomato,Dinner,COCO,TN,274.5,95.5,13.74,350.0,0,1,27.285714285714285,274.5,200-300,20%-30%
Boba Bar,2026-07-30,WK 31,Nagavara,Swiggy,Dinner,COCO,KA,150.01,199.5,0.0,349.51,0,1,57.07991187662728,150.01,100-200,50%-60%
Boba Bar,2026-07-30,WK 31,Nagavara,Swiggy,Snacks,COCO,KA,552.01,59.99,0.0,592.0,0,1,10.133445945945946,552.01,500-600,10%-20%
Boba Bar,2026-07-30,WK 31,Nalanchira,Swiggy,Breakfast,FOFO,Kerela,300.0,0.0,0.0,290.0,0,1,0.0,300.0,200-300,0%
Boba Bar,2026-07-30,WK 31,OMR,Swiggy,Lunch,COCO,TN,538.0,491.0,0.0,989.0,0,2,49.646107178968656,269.0,200-300,40%-50%
Boba Bar,2026-07-30,WK 31,OMR,Zomato,Dinner,COCO,TN,366.0,225.0,18.3,571.0,0,1,39.404553415061294,366.0,300-400,30%-40%
Boba Bar,2026-07-30,WK 31,OMR,Zomato,Snacks,COCO,TN,214.78,55.22,10.74,260.0,0,1,21.23846153846154,214.78,200-300,20%-30%
Boba Bar,2026-07-30,WK 31,Pallikaranai,Swiggy,Dinner,COCO,TN,1072.0,428.0,0.0,1430.0,0,3,29.93006993006993,357.3333333333333,300-400,20%-30%
Boba Bar,2026-07-30,WK 31,Pallikaranai,Swiggy,Late Night,COCO,TN,276.0,315.0,0.0,571.0,0,2,55.166374781085814,138.0,100-200,50%-60%
Boba Bar,2026-07-30,WK 31,Pallikaranai,Zomato,Late Night,COCO,TN,135.0,125.0,6.76,250.0,0,1,50.0,135.0,100-200,40%-50%
Boba Bar,2026-07-30,WK 31,Perambur - CK,Swiggy,Late Night,COCO,TN,158.0,162.0,0.0,300.0,0,1,54.0,158.0,100-200,50%-60%
Boba Bar,2026-07-30,WK 31,Poonamalle,Swiggy,Dinner,FOFO,TN,540.0,60.0,0.0,580.0,0,1,10.344827586206897,540.0,500-600,10%-20%
Boba Bar,2026-07-30,WK 31,Ravipuram,Swiggy,Breakfast,COCO,Kerela,139.0,131.0,0.0,260.0,0,1,50.38461538461539,139.0,100-200,50%-60%
Boba Bar,2026-07-30,WK 31,Ravipuram,Swiggy,Dinner,COCO,Kerela,719.86,253.32,0.0,923.18,0,2,27.439935873827427,359.93,300-400,20%-30%
Boba Bar,2026-07-30,WK 31,Ravipuram,Swiggy,Late Night,COCO,Kerela,237.0,202.0,0.0,419.0,0,2,48.21002386634845,118.5,100-200,40%-50%
Boba Bar,2026-07-30,WK 31,Ravipuram,Swiggy,Snacks,COCO,Kerela,89.0,80.0,0.0,159.0,0,1,50.314465408805034,89.0,0-100,50%-60%
Boba Bar,2026-07-30,WK 31,Ravipuram,Zomato,Lunch,COCO,Kerela,286.0,225.0,14.3,501.0,0,1,44.91017964071856,286.0,200-300,40%-50%
Boba Bar,2026-07-30,WK 31,SEAWOOD,Swiggy,Late Night,COCO,MH,507.02,324.49,0.0,801.51,0,2,40.48483487417499,253.51,200-300,40%-50%
Boba Bar,2026-07-30,WK 31,SEAWOOD,Swiggy,Snacks,COCO,MH,150.0,189.99,0.0,339.99,0,1,55.88105532515662,150.0,100-200,50%-60%
Boba Bar,2026-07-30,WK 31,Salem,Swiggy,Dinner,FOFO,TN,542.0,0.0,0.0,522.0,0,1,0.0,542.0,500-600,0%
Boba Bar,2026-07-30,WK 31,Sarjapur Road,Swiggy,Dinner,COCO,KA,260.0,40.0,0.0,290.0,0,1,13.793103448275861,260.0,200-300,10%-20%
Boba Bar,2026-07-30,WK 31,Sarjapur Road,Swiggy,Snacks,COCO,KA,309.0,177.0,0.0,486.0,0,2,36.41975308641975,154.5,100-200,30%-40%
Boba Bar,2026-07-30,WK 31,Selaiyur,Swiggy,Dinner,FOFO,TN,109.0,181.0,0.0,280.0,0,1,64.64285714285715,109.0,100-200,60%-70%
Boba Bar,2026-07-30,WK 31,Selaiyur,Swiggy,Late Night,FOFO,TN,309.0,91.0,0.0,380.0,0,2,23.94736842105263,154.5,100-200,20%-30%
Boba Bar,2026-07-30,WK 31,Silchar,Zomato,Dinner,FOFO,ROI,870.0,0.0,43.5,840.0,0,1,0.0,870.0,600-900,0%
Boba Bar,2026-07-30,WK 31,Sinhagad,Zomato,Dinner,COCO,MH,495.95,305.05,24.82,771.0,0,2,39.565499351491574,247.975,200-300,30%-40%
Boba Bar,2026-07-30,WK 31,Tata Sherwood,Ownly,Dinner,COCO,KA,327.0,0.0,16.36,327.0,0,2,0.0,163.5,100-200,0%
Boba Bar,2026-07-30,WK 31,Tata Sherwood,Swiggy,Late Night,COCO,KA,218.0,183.0,0.0,381.0,0,1,48.031496062992126,218.0,200-300,40%-50%
Boba Bar,2026-07-30,WK 31,Tata Sherwood,Swiggy,Snacks,COCO,KA,941.0,60.0,0.0,971.0,0,2,6.179196704428424,470.5,400-500,1%-10%
Boba Bar,2026-07-30,WK 31,Thakur Village,Swiggy,Dinner,COCO,MH,159.0,91.0,0.0,250.0,0,1,36.4,159.0,100-200,30%-40%
Boba Bar,2026-07-30,WK 31,Thakur Village,Swiggy,Lunch,COCO,MH,230.0,60.0,0.0,280.0,0,1,21.428571428571427,230.0,200-300,20%-30%
Boba Bar,2026-07-30,WK 31,Thiruvalla,Swiggy,Dinner,COCO,Kerela,414.0,224.0,0.0,608.0,0,2,36.84210526315789,207.0,200-300,30%-40%
Boba Bar,2026-07-30,WK 31,Thiruvalla,Swiggy,Lunch,COCO,Kerela,809.0,131.0,0.0,910.0,0,2,14.395604395604394,404.5,400-500,10%-20%
Boba Bar,2026-07-30,WK 31,Thiruvalla,Zomato,Snacks,COCO,Kerela,300.0,260.0,15.0,540.0,0,1,48.148148148148145,300.0,200-300,40%-50%
Boba Bar,2026-07-30,WK 31,Thiruvananthpuram,Swiggy,Snacks,FOFO,Kerela,370.0,0.0,0.0,360.0,0,1,0.0,370.0,300-400,0%
Boba Bar,2026-07-30,WK 31,Vadapalani,Swiggy,Breakfast,FOFO,TN,527.35,444.65,0.0,942.0,0,2,47.202760084925686,263.675,200-300,40%-50%
Boba Bar,2026-07-30,WK 31,Vadapalani,Swiggy,Snacks,FOFO,TN,217.1,93.9,0.0,301.0,0,1,31.196013289036546,217.1,200-300,30%-40%
Boba Bar,2026-07-30,WK 31,Valsarvakkam,Swiggy,Dinner,COCO,TN,1124.0,338.0,0.0,1412.0,0,4,23.937677053824363,281.0,200-300,20%-30%
Boba Bar,2026-07-30,WK 31,Valsarvakkam,Swiggy,Lunch,COCO,TN,654.0,547.0,0.0,1141.0,0,2,47.94040315512708,327.0,300-400,40%-50%
Boba Bar,2026-07-30,WK 31,Vellore,Swiggy,Dinner,COCO,TN,902.0,811.33,0.0,1623.33,0,3,49.97936340731706,300.6666666666667,300-400,40%-50%
Boba Bar,2026-07-30,WK 31,Vellore,Swiggy,Lunch,COCO,TN,799.02,354.83,0.0,1103.85,0,1,32.14476604611134,799.02,600-900,30%-40%
Boba Bar,2026-07-30,WK 31,Vijaywada,Swiggy,Late Night,FOFO,AP & TL,250.0,40.0,0.0,280.0,0,1,14.285714285714285,250.0,200-300,10%-20%
Boba Bar,2026-07-30,WK 31,Vijaywada,Swiggy,Lunch,FOFO,AP & TL,759.0,57.0,0.0,806.0,0,2,7.07196029776675,379.5,300-400,1%-10%
Boba Bar,2026-07-30,WK 31,Vijaywada,Swiggy,Snacks,FOFO,AP & TL,532.0,64.0,0.0,576.0,0,2,11.11111111111111,266.0,200-300,10%-20%
Boba Bar,2026-07-30,WK 31,Vijaywada,Zomato,Breakfast,FOFO,AP & TL,140.0,0.0,7.0,130.0,0,1,0.0,140.0,100-200,0%
Boba Bar,2026-07-30,WK 31,Vijaywada,Zomato,Dinner,FOFO,AP & TL,610.0,100.0,30.5,690.0,0,1,14.492753623188406,610.0,600-900,10%-20%
Boba Bar,2026-07-30,WK 31,Virar,Swiggy,Dinner,COCO,MH,268.0,245.32999999999998,0.0,493.33,0,2,49.729390063446374,134.0,100-200,40%-50%
Boba Bar,2026-07-30,WK 31,Virar,Swiggy,Lunch,COCO,MH,69.0,61.0,0.0,130.0,0,1,46.92307692307692,69.0,0-100,40%-50%
Boba Bar,2026-07-30,WK 31,Wagholi - CF CK,Zomato,Late Night,COCO,MH,141.0,0.0,7.06,131.0,0,1,0.0,141.0,100-200,0%
Boba Bar,2026-07-30,WK 31,Whitefield,Swiggy,Dinner,COCO,KA,139.0,131.0,0.0,260.0,0,1,50.38461538461539,139.0,100-200,50%-60%
Boba Bar,2026-07-30,WK 31,Whitefield,Zomato,Snacks,COCO,KA,210.0,190.0,10.5,380.0,0,1,50.0,210.0,200-300,40%-50%
Boba Bar,2026-07-30,WK 31,Yelahanka,Swiggy,Dinner,COCO,KA,900.01,120.99,0.0,981.0,0,2,12.333333333333332,450.005,400-500,10%-20%
Boba Bar,2026-07-30,WK 31,Zamin Pallavaram,Swiggy,Snacks,COCO,TN,109.0,92.0,0.0,191.0,0,1,48.167539267015705,109.0,100-200,40%-50%
Frozen Bottle,2026-07-29,WK 31,AECS Layout,In Store,Dinner,COCO,KA,4803.23,654.74,240.34,5457.97,0,33,11.996035155927936,145.55242424242422,100-200,10%-20%
Frozen Bottle,2026-07-29,WK 31,AECS Layout,In Store,Late Night,COCO,KA,79.0,0.0,3.96,79.0,0,1,0.0,79.0,0-100,0%
Frozen Bottle,2026-07-29,WK 31,AECS Layout,In Store,Lunch,COCO,KA,773.66,452.34000000000003,38.7,1226.0,0,9,36.89559543230017,85.96222222222222,0-100,30%-40%
Frozen Bottle,2026-07-29,WK 31,AECS Layout,In Store,Snacks,COCO,KA,2078.12,336.4,103.94,2414.52,0,15,13.9323757931183,138.5413333333333,100-200,10%-20%
Frozen Bottle,2026-07-29,WK 31,AECS Layout,Ownly,Dinner,COCO,KA,202.0,0.0,10.1,202.0,0,1,0.0,202.0,200-300,0%
Frozen Bottle,2026-07-29,WK 31,AECS Layout,Swiggy,Breakfast,COCO,KA,400.0,242.0,0.0,622.0,0,1,38.90675241157556,400.0,300-400,30%-40%
Frozen Bottle,2026-07-29,WK 31,AECS Layout,Swiggy,Dinner,COCO,KA,3195.0,1862.66,0.0,4897.66,0,16,38.03163143215332,199.6875,100-200,30%-40%
Frozen Bottle,2026-07-29,WK 31,AECS Layout,Swiggy,Late Night,COCO,KA,742.0,474.0,0.0,1176.0,0,4,40.30612244897959,185.5,100-200,40%-50%
Frozen Bottle,2026-07-29,WK 31,AECS Layout,Swiggy,Lunch,COCO,KA,1235.8600000000001,879.84,0.0,2025.7,0,5,43.4338747099768,247.17200000000003,200-300,40%-50%
Frozen Bottle,2026-07-29,WK 31,AECS Layout,Swiggy,Snacks,COCO,KA,674.0,466.0,0.0,1100.0,0,4,42.36363636363637,168.5,100-200,40%-50%
Frozen Bottle,2026-07-29,WK 31,AECS Layout,Zomato,Dinner,COCO,KA,846.5,762.53,42.379999999999995,1549.03,0,2,49.226290000839235,423.25,400-500,40%-50%
Frozen Bottle,2026-07-29,WK 31,AECS Layout,Zomato,Late Night,COCO,KA,833.62,557.23,41.7,1340.85,0,3,41.55796696125593,277.87333333333333,200-300,40%-50%
Frozen Bottle,2026-07-29,WK 31,AECS Layout,Zomato,Lunch,COCO,KA,557.0,453.0,27.88,980.0,0,3,46.224489795918366,185.66666666666666,100-200,40%-50%
Frozen Bottle,2026-07-29,WK 31,Adoor,In Store,Dinner,FOFO,Kerela,1918.0,0.0,95.94,1918.0,0,6,0.0,319.6666666666667,300-400,0%
Frozen Bottle,2026-07-29,WK 31,Adoor,In Store,Lunch,FOFO,Kerela,577.0,0.0,28.86,577.0,0,2,0.0,288.5,200-300,0%
Frozen Bottle,2026-07-29,WK 31,Adoor,In Store,Snacks,FOFO,Kerela,69.0,0.0,3.46,69.0,0,1,0.0,69.0,0-100,0%
Frozen Bottle,2026-07-29,WK 31,Adoor,Swiggy,Dinner,FOFO,Kerela,1309.0,0.0,0.0,1259.0,0,2,0.0,654.5,600-900,0%
Frozen Bottle,2026-07-29,WK 31,Adoor,Swiggy,Snacks,FOFO,Kerela,209.0,0.0,0.0,199.0,0,1,0.0,209.0,200-300,0%
Frozen Bottle,2026-07-29,WK 31,Adoor,Zomato,Dinner,FOFO,Kerela,420.0,0.0,21.0,400.0,0,1,0.0,420.0,400-500,0%
Frozen Bottle,2026-07-29,WK 31,Adoor,Zomato,Lunch,FOFO,Kerela,209.0,0.0,10.46,199.0,0,1,0.0,209.0,200-300,0%
Frozen Bottle,2026-07-29,WK 31,Agra,In Store,Dinner,FOFO,ROI,1620.0,0.0,81.0,1620.0,0,4,0.0,405.0,400-500,0%
Frozen Bottle,2026-07-29,WK 31,Agra,In Store,Lunch,FOFO,ROI,249.0,0.0,12.46,249.0,0,1,0.0,249.0,200-300,0%
Frozen Bottle,2026-07-29,WK 31,Agra,Zomato,Dinner,FOFO,ROI,274.0,66.0,13.7,330.0,0,1,20.0,274.0,200-300,10%-20%
Frozen Bottle,2026-07-29,WK 31,Akshay Nagar,In Store,Dinner,FOFO,KA,108.46000000000001,0.0,5.4399999999999995,108.46000000000001,0,4,0.0,27.115000000000002,0-100,0%
Frozen Bottle,2026-07-29,WK 31,Akshay Nagar,In Store,Late Night,FOFO,KA,78.0,0.0,3.92,78.0,0,2,0.0,39.0,0-100,0%
Frozen Bottle,2026-07-29,WK 31,Akshay Nagar,Swiggy,Dinner,FOFO,KA,886.0,229.0,0.0,1065.0,0,2,21.502347417840376,443.0,400-500,20%-30%
Frozen Bottle,2026-07-29,WK 31,Akshay Nagar,Swiggy,Snacks,FOFO,KA,823.0,0.0,0.0,793.0,0,2,0.0,411.5,400-500,0%
Frozen Bottle,2026-07-29,WK 31,Akshay Nagar,Zomato,Dinner,FOFO,KA,2113.0,209.0,105.7,2242.0,0,7,9.322033898305085,301.85714285714283,300-400,1%-10%
Frozen Bottle,2026-07-29,WK 31,Akshay Nagar,Zomato,Late Night,FOFO,KA,498.0,31.0,24.92,509.0,0,2,6.090373280943026,249.0,200-300,1%-10%
Frozen Bottle,2026-07-29,WK 31,Akshay Nagar,Zomato,Snacks,FOFO,KA,190.0,0.0,9.5,180.0,0,1,0.0,190.0,100-200,0%
Frozen Bottle,2026-07-29,WK 31,Aluva,In Store,Dinner,FOFO,Kerela,189.0,0.0,9.46,189.0,0,1,0.0,189.0,100-200,0%
Frozen Bottle,2026-07-29,WK 31,Aluva,In Store,Lunch,FOFO,Kerela,229.0,0.0,11.46,229.0,0,1,0.0,229.0,200-300,0%
Frozen Bottle,2026-07-29,WK 31,Aluva,In Store,Snacks,FOFO,Kerela,717.0,0.0,35.86,717.0,0,2,0.0,358.5,300-400,0%
Frozen Bottle,2026-07-29,WK 31,Aluva,Swiggy,Dinner,FOFO,Kerela,452.0,0.0,0.0,432.0,0,1,0.0,452.0,400-500,0%
Frozen Bottle,2026-07-29,WK 31,Aluva,Zomato,Dinner,FOFO,Kerela,1299.0,0.0,64.98,1239.0,0,3,0.0,433.0,400-500,0%
Frozen Bottle,2026-07-29,WK 31,Aluva,Zomato,Lunch,FOFO,Kerela,309.0,0.0,15.46,299.0,0,1,0.0,309.0,300-400,0%
Frozen Bottle,2026-07-29,WK 31,Alwarpet,In Store,Lunch,COCO,TN,356.85,397.15,17.84,754.0,0,6,52.672413793103445,59.475,0-100,50%-60%
Frozen Bottle,2026-07-29,WK 31,Alwarpet,Swiggy,Dinner,COCO,TN,3910.45,1092.55,0.0,4853.0,0,7,22.512878631774157,558.6357142857142,500-600,20%-30%
Frozen Bottle,2026-07-29,WK 31,Alwarpet,Swiggy,Late Night,COCO,TN,228.0,112.0,0.0,330.0,0,1,33.939393939393945,228.0,200-300,30%-40%
Frozen Bottle,2026-07-29,WK 31,Alwarpet,Swiggy,Lunch,COCO,TN,827.0,374.0,0.0,1161.0,0,3,32.213608957795,275.6666666666667,200-300,30%-40%
Frozen Bottle,2026-07-29,WK 31,Alwarpet,Swiggy,Snacks,COCO,TN,1532.0,469.0,0.0,1931.0,0,4,24.28793371310202,383.0,300-400,20%-30%
Frozen Bottle,2026-07-29,WK 31,Alwarpet,Zomato,Dinner,COCO,TN,870.0,440.0,43.519999999999996,1270.0,0,4,34.645669291338585,217.5,200-300,30%-40%
Frozen Bottle,2026-07-29,WK 31,Alwarpet,Zomato,Lunch,COCO,TN,414.0,235.0,20.7,629.0,0,2,37.36089030206677,207.0,200-300,30%-40%
Frozen Bottle,2026-07-29,WK 31,Alwarpet,Zomato,Snacks,COCO,TN,430.9,251.1,21.560000000000002,662.0,0,2,37.93051359516616,215.45,200-300,30%-40%
Frozen Bottle,2026-07-29,WK 31,Ambattur,In Store,Dinner,FOFO,TN,2277.0,0.0,113.92,2277.0,0,9,0.0,253.0,200-300,0%
Frozen Bottle,2026-07-29,WK 31,Ambattur,In Store,Lunch,FOFO,TN,319.0,0.0,15.96,319.0,0,1,0.0,319.0,300-400,0%
Frozen Bottle,2026-07-29,WK 31,Ambattur,In Store,Snacks,FOFO,TN,2376.0,0.0,118.82,2376.0,0,7,0.0,339.42857142857144,300-400,0%
Frozen Bottle,2026-07-29,WK 31,Ambattur,Swiggy,Snacks,FOFO,TN,1080.0,0.0,0.0,1040.0,0,4,0.0,270.0,200-300,0%
Frozen Bottle,2026-07-29,WK 31,Ananth Nagar,In Store,Dinner,COCO,KA,687.0,0.0,34.38,687.0,0,3,0.0,229.0,200-300,0%
Frozen Bottle,2026-07-29,WK 31,Ananth Nagar,In Store,Snacks,COCO,KA,875.0,0.0,43.78,875.0,0,3,0.0,291.6666666666667,200-300,0%
Frozen Bottle,2026-07-29,WK 31,Ananth Nagar,Swiggy,Dinner,COCO,KA,387.0,487.33,0.0,844.33,0,1,57.71795388059171,387.0,300-400,50%-60%
Frozen Bottle,2026-07-29,WK 31,Ananth Nagar,Swiggy,Lunch,COCO,KA,119.0,121.0,0.0,230.0,0,1,52.60869565217391,119.0,100-200,50%-60%
Frozen Bottle,2026-07-29,WK 31,Ananth Nagar,Swiggy,Snacks,COCO,KA,653.2,566.8,0.0,1170.0,0,4,48.44444444444444,163.3,100-200,40%-50%
Frozen Bottle,2026-07-29,WK 31,Ananth Nagar,Zomato,Dinner,COCO,KA,511.0,0.0,25.56,491.0,0,1,0.0,511.0,500-600,0%
Frozen Bottle,2026-07-29,WK 31,Ananth Nagar,Zomato,Lunch,COCO,KA,274.5,285.5,13.74,540.0,0,1,52.87037037037037,274.5,200-300,50%-60%
Frozen Bottle,2026-07-29,WK 31,Ananth Nagar,Zomato,Snacks,COCO,KA,579.0,360.0,28.979999999999997,909.0,0,2,39.603960396039604,289.5,200-300,30%-40%
Frozen Bottle,2026-07-29,WK 31,Annanagar,In Store,Dinner,COCO,TN,3651.39,559.61,182.62,4211.0,0,17,13.289242460223225,214.78764705882352,200-300,10%-20%
Frozen Bottle,2026-07-29,WK 31,Annanagar,In Store,Lunch,COCO,TN,710.19,191.31,35.58,901.5,0,10,21.221297836938437,71.019,0-100,20%-30%
Frozen Bottle,2026-07-29,WK 31,Annanagar,In Store,Snacks,COCO,TN,3343.55,1511.45,167.26,4855.0,0,33,31.131822863027807,101.31969696969698,100-200,30%-40%
Frozen Bottle,2026-07-29,WK 31,Annanagar,Swiggy,Dinner,COCO,TN,2876.2,1469.8,0.0,4166.0,0,9,35.280844935189634,319.5777777777778,300-400,30%-40%
Frozen Bottle,2026-07-29,WK 31,Annanagar,Swiggy,Late Night,COCO,TN,236.56,212.44,0.0,429.0,0,2,49.519813519813525,118.28,100-200,40%-50%
Frozen Bottle,2026-07-29,WK 31,Annanagar,Swiggy,Lunch,COCO,TN,1248.0,933.0,0.0,2081.0,0,6,44.83421432003845,208.0,200-300,40%-50%
Frozen Bottle,2026-07-29,WK 31,Annanagar,Swiggy,Snacks,COCO,TN,2588.21,1262.79,13.0,3731.0,0,9,33.84588582149558,287.5788888888889,200-300,30%-40%
Frozen Bottle,2026-07-29,WK 31,Annanagar,Zomato,Dinner,COCO,TN,304.4,244.6,15.24,529.0,0,2,46.23818525519849,152.2,100-200,40%-50%
Frozen Bottle,2026-07-29,WK 31,Annanagar,Zomato,Lunch,COCO,TN,1289.0,1088.0,64.5,2297.0,0,5,47.36612973443622,257.8,200-300,40%-50%
Frozen Bottle,2026-07-29,WK 31,Annanagar,Zomato,Snacks,COCO,TN,822.88,377.12,41.16,1160.0,0,4,32.51034482758621,205.72,200-300,30%-40%
Frozen Bottle,2026-07-29,WK 31,Attibele,In Store,Dinner,FOFO,KA,2030.15,0.0,101.54,2030.15,0,6,0.0,338.35833333333335,300-400,0%
Frozen Bottle,2026-07-29,WK 31,Attibele,In Store,Lunch,FOFO,KA,1012.46,0.0,50.64,1012.46,0,4,0.0,253.115,200-300,0%
Frozen Bottle,2026-07-29,WK 31,Attibele,In Store,Snacks,FOFO,KA,553.0,0.0,27.68,553.0,0,5,0.0,110.6,100-200,0%
Frozen Bottle,2026-07-29,WK 31,Attibele,Swiggy,Dinner,FOFO,KA,120.0,109.0,0.0,229.0,0,1,47.59825327510917,120.0,100-200,40%-50%
Frozen Bottle,2026-07-29,WK 31,Attibele,Zomato,Dinner,FOFO,KA,698.0,350.0,34.94,1008.0,0,4,34.72222222222222,174.5,100-200,30%-40%
Frozen Bottle,2026-07-29,WK 31,Attibele,Zomato,Lunch,FOFO,KA,270.0,50.0,13.5,310.0,0,1,16.129032258064516,270.0,200-300,10%-20%
Frozen Bottle,2026-07-29,WK 31,Attibele,Zomato,Snacks,FOFO,KA,930.0,350.0,46.5,1240.0,0,3,28.225806451612907,310.0,300-400,20%-30%
Frozen Bottle,2026-07-29,WK 31,Aundh,Swiggy,Dinner,FOFO,MH,1455.0,232.0,0.0,1637.0,0,3,14.17226634086744,485.0,400-500,10%-20%
Frozen Bottle,2026-07-29,WK 31,Aundh,Swiggy,Snacks,FOFO,MH,927.81,195.19,0.0,1073.0,0,3,18.191053122087606,309.27,300-400,10%-20%
Frozen Bottle,2026-07-29,WK 31,Aundh,Zomato,Dinner,FOFO,MH,1693.0,0.0,84.66,1653.0,0,1,0.0,1693.0,>900,0%
Frozen Bottle,2026-07-29,WK 31,Aundh,Zomato,Snacks,FOFO,MH,380.0,100.0,19.0,460.0,0,1,21.73913043478261,380.0,300-400,20%-30%
Frozen Bottle,2026-07-29,WK 31,Aurangabad- 1,In Store,Dinner,FOFO,MH,2435.5,0.0,121.78,2435.5,0,8,0.0,304.4375,300-400,0%
Frozen Bottle,2026-07-29,WK 31,Aurangabad- 1,In Store,Lunch,FOFO,MH,1021.5,0.0,51.1,1021.5,0,5,0.0,204.3,200-300,0%
Frozen Bottle,2026-07-29,WK 31,Aurangabad- 1,In Store,Snacks,FOFO,MH,1363.35,0.0,68.22,1363.35,0,8,0.0,170.41875,100-200,0%
Frozen Bottle,2026-07-29,WK 31,Aurangabad- 1,Swiggy,Dinner,FOFO,MH,317.0,83.0,0.0,400.0,0,1,20.75,317.0,300-400,20%-30%
Frozen Bottle,2026-07-29,WK 31,Aurangabad- 1,Zomato,Dinner,FOFO,MH,1668.2,321.8,83.44,1920.0,0,7,16.760416666666668,238.31428571428572,200-300,10%-20%
Frozen Bottle,2026-07-29,WK 31,Aurangabad- 1,Zomato,Late Night,FOFO,MH,350.0,100.0,17.5,430.0,0,2,23.25581395348837,175.0,100-200,20%-30%
Frozen Bottle,2026-07-29,WK 31,Aurangabad- 1,Zomato,Lunch,FOFO,MH,676.6,232.4,33.82,879.0,0,2,26.4391353811149,338.3,300-400,20%-30%
Frozen Bottle,2026-07-29,WK 31,Aurangabad- 1,Zomato,Snacks,FOFO,MH,714.2,135.8,35.72,820.0,0,2,16.5609756097561,357.1,300-400,10%-20%
Frozen Bottle,2026-07-29,WK 31,Avadi,In Store,Dinner,FOFO,TN,3040.0,0.0,152.04000000000002,3040.0,0,11,0.0,276.3636363636364,200-300,0%
Frozen Bottle,2026-07-29,WK 31,Avadi,In Store,Lunch,FOFO,TN,981.0,0.0,49.08,981.0,0,3,0.0,327.0,300-400,0%
Frozen Bottle,2026-07-29,WK 31,Avadi,In Store,Snacks,FOFO,TN,2931.73,0.0,146.64,2931.73,0,13,0.0,225.5176923076923,200-300,0%
Frozen Bottle,2026-07-29,WK 31,Avadi,Swiggy,Dinner,FOFO,TN,1232.0,0.0,0.0,1192.0,0,3,0.0,410.6666666666667,400-500,0%
Frozen Bottle,2026-07-29,WK 31,Avadi,Swiggy,Lunch,FOFO,TN,454.33,0.0,0.0,434.33,0,1,0.0,454.33,400-500,0%
Frozen Bottle,2026-07-29,WK 31,Avadi,Swiggy,Snacks,FOFO,TN,1081.0,0.0,0.0,1051.0,0,2,0.0,540.5,500-600,0%
Frozen Bottle,2026-07-29,WK 31,Avadi,Zomato,Dinner,FOFO,TN,1390.0,125.0,69.52,1465.0,0,4,8.532423208191126,347.5,300-400,1%-10%
Frozen Bottle,2026-07-29,WK 31,Avadi,Zomato,Lunch,FOFO,TN,826.0,230.0,41.32,1026.0,0,2,22.417153996101362,413.0,400-500,20%-30%
Frozen Bottle,2026-07-29,WK 31,Avadi,Zomato,Snacks,FOFO,TN,1189.0,80.0,59.480000000000004,1229.0,0,3,6.509357200976404,396.3333333333333,300-400,1%-10%
Frozen Bottle,2026-07-29,WK 31,Ayyappa Nagar,In Store,Dinner,FOFO,KA,1430.46,0.0,71.58,1430.46,0,7,0.0,204.35142857142858,200-300,0%
Frozen Bottle,2026-07-29,WK 31,Ayyappa Nagar,In Store,Lunch,FOFO,KA,616.0,0.0,30.82,616.0,0,3,0.0,205.33333333333334,200-300,0%
Frozen Bottle,2026-07-29,WK 31,Ayyappa Nagar,In Store,Snacks,FOFO,KA,859.0,0.0,42.980000000000004,859.0,0,4,0.0,214.75,200-300,0%
Frozen Bottle,2026-07-29,WK 31,Ayyappa Nagar,Swiggy,Dinner,FOFO,KA,439.0,100.0,0.0,519.0,0,1,19.26782273603083,439.0,400-500,10%-20%
Frozen Bottle,2026-07-29,WK 31,Ayyappa Nagar,Swiggy,Late Night,FOFO,KA,1214.01,219.99,0.0,1384.0,0,2,15.895231213872831,607.005,600-900,10%-20%
Frozen Bottle,2026-07-29,WK 31,Ayyappa Nagar,Swiggy,Snacks,FOFO,KA,449.0,100.0,0.0,529.0,0,1,18.90359168241966,449.0,400-500,10%-20%
Frozen Bottle,2026-07-29,WK 31,Ayyappa Nagar,Zomato,Dinner,FOFO,KA,760.0,337.0,38.02,1047.0,0,3,32.18720152817574,253.33333333333334,200-300,30%-40%
Frozen Bottle,2026-07-29,WK 31,Ayyappa Nagar,Zomato,Late Night,FOFO,KA,149.3,59.7,7.46,199.0,0,1,30.0,149.3,100-200,20%-30%
Frozen Bottle,2026-07-29,WK 31,Ayyappa Nagar,Zomato,Snacks,FOFO,KA,408.0,292.0,20.4,680.0,0,2,42.94117647058823,204.0,200-300,40%-50%
Frozen Bottle,2026-07-29,WK 31,BTM Layout,In Store,Dinner,COCO,KA,1569.35,255.7,78.52,1825.05,0,10,14.01057505273828,156.935,100-200,10%-20%
Frozen Bottle,2026-07-29,WK 31,BTM Layout,In Store,Lunch,COCO,KA,723.1,613.13,36.16,1336.23,0,5,45.88506469694588,144.62,100-200,40%-50%
Frozen Bottle,2026-07-29,WK 31,BTM Layout,In Store,Snacks,COCO,KA,430.11,204.89,21.52,635.0,0,3,32.26614173228346,143.37,100-200,30%-40%
Frozen Bottle,2026-07-29,WK 31,BTM Layout,Ownly,Dinner,COCO,KA,754.0,0.0,37.72,754.0,0,3,0.0,251.33333333333334,200-300,0%
Frozen Bottle,2026-07-29,WK 31,BTM Layout,Swiggy,Dinner,COCO,KA,2472.2,1919.13,0.0,4271.33,0,10,44.93050174067562,247.21999999999997,200-300,40%-50%
Frozen Bottle,2026-07-29,WK 31,BTM Layout,Swiggy,Late Night,COCO,KA,3824.8,3105.2,0.0,6700.0,0,19,46.34626865671642,201.30526315789476,200-300,40%-50%
Frozen Bottle,2026-07-29,WK 31,BTM Layout,Swiggy,Lunch,COCO,KA,2395.0,1550.33,0.0,3855.33,0,7,40.21264068186122,342.14285714285717,300-400,40%-50%
Frozen Bottle,2026-07-29,WK 31,BTM Layout,Swiggy,Snacks,COCO,KA,1057.21,543.79,0.0,1551.0,0,4,35.06060606060606,264.3025,200-300,30%-40%
Frozen Bottle,2026-07-29,WK 31,BTM Layout,Zomato,Dinner,COCO,KA,850.0,729.0,42.519999999999996,1539.0,0,3,47.368421052631575,283.3333333333333,200-300,40%-50%
Frozen Bottle,2026-07-29,WK 31,BTM Layout,Zomato,Late Night,COCO,KA,445.0,175.0,22.259999999999998,600.0,0,2,29.166666666666668,222.5,200-300,20%-30%
Frozen Bottle,2026-07-29,WK 31,BTM Layout,Zomato,Lunch,COCO,KA,688.0,413.0,34.4,1061.0,0,3,38.92554194156456,229.33333333333334,200-300,30%-40%
Frozen Bottle,2026-07-29,WK 31,BTM Layout,Zomato,Snacks,COCO,KA,240.0,0.0,12.0,230.0,0,1,0.0,240.0,200-300,0%
Frozen Bottle,2026-07-29,WK 31,Badlapur,In Store,Dinner,COCO,MH,589.87,245.13000000000002,29.48,835.0,0,5,29.356886227544916,117.974,100-200,20%-30%
Frozen Bottle,2026-07-29,WK 31,Badlapur,In Store,Snacks,COCO,MH,447.0,0.0,22.36,447.0,0,2,0.0,223.5,200-300,0%
Frozen Bottle,2026-07-29,WK 31,Badlapur,Swiggy,Dinner,COCO,MH,644.61,664.03,0.0,1268.6399999999999,0,3,52.34187791650902,214.87,200-300,50%-60%
Frozen Bottle,2026-07-29,WK 31,Badlapur,Swiggy,Lunch,COCO,MH,405.56,404.44,0.0,780.0,0,2,51.851282051282055,202.78,200-300,50%-60%
Frozen Bottle,2026-07-29,WK 31,Badlapur,Swiggy,Snacks,COCO,MH,335.2,333.8,0.0,639.0,0,3,52.2378716744914,111.73333333333333,100-200,50%-60%
Frozen Bottle,2026-07-29,WK 31,Badlapur,Zomato,Dinner,COCO,MH,2468.0,1515.0,123.44,3843.0,0,8,39.422326307572206,308.5,300-400,30%-40%
Frozen Bottle,2026-07-29,WK 31,Badlapur,Zomato,Late Night,COCO,MH,1230.0,40.0,61.5,1230.0,0,2,3.2520325203252036,615.0,600-900,1%-10%
Frozen Bottle,2026-07-29,WK 31,Badlapur,Zomato,Lunch,COCO,MH,299.0,100.0,14.96,379.0,0,2,26.385224274406333,149.5,100-200,20%-30%
Frozen Bottle,2026-07-29,WK 31,Badlapur,Zomato,Snacks,COCO,MH,416.5,357.5,20.84,744.0,0,2,48.05107526881721,208.25,200-300,40%-50%
Frozen Bottle,2026-07-29,WK 31,Banashankari,In Store,Dinner,COCO,KA,4614.71,667.45,230.76,5282.16,0,21,12.63592924106805,219.74809523809523,200-300,10%-20%
Frozen Bottle,2026-07-29,WK 31,Banashankari,In Store,Snacks,COCO,KA,621.48,361.52,31.08,983.0,0,6,36.77721261444557,103.58,100-200,30%-40%
Frozen Bottle,2026-07-29,WK 31,Banashankari,Ownly,Dinner,COCO,KA,129.0,0.0,6.46,129.0,0,1,0.0,129.0,100-200,0%
Frozen Bottle,2026-07-29,WK 31,Banashankari,Swiggy,Dinner,COCO,KA,1790.0,934.0,0.0,2624.0,0,8,35.59451219512195,223.75,200-300,30%-40%
Frozen Bottle,2026-07-29,WK 31,Banashankari,Swiggy,Late Night,COCO,KA,1294.0,758.0,0.0,1982.0,0,7,38.24419778002019,184.85714285714286,100-200,30%-40%
Frozen Bottle,2026-07-29,WK 31,Banashankari,Swiggy,Lunch,COCO,KA,1151.0,758.0,0.0,1839.0,0,3,41.21805328983143,383.6666666666667,300-400,40%-50%
Frozen Bottle,2026-07-29,WK 31,Banashankari,Swiggy,Snacks,COCO,KA,1190.0,920.0,0.0,2020.0,0,6,45.54455445544555,198.33333333333334,100-200,40%-50%
Frozen Bottle,2026-07-29,WK 31,Banashankari,Zomato,Dinner,COCO,KA,2290.1,1188.9,114.58,3369.0,0,9,35.28940338379341,254.45555555555555,200-300,30%-40%
Frozen Bottle,2026-07-29,WK 31,Banashankari,Zomato,Late Night,COCO,KA,315.0,255.0,15.76,550.0,0,2,46.36363636363636,157.5,100-200,40%-50%
Frozen Bottle,2026-07-29,WK 31,Banashankari,Zomato,Lunch,COCO,KA,1331.0,939.0,66.6,2190.0,0,4,42.87671232876713,332.75,300-400,40%-50%
Frozen Bottle,2026-07-29,WK 31,Banashankari,Zomato,Snacks,COCO,KA,844.4,380.6,42.22,1175.0,0,3,32.39148936170213,281.46666666666664,200-300,30%-40%
Frozen Bottle,2026-07-29,WK 31,Baner Road - Pune,In Store,Dinner,COCO,MH,2155.32,722.6800000000001,107.8,2878.0,0,9,25.11049339819319,239.48000000000002,200-300,20%-30%
Frozen Bottle,2026-07-29,WK 31,Baner Road - Pune,In Store,Snacks,COCO,MH,367.0,0.0,18.36,367.0,0,2,0.0,183.5,100-200,0%
Frozen Bottle,2026-07-29,WK 31,Baner Road - Pune,Others,Lunch,COCO,MH,1121.0,0.0,56.06,1071.0,0,1,0.0,1121.0,>900,0%
Frozen Bottle,2026-07-29,WK 31,Baner Road - Pune,Others,Snacks,COCO,MH,500.0,0.0,25.0,480.0,0,1,0.0,500.0,400-500,0%
Frozen Bottle,2026-07-29,WK 31,Baner Road - Pune,Swiggy,Breakfast,COCO,MH,238.0,242.0,0.0,460.0,0,1,52.60869565217391,238.0,200-300,50%-60%
Frozen Bottle,2026-07-29,WK 31,Baner Road - Pune,Swiggy,Dinner,COCO,MH,3849.16,2935.84,0.0,6535.0,0,19,44.92486610558531,202.58736842105262,200-300,40%-50%
Frozen Bottle,2026-07-29,WK 31,Baner Road - Pune,Swiggy,Late Night,COCO,MH,1934.56,1374.44,0.0,3169.0,0,8,43.3714105396024,241.82,200-300,40%-50%
Frozen Bottle,2026-07-29,WK 31,Baner Road - Pune,Swiggy,Lunch,COCO,MH,1501.76,1250.24,0.0,2652.0,0,6,47.14328808446456,250.29333333333332,200-300,40%-50%
Frozen Bottle,2026-07-29,WK 31,Baner Road - Pune,Swiggy,Snacks,COCO,MH,129.0,80.0,0.0,199.0,0,1,40.20100502512563,129.0,100-200,40%-50%
Frozen Bottle,2026-07-29,WK 31,Baner Road - Pune,Zomato,Breakfast,COCO,MH,259.0,0.0,12.96,249.0,0,1,0.0,259.0,200-300,0%
Frozen Bottle,2026-07-29,WK 31,Baner Road - Pune,Zomato,Dinner,COCO,MH,1879.7,656.3,94.02000000000001,2446.0,0,7,26.831561733442356,268.5285714285714,200-300,20%-30%
Frozen Bottle,2026-07-29,WK 31,Baner Road - Pune,Zomato,Late Night,COCO,MH,799.0,340.0,39.94,1099.0,0,3,30.937215650591448,266.3333333333333,200-300,30%-40%
Frozen Bottle,2026-07-29,WK 31,Baner Road - Pune,Zomato,Lunch,COCO,MH,325.0,225.0,16.24,530.0,0,1,42.45283018867924,325.0,300-400,40%-50%
Frozen Bottle,2026-07-29,WK 31,Baner Road - Pune,Zomato,Snacks,COCO,MH,1547.0,765.0,77.38,2232.0,0,5,34.274193548387096,309.4,300-400,30%-40%
Frozen Bottle,2026-07-29,WK 31,Banjara Hills,In Store,Dinner,FOFO,AP & TL,209.0,0.0,10.46,209.0,0,1,0.0,209.0,200-300,0%
Frozen Bottle,2026-07-29,WK 31,Banjara Hills,In Store,Lunch,FOFO,AP & TL,1455.05,0.0,72.78,1455.05,0,5,0.0,291.01,200-300,0%
Frozen Bottle,2026-07-29,WK 31,Banjara Hills,In Store,Snacks,FOFO,AP & TL,265.1,0.0,13.280000000000001,265.1,0,4,0.0,66.275,0-100,0%
Frozen Bottle,2026-07-29,WK 31,Banjara Hills,Swiggy,Dinner,FOFO,AP & TL,718.0,0.0,0.0,688.0,0,1,0.0,718.0,600-900,0%
Frozen Bottle,2026-07-29,WK 31,Banjara Hills,Swiggy,Lunch,FOFO,AP & TL,212.0,319.0,0.0,531.0,0,1,60.075329566855,212.0,200-300,60%-70%
Frozen Bottle,2026-07-29,WK 31,Banjara Hills,Zomato,Dinner,FOFO,AP & TL,808.0,281.0,40.42,1049.0,0,2,26.78741658722593,404.0,400-500,20%-30%
Frozen Bottle,2026-07-29,WK 31,Banjara Hills,Zomato,Late Night,FOFO,AP & TL,293.0,125.0,14.64,398.0,0,1,31.4070351758794,293.0,200-300,30%-40%
Frozen Bottle,2026-07-29,WK 31,Banjara Hills,Zomato,Lunch,FOFO,AP & TL,169.2,39.8,8.46,199.0,0,1,20.0,169.2,100-200,10%-20%
Frozen Bottle,2026-07-29,WK 31,Banjara Hills,Zomato,Snacks,FOFO,AP & TL,455.0,134.0,22.759999999999998,559.0,0,3,23.97137745974955,151.66666666666666,100-200,20%-30%
Frozen Bottle,2026-07-29,WK 31,Basaveshwarnagar,In Store,Dinner,COCO,KA,1407.3200000000002,780.68,70.44,2188.0,0,10,35.680073126142595,140.73200000000003,100-200,30%-40%
Frozen Bottle,2026-07-29,WK 31,Basaveshwarnagar,In Store,Lunch,COCO,KA,832.19,201.81,41.620000000000005,1034.0,0,4,19.517408123791103,208.0475,200-300,10%-20%
Frozen Bottle,2026-07-29,WK 31,Basaveshwarnagar,In Store,Snacks,COCO,KA,1129.87,656.5899999999999,56.519999999999996,1786.46,0,7,36.753691658363465,161.41,100-200,30%-40%
Frozen Bottle,2026-07-29,WK 31,Basaveshwarnagar,Ownly,Late Night,COCO,KA,118.0,0.0,5.9,118.0,0,1,0.0,118.0,100-200,0%
Frozen Bottle,2026-07-29,WK 31,Basaveshwarnagar,Ownly,Snacks,COCO,KA,266.0,0.0,13.3,266.0,0,1,0.0,266.0,200-300,0%
Frozen Bottle,2026-07-29,WK 31,Basaveshwarnagar,Swiggy,Dinner,COCO,KA,2333.0,1849.0,0.0,4032.0,0,10,45.85813492063492,233.3,200-300,40%-50%
Frozen Bottle,2026-07-29,WK 31,Basaveshwarnagar,Swiggy,Late Night,COCO,KA,476.0,314.0,0.0,770.0,0,3,40.77922077922078,158.66666666666666,100-200,40%-50%
Frozen Bottle,2026-07-29,WK 31,Basaveshwarnagar,Swiggy,Lunch,COCO,KA,1235.2,791.8,0.0,1947.0,0,4,40.66769388803287,308.8,300-400,40%-50%
Frozen Bottle,2026-07-29,WK 31,Basaveshwarnagar,Swiggy,Snacks,COCO,KA,2157.0,1120.0,0.0,3197.0,0,6,35.03284329058493,359.5,300-400,30%-40%
Frozen Bottle,2026-07-29,WK 31,Basaveshwarnagar,Zomato,Dinner,COCO,KA,1487.5,1582.5,74.38,2970.0,0,5,53.28282828282829,297.5,200-300,50%-60%
Frozen Bottle,2026-07-29,WK 31,Basaveshwarnagar,Zomato,Late Night,COCO,KA,279.0,120.0,13.96,379.0,0,1,31.6622691292876,279.0,200-300,30%-40%
Frozen Bottle,2026-07-29,WK 31,Basaveshwarnagar,Zomato,Lunch,COCO,KA,532.0,588.0,26.619999999999997,1090.0,0,2,53.94495412844037,266.0,200-300,50%-60%
Frozen Bottle,2026-07-29,WK 31,Basaveshwarnagar,Zomato,Snacks,COCO,KA,1576.27,1387.91,78.84,2854.18,0,5,48.62727648571569,315.254,300-400,40%-50%
Frozen Bottle,2026-07-29,WK 31,Bavdhan,In Store,Dinner,FOFO,MH,129.0,0.0,6.46,129.0,0,1,0.0,129.0,100-200,0%
Frozen Bottle,2026-07-29,WK 31,Bavdhan,Swiggy,Dinner,FOFO,MH,804.01,398.99,0.0,1163.0,0,2,34.306964746345656,402.005,400-500,30%-40%
Frozen Bottle,2026-07-29,WK 31,Bavdhan,Swiggy,Lunch,FOFO,MH,638.0,82.0,0.0,710.0,0,2,11.549295774647888,319.0,300-400,10%-20%
Frozen Bottle,2026-07-29,WK 31,Bavdhan,Zomato,Dinner,FOFO,MH,320.0,50.0,16.0,360.0,0,1,13.88888888888889,320.0,300-400,10%-20%
Frozen Bottle,2026-07-29,WK 31,Bavdhan,Zomato,Snacks,FOFO,MH,786.0,125.0,39.32,881.0,0,2,14.188422247446084,393.0,300-400,10%-20%
Frozen Bottle,2026-07-29,WK 31,Bel Road,In Store,Dinner,COCO,KA,1231.1399999999999,454.89,61.6,1686.03,0,11,26.979946976032455,111.92181818181817,100-200,20%-30%
Frozen Bottle,2026-07-29,WK 31,Bel Road,In Store,Late Night,COCO,KA,374.26,0.0,18.72,374.26,0,1,0.0,374.26,300-400,0%
Frozen Bottle,2026-07-29,WK 31,Bel Road,In Store,Lunch,COCO,KA,816.47,221.67000000000002,40.88,1038.1399999999999,0,9,21.35261140115977,90.7188888888889,0-100,20%-30%
Frozen Bottle,2026-07-29,WK 31,Bel Road,In Store,Snacks,COCO,KA,2161.56,576.99,108.11999999999999,2738.55,0,17,21.069178945062166,127.15058823529411,100-200,20%-30%
Frozen Bottle,2026-07-29,WK 31,Bel Road,Ownly,Dinner,COCO,KA,365.0,0.0,18.26,365.0,0,1,0.0,365.0,300-400,0%
Frozen Bottle,2026-07-29,WK 31,Bel Road,Swiggy,Breakfast,COCO,KA,89.2,100.8,0.0,180.0,0,1,55.99999999999999,89.2,0-100,50%-60%
Frozen Bottle,2026-07-29,WK 31,Bel Road,Swiggy,Dinner,COCO,KA,1856.33,1149.0,0.0,2895.33,0,6,39.68459553833242,309.3883333333333,300-400,30%-40%
Frozen Bottle,2026-07-29,WK 31,Bel Road,Swiggy,Late Night,COCO,KA,1145.2,622.8,0.0,1718.0,0,5,36.25145518044237,229.04000000000002,200-300,30%-40%
Frozen Bottle,2026-07-29,WK 31,Bel Road,Swiggy,Lunch,COCO,KA,293.0,143.0,0.0,416.0,0,2,34.375,146.5,100-200,30%-40%
Frozen Bottle,2026-07-29,WK 31,Bel Road,Swiggy,Snacks,COCO,KA,1150.0,0.0,0.0,1110.0,0,1,0.0,1150.0,>900,0%
Frozen Bottle,2026-07-29,WK 31,Bel Road,Zomato,Dinner,COCO,KA,1253.8899999999999,832.11,62.699999999999996,2026.0,0,4,41.0715695952616,313.47249999999997,300-400,40%-50%
Frozen Bottle,2026-07-29,WK 31,Bel Road,Zomato,Late Night,COCO,KA,165.0,155.0,8.26,310.0,0,1,50.0,165.0,100-200,40%-50%
Frozen Bottle,2026-07-29,WK 31,Bel Road,Zomato,Lunch,COCO,KA,931.0,399.0,46.56,1290.0,0,1,30.930232558139537,931.0,>900,30%-40%
Frozen Bottle,2026-07-29,WK 31,Bel Road,Zomato,Snacks,COCO,KA,216.56,23.44,10.82,230.0,0,1,10.191304347826087,216.56,200-300,10%-20%
Frozen Bottle,2026-07-29,WK 31,Berhampur,Swiggy,Lunch,FOFO,ROI,290.0,0.0,0.0,280.0,0,1,0.0,290.0,200-300,0%
Frozen Bottle,2026-07-29,WK 31,Berhampur,Zomato,Dinner,FOFO,ROI,480.0,0.0,24.0,460.0,0,1,0.0,480.0,400-500,0%
Frozen Bottle,2026-07-29,WK 31,Berhampur,Zomato,Snacks,FOFO,ROI,730.0,0.0,36.5,710.0,0,1,0.0,730.0,600-900,0%
Frozen Bottle,2026-07-29,WK 31,Besant Nagar,In Store,Dinner,COCO,TN,2533.0,0.0,126.7,2533.0,0,8,0.0,316.625,300-400,0%
Frozen Bottle,2026-07-29,WK 31,Besant Nagar,In Store,Lunch,COCO,TN,358.0,0.0,17.92,358.0,0,2,0.0,179.0,100-200,0%
Frozen Bottle,2026-07-29,WK 31,Besant Nagar,In Store,Snacks,COCO,TN,1039.41,458.59,51.98,1498.0,0,5,30.613484646194927,207.882,200-300,30%-40%
Frozen Bottle,2026-07-29,WK 31,Besant Nagar,Swiggy,Dinner,COCO,TN,957.0,233.0,0.0,1150.0,0,3,20.26086956521739,319.0,300-400,20%-30%
Frozen Bottle,2026-07-29,WK 31,Besant Nagar,Swiggy,Late Night,COCO,TN,236.0,224.0,0.0,440.0,0,2,50.90909090909091,118.0,100-200,50%-60%
Frozen Bottle,2026-07-29,WK 31,Besant Nagar,Swiggy,Snacks,COCO,TN,366.0,264.0,0.0,610.0,0,2,43.278688524590166,183.0,100-200,40%-50%
Frozen Bottle,2026-07-29,WK 31,Besant Nagar,Zomato,Dinner,COCO,TN,732.0,607.0,36.6,1299.0,0,3,46.72825250192456,244.0,200-300,40%-50%
Frozen Bottle,2026-07-29,WK 31,Besant Nagar,Zomato,Late Night,COCO,TN,690.11,369.89,34.5,1030.0,0,2,35.911650485436894,345.055,300-400,30%-40%
Frozen Bottle,2026-07-29,WK 31,Bhavanipuram,Swiggy,Dinner,FOFO,AP & TL,789.6,599.4,0.0,1339.0,0,5,44.764749813293506,157.92000000000002,100-200,40%-50%
Frozen Bottle,2026-07-29,WK 31,Bhavanipuram,Swiggy,Snacks,FOFO,AP & TL,1088.0,600.0,0.0,1628.0,0,5,36.85503685503686,217.6,200-300,30%-40%
Frozen Bottle,2026-07-29,WK 31,Bhavanipuram,Zomato,Dinner,FOFO,AP & TL,2205.9700000000003,300.0,110.28,2446.0,0,3,12.264922322158627,735.3233333333334,600-900,10%-20%
Frozen Bottle,2026-07-29,WK 31,Bhavanipuram,Zomato,Snacks,FOFO,AP & TL,379.0,300.0,18.98,649.0,0,3,46.22496147919877,126.33333333333333,100-200,40%-50%
Frozen Bottle,2026-07-29,WK 31,Bhubaneswar,In Store,Dinner,FOFO,ROI,864.0,0.0,43.2,864.0,0,3,0.0,288.0,200-300,0%
Frozen Bottle,2026-07-29,WK 31,Bhubaneswar,In Store,Lunch,FOFO,ROI,390.23,0.0,19.52,390.23,0,2,0.0,195.115,100-200,0%
Frozen Bottle,2026-07-29,WK 31,Bhubaneswar,In Store,Snacks,FOFO,ROI,1052.0,0.0,52.620000000000005,1052.0,0,5,0.0,210.4,200-300,0%
Frozen Bottle,2026-07-29,WK 31,Bhubaneswar,Swiggy,Dinner,FOFO,ROI,1789.0,0.0,0.0,1739.0,0,3,0.0,596.3333333333334,500-600,0%
Frozen Bottle,2026-07-29,WK 31,Bhubaneswar,Swiggy,Snacks,FOFO,ROI,608.0,0.0,0.0,578.0,0,2,0.0,304.0,300-400,0%
Frozen Bottle,2026-07-29,WK 31,Bhubaneswar,Zomato,Snacks,FOFO,ROI,740.9,71.1,37.06,782.0,0,2,9.092071611253196,370.45,300-400,1%-10%
Frozen Bottle,2026-07-29,WK 31,Budigere,In Store,Dinner,FOFO,KA,1589.05,0.0,79.46,1589.05,0,5,0.0,317.81,300-400,0%
Frozen Bottle,2026-07-29,WK 31,Budigere,In Store,Snacks,FOFO,KA,1205.0,0.0,60.24,1205.0,0,1,0.0,1205.0,>900,0%
Frozen Bottle,2026-07-29,WK 31,Budigere,Zomato,Snacks,FOFO,KA,1220.0,230.0,61.0,1400.0,0,3,16.428571428571427,406.6666666666667,400-500,10%-20%
Frozen Bottle,2026-07-29,WK 31,Byculla,In Store,Closing,COCO,MH,249.0,0.0,12.46,249.0,0,1,0.0,249.0,200-300,0%
Frozen Bottle,2026-07-29,WK 31,Byculla,In Store,Dinner,COCO,MH,1320.71,732.29,66.12,2053.0,0,16,35.669264490988795,82.544375,0-100,30%-40%
Frozen Bottle,2026-07-29,WK 31,Byculla,In Store,Late Night,COCO,MH,403.55,519.45,20.18,923.0,0,7,56.27843986998917,57.65,0-100,50%-60%
Frozen Bottle,2026-07-29,WK 31,Byculla,In Store,Lunch,COCO,MH,1068.63,915.37,53.46,1984.0,0,5,46.13760080645161,213.72600000000003,200-300,40%-50%
Frozen Bottle,2026-07-29,WK 31,Byculla,Swiggy,Dinner,COCO,MH,736.0,234.0,0.0,930.0,0,2,25.161290322580644,368.0,300-400,20%-30%
Frozen Bottle,2026-07-29,WK 31,Byculla,Swiggy,Late Night,COCO,MH,941.0,745.0,0.0,1616.0,0,4,46.101485148514854,235.25,200-300,40%-50%
Frozen Bottle,2026-07-29,WK 31,Byculla,Swiggy,Lunch,COCO,MH,633.0,425.0,0.0,1028.0,0,3,41.34241245136187,211.0,200-300,40%-50%
Frozen Bottle,2026-07-29,WK 31,Byculla,Swiggy,Snacks,COCO,MH,1584.76,1233.24,0.0,2708.0,0,7,45.54062038404727,226.3942857142857,200-300,40%-50%
Frozen Bottle,2026-07-29,WK 31,Byculla,Zomato,Dinner,COCO,MH,2291.4,1448.6,114.60000000000001,3630.0,0,6,39.90633608815426,381.90000000000003,300-400,30%-40%
Frozen Bottle,2026-07-29,WK 31,Byculla,Zomato,Late Night,COCO,MH,1741.0,519.0,87.08,2180.0,0,6,23.807339449541285,290.1666666666667,200-300,20%-30%
Frozen Bottle,2026-07-29,WK 31,Byculla,Zomato,Lunch,COCO,MH,259.0,225.0,12.96,464.0,0,2,48.491379310344826,129.5,100-200,40%-50%
Frozen Bottle,2026-07-29,WK 31,Byculla,Zomato,Snacks,COCO,MH,2580.8,1101.2,129.08,3572.0,0,5,30.82866741321389,516.1600000000001,500-600,30%-40%
Frozen Bottle,2026-07-29,WK 31,CBD Belapur,Zomato,Snacks,FOFO,MH,591.0,150.0,29.54,721.0,0,1,20.804438280166433,591.0,500-600,20%-30%
Frozen Bottle,2026-07-29,WK 31,Chandra Layout,In Store,Dinner,FOFO,KA,2081.86,82.6,104.14,2164.46,0,8,3.8161943394657323,260.2325,200-300,1%-10%
Frozen Bottle,2026-07-29,WK 31,Chandra Layout,In Store,Lunch,FOFO,KA,378.0,0.0,18.9,378.0,0,1,0.0,378.0,300-400,0%
Frozen Bottle,2026-07-29,WK 31,Chandra Layout,In Store,Snacks,FOFO,KA,1293.0,0.0,64.66,1293.0,0,3,0.0,431.0,400-500,0%
Frozen Bottle,2026-07-29,WK 31,Chandra Layout,Swiggy,Dinner,FOFO,KA,328.14,40.0,0.0,358.14,0,1,11.168816663874463,328.14,300-400,10%-20%
Frozen Bottle,2026-07-29,WK 31,Chandra Layout,Swiggy,Lunch,FOFO,KA,774.0,239.0,0.0,993.0,0,2,24.06847935548842,387.0,300-400,20%-30%
Frozen Bottle,2026-07-29,WK 31,Chandra Layout,Swiggy,Snacks,FOFO,KA,522.01,119.99,0.0,612.0,0,1,19.606209150326798,522.01,500-600,10%-20%
Frozen Bottle,2026-07-29,WK 31,Chandra Layout,Zomato,Dinner,FOFO,KA,556.0,75.0,27.82,611.0,0,2,12.274959083469723,278.0,200-300,10%-20%
Frozen Bottle,2026-07-29,WK 31,Chandra Layout,Zomato,Lunch,FOFO,KA,951.2,513.8,47.56,1395.0,0,7,36.831541218637994,135.8857142857143,100-200,30%-40%
Frozen Bottle,2026-07-29,WK 31,Chandra Layout,Zomato,Snacks,FOFO,KA,407.6,219.4,20.38,597.0,0,3,36.75041876046901,135.86666666666667,100-200,30%-40%
Frozen Bottle,2026-07-29,WK 31,Channasandra,In Store,Late Night,COCO,KA,207.0,0.0,10.36,207.0,0,1,0.0,207.0,200-300,0%
Frozen Bottle,2026-07-29,WK 31,Channasandra,In Store,Snacks,COCO,KA,478.0,0.0,23.9,478.0,0,1,0.0,478.0,400-500,0%
Frozen Bottle,2026-07-29,WK 31,Channasandra,Ownly,Lunch,COCO,KA,149.0,0.0,7.46,149.0,0,1,0.0,149.0,100-200,0%
Frozen Bottle,2026-07-29,WK 31,Channasandra,Ownly,Snacks,COCO,KA,351.0,0.0,17.56,351.0,0,1,0.0,351.0,300-400,0%
Frozen Bottle,2026-07-29,WK 31,Channasandra,Swiggy,Dinner,COCO,KA,1814.56,1667.44,0.0,3372.0,0,7,49.449584816132855,259.22285714285715,200-300,40%-50%
Frozen Bottle,2026-07-29,WK 31,Channasandra,Swiggy,Late Night,COCO,KA,405.2,333.8,0.0,709.0,0,2,47.08039492242595,202.6,200-300,40%-50%
Frozen Bottle,2026-07-29,WK 31,Channasandra,Swiggy,Lunch,COCO,KA,374.56,344.44,0.0,689.0,0,2,49.99129172714078,187.28,100-200,40%-50%
Frozen Bottle,2026-07-29,WK 31,Channasandra,Swiggy,Snacks,COCO,KA,437.01,111.99,0.0,529.0,0,1,21.17013232514178,437.01,400-500,20%-30%
Frozen Bottle,2026-07-29,WK 31,Channasandra,Zomato,Dinner,COCO,KA,1404.42,783.58,70.22,2108.0,0,6,37.171726755218224,234.07000000000002,200-300,30%-40%
Frozen Bottle,2026-07-29,WK 31,Channasandra,Zomato,Late Night,COCO,KA,197.5,187.5,9.88,375.0,0,1,50.0,197.5,100-200,40%-50%
Frozen Bottle,2026-07-29,WK 31,Channasandra,Zomato,Snacks,COCO,KA,353.0,275.0,17.66,598.0,0,2,45.9866220735786,176.5,100-200,40%-50%
Frozen Bottle,2026-07-29,WK 31,Chikkabellandur,In Store,Dinner,FOFO,KA,2568.0,0.0,128.48,2568.0,0,10,0.0,256.8,200-300,0%
Frozen Bottle,2026-07-29,WK 31,Chikkabellandur,In Store,Lunch,FOFO,KA,965.0,0.0,48.28,965.0,0,4,0.0,241.25,200-300,0%
Frozen Bottle,2026-07-29,WK 31,Chikkabellandur,In Store,Snacks,FOFO,KA,1652.0,0.0,82.64,1652.0,0,5,0.0,330.4,300-400,0%
Frozen Bottle,2026-07-29,WK 31,Chikkabellandur,Swiggy,Dinner,FOFO,KA,560.0,0.0,0.0,540.0,0,1,0.0,560.0,500-600,0%
Frozen Bottle,2026-07-29,WK 31,Chikkabellandur,Swiggy,Late Night,FOFO,KA,667.0,351.0,0.0,1008.0,0,2,34.82142857142857,333.5,300-400,30%-40%
Frozen Bottle,2026-07-29,WK 31,Chikkabellandur,Swiggy,Lunch,FOFO,KA,957.0,308.0,0.0,1265.0,0,1,24.347826086956523,957.0,>900,20%-30%
Frozen Bottle,2026-07-29,WK 31,Chikkabellandur,Zomato,Dinner,FOFO,KA,1809.2,399.79,90.5,2118.99,0,5,18.86700739503254,361.84000000000003,300-400,10%-20%
Frozen Bottle,2026-07-29,WK 31,Chikkabellandur,Zomato,Late Night,FOFO,KA,129.0,80.0,6.46,199.0,0,1,40.20100502512563,129.0,100-200,40%-50%
Frozen Bottle,2026-07-29,WK 31,Chikkabellandur,Zomato,Snacks,FOFO,KA,206.0,49.0,10.3,245.0,0,1,20.0,206.0,200-300,10%-20%
Frozen Bottle,2026-07-29,WK 31,Chikkanayakanahalli,In Store,Dinner,FOFO,KA,2345.0,0.0,117.28,2345.0,0,7,0.0,335.0,300-400,0%
Frozen Bottle,2026-07-29,WK 31,Chikkanayakanahalli,In Store,Lunch,FOFO,KA,1047.33,0.0,52.379999999999995,1047.33,0,4,0.0,261.8325,200-300,0%
Frozen Bottle,2026-07-29,WK 31,Chikkanayakanahalli,In Store,Snacks,FOFO,KA,367.0,0.0,18.36,367.0,0,1,0.0,367.0,300-400,0%
Frozen Bottle,2026-07-29,WK 31,City Mall Kota,In Store,Dinner,FOFO,ROI,397.0,0.0,19.88,397.0,0,3,0.0,132.33333333333334,100-200,0%
Frozen Bottle,2026-07-29,WK 31,City Mall Kota,In Store,Lunch,FOFO,ROI,577.0,0.0,28.86,577.0,0,2,0.0,288.5,200-300,0%
Frozen Bottle,2026-07-29,WK 31,City Mall Kota,In Store,Snacks,FOFO,ROI,2579.23,0.0,128.98,2579.23,0,6,0.0,429.87166666666667,400-500,0%
Frozen Bottle,2026-07-29,WK 31,City Mall Kota,Zomato,Dinner,FOFO,ROI,370.0,50.0,18.5,400.0,0,1,12.5,370.0,300-400,10%-20%
Frozen Bottle,2026-07-29,WK 31,City Mall Kota,Zomato,Snacks,FOFO,ROI,130.0,80.0,6.5,200.0,0,1,40.0,130.0,100-200,30%-40%
Frozen Bottle,2026-07-29,WK 31,DLF Gachibowli,In Store,Dinner,FOFO,AP & TL,987.23,0.0,49.4,987.23,0,6,0.0,164.53833333333333,100-200,0%
Frozen Bottle,2026-07-29,WK 31,DLF Gachibowli,In Store,Late Night,FOFO,AP & TL,69.0,0.0,3.46,69.0,0,1,0.0,69.0,0-100,0%
Frozen Bottle,2026-07-29,WK 31,DLF Gachibowli,In Store,Lunch,FOFO,AP & TL,1041.0,0.0,52.1,1041.0,0,5,0.0,208.2,200-300,0%
Frozen Bottle,2026-07-29,WK 31,DLF Gachibowli,In Store,Snacks,FOFO,AP & TL,483.0,0.0,24.16,483.0,0,2,0.0,241.5,200-300,0%
Frozen Bottle,2026-07-29,WK 31,DLF Gachibowli,Zomato,Dinner,FOFO,AP & TL,581.0,150.0,29.060000000000002,711.0,0,2,21.09704641350211,290.5,200-300,20%-30%
Frozen Bottle,2026-07-29,WK 31,DLF Gachibowli,Zomato,Snacks,FOFO,AP & TL,571.0,69.0,28.560000000000002,620.0,0,2,11.129032258064516,285.5,200-300,10%-20%
Frozen Bottle,2026-07-29,WK 31,Dahisar,In Store,Dinner,COCO,MH,1103.0,0.0,55.18,1103.0,0,4,0.0,275.75,200-300,0%
Frozen Bottle,2026-07-29,WK 31,Dahisar,In Store,Late Night,COCO,MH,715.0,0.0,35.760000000000005,715.0,0,3,0.0,238.33333333333334,200-300,0%
Frozen Bottle,2026-07-29,WK 31,Dahisar,Others,Snacks,COCO,MH,76.67,113.33,3.82,180.0,0,1,62.96111111111111,76.67,0-100,60%-70%
Frozen Bottle,2026-07-29,WK 31,Dahisar,Swiggy,Dinner,COCO,MH,2878.57,759.43,0.0,3518.0,0,7,21.586981239340535,411.2242857142857,400-500,20%-30%
Frozen Bottle,2026-07-29,WK 31,Dahisar,Swiggy,Late Night,COCO,MH,89.2,100.8,0.0,180.0,0,1,55.99999999999999,89.2,0-100,50%-60%
Frozen Bottle,2026-07-29,WK 31,Dahisar,Swiggy,Lunch,COCO,MH,457.0,233.0,0.0,670.0,0,2,34.776119402985074,228.5,200-300,30%-40%
Frozen Bottle,2026-07-29,WK 31,Dahisar,Swiggy,Snacks,COCO,MH,596.0,435.0,0.0,991.0,0,3,43.89505549949546,198.66666666666666,100-200,40%-50%
Frozen Bottle,2026-07-29,WK 31,Dahisar,Zomato,Dinner,COCO,MH,1677.5,1073.5,83.88,2651.0,0,6,40.49415314975481,279.5833333333333,200-300,40%-50%
Frozen Bottle,2026-07-29,WK 31,Dahisar,Zomato,Late Night,COCO,MH,498.0,120.0,24.92,598.0,0,1,20.066889632107024,498.0,400-500,20%-30%
Frozen Bottle,2026-07-29,WK 31,Dahisar,Zomato,Lunch,COCO,MH,578.0,401.0,28.92,939.0,0,3,42.705005324813634,192.66666666666666,100-200,40%-50%
Frozen Bottle,2026-07-29,WK 31,Dahisar,Zomato,Snacks,COCO,MH,1814.0,1200.0,90.74,2904.0,0,6,41.32231404958678,302.3333333333333,300-400,40%-50%
Frozen Bottle,2026-07-29,WK 31,Dhanori,In Store,Lunch,FOFO,MH,338.0,0.0,16.9,338.0,0,1,0.0,338.0,300-400,0%
Frozen Bottle,2026-07-29,WK 31,Dhanori,In Store,Snacks,FOFO,MH,276.0,0.0,13.8,276.0,0,1,0.0,276.0,200-300,0%
Frozen Bottle,2026-07-29,WK 31,Dhanori,Zomato,Lunch,FOFO,MH,995.0,225.0,49.76,1170.0,0,3,19.230769230769234,331.6666666666667,300-400,10%-20%
Frozen Bottle,2026-07-29,WK 31,Dharmapuri,In Store,Dinner,FOFO,TN,7697.6900000000005,0.0,384.96000000000004,7697.6900000000005,0,19,0.0,405.14157894736843,400-500,0%
Frozen Bottle,2026-07-29,WK 31,Dharmapuri,In Store,Lunch,FOFO,TN,2494.46,0.0,124.78,2494.46,0,12,0.0,207.87166666666667,200-300,0%
Frozen Bottle,2026-07-29,WK 31,Dharmapuri,In Store,Snacks,FOFO,TN,2857.23,0.0,142.94,2857.23,0,12,0.0,238.1025,200-300,0%
Frozen Bottle,2026-07-29,WK 31,Dindigul,In Store,Dinner,FOFO,TN,318.0,0.0,15.9,318.0,0,1,0.0,318.0,300-400,0%
Frozen Bottle,2026-07-29,WK 31,Dindigul,In Store,Lunch,FOFO,TN,299.0,0.0,14.96,299.0,0,1,0.0,299.0,200-300,0%
Frozen Bottle,2026-07-29,WK 31,Dindigul,In Store,Snacks,FOFO,TN,1782.0,0.0,89.12,1782.0,0,4,0.0,445.5,400-500,0%
Frozen Bottle,2026-07-29,WK 31,Dindigul,Swiggy,Dinner,FOFO,TN,340.0,0.0,0.0,330.0,0,1,0.0,340.0,300-400,0%
Frozen Bottle,2026-07-29,WK 31,Dindigul,Swiggy,Snacks,FOFO,TN,209.0,0.0,0.0,199.0,0,1,0.0,209.0,200-300,0%
Frozen Bottle,2026-07-29,WK 31,Dindigul,Zomato,Dinner,FOFO,TN,230.0,50.0,11.5,270.0,0,1,18.51851851851852,230.0,200-300,10%-20%
Frozen Bottle,2026-07-29,WK 31,Dindigul,Zomato,Lunch,FOFO,TN,370.0,0.0,18.5,360.0,0,1,0.0,370.0,300-400,0%
Frozen Bottle,2026-07-29,WK 31,Dindigul,Zomato,Snacks,FOFO,TN,453.0,0.0,22.66,433.0,0,1,0.0,453.0,400-500,0%
Frozen Bottle,2026-07-29,WK 31,Dombivali Experia,In Store,Snacks,FOFO,MH,338.0,0.0,16.9,338.0,0,1,0.0,338.0,300-400,0%
Frozen Bottle,2026-07-29,WK 31,Dombivali Experia,Swiggy,Dinner,FOFO,MH,1373.0,0.0,0.0,1333.0,0,2,0.0,686.5,600-900,0%
Frozen Bottle,2026-07-29,WK 31,Dombivali Experia,Zomato,Dinner,FOFO,MH,336.0,125.0,16.8,451.0,0,1,27.716186252771617,336.0,300-400,20%-30%
Frozen Bottle,2026-07-29,WK 31,Edappally,In Store,Dinner,FOFO,Kerela,1121.0,0.0,56.06,1121.0,0,5,0.0,224.2,200-300,0%
Frozen Bottle,2026-07-29,WK 31,Edappally,In Store,Snacks,FOFO,Kerela,272.33,0.0,13.62,272.33,0,1,0.0,272.33,200-300,0%
Frozen Bottle,2026-07-29,WK 31,Edappally,Swiggy,Dinner,FOFO,Kerela,3045.0,112.0,0.0,3067.0,0,8,3.6517769807629605,380.625,300-400,1%-10%
Frozen Bottle,2026-07-29,WK 31,Edappally,Swiggy,Late Night,FOFO,Kerela,549.0,0.0,0.0,529.0,0,1,0.0,549.0,500-600,0%
Frozen Bottle,2026-07-29,WK 31,Edappally,Swiggy,Snacks,FOFO,Kerela,671.0,120.0,0.0,771.0,0,3,15.56420233463035,223.66666666666666,200-300,10%-20%
Frozen Bottle,2026-07-29,WK 31,Edappally,Zomato,Closing,FOFO,Kerela,269.0,0.0,13.46,259.0,0,1,0.0,269.0,200-300,0%
Frozen Bottle,2026-07-29,WK 31,Edappally,Zomato,Dinner,FOFO,Kerela,858.0,0.0,42.92,828.0,0,3,0.0,286.0,200-300,0%
Frozen Bottle,2026-07-29,WK 31,Edappally,Zomato,Late Night,FOFO,Kerela,298.0,0.0,14.9,288.0,0,1,0.0,298.0,200-300,0%
Frozen Bottle,2026-07-29,WK 31,Edappally,Zomato,Snacks,FOFO,Kerela,795.0,175.0,39.760000000000005,940.0,0,2,18.617021276595743,397.5,300-400,10%-20%
Frozen Bottle,2026-07-29,WK 31,Electronic city,In Store,Breakfast,FOFO,KA,148.0,0.0,7.4,148.0,0,1,0.0,148.0,100-200,0%
Frozen Bottle,2026-07-29,WK 31,Electronic city,In Store,Dinner,FOFO,KA,3268.6800000000003,0.0,163.46,3268.6800000000003,0,9,0.0,363.1866666666667,300-400,0%
Frozen Bottle,2026-07-29,WK 31,Electronic city,In Store,Late Night,FOFO,KA,1124.0,0.0,56.199999999999996,1124.0,0,2,0.0,562.0,500-600,0%
Frozen Bottle,2026-07-29,WK 31,Electronic city,In Store,Lunch,FOFO,KA,498.0,0.0,24.92,498.0,0,2,0.0,249.0,200-300,0%
Frozen Bottle,2026-07-29,WK 31,Electronic city,In Store,Snacks,FOFO,KA,1730.42,0.0,86.56,1730.42,0,6,0.0,288.40333333333336,200-300,0%
Frozen Bottle,2026-07-29,WK 31,Electronic city,Swiggy,Closing,FOFO,KA,366.44,152.56,0.0,499.0,0,2,30.573146292585168,183.22,100-200,30%-40%
Frozen Bottle,2026-07-29,WK 31,Electronic city,Swiggy,Dinner,FOFO,KA,1773.7,322.3,0.0,2026.0,0,5,15.908193484698915,354.74,300-400,10%-20%
Frozen Bottle,2026-07-29,WK 31,Electronic city,Swiggy,Late Night,FOFO,KA,741.01,119.99,0.0,831.0,0,1,14.439229843561973,741.01,600-900,10%-20%
Frozen Bottle,2026-07-29,WK 31,Electronic city,Swiggy,Lunch,FOFO,KA,820.0,261.0,0.0,1061.0,0,2,24.599434495758718,410.0,400-500,20%-30%
Frozen Bottle,2026-07-29,WK 31,Electronic city,Swiggy,Snacks,FOFO,KA,584.8,95.2,0.0,660.0,0,2,14.424242424242426,292.4,200-300,10%-20%
Frozen Bottle,2026-07-29,WK 31,Electronic city,Zomato,Closing,FOFO,KA,276.0,75.0,13.8,341.0,0,1,21.994134897360702,276.0,200-300,20%-30%
Frozen Bottle,2026-07-29,WK 31,Electronic city,Zomato,Dinner,FOFO,KA,1924.1,784.9,96.22,2619.0,0,7,29.969453990072548,274.87142857142857,200-300,20%-30%
Frozen Bottle,2026-07-29,WK 31,Electronic city,Zomato,Late Night,FOFO,KA,338.0,200.0,16.92,518.0,0,2,38.61003861003861,169.0,100-200,30%-40%
Frozen Bottle,2026-07-29,WK 31,Electronic city,Zomato,Lunch,FOFO,KA,580.0,250.0,29.02,800.0,0,3,31.25,193.33333333333334,100-200,30%-40%
Frozen Bottle,2026-07-29,WK 31,Electronic city,Zomato,Snacks,FOFO,KA,579.8,264.2,29.0,814.0,0,3,32.45700245700245,193.26666666666665,100-200,30%-40%
Frozen Bottle,2026-07-29,WK 31,Erode,In Store,Breakfast,COCO,TN,497.46,0.0,24.88,497.46,0,1,0.0,497.46,400-500,0%
Frozen Bottle,2026-07-29,WK 31,Erode,In Store,Dinner,COCO,TN,1086.0,0.0,54.300000000000004,1086.0,0,2,0.0,543.0,500-600,0%
Frozen Bottle,2026-07-29,WK 31,Erode,In Store,Lunch,COCO,TN,647.0,0.0,32.36,647.0,0,2,0.0,323.5,300-400,0%
Frozen Bottle,2026-07-29,WK 31,Erode,In Store,Snacks,COCO,TN,1053.0,0.0,52.68,1053.0,0,4,0.0,263.25,200-300,0%
Frozen Bottle,2026-07-29,WK 31,Erode,Swiggy,Dinner,COCO,TN,2524.0,1306.0,0.0,3690.0,0,5,35.392953929539296,504.8,500-600,30%-40%
Frozen Bottle,2026-07-29,WK 31,Erode,Swiggy,Late Night,COCO,TN,696.0,304.0,0.0,970.0,0,2,31.34020618556701,348.0,300-400,30%-40%
Frozen Bottle,2026-07-29,WK 31,Erode,Swiggy,Lunch,COCO,TN,119.0,121.0,0.0,230.0,0,1,52.60869565217391,119.0,100-200,50%-60%
Frozen Bottle,2026-07-29,WK 31,Erode,Swiggy,Snacks,COCO,TN,1913.21,586.79,0.0,2420.0,0,5,24.247520661157022,382.642,300-400,20%-30%
Frozen Bottle,2026-07-29,WK 31,Erode,Zomato,Dinner,COCO,TN,264.0,271.0,13.2,515.0,0,1,52.62135922330097,264.0,200-300,50%-60%
Frozen Bottle,2026-07-29,WK 31,Erode,Zomato,Late Night,COCO,TN,335.0,120.0,16.76,445.0,0,1,26.96629213483146,335.0,300-400,20%-30%
Frozen Bottle,2026-07-29,WK 31,Erode,Zomato,Lunch,COCO,TN,874.0,527.0,43.72,1361.0,0,3,38.72152828802351,291.3333333333333,200-300,30%-40%
Frozen Bottle,2026-07-29,WK 31,Erode,Zomato,Snacks,COCO,TN,1931.0,530.0,96.6,2381.0,0,4,22.25955480890382,482.75,400-500,20%-30%
Frozen Bottle,2026-07-29,WK 31,Express Avenue Mall,In Store,Breakfast,COCO,TN,209.0,0.0,10.46,209.0,0,1,0.0,209.0,200-300,0%
Frozen Bottle,2026-07-29,WK 31,Express Avenue Mall,In Store,Dinner,COCO,TN,2726.0,0.0,136.36,2726.0,0,8,0.0,340.75,300-400,0%
Frozen Bottle,2026-07-29,WK 31,Express Avenue Mall,In Store,Late Night,COCO,TN,9.5,0.0,0.48,9.5,0,1,0.0,9.5,0-100,0%
Frozen Bottle,2026-07-29,WK 31,Express Avenue Mall,In Store,Lunch,COCO,TN,1802.01,134.99,90.14,1937.0,0,9,6.969024264326277,200.22333333333333,200-300,1%-10%
Frozen Bottle,2026-07-29,WK 31,Express Avenue Mall,In Store,Snacks,COCO,TN,3141.0,0.0,157.18,3141.0,0,16,0.0,196.3125,100-200,0%
Frozen Bottle,2026-07-29,WK 31,Express Avenue Mall,Swiggy,Dinner,COCO,TN,1850.12,1031.88,0.0,2772.0,0,8,37.22510822510823,231.265,200-300,30%-40%
Frozen Bottle,2026-07-29,WK 31,Express Avenue Mall,Swiggy,Late Night,COCO,TN,1378.0,422.0,0.0,1730.0,0,2,24.393063583815028,689.0,600-900,20%-30%
Frozen Bottle,2026-07-29,WK 31,Express Avenue Mall,Swiggy,Lunch,COCO,TN,587.0,704.0,0.0,1261.0,0,2,55.82870737509913,293.5,200-300,50%-60%
Frozen Bottle,2026-07-29,WK 31,Express Avenue Mall,Swiggy,Snacks,COCO,TN,1546.56,1020.44,0.0,2467.0,0,7,41.363599513579246,220.93714285714285,200-300,40%-50%
Frozen Bottle,2026-07-29,WK 31,Express Avenue Mall,Zomato,Dinner,COCO,TN,2128.0,1171.0,106.42,3189.0,0,5,36.71997491376607,425.6,400-500,30%-40%
Frozen Bottle,2026-07-29,WK 31,Express Avenue Mall,Zomato,Late Night,COCO,TN,231.0,100.0,11.56,321.0,0,1,31.15264797507788,231.0,200-300,30%-40%
Frozen Bottle,2026-07-29,WK 31,Express Avenue Mall,Zomato,Lunch,COCO,TN,448.0,0.0,22.4,428.0,0,1,0.0,448.0,400-500,0%
Frozen Bottle,2026-07-29,WK 31,Express Avenue Mall,Zomato,Snacks,COCO,TN,175.0,165.0,8.76,330.0,0,1,50.0,175.0,100-200,40%-50%
Frozen Bottle,2026-07-29,WK 31,FC Road,In Store,Dinner,FOFO,MH,1389.0,0.0,69.47999999999999,1389.0,0,6,0.0,231.5,200-300,0%
Frozen Bottle,2026-07-29,WK 31,FC Road,In Store,Lunch,FOFO,MH,397.0,0.0,19.86,397.0,0,2,0.0,198.5,100-200,0%
Frozen Bottle,2026-07-29,WK 31,FC Road,In Store,Snacks,FOFO,MH,306.0,0.0,15.3,306.0,0,2,0.0,153.0,100-200,0%
Frozen Bottle,2026-07-29,WK 31,FC Road,Swiggy,Dinner,FOFO,MH,739.0,100.0,0.0,809.0,0,2,12.360939431396787,369.5,300-400,10%-20%
Frozen Bottle,2026-07-29,WK 31,FC Road,Swiggy,Snacks,FOFO,MH,169.0,0.0,0.0,159.0,0,1,0.0,169.0,100-200,0%
Frozen Bottle,2026-07-29,WK 31,FC Road,Zomato,Lunch,FOFO,MH,209.0,0.0,10.46,199.0,0,1,0.0,209.0,200-300,0%
Frozen Bottle,2026-07-29,WK 31,FC Road,Zomato,Snacks,FOFO,MH,599.0,125.0,29.96,694.0,0,2,18.011527377521613,299.5,200-300,10%-20%
Frozen Bottle,2026-07-29,WK 31,Frazer Town,In Store,Dinner,COCO,KA,1504.0,0.0,75.24000000000001,1504.0,0,5,0.0,300.8,300-400,0%
Frozen Bottle,2026-07-29,WK 31,Frazer Town,In Store,Lunch,COCO,KA,4752.2699999999995,937.73,237.61999999999998,5690.0,0,3,16.480316344463972,1584.09,>900,10%-20%
Frozen Bottle,2026-07-29,WK 31,Frazer Town,In Store,Snacks,COCO,KA,486.0,0.0,24.3,486.0,0,2,0.0,243.0,200-300,0%
Frozen Bottle,2026-07-29,WK 31,Frazer Town,Ownly,Lunch,COCO,KA,217.0,0.0,10.86,217.0,0,1,0.0,217.0,200-300,0%
Frozen Bottle,2026-07-29,WK 31,Frazer Town,Swiggy,Dinner,COCO,KA,2316.0,1677.3200000000002,0.0,3823.3199999999997,0,8,43.87077199920489,289.5,200-300,40%-50%
Frozen Bottle,2026-07-29,WK 31,Frazer Town,Swiggy,Late Night,COCO,KA,605.0,398.33,0.0,963.33,0,2,41.34927802518347,302.5,300-400,40%-50%
Frozen Bottle,2026-07-29,WK 31,Frazer Town,Swiggy,Lunch,COCO,KA,1262.0,716.0,0.0,1898.0,0,4,37.72391991570074,315.5,300-400,30%-40%
Frozen Bottle,2026-07-29,WK 31,Frazer Town,Swiggy,Snacks,COCO,KA,129.0,42.0,0.0,171.0,0,1,24.561403508771928,129.0,100-200,20%-30%
Frozen Bottle,2026-07-29,WK 31,Frazer Town,Zomato,Dinner,COCO,KA,1805.5,1313.5,90.32,2999.0,0,6,43.79793264421474,300.9166666666667,300-400,40%-50%
Frozen Bottle,2026-07-29,WK 31,Frazer Town,Zomato,Lunch,COCO,KA,125.0,115.0,6.26,230.0,0,1,50.0,125.0,100-200,40%-50%
Frozen Bottle,2026-07-29,WK 31,Frazer Town,Zomato,Snacks,COCO,KA,186.0,135.0,9.3,311.0,0,1,43.40836012861736,186.0,100-200,40%-50%
Frozen Bottle,2026-07-29,WK 31,GIP GOA,In Store,Dinner,FOFO,ROI,1324.0,0.0,66.19999999999999,1324.0,0,2,0.0,662.0,600-900,0%
Frozen Bottle,2026-07-29,WK 31,Gangadham,In Store,Dinner,FOFO,MH,1919.0,0.0,95.96,1919.0,0,5,0.0,383.8,300-400,0%
Frozen Bottle,2026-07-29,WK 31,Gangadham,In Store,Late Night,FOFO,MH,199.0,0.0,9.96,199.0,0,1,0.0,199.0,100-200,0%
Frozen Bottle,2026-07-29,WK 31,Gangadham,In Store,Snacks,FOFO,MH,1404.0,0.0,70.22,1404.0,0,4,0.0,351.0,300-400,0%
Frozen Bottle,2026-07-29,WK 31,Gangadham,Swiggy,Dinner,FOFO,MH,587.0,433.0,0.0,1000.0,0,2,43.3,293.5,200-300,40%-50%
Frozen Bottle,2026-07-29,WK 31,Gangadham,Swiggy,Lunch,FOFO,MH,218.0,262.0,0.0,460.0,0,1,56.95652173913044,218.0,200-300,50%-60%
Frozen Bottle,2026-07-29,WK 31,Gangadham,Zomato,Dinner,FOFO,MH,5041.0,1168.99,252.12,5989.99,0,13,19.515725401878804,387.7692307692308,300-400,10%-20%
Frozen Bottle,2026-07-29,WK 31,Gangadham,Zomato,Late Night,FOFO,MH,921.0,200.0,46.06,1091.0,0,2,18.331805682859763,460.5,400-500,10%-20%
Frozen Bottle,2026-07-29,WK 31,Gangadham,Zomato,Lunch,FOFO,MH,946.0,100.0,47.32,1006.0,0,2,9.940357852882704,473.0,400-500,1%-10%
Frozen Bottle,2026-07-29,WK 31,Gangadham,Zomato,Snacks,FOFO,MH,795.0,225.0,39.739999999999995,990.0,0,2,22.727272727272727,397.5,300-400,20%-30%
Frozen Bottle,2026-07-29,WK 31,Guduvanchery,In Store,Dinner,COCO,TN,5057.46,0.0,252.98,5057.46,0,21,0.0,240.83142857142857,200-300,0%
Frozen Bottle,2026-07-29,WK 31,Guduvanchery,In Store,Lunch,COCO,TN,4386.42,127.43,219.34,4513.85,0,12,2.8230889373816144,365.535,300-400,1%-10%
Frozen Bottle,2026-07-29,WK 31,Guduvanchery,In Store,Snacks,COCO,TN,4721.61,586.62,236.14,5308.23,0,17,11.051141340898944,277.74176470588236,200-300,10%-20%
Frozen Bottle,2026-07-29,WK 31,Guduvanchery,Swiggy,Dinner,COCO,TN,2931.4,965.6,0.0,3737.0,0,8,25.83890821514584,366.425,300-400,20%-30%
Frozen Bottle,2026-07-29,WK 31,Guduvanchery,Swiggy,Late Night,COCO,TN,1966.4,594.6,0.0,2471.0,0,5,24.06313233508701,393.28000000000003,300-400,20%-30%
Frozen Bottle,2026-07-29,WK 31,Guduvanchery,Swiggy,Lunch,COCO,TN,1212.0,1090.0,0.0,2242.0,0,6,48.61730597680642,202.0,200-300,40%-50%
Frozen Bottle,2026-07-29,WK 31,Guduvanchery,Swiggy,Snacks,COCO,TN,2171.01,1251.99,0.0,3313.0,0,8,37.790220344099,271.37625,200-300,30%-40%
Frozen Bottle,2026-07-29,WK 31,Guduvanchery,Zomato,Dinner,COCO,TN,1839.0,1105.0,91.98,2854.0,0,6,38.71758934828311,306.5,300-400,30%-40%
Frozen Bottle,2026-07-29,WK 31,Guduvanchery,Zomato,Late Night,COCO,TN,1368.0,192.0,68.42,1510.0,0,3,12.71523178807947,456.0,400-500,10%-20%
Frozen Bottle,2026-07-29,WK 31,Guduvanchery,Zomato,Lunch,COCO,TN,722.0,447.0,36.099999999999994,1129.0,0,3,39.5925597874225,240.66666666666666,200-300,30%-40%
Frozen Bottle,2026-07-29,WK 31,Guduvanchery,Zomato,Snacks,COCO,TN,821.5,422.5,41.1,1204.0,0,3,35.09136212624585,273.8333333333333,200-300,30%-40%
Frozen Bottle,2026-07-29,WK 31,Gunjur,In Store,Dinner,COCO,KA,1497.28,0.0,74.9,1497.28,0,5,0.0,299.456,200-300,0%
Frozen Bottle,2026-07-29,WK 31,Gunjur,In Store,Late Night,COCO,KA,198.0,0.0,9.9,198.0,0,1,0.0,198.0,100-200,0%
Frozen Bottle,2026-07-29,WK 31,Gunjur,In Store,Lunch,COCO,KA,536.0,0.0,26.82,536.0,0,3,0.0,178.66666666666666,100-200,0%
Frozen Bottle,2026-07-29,WK 31,Gunjur,In Store,Snacks,COCO,KA,148.0,0.0,7.4,148.0,0,1,0.0,148.0,100-200,0%
Frozen Bottle,2026-07-29,WK 31,Gunjur,Swiggy,Breakfast,COCO,KA,89.2,100.8,0.0,180.0,0,1,55.99999999999999,89.2,0-100,50%-60%
Frozen Bottle,2026-07-29,WK 31,Gunjur,Swiggy,Dinner,COCO,KA,4203.13,3441.05,0.0,7384.18,0,15,46.600299559328185,280.20866666666666,200-300,40%-50%
Frozen Bottle,2026-07-29,WK 31,Gunjur,Swiggy,Late Night,COCO,KA,693.56,415.44,0.0,1069.0,0,4,38.862488306828816,173.39,100-200,30%-40%
Frozen Bottle,2026-07-29,WK 31,Gunjur,Swiggy,Lunch,COCO,KA,841.56,599.44,0.0,1391.0,0,4,43.0941768511862,210.39,200-300,40%-50%
Frozen Bottle,2026-07-29,WK 31,Gunjur,Swiggy,Snacks,COCO,KA,1707.0,1529.0,0.0,3106.0,0,6,49.22730199613651,284.5,200-300,40%-50%
Frozen Bottle,2026-07-29,WK 31,Gunjur,Zomato,Dinner,COCO,KA,1483.9,923.1,74.2,2317.0,0,6,39.84031074665516,247.3166666666667,200-300,30%-40%
Frozen Bottle,2026-07-29,WK 31,Gunjur,Zomato,Lunch,COCO,KA,648.9,442.1,32.44,1041.0,0,2,42.468780019212296,324.45,300-400,40%-50%
Frozen Bottle,2026-07-29,WK 31,Gunjur,Zomato,Snacks,COCO,KA,1808.92,1187.93,90.46,2896.85,0,5,41.00764623642923,361.784,300-400,40%-50%
Frozen Bottle,2026-07-29,WK 31,Guwahati,In Store,Lunch,FOFO,ROI,1842.0,0.0,92.12,1842.0,0,8,0.0,230.25,200-300,0%
Frozen Bottle,2026-07-29,WK 31,Guwahati,In Store,Snacks,FOFO,ROI,1977.0,0.0,98.94,1977.0,0,14,0.0,141.21428571428572,100-200,0%
Frozen Bottle,2026-07-29,WK 31,Gwalior,In Store,Dinner,FOFO,ROI,1368.85,0.0,68.48,1368.85,0,7,0.0,195.54999999999998,100-200,0%
Frozen Bottle,2026-07-29,WK 31,Gwalior,In Store,Lunch,FOFO,ROI,639.4300000000001,0.0,31.98,639.4300000000001,0,2,0.0,319.71500000000003,300-400,0%
Frozen Bottle,2026-07-29,WK 31,Gwalior,In Store,Snacks,FOFO,ROI,2096.52,10.0,104.84,2106.52,0,9,0.47471659419326667,232.94666666666666,200-300,1%-10%
Frozen Bottle,2026-07-29,WK 31,Gwalior,Zomato,Dinner,FOFO,ROI,339.0,200.0,16.96,519.0,0,2,38.53564547206166,169.5,100-200,30%-40%
Frozen Bottle,2026-07-29,WK 31,Gwalior,Zomato,Lunch,FOFO,ROI,498.3,159.7,24.92,628.0,0,3,25.429936305732483,166.1,100-200,20%-30%
Frozen Bottle,2026-07-29,WK 31,HSR Layout,In Store,Dinner,COCO,KA,2898.5299999999997,753.51,145.02,3652.04,0,23,20.63257795642983,126.02304347826086,100-200,20%-30%
Frozen Bottle,2026-07-29,WK 31,HSR Layout,In Store,Late Night,COCO,KA,19.05,0.0,0.96,19.05,0,1,0.0,19.05,0-100,0%
Frozen Bottle,2026-07-29,WK 31,HSR Layout,In Store,Lunch,COCO,KA,730.6,272.4,36.56,1003.0,0,6,27.158524426719836,121.76666666666667,100-200,20%-30%
Frozen Bottle,2026-07-29,WK 31,HSR Layout,In Store,Snacks,COCO,KA,616.51,518.72,30.86,1135.23,0,11,45.69294328021635,56.04636363636364,0-100,40%-50%
Frozen Bottle,2026-07-29,WK 31,HSR Layout,Ownly,Dinner,COCO,KA,202.0,0.0,10.1,202.0,0,1,0.0,202.0,200-300,0%
Frozen Bottle,2026-07-29,WK 31,HSR Layout,Swiggy,Breakfast,COCO,KA,209.0,152.0,0.0,351.0,0,1,43.3048433048433,209.0,200-300,40%-50%
Frozen Bottle,2026-07-29,WK 31,HSR Layout,Swiggy,Dinner,COCO,KA,2590.4,1612.93,0.0,4053.33,0,15,39.79271364532372,172.69333333333333,100-200,30%-40%
Frozen Bottle,2026-07-29,WK 31,HSR Layout,Swiggy,Late Night,COCO,KA,3955.2200000000003,1894.78,0.0,5640.0,0,14,33.59539007092199,282.5157142857143,200-300,30%-40%
Frozen Bottle,2026-07-29,WK 31,HSR Layout,Swiggy,Lunch,COCO,KA,1260.2,1039.8,0.0,2200.0,0,7,47.263636363636365,180.02857142857144,100-200,40%-50%
Frozen Bottle,2026-07-29,WK 31,HSR Layout,Swiggy,Snacks,COCO,KA,709.0,675.0,0.0,1324.0,0,3,50.98187311178247,236.33333333333334,200-300,50%-60%
Frozen Bottle,2026-07-29,WK 31,HSR Layout,Zomato,Breakfast,COCO,KA,125.0,115.0,6.26,230.0,0,1,50.0,125.0,100-200,40%-50%
Frozen Bottle,2026-07-29,WK 31,HSR Layout,Zomato,Dinner,COCO,KA,3575.95,1797.05,178.88,5183.0,0,13,34.67200463052286,275.0730769230769,200-300,30%-40%
Frozen Bottle,2026-07-29,WK 31,HSR Layout,Zomato,Late Night,COCO,KA,1964.0,1205.0,98.24,3069.0,0,6,39.26360377973281,327.3333333333333,300-400,30%-40%
Frozen Bottle,2026-07-29,WK 31,HSR Layout,Zomato,Lunch,COCO,KA,329.0,301.0,16.44,610.0,0,1,49.34426229508197,329.0,300-400,40%-50%
Frozen Bottle,2026-07-29,WK 31,HSR Layout,Zomato,Snacks,COCO,KA,353.44,176.56,17.68,510.0,0,2,34.61960784313726,176.72,100-200,30%-40%
Frozen Bottle,2026-07-29,WK 31,Hadapsar,In Store,Dinner,FOFO,MH,1084.0,0.0,54.199999999999996,1084.0,0,2,0.0,542.0,500-600,0%
Frozen Bottle,2026-07-29,WK 31,Hadapsar,In Store,Lunch,FOFO,MH,197.0,0.0,9.86,197.0,0,2,0.0,98.5,0-100,0%
Frozen Bottle,2026-07-29,WK 31,Hadapsar,In Store,Snacks,FOFO,MH,884.0,0.0,44.22,884.0,0,3,0.0,294.6666666666667,200-300,0%
Frozen Bottle,2026-07-29,WK 31,Hadapsar,Swiggy,Dinner,FOFO,MH,1560.0,200.0,0.0,1720.0,0,4,11.627906976744185,390.0,300-400,10%-20%
Frozen Bottle,2026-07-29,WK 31,Hadapsar,Swiggy,Lunch,FOFO,MH,255.0,0.0,0.0,245.0,0,1,0.0,255.0,200-300,0%
Frozen Bottle,2026-07-29,WK 31,Hadapsar,Swiggy,Snacks,FOFO,MH,789.0,0.0,0.0,759.0,0,2,0.0,394.5,300-400,0%
Frozen Bottle,2026-07-29,WK 31,Hadapsar,Zomato,Dinner,FOFO,MH,2332.6,554.4,116.62,2787.0,0,7,19.892357373519914,333.2285714285714,300-400,10%-20%
Frozen Bottle,2026-07-29,WK 31,Hadapsar,Zomato,Late Night,FOFO,MH,1479.0,490.0,73.96000000000001,1909.0,0,5,25.66788894709272,295.8,200-300,20%-30%
Frozen Bottle,2026-07-29,WK 31,Hadapsar,Zomato,Lunch,FOFO,MH,2544.16,878.84,127.22,3343.0,0,4,26.288962010170508,636.04,600-900,20%-30%
Frozen Bottle,2026-07-29,WK 31,Hadapsar,Zomato,Snacks,FOFO,MH,2214.0,530.0,110.7,2664.0,0,5,19.894894894894897,442.8,400-500,10%-20%
Frozen Bottle,2026-07-29,WK 31,Hafizpet,In Store,Dinner,FOFO,AP & TL,676.0,0.0,33.82,676.0,0,2,0.0,338.0,300-400,0%
Frozen Bottle,2026-07-29,WK 31,Hafizpet,In Store,Lunch,FOFO,AP & TL,639.4,54.6,31.979999999999997,694.0,0,2,7.867435158501442,319.7,300-400,1%-10%
Frozen Bottle,2026-07-29,WK 31,Hafizpet,In Store,Snacks,FOFO,AP & TL,833.0,0.0,41.68,833.0,0,5,0.0,166.6,100-200,0%
Frozen Bottle,2026-07-29,WK 31,Hafizpet,Swiggy,Dinner,FOFO,AP & TL,168.0,32.0,0.0,200.0,0,1,16.0,168.0,100-200,10%-20%
Frozen Bottle,2026-07-29,WK 31,Hafizpet,Swiggy,Late Night,FOFO,AP & TL,681.0,0.0,0.0,661.0,0,1,0.0,681.0,600-900,0%
Frozen Bottle,2026-07-29,WK 31,Hafizpet,Zomato,Closing,FOFO,AP & TL,340.0,0.0,17.0,330.0,0,1,0.0,340.0,300-400,0%
Frozen Bottle,2026-07-29,WK 31,Hafizpet,Zomato,Dinner,FOFO,AP & TL,440.0,40.0,22.0,460.0,0,2,8.695652173913043,220.0,200-300,1%-10%
Frozen Bottle,2026-07-29,WK 31,Hafizpet,Zomato,Late Night,FOFO,AP & TL,510.0,40.0,25.5,530.0,0,1,7.547169811320755,510.0,500-600,1%-10%
Frozen Bottle,2026-07-29,WK 31,Hafizpet,Zomato,Lunch,FOFO,AP & TL,308.7,139.3,15.440000000000001,428.0,0,2,32.546728971962615,154.35,100-200,30%-40%
Frozen Bottle,2026-07-29,WK 31,Hafizpet,Zomato,Snacks,FOFO,AP & TL,240.0,0.0,12.0,230.0,0,1,0.0,240.0,200-300,0%
Frozen Bottle,2026-07-29,WK 31,Hanumakonda,In Store,Dinner,FOFO,AP & TL,1156.0,0.0,57.84,1156.0,0,7,0.0,165.14285714285714,100-200,0%
Frozen Bottle,2026-07-29,WK 31,Hanumakonda,In Store,Snacks,FOFO,AP & TL,843.0,0.0,42.160000000000004,843.0,0,4,0.0,210.75,200-300,0%
Frozen Bottle,2026-07-29,WK 31,Hanumakonda,Swiggy,Dinner,FOFO,AP & TL,290.0,0.0,0.0,280.0,0,1,0.0,290.0,200-300,0%
Frozen Bottle,2026-07-29,WK 31,Hanumakonda,Swiggy,Lunch,FOFO,AP & TL,359.0,0.0,0.0,349.0,0,1,0.0,359.0,300-400,0%
Frozen Bottle,2026-07-29,WK 31,Hanumakonda,Zomato,Dinner,FOFO,AP & TL,889.0,0.0,44.46,859.0,0,3,0.0,296.3333333333333,200-300,0%
Frozen Bottle,2026-07-29,WK 31,Harlur Road,In Store,Dinner,COCO,KA,2514.6,512.4,125.78,3027.0,0,15,16.92765113974232,167.64,100-200,10%-20%
Frozen Bottle,2026-07-29,WK 31,Harlur Road,In Store,Late Night,COCO,KA,249.0,0.0,12.46,249.0,0,1,0.0,249.0,200-300,0%
Frozen Bottle,2026-07-29,WK 31,Harlur Road,In Store,Lunch,COCO,KA,334.0,0.0,16.7,334.0,0,3,0.0,111.33333333333333,100-200,0%
Frozen Bottle,2026-07-29,WK 31,Harlur Road,In Store,Snacks,COCO,KA,551.0,0.0,27.580000000000002,551.0,0,3,0.0,183.66666666666666,100-200,0%
Frozen Bottle,2026-07-29,WK 31,Harlur Road,Swiggy,Dinner,COCO,KA,1496.77,1011.56,0.0,2418.33,0,7,41.82886537403911,213.8242857142857,200-300,40%-50%
Frozen Bottle,2026-07-29,WK 31,Harlur Road,Swiggy,Late Night,COCO,KA,428.0,383.0,0.0,791.0,0,1,48.419721871049305,428.0,400-500,40%-50%
Frozen Bottle,2026-07-29,WK 31,Harlur Road,Swiggy,Lunch,COCO,KA,1032.0,708.0,0.0,1680.0,0,2,42.142857142857146,516.0,500-600,40%-50%
Frozen Bottle,2026-07-29,WK 31,Harlur Road,Swiggy,Snacks,COCO,KA,1793.4,1076.6,0.0,2780.0,0,8,38.72661870503597,224.175,200-300,30%-40%
Frozen Bottle,2026-07-29,WK 31,Harlur Road,Zomato,Dinner,COCO,KA,789.56,215.44,39.46,955.0,0,5,22.55916230366492,157.91199999999998,100-200,20%-30%
Frozen Bottle,2026-07-29,WK 31,Harlur Road,Zomato,Late Night,COCO,KA,263.28999999999996,27.71,13.16,281.0,0,1,9.861209964412812,263.28999999999996,200-300,1%-10%
Frozen Bottle,2026-07-29,WK 31,Harlur Road,Zomato,Lunch,COCO,KA,525.0,485.0,26.259999999999998,970.0,0,2,50.0,262.5,200-300,40%-50%
Frozen Bottle,2026-07-29,WK 31,Harlur Road,Zomato,Snacks,COCO,KA,803.0,467.0,40.16,1230.0,0,3,37.96747967479675,267.6666666666667,200-300,30%-40%
Frozen Bottle,2026-07-29,WK 31,Hinjewadi,In Store,Dinner,COCO,MH,2659.24,134.99,133.0,2794.23,0,9,4.831026794501526,295.4711111111111,200-300,1%-10%
Frozen Bottle,2026-07-29,WK 31,Hinjewadi,In Store,Lunch,COCO,MH,176.76,141.24,8.84,318.0,0,1,44.41509433962265,176.76,100-200,40%-50%
Frozen Bottle,2026-07-29,WK 31,Hinjewadi,In Store,Snacks,COCO,MH,1215.1599999999999,620.84,60.76,1836.0,0,6,33.81481481481482,202.52666666666664,200-300,30%-40%
Frozen Bottle,2026-07-29,WK 31,Hinjewadi,Swiggy,Closing,COCO,MH,324.57,215.43,0.0,510.0,0,2,42.241176470588236,162.285,100-200,40%-50%
Frozen Bottle,2026-07-29,WK 31,Hinjewadi,Swiggy,Dinner,COCO,MH,5073.0,3315.0,0.0,8108.0,0,19,40.88554514060188,267.0,200-300,40%-50%
Frozen Bottle,2026-07-29,WK 31,Hinjewadi,Swiggy,Late Night,COCO,MH,2123.68,1985.32,0.0,3969.0,0,11,50.02066011589821,193.06181818181815,100-200,50%-60%
Frozen Bottle,2026-07-29,WK 31,Hinjewadi,Swiggy,Lunch,COCO,MH,345.56,312.44,0.0,628.0,0,3,49.751592356687894,115.18666666666667,100-200,40%-50%
Frozen Bottle,2026-07-29,WK 31,Hinjewadi,Swiggy,Snacks,COCO,MH,401.68,446.32,0.0,808.0,0,4,55.237623762376245,100.42,100-200,50%-60%
Frozen Bottle,2026-07-29,WK 31,Hinjewadi,Zomato,Closing,COCO,MH,129.4,79.6,6.48,199.0,0,1,40.0,129.4,100-200,30%-40%
Frozen Bottle,2026-07-29,WK 31,Hinjewadi,Zomato,Dinner,COCO,MH,1678.25,1128.75,83.98,2707.0,0,8,41.697451052826004,209.78125,200-300,40%-50%
Frozen Bottle,2026-07-29,WK 31,Hinjewadi,Zomato,Late Night,COCO,MH,1550.0,465.0,77.52,1935.0,0,5,24.031007751937985,310.0,300-400,20%-30%
Frozen Bottle,2026-07-29,WK 31,Hinjewadi,Zomato,Lunch,COCO,MH,821.0,230.0,41.06,1011.0,0,2,22.74975272007913,410.5,400-500,20%-30%
Frozen Bottle,2026-07-29,WK 31,Hinjewadi,Zomato,Snacks,COCO,MH,602.1800000000001,346.82,30.119999999999997,919.0,0,3,37.73884657236126,200.7266666666667,200-300,30%-40%
Frozen Bottle,2026-07-29,WK 31,Hinjewadi Phase 3,In Store,Breakfast,COCO,MH,258.0,0.0,12.9,258.0,0,1,0.0,258.0,200-300,0%
Frozen Bottle,2026-07-29,WK 31,Hinjewadi Phase 3,In Store,Dinner,COCO,MH,1049.07,657.93,52.5,1707.0,0,13,38.54305799648506,80.69769230769231,0-100,30%-40%
Frozen Bottle,2026-07-29,WK 31,Hinjewadi Phase 3,In Store,Lunch,COCO,MH,379.68,423.32,19.0,803.0,0,7,52.7173100871731,54.24,0-100,50%-60%
Frozen Bottle,2026-07-29,WK 31,Hinjewadi Phase 3,In Store,Snacks,COCO,MH,418.0,0.0,20.9,418.0,0,1,0.0,418.0,400-500,0%
Frozen Bottle,2026-07-29,WK 31,Hinjewadi Phase 3,Swiggy,Dinner,COCO,MH,1684.0,1607.0,0.0,3151.0,0,11,50.99968264043161,153.0909090909091,100-200,50%-60%
Frozen Bottle,2026-07-29,WK 31,Hinjewadi Phase 3,Swiggy,Lunch,COCO,MH,377.0,363.0,0.0,710.0,0,3,51.12676056338028,125.66666666666667,100-200,50%-60%
Frozen Bottle,2026-07-29,WK 31,Hinjewadi Phase 3,Swiggy,Snacks,COCO,MH,998.3199999999999,930.6800000000001,0.0,1859.0,0,6,50.06347498655192,166.38666666666666,100-200,50%-60%
Frozen Bottle,2026-07-29,WK 31,Hinjewadi Phase 3,Zomato,Closing,COCO,MH,224.0,157.0,11.2,361.0,0,1,43.49030470914128,224.0,200-300,40%-50%
Frozen Bottle,2026-07-29,WK 31,Hinjewadi Phase 3,Zomato,Dinner,COCO,MH,1138.0,550.0,56.92,1628.0,0,5,33.78378378378378,227.6,200-300,30%-40%
Frozen Bottle,2026-07-29,WK 31,Hinjewadi Phase 3,Zomato,Late Night,COCO,MH,861.0,670.0,43.08,1471.0,0,3,45.547246770904145,287.0,200-300,40%-50%
Frozen Bottle,2026-07-29,WK 31,Hinjewadi Phase 3,Zomato,Lunch,COCO,MH,944.0,385.0,47.24,1279.0,0,3,30.101641907740422,314.6666666666667,300-400,30%-40%
Frozen Bottle,2026-07-29,WK 31,Hinjewadi Phase 3,Zomato,Snacks,COCO,MH,320.0,300.0,16.0,600.0,0,1,50.0,320.0,300-400,40%-50%
Frozen Bottle,2026-07-29,WK 31,Hosur,In Store,Dinner,FOFO,TN,1859.0,0.0,92.98,1859.0,0,6,0.0,309.8333333333333,300-400,0%
Frozen Bottle,2026-07-29,WK 31,Hosur,In Store,Lunch,FOFO,TN,372.23,0.0,18.62,372.23,0,2,0.0,186.115,100-200,0%
Frozen Bottle,2026-07-29,WK 31,Hosur,In Store,Snacks,FOFO,TN,2524.0,0.0,126.22,2524.0,0,7,0.0,360.57142857142856,300-400,0%
Frozen Bottle,2026-07-29,WK 31,Hosur,Swiggy,Dinner,FOFO,TN,1161.01,159.99,0.0,1251.0,0,1,12.788968824940047,1161.01,>900,10%-20%
Frozen Bottle,2026-07-29,WK 31,Hosur,Swiggy,Lunch,FOFO,TN,411.0,100.0,0.0,501.0,0,1,19.960079840319363,411.0,400-500,10%-20%
Frozen Bottle,2026-07-29,WK 31,Hosur,Swiggy,Snacks,FOFO,TN,2966.92,391.08,0.0,3238.0,0,6,12.077825818406424,494.4866666666667,400-500,10%-20%
Frozen Bottle,2026-07-29,WK 31,Hosur,Zomato,Dinner,FOFO,TN,767.25,209.75,38.38,937.0,0,3,22.38527214514408,255.75,200-300,20%-30%
Frozen Bottle,2026-07-29,WK 31,Hosur,Zomato,Lunch,FOFO,TN,528.0,250.0,26.42,748.0,0,3,33.42245989304813,176.0,100-200,30%-40%
Frozen Bottle,2026-07-29,WK 31,Hosur,Zomato,Snacks,FOFO,TN,3290.6,732.4,164.56,3863.0,0,6,18.95935801190784,548.4333333333333,500-600,10%-20%
Frozen Bottle,2026-07-29,WK 31,Hubballi,In Store,Dinner,FOFO,KA,605.0,0.0,30.259999999999998,605.0,0,2,0.0,302.5,300-400,0%
Frozen Bottle,2026-07-29,WK 31,Hubballi,Zomato,Dinner,FOFO,KA,431.0,100.0,21.560000000000002,511.0,0,2,19.569471624266143,215.5,200-300,10%-20%
Frozen Bottle,2026-07-29,WK 31,Hubballi,Zomato,Late Night,FOFO,KA,343.0,75.0,17.16,398.0,0,1,18.84422110552764,343.0,300-400,10%-20%
Frozen Bottle,2026-07-29,WK 31,Hubballi,Zomato,Snacks,FOFO,KA,109.0,100.0,5.46,199.0,0,1,50.25125628140703,109.0,100-200,50%-60%
Frozen Bottle,2026-07-29,WK 31,ITPL,In Store,Dinner,COCO,KA,1901.95,160.26,95.18,2062.21,0,13,7.771274506476061,146.30384615384617,100-200,1%-10%
Frozen Bottle,2026-07-29,WK 31,ITPL,In Store,Lunch,COCO,KA,740.75,0.0,37.06,740.75,0,3,0.0,246.91666666666666,200-300,0%
Frozen Bottle,2026-07-29,WK 31,ITPL,In Store,Snacks,COCO,KA,1766.75,0.0,88.4,1766.75,0,8,0.0,220.84375,200-300,0%
Frozen Bottle,2026-07-29,WK 31,ITPL,Ownly,Dinner,COCO,KA,313.0,0.0,15.66,313.0,0,1,0.0,313.0,300-400,0%
Frozen Bottle,2026-07-29,WK 31,ITPL,Swiggy,Dinner,COCO,KA,595.0,295.0,0.0,860.0,0,3,34.30232558139535,198.33333333333334,100-200,30%-40%
Frozen Bottle,2026-07-29,WK 31,ITPL,Swiggy,Late Night,COCO,KA,943.56,625.44,0.0,1509.0,0,4,41.44731610337973,235.89,200-300,40%-50%
Frozen Bottle,2026-07-29,WK 31,ITPL,Swiggy,Lunch,COCO,KA,653.0,545.0,0.0,1148.0,0,3,47.47386759581882,217.66666666666666,200-300,40%-50%
Frozen Bottle,2026-07-29,WK 31,ITPL,Swiggy,Snacks,COCO,KA,614.01,417.84000000000003,0.0,1001.85,0,3,41.706842341667915,204.67,200-300,40%-50%
Frozen Bottle,2026-07-29,WK 31,ITPL,Zomato,Dinner,COCO,KA,1320.0,1100.0,66.04,2340.0,0,4,47.008547008547005,330.0,300-400,40%-50%
Frozen Bottle,2026-07-29,WK 31,ITPL,Zomato,Late Night,COCO,KA,594.0,555.0,29.72,1109.0,0,3,50.04508566275925,198.0,100-200,50%-60%
Frozen Bottle,2026-07-29,WK 31,ITPL,Zomato,Lunch,COCO,KA,1452.3,824.7,72.62,2187.0,0,5,37.70919067215364,290.46,200-300,30%-40%
Frozen Bottle,2026-07-29,WK 31,ITPL,Zomato,Snacks,COCO,KA,444.0,135.0,22.22,559.0,0,2,24.15026833631485,222.0,200-300,20%-30%
Frozen Bottle,2026-07-29,WK 31,Indiranagar - CK,Ownly,Dinner,COCO,KA,552.0,0.0,27.599999999999998,552.0,0,2,0.0,276.0,200-300,0%
Frozen Bottle,2026-07-29,WK 31,Indiranagar - CK,Swiggy,Dinner,COCO,KA,2260.76,1426.57,0.0,3547.33,0,11,40.21531687212636,205.52363636363637,200-300,40%-50%
Frozen Bottle,2026-07-29,WK 31,Indiranagar - CK,Swiggy,Lunch,COCO,KA,804.76,338.57000000000005,0.0,1093.33,0,4,30.966862703849714,201.19,200-300,30%-40%
Frozen Bottle,2026-07-29,WK 31,Indiranagar - CK,Swiggy,Snacks,COCO,KA,1245.2,544.8,0.0,1720.0,0,5,31.674418604651162,249.04000000000002,200-300,30%-40%
Frozen Bottle,2026-07-29,WK 31,Indiranagar - CK,Zomato,Dinner,COCO,KA,833.0,407.0,41.68,1200.0,0,3,33.916666666666664,277.6666666666667,200-300,30%-40%
Frozen Bottle,2026-07-29,WK 31,Indiranagar - CK,Zomato,Late Night,COCO,KA,156.0,90.66,7.8,226.66,0,1,39.998235242213006,156.0,100-200,30%-40%
Frozen Bottle,2026-07-29,WK 31,Indiranagar - CK,Zomato,Lunch,COCO,KA,186.0,135.0,9.3,311.0,0,1,43.40836012861736,186.0,100-200,40%-50%
Frozen Bottle,2026-07-29,WK 31,Indiranagar - CK,Zomato,Snacks,COCO,KA,398.0,302.0,19.92,680.0,0,2,44.41176470588235,199.0,100-200,40%-50%
Frozen Bottle,2026-07-29,WK 31,Iyyappanthangal - CK,Swiggy,Dinner,COCO,TN,3960.88,3215.12,0.0,6926.0,0,16,46.421022235056306,247.555,200-300,40%-50%
Frozen Bottle,2026-07-29,WK 31,Iyyappanthangal - CK,Swiggy,Late Night,COCO,TN,2585.0,1232.0,0.0,3687.0,0,8,33.41470029834554,323.125,300-400,30%-40%
Frozen Bottle,2026-07-29,WK 31,Iyyappanthangal - CK,Swiggy,Lunch,COCO,TN,964.0,798.0,0.0,1702.0,0,4,46.88601645123384,241.0,200-300,40%-50%
Frozen Bottle,2026-07-29,WK 31,Iyyappanthangal - CK,Swiggy,Snacks,COCO,TN,685.96,507.04,0.0,1143.0,0,4,44.36045494313211,171.49,100-200,40%-50%
Frozen Bottle,2026-07-29,WK 31,Iyyappanthangal - CK,Zomato,Dinner,COCO,TN,834.5,614.5,41.74,1399.0,0,4,43.924231593995714,208.625,200-300,40%-50%
Frozen Bottle,2026-07-29,WK 31,Iyyappanthangal - CK,Zomato,Late Night,COCO,TN,209.5,199.5,10.48,399.0,0,1,50.0,209.5,200-300,40%-50%
Frozen Bottle,2026-07-29,WK 31,Iyyappanthangal - CK,Zomato,Lunch,COCO,TN,735.0,344.99,36.76,1049.99,0,1,32.85650339527043,735.0,600-900,30%-40%
Frozen Bottle,2026-07-29,WK 31,Iyyappanthangal - CK,Zomato,Snacks,COCO,TN,1603.0,542.0,80.2,2065.0,0,4,26.246973365617432,400.75,400-500,20%-30%
Frozen Bottle,2026-07-29,WK 31,JP Nagar,In Store,Dinner,COCO,KA,1928.8899999999999,429.09000000000003,96.56,2357.98,0,16,18.19735536348909,120.55562499999999,100-200,10%-20%
Frozen Bottle,2026-07-29,WK 31,JP Nagar,In Store,Late Night,COCO,KA,895.06,0.0,44.78,895.06,0,3,0.0,298.3533333333333,200-300,0%
Frozen Bottle,2026-07-29,WK 31,JP Nagar,In Store,Lunch,COCO,KA,723.41,134.99,36.2,858.4,0,5,15.725768872320597,144.682,100-200,10%-20%
Frozen Bottle,2026-07-29,WK 31,JP Nagar,In Store,Snacks,COCO,KA,2282.41,261.71999999999997,114.16,2544.13,0,14,10.287210166147169,163.0292857142857,100-200,10%-20%
Frozen Bottle,2026-07-29,WK 31,JP Nagar,Ownly,Dinner,COCO,KA,816.0,0.0,40.8,816.0,0,1,0.0,816.0,600-900,0%
Frozen Bottle,2026-07-29,WK 31,JP Nagar,Swiggy,Breakfast,COCO,KA,596.0,263.0,0.0,829.0,0,2,31.72496984318456,298.0,200-300,30%-40%
Frozen Bottle,2026-07-29,WK 31,JP Nagar,Swiggy,Dinner,COCO,KA,782.2,658.8,0.0,1381.0,0,6,47.70456191165822,130.36666666666667,100-200,40%-50%
Frozen Bottle,2026-07-29,WK 31,JP Nagar,Swiggy,Late Night,COCO,KA,1751.0,448.0,0.0,2119.0,0,3,21.142048135913168,583.6666666666666,500-600,20%-30%
Frozen Bottle,2026-07-29,WK 31,JP Nagar,Swiggy,Lunch,COCO,KA,682.87,719.46,0.0,1362.33,0,5,52.81099293122812,136.574,100-200,50%-60%
Frozen Bottle,2026-07-29,WK 31,JP Nagar,Swiggy,Snacks,COCO,KA,1096.24,534.09,0.0,1550.33,0,4,34.45008482065109,274.06,200-300,30%-40%
Frozen Bottle,2026-07-29,WK 31,JP Nagar,Zomato,Breakfast,COCO,KA,487.6,425.4,24.380000000000003,873.0,0,2,48.72852233676976,243.8,200-300,40%-50%
Frozen Bottle,2026-07-29,WK 31,JP Nagar,Zomato,Dinner,COCO,KA,590.0,450.0,29.52,1010.0,0,3,44.554455445544555,196.66666666666666,100-200,40%-50%
Frozen Bottle,2026-07-29,WK 31,JP Nagar,Zomato,Late Night,COCO,KA,140.0,140.0,7.0,270.0,0,1,51.85185185185185,140.0,100-200,50%-60%
Frozen Bottle,2026-07-29,WK 31,JP Nagar,Zomato,Lunch,COCO,KA,998.0,100.0,49.92,1058.0,0,4,9.45179584120983,249.5,200-300,1%-10%
Frozen Bottle,2026-07-29,WK 31,JP Nagar,Zomato,Snacks,COCO,KA,1310.98,204.35,65.58,1445.33,0,5,14.138639618633809,262.196,200-300,10%-20%
Frozen Bottle,2026-07-29,WK 31,Jamshedpur,In Store,Dinner,FOFO,ROI,2001.05,800.0,100.10000000000001,2801.05,0,12,28.560718302065297,166.75416666666666,100-200,20%-30%
Frozen Bottle,2026-07-29,WK 31,Jamshedpur,In Store,Snacks,FOFO,ROI,138.0,200.0,6.9,338.0,0,1,59.171597633136095,138.0,100-200,50%-60%
Frozen Bottle,2026-07-29,WK 31,Jamshedpur,Swiggy,Lunch,FOFO,ROI,419.0,0.0,0.0,399.0,0,1,0.0,419.0,400-500,0%
Frozen Bottle,2026-07-29,WK 31,Jamshedpur,Swiggy,Snacks,FOFO,ROI,330.0,0.0,0.0,320.0,0,1,0.0,330.0,300-400,0%
Frozen Bottle,2026-07-29,WK 31,Jamshedpur,Zomato,Dinner,FOFO,ROI,1455.8,148.2,72.8,1544.0,0,3,9.59844559585492,485.26666666666665,400-500,1%-10%
Frozen Bottle,2026-07-29,WK 31,Jamshedpur,Zomato,Lunch,FOFO,ROI,171.0,69.0,8.56,230.0,0,1,30.0,171.0,100-200,20%-30%
Frozen Bottle,2026-07-29,WK 31,Jamshedpur,Zomato,Snacks,FOFO,ROI,1046.0,294.0,52.32000000000001,1290.0,0,4,22.790697674418606,261.5,200-300,20%-30%
Frozen Bottle,2026-07-29,WK 31,Jim Corbett,In Store,Dinner,FOFO,ROI,635.0,0.0,31.759999999999998,635.0,0,2,0.0,317.5,300-400,0%
Frozen Bottle,2026-07-29,WK 31,Jim Corbett,In Store,Lunch,FOFO,ROI,158.0,0.0,7.9,158.0,0,1,0.0,158.0,100-200,0%
Frozen Bottle,2026-07-29,WK 31,Jim Corbett,In Store,Snacks,FOFO,ROI,218.0,0.0,10.9,218.0,0,1,0.0,218.0,200-300,0%
Frozen Bottle,2026-07-29,WK 31,Jim Corbett,Zomato,Snacks,FOFO,ROI,338.0,80.0,16.92,398.0,0,1,20.100502512562816,338.0,300-400,20%-30%
Frozen Bottle,2026-07-29,WK 31,Jubilee Hills,In Store,Dinner,FOFO,AP & TL,69.0,0.0,3.46,69.0,0,1,0.0,69.0,0-100,0%
Frozen Bottle,2026-07-29,WK 31,Jubilee Hills,In Store,Lunch,FOFO,AP & TL,585.0,0.0,29.259999999999998,585.0,0,2,0.0,292.5,200-300,0%
Frozen Bottle,2026-07-29,WK 31,Jubilee Hills,In Store,Snacks,FOFO,AP & TL,921.0,0.0,46.1,921.0,0,6,0.0,153.5,100-200,0%
Frozen Bottle,2026-07-29,WK 31,Jubilee Hills,Swiggy,Dinner,FOFO,AP & TL,469.15,29.85,0.0,479.0,0,2,6.231732776617954,234.575,200-300,1%-10%
Frozen Bottle,2026-07-29,WK 31,Jubilee Hills,Swiggy,Late Night,FOFO,AP & TL,190.0,0.0,0.0,180.0,0,1,0.0,190.0,100-200,0%
Frozen Bottle,2026-07-29,WK 31,Jubilee Hills,Zomato,Dinner,FOFO,AP & TL,3123.0,125.0,156.18,3148.0,0,6,3.9707750952986025,520.5,500-600,1%-10%
Frozen Bottle,2026-07-29,WK 31,Jubilee Hills,Zomato,Late Night,FOFO,AP & TL,190.0,0.0,9.5,180.0,0,1,0.0,190.0,100-200,0%
Frozen Bottle,2026-07-29,WK 31,Kadubisanahalli - CF CK,Ownly,Dinner,COCO,KA,217.0,0.0,10.86,217.0,0,1,0.0,217.0,200-300,0%
Frozen Bottle,2026-07-29,WK 31,Kadubisanahalli - CF CK,Swiggy,Dinner,COCO,KA,2687.0,1354.33,0.0,3911.33,0,10,34.62581781644607,268.7,200-300,30%-40%
Frozen Bottle,2026-07-29,WK 31,Kadubisanahalli - CF CK,Swiggy,Late Night,COCO,KA,939.0,432.0,0.0,1321.0,0,3,32.70249810749432,313.0,300-400,30%-40%
Frozen Bottle,2026-07-29,WK 31,Kadubisanahalli - CF CK,Swiggy,Snacks,COCO,KA,1104.0,661.0,0.0,1705.0,0,5,38.7683284457478,220.8,200-300,30%-40%
Frozen Bottle,2026-07-29,WK 31,Kadubisanahalli - CF CK,Zomato,Dinner,COCO,KA,2555.1,1323.9,127.75999999999999,3759.0,0,6,35.219473264166,425.84999999999997,400-500,30%-40%
Frozen Bottle,2026-07-29,WK 31,Kadubisanahalli - CF CK,Zomato,Late Night,COCO,KA,334.1,134.9,16.72,449.0,0,1,30.0445434298441,334.1,300-400,30%-40%
Frozen Bottle,2026-07-29,WK 31,Kadubisanahalli - CF CK,Zomato,Lunch,COCO,KA,174.0,135.0,8.7,299.0,0,1,45.1505016722408,174.0,100-200,40%-50%
Frozen Bottle,2026-07-29,WK 31,Kadubisanahalli - CF CK,Zomato,Snacks,COCO,KA,1505.28,993.72,75.3,2409.0,0,6,41.25031133250312,250.88,200-300,40%-50%
Frozen Bottle,2026-07-29,WK 31,Kakkanad,In Store,Closing,COCO,Kerela,607.0,0.0,30.36,607.0,0,1,0.0,607.0,600-900,0%
Frozen Bottle,2026-07-29,WK 31,Kakkanad,In Store,Dinner,COCO,Kerela,657.0,0.0,32.86,657.0,0,2,0.0,328.5,300-400,0%
Frozen Bottle,2026-07-29,WK 31,Kakkanad,In Store,Late Night,COCO,Kerela,139.0,0.0,6.96,139.0,0,1,0.0,139.0,100-200,0%
Frozen Bottle,2026-07-29,WK 31,Kakkanad,In Store,Lunch,COCO,Kerela,544.22,128.78,27.240000000000002,673.0,0,4,19.13521545319465,136.055,100-200,10%-20%
Frozen Bottle,2026-07-29,WK 31,Kakkanad,In Store,Snacks,COCO,Kerela,537.0,0.0,26.86,537.0,0,2,0.0,268.5,200-300,0%
Frozen Bottle,2026-07-29,WK 31,Kakkanad,Others,Dinner,COCO,Kerela,449.0,0.0,22.46,429.0,0,1,0.0,449.0,400-500,0%
Frozen Bottle,2026-07-29,WK 31,Kakkanad,Swiggy,Closing,COCO,Kerela,330.0,0.0,0.0,320.0,0,1,0.0,330.0,300-400,0%
Frozen Bottle,2026-07-29,WK 31,Kakkanad,Swiggy,Dinner,COCO,Kerela,4846.57,3473.43,0.0,8080.0,0,18,42.98799504950495,269.25388888888887,200-300,40%-50%
Frozen Bottle,2026-07-29,WK 31,Kakkanad,Swiggy,Late Night,COCO,Kerela,1725.0,1334.0,0.0,2959.0,0,7,45.08279824264954,246.42857142857142,200-300,40%-50%
Frozen Bottle,2026-07-29,WK 31,Kakkanad,Swiggy,Lunch,COCO,Kerela,1633.0,1084.0,0.0,2617.0,0,9,41.42147497134123,181.44444444444446,100-200,40%-50%
Frozen Bottle,2026-07-29,WK 31,Kakkanad,Swiggy,Snacks,COCO,Kerela,861.12,950.8800000000001,0.0,1752.0,0,4,54.273972602739725,215.28,200-300,50%-60%
Frozen Bottle,2026-07-29,WK 31,Kakkanad,Zomato,Dinner,COCO,Kerela,852.55,577.45,42.66,1380.0,0,3,41.844202898550726,284.18333333333334,200-300,40%-50%
Frozen Bottle,2026-07-29,WK 31,Kakkanad,Zomato,Lunch,COCO,Kerela,658.0,370.0,32.92,988.0,0,4,37.449392712550605,164.5,100-200,30%-40%
Frozen Bottle,2026-07-29,WK 31,Kakkanad,Zomato,Snacks,COCO,Kerela,894.28,605.72,44.739999999999995,1450.0,0,3,41.77379310344828,298.0933333333333,200-300,40%-50%
Frozen Bottle,2026-07-29,WK 31,Kakkanad-2,In Store,Dinner,FOFO,Kerela,328.0,0.0,16.42,328.0,0,2,0.0,164.0,100-200,0%
Frozen Bottle,2026-07-29,WK 31,Kakkanad-2,In Store,Snacks,FOFO,Kerela,1014.0,0.0,50.7,1014.0,0,1,0.0,1014.0,>900,0%
Frozen Bottle,2026-07-29,WK 31,Kakkanad-2,Swiggy,Dinner,FOFO,Kerela,1691.0,123.0,0.0,1764.0,0,6,6.972789115646258,281.8333333333333,200-300,1%-10%
Frozen Bottle,2026-07-29,WK 31,Kakkanad-2,Swiggy,Lunch,FOFO,Kerela,755.0,73.0,0.0,828.0,0,2,8.816425120772948,377.5,300-400,1%-10%
Frozen Bottle,2026-07-29,WK 31,Kakkanad-2,Swiggy,Snacks,FOFO,Kerela,824.0,0.0,0.0,804.0,0,2,0.0,412.0,400-500,0%
Frozen Bottle,2026-07-29,WK 31,Kakkanad-2,Zomato,Dinner,FOFO,Kerela,418.0,0.0,20.92,398.0,0,2,0.0,209.0,200-300,0%
Frozen Bottle,2026-07-29,WK 31,Kakkanad-2,Zomato,Snacks,FOFO,Kerela,209.0,0.0,10.46,199.0,0,1,0.0,209.0,200-300,0%
Frozen Bottle,2026-07-29,WK 31,Kalyan,In Store,Dinner,COCO,MH,492.23,0.0,24.619999999999997,492.23,0,3,0.0,164.07666666666668,100-200,0%
Frozen Bottle,2026-07-29,WK 31,Kalyan,In Store,Lunch,COCO,MH,1362.0900000000001,444.91,68.1,1807.0,0,3,24.62147205312673,454.03000000000003,400-500,20%-30%
Frozen Bottle,2026-07-29,WK 31,Kalyan,In Store,Snacks,COCO,MH,1980.0,0.0,99.02,1980.0,0,4,0.0,495.0,400-500,0%
Frozen Bottle,2026-07-29,WK 31,Kalyan,Swiggy,Dinner,COCO,MH,443.56,324.44,0.0,738.0,0,3,43.96205962059621,147.85333333333332,100-200,40%-50%
Frozen Bottle,2026-07-29,WK 31,Kalyan,Swiggy,Late Night,COCO,MH,516.56,333.44,0.0,810.0,0,3,41.16543209876543,172.18666666666664,100-200,40%-50%
Frozen Bottle,2026-07-29,WK 31,Kalyan,Swiggy,Lunch,COCO,MH,1522.0,879.0,0.0,2321.0,0,6,37.87160706591986,253.66666666666666,200-300,30%-40%
Frozen Bottle,2026-07-29,WK 31,Kalyan,Swiggy,Snacks,COCO,MH,860.12,838.88,0.0,1629.0,0,5,51.496623695518714,172.024,100-200,50%-60%
Frozen Bottle,2026-07-29,WK 31,Kalyan,Zomato,Dinner,COCO,MH,1295.1599999999999,1024.17,64.78,2229.33,0,5,45.94070864340408,259.032,200-300,40%-50%
Frozen Bottle,2026-07-29,WK 31,Kalyan,Zomato,Late Night,COCO,MH,385.0,355.0,19.259999999999998,710.0,0,2,50.0,192.5,100-200,40%-50%
Frozen Bottle,2026-07-29,WK 31,Kalyan,Zomato,Lunch,COCO,MH,964.0,495.0,48.239999999999995,1399.0,0,4,35.38241601143674,241.0,200-300,30%-40%
Frozen Bottle,2026-07-29,WK 31,Kalyan,Zomato,Snacks,COCO,MH,262.03,27.97,13.1,280.0,0,1,9.989285714285714,262.03,200-300,1%-10%
Frozen Bottle,2026-07-29,WK 31,Kammanhalli,In Store,Dinner,COCO,KA,3488.66,704.34,174.46,4193.0,0,16,16.797996661101838,218.04125,200-300,10%-20%
Frozen Bottle,2026-07-29,WK 31,Kammanhalli,In Store,Late Night,COCO,KA,249.0,0.0,12.46,249.0,0,1,0.0,249.0,200-300,0%
Frozen Bottle,2026-07-29,WK 31,Kammanhalli,In Store,Lunch,COCO,KA,618.49,803.54,30.94,1422.03,0,4,56.506543462514855,154.6225,100-200,50%-60%
Frozen Bottle,2026-07-29,WK 31,Kammanhalli,In Store,Snacks,COCO,KA,1977.14,0.0,98.9,1977.14,0,5,0.0,395.428,300-400,0%
Frozen Bottle,2026-07-29,WK 31,Kammanhalli,Ownly,Dinner,COCO,KA,662.0,0.0,33.1,662.0,0,2,0.0,331.0,300-400,0%
Frozen Bottle,2026-07-29,WK 31,Kammanhalli,Swiggy,Breakfast,COCO,KA,357.0,363.0,0.0,690.0,0,2,52.60869565217391,178.5,100-200,50%-60%
Frozen Bottle,2026-07-29,WK 31,Kammanhalli,Swiggy,Dinner,COCO,KA,5506.02,2351.83,13.4,7587.85,0,13,30.99468228813168,423.54,400-500,30%-40%
Frozen Bottle,2026-07-29,WK 31,Kammanhalli,Swiggy,Late Night,COCO,KA,1792.0,709.0,0.0,2421.0,0,5,29.285419248244526,358.4,300-400,20%-30%
Frozen Bottle,2026-07-29,WK 31,Kammanhalli,Swiggy,Lunch,COCO,KA,1536.0,666.0,0.0,2132.0,0,6,31.238273921200747,256.0,200-300,30%-40%
Frozen Bottle,2026-07-29,WK 31,Kammanhalli,Swiggy,Snacks,COCO,KA,1301.0,837.0,0.0,2088.0,0,6,40.08620689655172,216.83333333333334,200-300,40%-50%
Frozen Bottle,2026-07-29,WK 31,Kammanhalli,Zomato,Dinner,COCO,KA,966.0,734.0,48.32,1650.0,0,4,44.484848484848484,241.5,200-300,40%-50%
Frozen Bottle,2026-07-29,WK 31,Kammanhalli,Zomato,Late Night,COCO,KA,1648.4,1271.6,82.44,2830.0,0,7,44.93286219081271,235.4857142857143,200-300,40%-50%
Frozen Bottle,2026-07-29,WK 31,Kammanhalli,Zomato,Lunch,COCO,KA,280.0,0.0,14.0,270.0,0,1,0.0,280.0,200-300,0%
Frozen Bottle,2026-07-29,WK 31,Kammanhalli,Zomato,Snacks,COCO,KA,1429.0,1190.01,71.46000000000001,2539.01,0,5,46.86905526169649,285.8,200-300,40%-50%
Frozen Bottle,2026-07-29,WK 31,Kamothe,In Store,Dinner,COCO,MH,714.0,0.0,35.72,714.0,0,3,0.0,238.0,200-300,0%
Frozen Bottle,2026-07-29,WK 31,Kamothe,In Store,Lunch,COCO,MH,218.05,326.95,10.9,545.0,0,1,59.99082568807339,218.05,200-300,50%-60%
Frozen Bottle,2026-07-29,WK 31,Kamothe,In Store,Snacks,COCO,MH,267.0,0.0,13.36,267.0,0,2,0.0,133.5,100-200,0%
Frozen Bottle,2026-07-29,WK 31,Kamothe,Others,Dinner,COCO,MH,110.17,230.83,5.5,331.0,0,1,69.73716012084591,110.17,100-200,60%-70%
Frozen Bottle,2026-07-29,WK 31,Kamothe,Swiggy,Dinner,COCO,MH,938.0,382.0,0.0,1280.0,0,3,29.843750000000004,312.6666666666667,300-400,20%-30%
Frozen Bottle,2026-07-29,WK 31,Kamothe,Swiggy,Late Night,COCO,MH,119.0,121.0,0.0,230.0,0,1,52.60869565217391,119.0,100-200,50%-60%
Frozen Bottle,2026-07-29,WK 31,Kamothe,Swiggy,Snacks,COCO,MH,965.0,953.0,0.0,1868.0,0,3,51.01713062098501,321.6666666666667,300-400,50%-60%
Frozen Bottle,2026-07-29,WK 31,Kamothe,Zomato,Dinner,COCO,MH,935.0,655.0,46.78,1540.0,0,4,42.532467532467535,233.75,200-300,40%-50%
Frozen Bottle,2026-07-29,WK 31,Kamothe,Zomato,Late Night,COCO,MH,280.0,120.0,14.0,390.0,0,1,30.76923076923077,280.0,200-300,30%-40%
Frozen Bottle,2026-07-29,WK 31,Kamothe,Zomato,Lunch,COCO,MH,730.0,180.0,36.5,870.0,0,2,20.689655172413794,365.0,300-400,20%-30%
Frozen Bottle,2026-07-29,WK 31,Kamothe,Zomato,Snacks,COCO,MH,205.0,135.0,10.26,330.0,0,1,40.909090909090914,205.0,200-300,40%-50%
Frozen Bottle,2026-07-29,WK 31,Kanakapura,In Store,Dinner,COCO,KA,1310.5,0.0,65.58000000000001,1310.5,0,7,0.0,187.21428571428572,100-200,0%
Frozen Bottle,2026-07-29,WK 31,Kanakapura,In Store,Snacks,COCO,KA,989.99,295.9,49.52,1285.8899999999999,0,7,23.011299566836975,141.42714285714285,100-200,20%-30%
Frozen Bottle,2026-07-29,WK 31,Kanakapura,Ownly,Snacks,COCO,KA,149.0,0.0,7.46,149.0,0,1,0.0,149.0,100-200,0%
Frozen Bottle,2026-07-29,WK 31,Kanakapura,Swiggy,Dinner,COCO,KA,3387.41,1631.25,0.0,4808.66,0,13,33.923171943951125,260.57,200-300,30%-40%
Frozen Bottle,2026-07-29,WK 31,Kanakapura,Swiggy,Late Night,COCO,KA,514.56,403.44,0.0,898.0,0,3,44.92650334075724,171.51999999999998,100-200,40%-50%
Frozen Bottle,2026-07-29,WK 31,Kanakapura,Swiggy,Lunch,COCO,KA,373.0,162.0,0.0,525.0,0,2,30.857142857142854,186.5,100-200,30%-40%
Frozen Bottle,2026-07-29,WK 31,Kanakapura,Swiggy,Snacks,COCO,KA,1180.56,996.44,0.0,2097.0,0,5,47.517405817835005,236.112,200-300,40%-50%
Frozen Bottle,2026-07-29,WK 31,Kanakapura,Zomato,Dinner,COCO,KA,1134.52,916.3299999999999,56.76,1980.85,0,4,46.25943408132872,283.63,200-300,40%-50%
Frozen Bottle,2026-07-29,WK 31,Kanakapura,Zomato,Late Night,COCO,KA,754.7199999999999,345.13,37.76,1049.85,0,3,32.87422012668477,251.5733333333333,200-300,30%-40%
Frozen Bottle,2026-07-29,WK 31,Kanakapura,Zomato,Lunch,COCO,KA,1866.4,1029.6100000000001,93.36,2786.01,0,4,36.956435906547355,466.6,400-500,30%-40%
Frozen Bottle,2026-07-29,WK 31,Kanakapura,Zomato,Snacks,COCO,KA,1168.0,690.0,58.42,1788.0,0,5,38.59060402684564,233.6,200-300,30%-40%
Frozen Bottle,2026-07-29,WK 31,Kancheepuram,In Store,Dinner,FOFO,TN,3264.51,0.0,163.34,3264.51,0,17,0.0,192.03,100-200,0%
Frozen Bottle,2026-07-29,WK 31,Kancheepuram,In Store,Lunch,FOFO,TN,735.0,0.0,36.78,735.0,0,4,0.0,183.75,100-200,0%
Frozen Bottle,2026-07-29,WK 31,Kancheepuram,In Store,Snacks,FOFO,TN,4171.23,0.0,208.58,4171.23,0,12,0.0,347.60249999999996,300-400,0%
Frozen Bottle,2026-07-29,WK 31,Kancheepuram,Swiggy,Lunch,FOFO,TN,564.0,0.0,0.0,544.0,0,2,0.0,282.0,200-300,0%
Frozen Bottle,2026-07-29,WK 31,Kancheepuram,Swiggy,Snacks,FOFO,TN,911.0,0.0,0.0,881.0,0,2,0.0,455.5,400-500,0%
Frozen Bottle,2026-07-29,WK 31,Kanuru,In Store,Dinner,FOFO,AP & TL,199.0,0.0,9.96,199.0,0,1,0.0,199.0,100-200,0%
Frozen Bottle,2026-07-29,WK 31,Kanuru,In Store,Lunch,FOFO,AP & TL,576.0,0.0,28.82,576.0,0,3,0.0,192.0,100-200,0%
Frozen Bottle,2026-07-29,WK 31,Kanuru,In Store,Snacks,FOFO,AP & TL,825.0,0.0,41.28,825.0,0,4,0.0,206.25,200-300,0%
Frozen Bottle,2026-07-29,WK 31,Kanuru,Swiggy,Dinner,FOFO,AP & TL,398.0,0.0,0.0,388.0,0,1,0.0,398.0,300-400,0%
Frozen Bottle,2026-07-29,WK 31,Kanuru,Zomato,Closing,FOFO,AP & TL,340.0,0.0,17.0,330.0,0,1,0.0,340.0,300-400,0%
Frozen Bottle,2026-07-29,WK 31,Kanuru,Zomato,Dinner,FOFO,AP & TL,240.0,0.0,12.0,230.0,0,1,0.0,240.0,200-300,0%
Frozen Bottle,2026-07-29,WK 31,Kanuru,Zomato,Snacks,FOFO,AP & TL,541.0,0.0,27.06,531.0,0,1,0.0,541.0,500-600,0%
Frozen Bottle,2026-07-29,WK 31,Karaikal,In Store,Dinner,FOFO,TN,1931.23,0.0,96.58,1931.23,0,7,0.0,275.89,200-300,0%
Frozen Bottle,2026-07-29,WK 31,Karaikal,In Store,Lunch,FOFO,TN,1324.0,0.0,66.19999999999999,1324.0,0,2,0.0,662.0,600-900,0%
Frozen Bottle,2026-07-29,WK 31,Karaikal,In Store,Snacks,FOFO,TN,2755.0,0.0,137.78,2755.0,0,6,0.0,459.1666666666667,400-500,0%
Frozen Bottle,2026-07-29,WK 31,Karaikal,Swiggy,Dinner,FOFO,TN,209.0,0.0,0.0,199.0,0,1,0.0,209.0,200-300,0%
Frozen Bottle,2026-07-29,WK 31,Karaikal,Swiggy,Lunch,FOFO,TN,1608.0,0.0,0.0,1548.0,0,3,0.0,536.0,500-600,0%
Frozen Bottle,2026-07-29,WK 31,Karaikal,Zomato,Dinner,FOFO,TN,615.0,0.0,30.76,595.0,0,1,0.0,615.0,600-900,0%
Frozen Bottle,2026-07-29,WK 31,Karaikal,Zomato,Lunch,FOFO,TN,748.0,0.0,37.42,718.0,0,1,0.0,748.0,600-900,0%
Frozen Bottle,2026-07-29,WK 31,Karaikal,Zomato,Snacks,FOFO,TN,810.0,0.0,40.5,790.0,0,2,0.0,405.0,400-500,0%
Frozen Bottle,2026-07-29,WK 31,Kazhakkoottam,In Store,Dinner,FOFO,Kerela,1870.0,0.0,93.52,1870.0,0,6,0.0,311.6666666666667,300-400,0%
Frozen Bottle,2026-07-29,WK 31,Kazhakkoottam,In Store,Late Night,FOFO,Kerela,447.0,0.0,22.36,447.0,0,1,0.0,447.0,400-500,0%
Frozen Bottle,2026-07-29,WK 31,Kazhakkoottam,In Store,Lunch,FOFO,Kerela,318.0,0.0,15.920000000000002,318.0,0,2,0.0,159.0,100-200,0%
Frozen Bottle,2026-07-29,WK 31,Kazhakkoottam,In Store,Snacks,FOFO,Kerela,537.0,0.0,26.86,537.0,0,2,0.0,268.5,200-300,0%
Frozen Bottle,2026-07-29,WK 31,Kazhakkoottam,Swiggy,Dinner,FOFO,Kerela,1521.0,182.0,0.0,1663.0,0,3,10.944076969332531,507.0,500-600,10%-20%
Frozen Bottle,2026-07-29,WK 31,Kazhakkoottam,Swiggy,Snacks,FOFO,Kerela,1053.0,97.0,0.0,1120.0,0,2,8.660714285714285,526.5,500-600,1%-10%
Frozen Bottle,2026-07-29,WK 31,Kazhakkoottam,Zomato,Dinner,FOFO,Kerela,211.0,50.0,10.56,251.0,0,1,19.9203187250996,211.0,200-300,10%-20%
Frozen Bottle,2026-07-29,WK 31,Kempfort,In Store,Dinner,COCO,KA,1632.8899999999999,127.57,81.68,1760.46,0,6,7.24640150869659,272.1483333333333,200-300,1%-10%
Frozen Bottle,2026-07-29,WK 31,Kempfort,In Store,Late Night,COCO,KA,89.92,128.07999999999998,4.5,218.0,0,2,58.75229357798164,44.96,0-100,50%-60%
Frozen Bottle,2026-07-29,WK 31,Kempfort,In Store,Snacks,COCO,KA,496.73,128.27,24.880000000000003,625.0,0,5,20.523200000000003,99.346,0-100,20%-30%
Frozen Bottle,2026-07-29,WK 31,Kempfort,Ownly,Late Night,COCO,KA,366.0,0.0,18.3,366.0,0,1,0.0,366.0,300-400,0%
Frozen Bottle,2026-07-29,WK 31,Kempfort,Ownly,Snacks,COCO,KA,209.0,0.0,10.46,209.0,0,1,0.0,209.0,200-300,0%
Frozen Bottle,2026-07-29,WK 31,Kempfort,Swiggy,Dinner,COCO,KA,3116.69,2064.31,0.0,5011.0,0,14,41.19556974655757,222.62071428571429,200-300,40%-50%
Frozen Bottle,2026-07-29,WK 31,Kempfort,Swiggy,Late Night,COCO,KA,2179.57,1512.43,0.0,3572.0,0,12,42.3412653975364,181.63083333333336,100-200,40%-50%
Frozen Bottle,2026-07-29,WK 31,Kempfort,Swiggy,Lunch,COCO,KA,258.0,222.0,0.0,460.0,0,2,48.26086956521739,129.0,100-200,40%-50%
Frozen Bottle,2026-07-29,WK 31,Kempfort,Swiggy,Snacks,COCO,KA,1798.58,891.4100000000001,0.0,2589.99,0,6,34.41750740350349,299.7633333333333,200-300,30%-40%
Frozen Bottle,2026-07-29,WK 31,Kempfort,Zomato,Dinner,COCO,KA,982.1,844.9,49.14,1757.0,0,4,48.08764940239044,245.525,200-300,40%-50%
Frozen Bottle,2026-07-29,WK 31,Kempfort,Zomato,Late Night,COCO,KA,678.0,180.0,33.92,828.0,0,3,21.73913043478261,226.0,200-300,20%-30%
Frozen Bottle,2026-07-29,WK 31,Kengeri,In Store,Dinner,FOFO,KA,2150.0,0.0,107.5,2150.0,0,4,0.0,537.5,500-600,0%
Frozen Bottle,2026-07-29,WK 31,Kengeri,In Store,Snacks,FOFO,KA,805.0,0.0,40.28,805.0,0,4,0.0,201.25,200-300,0%
Frozen Bottle,2026-07-29,WK 31,Kengeri,Swiggy,Breakfast,FOFO,KA,203.2,36.8,0.0,230.0,0,1,15.999999999999998,203.2,200-300,10%-20%
Frozen Bottle,2026-07-29,WK 31,Kengeri,Swiggy,Dinner,FOFO,KA,400.0,149.0,0.0,539.0,0,2,27.643784786641927,200.0,100-200,20%-30%
Frozen Bottle,2026-07-29,WK 31,Kengeri,Swiggy,Late Night,FOFO,KA,430.0,100.0,0.0,510.0,0,1,19.607843137254903,430.0,400-500,10%-20%
Frozen Bottle,2026-07-29,WK 31,Kengeri,Zomato,Closing,FOFO,KA,258.3,159.7,12.92,398.0,0,2,40.12562814070351,129.15,100-200,40%-50%
Frozen Bottle,2026-07-29,WK 31,Kengeri,Zomato,Dinner,FOFO,KA,331.0,0.0,16.56,321.0,0,1,0.0,331.0,300-400,0%
Frozen Bottle,2026-07-29,WK 31,Kengeri,Zomato,Late Night,FOFO,KA,292.6,174.4,14.64,447.0,0,2,39.01565995525727,146.3,100-200,30%-40%
Frozen Bottle,2026-07-29,WK 31,Kengeri,Zomato,Snacks,FOFO,KA,289.0,200.0,14.46,469.0,0,2,42.643923240938165,144.5,100-200,40%-50%
Frozen Bottle,2026-07-29,WK 31,Khar,Swiggy,Dinner,COCO,MH,6501.05,1599.8,0.0,7890.85,0,13,20.274114955929967,500.08076923076925,500-600,20%-30%
Frozen Bottle,2026-07-29,WK 31,Khar,Swiggy,Late Night,COCO,MH,1151.01,684.99,0.0,1736.0,0,4,39.457949308755765,287.7525,200-300,30%-40%
Frozen Bottle,2026-07-29,WK 31,Khar,Swiggy,Lunch,COCO,MH,992.0,494.0,0.0,1446.0,0,3,34.16320885200553,330.6666666666667,300-400,30%-40%
Frozen Bottle,2026-07-29,WK 31,Khar,Swiggy,Snacks,COCO,MH,1350.0,1177.0,0.0,2447.0,0,7,48.09971393543114,192.85714285714286,100-200,40%-50%
Frozen Bottle,2026-07-29,WK 31,Khar,Zomato,Closing,COCO,MH,204.0,157.0,10.2,351.0,0,1,44.729344729344724,204.0,200-300,40%-50%
Frozen Bottle,2026-07-29,WK 31,Khar,Zomato,Dinner,COCO,MH,4092.1,2555.8900000000003,204.64,6467.99,0,9,39.51598564623632,454.67777777777775,400-500,30%-40%
Frozen Bottle,2026-07-29,WK 31,Khar,Zomato,Late Night,COCO,MH,619.6800000000001,339.96000000000004,30.98,929.64,0,2,36.56899444946431,309.84000000000003,300-400,30%-40%
Frozen Bottle,2026-07-29,WK 31,Khar,Zomato,Lunch,COCO,MH,1824.9,1079.1,91.3,2804.0,0,6,38.48430813124108,304.15000000000003,300-400,30%-40%
Frozen Bottle,2026-07-29,WK 31,Khar,Zomato,Snacks,COCO,MH,943.4,644.6,47.2,1538.0,0,4,41.91157347204161,235.85,200-300,40%-50%
Frozen Bottle,2026-07-29,WK 31,Kharghar,Swiggy,Dinner,FOFO,MH,2682.8,1252.2,0.0,3815.0,0,7,32.82306684141547,383.25714285714287,300-400,30%-40%
Frozen Bottle,2026-07-29,WK 31,Kharghar,Swiggy,Snacks,FOFO,MH,1186.01,661.99,0.0,1768.0,0,4,37.442873303167424,296.5025,200-300,30%-40%
Frozen Bottle,2026-07-29,WK 31,Kharghar,Zomato,Breakfast,FOFO,MH,345.0,75.0,17.26,400.0,0,1,18.75,345.0,300-400,10%-20%
Frozen Bottle,2026-07-29,WK 31,Kharghar,Zomato,Closing,FOFO,MH,109.0,100.0,5.46,199.0,0,1,50.25125628140703,109.0,100-200,50%-60%
Frozen Bottle,2026-07-29,WK 31,Kharghar,Zomato,Dinner,FOFO,MH,493.1,164.9,24.68,628.0,0,3,26.257961783439494,164.36666666666667,100-200,20%-30%
Frozen Bottle,2026-07-29,WK 31,Kharghar,Zomato,Late Night,FOFO,MH,329.0,300.0,16.48,599.0,0,3,50.08347245409015,109.66666666666667,100-200,50%-60%
Frozen Bottle,2026-07-29,WK 31,Kharghar,Zomato,Lunch,FOFO,MH,234.0,75.0,11.7,299.0,0,1,25.08361204013378,234.0,200-300,20%-30%
Frozen Bottle,2026-07-29,WK 31,Kharghar,Zomato,Snacks,FOFO,MH,1558.0,200.0,77.92,1688.0,0,4,11.848341232227488,389.5,300-400,10%-20%
Frozen Bottle,2026-07-29,WK 31,Kolar- Highway Star,In Store,Dinner,COCO,KA,2618.0,0.0,130.94,2618.0,0,8,0.0,327.25,300-400,0%
Frozen Bottle,2026-07-29,WK 31,Kolar- Highway Star,In Store,Lunch,COCO,KA,2027.18,0.0,101.36,2027.18,0,5,0.0,405.43600000000004,400-500,0%
Frozen Bottle,2026-07-29,WK 31,Kolar- Highway Star,In Store,Snacks,COCO,KA,3036.0,0.0,151.86,3036.0,0,9,0.0,337.3333333333333,300-400,0%
Frozen Bottle,2026-07-29,WK 31,Kolar- Highway Star,Swiggy,Dinner,COCO,KA,674.01,240.99,0.0,885.0,0,2,27.230508474576272,337.005,300-400,20%-30%
Frozen Bottle,2026-07-29,WK 31,Kolar- Highway Star,Swiggy,Snacks,COCO,KA,588.0,273.0,0.0,831.0,0,3,32.851985559566785,196.0,100-200,30%-40%
Frozen Bottle,2026-07-29,WK 31,Kolar- Highway Star,Zomato,Dinner,COCO,KA,165.0,155.0,8.26,310.0,0,1,50.0,165.0,100-200,40%-50%
Frozen Bottle,2026-07-29,WK 31,Kolar- Highway Star,Zomato,Lunch,COCO,KA,196.0,135.0,9.8,321.0,0,1,42.05607476635514,196.0,100-200,40%-50%
Frozen Bottle,2026-07-29,WK 31,Kolar- Highway Star,Zomato,Snacks,COCO,KA,508.0,315.0,25.4,793.0,0,2,39.722572509457756,254.0,200-300,30%-40%
Frozen Bottle,2026-07-29,WK 31,Kolathur,Swiggy,Dinner,COCO,TN,2992.64,1312.0,0.0,4144.64,0,9,31.65534280420012,332.5155555555555,300-400,30%-40%
Frozen Bottle,2026-07-29,WK 31,Kolathur,Swiggy,Late Night,COCO,TN,1828.0,1339.0,0.0,3067.0,0,6,43.65829801108575,304.6666666666667,300-400,40%-50%
Frozen Bottle,2026-07-29,WK 31,Kolathur,Swiggy,Lunch,COCO,TN,1790.0,1060.0,0.0,2750.0,0,4,38.54545454545455,447.5,400-500,30%-40%
Frozen Bottle,2026-07-29,WK 31,Kolathur,Swiggy,Snacks,COCO,TN,1580.01,1052.32,0.0,2522.33,0,4,41.72015557044478,395.0025,300-400,40%-50%
Frozen Bottle,2026-07-29,WK 31,Kolathur,Zomato,Dinner,COCO,TN,2260.6,1270.4,113.03999999999999,3411.0,0,5,37.244209909117565,452.12,400-500,30%-40%
Frozen Bottle,2026-07-29,WK 31,Kolathur,Zomato,Lunch,COCO,TN,329.0,301.0,16.46,610.0,0,1,49.34426229508197,329.0,300-400,40%-50%
Frozen Bottle,2026-07-29,WK 31,Kolathur,Zomato,Snacks,COCO,TN,837.64,500.36,41.9,1288.0,0,3,38.84782608695652,279.2133333333333,200-300,30%-40%
Frozen Bottle,2026-07-29,WK 31,Kollur,In Store,Dinner,FOFO,AP & TL,3140.0,0.0,157.06,3140.0,0,12,0.0,261.6666666666667,200-300,0%
Frozen Bottle,2026-07-29,WK 31,Kollur,In Store,Late Night,FOFO,AP & TL,508.0,0.0,25.4,508.0,0,1,0.0,508.0,500-600,0%
Frozen Bottle,2026-07-29,WK 31,Kollur,In Store,Lunch,FOFO,AP & TL,942.0,0.0,47.120000000000005,942.0,0,4,0.0,235.5,200-300,0%
Frozen Bottle,2026-07-29,WK 31,Kollur,In Store,Snacks,FOFO,AP & TL,1990.0,0.0,99.5,1990.0,0,5,0.0,398.0,300-400,0%
Frozen Bottle,2026-07-29,WK 31,Kollur,Swiggy,Dinner,FOFO,AP & TL,878.0,0.0,0.0,848.0,0,2,0.0,439.0,400-500,0%
Frozen Bottle,2026-07-29,WK 31,Kollur,Swiggy,Lunch,FOFO,AP & TL,290.0,0.0,0.0,280.0,0,1,0.0,290.0,200-300,0%
Frozen Bottle,2026-07-29,WK 31,Kollur,Swiggy,Snacks,FOFO,AP & TL,1000.0,0.0,0.0,970.0,0,2,0.0,500.0,400-500,0%
Frozen Bottle,2026-07-29,WK 31,Kollur,Zomato,Dinner,FOFO,AP & TL,1485.0,0.0,74.30000000000001,1425.0,0,4,0.0,371.25,300-400,0%
Frozen Bottle,2026-07-29,WK 31,Kollur,Zomato,Lunch,FOFO,AP & TL,1793.02,175.0,89.72,1908.0,0,2,9.171907756813418,896.51,600-900,1%-10%
Frozen Bottle,2026-07-29,WK 31,Kollur,Zomato,Snacks,FOFO,AP & TL,523.0,175.0,26.14,678.0,0,1,25.81120943952802,523.0,500-600,20%-30%
Frozen Bottle,2026-07-29,WK 31,Kondhwa,In Store,Dinner,FOFO,MH,790.3,11.7,39.519999999999996,802.0,0,5,1.458852867830424,158.06,100-200,1%-10%
Frozen Bottle,2026-07-29,WK 31,Kondhwa,In Store,Snacks,FOFO,MH,1074.0,0.0,53.72,1074.0,0,3,0.0,358.0,300-400,0%
Frozen Bottle,2026-07-29,WK 31,Kondhwa,Swiggy,Closing,FOFO,MH,240.0,100.0,0.0,330.0,0,1,30.303030303030305,240.0,200-300,30%-40%
Frozen Bottle,2026-07-29,WK 31,Kondhwa,Zomato,Late Night,FOFO,MH,419.9,44.43,21.0,444.33,0,1,9.999324826142733,419.9,400-500,1%-10%
Frozen Bottle,2026-07-29,WK 31,Kondhwa,Zomato,Lunch,FOFO,MH,368.1,111.9,18.4,460.0,0,1,24.32608695652174,368.1,300-400,20%-30%
Frozen Bottle,2026-07-29,WK 31,Koramangala,In Store,Dinner,COCO,KA,3159.89,198.87,158.06,3358.76,0,13,5.920935107003775,243.06846153846152,200-300,1%-10%
Frozen Bottle,2026-07-29,WK 31,Koramangala,In Store,Late Night,COCO,KA,426.0,0.0,21.340000000000003,426.0,0,4,0.0,106.5,100-200,0%
Frozen Bottle,2026-07-29,WK 31,Koramangala,In Store,Lunch,COCO,KA,598.96,0.0,29.96,598.96,0,2,0.0,299.48,200-300,0%
Frozen Bottle,2026-07-29,WK 31,Koramangala,In Store,Snacks,COCO,KA,894.97,0.0,44.78,894.97,0,7,0.0,127.85285714285715,100-200,0%
Frozen Bottle,2026-07-29,WK 31,Koramangala,Ownly,Late Night,COCO,KA,167.0,0.0,8.36,167.0,0,1,0.0,167.0,100-200,0%
Frozen Bottle,2026-07-29,WK 31,Koramangala,Swiggy,Breakfast,COCO,KA,569.0,90.0,0.0,639.0,0,1,14.084507042253522,569.0,500-600,10%-20%
Frozen Bottle,2026-07-29,WK 31,Koramangala,Swiggy,Dinner,COCO,KA,2387.12,1849.88,0.0,4107.0,0,13,45.04212320428537,183.62461538461537,100-200,40%-50%
Frozen Bottle,2026-07-29,WK 31,Koramangala,Swiggy,Late Night,COCO,KA,1860.0,1556.0,0.0,3306.0,0,9,47.0659407138536,206.66666666666666,200-300,40%-50%
Frozen Bottle,2026-07-29,WK 31,Koramangala,Swiggy,Lunch,COCO,KA,1847.12,1366.88,0.0,3094.0,0,10,44.17840982546865,184.712,100-200,40%-50%
Frozen Bottle,2026-07-29,WK 31,Koramangala,Swiggy,Snacks,COCO,KA,998.56,749.44,0.0,1678.0,0,7,44.662693682955904,142.65142857142857,100-200,40%-50%
Frozen Bottle,2026-07-29,WK 31,Koramangala,Zomato,Dinner,COCO,KA,2977.96,2238.89,148.96,5026.85,0,12,44.53862756994937,248.16333333333333,200-300,40%-50%
Frozen Bottle,2026-07-29,WK 31,Koramangala,Zomato,Late Night,COCO,KA,1136.7,513.3,56.86,1600.0,0,4,32.08125,284.175,200-300,30%-40%
Frozen Bottle,2026-07-29,WK 31,Koramangala,Zomato,Lunch,COCO,KA,538.0,500.0,26.92,998.0,0,3,50.1002004008016,179.33333333333334,100-200,50%-60%
Frozen Bottle,2026-07-29,WK 31,Koramangala,Zomato,Snacks,COCO,KA,1258.0,379.0,62.940000000000005,1567.0,0,3,24.186343331206125,419.3333333333333,400-500,20%-30%
Frozen Bottle,2026-07-29,WK 31,Koregaon Park - Pune,In Store,Dinner,COCO,MH,1595.3000000000002,778.7,79.8,2374.0,0,9,32.801179443976416,177.2555555555556,100-200,30%-40%
Frozen Bottle,2026-07-29,WK 31,Koregaon Park - Pune,In Store,Lunch,COCO,MH,109.0,0.0,5.46,109.0,0,1,0.0,109.0,100-200,0%
Frozen Bottle,2026-07-29,WK 31,Koregaon Park - Pune,In Store,Snacks,COCO,MH,1325.78,323.22,66.3,1649.0,0,5,19.600970285021226,265.156,200-300,10%-20%
Frozen Bottle,2026-07-29,WK 31,Koregaon Park - Pune,Swiggy,Dinner,COCO,MH,1788.21,858.79,0.0,2567.0,0,6,33.45500584339696,298.035,200-300,30%-40%
Frozen Bottle,2026-07-29,WK 31,Koregaon Park - Pune,Swiggy,Late Night,COCO,MH,588.0,242.0,0.0,800.0,0,3,30.25,196.0,100-200,30%-40%
Frozen Bottle,2026-07-29,WK 31,Koregaon Park - Pune,Swiggy,Lunch,COCO,MH,769.0,101.0,0.0,840.0,0,2,12.023809523809524,384.5,300-400,10%-20%
Frozen Bottle,2026-07-29,WK 31,Koregaon Park - Pune,Swiggy,Snacks,COCO,MH,2014.0,457.0,0.0,2401.0,0,5,19.033735943356938,402.8,400-500,10%-20%
Frozen Bottle,2026-07-29,WK 31,Koregaon Park - Pune,Zomato,Dinner,COCO,MH,1135.0,615.0,56.760000000000005,1700.0,0,4,36.17647058823529,283.75,200-300,30%-40%
Frozen Bottle,2026-07-29,WK 31,Koregaon Park - Pune,Zomato,Late Night,COCO,MH,2437.0,1134.98,121.88,3441.98,0,6,32.974625070453634,406.1666666666667,400-500,30%-40%
Frozen Bottle,2026-07-29,WK 31,Koregaon Park - Pune,Zomato,Lunch,COCO,MH,1165.0,905.0,58.28,2000.0,0,4,45.25,291.25,200-300,40%-50%
Frozen Bottle,2026-07-29,WK 31,Koregaon Park - Pune,Zomato,Snacks,COCO,MH,787.0,365.0,39.36,1112.0,0,3,32.82374100719424,262.3333333333333,200-300,30%-40%
Frozen Bottle,2026-07-29,WK 31,Kothanur,In Store,Dinner,FOFO,KA,934.0,0.0,46.72,934.0,0,4,0.0,233.5,200-300,0%
Frozen Bottle,2026-07-29,WK 31,Kothanur,In Store,Snacks,FOFO,KA,706.0,0.0,35.3,706.0,0,2,0.0,353.0,300-400,0%
Frozen Bottle,2026-07-29,WK 31,Kothanur,Swiggy,Dinner,FOFO,KA,1378.01,730.99,0.0,2039.0,0,3,35.850416871015206,459.33666666666664,400-500,30%-40%
Frozen Bottle,2026-07-29,WK 31,Kothanur,Swiggy,Lunch,FOFO,KA,621.6,311.73,0.0,903.3299999999999,0,3,34.50898342798314,207.20000000000002,200-300,30%-40%
Frozen Bottle,2026-07-29,WK 31,Kothanur,Swiggy,Snacks,FOFO,KA,428.0,542.0,0.0,960.0,0,3,56.458333333333336,142.66666666666666,100-200,50%-60%
Frozen Bottle,2026-07-29,WK 31,Kothanur,Zomato,Breakfast,FOFO,KA,446.6,172.4,22.34,599.0,0,1,28.78130217028381,446.6,400-500,20%-30%
Frozen Bottle,2026-07-29,WK 31,Kothanur,Zomato,Dinner,FOFO,KA,192.85,0.0,9.64,182.85,0,1,0.0,192.85,100-200,0%
Frozen Bottle,2026-07-29,WK 31,Kothanur,Zomato,Snacks,FOFO,KA,501.5,228.5,25.08,710.0,0,1,32.183098591549296,501.5,500-600,30%-40%
Frozen Bottle,2026-07-29,WK 31,Kothrud - Pune,In Store,Dinner,FOFO,MH,537.0,0.0,26.86,537.0,0,2,0.0,268.5,200-300,0%
Frozen Bottle,2026-07-29,WK 31,Kothrud - Pune,In Store,Lunch,FOFO,MH,79.0,0.0,3.96,79.0,0,1,0.0,79.0,0-100,0%
Frozen Bottle,2026-07-29,WK 31,Kothrud - Pune,In Store,Snacks,FOFO,MH,387.0,0.0,19.36,387.0,0,1,0.0,387.0,300-400,0%
Frozen Bottle,2026-07-29,WK 31,Kotturpuram,In Store,Dinner,FOFO,TN,1957.0,0.0,97.88,1957.0,0,6,0.0,326.1666666666667,300-400,0%
Frozen Bottle,2026-07-29,WK 31,Kotturpuram,In Store,Lunch,FOFO,TN,477.0,0.0,23.86,477.0,0,1,0.0,477.0,400-500,0%
Frozen Bottle,2026-07-29,WK 31,Kotturpuram,In Store,Snacks,FOFO,TN,1322.0,0.0,66.12,1322.0,0,4,0.0,330.5,300-400,0%
Frozen Bottle,2026-07-29,WK 31,Kotturpuram,Swiggy,Dinner,FOFO,TN,659.0,0.0,0.0,629.0,0,2,0.0,329.5,300-400,0%
Frozen Bottle,2026-07-29,WK 31,Kotturpuram,Swiggy,Snacks,FOFO,TN,809.0,0.0,0.0,779.0,0,1,0.0,809.0,600-900,0%
Frozen Bottle,2026-07-29,WK 31,Kotturpuram,Zomato,Dinner,FOFO,TN,482.0,198.0,24.12,660.0,0,2,30.0,241.0,200-300,20%-30%
Frozen Bottle,2026-07-29,WK 31,Kotturpuram,Zomato,Lunch,FOFO,TN,190.0,0.0,9.5,180.0,0,1,0.0,190.0,100-200,0%
Frozen Bottle,2026-07-29,WK 31,Kotturpuram,Zomato,Snacks,FOFO,TN,508.3,119.7,25.42,598.0,0,2,20.01672240802676,254.15,200-300,20%-30%
Frozen Bottle,2026-07-29,WK 31,Kurnool,In Store,Breakfast,FOFO,AP & TL,169.0,0.0,8.46,169.0,0,1,0.0,169.0,100-200,0%
Frozen Bottle,2026-07-29,WK 31,Kurnool,In Store,Dinner,FOFO,AP & TL,1696.0,0.0,84.86000000000001,1696.0,0,7,0.0,242.28571428571428,200-300,0%
Frozen Bottle,2026-07-29,WK 31,Kurnool,In Store,Lunch,FOFO,AP & TL,705.0,0.0,35.26,705.0,0,2,0.0,352.5,300-400,0%
Frozen Bottle,2026-07-29,WK 31,Kurnool,In Store,Snacks,FOFO,AP & TL,635.0,0.0,31.76,635.0,0,2,0.0,317.5,300-400,0%
Frozen Bottle,2026-07-29,WK 31,Lakshmi Mills,In Store,Closing,FOFO,TN,690.23,0.0,34.52,690.23,0,2,0.0,345.115,300-400,0%
Frozen Bottle,2026-07-29,WK 31,Lakshmi Mills,In Store,Dinner,FOFO,TN,2763.5,0.0,138.2,2763.5,0,9,0.0,307.05555555555554,300-400,0%
Frozen Bottle,2026-07-29,WK 31,Lakshmi Mills,In Store,Late Night,FOFO,TN,246.5,0.0,12.32,246.5,0,2,0.0,123.25,100-200,0%
Frozen Bottle,2026-07-29,WK 31,Lakshmi Mills,In Store,Lunch,FOFO,TN,148.0,0.0,7.4,148.0,0,1,0.0,148.0,100-200,0%
Frozen Bottle,2026-07-29,WK 31,Lakshmi Mills,In Store,Snacks,FOFO,TN,1200.0,0.0,60.0,1200.0,0,3,0.0,400.0,300-400,0%
Frozen Bottle,2026-07-29,WK 31,Lakshmi Mills,Swiggy,Dinner,FOFO,TN,404.0,1.0,0.0,405.0,0,1,0.24691358024691357,404.0,400-500,1%-10%
Frozen Bottle,2026-07-29,WK 31,Lakshmi Mills,Swiggy,Late Night,FOFO,TN,559.0,100.0,0.0,639.0,0,2,15.64945226917058,279.5,200-300,10%-20%
Frozen Bottle,2026-07-29,WK 31,Lakshmi Mills,Swiggy,Snacks,FOFO,TN,1250.25,226.75,0.0,1417.0,0,3,16.00211714890614,416.75,400-500,10%-20%
Frozen Bottle,2026-07-29,WK 31,Lakshmi Mills,Zomato,Dinner,FOFO,TN,947.2,388.8,47.38,1296.0,0,1,30.0,947.2,>900,20%-30%
Frozen Bottle,2026-07-29,WK 31,Lakshmi Mills,Zomato,Late Night,FOFO,TN,1607.3,224.7,80.36,1772.0,0,4,12.680586907449209,401.825,400-500,10%-20%
Frozen Bottle,2026-07-29,WK 31,Lakshmi Mills,Zomato,Lunch,FOFO,TN,215.0,75.0,10.76,280.0,0,1,26.785714285714285,215.0,200-300,20%-30%
Frozen Bottle,2026-07-29,WK 31,Lokhandwala,In Store,Closing,COCO,MH,767.0,0.0,38.34,767.0,0,1,0.0,767.0,600-900,0%
Frozen Bottle,2026-07-29,WK 31,Lokhandwala,In Store,Dinner,COCO,MH,1216.26,561.74,60.84,1778.0,0,6,31.59392575928009,202.71,200-300,30%-40%
Frozen Bottle,2026-07-29,WK 31,Lokhandwala,In Store,Late Night,COCO,MH,0.0,941.0,0.0,941.0,0,1,100.0,0.0,,90%-100%
Frozen Bottle,2026-07-29,WK 31,Lokhandwala,In Store,Lunch,COCO,MH,154.31,63.69,7.72,218.0,0,1,29.21559633027523,154.31,100-200,20%-30%
Frozen Bottle,2026-07-29,WK 31,Lokhandwala,In Store,Snacks,COCO,MH,428.52,385.48,21.44,814.0,0,3,47.35626535626536,142.84,100-200,40%-50%
Frozen Bottle,2026-07-29,WK 31,Lokhandwala,Swiggy,Closing,COCO,MH,188.0,112.0,0.0,290.0,0,1,38.62068965517241,188.0,100-200,30%-40%
Frozen Bottle,2026-07-29,WK 31,Lokhandwala,Swiggy,Dinner,COCO,MH,2896.0,1328.0,0.0,4064.0,0,10,32.677165354330704,289.6,200-300,30%-40%
Frozen Bottle,2026-07-29,WK 31,Lokhandwala,Swiggy,Late Night,COCO,MH,1344.01,711.99,0.0,1986.0,0,6,35.85045317220544,224.00166666666667,200-300,30%-40%
Frozen Bottle,2026-07-29,WK 31,Lokhandwala,Swiggy,Lunch,COCO,MH,1540.76,686.24,0.0,2167.0,0,7,31.667743424088602,220.10857142857142,200-300,30%-40%
Frozen Bottle,2026-07-29,WK 31,Lokhandwala,Swiggy,Snacks,COCO,MH,2072.76,1626.24,0.0,3559.0,0,10,45.6937341949986,207.276,200-300,40%-50%
Frozen Bottle,2026-07-29,WK 31,Lokhandwala,Zomato,Dinner,COCO,MH,3504.23,2230.12,175.32,5554.35,0,11,40.15087273938444,318.56636363636363,300-400,40%-50%
Frozen Bottle,2026-07-29,WK 31,Lokhandwala,Zomato,Late Night,COCO,MH,2918.0,1140.0,145.94,3908.0,0,6,29.170931422722617,486.3333333333333,400-500,20%-30%
Frozen Bottle,2026-07-29,WK 31,Lokhandwala,Zomato,Lunch,COCO,MH,974.0,790.01,48.74,1714.01,0,2,46.09132968885829,487.0,400-500,40%-50%
Frozen Bottle,2026-07-29,WK 31,Lokhandwala,Zomato,Snacks,COCO,MH,418.0,0.0,20.9,398.0,0,1,0.0,418.0,400-500,0%
Frozen Bottle,2026-07-29,WK 31,Madno - HSR Layout,In Store,Breakfast,FOFO,KA,129.0,0.0,6.46,129.0,0,1,0.0,129.0,100-200,0%
Frozen Bottle,2026-07-29,WK 31,Madno - HSR Layout,In Store,Dinner,FOFO,KA,129.0,0.0,6.46,129.0,0,1,0.0,129.0,100-200,0%
Frozen Bottle,2026-07-29,WK 31,Madno - HSR Layout,In Store,Lunch,FOFO,KA,1409.0,0.0,70.5,1409.0,0,8,0.0,176.125,100-200,0%
Frozen Bottle,2026-07-29,WK 31,Madno - HSR Layout,In Store,Snacks,FOFO,KA,2241.0,0.0,112.11999999999999,2241.0,0,11,0.0,203.72727272727272,200-300,0%
Frozen Bottle,2026-07-29,WK 31,Madno - Hinjewadi,Swiggy,Breakfast,FOFO,MH,190.0,0.0,0.0,180.0,0,1,0.0,190.0,100-200,0%
Frozen Bottle,2026-07-29,WK 31,Madno - Hinjewadi,Swiggy,Dinner,FOFO,MH,818.0,4.0,0.0,812.0,0,3,0.49261083743842365,272.6666666666667,200-300,1%-10%
Frozen Bottle,2026-07-29,WK 31,Madno - Hinjewadi,Swiggy,Snacks,FOFO,MH,194.0,46.0,0.0,230.0,0,1,20.0,194.0,100-200,10%-20%
Frozen Bottle,2026-07-29,WK 31,Madno - Hinjewadi,Zomato,Dinner,FOFO,MH,889.0,829.0,44.46,1658.0,0,3,50.0,296.3333333333333,200-300,40%-50%
Frozen Bottle,2026-07-29,WK 31,Madno - Hinjewadi,Zomato,Snacks,FOFO,MH,250.0,230.0,12.5,460.0,0,1,50.0,250.0,200-300,40%-50%
Frozen Bottle,2026-07-29,WK 31,Madno - Thane,Swiggy,Dinner,FOFO,MH,190.0,0.0,0.0,180.0,0,1,0.0,190.0,100-200,0%
Frozen Bottle,2026-07-29,WK 31,Madno - Thane,Swiggy,Snacks,FOFO,MH,340.0,0.0,0.0,330.0,0,1,0.0,340.0,300-400,0%
Frozen Bottle,2026-07-29,WK 31,Madno - Thane,Zomato,Dinner,FOFO,MH,682.0,200.0,34.12,852.0,0,2,23.474178403755868,341.0,300-400,20%-30%
Frozen Bottle,2026-07-29,WK 31,Madno - Thane,Zomato,Snacks,FOFO,MH,652.5,207.5,32.62,830.0,0,1,25.0,652.5,600-900,20%-30%
Frozen Bottle,2026-07-29,WK 31,Madurai Bypass,In Store,Closing,FOFO,TN,498.0,0.0,24.9,498.0,0,1,0.0,498.0,400-500,0%
Frozen Bottle,2026-07-29,WK 31,Madurai Bypass,In Store,Dinner,FOFO,TN,2421.23,0.0,121.1,2421.23,0,9,0.0,269.02555555555557,200-300,0%
Frozen Bottle,2026-07-29,WK 31,Madurai Bypass,In Store,Lunch,FOFO,TN,1550.0,0.0,77.53999999999999,1550.0,0,6,0.0,258.3333333333333,200-300,0%
Frozen Bottle,2026-07-29,WK 31,Madurai Bypass,In Store,Snacks,FOFO,TN,845.0,0.0,42.28,845.0,0,3,0.0,281.6666666666667,200-300,0%
Frozen Bottle,2026-07-29,WK 31,Madurai Bypass,Swiggy,Dinner,FOFO,TN,2538.8199999999997,353.18,0.0,2782.0,0,6,12.695183321351546,423.1366666666666,400-500,10%-20%
Frozen Bottle,2026-07-29,WK 31,Madurai Bypass,Swiggy,Late Night,FOFO,TN,670.0,100.0,0.0,750.0,0,1,13.333333333333334,670.0,600-900,10%-20%
Frozen Bottle,2026-07-29,WK 31,Madurai Bypass,Swiggy,Lunch,FOFO,TN,1357.5,87.5,0.0,1405.0,0,2,6.227758007117438,678.75,600-900,1%-10%
Frozen Bottle,2026-07-29,WK 31,Madurai Bypass,Swiggy,Snacks,FOFO,TN,1384.01,125.99,0.0,1460.0,0,3,8.62945205479452,461.33666666666664,400-500,1%-10%
Frozen Bottle,2026-07-29,WK 31,Madurai Bypass,Zomato,Dinner,FOFO,TN,224.0,0.0,11.2,214.0,0,1,0.0,224.0,200-300,0%
Frozen Bottle,2026-07-29,WK 31,Madurai Bypass,Zomato,Late Night,FOFO,TN,1021.0,0.0,51.06,991.0,0,3,0.0,340.3333333333333,300-400,0%
Frozen Bottle,2026-07-29,WK 31,Madurai Bypass,Zomato,Lunch,FOFO,TN,1393.0,0.0,69.7,1343.0,0,3,0.0,464.3333333333333,400-500,0%
Frozen Bottle,2026-07-29,WK 31,Madurai Bypass,Zomato,Snacks,FOFO,TN,320.0,0.0,16.0,310.0,0,1,0.0,320.0,300-400,0%
Frozen Bottle,2026-07-29,WK 31,Malad - CF - CK,Swiggy,Closing,COCO,MH,375.0,224.0,0.0,579.0,0,2,38.68739205526771,187.5,100-200,30%-40%
Frozen Bottle,2026-07-29,WK 31,Malad - CF - CK,Swiggy,Dinner,COCO,MH,1436.0,905.0,0.0,2261.0,0,8,40.0265369305617,179.5,100-200,40%-50%
Frozen Bottle,2026-07-29,WK 31,Malad - CF - CK,Swiggy,Late Night,COCO,MH,875.0,535.0,0.0,1350.0,0,4,39.62962962962963,218.75,200-300,30%-40%
Frozen Bottle,2026-07-29,WK 31,Malad - CF - CK,Swiggy,Lunch,COCO,MH,585.2,553.8,0.0,1089.0,0,3,50.853994490358126,195.0666666666667,100-200,50%-60%
Frozen Bottle,2026-07-29,WK 31,Malad - CF - CK,Swiggy,Snacks,COCO,MH,1533.0,787.0,0.0,2230.0,0,5,35.2914798206278,306.6,300-400,30%-40%
Frozen Bottle,2026-07-29,WK 31,Malad - CF - CK,Zomato,Closing,COCO,MH,628.0,572.0,31.419999999999998,1160.0,0,2,49.310344827586206,314.0,300-400,40%-50%
Frozen Bottle,2026-07-29,WK 31,Malad - CF - CK,Zomato,Dinner,COCO,MH,3732.59,2878.07,186.66,6420.66,0,7,44.825142586587674,533.2271428571429,500-600,40%-50%
Frozen Bottle,2026-07-29,WK 31,Malad - CF - CK,Zomato,Late Night,COCO,MH,911.0,400.0,45.56,1271.0,0,3,31.47128245476003,303.6666666666667,300-400,30%-40%
Frozen Bottle,2026-07-29,WK 31,Malad - CF - CK,Zomato,Lunch,COCO,MH,943.4,747.6,47.18,1631.0,0,2,45.836909871244636,471.7,400-500,40%-50%
Frozen Bottle,2026-07-29,WK 31,Malad - CF - CK,Zomato,Snacks,COCO,MH,932.5,822.5,46.64,1685.0,0,4,48.81305637982196,233.125,200-300,40%-50%
Frozen Bottle,2026-07-29,WK 31,Malleswaram,In Store,Closing,FOFO,KA,38.1,0.0,1.9,38.1,0,1,0.0,38.1,0-100,0%
Frozen Bottle,2026-07-29,WK 31,Malleswaram,In Store,Dinner,FOFO,KA,1228.0,0.0,61.42,1228.0,0,5,0.0,245.6,200-300,0%
Frozen Bottle,2026-07-29,WK 31,Malleswaram,In Store,Late Night,FOFO,KA,147.0,0.0,7.359999999999999,147.0,0,2,0.0,73.5,0-100,0%
Frozen Bottle,2026-07-29,WK 31,Malleswaram,In Store,Snacks,FOFO,KA,1046.0,0.0,52.3,1046.0,0,1,0.0,1046.0,>900,0%
Frozen Bottle,2026-07-29,WK 31,Malleswaram,Swiggy,Dinner,FOFO,KA,1076.2,349.8,0.0,1396.0,0,5,25.057306590257884,215.24,200-300,20%-30%
Frozen Bottle,2026-07-29,WK 31,Malleswaram,Swiggy,Late Night,FOFO,KA,799.01,159.99,0.0,929.0,0,1,17.22174381054898,799.01,600-900,10%-20%
Frozen Bottle,2026-07-29,WK 31,Malleswaram,Zomato,Dinner,FOFO,KA,693.0,425.0,34.66,1078.0,0,3,39.42486085343228,231.0,200-300,30%-40%
Frozen Bottle,2026-07-29,WK 31,Malleswaram,Zomato,Late Night,FOFO,KA,357.4,144.6,17.88,482.0,0,1,30.0,357.4,300-400,20%-30%
Frozen Bottle,2026-07-29,WK 31,Malleswaram,Zomato,Lunch,FOFO,KA,583.4,238.6,29.16,792.0,0,2,30.126262626262623,291.7,200-300,30%-40%
Frozen Bottle,2026-07-29,WK 31,Malleswaram,Zomato,Snacks,FOFO,KA,1089.0,520.0,54.480000000000004,1549.0,0,4,33.57004519044545,272.25,200-300,30%-40%
Frozen Bottle,2026-07-29,WK 31,Mangalore,Swiggy,Dinner,FOFO,KA,1024.0,143.0,0.0,1147.0,0,3,12.467306015693111,341.3333333333333,300-400,10%-20%
Frozen Bottle,2026-07-29,WK 31,Mangalore,Swiggy,Late Night,FOFO,KA,1865.03,599.97,0.0,2365.0,0,6,25.368710359408038,310.8383333333333,300-400,20%-30%
Frozen Bottle,2026-07-29,WK 31,Mangalore,Swiggy,Lunch,FOFO,KA,250.0,40.0,0.0,280.0,0,1,14.285714285714285,250.0,200-300,10%-20%
Frozen Bottle,2026-07-29,WK 31,Mangalore,Swiggy,Snacks,FOFO,KA,1107.0,0.0,0.0,1067.0,0,1,0.0,1107.0,>900,0%
Frozen Bottle,2026-07-29,WK 31,Mangalore,Zomato,Dinner,FOFO,KA,1176.6,349.4,58.86,1466.0,0,4,23.83356070941337,294.15,200-300,20%-30%
Frozen Bottle,2026-07-29,WK 31,Mangalore,Zomato,Late Night,FOFO,KA,860.0,0.0,43.0,830.0,0,2,0.0,430.0,400-500,0%
Frozen Bottle,2026-07-29,WK 31,Mangalore,Zomato,Snacks,FOFO,KA,792.0,325.0,39.620000000000005,1077.0,0,3,30.176415970287835,264.0,200-300,30%-40%
Frozen Bottle,2026-07-29,WK 31,Manikonda,In Store,Dinner,FOFO,AP & TL,109.0,0.0,5.46,109.0,0,1,0.0,109.0,100-200,0%
Frozen Bottle,2026-07-29,WK 31,Manipal,In Store,Dinner,COCO,KA,1730.0,0.0,86.54,1730.0,0,12,0.0,144.16666666666666,100-200,0%
Frozen Bottle,2026-07-29,WK 31,Manipal,In Store,Lunch,COCO,KA,1004.46,0.0,50.260000000000005,1004.46,0,4,0.0,251.115,200-300,0%
Frozen Bottle,2026-07-29,WK 31,Manipal,In Store,Snacks,COCO,KA,1311.0,0.0,65.64,1311.0,0,9,0.0,145.66666666666666,100-200,0%
Frozen Bottle,2026-07-29,WK 31,Manipal,Swiggy,Dinner,COCO,KA,3495.33,2037.67,0.0,5333.0,0,16,38.20870054378398,218.458125,200-300,30%-40%
Frozen Bottle,2026-07-29,WK 31,Manipal,Swiggy,Lunch,COCO,KA,357.0,192.0,0.0,529.0,0,1,36.29489603024575,357.0,300-400,30%-40%
Frozen Bottle,2026-07-29,WK 31,Manipal,Swiggy,Snacks,COCO,KA,1737.56,1062.44,0.0,2690.0,0,10,39.49591078066915,173.756,100-200,30%-40%
Frozen Bottle,2026-07-29,WK 31,Manipal,Zomato,Dinner,COCO,KA,1801.8,952.2,90.16,2664.0,0,6,35.74324324324324,300.3,300-400,30%-40%
Frozen Bottle,2026-07-29,WK 31,Manipal,Zomato,Lunch,COCO,KA,635.5999999999999,416.4,31.78,1022.0,0,3,40.743639921722114,211.86666666666665,200-300,40%-50%
Frozen Bottle,2026-07-29,WK 31,Manpada - CF CK,Swiggy,Dinner,COCO,MH,2721.0,2188.0,0.0,4759.0,0,8,45.97604538768649,340.125,300-400,40%-50%
Frozen Bottle,2026-07-29,WK 31,Manpada - CF CK,Swiggy,Late Night,COCO,MH,1380.05,984.92,0.0,2304.9700000000003,0,6,42.73027414673509,230.00833333333333,200-300,40%-50%
Frozen Bottle,2026-07-29,WK 31,Manpada - CF CK,Swiggy,Lunch,COCO,MH,1790.0,749.0,0.0,2479.0,0,5,30.213795885437676,358.0,300-400,30%-40%
Frozen Bottle,2026-07-29,WK 31,Manpada - CF CK,Swiggy,Snacks,COCO,MH,392.0,343.0,0.0,705.0,0,2,48.652482269503544,196.0,100-200,40%-50%
Frozen Bottle,2026-07-29,WK 31,Manpada - CF CK,Zomato,Dinner,COCO,MH,1446.2,563.8,72.34,1950.0,0,2,28.91282051282051,723.1,600-900,20%-30%
Frozen Bottle,2026-07-29,WK 31,Manpada - CF CK,Zomato,Late Night,COCO,MH,700.5,290.5,35.04,961.0,0,3,30.22892819979188,233.5,200-300,30%-40%
Frozen Bottle,2026-07-29,WK 31,Manpada - CF CK,Zomato,Lunch,COCO,MH,522.33,290.0,26.119999999999997,772.3299999999999,0,3,37.5487162223402,174.11,100-200,30%-40%
Frozen Bottle,2026-07-29,WK 31,Manpada - CF CK,Zomato,Snacks,COCO,MH,1094.28,755.72,54.74,1790.0,0,4,42.21899441340782,273.57,200-300,40%-50%
Frozen Bottle,2026-07-29,WK 31,Mansarovar,In Store,Dinner,FOFO,ROI,1399.3,459.7,69.97999999999999,1859.0,0,5,24.72834857450242,279.86,200-300,20%-30%
Frozen Bottle,2026-07-29,WK 31,Mansarovar,In Store,Snacks,FOFO,ROI,258.0,238.0,12.9,496.0,0,2,47.983870967741936,129.0,100-200,40%-50%
Frozen Bottle,2026-07-29,WK 31,Mansarovar,Swiggy,Closing,FOFO,ROI,105.0,104.0,0.0,199.0,0,1,52.26130653266332,105.0,100-200,50%-60%
Frozen Bottle,2026-07-29,WK 31,Mansarovar,Swiggy,Late Night,FOFO,ROI,462.0,416.0,0.0,838.0,0,3,49.64200477326969,154.0,100-200,40%-50%
Frozen Bottle,2026-07-29,WK 31,Mansarovar,Swiggy,Lunch,FOFO,ROI,150.0,104.0,0.0,244.0,0,1,42.62295081967213,150.0,100-200,40%-50%
Frozen Bottle,2026-07-29,WK 31,Mansarovar,Swiggy,Snacks,FOFO,ROI,357.01,308.17,0.0,625.18,0,1,49.2930036149589,357.01,300-400,40%-50%
Frozen Bottle,2026-07-29,WK 31,Mansarovar,Zomato,Closing,FOFO,ROI,384.0,225.0,19.22,589.0,0,1,38.20033955857385,384.0,300-400,30%-40%
Frozen Bottle,2026-07-29,WK 31,Mansarovar,Zomato,Dinner,FOFO,ROI,594.0,370.0,29.720000000000002,934.0,0,2,39.61456102783726,297.0,200-300,30%-40%
Frozen Bottle,2026-07-29,WK 31,Mansarovar,Zomato,Late Night,FOFO,ROI,109.0,100.0,5.46,199.0,0,1,50.25125628140703,109.0,100-200,50%-60%
Frozen Bottle,2026-07-29,WK 31,Mansarovar,Zomato,Lunch,FOFO,ROI,425.0,270.0,21.26,675.0,0,1,40.0,425.0,400-500,30%-40%
Frozen Bottle,2026-07-29,WK 31,Margaon- Goa,In Store,Dinner,FOFO,ROI,2365.0,0.0,118.3,2365.0,0,6,0.0,394.1666666666667,300-400,0%
Frozen Bottle,2026-07-29,WK 31,Margaon- Goa,In Store,Lunch,FOFO,ROI,934.0,0.0,46.72,934.0,0,4,0.0,233.5,200-300,0%
Frozen Bottle,2026-07-29,WK 31,Margaon- Goa,In Store,Snacks,FOFO,ROI,5527.05,0.0,276.38,5527.05,0,8,0.0,690.88125,600-900,0%
Frozen Bottle,2026-07-29,WK 31,Margaon- Goa,Swiggy,Snacks,FOFO,ROI,601.0,0.0,0.0,571.0,0,1,0.0,601.0,600-900,0%
Frozen Bottle,2026-07-29,WK 31,Margaon- Goa,Zomato,Dinner,FOFO,ROI,190.0,100.0,9.5,280.0,0,1,35.714285714285715,190.0,100-200,30%-40%
Frozen Bottle,2026-07-29,WK 31,Margaon- Goa,Zomato,Snacks,FOFO,ROI,111.0,100.0,5.56,201.0,0,1,49.75124378109453,111.0,100-200,40%-50%
Frozen Bottle,2026-07-29,WK 31,Marol - CF CK,Swiggy,Dinner,COCO,MH,1203.01,588.99,0.0,1732.0,0,4,34.00635103926097,300.7525,300-400,30%-40%
Frozen Bottle,2026-07-29,WK 31,Marol - CF CK,Swiggy,Late Night,COCO,MH,516.2,412.8,0.0,889.0,0,3,46.43419572553431,172.0666666666667,100-200,40%-50%
Frozen Bottle,2026-07-29,WK 31,Marol - CF CK,Swiggy,Lunch,COCO,MH,418.0,112.0,0.0,510.0,0,2,21.96078431372549,209.0,200-300,20%-30%
Frozen Bottle,2026-07-29,WK 31,Marol - CF CK,Swiggy,Snacks,COCO,MH,984.0,547.0,0.0,1491.0,0,4,36.68678739101274,246.0,200-300,30%-40%
Frozen Bottle,2026-07-29,WK 31,Marol - CF CK,Zomato,Dinner,COCO,MH,1235.9,915.1,61.82,2081.0,0,5,43.9740509370495,247.18,200-300,40%-50%
Frozen Bottle,2026-07-29,WK 31,Marol - CF CK,Zomato,Late Night,COCO,MH,844.4,595.6,42.239999999999995,1380.0,0,4,43.15942028985507,211.1,200-300,40%-50%
Frozen Bottle,2026-07-29,WK 31,Marol - CF CK,Zomato,Lunch,COCO,MH,785.0,230.0,39.28,985.0,0,2,23.3502538071066,392.5,300-400,20%-30%
Frozen Bottle,2026-07-29,WK 31,Marol - CF CK,Zomato,Snacks,COCO,MH,871.5799999999999,776.98,43.64,1578.55,0,2,49.22112064869659,435.78999999999996,400-500,40%-50%
Frozen Bottle,2026-07-29,WK 31,Mathura,In Store,Dinner,FOFO,ROI,1149.0,0.0,57.46,1149.0,0,6,0.0,191.5,100-200,0%
Frozen Bottle,2026-07-29,WK 31,Mathura,In Store,Lunch,FOFO,ROI,39.0,0.0,1.96,39.0,0,1,0.0,39.0,0-100,0%
Frozen Bottle,2026-07-29,WK 31,Mathura,In Store,Snacks,FOFO,ROI,108.0,0.0,5.4,108.0,0,1,0.0,108.0,100-200,0%
Frozen Bottle,2026-07-29,WK 31,Mathura,Zomato,Dinner,FOFO,ROI,626.0,225.01,31.32,811.01,0,2,27.74441745477861,313.0,300-400,20%-30%
Frozen Bottle,2026-07-29,WK 31,Mathura,Zomato,Late Night,FOFO,ROI,139.0,100.0,6.96,229.0,0,1,43.66812227074236,139.0,100-200,40%-50%
Frozen Bottle,2026-07-29,WK 31,Mathura,Zomato,Lunch,FOFO,ROI,125.0,115.0,6.26,230.0,0,1,50.0,125.0,100-200,40%-50%
Frozen Bottle,2026-07-29,WK 31,Mathura,Zomato,Snacks,FOFO,ROI,109.0,100.0,5.46,199.0,0,1,50.25125628140703,109.0,100-200,50%-60%
Frozen Bottle,2026-07-29,WK 31,Medavakkam,In Store,Dinner,FOFO,TN,1867.0,0.0,93.4,1867.0,0,9,0.0,207.44444444444446,200-300,0%
Frozen Bottle,2026-07-29,WK 31,Medavakkam,In Store,Lunch,FOFO,TN,248.0,0.0,12.4,248.0,0,1,0.0,248.0,200-300,0%
Frozen Bottle,2026-07-29,WK 31,Medavakkam,In Store,Snacks,FOFO,TN,567.0,0.0,28.36,567.0,0,2,0.0,283.5,200-300,0%
Frozen Bottle,2026-07-29,WK 31,Medavakkam,Swiggy,Breakfast,FOFO,TN,290.0,0.0,0.0,280.0,0,1,0.0,290.0,200-300,0%
Frozen Bottle,2026-07-29,WK 31,Medavakkam,Swiggy,Dinner,FOFO,TN,1795.41,309.59000000000003,0.0,2035.0,0,6,15.213267813267814,299.235,200-300,10%-20%
Frozen Bottle,2026-07-29,WK 31,Medavakkam,Swiggy,Late Night,FOFO,TN,259.0,0.0,0.0,249.0,0,1,0.0,259.0,200-300,0%
Frozen Bottle,2026-07-29,WK 31,Medavakkam,Swiggy,Lunch,FOFO,TN,700.0,40.0,0.0,720.0,0,2,5.555555555555555,350.0,300-400,1%-10%
Frozen Bottle,2026-07-29,WK 31,Medavakkam,Swiggy,Snacks,FOFO,TN,1320.01,239.99,0.0,1510.0,0,3,15.893377483443711,440.00333333333333,400-500,10%-20%
Frozen Bottle,2026-07-29,WK 31,Medavakkam,Zomato,Late Night,FOFO,TN,350.0,50.0,17.5,390.0,0,1,12.82051282051282,350.0,300-400,10%-20%
Frozen Bottle,2026-07-29,WK 31,Medavakkam,Zomato,Lunch,FOFO,TN,445.0,75.0,22.24,500.0,0,1,15.0,445.0,400-500,10%-20%
Frozen Bottle,2026-07-29,WK 31,Medavakkam,Zomato,Snacks,FOFO,TN,255.0,0.0,12.76,245.0,0,1,0.0,255.0,200-300,0%
Frozen Bottle,2026-07-29,WK 31,Meenakshi Mall,In Store,Dinner,COCO,KA,1218.51,795.49,60.94,2014.0,0,15,39.49801390268124,81.234,0-100,30%-40%
Frozen Bottle,2026-07-29,WK 31,Meenakshi Mall,In Store,Lunch,COCO,KA,396.0,0.0,19.82,396.0,0,3,0.0,132.0,100-200,0%
Frozen Bottle,2026-07-29,WK 31,Meenakshi Mall,In Store,Snacks,COCO,KA,127.0,0.0,6.359999999999999,127.0,0,2,0.0,63.5,0-100,0%
Frozen Bottle,2026-07-29,WK 31,Meenakshi Mall,Swiggy,Dinner,COCO,KA,1994.0,549.3299999999999,74.4,2463.33,0,4,22.300300812315037,498.5,400-500,20%-30%
Frozen Bottle,2026-07-29,WK 31,Meenakshi Mall,Swiggy,Snacks,COCO,KA,199.0,82.0,0.0,281.0,0,1,29.181494661921707,199.0,100-200,20%-30%
Frozen Bottle,2026-07-29,WK 31,Meenakshi Mall,Zomato,Breakfast,COCO,KA,330.0,310.0,16.5,620.0,0,1,50.0,330.0,300-400,40%-50%
Frozen Bottle,2026-07-29,WK 31,Meenakshi Mall,Zomato,Lunch,COCO,KA,132.5,122.5,6.62,245.0,0,1,50.0,132.5,100-200,40%-50%
Frozen Bottle,2026-07-29,WK 31,Meenakshi Mall,Zomato,Snacks,COCO,KA,365.0,305.0,18.26,650.0,0,1,46.92307692307692,365.0,300-400,40%-50%
Frozen Bottle,2026-07-29,WK 31,Mira Road,In Store,Dinner,COCO,MH,807.29,602.71,40.38,1410.0,0,4,42.74539007092199,201.8225,200-300,40%-50%
Frozen Bottle,2026-07-29,WK 31,Mira Road,In Store,Snacks,COCO,MH,727.0,0.0,36.38,727.0,0,3,0.0,242.33333333333334,200-300,0%
Frozen Bottle,2026-07-29,WK 31,Mira Road,Swiggy,Closing,COCO,MH,497.0,573.0,0.0,1060.0,0,2,54.05660377358491,248.5,200-300,50%-60%
Frozen Bottle,2026-07-29,WK 31,Mira Road,Swiggy,Dinner,COCO,MH,1371.06,649.58,0.0,1950.6399999999999,0,6,33.30086535701104,228.51,200-300,30%-40%
Frozen Bottle,2026-07-29,WK 31,Mira Road,Swiggy,Late Night,COCO,MH,1312.0,761.0,0.0,2013.0,0,5,37.80427223050174,262.4,200-300,30%-40%
Frozen Bottle,2026-07-29,WK 31,Mira Road,Swiggy,Lunch,COCO,MH,633.2,513.8,0.0,1097.0,0,4,46.83682771194165,158.3,100-200,40%-50%
Frozen Bottle,2026-07-29,WK 31,Mira Road,Swiggy,Snacks,COCO,MH,863.2,786.8,0.0,1580.0,0,3,49.79746835443037,287.73333333333335,200-300,40%-50%
Frozen Bottle,2026-07-29,WK 31,Mira Road,Zomato,Closing,COCO,MH,348.0,282.0,17.42,610.0,0,1,46.22950819672131,348.0,300-400,40%-50%
Frozen Bottle,2026-07-29,WK 31,Mira Road,Zomato,Dinner,COCO,MH,2361.0,1830.0,118.08,4051.0,0,6,45.17403110343125,393.5,300-400,40%-50%
Frozen Bottle,2026-07-29,WK 31,Mira Road,Zomato,Late Night,COCO,MH,688.0,468.0,34.400000000000006,1116.0,0,2,41.935483870967744,344.0,300-400,40%-50%
Frozen Bottle,2026-07-29,WK 31,Mira Road,Zomato,Lunch,COCO,MH,190.0,180.0,9.5,360.0,0,1,50.0,190.0,100-200,40%-50%
Frozen Bottle,2026-07-29,WK 31,Mira Road,Zomato,Snacks,COCO,MH,196.0,135.0,9.8,321.0,0,1,42.05607476635514,196.0,100-200,40%-50%
Frozen Bottle,2026-07-29,WK 31,Miraya Rose,In Store,Dinner,COCO,KA,1560.1,0.0,78.04,1560.1,0,7,0.0,222.87142857142857,200-300,0%
Frozen Bottle,2026-07-29,WK 31,Miraya Rose,In Store,Late Night,COCO,KA,270.85,0.0,13.559999999999999,270.85,0,2,0.0,135.425,100-200,0%
Frozen Bottle,2026-07-29,WK 31,Miraya Rose,In Store,Lunch,COCO,KA,398.0,0.0,19.92,398.0,0,2,0.0,199.0,100-200,0%
Frozen Bottle,2026-07-29,WK 31,Miraya Rose,In Store,Snacks,COCO,KA,229.0,0.0,11.46,229.0,0,1,0.0,229.0,200-300,0%
Frozen Bottle,2026-07-29,WK 31,Miraya Rose,Swiggy,Dinner,COCO,KA,1898.01,1139.99,0.0,2928.0,0,8,38.93408469945355,237.25125,200-300,30%-40%
Frozen Bottle,2026-07-29,WK 31,Miraya Rose,Swiggy,Late Night,COCO,KA,307.2,212.8,0.0,500.0,0,2,42.56,153.6,100-200,40%-50%
Frozen Bottle,2026-07-29,WK 31,Miraya Rose,Swiggy,Lunch,COCO,KA,128.0,112.0,0.0,230.0,0,1,48.69565217391305,128.0,100-200,40%-50%
Frozen Bottle,2026-07-29,WK 31,Miraya Rose,Swiggy,Snacks,COCO,KA,504.2,425.8,0.0,890.0,0,3,47.842696629213485,168.06666666666666,100-200,40%-50%
Frozen Bottle,2026-07-29,WK 31,Miraya Rose,Zomato,Dinner,COCO,KA,1186.97,734.03,59.34,1861.0,0,5,39.442772702847925,237.394,200-300,30%-40%
Frozen Bottle,2026-07-29,WK 31,Miraya Rose,Zomato,Lunch,COCO,KA,994.0,472.0,49.72,1406.0,0,4,33.57041251778094,248.5,200-300,30%-40%
Frozen Bottle,2026-07-29,WK 31,Miraya Rose,Zomato,Snacks,COCO,KA,532.0,360.0,26.6,862.0,0,2,41.76334106728538,266.0,200-300,40%-50%
Frozen Bottle,2026-07-29,WK 31,Mirzapur,In Store,Dinner,FOFO,ROI,516.0,0.0,25.82,516.0,0,3,0.0,172.0,100-200,0%
Frozen Bottle,2026-07-29,WK 31,Mirzapur,In Store,Snacks,FOFO,ROI,137.0,0.0,6.86,137.0,0,2,0.0,68.5,0-100,0%
Frozen Bottle,2026-07-29,WK 31,Mogappair,In Store,Dinner,COCO,TN,1668.8400000000001,64.39,83.48,1733.23,0,7,3.715029165200233,238.4057142857143,200-300,1%-10%
Frozen Bottle,2026-07-29,WK 31,Mogappair,In Store,Lunch,COCO,TN,468.4,325.6,23.44,794.0,0,2,41.00755667506297,234.2,200-300,40%-50%
Frozen Bottle,2026-07-29,WK 31,Mogappair,In Store,Snacks,COCO,TN,1024.83,435.61,51.28,1460.44,0,8,29.827312316836025,128.10375,100-200,20%-30%
Frozen Bottle,2026-07-29,WK 31,Mogappair,Swiggy,Dinner,COCO,TN,4262.2,3284.46,0.0,7296.66,0,14,45.013197819276215,304.4428571428571,300-400,40%-50%
Frozen Bottle,2026-07-29,WK 31,Mogappair,Swiggy,Late Night,COCO,TN,636.2,432.8,0.0,1019.0,0,4,42.4730127576055,159.05,100-200,40%-50%
Frozen Bottle,2026-07-29,WK 31,Mogappair,Swiggy,Lunch,COCO,TN,1863.0,815.0,0.0,2598.0,0,6,31.370284834488064,310.5,300-400,30%-40%
Frozen Bottle,2026-07-29,WK 31,Mogappair,Swiggy,Snacks,COCO,TN,1579.4,1536.93,0.0,3006.33,0,6,51.12313019528795,263.23333333333335,200-300,50%-60%
Frozen Bottle,2026-07-29,WK 31,Mogappair,Zomato,Dinner,COCO,TN,1374.0,1105.0,68.74,2399.0,0,6,46.0608586911213,229.0,200-300,40%-50%
Frozen Bottle,2026-07-29,WK 31,Mogappair,Zomato,Late Night,COCO,TN,1160.4,316.6,58.04,1417.0,0,3,22.342978122794637,386.8,300-400,20%-30%
Frozen Bottle,2026-07-29,WK 31,Mogappair,Zomato,Lunch,COCO,TN,1429.9,999.1,71.52,2349.0,0,6,42.53299276287782,238.3166666666667,200-300,40%-50%
Frozen Bottle,2026-07-29,WK 31,Mudichur,In Store,Dinner,COCO,TN,1615.23,0.0,80.78,1615.23,0,5,0.0,323.046,300-400,0%
Frozen Bottle,2026-07-29,WK 31,Mudichur,In Store,Lunch,COCO,TN,935.0,0.0,46.78,935.0,0,4,0.0,233.75,200-300,0%
Frozen Bottle,2026-07-29,WK 31,Mudichur,In Store,Snacks,COCO,TN,934.0,0.0,46.72,934.0,0,3,0.0,311.3333333333333,300-400,0%
Frozen Bottle,2026-07-29,WK 31,Mudichur,Swiggy,Breakfast,COCO,TN,624.0,191.0,0.0,775.0,0,1,24.64516129032258,624.0,600-900,20%-30%
Frozen Bottle,2026-07-29,WK 31,Mudichur,Swiggy,Dinner,COCO,TN,1551.01,747.99,0.0,2209.0,0,6,33.86102308736985,258.50166666666667,200-300,30%-40%
Frozen Bottle,2026-07-29,WK 31,Mudichur,Swiggy,Late Night,COCO,TN,247.0,112.0,0.0,349.0,0,1,32.09169054441261,247.0,200-300,30%-40%
Frozen Bottle,2026-07-29,WK 31,Mudichur,Swiggy,Lunch,COCO,TN,558.0,212.0,0.0,730.0,0,2,29.041095890410958,279.0,200-300,20%-30%
Frozen Bottle,2026-07-29,WK 31,Mudichur,Swiggy,Snacks,COCO,TN,1192.2,987.8,0.0,2110.0,0,6,46.81516587677725,198.70000000000002,100-200,40%-50%
Frozen Bottle,2026-07-29,WK 31,Mudichur,Zomato,Dinner,COCO,TN,1282.0,475.0,64.12,1697.0,0,4,27.99057159693577,320.5,300-400,20%-30%
Frozen Bottle,2026-07-29,WK 31,Mudichur,Zomato,Late Night,COCO,TN,224.0,0.0,11.2,214.0,0,1,0.0,224.0,200-300,0%
Frozen Bottle,2026-07-29,WK 31,Mudichur,Zomato,Lunch,COCO,TN,109.0,100.0,5.46,199.0,0,1,50.25125628140703,109.0,100-200,50%-60%
Frozen Bottle,2026-07-29,WK 31,Mudichur,Zomato,Snacks,COCO,TN,187.0,135.0,9.36,302.0,0,1,44.70198675496689,187.0,100-200,40%-50%
Frozen Bottle,2026-07-29,WK 31,Mulund,In Store,Dinner,COCO,MH,5754.0,0.0,287.84000000000003,5754.0,0,20,0.0,287.7,200-300,0%
Frozen Bottle,2026-07-29,WK 31,Mulund,In Store,Lunch,COCO,MH,845.07,601.93,42.26,1447.0,0,2,41.59847961299239,422.535,400-500,40%-50%
Frozen Bottle,2026-07-29,WK 31,Mulund,In Store,Snacks,COCO,MH,2240.42,340.58,112.06,2581.0,0,7,13.195660596667958,320.06,300-400,10%-20%
Frozen Bottle,2026-07-29,WK 31,Mulund,Swiggy,Dinner,COCO,MH,3551.01,1462.65,0.0,4823.66,0,11,30.322410783512936,322.8190909090909,300-400,30%-40%
Frozen Bottle,2026-07-29,WK 31,Mulund,Swiggy,Late Night,COCO,MH,1257.01,437.32000000000005,0.0,1624.33,0,3,26.923100601478765,419.00333333333333,400-500,20%-30%
Frozen Bottle,2026-07-29,WK 31,Mulund,Swiggy,Lunch,COCO,MH,1508.0,1005.3299999999999,0.0,2423.33,0,5,41.48547659625391,301.6,300-400,40%-50%
Frozen Bottle,2026-07-29,WK 31,Mulund,Swiggy,Snacks,COCO,MH,661.0,589.3299999999999,0.0,1210.33,0,4,48.691679128832625,165.25,100-200,40%-50%
Frozen Bottle,2026-07-29,WK 31,Mulund,Zomato,Dinner,COCO,MH,2216.8,1239.2,110.92,3346.0,0,9,37.035265989240884,246.31111111111113,200-300,30%-40%
Frozen Bottle,2026-07-29,WK 31,Mulund,Zomato,Late Night,COCO,MH,900.0,165.0,45.019999999999996,1035.0,0,3,15.942028985507244,300.0,200-300,10%-20%
Frozen Bottle,2026-07-29,WK 31,Mulund,Zomato,Lunch,COCO,MH,185.0,135.0,9.26,310.0,0,1,43.54838709677419,185.0,100-200,40%-50%
Frozen Bottle,2026-07-29,WK 31,Mulund,Zomato,Snacks,COCO,MH,474.9,386.1,23.759999999999998,841.0,0,2,45.90963139120095,237.45,200-300,40%-50%
Frozen Bottle,2026-07-29,WK 31,Nagadevanahally,In Store,Dinner,FOFO,KA,1666.0,0.0,83.34,1666.0,0,7,0.0,238.0,200-300,0%
Frozen Bottle,2026-07-29,WK 31,Nagadevanahally,In Store,Lunch,FOFO,KA,393.0,0.0,19.66,393.0,0,3,0.0,131.0,100-200,0%
Frozen Bottle,2026-07-29,WK 31,Nagadevanahally,In Store,Snacks,FOFO,KA,1024.0,0.0,51.22,1024.0,0,3,0.0,341.3333333333333,300-400,0%
Frozen Bottle,2026-07-29,WK 31,Nagadevanahally,Swiggy,Dinner,FOFO,KA,309.0,308.0,0.0,617.0,0,2,49.91896272285251,154.5,100-200,40%-50%
Frozen Bottle,2026-07-29,WK 31,Nagadevanahally,Swiggy,Snacks,FOFO,KA,677.0,212.0,26.4,859.0,0,2,24.679860302677533,338.5,300-400,20%-30%
Frozen Bottle,2026-07-29,WK 31,Nagadevanahally,Zomato,Dinner,FOFO,KA,962.0,270.0,48.1,1192.0,0,3,22.651006711409398,320.6666666666667,300-400,20%-30%
Frozen Bottle,2026-07-29,WK 31,Nagadevanahally,Zomato,Lunch,FOFO,KA,1010.0,269.99,50.519999999999996,1229.99,0,2,21.9505849641054,505.0,500-600,20%-30%
Frozen Bottle,2026-07-29,WK 31,Nagadevanahally,Zomato,Snacks,FOFO,KA,109.0,100.0,5.46,199.0,0,1,50.25125628140703,109.0,100-200,50%-60%
Frozen Bottle,2026-07-29,WK 31,Nagarbhavi,In Store,Dinner,FOFO,KA,2903.0,0.0,145.18,2903.0,0,6,0.0,483.8333333333333,400-500,0%
Frozen Bottle,2026-07-29,WK 31,Nagarbhavi,In Store,Late Night,FOFO,KA,846.46,0.0,42.34,846.46,0,2,0.0,423.23,400-500,0%
Frozen Bottle,2026-07-29,WK 31,Nagarbhavi,In Store,Snacks,FOFO,KA,628.0,0.0,31.4,628.0,0,1,0.0,628.0,600-900,0%
Frozen Bottle,2026-07-29,WK 31,Nagarbhavi,Swiggy,Dinner,FOFO,KA,731.0,100.0,0.0,811.0,0,2,12.330456226880395,365.5,300-400,10%-20%
Frozen Bottle,2026-07-29,WK 31,Nagarbhavi,Swiggy,Late Night,FOFO,KA,628.0,412.0,0.0,1020.0,0,2,40.3921568627451,314.0,300-400,40%-50%
Frozen Bottle,2026-07-29,WK 31,Nagarbhavi,Swiggy,Snacks,FOFO,KA,279.0,278.0,0.0,557.0,0,2,49.91023339317774,139.5,100-200,40%-50%
Frozen Bottle,2026-07-29,WK 31,Nagarbhavi,Zomato,Breakfast,FOFO,KA,259.0,50.0,12.96,299.0,0,1,16.722408026755854,259.0,200-300,10%-20%
Frozen Bottle,2026-07-29,WK 31,Nagarbhavi,Zomato,Dinner,FOFO,KA,149.3,59.7,7.46,199.0,0,1,30.0,149.3,100-200,20%-30%
Frozen Bottle,2026-07-29,WK 31,Nagarbhavi,Zomato,Lunch,FOFO,KA,399.0,50.0,19.96,429.0,0,1,11.655011655011654,399.0,300-400,10%-20%
Frozen Bottle,2026-07-29,WK 31,Nagarbhavi,Zomato,Snacks,FOFO,KA,710.0,0.0,35.52,690.0,0,1,0.0,710.0,600-900,0%
Frozen Bottle,2026-07-29,WK 31,Nagavara,In Store,Dinner,COCO,KA,3809.21,172.29,190.58,3981.5,0,25,4.327263594122818,152.3684,100-200,1%-10%
Frozen Bottle,2026-07-29,WK 31,Nagavara,In Store,Lunch,COCO,KA,1095.33,0.0,54.78,1095.33,0,4,0.0,273.8325,200-300,0%
Frozen Bottle,2026-07-29,WK 31,Nagavara,In Store,Snacks,COCO,KA,699.84,0.0,35.02,699.84,0,4,0.0,174.96,100-200,0%
Frozen Bottle,2026-07-29,WK 31,Nagavara,Ownly,Dinner,COCO,KA,188.0,0.0,9.4,188.0,0,1,0.0,188.0,100-200,0%
Frozen Bottle,2026-07-29,WK 31,Nagavara,Ownly,Lunch,COCO,KA,134.0,0.0,6.7,134.0,0,1,0.0,134.0,100-200,0%
Frozen Bottle,2026-07-29,WK 31,Nagavara,Ownly,Snacks,COCO,KA,237.0,0.0,11.86,237.0,0,1,0.0,237.0,200-300,0%
Frozen Bottle,2026-07-29,WK 31,Nagavara,Swiggy,Breakfast,COCO,KA,328.0,112.0,0.0,430.0,0,1,26.046511627906977,328.0,300-400,20%-30%
Frozen Bottle,2026-07-29,WK 31,Nagavara,Swiggy,Dinner,COCO,KA,4034.7,2866.33,0.0,6661.03,0,19,43.031332992044774,212.35263157894735,200-300,40%-50%
Frozen Bottle,2026-07-29,WK 31,Nagavara,Swiggy,Late Night,COCO,KA,1794.76,1142.5700000000002,0.0,2857.33,0,6,39.987330829830654,299.12666666666667,200-300,30%-40%
Frozen Bottle,2026-07-29,WK 31,Nagavara,Swiggy,Lunch,COCO,KA,450.0,264.0,0.0,704.0,0,2,37.5,225.0,200-300,30%-40%
Frozen Bottle,2026-07-29,WK 31,Nagavara,Swiggy,Snacks,COCO,KA,1357.0,1178.0,0.0,2515.0,0,3,46.8389662027833,452.3333333333333,400-500,40%-50%
Frozen Bottle,2026-07-29,WK 31,Nagavara,Zomato,Dinner,COCO,KA,4112.99,2592.01,205.7,6465.0,0,16,40.09296210363496,257.061875,200-300,40%-50%
Frozen Bottle,2026-07-29,WK 31,Nagavara,Zomato,Late Night,COCO,KA,300.0,280.0,15.0,560.0,0,1,50.0,300.0,200-300,40%-50%
Frozen Bottle,2026-07-29,WK 31,Nagavara,Zomato,Lunch,COCO,KA,758.33,180.0,37.92,908.33,0,3,19.816586482886176,252.77666666666667,200-300,10%-20%
Frozen Bottle,2026-07-29,WK 31,Nagavara,Zomato,Snacks,COCO,KA,1483.2,828.8,74.16,2222.0,0,7,37.2997299729973,211.8857142857143,200-300,30%-40%
Frozen Bottle,2026-07-29,WK 31,Nalanchira,In Store,Breakfast,FOFO,Kerela,109.0,0.0,5.46,109.0,0,1,0.0,109.0,100-200,0%
Frozen Bottle,2026-07-29,WK 31,Nalanchira,In Store,Dinner,FOFO,Kerela,815.0,0.0,40.76,815.0,0,1,0.0,815.0,600-900,0%
Frozen Bottle,2026-07-29,WK 31,Nalanchira,In Store,Lunch,FOFO,Kerela,1344.5,0.0,67.26,1344.5,0,4,0.0,336.125,300-400,0%
Frozen Bottle,2026-07-29,WK 31,Nalanchira,In Store,Snacks,FOFO,Kerela,2890.0,0.0,144.56,2890.0,0,11,0.0,262.72727272727275,200-300,0%
Frozen Bottle,2026-07-29,WK 31,Nalanchira,Swiggy,Lunch,FOFO,Kerela,1031.0,0.0,0.0,1001.0,0,2,0.0,515.5,500-600,0%
Frozen Bottle,2026-07-29,WK 31,Nalanchira,Zomato,Breakfast,FOFO,Kerela,530.0,0.0,26.52,510.0,0,1,0.0,530.0,500-600,0%
Frozen Bottle,2026-07-29,WK 31,Nalanchira,Zomato,Dinner,FOFO,Kerela,550.0,0.0,27.52,530.0,0,1,0.0,550.0,500-600,0%
Frozen Bottle,2026-07-29,WK 31,Namakkal,In Store,Dinner,FOFO,TN,2257.0,0.0,112.9,2257.0,0,7,0.0,322.42857142857144,300-400,0%
Frozen Bottle,2026-07-29,WK 31,Namakkal,In Store,Lunch,FOFO,TN,209.0,0.0,10.46,209.0,0,1,0.0,209.0,200-300,0%
Frozen Bottle,2026-07-29,WK 31,Namakkal,In Store,Snacks,FOFO,TN,229.0,0.0,11.46,229.0,0,1,0.0,229.0,200-300,0%
Frozen Bottle,2026-07-29,WK 31,Namakkal,Swiggy,Lunch,FOFO,TN,1101.0,0.0,0.0,1061.0,0,2,0.0,550.5,500-600,0%
Frozen Bottle,2026-07-29,WK 31,Namakkal,Zomato,Dinner,FOFO,TN,1010.0,0.0,50.52,970.0,0,3,0.0,336.6666666666667,300-400,0%
Frozen Bottle,2026-07-29,WK 31,Namakkal,Zomato,Snacks,FOFO,TN,1217.0,0.0,60.88,1167.0,0,2,0.0,608.5,600-900,0%
Frozen Bottle,2026-07-29,WK 31,Nanganallur CK,Swiggy,Dinner,COCO,TN,4034.76,2700.57,0.0,6475.33,0,15,41.705519255389305,268.98400000000004,200-300,40%-50%
Frozen Bottle,2026-07-29,WK 31,Nanganallur CK,Swiggy,Late Night,COCO,TN,784.2,636.8,0.0,1381.0,0,4,46.11151339608979,196.05,100-200,40%-50%
Frozen Bottle,2026-07-29,WK 31,Nanganallur CK,Swiggy,Lunch,COCO,TN,1910.0,943.33,0.0,2733.33,0,5,34.51211525867714,382.0,300-400,30%-40%
Frozen Bottle,2026-07-29,WK 31,Nanganallur CK,Swiggy,Snacks,COCO,TN,1437.01,709.84,0.0,2056.85,0,5,34.5110241388531,287.402,200-300,30%-40%
Frozen Bottle,2026-07-29,WK 31,Nanganallur CK,Zomato,Dinner,COCO,TN,2241.56,1408.93,112.12,3520.49,0,6,40.02084937040015,373.5933333333333,300-400,40%-50%
Frozen Bottle,2026-07-29,WK 31,Nanganallur CK,Zomato,Late Night,COCO,TN,272.5,277.5,13.62,530.0,0,1,52.358490566037744,272.5,200-300,50%-60%
Frozen Bottle,2026-07-29,WK 31,Nanganallur CK,Zomato,Lunch,COCO,TN,1143.5,577.5,57.22,1661.0,0,4,34.7682119205298,285.875,200-300,30%-40%
Frozen Bottle,2026-07-29,WK 31,Nanganallur CK,Zomato,Snacks,COCO,TN,422.81,316.19,21.16,709.0,0,2,44.596614950634695,211.405,200-300,40%-50%
Frozen Bottle,2026-07-29,WK 31,Nungambakkam - CK,Swiggy,Breakfast,COCO,TN,675.0,555.0,0.0,1180.0,0,2,47.03389830508475,337.5,300-400,40%-50%
Frozen Bottle,2026-07-29,WK 31,Nungambakkam - CK,Swiggy,Dinner,COCO,TN,5233.58,2719.27,0.0,7682.85,0,19,35.394026956142575,275.45157894736843,200-300,30%-40%
Frozen Bottle,2026-07-29,WK 31,Nungambakkam - CK,Swiggy,Late Night,COCO,TN,3384.5699999999997,2080.94,0.0,5255.51,0,13,39.59539607002936,260.35153846153844,200-300,30%-40%
Frozen Bottle,2026-07-29,WK 31,Nungambakkam - CK,Swiggy,Lunch,COCO,TN,405.0,374.0,0.0,759.0,0,3,49.275362318840585,135.0,100-200,40%-50%
Frozen Bottle,2026-07-29,WK 31,Nungambakkam - CK,Swiggy,Snacks,COCO,TN,2183.17,1767.83,0.0,3801.0,0,12,46.50960273612207,181.93083333333334,100-200,40%-50%
Frozen Bottle,2026-07-29,WK 31,Nungambakkam - CK,Zomato,Breakfast,COCO,TN,926.1999999999999,631.8,46.32,1518.0,0,2,41.62055335968379,463.09999999999997,400-500,40%-50%
Frozen Bottle,2026-07-29,WK 31,Nungambakkam - CK,Zomato,Late Night,COCO,TN,730.64,520.36,36.54,1211.0,0,2,42.96944673823286,365.32,300-400,40%-50%
Frozen Bottle,2026-07-29,WK 31,Nungambakkam - CK,Zomato,Lunch,COCO,TN,1075.5,627.5,53.8,1643.0,0,6,38.19233110164333,179.25,100-200,30%-40%
Frozen Bottle,2026-07-29,WK 31,Nungambakkam - CK,Zomato,Snacks,COCO,TN,808.5,86.5,40.44,865.0,0,1,10.0,808.5,600-900,1%-10%
Frozen Bottle,2026-07-29,WK 31,OMR,In Store,Dinner,COCO,TN,958.53,318.7,47.94,1277.23,0,5,24.952436131315423,191.706,100-200,20%-30%
Frozen Bottle,2026-07-29,WK 31,OMR,In Store,Lunch,COCO,TN,159.0,0.0,7.96,159.0,0,1,0.0,159.0,100-200,0%
Frozen Bottle,2026-07-29,WK 31,OMR,In Store,Snacks,COCO,TN,1882.1799999999998,356.15,94.14,2238.33,0,9,15.911416100396277,209.1311111111111,200-300,10%-20%
Frozen Bottle,2026-07-29,WK 31,OMR,Swiggy,Dinner,COCO,TN,3738.01,1759.32,0.0,5317.33,0,13,33.08653026989109,287.5392307692308,200-300,30%-40%
Frozen Bottle,2026-07-29,WK 31,OMR,Swiggy,Late Night,COCO,TN,446.0,224.0,0.0,650.0,0,2,34.46153846153846,223.0,200-300,30%-40%
Frozen Bottle,2026-07-29,WK 31,OMR,Swiggy,Lunch,COCO,TN,2095.06,777.58,0.0,2772.64,0,8,28.044751572508513,261.8825,200-300,20%-30%
Frozen Bottle,2026-07-29,WK 31,OMR,Swiggy,Snacks,COCO,TN,1287.54,720.79,0.0,1918.33,0,7,37.57382723514724,183.93428571428572,100-200,30%-40%
Frozen Bottle,2026-07-29,WK 31,OMR,Zomato,Dinner,COCO,TN,747.0,644.0,37.379999999999995,1341.0,0,4,48.02386278896346,186.75,100-200,40%-50%
Frozen Bottle,2026-07-29,WK 31,OMR,Zomato,Late Night,COCO,TN,424.9,46.1,21.24,461.0,0,1,10.0,424.9,400-500,1%-10%
Frozen Bottle,2026-07-29,WK 31,OMR,Zomato,Lunch,COCO,TN,361.4,339.6,18.08,681.0,0,1,49.867841409691636,361.4,300-400,40%-50%
Frozen Bottle,2026-07-29,WK 31,OMR,Zomato,Snacks,COCO,TN,1514.2,1404.8,75.74,2829.0,0,5,49.6571226581831,302.84000000000003,300-400,40%-50%
Frozen Bottle,2026-07-29,WK 31,PALAM VIHAR,In Store,Dinner,FOFO,ROI,1107.3,44.7,55.379999999999995,1152.0,0,4,3.8802083333333335,276.825,200-300,1%-10%
Frozen Bottle,2026-07-29,WK 31,PALAM VIHAR,In Store,Snacks,FOFO,ROI,283.0,0.0,14.16,283.0,0,2,0.0,141.5,100-200,0%
Frozen Bottle,2026-07-29,WK 31,PALAM VIHAR,Swiggy,Closing,FOFO,ROI,109.5,99.5,0.0,199.0,0,1,50.0,109.5,100-200,40%-50%
Frozen Bottle,2026-07-29,WK 31,PALAM VIHAR,Swiggy,Dinner,FOFO,ROI,440.76,290.24,0.0,711.0,0,1,40.82137834036568,440.76,400-500,40%-50%
Frozen Bottle,2026-07-29,WK 31,PALAM VIHAR,Swiggy,Lunch,FOFO,ROI,542.27,320.73,0.0,833.0,0,1,38.5030012004802,542.27,500-600,30%-40%
Frozen Bottle,2026-07-29,WK 31,PALAM VIHAR,Zomato,Dinner,FOFO,ROI,394.0,155.0,19.72,529.0,0,2,29.300567107750474,197.0,100-200,20%-30%
Frozen Bottle,2026-07-29,WK 31,PALAM VIHAR,Zomato,Lunch,FOFO,ROI,129.0,80.0,6.46,199.0,0,1,40.20100502512563,129.0,100-200,40%-50%
Frozen Bottle,2026-07-29,WK 31,PALAM VIHAR,Zomato,Snacks,FOFO,ROI,663.0,285.0,33.16,908.0,0,3,31.387665198237887,221.0,200-300,30%-40%
Frozen Bottle,2026-07-29,WK 31,Pallikaranai,In Store,Breakfast,COCO,TN,288.0,0.0,14.4,288.0,0,1,0.0,288.0,200-300,0%
Frozen Bottle,2026-07-29,WK 31,Pallikaranai,In Store,Dinner,COCO,TN,209.0,0.0,10.46,209.0,0,1,0.0,209.0,200-300,0%
Frozen Bottle,2026-07-29,WK 31,Pallikaranai,In Store,Lunch,COCO,TN,138.0,0.0,6.9,138.0,0,1,0.0,138.0,100-200,0%
Frozen Bottle,2026-07-29,WK 31,Pallikaranai,In Store,Snacks,COCO,TN,298.0,0.0,14.9,298.0,0,1,0.0,298.0,200-300,0%
Frozen Bottle,2026-07-29,WK 31,Pallikaranai,Swiggy,Dinner,COCO,TN,1341.05,1320.5900000000001,0.0,2591.64,0,7,50.95576546125235,191.57857142857142,100-200,50%-60%
Frozen Bottle,2026-07-29,WK 31,Pallikaranai,Swiggy,Late Night,COCO,TN,367.0,313.0,0.0,660.0,0,2,47.42424242424242,183.5,100-200,40%-50%
Frozen Bottle,2026-07-29,WK 31,Pallikaranai,Swiggy,Lunch,COCO,TN,1559.0,1067.66,0.0,2526.66,0,5,42.25578431605361,311.8,300-400,40%-50%
Frozen Bottle,2026-07-29,WK 31,Pallikaranai,Swiggy,Snacks,COCO,TN,585.0,393.0,0.0,938.0,0,2,41.89765458422175,292.5,200-300,40%-50%
Frozen Bottle,2026-07-29,WK 31,Pallikaranai,Zomato,Dinner,COCO,TN,510.0,229.0,25.520000000000003,699.0,0,3,32.761087267525035,170.0,100-200,30%-40%
Frozen Bottle,2026-07-29,WK 31,Pallikaranai,Zomato,Late Night,COCO,TN,361.5,197.5,18.080000000000002,539.0,0,2,36.641929499072354,180.75,100-200,30%-40%
Frozen Bottle,2026-07-29,WK 31,Pallikaranai,Zomato,Lunch,COCO,TN,466.0,315.0,23.3,761.0,0,2,41.39290407358738,233.0,200-300,40%-50%
Frozen Bottle,2026-07-29,WK 31,Pallikaranai,Zomato,Snacks,COCO,TN,393.0,225.0,19.66,598.0,0,1,37.62541806020067,393.0,300-400,30%-40%
Frozen Bottle,2026-07-29,WK 31,Parbhani,In Store,Dinner,FOFO,MH,766.0,0.0,38.34,766.0,0,4,0.0,191.5,100-200,0%
Frozen Bottle,2026-07-29,WK 31,Parbhani,In Store,Late Night,FOFO,MH,94.23,0.0,4.72,94.23,0,2,0.0,47.115,0-100,0%
Frozen Bottle,2026-07-29,WK 31,Parbhani,In Store,Lunch,FOFO,MH,169.0,0.0,8.46,169.0,0,1,0.0,169.0,100-200,0%
Frozen Bottle,2026-07-29,WK 31,Parbhani,In Store,Snacks,FOFO,MH,577.0,0.0,28.86,577.0,0,2,0.0,288.5,200-300,0%
Frozen Bottle,2026-07-29,WK 31,Parbhani,Swiggy,Dinner,FOFO,MH,1591.01,127.99000000000001,0.0,1669.0,0,4,7.668663870581187,397.7525,300-400,1%-10%
Frozen Bottle,2026-07-29,WK 31,Parbhani,Swiggy,Late Night,FOFO,MH,1278.02,199.98,0.0,1428.0,0,2,14.004201680672267,639.01,600-900,10%-20%
Frozen Bottle,2026-07-29,WK 31,Parbhani,Swiggy,Lunch,FOFO,MH,355.0,45.0,0.0,390.0,0,1,11.538461538461538,355.0,300-400,10%-20%
Frozen Bottle,2026-07-29,WK 31,Parbhani,Swiggy,Snacks,FOFO,MH,340.0,0.0,0.0,330.0,0,1,0.0,340.0,300-400,0%
Frozen Bottle,2026-07-29,WK 31,Parbhani,Zomato,Closing,FOFO,MH,240.0,0.0,12.0,230.0,0,1,0.0,240.0,200-300,0%
Frozen Bottle,2026-07-29,WK 31,Parbhani,Zomato,Dinner,FOFO,MH,1870.13,210.87,93.54,2011.0,0,5,10.485827946295375,374.026,300-400,10%-20%
Frozen Bottle,2026-07-29,WK 31,Parbhani,Zomato,Late Night,FOFO,MH,1593.54,85.46000000000001,79.7,1619.0,0,5,5.278567016676962,318.70799999999997,300-400,1%-10%
Frozen Bottle,2026-07-29,WK 31,Parbhani,Zomato,Lunch,FOFO,MH,871.46,79.54,43.56,921.0,0,3,8.63626492942454,290.4866666666667,200-300,1%-10%
Frozen Bottle,2026-07-29,WK 31,Parbhani,Zomato,Snacks,FOFO,MH,679.0,60.0,33.96,719.0,0,2,8.344923504867872,339.5,300-400,1%-10%
Frozen Bottle,2026-07-29,WK 31,Perambur - CK,Swiggy,Dinner,COCO,TN,2163.4,530.6,0.0,2584.0,0,7,20.53405572755418,309.0571428571429,300-400,20%-30%
Frozen Bottle,2026-07-29,WK 31,Perambur - CK,Swiggy,Late Night,COCO,TN,98.0,112.0,0.0,200.0,0,1,56.00000000000001,98.0,0-100,50%-60%
Frozen Bottle,2026-07-29,WK 31,Perambur - CK,Swiggy,Lunch,COCO,TN,289.0,221.99,0.0,510.99,0,2,43.44312021761678,144.5,100-200,40%-50%
Frozen Bottle,2026-07-29,WK 31,Perambur - CK,Swiggy,Snacks,COCO,TN,728.01,353.99,0.0,1052.0,0,3,33.64923954372624,242.67,200-300,30%-40%
Frozen Bottle,2026-07-29,WK 31,Perambur - CK,Zomato,Dinner,COCO,TN,415.0,315.0,20.759999999999998,700.0,0,2,45.0,207.5,200-300,40%-50%
Frozen Bottle,2026-07-29,WK 31,Perambur - CK,Zomato,Snacks,COCO,TN,174.0,135.0,8.7,299.0,0,1,45.1505016722408,174.0,100-200,40%-50%
Frozen Bottle,2026-07-29,WK 31,Pimple Saudagar,Swiggy,Dinner,FOFO,MH,1328.0,40.0,0.0,1338.0,0,2,2.9895366218236172,664.0,600-900,1%-10%
Frozen Bottle,2026-07-29,WK 31,Pimple Saudagar,Swiggy,Late Night,FOFO,MH,580.0,100.0,0.0,660.0,0,2,15.151515151515152,290.0,200-300,10%-20%
Frozen Bottle,2026-07-29,WK 31,Pimple Saudagar,Swiggy,Snacks,FOFO,MH,203.2,36.8,0.0,230.0,0,1,15.999999999999998,203.2,200-300,10%-20%
Frozen Bottle,2026-07-29,WK 31,Pimple Saudagar,Zomato,Dinner,FOFO,MH,1811.0,300.0,90.56,2041.0,0,4,14.698677119059283,452.75,400-500,10%-20%
Frozen Bottle,2026-07-29,WK 31,Pimple Saudagar,Zomato,Late Night,FOFO,MH,170.0,40.0,8.5,200.0,0,1,20.0,170.0,100-200,10%-20%
Frozen Bottle,2026-07-29,WK 31,Pimple Saudagar,Zomato,Lunch,FOFO,MH,190.0,100.0,9.5,280.0,0,1,35.714285714285715,190.0,100-200,30%-40%
Frozen Bottle,2026-07-29,WK 31,Pimple Saudagar,Zomato,Snacks,FOFO,MH,448.0,50.0,22.4,478.0,0,1,10.460251046025103,448.0,400-500,10%-20%
Frozen Bottle,2026-07-29,WK 31,Pimpri Chinchwad,In Store,Dinner,FOFO,MH,517.0,0.0,25.86,517.0,0,2,0.0,258.5,200-300,0%
Frozen Bottle,2026-07-29,WK 31,Pimpri Chinchwad,Swiggy,Dinner,FOFO,MH,651.0,0.0,0.0,631.0,0,2,0.0,325.5,300-400,0%
Frozen Bottle,2026-07-29,WK 31,Pimpri Chinchwad,Zomato,Dinner,FOFO,MH,2133.51,219.5,106.7,2293.0,0,2,9.572612298299171,1066.755,>900,1%-10%
Frozen Bottle,2026-07-29,WK 31,Pimpri Chinchwad,Zomato,Snacks,FOFO,MH,1444.2,528.8,72.2,1913.0,0,2,27.642446419236798,722.1,600-900,20%-30%
Frozen Bottle,2026-07-29,WK 31,Poonamalle,In Store,Dinner,FOFO,TN,2489.05,0.0,124.56,2489.05,0,13,0.0,191.46538461538464,100-200,0%
Frozen Bottle,2026-07-29,WK 31,Poonamalle,In Store,Lunch,FOFO,TN,826.0,0.0,41.32,826.0,0,3,0.0,275.3333333333333,200-300,0%
Frozen Bottle,2026-07-29,WK 31,Poonamalle,In Store,Snacks,FOFO,TN,2139.0,0.0,106.97999999999999,2139.0,0,6,0.0,356.5,300-400,0%
Frozen Bottle,2026-07-29,WK 31,Poonamalle,Swiggy,Dinner,FOFO,TN,292.0,0.0,0.0,262.0,0,1,0.0,292.0,200-300,0%
Frozen Bottle,2026-07-29,WK 31,Poonamalle,Swiggy,Snacks,FOFO,TN,471.01,99.99,0.0,541.0,0,1,18.482439926062845,471.01,400-500,10%-20%
Frozen Bottle,2026-07-29,WK 31,Poonamalle,Zomato,Dinner,FOFO,TN,234.0,75.0,11.7,299.0,0,1,25.08361204013378,234.0,200-300,20%-30%
Frozen Bottle,2026-07-29,WK 31,Poonamalle,Zomato,Lunch,FOFO,TN,1681.22,694.8,84.12,2316.0,0,2,30.0,840.61,600-900,20%-30%
Frozen Bottle,2026-07-29,WK 31,Poonamalle,Zomato,Snacks,FOFO,TN,788.0,350.0,39.44,1098.0,0,4,31.876138433515482,197.0,100-200,30%-40%
Frozen Bottle,2026-07-29,WK 31,Powai- CF - CK,Swiggy,Closing,COCO,MH,459.0,101.0,0.0,540.0,0,1,18.703703703703702,459.0,400-500,10%-20%
Frozen Bottle,2026-07-29,WK 31,Powai- CF - CK,Swiggy,Dinner,COCO,MH,547.0,224.0,0.0,741.0,0,3,30.229419703103915,182.33333333333334,100-200,30%-40%
Frozen Bottle,2026-07-29,WK 31,Powai- CF - CK,Swiggy,Late Night,COCO,MH,605.0,461.65999999999997,0.0,1016.66,0,4,45.40947809493833,151.25,100-200,40%-50%
Frozen Bottle,2026-07-29,WK 31,Powai- CF - CK,Swiggy,Lunch,COCO,MH,657.0,323.0,0.0,960.0,0,2,33.645833333333336,328.5,300-400,30%-40%
Frozen Bottle,2026-07-29,WK 31,Powai- CF - CK,Swiggy,Snacks,COCO,MH,722.2,673.8,0.0,1326.0,0,5,50.81447963800905,144.44,100-200,50%-60%
Frozen Bottle,2026-07-29,WK 31,Powai- CF - CK,Zomato,Dinner,COCO,MH,1895.3,1326.69,94.78,3121.99,0,6,42.49501119478282,315.8833333333333,300-400,40%-50%
Frozen Bottle,2026-07-29,WK 31,Powai- CF - CK,Zomato,Late Night,COCO,MH,786.5999999999999,442.39,39.36,1178.99,0,2,37.52279493464745,393.29999999999995,300-400,30%-40%
Frozen Bottle,2026-07-29,WK 31,Powai- CF - CK,Zomato,Snacks,COCO,MH,171.0,69.0,8.56,230.0,0,1,30.0,171.0,100-200,20%-30%
Frozen Bottle,2026-07-29,WK 31,Prabhadevi,In Store,Lunch,COCO,MH,27300.0,10290.0,1365.0,37590.0,0,1,27.37430167597765,27300.0,>900,20%-30%
Frozen Bottle,2026-07-29,WK 31,Prabhadevi,Swiggy,Dinner,COCO,MH,2659.32,1930.68,0.0,4450.0,0,12,43.38606741573034,221.61,200-300,40%-50%
Frozen Bottle,2026-07-29,WK 31,Prabhadevi,Swiggy,Late Night,COCO,MH,1322.0,1389.0,0.0,2621.0,0,5,52.99504006104541,264.4,200-300,50%-60%
Frozen Bottle,2026-07-29,WK 31,Prabhadevi,Swiggy,Lunch,COCO,MH,972.0,708.0,0.0,1630.0,0,5,43.43558282208589,194.4,100-200,40%-50%
Frozen Bottle,2026-07-29,WK 31,Prabhadevi,Swiggy,Snacks,COCO,MH,1041.56,758.44,0.0,1730.0,0,5,43.84046242774567,208.31199999999998,200-300,40%-50%
Frozen Bottle,2026-07-29,WK 31,Prabhadevi,Zomato,Lunch,COCO,MH,484.0,316.0,24.22,770.0,0,2,41.03896103896104,242.0,200-300,40%-50%
Frozen Bottle,2026-07-29,WK 31,Puducherry,Swiggy,Dinner,FOFO,TN,280.0,0.0,0.0,270.0,0,1,0.0,280.0,200-300,0%
Frozen Bottle,2026-07-29,WK 31,Puducherry,Zomato,Lunch,FOFO,TN,582.0,0.0,29.12,562.0,0,2,0.0,291.0,200-300,0%
Frozen Bottle,2026-07-29,WK 31,RT Nagar,In Store,Dinner,FOFO,KA,1363.0,0.0,68.18,1363.0,0,5,0.0,272.6,200-300,0%
Frozen Bottle,2026-07-29,WK 31,RT Nagar,In Store,Snacks,FOFO,KA,416.0,0.0,20.82,416.0,0,2,0.0,208.0,200-300,0%
Frozen Bottle,2026-07-29,WK 31,RT Nagar,Swiggy,Breakfast,FOFO,KA,249.0,261.0,0.0,510.0,0,2,51.17647058823529,124.5,100-200,50%-60%
Frozen Bottle,2026-07-29,WK 31,RT Nagar,Swiggy,Closing,FOFO,KA,149.01,203.84,0.0,352.85,0,1,57.769590477540035,149.01,100-200,50%-60%
Frozen Bottle,2026-07-29,WK 31,RT Nagar,Swiggy,Dinner,FOFO,KA,310.0,40.0,0.0,340.0,0,1,11.76470588235294,310.0,300-400,10%-20%
Frozen Bottle,2026-07-29,WK 31,RT Nagar,Swiggy,Lunch,FOFO,KA,560.0,349.0,0.0,889.0,0,2,39.257592800899886,280.0,200-300,30%-40%
Frozen Bottle,2026-07-29,WK 31,RT Nagar,Swiggy,Snacks,FOFO,KA,268.0,271.0,0.0,529.0,0,2,51.22873345935728,134.0,100-200,50%-60%
Frozen Bottle,2026-07-29,WK 31,RT Nagar,Zomato,Lunch,FOFO,KA,209.0,0.0,10.46,199.0,0,1,0.0,209.0,200-300,0%
Frozen Bottle,2026-07-29,WK 31,Race Course Road,In Store,Dinner,COCO,TN,941.6800000000001,220.32,47.120000000000005,1162.0,0,5,18.96041308089501,188.336,100-200,10%-20%
Frozen Bottle,2026-07-29,WK 31,Race Course Road,In Store,Lunch,COCO,TN,1411.6,275.4,70.62,1687.0,0,8,16.324836988737403,176.45,100-200,10%-20%
Frozen Bottle,2026-07-29,WK 31,Race Course Road,Swiggy,Dinner,COCO,TN,3036.6,1763.4,0.0,4620.0,0,15,38.16883116883117,202.44,200-300,30%-40%
Frozen Bottle,2026-07-29,WK 31,Race Course Road,Swiggy,Late Night,COCO,TN,3002.01,1642.99,0.0,4475.0,0,9,36.71486033519553,333.5566666666667,300-400,30%-40%
Frozen Bottle,2026-07-29,WK 31,Race Course Road,Swiggy,Lunch,COCO,TN,2212.0,1899.0,0.0,3951.0,0,7,48.063781321184514,316.0,300-400,40%-50%
Frozen Bottle,2026-07-29,WK 31,Race Course Road,Swiggy,Snacks,COCO,TN,2385.4,1361.6,0.0,3617.0,0,9,37.64445673209842,265.0444444444445,200-300,30%-40%
Frozen Bottle,2026-07-29,WK 31,Race Course Road,Zomato,Dinner,COCO,TN,950.0,590.0,47.5,1480.0,0,4,39.86486486486486,237.5,200-300,30%-40%
Frozen Bottle,2026-07-29,WK 31,Race Course Road,Zomato,Late Night,COCO,TN,1623.0,917.0,81.18,2460.0,0,5,37.27642276422764,324.6,300-400,30%-40%
Frozen Bottle,2026-07-29,WK 31,Race Course Road,Zomato,Lunch,COCO,TN,214.0,135.0,10.7,339.0,0,1,39.823008849557525,214.0,200-300,30%-40%
Frozen Bottle,2026-07-29,WK 31,Race Course Road,Zomato,Snacks,COCO,TN,3510.0,670.0,175.56,4020.0,0,8,16.666666666666664,438.75,400-500,10%-20%
Frozen Bottle,2026-07-29,WK 31,Raichur,In Store,Dinner,FOFO,KA,188.0,0.0,9.4,188.0,0,1,0.0,188.0,100-200,0%
Frozen Bottle,2026-07-29,WK 31,Raichur,Swiggy,Dinner,FOFO,KA,903.3299999999999,0.0,27.0,863.3299999999999,0,3,0.0,301.10999999999996,300-400,0%
Frozen Bottle,2026-07-29,WK 31,Raichur,Swiggy,Snacks,FOFO,KA,401.15999999999997,106.84,11.2,488.0,0,2,21.893442622950822,200.57999999999998,200-300,20%-30%
Frozen Bottle,2026-07-29,WK 31,Raipur-1,In Store,Dinner,FOFO,ROI,866.0,0.0,43.3,866.0,0,2,0.0,433.0,400-500,0%
Frozen Bottle,2026-07-29,WK 31,Raipur-1,Swiggy,Dinner,FOFO,ROI,530.0,0.0,0.0,510.0,0,1,0.0,530.0,500-600,0%
Frozen Bottle,2026-07-29,WK 31,Raipur-1,Zomato,Dinner,FOFO,ROI,881.0,460.0,44.08,1281.0,0,5,35.90944574551132,176.2,100-200,30%-40%
Frozen Bottle,2026-07-29,WK 31,Raipur-1,Zomato,Late Night,FOFO,ROI,745.0,400.0,37.28,1095.0,0,4,36.5296803652968,186.25,100-200,30%-40%
Frozen Bottle,2026-07-29,WK 31,Raipur-1,Zomato,Snacks,FOFO,ROI,461.0,49.0,23.06,490.0,0,1,10.0,461.0,400-500,1%-10%
Frozen Bottle,2026-07-29,WK 31,Raipur-2,Swiggy,Late Night,FOFO,ROI,191.0,100.0,0.0,281.0,0,1,35.587188612099645,191.0,100-200,30%-40%
Frozen Bottle,2026-07-29,WK 31,Raipur-2,Zomato,Dinner,FOFO,ROI,338.0,80.0,16.92,398.0,0,1,20.100502512562816,338.0,300-400,20%-30%
Frozen Bottle,2026-07-29,WK 31,Raipur-2,Zomato,Late Night,FOFO,ROI,868.0,130.0,43.44,948.0,0,3,13.71308016877637,289.3333333333333,200-300,10%-20%
Frozen Bottle,2026-07-29,WK 31,Ramanathapuram,In Store,Breakfast,FOFO,TN,198.0,0.0,9.9,198.0,0,1,0.0,198.0,100-200,0%
Frozen Bottle,2026-07-29,WK 31,Ramanathapuram,In Store,Dinner,FOFO,TN,1209.0,0.0,60.48,1209.0,0,6,0.0,201.5,200-300,0%
Frozen Bottle,2026-07-29,WK 31,Ramanathapuram,In Store,Snacks,FOFO,TN,615.0,0.0,30.779999999999998,615.0,0,4,0.0,153.75,100-200,0%
Frozen Bottle,2026-07-29,WK 31,Ranchi,In Store,Dinner,FOFO,ROI,338.0,0.0,16.9,338.0,0,1,0.0,338.0,300-400,0%
Frozen Bottle,2026-07-29,WK 31,Ranchi,In Store,Lunch,FOFO,ROI,634.0,0.0,31.720000000000002,634.0,0,3,0.0,211.33333333333334,200-300,0%
Frozen Bottle,2026-07-29,WK 31,Ranchi,In Store,Snacks,FOFO,ROI,1079.0,0.0,53.98,1079.0,0,6,0.0,179.83333333333334,100-200,0%
Frozen Bottle,2026-07-29,WK 31,Ranchi,Swiggy,Dinner,FOFO,ROI,482.0,100.0,0.0,562.0,0,1,17.793594306049823,482.0,400-500,10%-20%
Frozen Bottle,2026-07-29,WK 31,Ranchi,Zomato,Dinner,FOFO,ROI,1532.0,150.0,76.62,1622.0,0,4,9.247842170160297,383.0,300-400,1%-10%
Frozen Bottle,2026-07-29,WK 31,Ranchi,Zomato,Snacks,FOFO,ROI,549.0,200.0,27.46,729.0,0,2,27.434842249657066,274.5,200-300,20%-30%
Frozen Bottle,2026-07-29,WK 31,Ravipuram,In Store,Dinner,COCO,Kerela,2052.8,141.2,102.64,2194.0,0,4,6.435733819507748,513.2,500-600,1%-10%
Frozen Bottle,2026-07-29,WK 31,Ravipuram,In Store,Lunch,COCO,Kerela,2236.33,0.0,111.88,2236.33,0,9,0.0,248.4811111111111,200-300,0%
Frozen Bottle,2026-07-29,WK 31,Ravipuram,In Store,Snacks,COCO,Kerela,635.0,0.0,31.800000000000004,635.0,0,5,0.0,127.0,100-200,0%
Frozen Bottle,2026-07-29,WK 31,Ravipuram,Swiggy,Breakfast,COCO,Kerela,159.0,121.0,0.0,270.0,0,1,44.81481481481481,159.0,100-200,40%-50%
Frozen Bottle,2026-07-29,WK 31,Ravipuram,Swiggy,Dinner,COCO,Kerela,2801.2,1517.8,0.0,4159.0,0,10,36.49434960327002,280.12,200-300,30%-40%
Frozen Bottle,2026-07-29,WK 31,Ravipuram,Swiggy,Late Night,COCO,Kerela,1069.2,882.46,0.0,1861.6599999999999,0,6,47.40178120602044,178.20000000000002,100-200,40%-50%
Frozen Bottle,2026-07-29,WK 31,Ravipuram,Swiggy,Lunch,COCO,Kerela,1624.6,1155.73,0.0,2660.33,0,6,43.443106682253706,270.76666666666665,200-300,40%-50%
Frozen Bottle,2026-07-29,WK 31,Ravipuram,Swiggy,Snacks,COCO,Kerela,406.2,333.8,0.0,710.0,0,3,47.014084507042256,135.4,100-200,40%-50%
Frozen Bottle,2026-07-29,WK 31,Ravipuram,Zomato,Closing,COCO,Kerela,250.0,230.0,12.5,460.0,0,1,50.0,250.0,200-300,40%-50%
Frozen Bottle,2026-07-29,WK 31,Ravipuram,Zomato,Dinner,COCO,Kerela,1869.0,1058.0,93.48,2837.0,0,6,37.29291505111033,311.5,300-400,30%-40%
Frozen Bottle,2026-07-29,WK 31,Ravipuram,Zomato,Late Night,COCO,Kerela,265.0,245.0,13.26,490.0,0,1,50.0,265.0,200-300,40%-50%
Frozen Bottle,2026-07-29,WK 31,Ravipuram,Zomato,Lunch,COCO,Kerela,1212.2,584.8,60.620000000000005,1737.0,0,5,33.66724237190558,242.44,200-300,30%-40%
Frozen Bottle,2026-07-29,WK 31,Ravipuram,Zomato,Snacks,COCO,Kerela,1206.5,704.5,60.339999999999996,1851.0,0,5,38.06050783360346,241.3,200-300,30%-40%
Frozen Bottle,2026-07-29,WK 31,SEAWOOD,In Store,Dinner,COCO,MH,1902.9,976.1,95.18,2879.0,0,5,33.904133379645714,380.58000000000004,300-400,30%-40%
Frozen Bottle,2026-07-29,WK 31,SEAWOOD,In Store,Lunch,COCO,MH,458.6,257.4,22.94,716.0,0,2,35.94972067039106,229.3,200-300,30%-40%
Frozen Bottle,2026-07-29,WK 31,SEAWOOD,In Store,Snacks,COCO,MH,617.3,59.7,30.880000000000003,677.0,0,2,8.81831610044313,308.65,300-400,1%-10%
Frozen Bottle,2026-07-29,WK 31,SEAWOOD,Swiggy,Dinner,COCO,MH,2323.6,1517.4,0.0,3711.0,0,8,40.88924818108327,290.45,200-300,40%-50%
Frozen Bottle,2026-07-29,WK 31,SEAWOOD,Swiggy,Late Night,COCO,MH,1291.0,921.0,0.0,2142.0,0,5,42.997198879551824,258.2,200-300,40%-50%
Frozen Bottle,2026-07-29,WK 31,SEAWOOD,Swiggy,Lunch,COCO,MH,556.0,525.0,0.0,1051.0,0,3,49.952426260704094,185.33333333333334,100-200,40%-50%
Frozen Bottle,2026-07-29,WK 31,SEAWOOD,Swiggy,Snacks,COCO,MH,1953.0,426.0,0.0,2309.0,0,4,18.449545257687312,488.25,400-500,10%-20%
Frozen Bottle,2026-07-29,WK 31,SEAWOOD,Zomato,Dinner,COCO,MH,907.0,576.01,45.379999999999995,1423.01,0,2,40.478281951637726,453.5,400-500,40%-50%
Frozen Bottle,2026-07-29,WK 31,SEAWOOD,Zomato,Lunch,COCO,MH,485.0,315.0,24.259999999999998,770.0,0,2,40.909090909090914,242.5,200-300,40%-50%
Frozen Bottle,2026-07-29,WK 31,SEAWOOD,Zomato,Snacks,COCO,MH,1041.3400000000001,653.66,52.08,1635.0,0,4,39.97920489296636,260.33500000000004,200-300,30%-40%
Frozen Bottle,2026-07-29,WK 31,Sahakarnagar,In Store,Dinner,FOFO,KA,1384.0,0.0,69.24000000000001,1384.0,0,8,0.0,173.0,100-200,0%
Frozen Bottle,2026-07-29,WK 31,Sahakarnagar,In Store,Lunch,FOFO,KA,418.0,0.0,20.92,418.0,0,2,0.0,209.0,200-300,0%
Frozen Bottle,2026-07-29,WK 31,Sahakarnagar,In Store,Snacks,FOFO,KA,137.0,0.0,6.86,137.0,0,1,0.0,137.0,100-200,0%
Frozen Bottle,2026-07-29,WK 31,Sahakarnagar,Swiggy,Closing,FOFO,KA,310.0,0.0,0.0,290.0,0,1,0.0,310.0,300-400,0%
Frozen Bottle,2026-07-29,WK 31,Sahakarnagar,Swiggy,Dinner,FOFO,KA,890.0,0.0,0.0,860.0,0,2,0.0,445.0,400-500,0%
Frozen Bottle,2026-07-29,WK 31,Sahakarnagar,Swiggy,Lunch,FOFO,KA,300.0,0.0,0.0,290.0,0,1,0.0,300.0,200-300,0%
Frozen Bottle,2026-07-29,WK 31,Sahakarnagar,Swiggy,Snacks,FOFO,KA,722.0,0.0,0.0,702.0,0,1,0.0,722.0,600-900,0%
Frozen Bottle,2026-07-29,WK 31,Sahakarnagar,Zomato,Snacks,FOFO,KA,1250.1,83.9,62.5,1294.0,0,2,6.483771251931994,625.05,600-900,1%-10%
Frozen Bottle,2026-07-29,WK 31,Saharanpur,In Store,Dinner,FOFO,ROI,546.0,0.0,27.32,546.0,0,3,0.0,182.0,100-200,0%
Frozen Bottle,2026-07-29,WK 31,Saharanpur,In Store,Lunch,FOFO,ROI,79.0,0.0,3.96,79.0,0,1,0.0,79.0,0-100,0%
Frozen Bottle,2026-07-29,WK 31,Saharanpur,In Store,Snacks,FOFO,ROI,258.0,0.0,12.9,258.0,0,1,0.0,258.0,200-300,0%
Frozen Bottle,2026-07-29,WK 31,Salem,In Store,Dinner,FOFO,TN,2225.23,0.0,111.30000000000001,2225.23,0,8,0.0,278.15375,200-300,0%
Frozen Bottle,2026-07-29,WK 31,Salem,In Store,Lunch,FOFO,TN,1003.0,0.0,50.18000000000001,1003.0,0,4,0.0,250.75,200-300,0%
Frozen Bottle,2026-07-29,WK 31,Salem,In Store,Snacks,FOFO,TN,595.23,0.0,29.78,595.23,0,4,0.0,148.8075,100-200,0%
Frozen Bottle,2026-07-29,WK 31,Salem,Swiggy,Dinner,FOFO,TN,1034.0,0.0,0.0,1004.0,0,3,0.0,344.6666666666667,300-400,0%
Frozen Bottle,2026-07-29,WK 31,Salem,Swiggy,Lunch,FOFO,TN,580.0,0.0,0.0,560.0,0,1,0.0,580.0,500-600,0%
Frozen Bottle,2026-07-29,WK 31,Salem,Swiggy,Snacks,FOFO,TN,340.0,0.0,0.0,330.0,0,1,0.0,340.0,300-400,0%
Frozen Bottle,2026-07-29,WK 31,Salem,Zomato,Dinner,FOFO,TN,3052.0,165.0,152.64000000000001,3117.0,0,6,5.2935514918190565,508.6666666666667,500-600,1%-10%
Frozen Bottle,2026-07-29,WK 31,Salem,Zomato,Snacks,FOFO,TN,1112.0,125.0,55.6,1197.0,0,2,10.442773600668337,556.0,500-600,10%-20%
Frozen Bottle,2026-07-29,WK 31,Sambalpur,Zomato,Dinner,FOFO,ROI,1272.0,0.0,63.62,1232.0,0,1,0.0,1272.0,>900,0%
Frozen Bottle,2026-07-29,WK 31,Saravanampatti,In Store,Dinner,FOFO,TN,1263.0,0.0,63.16,1263.0,0,4,0.0,315.75,300-400,0%
Frozen Bottle,2026-07-29,WK 31,Saravanampatti,In Store,Lunch,FOFO,TN,347.0,0.0,17.36,347.0,0,2,0.0,173.5,100-200,0%
Frozen Bottle,2026-07-29,WK 31,Saravanampatti,In Store,Snacks,FOFO,TN,1054.0,0.0,52.72,1054.0,0,4,0.0,263.5,200-300,0%
Frozen Bottle,2026-07-29,WK 31,Saravanampatti,Swiggy,Lunch,FOFO,TN,439.01,99.99,0.0,519.0,0,1,19.265895953757227,439.01,400-500,10%-20%
Frozen Bottle,2026-07-29,WK 31,Saravanampatti,Swiggy,Snacks,FOFO,TN,451.0,130.0,0.0,561.0,0,2,23.1729055258467,225.5,200-300,20%-30%
Frozen Bottle,2026-07-29,WK 31,Saravanampatti,Zomato,Dinner,FOFO,TN,1223.0,269.0,61.2,1442.0,0,5,18.654646324549237,244.6,200-300,10%-20%
Frozen Bottle,2026-07-29,WK 31,Saravanampatti,Zomato,Lunch,FOFO,TN,215.0,75.0,10.76,280.0,0,1,26.785714285714285,215.0,200-300,20%-30%
Frozen Bottle,2026-07-29,WK 31,Saravanampatti,Zomato,Snacks,FOFO,TN,149.3,59.7,7.46,199.0,0,1,30.0,149.3,100-200,20%-30%
Frozen Bottle,2026-07-29,WK 31,Sarjapur Road,Ownly,Dinner,COCO,KA,274.0,0.0,13.7,274.0,0,1,0.0,274.0,200-300,0%
Frozen Bottle,2026-07-29,WK 31,Sarjapur Road,Ownly,Snacks,COCO,KA,134.0,0.0,6.7,134.0,0,1,0.0,134.0,100-200,0%
Frozen Bottle,2026-07-29,WK 31,Sarjapur Road,Swiggy,Breakfast,COCO,KA,89.2,100.8,0.0,180.0,0,1,55.99999999999999,89.2,0-100,50%-60%
Frozen Bottle,2026-07-29,WK 31,Sarjapur Road,Swiggy,Dinner,COCO,KA,1698.56,1143.44,0.0,2762.0,0,8,41.39898624185373,212.32,200-300,40%-50%
Frozen Bottle,2026-07-29,WK 31,Sarjapur Road,Swiggy,Late Night,COCO,KA,2650.02,1787.83,0.0,4267.85,0,10,41.890647515728055,265.002,200-300,40%-50%
Frozen Bottle,2026-07-29,WK 31,Sarjapur Road,Swiggy,Lunch,COCO,KA,645.2,257.13,0.0,882.33,0,3,29.142157696100096,215.0666666666667,200-300,20%-30%
Frozen Bottle,2026-07-29,WK 31,Sarjapur Road,Swiggy,Snacks,COCO,KA,1136.56,835.44,0.0,1882.0,0,5,44.39107332624867,227.31199999999998,200-300,40%-50%
Frozen Bottle,2026-07-29,WK 31,Sarjapur Road,Zomato,Dinner,COCO,KA,1053.3,586.7,52.68,1590.0,0,5,36.89937106918239,210.66,200-300,30%-40%
Frozen Bottle,2026-07-29,WK 31,Sarjapur Road,Zomato,Late Night,COCO,KA,380.0,360.0,19.0,720.0,0,1,50.0,380.0,300-400,40%-50%
Frozen Bottle,2026-07-29,WK 31,Sarjapur Road,Zomato,Lunch,COCO,KA,924.5,716.5,46.26,1571.0,0,4,45.607893061744115,231.125,200-300,40%-50%
Frozen Bottle,2026-07-29,WK 31,Sarjapur Road,Zomato,Snacks,COCO,KA,887.85,540.15,44.4,1368.0,0,4,39.484649122807014,221.9625,200-300,30%-40%
Frozen Bottle,2026-07-29,WK 31,Sarjapura 3,In Store,Dinner,FOFO,KA,1308.0,0.0,65.44,1308.0,0,6,0.0,218.0,200-300,0%
Frozen Bottle,2026-07-29,WK 31,Sarjapura 3,In Store,Lunch,FOFO,KA,242.33,0.0,12.12,242.33,0,1,0.0,242.33,200-300,0%
Frozen Bottle,2026-07-29,WK 31,Sarjapura 3,In Store,Snacks,FOFO,KA,1053.0,0.0,52.68,1053.0,0,3,0.0,351.0,300-400,0%
Frozen Bottle,2026-07-29,WK 31,Sarjapura 3,Swiggy,Dinner,FOFO,KA,1888.0,319.0,0.0,2157.0,0,5,14.789058878071396,377.6,300-400,10%-20%
Frozen Bottle,2026-07-29,WK 31,Sarjapura 3,Swiggy,Late Night,FOFO,KA,1059.01,199.99,0.0,1219.0,0,3,16.406070549630847,353.00333333333333,300-400,10%-20%
Frozen Bottle,2026-07-29,WK 31,Sarjapura 3,Swiggy,Snacks,FOFO,KA,660.01,119.99,0.0,760.0,0,1,15.78815789473684,660.01,600-900,10%-20%
Frozen Bottle,2026-07-29,WK 31,Sarjapura 3,Zomato,Closing,FOFO,KA,715.0,174.99,35.74,859.99,0,1,20.34791102222119,715.0,600-900,20%-30%
Frozen Bottle,2026-07-29,WK 31,Sarjapura 3,Zomato,Dinner,FOFO,KA,1845.1,607.9,92.28,2373.0,0,7,25.617361989043403,263.5857142857143,200-300,20%-30%
Frozen Bottle,2026-07-29,WK 31,Sarjapura 3,Zomato,Late Night,FOFO,KA,716.0,175.0,35.8,861.0,0,1,20.32520325203252,716.0,600-900,20%-30%
Frozen Bottle,2026-07-29,WK 31,Sarjapura 3,Zomato,Lunch,FOFO,KA,524.0,125.01,26.2,619.01,0,1,20.195150320673335,524.0,500-600,20%-30%
Frozen Bottle,2026-07-29,WK 31,Sarjapura 3,Zomato,Snacks,FOFO,KA,309.0,50.0,15.46,339.0,0,1,14.749262536873156,309.0,300-400,10%-20%
Frozen Bottle,2026-07-29,WK 31,Sathanur,In Store,Dinner,FOFO,KA,1556.0,0.0,77.84,1556.0,0,9,0.0,172.88888888888889,100-200,0%
Frozen Bottle,2026-07-29,WK 31,Sathanur,In Store,Lunch,FOFO,KA,407.0,0.0,20.380000000000003,407.0,0,3,0.0,135.66666666666666,100-200,0%
Frozen Bottle,2026-07-29,WK 31,Sathanur,In Store,Snacks,FOFO,KA,805.0,0.0,40.26,805.0,0,3,0.0,268.3333333333333,200-300,0%
Frozen Bottle,2026-07-29,WK 31,Sathanur,Swiggy,Dinner,FOFO,KA,1106.16,663.84,0.0,1730.0,0,5,38.372254335260116,221.23200000000003,200-300,30%-40%
Frozen Bottle,2026-07-29,WK 31,Sathanur,Swiggy,Lunch,FOFO,KA,219.0,312.0,0.0,531.0,0,1,58.75706214689266,219.0,200-300,50%-60%
Frozen Bottle,2026-07-29,WK 31,Sathanur,Swiggy,Snacks,FOFO,KA,854.0,788.0,0.0,1622.0,0,3,48.581997533908755,284.6666666666667,200-300,40%-50%
Frozen Bottle,2026-07-29,WK 31,Sathanur,Zomato,Dinner,FOFO,KA,1529.3,459.7,76.47999999999999,1909.0,0,5,24.080670508119432,305.86,300-400,20%-30%
Frozen Bottle,2026-07-29,WK 31,Sathanur,Zomato,Lunch,FOFO,KA,448.0,275.0,22.42,693.0,0,3,39.682539682539684,149.33333333333334,100-200,30%-40%
Frozen Bottle,2026-07-29,WK 31,Sathanur,Zomato,Snacks,FOFO,KA,1640.0,475.0,82.04,2035.0,0,6,23.34152334152334,273.3333333333333,200-300,20%-30%
Frozen Bottle,2026-07-29,WK 31,Seegehalli,In Store,Dinner,FOFO,KA,287.0,0.0,14.360000000000001,287.0,0,2,0.0,143.5,100-200,0%
Frozen Bottle,2026-07-29,WK 31,Seegehalli,In Store,Lunch,FOFO,KA,756.46,0.0,37.82,756.46,0,1,0.0,756.46,600-900,0%
Frozen Bottle,2026-07-29,WK 31,Seegehalli,In Store,Snacks,FOFO,KA,751.23,0.0,37.58,751.23,0,3,0.0,250.41,200-300,0%
Frozen Bottle,2026-07-29,WK 31,Seegehalli,Swiggy,Dinner,FOFO,KA,1477.02,251.98000000000002,0.0,1669.0,0,3,15.097663271420014,492.34,400-500,10%-20%
Frozen Bottle,2026-07-29,WK 31,Seegehalli,Swiggy,Snacks,FOFO,KA,1194.01,179.99,0.0,1324.0,0,3,13.594410876132931,398.00333333333333,300-400,10%-20%
Frozen Bottle,2026-07-29,WK 31,Seegehalli,Zomato,Dinner,FOFO,KA,381.65999999999997,351.66999999999996,19.1,703.3299999999999,0,2,50.00071090384315,190.82999999999998,100-200,50%-60%
Frozen Bottle,2026-07-29,WK 31,Seegehalli,Zomato,Lunch,FOFO,KA,299.3,199.7,14.96,479.0,0,1,41.69102296450939,299.3,200-300,40%-50%
Frozen Bottle,2026-07-29,WK 31,Seegehalli,Zomato,Snacks,FOFO,KA,150.0,140.0,7.5,280.0,0,1,50.0,150.0,100-200,40%-50%
Frozen Bottle,2026-07-29,WK 31,Selaiyur,In Store,Dinner,FOFO,TN,767.0,0.0,38.38,767.0,0,3,0.0,255.66666666666666,200-300,0%
Frozen Bottle,2026-07-29,WK 31,Selaiyur,In Store,Late Night,FOFO,TN,368.0,0.0,18.4,368.0,0,1,0.0,368.0,300-400,0%
Frozen Bottle,2026-07-29,WK 31,Selaiyur,In Store,Lunch,FOFO,TN,716.0,0.0,35.82,716.0,0,2,0.0,358.0,300-400,0%
Frozen Bottle,2026-07-29,WK 31,Selaiyur,In Store,Snacks,FOFO,TN,1571.0,0.0,78.58000000000001,1571.0,0,6,0.0,261.8333333333333,200-300,0%
Frozen Bottle,2026-07-29,WK 31,Selaiyur,Swiggy,Breakfast,FOFO,TN,510.0,120.0,0.0,610.0,0,1,19.672131147540984,510.0,500-600,10%-20%
Frozen Bottle,2026-07-29,WK 31,Selaiyur,Swiggy,Dinner,FOFO,TN,1866.2,156.8,0.0,1953.0,0,5,8.028673835125447,373.24,300-400,1%-10%
Frozen Bottle,2026-07-29,WK 31,Selaiyur,Swiggy,Late Night,FOFO,TN,190.0,100.0,0.0,280.0,0,1,35.714285714285715,190.0,100-200,30%-40%
Frozen Bottle,2026-07-29,WK 31,Selaiyur,Swiggy,Lunch,FOFO,TN,400.0,40.0,0.0,430.0,0,1,9.30232558139535,400.0,300-400,1%-10%
Frozen Bottle,2026-07-29,WK 31,Selaiyur,Swiggy,Snacks,FOFO,TN,541.0,80.0,0.0,601.0,0,2,13.311148086522461,270.5,200-300,10%-20%
Frozen Bottle,2026-07-29,WK 31,Selaiyur,Zomato,Snacks,FOFO,TN,240.0,0.0,12.0,230.0,0,1,0.0,240.0,200-300,0%
Frozen Bottle,2026-07-29,WK 31,Sher- E-Punjab,Swiggy,Dinner,COCO,MH,368.2,101.8,0.0,460.0,0,2,22.130434782608695,184.1,100-200,20%-30%
Frozen Bottle,2026-07-29,WK 31,Sher- E-Punjab,Swiggy,Late Night,COCO,MH,855.0,559.3299999999999,0.0,1354.33,0,3,41.299387889214586,285.0,200-300,40%-50%
Frozen Bottle,2026-07-29,WK 31,Sher- E-Punjab,Swiggy,Lunch,COCO,MH,678.0,202.0,0.0,850.0,0,2,23.764705882352942,339.0,300-400,20%-30%
Frozen Bottle,2026-07-29,WK 31,Sher- E-Punjab,Swiggy,Snacks,COCO,MH,576.2,634.8,0.0,1171.0,0,3,54.210076857386845,192.0666666666667,100-200,50%-60%
Frozen Bottle,2026-07-29,WK 31,Sher- E-Punjab,Zomato,Snacks,COCO,MH,489.3,427.69,24.479999999999997,876.99,0,2,48.76794490245043,244.65,200-300,40%-50%
Frozen Bottle,2026-07-29,WK 31,Shivamogga,In Store,Dinner,COCO,KA,865.46,957.0,43.300000000000004,1822.46,0,4,52.51144058031451,216.365,200-300,50%-60%
Frozen Bottle,2026-07-29,WK 31,Shivamogga,In Store,Lunch,COCO,KA,1034.0,0.0,51.72,1034.0,0,3,0.0,344.6666666666667,300-400,0%
Frozen Bottle,2026-07-29,WK 31,Shivamogga,In Store,Snacks,COCO,KA,561.23,0.0,28.08,561.23,0,2,0.0,280.615,200-300,0%
Frozen Bottle,2026-07-29,WK 31,Shivamogga,Swiggy,Dinner,COCO,KA,2034.5,566.5,0.0,2531.0,0,4,22.3824575266693,508.625,500-600,20%-30%
Frozen Bottle,2026-07-29,WK 31,Shivamogga,Swiggy,Lunch,COCO,KA,959.5,816.5,0.0,1736.0,0,2,47.03341013824885,479.75,400-500,40%-50%
Frozen Bottle,2026-07-29,WK 31,Shivamogga,Swiggy,Snacks,COCO,KA,785.5,625.5,0.0,1381.0,0,2,45.29326574945692,392.75,300-400,40%-50%
Frozen Bottle,2026-07-29,WK 31,Sholinganallur,In Store,Dinner,FOFO,TN,1566.73,0.0,78.4,1566.73,0,8,0.0,195.84125,100-200,0%
Frozen Bottle,2026-07-29,WK 31,Sholinganallur,In Store,Late Night,FOFO,TN,949.69,0.0,47.519999999999996,949.69,0,6,0.0,158.28166666666667,100-200,0%
Frozen Bottle,2026-07-29,WK 31,Sholinganallur,In Store,Lunch,FOFO,TN,238.0,0.0,11.920000000000002,238.0,0,2,0.0,119.0,100-200,0%
Frozen Bottle,2026-07-29,WK 31,Sholinganallur,In Store,Snacks,FOFO,TN,1674.5,0.0,83.78,1674.5,0,9,0.0,186.05555555555554,100-200,0%
Frozen Bottle,2026-07-29,WK 31,Sholinganallur,Swiggy,Dinner,FOFO,TN,1202.3400000000001,872.66,0.0,1965.0,0,4,44.410178117048346,300.58500000000004,300-400,40%-50%
Frozen Bottle,2026-07-29,WK 31,Sholinganallur,Swiggy,Late Night,FOFO,TN,774.01,383.99,0.0,1108.0,0,2,34.65613718411553,387.005,300-400,30%-40%
Frozen Bottle,2026-07-29,WK 31,Sholinganallur,Swiggy,Lunch,FOFO,TN,290.0,0.0,0.0,280.0,0,1,0.0,290.0,200-300,0%
Frozen Bottle,2026-07-29,WK 31,Sholinganallur,Swiggy,Snacks,FOFO,TN,1110.01,479.99,0.0,1530.0,0,4,31.371895424836605,277.5025,200-300,30%-40%
Frozen Bottle,2026-07-29,WK 31,Sholinganallur,Zomato,Dinner,FOFO,TN,948.3,59.7,47.42,968.0,0,2,6.167355371900827,474.15,400-500,1%-10%
Frozen Bottle,2026-07-29,WK 31,Sholinganallur,Zomato,Lunch,FOFO,TN,439.0,200.0,21.96,619.0,0,2,32.31017770597738,219.5,200-300,30%-40%
Frozen Bottle,2026-07-29,WK 31,Sholinganallur,Zomato,Snacks,FOFO,TN,720.0,200.0,36.02,890.0,0,2,22.47191011235955,360.0,300-400,20%-30%
Frozen Bottle,2026-07-29,WK 31,Silchar,In Store,Dinner,FOFO,ROI,214.23,0.0,10.72,214.23,0,1,0.0,214.23,200-300,0%
Frozen Bottle,2026-07-29,WK 31,Silchar,Zomato,Dinner,FOFO,ROI,265.0,75.0,13.26,330.0,0,1,22.727272727272727,265.0,200-300,20%-30%
Frozen Bottle,2026-07-29,WK 31,Silchar,Zomato,Lunch,FOFO,ROI,418.0,0.0,20.92,398.0,0,1,0.0,418.0,400-500,0%
Frozen Bottle,2026-07-29,WK 31,Silchar,Zomato,Snacks,FOFO,ROI,234.0,75.0,11.7,299.0,0,1,25.08361204013378,234.0,200-300,20%-30%
Frozen Bottle,2026-07-29,WK 31,Sinhagad,In Store,Dinner,COCO,MH,767.8,431.2,38.42,1199.0,0,8,35.96330275229357,95.975,0-100,30%-40%
Frozen Bottle,2026-07-29,WK 31,Sinhagad,In Store,Lunch,COCO,MH,149.0,0.0,7.46,149.0,0,1,0.0,149.0,100-200,0%
Frozen Bottle,2026-07-29,WK 31,Sinhagad,In Store,Snacks,COCO,MH,644.06,358.94,32.22,1003.0,0,7,35.786640079760716,92.00857142857141,0-100,30%-40%
Frozen Bottle,2026-07-29,WK 31,Sinhagad,Others,Dinner,COCO,MH,160.3,257.7,8.0,398.0,0,1,64.74874371859296,160.3,100-200,60%-70%
Frozen Bottle,2026-07-29,WK 31,Sinhagad,Swiggy,Closing,COCO,MH,273.0,112.0,0.0,375.0,0,1,29.86666666666667,273.0,200-300,20%-30%
Frozen Bottle,2026-07-29,WK 31,Sinhagad,Swiggy,Dinner,COCO,MH,2520.77,827.23,0.0,3238.0,0,6,25.547560222359483,420.12833333333333,400-500,20%-30%
Frozen Bottle,2026-07-29,WK 31,Sinhagad,Swiggy,Lunch,COCO,MH,119.0,121.0,0.0,230.0,0,1,52.60869565217391,119.0,100-200,50%-60%
Frozen Bottle,2026-07-29,WK 31,Sinhagad,Swiggy,Snacks,COCO,MH,912.0,783.0,0.0,1635.0,0,3,47.88990825688074,304.0,300-400,40%-50%
Frozen Bottle,2026-07-29,WK 31,Sinhagad,Zomato,Closing,COCO,MH,480.0,270.0,24.0,730.0,0,1,36.986301369863014,480.0,400-500,30%-40%
Frozen Bottle,2026-07-29,WK 31,Sinhagad,Zomato,Dinner,COCO,MH,4406.16,2485.17,220.4,6661.33,0,13,37.30741458537559,338.9353846153846,300-400,30%-40%
Frozen Bottle,2026-07-29,WK 31,Sinhagad,Zomato,Late Night,COCO,MH,319.0,140.0,15.96,439.0,0,2,31.890660592255127,159.5,100-200,30%-40%
Frozen Bottle,2026-07-29,WK 31,Sinhagad,Zomato,Lunch,COCO,MH,1155.0,269.99,57.739999999999995,1374.99,0,2,19.63577916930305,577.5,500-600,10%-20%
Frozen Bottle,2026-07-29,WK 31,Sinhagad,Zomato,Snacks,COCO,MH,880.6600000000001,794.6700000000001,44.06,1605.33,0,3,49.50197155724992,293.55333333333334,200-300,40%-50%
Frozen Bottle,2026-07-29,WK 31,Tata Sherwood,In Store,Dinner,COCO,KA,2127.56,681.84,106.42,2809.4,0,20,24.26995087919129,106.378,100-200,20%-30%
Frozen Bottle,2026-07-29,WK 31,Tata Sherwood,In Store,Late Night,COCO,KA,563.38,16.9,28.16,580.28,0,3,2.912387123457641,187.79333333333332,100-200,1%-10%
Frozen Bottle,2026-07-29,WK 31,Tata Sherwood,In Store,Snacks,COCO,KA,903.49,269.51,45.18,1173.0,0,6,22.97612958226769,150.58166666666668,100-200,20%-30%
Frozen Bottle,2026-07-29,WK 31,Tata Sherwood,Ownly,Lunch,COCO,KA,148.0,0.0,7.4,148.0,0,1,0.0,148.0,100-200,0%
Frozen Bottle,2026-07-29,WK 31,Tata Sherwood,Swiggy,Breakfast,COCO,KA,139.0,101.0,0.0,230.0,0,1,43.913043478260875,139.0,100-200,40%-50%
Frozen Bottle,2026-07-29,WK 31,Tata Sherwood,Swiggy,Dinner,COCO,KA,4694.14,3414.22,0.0,7818.36,0,21,43.66926056103838,223.5304761904762,200-300,40%-50%
Frozen Bottle,2026-07-29,WK 31,Tata Sherwood,Swiggy,Late Night,COCO,KA,1607.57,951.28,0.0,2448.85,0,6,38.84598893358107,267.92833333333334,200-300,30%-40%
Frozen Bottle,2026-07-29,WK 31,Tata Sherwood,Swiggy,Lunch,COCO,KA,1014.0,497.0,0.0,1461.0,0,3,34.01779603011636,338.0,300-400,30%-40%
Frozen Bottle,2026-07-29,WK 31,Tata Sherwood,Swiggy,Snacks,COCO,KA,1683.0,1384.0,0.0,2967.0,0,8,46.646444219750585,210.375,200-300,40%-50%
Frozen Bottle,2026-07-29,WK 31,Tata Sherwood,Zomato,Dinner,COCO,KA,1859.23,1370.62,93.02,3089.85,0,8,44.35878764341311,232.40375,200-300,40%-50%
Frozen Bottle,2026-07-29,WK 31,Tata Sherwood,Zomato,Late Night,COCO,KA,1442.3400000000001,557.66,72.16,1920.0,0,5,29.044791666666665,288.468,200-300,20%-30%
Frozen Bottle,2026-07-29,WK 31,Tata Sherwood,Zomato,Lunch,COCO,KA,274.0,206.0,13.7,460.0,0,1,44.78260869565218,274.0,200-300,40%-50%
Frozen Bottle,2026-07-29,WK 31,Tata Sherwood,Zomato,Snacks,COCO,KA,329.08,289.1,16.48,578.18,0,1,50.001729565187325,329.08,300-400,50%-60%
Frozen Bottle,2026-07-29,WK 31,Thakur Village,In Store,Dinner,COCO,MH,512.77,627.69,25.68,1140.46,0,12,55.03831787173596,42.73083333333333,0-100,50%-60%
Frozen Bottle,2026-07-29,WK 31,Thakur Village,In Store,Snacks,COCO,MH,1720.69,1020.31,86.02,2741.0,0,17,37.22400583728566,101.21705882352941,100-200,30%-40%
Frozen Bottle,2026-07-29,WK 31,Thakur Village,Swiggy,Dinner,COCO,MH,2189.76,1852.24,0.0,3902.0,0,8,47.46899026140441,273.72,200-300,40%-50%
Frozen Bottle,2026-07-29,WK 31,Thakur Village,Swiggy,Late Night,COCO,MH,637.0,625.0,0.0,1242.0,0,2,50.32206119162641,318.5,300-400,50%-60%
Frozen Bottle,2026-07-29,WK 31,Thakur Village,Swiggy,Lunch,COCO,MH,290.0,101.0,0.0,381.0,0,2,26.509186351706038,145.0,100-200,20%-30%
Frozen Bottle,2026-07-29,WK 31,Thakur Village,Swiggy,Snacks,COCO,MH,1132.0,556.0,0.0,1628.0,0,5,34.15233415233415,226.4,200-300,30%-40%
Frozen Bottle,2026-07-29,WK 31,Thakur Village,Zomato,Closing,COCO,MH,250.0,50.0,12.5,290.0,0,1,17.24137931034483,250.0,200-300,10%-20%
Frozen Bottle,2026-07-29,WK 31,Thakur Village,Zomato,Dinner,COCO,MH,4990.97,2430.0099999999998,249.54000000000002,7211.01,0,9,33.69860810066828,554.5522222222222,500-600,30%-40%
Frozen Bottle,2026-07-29,WK 31,Thakur Village,Zomato,Late Night,COCO,MH,1595.1,704.9,79.78,2230.0,0,4,31.609865470852018,398.775,300-400,30%-40%
Frozen Bottle,2026-07-29,WK 31,Thakur Village,Zomato,Lunch,COCO,MH,692.33,643.33,34.62,1285.66,0,2,50.038890530933536,346.165,300-400,50%-60%
Frozen Bottle,2026-07-29,WK 31,Thakur Village,Zomato,Snacks,COCO,MH,1238.1,690.9,61.92,1869.0,0,2,36.966292134831455,619.05,600-900,30%-40%
Frozen Bottle,2026-07-29,WK 31,Thanjavur,In Store,Dinner,FOFO,TN,1661.0,0.0,83.08,1661.0,0,4,0.0,415.25,400-500,0%
Frozen Bottle,2026-07-29,WK 31,Thanjavur,In Store,Lunch,FOFO,TN,910.23,0.0,45.54,910.23,0,3,0.0,303.41,300-400,0%
Frozen Bottle,2026-07-29,WK 31,Thanjavur,In Store,Snacks,FOFO,TN,2418.66,0.0,120.94,2418.66,0,7,0.0,345.5228571428571,300-400,0%
Frozen Bottle,2026-07-29,WK 31,Thanjavur,Swiggy,Dinner,FOFO,TN,1395.21,239.79,0.0,1575.0,0,5,15.224761904761905,279.04200000000003,200-300,10%-20%
Frozen Bottle,2026-07-29,WK 31,Thanjavur,Swiggy,Lunch,FOFO,TN,518.0,0.0,0.0,498.0,0,1,0.0,518.0,500-600,0%
Frozen Bottle,2026-07-29,WK 31,Thanjavur,Swiggy,Snacks,FOFO,TN,1648.01,149.99,0.0,1738.0,0,4,8.630034522439587,412.0025,400-500,1%-10%
Frozen Bottle,2026-07-29,WK 31,Thanjavur,Zomato,Dinner,FOFO,TN,1615.0,0.0,80.8,1565.0,0,5,0.0,323.0,300-400,0%
Frozen Bottle,2026-07-29,WK 31,Thanjavur,Zomato,Lunch,FOFO,TN,1234.0,0.0,61.72,1194.0,0,3,0.0,411.3333333333333,400-500,0%
Frozen Bottle,2026-07-29,WK 31,Thanjavur,Zomato,Snacks,FOFO,TN,1067.0,0.0,53.38,1027.0,0,3,0.0,355.6666666666667,300-400,0%
Frozen Bottle,2026-07-29,WK 31,Thiruvalla,In Store,Dinner,COCO,Kerela,1426.5,81.5,71.36,1508.0,0,5,5.404509283819628,285.3,200-300,1%-10%
Frozen Bottle,2026-07-29,WK 31,Thiruvalla,Swiggy,Dinner,COCO,Kerela,1631.2,1069.8,0.0,2601.0,0,8,41.13033448673587,203.9,200-300,40%-50%
Frozen Bottle,2026-07-29,WK 31,Thiruvalla,Swiggy,Snacks,COCO,Kerela,1131.0,878.0,0.0,1939.0,0,5,45.28107271789582,226.2,200-300,40%-50%
Frozen Bottle,2026-07-29,WK 31,Thiruvalla,Zomato,Dinner,COCO,Kerela,1203.0,495.0,60.16,1648.0,0,2,30.03640776699029,601.5,600-900,30%-40%
Frozen Bottle,2026-07-29,WK 31,Thiruvalla,Zomato,Lunch,COCO,Kerela,4363.5,2198.49,218.22,6351.99,0,8,34.61104315340547,545.4375,500-600,30%-40%
Frozen Bottle,2026-07-29,WK 31,Thiruvalla,Zomato,Snacks,COCO,Kerela,1376.35,573.0,68.9,1879.33,0,3,30.489589374936816,458.7833333333333,400-500,30%-40%
Frozen Bottle,2026-07-29,WK 31,Thiruvananthpuram,In Store,Dinner,FOFO,Kerela,1672.0,0.0,83.64,1672.0,0,6,0.0,278.6666666666667,200-300,0%
Frozen Bottle,2026-07-29,WK 31,Thiruvananthpuram,In Store,Late Night,FOFO,Kerela,149.0,0.0,7.46,149.0,0,1,0.0,149.0,100-200,0%
Frozen Bottle,2026-07-29,WK 31,Thiruvananthpuram,In Store,Lunch,FOFO,Kerela,616.0,0.0,30.82,616.0,0,2,0.0,308.0,300-400,0%
Frozen Bottle,2026-07-29,WK 31,Thiruvananthpuram,In Store,Snacks,FOFO,Kerela,1210.0,0.0,60.52,1210.0,0,5,0.0,242.0,200-300,0%
Frozen Bottle,2026-07-29,WK 31,Thiruvananthpuram,Swiggy,Closing,FOFO,Kerela,209.0,100.0,0.0,299.0,0,1,33.44481605351171,209.0,200-300,30%-40%
Frozen Bottle,2026-07-29,WK 31,Thiruvananthpuram,Swiggy,Dinner,FOFO,Kerela,1050.0,0.0,0.0,1000.0,0,3,0.0,350.0,300-400,0%
Frozen Bottle,2026-07-29,WK 31,Thiruvananthpuram,Swiggy,Late Night,FOFO,Kerela,1633.02,259.98,0.0,1833.0,0,3,14.183306055646483,544.34,500-600,10%-20%
Frozen Bottle,2026-07-29,WK 31,Thiruvananthpuram,Swiggy,Lunch,FOFO,Kerela,559.0,60.0,0.0,589.0,0,1,10.186757215619695,559.0,500-600,10%-20%
Frozen Bottle,2026-07-29,WK 31,Thiruvananthpuram,Swiggy,Snacks,FOFO,Kerela,1485.01,199.99,0.0,1645.0,0,3,12.157446808510638,495.00333333333333,400-500,10%-20%
Frozen Bottle,2026-07-29,WK 31,Thiruvananthpuram,Zomato,Closing,FOFO,Kerela,487.2,111.81,24.38,569.01,0,1,19.64991827911636,487.2,400-500,10%-20%
Frozen Bottle,2026-07-29,WK 31,Thiruvananthpuram,Zomato,Dinner,FOFO,Kerela,318.0,72.0,15.92,370.0,0,1,19.45945945945946,318.0,300-400,10%-20%
Frozen Bottle,2026-07-29,WK 31,Thiruvananthpuram,Zomato,Late Night,FOFO,Kerela,218.0,224.0,10.9,422.0,0,1,53.08056872037915,218.0,200-300,50%-60%
Frozen Bottle,2026-07-29,WK 31,Thiruvananthpuram,Zomato,Lunch,FOFO,Kerela,109.0,32.0,5.46,131.0,0,1,24.427480916030532,109.0,100-200,20%-30%
Frozen Bottle,2026-07-29,WK 31,Thoraipakkam,In Store,Lunch,COCO,TN,288.12,227.88,14.42,516.0,0,2,44.16279069767442,144.06,100-200,40%-50%
Frozen Bottle,2026-07-29,WK 31,Thoraipakkam,In Store,Snacks,COCO,TN,1072.28,38.72,53.660000000000004,1111.0,0,7,3.4851485148514847,153.18285714285713,100-200,1%-10%
Frozen Bottle,2026-07-29,WK 31,Thoraipakkam,Swiggy,Dinner,COCO,TN,3059.57,2440.94,0.0,5260.51,0,18,46.401204445956765,169.97611111111112,100-200,40%-50%
Frozen Bottle,2026-07-29,WK 31,Thoraipakkam,Swiggy,Late Night,COCO,TN,1112.56,639.44,0.0,1702.0,0,5,37.569917743830786,222.512,200-300,30%-40%
Frozen Bottle,2026-07-29,WK 31,Thoraipakkam,Swiggy,Lunch,COCO,TN,368.0,433.0,0.0,781.0,0,2,55.44174135723432,184.0,100-200,50%-60%
Frozen Bottle,2026-07-29,WK 31,Thoraipakkam,Swiggy,Snacks,COCO,TN,2123.2,1321.8,0.0,3325.0,0,7,39.75338345864661,303.3142857142857,300-400,30%-40%
Frozen Bottle,2026-07-29,WK 31,Thoraipakkam,Zomato,Dinner,COCO,TN,388.0,270.0,19.4,638.0,0,2,42.31974921630094,194.0,100-200,40%-50%
Frozen Bottle,2026-07-29,WK 31,Thoraipakkam,Zomato,Late Night,COCO,TN,175.0,165.0,8.76,330.0,0,1,50.0,175.0,100-200,40%-50%
Frozen Bottle,2026-07-29,WK 31,Thoraipakkam,Zomato,Lunch,COCO,TN,214.5,200.5,10.72,405.0,0,1,49.50617283950617,214.5,200-300,40%-50%
Frozen Bottle,2026-07-29,WK 31,Thoraipakkam,Zomato,Snacks,COCO,TN,653.54,413.46000000000004,32.7,1027.0,0,3,40.259006815968846,217.84666666666666,200-300,40%-50%
Frozen Bottle,2026-07-29,WK 31,Tirunelveli,In Store,Dinner,FOFO,TN,5943.46,0.0,297.24,5943.46,0,12,0.0,495.28833333333336,400-500,0%
Frozen Bottle,2026-07-29,WK 31,Tirunelveli,In Store,Late Night,FOFO,TN,308.0,0.0,15.4,308.0,0,1,0.0,308.0,300-400,0%
Frozen Bottle,2026-07-29,WK 31,Tirunelveli,In Store,Lunch,FOFO,TN,858.3299999999999,0.0,42.94,858.3299999999999,0,5,0.0,171.666,100-200,0%
Frozen Bottle,2026-07-29,WK 31,Tirunelveli,In Store,Snacks,FOFO,TN,2195.0,0.0,109.78,2195.0,0,6,0.0,365.8333333333333,300-400,0%
Frozen Bottle,2026-07-29,WK 31,Tirunelveli,Swiggy,Dinner,FOFO,TN,210.0,0.0,0.0,200.0,0,1,0.0,210.0,200-300,0%
Frozen Bottle,2026-07-29,WK 31,Tirunelveli,Swiggy,Snacks,FOFO,TN,840.0,0.0,0.0,800.0,0,1,0.0,840.0,600-900,0%
Frozen Bottle,2026-07-29,WK 31,Tirupati,In Store,Dinner,FOFO,AP & TL,3639.23,0.0,182.04,3639.23,0,15,0.0,242.61533333333333,200-300,0%
Frozen Bottle,2026-07-29,WK 31,Tirupati,In Store,Lunch,FOFO,AP & TL,1385.0,0.0,69.28,1385.0,0,7,0.0,197.85714285714286,100-200,0%
Frozen Bottle,2026-07-29,WK 31,Tirupati,In Store,Snacks,FOFO,AP & TL,6468.92,0.0,323.5,6468.92,0,15,0.0,431.2613333333333,400-500,0%
Frozen Bottle,2026-07-29,WK 31,Tirupati,Swiggy,Dinner,FOFO,AP & TL,340.0,0.0,0.0,330.0,0,1,0.0,340.0,300-400,0%
Frozen Bottle,2026-07-29,WK 31,Tirupati,Swiggy,Lunch,FOFO,AP & TL,710.0,0.0,0.0,680.0,0,3,0.0,236.66666666666666,200-300,0%
Frozen Bottle,2026-07-29,WK 31,Tirupati,Swiggy,Snacks,FOFO,AP & TL,864.0,30.0,0.0,864.0,0,2,3.4722222222222223,432.0,400-500,1%-10%
Frozen Bottle,2026-07-29,WK 31,Tirupati,Zomato,Dinner,FOFO,AP & TL,2640.4,224.6,132.06,2765.0,0,7,8.122965641952984,377.2,300-400,1%-10%
Frozen Bottle,2026-07-29,WK 31,Tirupati-2,In Store,Dinner,FOFO,AP & TL,2249.0,0.0,112.54,2249.0,0,14,0.0,160.64285714285714,100-200,0%
Frozen Bottle,2026-07-29,WK 31,Tirupati-2,In Store,Lunch,FOFO,AP & TL,1922.23,0.0,96.14,1922.23,0,7,0.0,274.6042857142857,200-300,0%
Frozen Bottle,2026-07-29,WK 31,Tirupati-2,In Store,Snacks,FOFO,AP & TL,7202.05,0.0,360.2,7202.05,0,20,0.0,360.1025,300-400,0%
Frozen Bottle,2026-07-29,WK 31,Tirupati-2,Swiggy,Dinner,FOFO,AP & TL,1607.0,90.0,0.0,1647.0,0,4,5.46448087431694,401.75,400-500,1%-10%
Frozen Bottle,2026-07-29,WK 31,Tirupati-2,Swiggy,Snacks,FOFO,AP & TL,622.0,0.0,0.0,592.0,0,2,0.0,311.0,300-400,0%
Frozen Bottle,2026-07-29,WK 31,Tirupati-2,Zomato,Dinner,FOFO,AP & TL,2550.1,115.9,127.54,2576.0,0,4,4.499223602484472,637.525,600-900,1%-10%
Frozen Bottle,2026-07-29,WK 31,Tirupati-2,Zomato,Snacks,FOFO,AP & TL,1163.2,124.80000000000001,58.16,1248.0,0,2,10.0,581.6,500-600,1%-10%
Frozen Bottle,2026-07-29,WK 31,Tiruvallur,In Store,Dinner,FOFO,TN,139.0,0.0,6.96,139.0,0,1,0.0,139.0,100-200,0%
Frozen Bottle,2026-07-29,WK 31,Tiruvallur,In Store,Lunch,FOFO,TN,622.23,0.0,31.14,622.23,0,3,0.0,207.41,200-300,0%
Frozen Bottle,2026-07-29,WK 31,Tiruvallur,In Store,Snacks,FOFO,TN,997.0,0.0,49.88,997.0,0,4,0.0,249.25,200-300,0%
Frozen Bottle,2026-07-29,WK 31,Tiruvallur,Swiggy,Lunch,FOFO,TN,1121.0,0.0,0.0,1081.0,0,2,0.0,560.5,500-600,0%
Frozen Bottle,2026-07-29,WK 31,Tiruvallur,Swiggy,Snacks,FOFO,TN,229.0,0.0,0.0,219.0,0,1,0.0,229.0,200-300,0%
Frozen Bottle,2026-07-29,WK 31,Tiruvallur,Zomato,Dinner,FOFO,TN,870.9,129.1,43.54,960.0,0,3,13.447916666666664,290.3,200-300,10%-20%
Frozen Bottle,2026-07-29,WK 31,Tiruvallur,Zomato,Lunch,FOFO,TN,2026.0,475.0,101.3,2421.0,0,4,19.619991738950844,506.5,500-600,10%-20%
Frozen Bottle,2026-07-29,WK 31,Trichy,In Store,Dinner,FOFO,TN,1497.0,0.0,74.88,1497.0,0,5,0.0,299.4,200-300,0%
Frozen Bottle,2026-07-29,WK 31,Trichy,In Store,Late Night,FOFO,TN,205.0,0.0,10.26,205.0,0,1,0.0,205.0,200-300,0%
Frozen Bottle,2026-07-29,WK 31,Trichy,In Store,Lunch,FOFO,TN,1779.0,0.0,88.96,1779.0,0,5,0.0,355.8,300-400,0%
Frozen Bottle,2026-07-29,WK 31,Trichy,In Store,Snacks,FOFO,TN,1211.0,0.0,60.56,1211.0,0,4,0.0,302.75,300-400,0%
Frozen Bottle,2026-07-29,WK 31,Trichy,Swiggy,Dinner,FOFO,TN,879.0,200.0,0.0,1039.0,0,3,19.249278152069298,293.0,200-300,10%-20%
Frozen Bottle,2026-07-29,WK 31,Trichy,Swiggy,Lunch,FOFO,TN,1027.9,153.1,0.0,1151.0,0,3,13.301476976542137,342.6333333333334,300-400,10%-20%
Frozen Bottle,2026-07-29,WK 31,Trichy,Zomato,Dinner,FOFO,TN,340.0,60.0,17.0,380.0,0,1,15.789473684210526,340.0,300-400,10%-20%
Frozen Bottle,2026-07-29,WK 31,Ujjain,In Store,Dinner,FOFO,ROI,348.0,0.0,17.42,348.0,0,2,0.0,174.0,100-200,0%
Frozen Bottle,2026-07-29,WK 31,Ujjain,In Store,Late Night,FOFO,ROI,407.0,0.0,20.36,407.0,0,1,0.0,407.0,400-500,0%
Frozen Bottle,2026-07-29,WK 31,Ujjain,Swiggy,Late Night,FOFO,ROI,209.0,0.0,0.0,199.0,0,1,0.0,209.0,200-300,0%
Frozen Bottle,2026-07-29,WK 31,Ujjain,Swiggy,Lunch,FOFO,ROI,300.0,0.0,0.0,290.0,0,1,0.0,300.0,200-300,0%
Frozen Bottle,2026-07-29,WK 31,Ujjain,Zomato,Closing,FOFO,ROI,740.0,160.0,37.02,870.0,0,3,18.39080459770115,246.66666666666666,200-300,10%-20%
Frozen Bottle,2026-07-29,WK 31,Ujjain,Zomato,Dinner,FOFO,ROI,1753.3,194.7,87.67999999999999,1868.0,0,5,10.422912205567451,350.65999999999997,300-400,10%-20%
Frozen Bottle,2026-07-29,WK 31,Ujjain,Zomato,Late Night,FOFO,ROI,651.3,59.7,32.58,681.0,0,2,8.766519823788546,325.65,300-400,1%-10%
Frozen Bottle,2026-07-29,WK 31,Ujjain,Zomato,Lunch,FOFO,ROI,129.0,80.0,6.46,199.0,0,1,40.20100502512563,129.0,100-200,40%-50%
Frozen Bottle,2026-07-29,WK 31,Ujjain,Zomato,Snacks,FOFO,ROI,555.0,80.0,27.759999999999998,615.0,0,2,13.008130081300814,277.5,200-300,10%-20%
Frozen Bottle,2026-07-29,WK 31,Ulwe,Swiggy,Dinner,FOFO,MH,109.0,121.0,0.0,230.0,0,1,52.60869565217391,109.0,100-200,50%-60%
Frozen Bottle,2026-07-29,WK 31,Ulwe,Swiggy,Lunch,FOFO,MH,291.0,40.0,0.0,321.0,0,1,12.461059190031152,291.0,200-300,10%-20%
Frozen Bottle,2026-07-29,WK 31,Ulwe,Swiggy,Snacks,FOFO,MH,609.0,80.0,0.0,669.0,0,2,11.958146487294469,304.5,300-400,10%-20%
Frozen Bottle,2026-07-29,WK 31,Ulwe,Zomato,Dinner,FOFO,MH,140.0,100.0,7.0,230.0,0,1,43.47826086956522,140.0,100-200,40%-50%
Frozen Bottle,2026-07-29,WK 31,Ulwe,Zomato,Late Night,FOFO,MH,509.0,0.0,25.46,489.0,0,1,0.0,509.0,500-600,0%
Frozen Bottle,2026-07-29,WK 31,Ulwe,Zomato,Lunch,FOFO,MH,230.0,100.0,11.5,320.0,0,1,31.25,230.0,200-300,30%-40%
Frozen Bottle,2026-07-29,WK 31,Ulwe,Zomato,Snacks,FOFO,MH,240.0,50.0,12.0,280.0,0,1,17.857142857142858,240.0,200-300,10%-20%
Frozen Bottle,2026-07-29,WK 31,Undri,Swiggy,Dinner,FOFO,MH,291.0,0.0,0.0,281.0,0,1,0.0,291.0,200-300,0%
Frozen Bottle,2026-07-29,WK 31,Undri,Swiggy,Late Night,FOFO,MH,318.0,100.0,0.0,398.0,0,1,25.125628140703515,318.0,300-400,20%-30%
Frozen Bottle,2026-07-29,WK 31,Undri,Zomato,Dinner,FOFO,MH,950.0,400.01,47.52,1300.01,0,3,30.769763309513003,316.6666666666667,300-400,30%-40%
Frozen Bottle,2026-07-29,WK 31,Undri,Zomato,Late Night,FOFO,MH,566.0,175.0,28.3,721.0,0,1,24.271844660194176,566.0,500-600,20%-30%
Frozen Bottle,2026-07-29,WK 31,Urapakkam CK,Swiggy,Dinner,COCO,TN,396.0,323.0,0.0,689.0,0,2,46.879535558780844,198.0,100-200,40%-50%
Frozen Bottle,2026-07-29,WK 31,Urapakkam CK,Swiggy,Late Night,COCO,TN,198.0,191.0,0.0,389.0,0,1,49.10025706940874,198.0,100-200,40%-50%
Frozen Bottle,2026-07-29,WK 31,Urapakkam CK,Swiggy,Lunch,COCO,TN,641.0,644.0,0.0,1245.0,0,3,51.72690763052209,213.66666666666666,200-300,50%-60%
Frozen Bottle,2026-07-29,WK 31,Urapakkam CK,Swiggy,Snacks,COCO,TN,457.0,424.0,0.0,861.0,0,2,49.24506387921022,228.5,200-300,40%-50%
Frozen Bottle,2026-07-29,WK 31,Urapakkam CK,Zomato,Dinner,COCO,TN,986.9,223.1,49.36,1180.0,0,2,18.906779661016948,493.45,400-500,10%-20%
Frozen Bottle,2026-07-29,WK 31,Urapakkam CK,Zomato,Lunch,COCO,TN,403.9,357.12,20.2,731.02,0,1,48.852288583075705,403.9,400-500,40%-50%
Frozen Bottle,2026-07-29,WK 31,Urapakkam CK,Zomato,Snacks,COCO,TN,1016.6600000000001,626.6700000000001,50.84,1593.33,0,2,39.33083542015779,508.33000000000004,500-600,30%-40%
Frozen Bottle,2026-07-29,WK 31,Vadapalani,In Store,Dinner,FOFO,TN,319.0,0.0,15.96,319.0,0,1,0.0,319.0,300-400,0%
Frozen Bottle,2026-07-29,WK 31,Vadapalani,In Store,Lunch,FOFO,TN,39.0,0.0,1.96,39.0,0,1,0.0,39.0,0-100,0%
Frozen Bottle,2026-07-29,WK 31,Vadapalani,In Store,Snacks,FOFO,TN,438.0,0.0,21.9,438.0,0,1,0.0,438.0,400-500,0%
Frozen Bottle,2026-07-29,WK 31,Vadapalani,Swiggy,Breakfast,FOFO,TN,340.0,0.0,0.0,330.0,0,1,0.0,340.0,300-400,0%
Frozen Bottle,2026-07-29,WK 31,Vadapalani,Swiggy,Closing,FOFO,TN,190.0,100.0,0.0,280.0,0,1,35.714285714285715,190.0,100-200,30%-40%
Frozen Bottle,2026-07-29,WK 31,Vadapalani,Swiggy,Dinner,FOFO,TN,3204.85,679.15,0.0,3744.0,0,9,18.13969017094017,356.09444444444443,300-400,10%-20%
Frozen Bottle,2026-07-29,WK 31,Vadapalani,Swiggy,Late Night,FOFO,TN,1025.01,239.99,0.0,1225.0,0,3,19.591020408163264,341.67,300-400,10%-20%
Frozen Bottle,2026-07-29,WK 31,Vadapalani,Swiggy,Lunch,FOFO,TN,198.0,1.0,0.0,199.0,0,1,0.5025125628140703,198.0,100-200,1%-10%
Frozen Bottle,2026-07-29,WK 31,Vadapalani,Swiggy,Snacks,FOFO,TN,891.01,119.99,0.0,981.0,0,2,12.231396534148828,445.505,400-500,10%-20%
Frozen Bottle,2026-07-29,WK 31,Vadapalani,Zomato,Dinner,FOFO,TN,1655.0,380.01,82.74,1955.01,0,4,19.43775223656145,413.75,400-500,10%-20%
Frozen Bottle,2026-07-29,WK 31,Vadapalani,Zomato,Late Night,FOFO,TN,380.0,0.0,19.0,360.0,0,1,0.0,380.0,300-400,0%
Frozen Bottle,2026-07-29,WK 31,Valsarvakkam,In Store,Dinner,COCO,TN,4683.41,205.59,234.24,4889.0,0,17,4.205154428308448,275.49470588235295,200-300,1%-10%
Frozen Bottle,2026-07-29,WK 31,Valsarvakkam,In Store,Late Night,COCO,TN,885.0,0.0,44.26,885.0,0,2,0.0,442.5,400-500,0%
Frozen Bottle,2026-07-29,WK 31,Valsarvakkam,In Store,Lunch,COCO,TN,1788.6100000000001,228.39,89.48,2017.0,0,8,11.323252354982646,223.57625000000002,200-300,10%-20%
Frozen Bottle,2026-07-29,WK 31,Valsarvakkam,In Store,Snacks,COCO,TN,3001.6,639.55,150.1,3641.15,0,13,17.564505719346908,230.8923076923077,200-300,10%-20%
Frozen Bottle,2026-07-29,WK 31,Valsarvakkam,Swiggy,Dinner,COCO,TN,6743.01,2919.99,0.0,9343.0,0,22,31.253237718077703,306.50045454545455,300-400,30%-40%
Frozen Bottle,2026-07-29,WK 31,Valsarvakkam,Swiggy,Late Night,COCO,TN,3378.0,1733.0,0.0,4951.0,0,13,35.00302969097152,259.84615384615387,200-300,30%-40%
Frozen Bottle,2026-07-29,WK 31,Valsarvakkam,Swiggy,Lunch,COCO,TN,2565.0,1874.0,0.0,4289.0,0,12,43.69316857076242,213.75,200-300,40%-50%
Frozen Bottle,2026-07-29,WK 31,Valsarvakkam,Swiggy,Snacks,COCO,TN,3261.01,1642.99,0.0,4734.0,0,14,34.706168145331645,232.92928571428573,200-300,30%-40%
Frozen Bottle,2026-07-29,WK 31,Valsarvakkam,Zomato,Dinner,COCO,TN,592.5,537.5,29.64,1090.0,0,3,49.31192660550459,197.5,100-200,40%-50%
Frozen Bottle,2026-07-29,WK 31,Valsarvakkam,Zomato,Late Night,COCO,TN,936.0,380.0,46.82,1276.0,0,4,29.780564263322884,234.0,200-300,20%-30%
Frozen Bottle,2026-07-29,WK 31,Valsarvakkam,Zomato,Lunch,COCO,TN,337.0,293.0,16.86,610.0,0,1,48.032786885245905,337.0,300-400,40%-50%
Frozen Bottle,2026-07-29,WK 31,Valsarvakkam,Zomato,Snacks,COCO,TN,1620.6,1024.4,81.04,2565.0,0,6,39.93762183235868,270.09999999999997,200-300,30%-40%
Frozen Bottle,2026-07-29,WK 31,Vashi,In Store,Dinner,FOFO,MH,199.0,0.0,9.96,199.0,0,1,0.0,199.0,100-200,0%
Frozen Bottle,2026-07-29,WK 31,Vashi,Swiggy,Closing,FOFO,MH,238.0,242.0,0.0,460.0,0,1,52.60869565217391,238.0,200-300,50%-60%
Frozen Bottle,2026-07-29,WK 31,Vashi,Swiggy,Dinner,FOFO,MH,1507.76,396.24,0.0,1844.0,0,5,21.488069414316705,301.552,300-400,20%-30%
Frozen Bottle,2026-07-29,WK 31,Vashi,Swiggy,Lunch,FOFO,MH,109.0,121.0,0.0,230.0,0,1,52.60869565217391,109.0,100-200,50%-60%
Frozen Bottle,2026-07-29,WK 31,Vashi,Swiggy,Snacks,FOFO,MH,428.0,163.0,0.0,591.0,0,1,27.580372250423014,428.0,400-500,20%-30%
Frozen Bottle,2026-07-29,WK 31,Vashi,Zomato,Dinner,FOFO,MH,849.0,350.0,42.44,1159.0,0,2,30.198446937014666,424.5,400-500,30%-40%
Frozen Bottle,2026-07-29,WK 31,Vashi,Zomato,Late Night,FOFO,MH,498.0,100.0,24.9,578.0,0,2,17.301038062283737,249.0,200-300,10%-20%
Frozen Bottle,2026-07-29,WK 31,Vashi,Zomato,Lunch,FOFO,MH,502.0,200.0,25.119999999999997,672.0,0,2,29.761904761904763,251.0,200-300,20%-30%
Frozen Bottle,2026-07-29,WK 31,Vashi,Zomato,Snacks,FOFO,MH,360.0,200.0,18.0,540.0,0,2,37.03703703703704,180.0,100-200,30%-40%
Frozen Bottle,2026-07-29,WK 31,Velachery,In Store,Dinner,COCO,TN,416.0,0.0,20.82,416.0,0,3,0.0,138.66666666666666,100-200,0%
Frozen Bottle,2026-07-29,WK 31,Velachery,In Store,Snacks,COCO,TN,1230.14,583.86,61.52,1814.0,0,6,32.18632855567806,205.02333333333334,200-300,30%-40%
Frozen Bottle,2026-07-29,WK 31,Velachery,Swiggy,Dinner,COCO,TN,2009.8899999999999,1478.95,0.0,3318.84,0,12,44.56225669209724,167.4908333333333,100-200,40%-50%
Frozen Bottle,2026-07-29,WK 31,Velachery,Swiggy,Late Night,COCO,TN,987.25,810.39,0.0,1727.6399999999999,0,7,46.907341807320975,141.03571428571428,100-200,40%-50%
Frozen Bottle,2026-07-29,WK 31,Velachery,Swiggy,Lunch,COCO,TN,348.0,212.0,0.0,540.0,0,1,39.25925925925926,348.0,300-400,30%-40%
Frozen Bottle,2026-07-29,WK 31,Velachery,Swiggy,Snacks,COCO,TN,1535.44,1246.8899999999999,0.0,2662.33,0,9,46.83453967013856,170.60444444444445,100-200,40%-50%
Frozen Bottle,2026-07-29,WK 31,Velachery,Zomato,Dinner,COCO,TN,1555.2,1117.8,77.82,2593.0,0,6,43.10836868492094,259.2,200-300,40%-50%
Frozen Bottle,2026-07-29,WK 31,Velachery,Zomato,Late Night,COCO,TN,618.9,392.1,30.96,981.0,0,2,39.96941896024465,309.45,300-400,30%-40%
Frozen Bottle,2026-07-29,WK 31,Velachery,Zomato,Snacks,COCO,TN,174.0,135.0,8.7,299.0,0,1,45.1505016722408,174.0,100-200,40%-50%
Frozen Bottle,2026-07-29,WK 31,Vellore,In Store,Dinner,COCO,TN,1549.0,0.0,77.48,1549.0,0,4,0.0,387.25,300-400,0%
Frozen Bottle,2026-07-29,WK 31,Vellore,In Store,Lunch,COCO,TN,964.0,0.0,48.22,964.0,0,4,0.0,241.0,200-300,0%
Frozen Bottle,2026-07-29,WK 31,Vellore,In Store,Snacks,COCO,TN,4862.0,0.0,243.12,4862.0,0,10,0.0,486.2,400-500,0%
Frozen Bottle,2026-07-29,WK 31,Vellore,Swiggy,Dinner,COCO,TN,2797.87,1394.79,0.0,4022.66,0,9,34.67332561041699,310.8744444444444,300-400,30%-40%
Frozen Bottle,2026-07-29,WK 31,Vellore,Swiggy,Late Night,COCO,TN,1406.0,986.33,0.0,2292.33,0,6,43.02740006892551,234.33333333333334,200-300,40%-50%
Frozen Bottle,2026-07-29,WK 31,Vellore,Swiggy,Lunch,COCO,TN,506.0,325.0,0.0,801.0,0,3,40.574282147315856,168.66666666666666,100-200,40%-50%
Frozen Bottle,2026-07-29,WK 31,Vellore,Swiggy,Snacks,COCO,TN,2629.2,696.8,0.0,3206.0,0,4,21.734248284466624,657.3,600-900,20%-30%
Frozen Bottle,2026-07-29,WK 31,Vellore,Zomato,Dinner,COCO,TN,279.5,220.5,13.98,480.0,0,1,45.9375,279.5,200-300,40%-50%
Frozen Bottle,2026-07-29,WK 31,Vellore,Zomato,Lunch,COCO,TN,247.5,252.5,12.38,480.0,0,1,52.604166666666664,247.5,200-300,50%-60%
Frozen Bottle,2026-07-29,WK 31,Vellore,Zomato,Snacks,COCO,TN,150.0,140.0,7.5,280.0,0,1,50.0,150.0,100-200,40%-50%
Frozen Bottle,2026-07-29,WK 31,Vidyaranyapura,In Store,Dinner,FOFO,KA,931.5,0.0,46.6,931.5,0,5,0.0,186.3,100-200,0%
Frozen Bottle,2026-07-29,WK 31,Vidyaranyapura,In Store,Lunch,FOFO,KA,378.0,0.0,18.92,378.0,0,2,0.0,189.0,100-200,0%
Frozen Bottle,2026-07-29,WK 31,Vidyaranyapura,In Store,Snacks,FOFO,KA,635.0,0.0,31.78,635.0,0,4,0.0,158.75,100-200,0%
Frozen Bottle,2026-07-29,WK 31,Vidyaranyapura,Swiggy,Dinner,FOFO,KA,320.0,0.0,0.0,310.0,0,1,0.0,320.0,300-400,0%
Frozen Bottle,2026-07-29,WK 31,Vidyaranyapura,Zomato,Lunch,FOFO,KA,190.0,0.0,9.5,180.0,0,1,0.0,190.0,100-200,0%
Frozen Bottle,2026-07-29,WK 31,Vidyaranyapura,Zomato,Snacks,FOFO,KA,150.0,140.0,7.5,280.0,0,1,50.0,150.0,100-200,40%-50%
Frozen Bottle,2026-07-29,WK 31,Vijaywada,In Store,Closing,FOFO,AP & TL,278.0,0.0,13.9,278.0,0,1,0.0,278.0,200-300,0%
Frozen Bottle,2026-07-29,WK 31,Vijaywada,In Store,Dinner,FOFO,AP & TL,3130.0,0.0,156.54,3130.0,0,9,0.0,347.77777777777777,300-400,0%
Frozen Bottle,2026-07-29,WK 31,Vijaywada,In Store,Late Night,FOFO,AP & TL,498.0,0.0,24.9,498.0,0,1,0.0,498.0,400-500,0%
Frozen Bottle,2026-07-29,WK 31,Vijaywada,In Store,Lunch,FOFO,AP & TL,318.0,0.0,15.9,318.0,0,1,0.0,318.0,300-400,0%
Frozen Bottle,2026-07-29,WK 31,Vijaywada,In Store,Snacks,FOFO,AP & TL,486.0,0.0,24.32,486.0,0,3,0.0,162.0,100-200,0%
Frozen Bottle,2026-07-29,WK 31,Vijaywada,Swiggy,Dinner,FOFO,AP & TL,3425.24,430.76,0.0,3716.0,0,9,11.592034445640472,380.5822222222222,300-400,10%-20%
Frozen Bottle,2026-07-29,WK 31,Vijaywada,Swiggy,Late Night,FOFO,AP & TL,2795.01,252.99,0.0,2948.0,0,7,8.581750339213027,399.2871428571429,300-400,1%-10%
Frozen Bottle,2026-07-29,WK 31,Vijaywada,Swiggy,Lunch,FOFO,AP & TL,1882.3999999999999,371.59999999999997,0.0,2174.0,0,5,17.092916283348664,376.47999999999996,300-400,10%-20%
Frozen Bottle,2026-07-29,WK 31,Vijaywada,Swiggy,Snacks,FOFO,AP & TL,948.0,61.0,0.0,979.0,0,4,6.230847803881511,237.0,200-300,1%-10%
Frozen Bottle,2026-07-29,WK 31,Vijaywada,Zomato,Closing,FOFO,AP & TL,474.0,75.0,23.7,529.0,0,2,14.177693761814744,237.0,200-300,10%-20%
Frozen Bottle,2026-07-29,WK 31,Vijaywada,Zomato,Dinner,FOFO,AP & TL,1760.8000000000002,386.2,88.03999999999999,2067.0,0,5,18.6840832123851,352.16,300-400,10%-20%
Frozen Bottle,2026-07-29,WK 31,Vijaywada,Zomato,Lunch,FOFO,AP & TL,1139.0,421.0,56.959999999999994,1510.0,0,3,27.880794701986755,379.6666666666667,300-400,20%-30%
Frozen Bottle,2026-07-29,WK 31,Vijaywada,Zomato,Snacks,FOFO,AP & TL,1824.1,544.89,91.22,2288.99,0,4,23.80482221416433,456.025,400-500,20%-30%
Frozen Bottle,2026-07-29,WK 31,Vikhroli,In Store,Dinner,FOFO,MH,3705.0,0.0,185.26,3705.0,0,9,0.0,411.6666666666667,400-500,0%
Frozen Bottle,2026-07-29,WK 31,Vikhroli,In Store,Snacks,FOFO,MH,624.0,0.0,31.2,624.0,0,3,0.0,208.0,200-300,0%
Frozen Bottle,2026-07-29,WK 31,Vikhroli,Swiggy,Snacks,FOFO,MH,320.0,0.0,0.0,310.0,0,1,0.0,320.0,300-400,0%
Frozen Bottle,2026-07-29,WK 31,Vimannagar,In Store,Dinner,FOFO,MH,846.0,0.0,42.32,846.0,0,3,0.0,282.0,200-300,0%
Frozen Bottle,2026-07-29,WK 31,Vimannagar,In Store,Snacks,FOFO,MH,129.0,0.0,6.46,129.0,0,1,0.0,129.0,100-200,0%
Frozen Bottle,2026-07-29,WK 31,Vimannagar,Swiggy,Dinner,FOFO,MH,480.0,0.0,0.0,460.0,0,1,0.0,480.0,400-500,0%
Frozen Bottle,2026-07-29,WK 31,Vimannagar,Zomato,Snacks,FOFO,MH,698.0,73.0,34.92,741.0,0,3,9.851551956815115,232.66666666666666,200-300,1%-10%
Frozen Bottle,2026-07-29,WK 31,Virar,In Store,Dinner,COCO,MH,1756.8,111.2,87.88,1868.0,0,7,5.95289079229122,250.97142857142856,200-300,1%-10%
Frozen Bottle,2026-07-29,WK 31,Virar,In Store,Late Night,COCO,MH,39.0,258.0,1.96,297.0,0,2,86.86868686868688,19.5,0-100,80%-90%
Frozen Bottle,2026-07-29,WK 31,Virar,In Store,Lunch,COCO,MH,317.0,50.0,15.86,367.0,0,1,13.623978201634879,317.0,300-400,10%-20%
Frozen Bottle,2026-07-29,WK 31,Virar,In Store,Snacks,COCO,MH,515.0,0.0,25.78,515.0,0,3,0.0,171.66666666666666,100-200,0%
Frozen Bottle,2026-07-29,WK 31,Virar,Swiggy,Dinner,COCO,MH,1032.12,506.88,0.0,1469.0,0,5,34.50510551395507,206.42399999999998,200-300,30%-40%
Frozen Bottle,2026-07-29,WK 31,Virar,Swiggy,Late Night,COCO,MH,1016.01,600.1700000000001,0.0,1546.1799999999998,0,3,38.816308579854876,338.67,300-400,30%-40%
Frozen Bottle,2026-07-29,WK 31,Virar,Swiggy,Lunch,COCO,MH,329.0,172.0,0.0,481.0,0,2,35.75883575883576,164.5,100-200,30%-40%
Frozen Bottle,2026-07-29,WK 31,Virar,Swiggy,Snacks,COCO,MH,129.0,80.0,0.0,199.0,0,1,40.20100502512563,129.0,100-200,40%-50%
Frozen Bottle,2026-07-29,WK 31,Virar,Zomato,Dinner,COCO,MH,3256.83,2075.83,162.88,5142.66,0,10,40.36490843260103,325.683,300-400,40%-50%
Frozen Bottle,2026-07-29,WK 31,Virar,Zomato,Lunch,COCO,MH,1908.0,1049.0,95.42,2847.0,0,6,36.845802599227255,318.0,300-400,30%-40%
Frozen Bottle,2026-07-29,WK 31,Virar,Zomato,Snacks,COCO,MH,1907.5,1569.5,95.38,3347.0,0,6,46.89273976695548,317.9166666666667,300-400,40%-50%
Frozen Bottle,2026-07-29,WK 31,Wagholi - CF CK,Swiggy,Dinner,COCO,MH,427.0,374.0,0.0,771.0,0,2,48.50843060959792,213.5,200-300,40%-50%
Frozen Bottle,2026-07-29,WK 31,Wagholi - CF CK,Swiggy,Snacks,COCO,MH,229.0,312.0,0.0,531.0,0,1,58.75706214689266,229.0,200-300,50%-60%
Frozen Bottle,2026-07-29,WK 31,Wagholi - CF CK,Zomato,Dinner,COCO,MH,2130.0,1600.0,106.54,3600.0,0,7,44.44444444444444,304.2857142857143,300-400,40%-50%
Frozen Bottle,2026-07-29,WK 31,Wagholi - CF CK,Zomato,Late Night,COCO,MH,1055.0,387.0,52.760000000000005,1402.0,0,2,27.60342368045649,527.5,500-600,20%-30%
Frozen Bottle,2026-07-29,WK 31,Wagholi - CF CK,Zomato,Lunch,COCO,MH,150.0,140.0,7.5,280.0,0,1,50.0,150.0,100-200,40%-50%
Frozen Bottle,2026-07-29,WK 31,Wagholi - CF CK,Zomato,Snacks,COCO,MH,385.0,225.0,19.26,590.0,0,1,38.13559322033898,385.0,300-400,30%-40%
Frozen Bottle,2026-07-29,WK 31,Whitefield,In Store,Dinner,COCO,KA,1288.75,0.0,64.48,1288.75,0,6,0.0,214.79166666666666,200-300,0%
Frozen Bottle,2026-07-29,WK 31,Whitefield,In Store,Lunch,COCO,KA,194.23,0.0,9.72,194.23,0,1,0.0,194.23,100-200,0%
Frozen Bottle,2026-07-29,WK 31,Whitefield,Ownly,Snacks,COCO,KA,148.0,0.0,7.4,148.0,0,1,0.0,148.0,100-200,0%
Frozen Bottle,2026-07-29,WK 31,Whitefield,Swiggy,Breakfast,COCO,KA,319.0,60.0,0.0,369.0,0,1,16.260162601626014,319.0,300-400,10%-20%
Frozen Bottle,2026-07-29,WK 31,Whitefield,Swiggy,Dinner,COCO,KA,3430.01,2078.99,0.0,5349.0,0,11,38.866891007664975,311.8190909090909,300-400,30%-40%
Frozen Bottle,2026-07-29,WK 31,Whitefield,Swiggy,Late Night,COCO,KA,1169.0,949.0,0.0,2058.0,0,5,46.11273080660836,233.8,200-300,40%-50%
Frozen Bottle,2026-07-29,WK 31,Whitefield,Swiggy,Lunch,COCO,KA,607.0,365.0,0.0,942.0,0,2,38.747346072186836,303.5,300-400,30%-40%
Frozen Bottle,2026-07-29,WK 31,Whitefield,Swiggy,Snacks,COCO,KA,1857.01,747.99,0.0,2525.0,0,5,29.623366336633666,371.402,300-400,20%-30%
Frozen Bottle,2026-07-29,WK 31,Whitefield,Zomato,Dinner,COCO,KA,2004.0,1302.0,100.26,3186.0,0,8,40.86629001883239,250.5,200-300,40%-50%
Frozen Bottle,2026-07-29,WK 31,Whitefield,Zomato,Late Night,COCO,KA,1966.15,995.85,98.34,2862.0,0,7,34.79559748427673,280.87857142857143,200-300,30%-40%
Frozen Bottle,2026-07-29,WK 31,Whitefield,Zomato,Lunch,COCO,KA,666.4,545.6,33.34,1172.0,0,2,46.55290102389078,333.2,300-400,40%-50%
Frozen Bottle,2026-07-29,WK 31,Whitefield,Zomato,Snacks,COCO,KA,875.0999999999999,694.9000000000001,43.76,1520.0,0,3,45.717105263157904,291.7,200-300,40%-50%
Frozen Bottle,2026-07-29,WK 31,Yelahanka,In Store,Dinner,COCO,KA,1019.23,0.0,51.0,1019.23,0,5,0.0,203.846,200-300,0%
Frozen Bottle,2026-07-29,WK 31,Yelahanka,In Store,Lunch,COCO,KA,199.0,0.0,9.96,199.0,0,1,0.0,199.0,100-200,0%
Frozen Bottle,2026-07-29,WK 31,Yelahanka,In Store,Snacks,COCO,KA,1997.0,0.0,99.88,1997.0,0,6,0.0,332.8333333333333,300-400,0%
Frozen Bottle,2026-07-29,WK 31,Yelahanka,Ownly,Dinner,COCO,KA,254.0,0.0,12.7,254.0,0,1,0.0,254.0,200-300,0%
Frozen Bottle,2026-07-29,WK 31,Yelahanka,Swiggy,Dinner,COCO,KA,2881.0,1663.0,0.0,4394.0,0,8,37.84706417842513,360.125,300-400,30%-40%
Frozen Bottle,2026-07-29,WK 31,Yelahanka,Swiggy,Late Night,COCO,KA,119.0,121.0,0.0,230.0,0,1,52.60869565217391,119.0,100-200,50%-60%
Frozen Bottle,2026-07-29,WK 31,Yelahanka,Swiggy,Lunch,COCO,KA,799.0,526.0,0.0,1275.0,0,3,41.25490196078431,266.3333333333333,200-300,40%-50%
Frozen Bottle,2026-07-29,WK 31,Yelahanka,Swiggy,Snacks,COCO,KA,1574.0,596.0,0.0,2110.0,0,4,28.24644549763033,393.5,300-400,20%-30%
Frozen Bottle,2026-07-29,WK 31,Yelahanka,Zomato,Dinner,COCO,KA,150.0,140.0,7.5,280.0,0,1,50.0,150.0,100-200,40%-50%
Frozen Bottle,2026-07-29,WK 31,Yelahanka,Zomato,Lunch,COCO,KA,216.0,75.0,10.8,281.0,0,1,26.690391459074732,216.0,200-300,20%-30%
Frozen Bottle,2026-07-29,WK 31,Yelahanka,Zomato,Snacks,COCO,KA,717.1,421.9,35.86,1099.0,0,2,38.3894449499545,358.55,300-400,30%-40%
Frozen Bottle,2026-07-29,WK 31,Yemalur,In Store,Dinner,FOFO,KA,1297.3,0.0,64.88,1297.3,0,6,0.0,216.21666666666667,200-300,0%
Frozen Bottle,2026-07-29,WK 31,Yemalur,In Store,Late Night,FOFO,KA,284.75,0.0,14.24,284.75,0,1,0.0,284.75,200-300,0%
Frozen Bottle,2026-07-29,WK 31,Yemalur,In Store,Lunch,FOFO,KA,1012.1800000000001,0.0,50.620000000000005,1012.1800000000001,0,4,0.0,253.04500000000002,200-300,0%
Frozen Bottle,2026-07-29,WK 31,Yemalur,In Store,Snacks,FOFO,KA,4340.55,0.0,217.06,4340.55,0,7,0.0,620.0785714285714,600-900,0%
Frozen Bottle,2026-07-29,WK 31,Yemalur,Swiggy,Dinner,FOFO,KA,280.0,0.0,0.0,270.0,0,1,0.0,280.0,200-300,0%
Frozen Bottle,2026-07-29,WK 31,Yemalur,Swiggy,Late Night,FOFO,KA,209.0,0.0,0.0,199.0,0,1,0.0,209.0,200-300,0%
Frozen Bottle,2026-07-29,WK 31,Yemalur,Swiggy,Lunch,FOFO,KA,1291.0,0.0,0.0,1251.0,0,3,0.0,430.3333333333333,400-500,0%
Frozen Bottle,2026-07-29,WK 31,Yemalur,Swiggy,Snacks,FOFO,KA,430.0,0.0,0.0,410.0,0,1,0.0,430.0,400-500,0%
Frozen Bottle,2026-07-29,WK 31,Yemalur,Zomato,Dinner,FOFO,KA,2164.0,775.0,108.24,2829.0,0,9,27.394839165782965,240.44444444444446,200-300,20%-30%
Frozen Bottle,2026-07-29,WK 31,Yemalur,Zomato,Lunch,FOFO,KA,508.0,150.0,25.42,628.0,0,1,23.88535031847134,508.0,500-600,20%-30%
Frozen Bottle,2026-07-29,WK 31,Yemalur,Zomato,Snacks,FOFO,KA,170.0,40.0,8.5,200.0,0,1,20.0,170.0,100-200,10%-20%
Frozen Bottle,2026-07-29,WK 31,Zamin Pallavaram,In Store,Dinner,COCO,TN,855.21,284.02,42.760000000000005,1139.23,0,6,24.930874362508007,142.535,100-200,20%-30%
Frozen Bottle,2026-07-29,WK 31,Zamin Pallavaram,In Store,Lunch,COCO,TN,545.73,128.26999999999998,27.32,674.0,0,5,19.031157270029674,109.146,100-200,10%-20%
Frozen Bottle,2026-07-29,WK 31,Zamin Pallavaram,In Store,Snacks,COCO,TN,1244.57,127.43,62.24,1372.0,0,5,9.287900874635568,248.914,200-300,1%-10%
Frozen Bottle,2026-07-29,WK 31,Zamin Pallavaram,Swiggy,Dinner,COCO,TN,3314.01,2730.84,0.0,5844.85,0,14,46.722157112671844,236.715,200-300,40%-50%
Frozen Bottle,2026-07-29,WK 31,Zamin Pallavaram,Swiggy,Late Night,COCO,TN,744.05,689.9200000000001,0.0,1403.97,0,4,49.14065115351468,186.0125,100-200,40%-50%
Frozen Bottle,2026-07-29,WK 31,Zamin Pallavaram,Swiggy,Lunch,COCO,TN,654.0,326.0,0.0,940.0,0,2,34.680851063829785,327.0,300-400,30%-40%
Frozen Bottle,2026-07-29,WK 31,Zamin Pallavaram,Swiggy,Snacks,COCO,TN,1328.0,831.0,0.0,2089.0,0,6,39.77979894686453,221.33333333333334,200-300,30%-40%
Frozen Bottle,2026-07-29,WK 31,Zamin Pallavaram,Zomato,Dinner,COCO,TN,924.5,515.5,46.26,1390.0,0,4,37.0863309352518,231.125,200-300,30%-40%
Frozen Bottle,2026-07-29,WK 31,Zamin Pallavaram,Zomato,Late Night,COCO,TN,690.0,430.0,34.519999999999996,1080.0,0,3,39.81481481481482,230.0,200-300,30%-40%
Frozen Bottle,2026-07-29,WK 31,Zamin Pallavaram,Zomato,Snacks,COCO,TN,266.0,325.0,13.32,571.0,0,1,56.91768826619965,266.0,200-300,50%-60%
Frozen Bottle,2026-07-30,WK 31,AECS Layout,In Store,Dinner,COCO,KA,6191.03,383.84,309.78000000000003,6574.87,0,39,5.837986150296508,158.74435897435896,100-200,1%-10%
Frozen Bottle,2026-07-30,WK 31,AECS Layout,In Store,Lunch,COCO,KA,1602.59,63.04,80.16000000000001,1665.6299999999999,0,9,3.784754117060812,178.06555555555553,100-200,1%-10%
Frozen Bottle,2026-07-30,WK 31,AECS Layout,In Store,Snacks,COCO,KA,1423.51,0.0,71.2,1423.51,0,7,0.0,203.35857142857142,200-300,0%
Frozen Bottle,2026-07-30,WK 31,AECS Layout,Ownly,Dinner,COCO,KA,585.0,0.0,29.26,585.0,0,1,0.0,585.0,500-600,0%
Frozen Bottle,2026-07-30,WK 31,AECS Layout,Ownly,Snacks,COCO,KA,382.0,0.0,19.1,382.0,0,1,0.0,382.0,300-400,0%
Frozen Bottle,2026-07-30,WK 31,AECS Layout,Swiggy,Dinner,COCO,KA,2315.0,1459.33,0.0,3654.33,0,11,39.934269756699585,210.45454545454547,200-300,30%-40%
Frozen Bottle,2026-07-30,WK 31,AECS Layout,Swiggy,Late Night,COCO,KA,1022.01,650.84,0.0,1622.85,0,4,40.10475398219182,255.5025,200-300,40%-50%
Frozen Bottle,2026-07-30,WK 31,AECS Layout,Swiggy,Lunch,COCO,KA,218.0,112.0,0.0,320.0,0,1,35.0,218.0,200-300,30%-40%
Frozen Bottle,2026-07-30,WK 31,AECS Layout,Swiggy,Snacks,COCO,KA,1364.0,590.33,0.0,1884.33,0,5,31.328376664384695,272.8,200-300,30%-40%
Frozen Bottle,2026-07-30,WK 31,AECS Layout,Zomato,Dinner,COCO,KA,4579.42,4418.43,229.06,8687.85,0,14,50.8575769609282,327.1014285714286,300-400,50%-60%
Frozen Bottle,2026-07-30,WK 31,AECS Layout,Zomato,Late Night,COCO,KA,1023.94,591.24,51.239999999999995,1545.18,0,6,38.263503281171126,170.65666666666667,100-200,30%-40%
Frozen Bottle,2026-07-30,WK 31,AECS Layout,Zomato,Lunch,COCO,KA,890.0,820.0,44.5,1650.0,0,3,49.696969696969695,296.6666666666667,200-300,40%-50%
Frozen Bottle,2026-07-30,WK 31,AECS Layout,Zomato,Snacks,COCO,KA,695.1,634.9,34.78,1280.0,0,3,49.60156249999999,231.70000000000002,200-300,40%-50%
Frozen Bottle,2026-07-30,WK 31,Adoor,In Store,Dinner,FOFO,Kerela,2148.0,0.0,107.42,2148.0,0,3,0.0,716.0,600-900,0%
Frozen Bottle,2026-07-30,WK 31,Adoor,In Store,Snacks,FOFO,Kerela,2419.0,0.0,120.96000000000001,2419.0,0,2,0.0,1209.5,>900,0%
Frozen Bottle,2026-07-30,WK 31,Adoor,Swiggy,Dinner,FOFO,Kerela,209.0,0.0,0.0,199.0,0,1,0.0,209.0,200-300,0%
Frozen Bottle,2026-07-30,WK 31,Adoor,Swiggy,Snacks,FOFO,Kerela,1217.0,0.0,0.0,1167.0,0,2,0.0,608.5,600-900,0%
Frozen Bottle,2026-07-30,WK 31,Adoor,Zomato,Dinner,FOFO,Kerela,378.0,0.0,18.92,358.0,0,1,0.0,378.0,300-400,0%
Frozen Bottle,2026-07-30,WK 31,Adoor,Zomato,Snacks,FOFO,Kerela,240.0,0.0,12.0,230.0,0,1,0.0,240.0,200-300,0%
Frozen Bottle,2026-07-30,WK 31,Agra,In Store,Dinner,FOFO,ROI,1821.0,0.0,91.08,1821.0,0,5,0.0,364.2,300-400,0%
Frozen Bottle,2026-07-30,WK 31,Agra,In Store,Lunch,FOFO,ROI,209.0,0.0,10.46,209.0,0,1,0.0,209.0,200-300,0%
Frozen Bottle,2026-07-30,WK 31,Agra,In Store,Snacks,FOFO,ROI,437.0,0.0,21.86,437.0,0,2,0.0,218.5,200-300,0%
Frozen Bottle,2026-07-30,WK 31,Akshay Nagar,Swiggy,Dinner,FOFO,KA,1291.0,230.0,0.0,1471.0,0,3,15.635622025832765,430.3333333333333,400-500,10%-20%
Frozen Bottle,2026-07-30,WK 31,Akshay Nagar,Zomato,Dinner,FOFO,KA,571.9,28.1,28.6,580.0,0,2,4.844827586206897,285.95,200-300,1%-10%
Frozen Bottle,2026-07-30,WK 31,Akshay Nagar,Zomato,Late Night,FOFO,KA,1412.0,18.0,70.6,1380.0,0,3,1.3043478260869565,470.6666666666667,400-500,1%-10%
Frozen Bottle,2026-07-30,WK 31,Akshay Nagar,Zomato,Lunch,FOFO,KA,497.0,175.0,24.84,652.0,0,1,26.840490797546014,497.0,400-500,20%-30%
Frozen Bottle,2026-07-30,WK 31,Akshay Nagar,Zomato,Snacks,FOFO,KA,524.0,125.0,26.2,629.0,0,1,19.87281399046105,524.0,500-600,10%-20%
Frozen Bottle,2026-07-30,WK 31,Aluva,In Store,Dinner,FOFO,Kerela,1483.0,0.0,74.18,1483.0,0,4,0.0,370.75,300-400,0%
Frozen Bottle,2026-07-30,WK 31,Aluva,In Store,Snacks,FOFO,Kerela,1721.0,0.0,86.08,1721.0,0,4,0.0,430.25,400-500,0%
Frozen Bottle,2026-07-30,WK 31,Aluva,Swiggy,Snacks,FOFO,Kerela,861.0,0.0,0.0,831.0,0,1,0.0,861.0,600-900,0%
Frozen Bottle,2026-07-30,WK 31,Aluva,Zomato,Dinner,FOFO,Kerela,397.0,43.0,19.86,430.0,0,1,10.0,397.0,300-400,1%-10%
Frozen Bottle,2026-07-30,WK 31,Aluva,Zomato,Lunch,FOFO,Kerela,603.0,0.0,30.16,583.0,0,1,0.0,603.0,600-900,0%
Frozen Bottle,2026-07-30,WK 31,Aluva,Zomato,Snacks,FOFO,Kerela,790.5,259.5,39.52,1020.0,0,1,25.441176470588232,790.5,600-900,20%-30%
Frozen Bottle,2026-07-30,WK 31,Alwarpet,In Store,Dinner,COCO,TN,221.96,265.03999999999996,11.08,487.0,0,3,54.42299794661191,73.98666666666666,0-100,50%-60%
Frozen Bottle,2026-07-30,WK 31,Alwarpet,In Store,Lunch,COCO,TN,219.32,236.68,10.98,456.0,0,4,51.90350877192983,54.83,0-100,50%-60%
Frozen Bottle,2026-07-30,WK 31,Alwarpet,In Store,Snacks,COCO,TN,748.79,566.4399999999999,37.44,1315.23,0,10,43.06775240832401,74.87899999999999,0-100,40%-50%
Frozen Bottle,2026-07-30,WK 31,Alwarpet,Swiggy,Dinner,COCO,TN,2263.0,1242.0,0.0,3375.0,0,10,36.8,226.3,200-300,30%-40%
Frozen Bottle,2026-07-30,WK 31,Alwarpet,Swiggy,Late Night,COCO,TN,591.0,464.0,0.0,1015.0,0,2,45.714285714285715,295.5,200-300,40%-50%
Frozen Bottle,2026-07-30,WK 31,Alwarpet,Swiggy,Lunch,COCO,TN,2045.0,1497.0,0.0,3412.0,0,7,43.874560375146544,292.14285714285717,200-300,40%-50%
Frozen Bottle,2026-07-30,WK 31,Alwarpet,Swiggy,Snacks,COCO,TN,518.0,325.0,0.0,803.0,0,3,40.473225404732254,172.66666666666666,100-200,40%-50%
Frozen Bottle,2026-07-30,WK 31,Alwarpet,Zomato,Dinner,COCO,TN,2524.4,2397.6,126.25999999999999,4762.0,0,7,50.34859302813943,360.62857142857143,300-400,50%-60%
Frozen Bottle,2026-07-30,WK 31,Alwarpet,Zomato,Lunch,COCO,TN,305.5,85.5,15.28,371.0,0,1,23.045822102425877,305.5,300-400,20%-30%
Frozen Bottle,2026-07-30,WK 31,Alwarpet,Zomato,Snacks,COCO,TN,2210.8,1654.2,110.6,3725.0,0,6,44.40805369127517,368.4666666666667,300-400,40%-50%
Frozen Bottle,2026-07-30,WK 31,Ambattur,In Store,Dinner,FOFO,TN,8510.0,0.0,425.6,8510.0,0,25,0.0,340.4,300-400,0%
Frozen Bottle,2026-07-30,WK 31,Ambattur,In Store,Late Night,FOFO,TN,239.0,0.0,11.96,239.0,0,1,0.0,239.0,200-300,0%
Frozen Bottle,2026-07-30,WK 31,Ambattur,In Store,Lunch,FOFO,TN,1144.0,0.0,57.22,1144.0,0,3,0.0,381.3333333333333,300-400,0%
Frozen Bottle,2026-07-30,WK 31,Ambattur,In Store,Snacks,FOFO,TN,1557.0,0.0,77.86,1557.0,0,6,0.0,259.5,200-300,0%
Frozen Bottle,2026-07-30,WK 31,Ambattur,Swiggy,Dinner,FOFO,TN,1990.0,0.0,0.0,1930.0,0,3,0.0,663.3333333333334,600-900,0%
Frozen Bottle,2026-07-30,WK 31,Ambattur,Swiggy,Snacks,FOFO,TN,1009.0,0.0,0.0,969.0,0,3,0.0,336.3333333333333,300-400,0%
Frozen Bottle,2026-07-30,WK 31,Ananth Nagar,In Store,Dinner,COCO,KA,547.0,0.0,27.36,547.0,0,2,0.0,273.5,200-300,0%
Frozen Bottle,2026-07-30,WK 31,Ananth Nagar,In Store,Snacks,COCO,KA,1114.12,639.13,55.72,1753.25,0,12,36.454013974048195,92.84333333333332,0-100,30%-40%
Frozen Bottle,2026-07-30,WK 31,Ananth Nagar,Swiggy,Dinner,COCO,KA,934.0,768.0,0.0,1652.0,0,3,46.48910411622276,311.3333333333333,300-400,40%-50%
Frozen Bottle,2026-07-30,WK 31,Ananth Nagar,Swiggy,Lunch,COCO,KA,707.0,394.0,0.0,1061.0,0,3,37.134778510838835,235.66666666666666,200-300,30%-40%
Frozen Bottle,2026-07-30,WK 31,Ananth Nagar,Swiggy,Snacks,COCO,KA,1027.01,1025.8400000000001,0.0,2012.85,0,3,50.96455274859032,342.33666666666664,300-400,50%-60%
Frozen Bottle,2026-07-30,WK 31,Ananth Nagar,Zomato,Breakfast,COCO,KA,190.0,0.0,9.5,180.0,0,1,0.0,190.0,100-200,0%
Frozen Bottle,2026-07-30,WK 31,Ananth Nagar,Zomato,Dinner,COCO,KA,1661.0,1496.0,83.10000000000001,3047.0,0,6,49.09747292418773,276.8333333333333,200-300,40%-50%
Frozen Bottle,2026-07-30,WK 31,Ananth Nagar,Zomato,Lunch,COCO,KA,198.6,210.4,9.94,389.0,0,1,54.087403598971726,198.6,100-200,50%-60%
Frozen Bottle,2026-07-30,WK 31,Ananth Nagar,Zomato,Snacks,COCO,KA,1342.66,1152.67,67.16,2395.33,0,5,48.12155318891343,268.53200000000004,200-300,40%-50%
Frozen Bottle,2026-07-30,WK 31,Annanagar,In Store,Dinner,COCO,TN,5085.65,1400.54,254.42,6486.19,0,43,21.592645297162125,118.27093023255813,100-200,20%-30%
Frozen Bottle,2026-07-30,WK 31,Annanagar,In Store,Lunch,COCO,TN,2453.7799999999997,1041.22,122.7,3495.0,0,20,29.79170243204578,122.689,100-200,20%-30%
Frozen Bottle,2026-07-30,WK 31,Annanagar,In Store,Snacks,COCO,TN,2716.0099999999998,710.45,135.88,3426.46,0,23,20.73422716156033,118.08739130434782,100-200,20%-30%
Frozen Bottle,2026-07-30,WK 31,Annanagar,Swiggy,Dinner,COCO,TN,2857.93,1867.07,0.0,4555.0,0,15,40.989462129527986,190.52866666666665,100-200,40%-50%
Frozen Bottle,2026-07-30,WK 31,Annanagar,Swiggy,Late Night,COCO,TN,570.12,446.88,0.0,977.0,0,4,45.740020470829066,142.53,100-200,40%-50%
Frozen Bottle,2026-07-30,WK 31,Annanagar,Swiggy,Lunch,COCO,TN,879.0,448.0,0.0,1287.0,0,5,34.80963480963481,175.8,100-200,30%-40%
Frozen Bottle,2026-07-30,WK 31,Annanagar,Swiggy,Snacks,COCO,TN,1602.12,991.88,0.0,2494.0,0,9,39.77064955894146,178.01333333333332,100-200,30%-40%
Frozen Bottle,2026-07-30,WK 31,Annanagar,Zomato,Dinner,COCO,TN,2885.2,2673.8,144.32,5359.0,0,12,49.89363687255085,240.4333333333333,200-300,40%-50%
Frozen Bottle,2026-07-30,WK 31,Annanagar,Zomato,Late Night,COCO,TN,361.0,200.0,18.06,531.0,0,2,37.664783427495294,180.5,100-200,30%-40%
Frozen Bottle,2026-07-30,WK 31,Annanagar,Zomato,Snacks,COCO,TN,1845.0,1484.0,92.28,3229.0,0,5,45.95850108392691,369.0,300-400,40%-50%
Frozen Bottle,2026-07-30,WK 31,Attibele,In Store,Dinner,FOFO,KA,2054.59,0.0,102.76,2054.59,0,7,0.0,293.5128571428572,200-300,0%
Frozen Bottle,2026-07-30,WK 31,Attibele,In Store,Lunch,FOFO,KA,612.0,0.0,30.62,612.0,0,3,0.0,204.0,200-300,0%
Frozen Bottle,2026-07-30,WK 31,Attibele,In Store,Snacks,FOFO,KA,1668.0,0.0,83.44,1668.0,0,6,0.0,278.0,200-300,0%
Frozen Bottle,2026-07-30,WK 31,Attibele,Swiggy,Dinner,FOFO,KA,258.0,191.0,0.0,429.0,0,1,44.52214452214452,258.0,200-300,40%-50%
Frozen Bottle,2026-07-30,WK 31,Attibele,Swiggy,Snacks,FOFO,KA,180.0,218.0,0.0,398.0,0,1,54.773869346733676,180.0,100-200,50%-60%
Frozen Bottle,2026-07-30,WK 31,Attibele,Zomato,Dinner,FOFO,KA,1258.0,420.0,62.92,1618.0,0,4,25.95797280593325,314.5,300-400,20%-30%
Frozen Bottle,2026-07-30,WK 31,Attibele,Zomato,Lunch,FOFO,KA,1569.6,469.4,78.46000000000001,1969.0,0,5,23.839512442864397,313.91999999999996,300-400,20%-30%
Frozen Bottle,2026-07-30,WK 31,Attibele,Zomato,Snacks,FOFO,KA,316.0,75.0,15.8,381.0,0,1,19.68503937007874,316.0,300-400,10%-20%
Frozen Bottle,2026-07-30,WK 31,Aundh,Zomato,Closing,FOFO,MH,786.0,150.0,39.3,906.0,0,1,16.55629139072848,786.0,600-900,10%-20%
Frozen Bottle,2026-07-30,WK 31,Aundh,Zomato,Dinner,FOFO,MH,342.0,200.0,17.12,522.0,0,2,38.31417624521073,171.0,100-200,30%-40%
Frozen Bottle,2026-07-30,WK 31,Aundh,Zomato,Late Night,FOFO,MH,180.0,100.0,9.0,270.0,0,1,37.03703703703704,180.0,100-200,30%-40%
Frozen Bottle,2026-07-30,WK 31,Aurangabad- 1,In Store,Dinner,FOFO,MH,1272.0,0.0,63.64,1272.0,0,6,0.0,212.0,200-300,0%
Frozen Bottle,2026-07-30,WK 31,Aurangabad- 1,In Store,Lunch,FOFO,MH,467.0,0.0,23.36,467.0,0,2,0.0,233.5,200-300,0%
Frozen Bottle,2026-07-30,WK 31,Aurangabad- 1,In Store,Snacks,FOFO,MH,1012.5,0.0,50.64,1012.5,0,3,0.0,337.5,300-400,0%
Frozen Bottle,2026-07-30,WK 31,Aurangabad- 1,Swiggy,Breakfast,FOFO,MH,181.0,0.0,0.0,171.0,0,1,0.0,181.0,100-200,0%
Frozen Bottle,2026-07-30,WK 31,Aurangabad- 1,Swiggy,Dinner,FOFO,MH,331.0,0.0,0.0,321.0,0,1,0.0,331.0,300-400,0%
Frozen Bottle,2026-07-30,WK 31,Aurangabad- 1,Swiggy,Late Night,FOFO,MH,415.0,0.0,0.0,405.0,0,1,0.0,415.0,400-500,0%
Frozen Bottle,2026-07-30,WK 31,Aurangabad- 1,Swiggy,Snacks,FOFO,MH,280.0,0.0,0.0,270.0,0,1,0.0,280.0,200-300,0%
Frozen Bottle,2026-07-30,WK 31,Aurangabad- 1,Zomato,Closing,FOFO,MH,481.2,47.8,24.06,519.0,0,1,9.210019267822736,481.2,400-500,1%-10%
Frozen Bottle,2026-07-30,WK 31,Aurangabad- 1,Zomato,Dinner,FOFO,MH,2273.6,618.4,113.68,2792.0,0,6,22.148997134670488,378.93333333333334,300-400,20%-30%
Frozen Bottle,2026-07-30,WK 31,Aurangabad- 1,Zomato,Late Night,FOFO,MH,1680.0,0.0,84.02,1620.0,0,4,0.0,420.0,400-500,0%
Frozen Bottle,2026-07-30,WK 31,Aurangabad- 1,Zomato,Lunch,FOFO,MH,1309.0,270.0,65.44,1529.0,0,3,17.658600392413344,436.3333333333333,400-500,10%-20%
Frozen Bottle,2026-07-30,WK 31,Aurangabad- 1,Zomato,Snacks,FOFO,MH,90.0,120.0,4.5,200.0,0,1,60.0,90.0,0-100,50%-60%
Frozen Bottle,2026-07-30,WK 31,Avadi,In Store,Dinner,FOFO,TN,2095.23,0.0,104.86,2095.23,0,13,0.0,161.17153846153846,100-200,0%
Frozen Bottle,2026-07-30,WK 31,Avadi,In Store,Lunch,FOFO,TN,1091.5,0.0,54.6,1091.5,0,5,0.0,218.3,200-300,0%
Frozen Bottle,2026-07-30,WK 31,Avadi,In Store,Snacks,FOFO,TN,843.0,0.0,42.16,843.0,0,3,0.0,281.0,200-300,0%
Frozen Bottle,2026-07-30,WK 31,Avadi,Swiggy,Dinner,FOFO,TN,2375.33,0.0,0.0,2295.33,0,4,0.0,593.8325,500-600,0%
Frozen Bottle,2026-07-30,WK 31,Avadi,Zomato,Dinner,FOFO,TN,1728.0,633.0,86.4,2281.0,0,5,27.75098640946953,345.6,300-400,20%-30%
Frozen Bottle,2026-07-30,WK 31,Ayyappa Nagar,In Store,Dinner,FOFO,KA,1745.23,0.0,87.34,1745.23,0,9,0.0,193.91444444444446,100-200,0%
Frozen Bottle,2026-07-30,WK 31,Ayyappa Nagar,In Store,Lunch,FOFO,KA,805.0,0.0,40.26,805.0,0,3,0.0,268.3333333333333,200-300,0%
Frozen Bottle,2026-07-30,WK 31,Ayyappa Nagar,In Store,Snacks,FOFO,KA,327.0,0.0,16.36,327.0,0,2,0.0,163.5,100-200,0%
Frozen Bottle,2026-07-30,WK 31,Ayyappa Nagar,Swiggy,Dinner,FOFO,KA,1184.81,255.19,0.0,1390.0,0,3,18.358992805755395,394.93666666666667,300-400,10%-20%
Frozen Bottle,2026-07-30,WK 31,Ayyappa Nagar,Swiggy,Late Night,FOFO,KA,90.0,109.0,0.0,199.0,0,1,54.773869346733676,90.0,0-100,50%-60%
Frozen Bottle,2026-07-30,WK 31,Ayyappa Nagar,Swiggy,Snacks,FOFO,KA,2248.0,556.0,0.0,2744.0,0,4,20.262390670553938,562.0,500-600,20%-30%
Frozen Bottle,2026-07-30,WK 31,Ayyappa Nagar,Zomato,Dinner,FOFO,KA,1895.1,1056.9,94.78,2832.0,0,8,37.31991525423729,236.8875,200-300,30%-40%
Frozen Bottle,2026-07-30,WK 31,Ayyappa Nagar,Zomato,Late Night,FOFO,KA,356.0,75.0,17.8,411.0,0,1,18.248175182481752,356.0,300-400,10%-20%
Frozen Bottle,2026-07-30,WK 31,Ayyappa Nagar,Zomato,Lunch,FOFO,KA,243.0,157.0,12.16,390.0,0,1,40.256410256410255,243.0,200-300,40%-50%
Frozen Bottle,2026-07-30,WK 31,Ayyappa Nagar,Zomato,Snacks,FOFO,KA,468.3,358.7,23.42,797.0,0,2,45.006273525721454,234.15,200-300,40%-50%
Frozen Bottle,2026-07-30,WK 31,BTM Layout,In Store,Dinner,COCO,KA,1512.67,780.33,75.68,2293.0,0,11,34.030963802878325,137.51545454545456,100-200,30%-40%
Frozen Bottle,2026-07-30,WK 31,BTM Layout,In Store,Lunch,COCO,KA,570.36,234.64,28.54,805.0,0,3,29.14782608695652,190.12,100-200,20%-30%
Frozen Bottle,2026-07-30,WK 31,BTM Layout,In Store,Snacks,COCO,KA,453.13,350.87,22.66,804.0,0,3,43.6405472636816,151.04333333333332,100-200,40%-50%
Frozen Bottle,2026-07-30,WK 31,BTM Layout,Ownly,Dinner,COCO,KA,141.0,0.0,7.06,141.0,0,1,0.0,141.0,100-200,0%
Frozen Bottle,2026-07-30,WK 31,BTM Layout,Ownly,Late Night,COCO,KA,134.0,0.0,6.7,134.0,0,1,0.0,134.0,100-200,0%
Frozen Bottle,2026-07-30,WK 31,BTM Layout,Ownly,Snacks,COCO,KA,217.0,0.0,10.86,217.0,0,1,0.0,217.0,200-300,0%
Frozen Bottle,2026-07-30,WK 31,BTM Layout,Swiggy,Dinner,COCO,KA,3410.84,2466.15,0.0,5626.99,0,20,43.82716159083276,170.542,100-200,40%-50%
Frozen Bottle,2026-07-30,WK 31,BTM Layout,Swiggy,Late Night,COCO,KA,3174.13,2297.56,0.0,5261.69,0,18,43.66581839675086,176.34055555555557,100-200,40%-50%
Frozen Bottle,2026-07-30,WK 31,BTM Layout,Swiggy,Lunch,COCO,KA,178.0,112.0,0.0,280.0,0,1,40.0,178.0,100-200,30%-40%
Frozen Bottle,2026-07-30,WK 31,BTM Layout,Swiggy,Snacks,COCO,KA,874.2,475.8,0.0,1310.0,0,3,36.320610687022906,291.40000000000003,200-300,30%-40%
Frozen Bottle,2026-07-30,WK 31,BTM Layout,Zomato,Dinner,COCO,KA,2329.98,2144.2,116.56,4304.18,0,10,49.81668982245166,232.998,200-300,40%-50%
Frozen Bottle,2026-07-30,WK 31,BTM Layout,Zomato,Late Night,COCO,KA,2356.09,1375.89,117.84,3601.98,0,6,38.1981576799427,392.6816666666667,300-400,30%-40%
Frozen Bottle,2026-07-30,WK 31,BTM Layout,Zomato,Lunch,COCO,KA,520.5,449.5,26.04,940.0,0,2,47.819148936170215,260.25,200-300,40%-50%
Frozen Bottle,2026-07-30,WK 31,BTM Layout,Zomato,Snacks,COCO,KA,438.0,462.0,21.92,870.0,0,1,53.103448275862064,438.0,400-500,50%-60%
Frozen Bottle,2026-07-30,WK 31,Badlapur,In Store,Dinner,COCO,MH,773.0,0.0,38.66,773.0,0,3,0.0,257.6666666666667,200-300,0%
Frozen Bottle,2026-07-30,WK 31,Badlapur,In Store,Lunch,COCO,MH,147.0,0.0,7.36,147.0,0,1,0.0,147.0,100-200,0%
Frozen Bottle,2026-07-30,WK 31,Badlapur,In Store,Snacks,COCO,MH,249.0,0.0,12.46,249.0,0,1,0.0,249.0,200-300,0%
Frozen Bottle,2026-07-30,WK 31,Badlapur,Swiggy,Dinner,COCO,MH,871.56,503.44,0.0,1325.0,0,5,37.99547169811321,174.31199999999998,100-200,30%-40%
Frozen Bottle,2026-07-30,WK 31,Badlapur,Swiggy,Late Night,COCO,MH,139.0,101.0,0.0,230.0,0,1,43.913043478260875,139.0,100-200,40%-50%
Frozen Bottle,2026-07-30,WK 31,Badlapur,Swiggy,Lunch,COCO,MH,325.56,303.44,0.0,599.0,0,2,50.65776293823039,162.78,100-200,50%-60%
Frozen Bottle,2026-07-30,WK 31,Badlapur,Swiggy,Snacks,COCO,MH,119.0,80.0,0.0,199.0,0,1,40.20100502512563,119.0,100-200,40%-50%
Frozen Bottle,2026-07-30,WK 31,Badlapur,Zomato,Dinner,COCO,MH,1925.0,1734.0,96.28,3549.0,0,5,48.85883347421809,385.0,300-400,40%-50%
Frozen Bottle,2026-07-30,WK 31,Badlapur,Zomato,Lunch,COCO,MH,874.0,724.0,43.74,1548.0,0,2,46.770025839793284,437.0,400-500,40%-50%
Frozen Bottle,2026-07-30,WK 31,Badlapur,Zomato,Snacks,COCO,MH,890.0,513.0,44.52,1343.0,0,3,38.19806403574088,296.6666666666667,200-300,30%-40%
Frozen Bottle,2026-07-30,WK 31,Banashankari,In Store,Breakfast,COCO,KA,249.0,0.0,12.46,249.0,0,1,0.0,249.0,200-300,0%
Frozen Bottle,2026-07-30,WK 31,Banashankari,In Store,Dinner,COCO,KA,3300.11,1222.44,165.06,4522.55,0,29,27.029883583376634,113.79689655172415,100-200,20%-30%
Frozen Bottle,2026-07-30,WK 31,Banashankari,In Store,Lunch,COCO,KA,667.0,0.0,33.36,667.0,0,2,0.0,333.5,300-400,0%
Frozen Bottle,2026-07-30,WK 31,Banashankari,In Store,Snacks,COCO,KA,400.75,0.0,20.04,400.75,0,3,0.0,133.58333333333334,100-200,0%
Frozen Bottle,2026-07-30,WK 31,Banashankari,Others,Snacks,COCO,KA,299.3,29.7,14.96,319.0,0,1,9.310344827586206,299.3,200-300,1%-10%
Frozen Bottle,2026-07-30,WK 31,Banashankari,Ownly,Dinner,COCO,KA,174.0,0.0,8.7,174.0,0,1,0.0,174.0,100-200,0%
Frozen Bottle,2026-07-30,WK 31,Banashankari,Swiggy,Dinner,COCO,KA,1870.24,1613.76,0.0,3374.0,0,10,47.82928275044458,187.024,100-200,40%-50%
Frozen Bottle,2026-07-30,WK 31,Banashankari,Swiggy,Late Night,COCO,KA,1073.56,414.44,0.0,1438.0,0,4,28.820584144645338,268.39,200-300,20%-30%
Frozen Bottle,2026-07-30,WK 31,Banashankari,Swiggy,Lunch,COCO,KA,277.0,301.0,0.0,548.0,0,1,54.92700729927007,277.0,200-300,50%-60%
Frozen Bottle,2026-07-30,WK 31,Banashankari,Swiggy,Snacks,COCO,KA,952.0,587.0,0.0,1479.0,0,6,39.68897903989182,158.66666666666666,100-200,30%-40%
Frozen Bottle,2026-07-30,WK 31,Banashankari,Zomato,Breakfast,COCO,KA,321.0,0.0,16.06,311.0,0,1,0.0,321.0,300-400,0%
Frozen Bottle,2026-07-30,WK 31,Banashankari,Zomato,Dinner,COCO,KA,2343.6,1780.4,117.2,3974.0,0,10,44.80120785103171,234.35999999999999,200-300,40%-50%
Frozen Bottle,2026-07-30,WK 31,Banashankari,Zomato,Late Night,COCO,KA,755.1,122.9,37.78,848.0,0,2,14.492924528301888,377.55,300-400,10%-20%
Frozen Bottle,2026-07-30,WK 31,Banashankari,Zomato,Lunch,COCO,KA,684.0,555.0,34.2,1199.0,0,3,46.28857381150959,228.0,200-300,40%-50%
Frozen Bottle,2026-07-30,WK 31,Banashankari,Zomato,Snacks,COCO,KA,2813.3900000000003,2208.8,140.78,4832.18,0,8,45.71021774851102,351.67375000000004,300-400,40%-50%
Frozen Bottle,2026-07-30,WK 31,Baner Road - Pune,In Store,Dinner,COCO,MH,2462.58,932.42,123.16,3395.0,0,8,27.464506627393227,307.8225,300-400,20%-30%
Frozen Bottle,2026-07-30,WK 31,Baner Road - Pune,In Store,Late Night,COCO,MH,168.0,594.0,8.4,762.0,0,2,77.95275590551181,84.0,0-100,70%-80%
Frozen Bottle,2026-07-30,WK 31,Baner Road - Pune,In Store,Lunch,COCO,MH,83.01,323.99,4.16,407.0,0,2,79.60442260442261,41.505,0-100,70%-80%
Frozen Bottle,2026-07-30,WK 31,Baner Road - Pune,In Store,Snacks,COCO,MH,358.0,0.0,17.92,358.0,0,2,0.0,179.0,100-200,0%
Frozen Bottle,2026-07-30,WK 31,Baner Road - Pune,Others,Lunch,COCO,MH,181.0,0.0,9.06,171.0,0,1,0.0,181.0,100-200,0%
Frozen Bottle,2026-07-30,WK 31,Baner Road - Pune,Swiggy,Dinner,COCO,MH,5236.51,2305.49,0.0,7262.0,0,17,31.747314789314235,308.03000000000003,300-400,30%-40%
Frozen Bottle,2026-07-30,WK 31,Baner Road - Pune,Swiggy,Late Night,COCO,MH,2726.01,1129.99,0.0,3716.0,0,8,30.408772874058126,340.75125,300-400,30%-40%
Frozen Bottle,2026-07-30,WK 31,Baner Road - Pune,Swiggy,Lunch,COCO,MH,495.21,333.79,0.0,789.0,0,2,42.30544993662865,247.605,200-300,40%-50%
Frozen Bottle,2026-07-30,WK 31,Baner Road - Pune,Swiggy,Snacks,COCO,MH,1374.0,1046.0,0.0,2350.0,0,7,44.51063829787234,196.28571428571428,100-200,40%-50%
Frozen Bottle,2026-07-30,WK 31,Baner Road - Pune,Zomato,Closing,COCO,MH,395.0,330.0,19.76,705.0,0,1,46.808510638297875,395.0,300-400,40%-50%
Frozen Bottle,2026-07-30,WK 31,Baner Road - Pune,Zomato,Dinner,COCO,MH,4022.0,2660.0,201.2,6462.0,0,11,41.16372640049521,365.6363636363636,300-400,40%-50%
Frozen Bottle,2026-07-30,WK 31,Baner Road - Pune,Zomato,Late Night,COCO,MH,709.4,179.6,35.480000000000004,859.0,0,3,20.90803259604191,236.46666666666667,200-300,20%-30%
Frozen Bottle,2026-07-30,WK 31,Baner Road - Pune,Zomato,Lunch,COCO,MH,516.5,501.5,25.839999999999996,978.0,0,2,51.27811860940695,258.25,200-300,50%-60%
Frozen Bottle,2026-07-30,WK 31,Baner Road - Pune,Zomato,Snacks,COCO,MH,799.0,0.0,39.96,779.0,0,1,0.0,799.0,600-900,0%
Frozen Bottle,2026-07-30,WK 31,Banjara Hills,In Store,Dinner,FOFO,AP & TL,1735.05,0.0,86.82000000000001,1735.05,0,10,0.0,173.505,100-200,0%
Frozen Bottle,2026-07-30,WK 31,Banjara Hills,In Store,Late Night,FOFO,AP & TL,227.0,0.0,11.36,227.0,0,1,0.0,227.0,200-300,0%
Frozen Bottle,2026-07-30,WK 31,Banjara Hills,In Store,Lunch,FOFO,AP & TL,1106.05,0.0,55.34,1106.05,0,8,0.0,138.25625,100-200,0%
Frozen Bottle,2026-07-30,WK 31,Banjara Hills,In Store,Snacks,FOFO,AP & TL,890.05,0.0,44.54,890.05,0,6,0.0,148.34166666666667,100-200,0%
Frozen Bottle,2026-07-30,WK 31,Banjara Hills,Zomato,Dinner,FOFO,AP & TL,411.0,158.0,20.560000000000002,549.0,0,2,28.77959927140255,205.5,200-300,20%-30%
Frozen Bottle,2026-07-30,WK 31,Banjara Hills,Zomato,Late Night,FOFO,AP & TL,261.0,80.0,13.06,331.0,0,1,24.169184290030213,261.0,200-300,20%-30%
Frozen Bottle,2026-07-30,WK 31,Banjara Hills,Zomato,Lunch,FOFO,AP & TL,240.0,100.0,12.0,330.0,0,1,30.303030303030305,240.0,200-300,30%-40%
Frozen Bottle,2026-07-30,WK 31,Banjara Hills,Zomato,Snacks,FOFO,AP & TL,213.0,87.0,10.66,290.0,0,1,30.0,213.0,200-300,20%-30%
Frozen Bottle,2026-07-30,WK 31,Basaveshwarnagar,In Store,Breakfast,COCO,KA,141.56,156.44,7.08,298.0,0,1,52.496644295302005,141.56,100-200,50%-60%
Frozen Bottle,2026-07-30,WK 31,Basaveshwarnagar,In Store,Dinner,COCO,KA,1531.5700000000002,913.43,76.64,2445.0,0,7,37.35910020449897,218.7957142857143,200-300,30%-40%
Frozen Bottle,2026-07-30,WK 31,Basaveshwarnagar,In Store,Lunch,COCO,KA,1169.19,825.81,58.480000000000004,1995.0,0,4,41.39398496240601,292.2975,200-300,40%-50%
Frozen Bottle,2026-07-30,WK 31,Basaveshwarnagar,In Store,Snacks,COCO,KA,1384.29,881.71,69.22,2266.0,0,8,38.91041482789056,173.03625,100-200,30%-40%
Frozen Bottle,2026-07-30,WK 31,Basaveshwarnagar,Ownly,Dinner,COCO,KA,286.0,0.0,14.3,286.0,0,1,0.0,286.0,200-300,0%
Frozen Bottle,2026-07-30,WK 31,Basaveshwarnagar,Ownly,Late Night,COCO,KA,782.0,0.0,39.1,782.0,0,1,0.0,782.0,600-900,0%
Frozen Bottle,2026-07-30,WK 31,Basaveshwarnagar,Ownly,Snacks,COCO,KA,213.0,0.0,10.66,213.0,0,1,0.0,213.0,200-300,0%
Frozen Bottle,2026-07-30,WK 31,Basaveshwarnagar,Swiggy,Dinner,COCO,KA,2276.0,528.0,0.0,2714.0,0,5,19.454679439941046,455.2,400-500,10%-20%
Frozen Bottle,2026-07-30,WK 31,Basaveshwarnagar,Swiggy,Late Night,COCO,KA,1141.56,627.44,0.0,1699.0,0,5,36.92995879929371,228.31199999999998,200-300,30%-40%
Frozen Bottle,2026-07-30,WK 31,Basaveshwarnagar,Swiggy,Lunch,COCO,KA,199.0,101.0,0.0,290.0,0,1,34.82758620689655,199.0,100-200,30%-40%
Frozen Bottle,2026-07-30,WK 31,Basaveshwarnagar,Swiggy,Snacks,COCO,KA,505.0,332.0,0.0,807.0,0,2,41.14002478314746,252.5,200-300,40%-50%
Frozen Bottle,2026-07-30,WK 31,Basaveshwarnagar,Zomato,Dinner,COCO,KA,2511.0,2408.0,125.60000000000001,4759.0,0,7,50.598865307837784,358.7142857142857,300-400,50%-60%
Frozen Bottle,2026-07-30,WK 31,Basaveshwarnagar,Zomato,Late Night,COCO,KA,391.0,209.0,19.560000000000002,580.0,0,2,36.03448275862069,195.5,100-200,30%-40%
Frozen Bottle,2026-07-30,WK 31,Basaveshwarnagar,Zomato,Lunch,COCO,KA,515.0,425.0,25.759999999999998,910.0,0,2,46.7032967032967,257.5,200-300,40%-50%
Frozen Bottle,2026-07-30,WK 31,Basaveshwarnagar,Zomato,Snacks,COCO,KA,1537.0,1202.0,76.88,2649.0,0,3,45.37561343903359,512.3333333333334,500-600,40%-50%
Frozen Bottle,2026-07-30,WK 31,Bavdhan,In Store,Dinner,FOFO,MH,995.0,0.0,49.76,995.0,0,2,0.0,497.5,400-500,0%
Frozen Bottle,2026-07-30,WK 31,Bavdhan,In Store,Lunch,FOFO,MH,497.0,0.0,24.86,497.0,0,2,0.0,248.5,200-300,0%
Frozen Bottle,2026-07-30,WK 31,Bavdhan,Swiggy,Dinner,FOFO,MH,550.01,99.99,0.0,630.0,0,1,15.87142857142857,550.01,500-600,10%-20%
Frozen Bottle,2026-07-30,WK 31,Bavdhan,Zomato,Dinner,FOFO,MH,1040.0,50.0,52.0,1050.0,0,2,4.761904761904762,520.0,500-600,1%-10%
Frozen Bottle,2026-07-30,WK 31,Bel Road,In Store,Dinner,COCO,KA,2920.36,191.12,146.08,3111.48,0,13,6.142414542275701,224.64307692307693,200-300,1%-10%
Frozen Bottle,2026-07-30,WK 31,Bel Road,In Store,Lunch,COCO,KA,1396.08,772.17,69.86,2168.25,0,16,35.61259079903147,87.255,0-100,30%-40%
Frozen Bottle,2026-07-30,WK 31,Bel Road,In Store,Snacks,COCO,KA,1719.5,132.12,86.0,1851.62,0,8,7.135373348743264,214.9375,200-300,1%-10%
Frozen Bottle,2026-07-30,WK 31,Bel Road,Ownly,Late Night,COCO,KA,195.0,0.0,9.76,195.0,0,1,0.0,195.0,100-200,0%
Frozen Bottle,2026-07-30,WK 31,Bel Road,Swiggy,Dinner,COCO,KA,2181.5699999999997,1810.13,0.0,3861.7,0,10,46.87391563301137,218.15699999999998,200-300,40%-50%
Frozen Bottle,2026-07-30,WK 31,Bel Road,Swiggy,Late Night,COCO,KA,288.0,202.0,0.0,470.0,0,1,42.97872340425532,288.0,200-300,40%-50%
Frozen Bottle,2026-07-30,WK 31,Bel Road,Swiggy,Lunch,COCO,KA,1062.0,764.0,0.0,1806.0,0,4,42.30343300110742,265.5,200-300,40%-50%
Frozen Bottle,2026-07-30,WK 31,Bel Road,Swiggy,Snacks,COCO,KA,1534.0,456.0,0.0,1930.0,0,5,23.626943005181346,306.8,300-400,20%-30%
Frozen Bottle,2026-07-30,WK 31,Bel Road,Zomato,Dinner,COCO,KA,358.4,477.6,17.92,796.0,0,3,60.0,119.46666666666665,100-200,50%-60%
Frozen Bottle,2026-07-30,WK 31,Bel Road,Zomato,Late Night,COCO,KA,459.0,360.0,22.96,789.0,0,3,45.627376425855516,153.0,100-200,40%-50%
Frozen Bottle,2026-07-30,WK 31,Bel Road,Zomato,Lunch,COCO,KA,640.7,469.3,32.04,1070.0,0,2,43.85981308411215,320.35,300-400,40%-50%
Frozen Bottle,2026-07-30,WK 31,Bel Road,Zomato,Snacks,COCO,KA,1197.35,1106.65,59.86,2214.0,0,5,49.98419150858175,239.46999999999997,200-300,40%-50%
Frozen Bottle,2026-07-30,WK 31,Berhampur,Swiggy,Dinner,FOFO,ROI,1231.0,0.0,0.0,1191.0,0,3,0.0,410.3333333333333,400-500,0%
Frozen Bottle,2026-07-30,WK 31,Berhampur,Zomato,Dinner,FOFO,ROI,822.0,0.0,41.120000000000005,782.0,0,2,0.0,411.0,400-500,0%
Frozen Bottle,2026-07-30,WK 31,Besant Nagar,In Store,Dinner,COCO,TN,4090.2200000000003,788.24,204.56,4878.46,0,13,16.157557917867525,314.63230769230773,300-400,10%-20%
Frozen Bottle,2026-07-30,WK 31,Besant Nagar,In Store,Lunch,COCO,TN,467.0,0.0,23.36,467.0,0,1,0.0,467.0,400-500,0%
Frozen Bottle,2026-07-30,WK 31,Besant Nagar,In Store,Snacks,COCO,TN,199.0,0.0,9.96,199.0,0,1,0.0,199.0,100-200,0%
Frozen Bottle,2026-07-30,WK 31,Besant Nagar,Swiggy,Dinner,COCO,TN,2855.01,2001.8400000000001,0.0,4726.85,0,12,42.350402487914785,237.91750000000002,200-300,40%-50%
Frozen Bottle,2026-07-30,WK 31,Besant Nagar,Swiggy,Late Night,COCO,TN,725.0,396.0,0.0,1081.0,0,3,36.63274745605921,241.66666666666666,200-300,30%-40%
Frozen Bottle,2026-07-30,WK 31,Besant Nagar,Swiggy,Lunch,COCO,TN,766.0,406.0,0.0,1132.0,0,3,35.86572438162544,255.33333333333334,200-300,30%-40%
Frozen Bottle,2026-07-30,WK 31,Besant Nagar,Swiggy,Snacks,COCO,TN,2119.0,1264.0,0.0,3273.0,0,7,38.61900397189123,302.7142857142857,300-400,30%-40%
Frozen Bottle,2026-07-30,WK 31,Besant Nagar,Zomato,Dinner,COCO,TN,385.0,295.0,19.259999999999998,660.0,0,2,44.696969696969695,192.5,100-200,40%-50%
Frozen Bottle,2026-07-30,WK 31,Besant Nagar,Zomato,Late Night,COCO,TN,320.0,140.0,16.0,450.0,0,1,31.11111111111111,320.0,300-400,30%-40%
Frozen Bottle,2026-07-30,WK 31,Besant Nagar,Zomato,Lunch,COCO,TN,725.0,675.0,36.260000000000005,1350.0,0,2,50.0,362.5,300-400,40%-50%
Frozen Bottle,2026-07-30,WK 31,Besant Nagar,Zomato,Snacks,COCO,TN,584.0,456.0,29.22,1000.0,0,2,45.6,292.0,200-300,40%-50%
Frozen Bottle,2026-07-30,WK 31,Bhavanipuram,In Store,Snacks,FOFO,AP & TL,149.0,0.0,7.46,149.0,0,1,0.0,149.0,100-200,0%
Frozen Bottle,2026-07-30,WK 31,Bhavanipuram,Swiggy,Closing,FOFO,AP & TL,82.0,108.0,0.0,180.0,0,1,60.0,82.0,0-100,50%-60%
Frozen Bottle,2026-07-30,WK 31,Bhavanipuram,Swiggy,Dinner,FOFO,AP & TL,1507.81,920.19,0.0,2348.0,0,8,39.19037478705281,188.47625,100-200,30%-40%
Frozen Bottle,2026-07-30,WK 31,Bhavanipuram,Swiggy,Snacks,FOFO,AP & TL,278.6,239.4,0.0,498.0,0,2,48.07228915662651,139.3,100-200,40%-50%
Frozen Bottle,2026-07-30,WK 31,Bhavanipuram,Zomato,Dinner,FOFO,AP & TL,2647.0,399.99,132.38,2926.99,0,6,13.665574532198606,441.1666666666667,400-500,10%-20%
Frozen Bottle,2026-07-30,WK 31,Bhavanipuram,Zomato,Lunch,FOFO,AP & TL,368.0,100.0,18.42,448.0,0,2,22.321428571428573,184.0,100-200,20%-30%
Frozen Bottle,2026-07-30,WK 31,Bhavanipuram,Zomato,Snacks,FOFO,AP & TL,1057.0,200.0,52.879999999999995,1207.0,0,4,16.570008285004143,264.25,200-300,10%-20%
Frozen Bottle,2026-07-30,WK 31,Bhubaneswar,In Store,Dinner,FOFO,ROI,1342.0,0.0,67.12,1342.0,0,3,0.0,447.3333333333333,400-500,0%
Frozen Bottle,2026-07-30,WK 31,Bhubaneswar,In Store,Lunch,FOFO,ROI,39.0,0.0,1.96,39.0,0,1,0.0,39.0,0-100,0%
Frozen Bottle,2026-07-30,WK 31,Bhubaneswar,In Store,Snacks,FOFO,ROI,1121.0,0.0,56.1,1121.0,0,5,0.0,224.2,200-300,0%
Frozen Bottle,2026-07-30,WK 31,Bhubaneswar,Swiggy,Snacks,FOFO,ROI,291.0,0.0,0.0,281.0,0,1,0.0,291.0,200-300,0%
Frozen Bottle,2026-07-30,WK 31,Budigere,In Store,Dinner,FOFO,KA,328.0,0.0,16.42,328.0,0,2,0.0,164.0,100-200,0%
Frozen Bottle,2026-07-30,WK 31,Budigere,In Store,Lunch,FOFO,KA,209.0,0.0,10.46,209.0,0,1,0.0,209.0,200-300,0%
Frozen Bottle,2026-07-30,WK 31,Budigere,In Store,Snacks,FOFO,KA,208.0,0.0,10.4,208.0,0,1,0.0,208.0,200-300,0%
Frozen Bottle,2026-07-30,WK 31,Budigere,Zomato,Dinner,FOFO,KA,608.0,230.0,30.42,808.0,0,2,28.465346534653463,304.0,300-400,20%-30%
Frozen Bottle,2026-07-30,WK 31,Byculla,In Store,Dinner,COCO,MH,1260.6,840.4,63.04,2101.0,0,1,40.0,1260.6,>900,30%-40%
Frozen Bottle,2026-07-30,WK 31,Byculla,In Store,Lunch,COCO,MH,408.22,128.78,20.42,537.0,0,2,23.98137802607076,204.11,200-300,20%-30%
Frozen Bottle,2026-07-30,WK 31,Byculla,In Store,Snacks,COCO,MH,695.2,906.8,34.78,1602.0,0,3,56.60424469413233,231.73333333333335,200-300,50%-60%
Frozen Bottle,2026-07-30,WK 31,Byculla,Others,Dinner,COCO,MH,2351.0,0.0,117.64,2251.0,0,10,0.0,235.1,200-300,0%
Frozen Bottle,2026-07-30,WK 31,Byculla,Swiggy,Dinner,COCO,MH,595.05,373.59000000000003,0.0,938.64,0,4,39.80120173868576,148.7625,100-200,30%-40%
Frozen Bottle,2026-07-30,WK 31,Byculla,Swiggy,Late Night,COCO,MH,582.0,494.0,0.0,1036.0,0,4,47.68339768339768,145.5,100-200,40%-50%
Frozen Bottle,2026-07-30,WK 31,Byculla,Swiggy,Lunch,COCO,MH,714.0,534.0,0.0,1198.0,0,4,44.574290484140235,178.5,100-200,40%-50%
Frozen Bottle,2026-07-30,WK 31,Byculla,Swiggy,Snacks,COCO,MH,1240.0,950.0,0.0,2100.0,0,5,45.23809523809524,248.0,200-300,40%-50%
Frozen Bottle,2026-07-30,WK 31,Byculla,Zomato,Closing,COCO,MH,310.0,271.0,15.5,561.0,0,1,48.3065953654189,310.0,300-400,40%-50%
Frozen Bottle,2026-07-30,WK 31,Byculla,Zomato,Dinner,COCO,MH,2468.7,2075.3,123.46,4414.0,0,7,47.016311735387404,352.6714285714285,300-400,40%-50%
Frozen Bottle,2026-07-30,WK 31,Byculla,Zomato,Late Night,COCO,MH,1402.6,927.4,70.16,2260.0,0,4,41.0353982300885,350.65,300-400,40%-50%
Frozen Bottle,2026-07-30,WK 31,Byculla,Zomato,Lunch,COCO,MH,1042.0,901.0,52.120000000000005,1863.0,0,4,48.36285560923242,260.5,200-300,40%-50%
Frozen Bottle,2026-07-30,WK 31,Byculla,Zomato,Snacks,COCO,MH,2025.1,2033.8899999999999,101.28,3948.99,0,4,51.50405546734734,506.275,500-600,50%-60%
Frozen Bottle,2026-07-30,WK 31,CBD Belapur,Swiggy,Dinner,FOFO,MH,119.0,121.0,0.0,230.0,0,1,52.60869565217391,119.0,100-200,50%-60%
Frozen Bottle,2026-07-30,WK 31,CBD Belapur,Swiggy,Lunch,FOFO,MH,181.0,0.0,0.0,171.0,0,1,0.0,181.0,100-200,0%
Frozen Bottle,2026-07-30,WK 31,CBD Belapur,Zomato,Dinner,FOFO,MH,149.3,59.7,7.46,199.0,0,1,30.0,149.3,100-200,20%-30%
Frozen Bottle,2026-07-30,WK 31,Chandra Layout,In Store,Dinner,FOFO,KA,1953.23,0.0,97.68,1953.23,0,5,0.0,390.646,300-400,0%
Frozen Bottle,2026-07-30,WK 31,Chandra Layout,In Store,Late Night,FOFO,KA,1026.69,0.0,51.34,1026.69,0,2,0.0,513.345,500-600,0%
Frozen Bottle,2026-07-30,WK 31,Chandra Layout,Swiggy,Dinner,FOFO,KA,2643.0,527.0,0.0,3110.0,0,5,16.94533762057878,528.6,500-600,10%-20%
Frozen Bottle,2026-07-30,WK 31,Chandra Layout,Swiggy,Late Night,FOFO,KA,430.0,40.0,0.0,460.0,0,1,8.695652173913043,430.0,400-500,1%-10%
Frozen Bottle,2026-07-30,WK 31,Chandra Layout,Swiggy,Lunch,FOFO,KA,251.0,40.0,0.0,281.0,0,1,14.23487544483986,251.0,200-300,10%-20%
Frozen Bottle,2026-07-30,WK 31,Chandra Layout,Swiggy,Snacks,FOFO,KA,188.0,133.0,0.0,321.0,0,1,41.43302180685358,188.0,100-200,40%-50%
Frozen Bottle,2026-07-30,WK 31,Chandra Layout,Zomato,Dinner,FOFO,KA,1619.0,969.0,80.97999999999999,2508.0,0,3,38.63636363636363,539.6666666666666,500-600,30%-40%
Frozen Bottle,2026-07-30,WK 31,Chandra Layout,Zomato,Snacks,FOFO,KA,2081.0,1502.0,104.10000000000001,3453.0,0,6,43.49840718216044,346.8333333333333,300-400,40%-50%
Frozen Bottle,2026-07-30,WK 31,Channasandra,In Store,Dinner,COCO,KA,627.0,0.0,31.36,627.0,0,1,0.0,627.0,600-900,0%
Frozen Bottle,2026-07-30,WK 31,Channasandra,In Store,Lunch,COCO,KA,696.0,0.0,34.82,696.0,0,3,0.0,232.0,200-300,0%
Frozen Bottle,2026-07-30,WK 31,Channasandra,Ownly,Breakfast,COCO,KA,298.0,0.0,14.9,298.0,0,1,0.0,298.0,200-300,0%
Frozen Bottle,2026-07-30,WK 31,Channasandra,Swiggy,Breakfast,COCO,KA,97.56,111.44,0.0,199.0,0,1,55.99999999999999,97.56,0-100,50%-60%
Frozen Bottle,2026-07-30,WK 31,Channasandra,Swiggy,Dinner,COCO,KA,334.12,343.88,0.0,658.0,0,3,52.2613981762918,111.37333333333333,100-200,50%-60%
Frozen Bottle,2026-07-30,WK 31,Channasandra,Swiggy,Late Night,COCO,KA,725.01,564.99,0.0,1250.0,0,2,45.1992,362.505,300-400,40%-50%
Frozen Bottle,2026-07-30,WK 31,Channasandra,Swiggy,Lunch,COCO,KA,128.0,112.0,0.0,230.0,0,1,48.69565217391305,128.0,100-200,40%-50%
Frozen Bottle,2026-07-30,WK 31,Channasandra,Swiggy,Snacks,COCO,KA,527.0,554.0,0.0,1051.0,0,3,52.71170313986679,175.66666666666666,100-200,50%-60%
Frozen Bottle,2026-07-30,WK 31,Channasandra,Zomato,Dinner,COCO,KA,2832.0,2482.0,141.66,5144.0,0,9,48.25038880248834,314.6666666666667,300-400,40%-50%
Frozen Bottle,2026-07-30,WK 31,Channasandra,Zomato,Late Night,COCO,KA,273.08000000000004,243.1,13.68,486.18,0,1,50.002056851371925,273.08000000000004,200-300,50%-60%
Frozen Bottle,2026-07-30,WK 31,Channasandra,Zomato,Snacks,COCO,KA,223.0,157.0,11.16,360.0,0,1,43.611111111111114,223.0,200-300,40%-50%
Frozen Bottle,2026-07-30,WK 31,Chikkabellandur,In Store,Dinner,FOFO,KA,1446.0,0.0,72.34,1446.0,0,8,0.0,180.75,100-200,0%
Frozen Bottle,2026-07-30,WK 31,Chikkabellandur,In Store,Snacks,FOFO,KA,2191.75,0.0,109.58,2191.75,0,6,0.0,365.2916666666667,300-400,0%
Frozen Bottle,2026-07-30,WK 31,Chikkabellandur,Swiggy,Late Night,FOFO,KA,1078.0,0.0,0.0,1038.0,0,3,0.0,359.3333333333333,300-400,0%
Frozen Bottle,2026-07-30,WK 31,Chikkabellandur,Swiggy,Lunch,FOFO,KA,850.0,0.0,0.0,830.0,0,2,0.0,425.0,400-500,0%
Frozen Bottle,2026-07-30,WK 31,Chikkabellandur,Swiggy,Snacks,FOFO,KA,300.0,0.0,0.0,290.0,0,1,0.0,300.0,200-300,0%
Frozen Bottle,2026-07-30,WK 31,Chikkabellandur,Zomato,Dinner,FOFO,KA,1920.0,534.99,96.0,2364.99,0,5,22.62123729910063,384.0,300-400,20%-30%
Frozen Bottle,2026-07-30,WK 31,Chikkabellandur,Zomato,Snacks,FOFO,KA,250.0,80.0,12.5,320.0,0,1,25.0,250.0,200-300,20%-30%
Frozen Bottle,2026-07-30,WK 31,Chikkanayakanahalli,In Store,Dinner,FOFO,KA,926.23,0.0,46.34,926.23,0,4,0.0,231.5575,200-300,0%
Frozen Bottle,2026-07-30,WK 31,Chikkanayakanahalli,In Store,Lunch,FOFO,KA,1108.23,0.0,55.419999999999995,1108.23,0,4,0.0,277.0575,200-300,0%
Frozen Bottle,2026-07-30,WK 31,Chikkanayakanahalli,In Store,Snacks,FOFO,KA,99.0,0.0,4.96,99.0,0,1,0.0,99.0,0-100,0%
Frozen Bottle,2026-07-30,WK 31,City Mall Kota,In Store,Dinner,FOFO,ROI,1341.0,0.0,67.08,1341.0,0,5,0.0,268.2,200-300,0%
Frozen Bottle,2026-07-30,WK 31,City Mall Kota,In Store,Lunch,FOFO,ROI,1353.0,0.0,67.68,1353.0,0,4,0.0,338.25,300-400,0%
Frozen Bottle,2026-07-30,WK 31,City Mall Kota,In Store,Snacks,FOFO,ROI,1517.23,0.0,75.86,1517.23,0,4,0.0,379.3075,300-400,0%
Frozen Bottle,2026-07-30,WK 31,City Mall Kota,Swiggy,Snacks,FOFO,ROI,238.0,51.0,0.0,289.0,0,1,17.647058823529413,238.0,200-300,10%-20%
Frozen Bottle,2026-07-30,WK 31,City Mall Kota,Zomato,Snacks,FOFO,ROI,347.5,37.5,17.38,375.0,0,1,10.0,347.5,300-400,1%-10%
Frozen Bottle,2026-07-30,WK 31,DLF Gachibowli,In Store,Dinner,FOFO,AP & TL,1316.5,0.0,65.86,1316.5,0,7,0.0,188.07142857142858,100-200,0%
Frozen Bottle,2026-07-30,WK 31,DLF Gachibowli,In Store,Late Night,FOFO,AP & TL,195.0,0.0,9.76,195.0,0,2,0.0,97.5,0-100,0%
Frozen Bottle,2026-07-30,WK 31,DLF Gachibowli,In Store,Snacks,FOFO,AP & TL,406.0,0.0,20.3,406.0,0,2,0.0,203.0,200-300,0%
Frozen Bottle,2026-07-30,WK 31,DLF Gachibowli,Zomato,Breakfast,FOFO,AP & TL,171.0,69.0,8.56,230.0,0,1,30.0,171.0,100-200,20%-30%
Frozen Bottle,2026-07-30,WK 31,DLF Gachibowli,Zomato,Dinner,FOFO,AP & TL,816.0,213.0,40.84,989.0,0,3,21.53690596562184,272.0,200-300,20%-30%
Frozen Bottle,2026-07-30,WK 31,DLF Gachibowli,Zomato,Lunch,FOFO,AP & TL,1306.0,75.0,65.32,1331.0,0,3,5.634861006761834,435.3333333333333,400-500,1%-10%
Frozen Bottle,2026-07-30,WK 31,Dahisar,In Store,Breakfast,COCO,MH,229.0,0.0,11.46,229.0,0,1,0.0,229.0,200-300,0%
Frozen Bottle,2026-07-30,WK 31,Dahisar,In Store,Dinner,COCO,MH,183.61,64.39,9.2,248.0,0,2,25.963709677419356,91.805,0-100,20%-30%
Frozen Bottle,2026-07-30,WK 31,Dahisar,In Store,Late Night,COCO,MH,249.0,138.0,12.46,387.0,0,2,35.65891472868217,124.5,100-200,30%-40%
Frozen Bottle,2026-07-30,WK 31,Dahisar,In Store,Lunch,COCO,MH,608.78,97.22,30.439999999999998,706.0,0,2,13.770538243626063,304.39,300-400,10%-20%
Frozen Bottle,2026-07-30,WK 31,Dahisar,In Store,Snacks,COCO,MH,79.0,0.0,3.96,79.0,0,1,0.0,79.0,0-100,0%
Frozen Bottle,2026-07-30,WK 31,Dahisar,Others,Dinner,COCO,MH,202.71,337.29,10.12,520.0,0,1,64.86346153846154,202.71,200-300,60%-70%
Frozen Bottle,2026-07-30,WK 31,Dahisar,Swiggy,Late Night,COCO,MH,1539.4099999999999,697.59,0.0,2147.0,0,6,32.49138332557057,256.5683333333333,200-300,30%-40%
Frozen Bottle,2026-07-30,WK 31,Dahisar,Swiggy,Lunch,COCO,MH,129.0,80.0,0.0,199.0,0,1,40.20100502512563,129.0,100-200,40%-50%
Frozen Bottle,2026-07-30,WK 31,Dahisar,Swiggy,Snacks,COCO,MH,357.0,363.0,0.0,690.0,0,1,52.60869565217391,357.0,300-400,50%-60%
Frozen Bottle,2026-07-30,WK 31,Dahisar,Zomato,Dinner,COCO,MH,344.5,305.5,17.240000000000002,630.0,0,2,48.492063492063494,172.25,100-200,40%-50%
Frozen Bottle,2026-07-30,WK 31,Dahisar,Zomato,Late Night,COCO,MH,1364.5,512.51,68.26,1807.01,0,4,28.362322289306647,341.125,300-400,20%-30%
Frozen Bottle,2026-07-30,WK 31,Dahisar,Zomato,Lunch,COCO,MH,629.6600000000001,533.6700000000001,31.52,1113.33,0,3,47.934574654415144,209.88666666666668,200-300,40%-50%
Frozen Bottle,2026-07-30,WK 31,Dahisar,Zomato,Snacks,COCO,MH,456.0,414.0,22.82,840.0,0,2,49.28571428571429,228.0,200-300,40%-50%
Frozen Bottle,2026-07-30,WK 31,Dhanori,In Store,Dinner,FOFO,MH,158.0,0.0,7.9,158.0,0,1,0.0,158.0,100-200,0%
Frozen Bottle,2026-07-30,WK 31,Dhanori,In Store,Lunch,FOFO,MH,418.0,0.0,20.9,418.0,0,1,0.0,418.0,400-500,0%
Frozen Bottle,2026-07-30,WK 31,Dhanori,In Store,Snacks,FOFO,MH,249.0,0.0,12.46,249.0,0,1,0.0,249.0,200-300,0%
Frozen Bottle,2026-07-30,WK 31,Dhanori,Swiggy,Dinner,FOFO,MH,289.0,60.0,0.0,339.0,0,1,17.699115044247787,289.0,200-300,10%-20%
Frozen Bottle,2026-07-30,WK 31,Dhanori,Zomato,Dinner,FOFO,MH,461.0,150.0,23.060000000000002,591.0,0,2,25.380710659898476,230.5,200-300,20%-30%
Frozen Bottle,2026-07-30,WK 31,Dharmapuri,In Store,Dinner,FOFO,TN,5661.59,0.0,283.2,5661.59,0,21,0.0,269.5995238095238,200-300,0%
Frozen Bottle,2026-07-30,WK 31,Dharmapuri,In Store,Lunch,FOFO,TN,2548.23,0.0,127.44,2548.23,0,8,0.0,318.52875,300-400,0%
Frozen Bottle,2026-07-30,WK 31,Dharmapuri,In Store,Snacks,FOFO,TN,1395.33,0.0,69.8,1395.33,0,5,0.0,279.066,200-300,0%
Frozen Bottle,2026-07-30,WK 31,Dharmapuri,Swiggy,Dinner,FOFO,TN,1497.0,0.0,0.0,1447.0,0,3,0.0,499.0,400-500,0%
Frozen Bottle,2026-07-30,WK 31,Dharmapuri,Swiggy,Lunch,FOFO,TN,1098.0,0.0,23.5,1048.0,0,3,0.0,366.0,300-400,0%
Frozen Bottle,2026-07-30,WK 31,Dharmapuri,Swiggy,Snacks,FOFO,TN,410.0,0.0,0.0,400.0,0,1,0.0,410.0,400-500,0%
Frozen Bottle,2026-07-30,WK 31,Dindigul,In Store,Lunch,FOFO,TN,1668.0,0.0,83.4,1668.0,0,4,0.0,417.0,400-500,0%
Frozen Bottle,2026-07-30,WK 31,Dindigul,In Store,Snacks,FOFO,TN,2642.66,0.0,132.16,2642.66,0,5,0.0,528.5319999999999,500-600,0%
Frozen Bottle,2026-07-30,WK 31,Dindigul,Swiggy,Snacks,FOFO,TN,249.0,0.0,0.0,239.0,0,1,0.0,249.0,200-300,0%
Frozen Bottle,2026-07-30,WK 31,Dindigul,Zomato,Snacks,FOFO,TN,1284.0,262.0,64.2,1476.0,0,3,17.750677506775066,428.0,400-500,10%-20%
Frozen Bottle,2026-07-30,WK 31,Dombivali Experia,Swiggy,Dinner,FOFO,MH,290.0,0.0,0.0,280.0,0,1,0.0,290.0,200-300,0%
Frozen Bottle,2026-07-30,WK 31,Edappally,In Store,Closing,FOFO,Kerela,99.0,0.0,4.96,99.0,0,1,0.0,99.0,0-100,0%
Frozen Bottle,2026-07-30,WK 31,Edappally,In Store,Dinner,FOFO,Kerela,2374.0,0.0,118.74,2374.0,0,8,0.0,296.75,200-300,0%
Frozen Bottle,2026-07-30,WK 31,Edappally,In Store,Snacks,FOFO,Kerela,815.0,0.0,40.78,815.0,0,4,0.0,203.75,200-300,0%
Frozen Bottle,2026-07-30,WK 31,Edappally,Swiggy,Dinner,FOFO,Kerela,1976.0,31.0,0.0,1937.0,0,7,1.600413009808983,282.2857142857143,200-300,1%-10%
Frozen Bottle,2026-07-30,WK 31,Edappally,Swiggy,Lunch,FOFO,Kerela,429.0,0.0,0.0,419.0,0,1,0.0,429.0,400-500,0%
Frozen Bottle,2026-07-30,WK 31,Edappally,Swiggy,Snacks,FOFO,Kerela,450.0,0.0,0.0,440.0,0,1,0.0,450.0,400-500,0%
Frozen Bottle,2026-07-30,WK 31,Edappally,Zomato,Dinner,FOFO,Kerela,1416.0,0.0,70.84,1356.0,0,5,0.0,283.2,200-300,0%
Frozen Bottle,2026-07-30,WK 31,Edappally,Zomato,Lunch,FOFO,Kerela,209.0,0.0,10.46,199.0,0,1,0.0,209.0,200-300,0%
Frozen Bottle,2026-07-30,WK 31,Electronic city,In Store,Dinner,FOFO,KA,3645.75,0.0,182.32,3645.75,0,10,0.0,364.575,300-400,0%
Frozen Bottle,2026-07-30,WK 31,Electronic city,In Store,Late Night,FOFO,KA,813.0,0.0,40.66,813.0,0,2,0.0,406.5,400-500,0%
Frozen Bottle,2026-07-30,WK 31,Electronic city,In Store,Lunch,FOFO,KA,2309.85,0.0,115.52,2309.85,0,5,0.0,461.96999999999997,400-500,0%
Frozen Bottle,2026-07-30,WK 31,Electronic city,In Store,Snacks,FOFO,KA,1809.0,0.0,90.5,1809.0,0,7,0.0,258.42857142857144,200-300,0%
Frozen Bottle,2026-07-30,WK 31,Electronic city,Swiggy,Closing,FOFO,KA,541.01,39.99,0.0,561.0,0,1,7.128342245989305,541.01,500-600,1%-10%
Frozen Bottle,2026-07-30,WK 31,Electronic city,Swiggy,Dinner,FOFO,KA,1536.8400000000001,110.16,0.0,1597.0,0,5,6.897933625547902,307.36800000000005,300-400,1%-10%
Frozen Bottle,2026-07-30,WK 31,Electronic city,Swiggy,Lunch,FOFO,KA,895.01,159.99,0.0,1025.0,0,2,15.60878048780488,447.505,400-500,10%-20%
Frozen Bottle,2026-07-30,WK 31,Electronic city,Swiggy,Snacks,FOFO,KA,1108.0,161.0,0.0,1239.0,0,3,12.994350282485875,369.3333333333333,300-400,10%-20%
Frozen Bottle,2026-07-30,WK 31,Electronic city,Zomato,Dinner,FOFO,KA,2368.0,736.0,118.42,2974.0,0,9,24.747814391392065,263.1111111111111,200-300,20%-30%
Frozen Bottle,2026-07-30,WK 31,Electronic city,Zomato,Late Night,FOFO,KA,109.0,100.0,5.46,199.0,0,1,50.25125628140703,109.0,100-200,50%-60%
Frozen Bottle,2026-07-30,WK 31,Electronic city,Zomato,Lunch,FOFO,KA,218.0,200.0,10.92,398.0,0,2,50.25125628140703,109.0,100-200,50%-60%
Frozen Bottle,2026-07-30,WK 31,Electronic city,Zomato,Snacks,FOFO,KA,894.3,253.7,44.74,1098.0,0,4,23.10564663023679,223.575,200-300,20%-30%
Frozen Bottle,2026-07-30,WK 31,Erode,In Store,Dinner,COCO,TN,2050.0,0.0,102.53999999999999,2050.0,0,6,0.0,341.6666666666667,300-400,0%
Frozen Bottle,2026-07-30,WK 31,Erode,In Store,Late Night,COCO,TN,837.0,0.0,41.84,837.0,0,1,0.0,837.0,600-900,0%
Frozen Bottle,2026-07-30,WK 31,Erode,In Store,Lunch,COCO,TN,423.23,0.0,21.16,423.23,0,1,0.0,423.23,400-500,0%
Frozen Bottle,2026-07-30,WK 31,Erode,In Store,Snacks,COCO,TN,368.0,0.0,18.4,368.0,0,1,0.0,368.0,300-400,0%
Frozen Bottle,2026-07-30,WK 31,Erode,Swiggy,Breakfast,COCO,TN,230.01,111.99,0.0,322.0,0,1,34.77950310559006,230.01,200-300,30%-40%
Frozen Bottle,2026-07-30,WK 31,Erode,Swiggy,Dinner,COCO,TN,674.2,515.8,0.0,1140.0,0,4,45.24561403508772,168.55,100-200,40%-50%
Frozen Bottle,2026-07-30,WK 31,Erode,Swiggy,Late Night,COCO,TN,680.0,0.0,0.0,660.0,0,1,0.0,680.0,600-900,0%
Frozen Bottle,2026-07-30,WK 31,Erode,Swiggy,Lunch,COCO,TN,1495.02,535.98,0.0,1961.0,0,2,27.331973482916883,747.51,600-900,20%-30%
Frozen Bottle,2026-07-30,WK 31,Erode,Swiggy,Snacks,COCO,TN,1939.2,1409.8,0.0,3229.0,0,7,43.660576029730564,277.0285714285714,200-300,40%-50%
Frozen Bottle,2026-07-30,WK 31,Erode,Zomato,Dinner,COCO,TN,3052.0,2083.0,152.64,4965.0,0,9,41.953675730110774,339.1111111111111,300-400,40%-50%
Frozen Bottle,2026-07-30,WK 31,Erode,Zomato,Late Night,COCO,TN,1010.0,319.99,50.5,1289.99,0,2,24.805618648206575,505.0,500-600,20%-30%
Frozen Bottle,2026-07-30,WK 31,Erode,Zomato,Lunch,COCO,TN,869.0,745.0,43.459999999999994,1564.0,0,3,47.63427109974425,289.6666666666667,200-300,40%-50%
Frozen Bottle,2026-07-30,WK 31,Erode,Zomato,Snacks,COCO,TN,2518.0,2298.0,125.92,4676.0,0,5,49.14456800684346,503.6,500-600,40%-50%
Frozen Bottle,2026-07-30,WK 31,Express Avenue Mall,In Store,Breakfast,COCO,TN,258.0,0.0,12.92,258.0,0,2,0.0,129.0,100-200,0%
Frozen Bottle,2026-07-30,WK 31,Express Avenue Mall,In Store,Dinner,COCO,TN,2004.59,1595.41,100.30000000000001,3600.0,0,12,44.316944444444445,167.04916666666665,100-200,40%-50%
Frozen Bottle,2026-07-30,WK 31,Express Avenue Mall,In Store,Lunch,COCO,TN,2436.2200000000003,128.78,121.9,2565.0,0,12,5.0206627680311895,203.01833333333335,200-300,1%-10%
Frozen Bottle,2026-07-30,WK 31,Express Avenue Mall,In Store,Snacks,COCO,TN,3282.48,197.51999999999998,164.22,3480.0,0,15,5.675862068965517,218.832,200-300,1%-10%
Frozen Bottle,2026-07-30,WK 31,Express Avenue Mall,Swiggy,Dinner,COCO,TN,2284.56,1866.44,0.0,4031.0,0,8,46.302158273381295,285.57,200-300,40%-50%
Frozen Bottle,2026-07-30,WK 31,Express Avenue Mall,Swiggy,Late Night,COCO,TN,128.0,112.0,0.0,230.0,0,1,48.69565217391305,128.0,100-200,40%-50%
Frozen Bottle,2026-07-30,WK 31,Express Avenue Mall,Swiggy,Lunch,COCO,TN,539.0,221.0,0.0,730.0,0,2,30.273972602739725,269.5,200-300,30%-40%
Frozen Bottle,2026-07-30,WK 31,Express Avenue Mall,Swiggy,Snacks,COCO,TN,1308.01,786.99,0.0,2005.0,0,3,39.25137157107232,436.00333333333333,400-500,30%-40%
Frozen Bottle,2026-07-30,WK 31,Express Avenue Mall,Zomato,Dinner,COCO,TN,1067.4,888.6,53.400000000000006,1896.0,0,4,46.86708860759494,266.85,200-300,40%-50%
Frozen Bottle,2026-07-30,WK 31,Express Avenue Mall,Zomato,Late Night,COCO,TN,1047.0,360.0,52.379999999999995,1347.0,0,3,26.7260579064588,349.0,300-400,20%-30%
Frozen Bottle,2026-07-30,WK 31,Express Avenue Mall,Zomato,Lunch,COCO,TN,1313.0,977.0,65.7,2200.0,0,3,44.40909090909091,437.6666666666667,400-500,40%-50%
Frozen Bottle,2026-07-30,WK 31,Express Avenue Mall,Zomato,Snacks,COCO,TN,1823.0,1079.0,91.17999999999999,2802.0,0,3,38.50820842255532,607.6666666666666,600-900,30%-40%
Frozen Bottle,2026-07-30,WK 31,FC Road,In Store,Lunch,FOFO,MH,536.0,0.0,26.82,536.0,0,3,0.0,178.66666666666666,100-200,0%
Frozen Bottle,2026-07-30,WK 31,FC Road,In Store,Snacks,FOFO,MH,625.0,0.0,31.259999999999998,625.0,0,2,0.0,312.5,300-400,0%
Frozen Bottle,2026-07-30,WK 31,FC Road,Swiggy,Dinner,FOFO,MH,1459.0,1084.0,0.0,2503.0,0,5,43.308030363563724,291.8,200-300,40%-50%
Frozen Bottle,2026-07-30,WK 31,FC Road,Zomato,Dinner,FOFO,MH,630.0,581.0,31.5,1171.0,0,2,49.61571306575576,315.0,300-400,40%-50%
Frozen Bottle,2026-07-30,WK 31,FC Road,Zomato,Lunch,FOFO,MH,2663.0,1763.0,133.2,4276.0,0,6,41.230121608980355,443.8333333333333,400-500,40%-50%
Frozen Bottle,2026-07-30,WK 31,FC Road,Zomato,Snacks,FOFO,MH,1005.0,955.0,50.26,1910.0,0,3,50.0,335.0,300-400,40%-50%
Frozen Bottle,2026-07-30,WK 31,Frazer Town,In Store,Dinner,COCO,KA,562.19,201.81,28.12,764.0,0,3,26.41492146596859,187.39666666666668,100-200,20%-30%
Frozen Bottle,2026-07-30,WK 31,Frazer Town,In Store,Lunch,COCO,KA,475.16,170.84,23.76,646.0,0,2,26.445820433436534,237.58,200-300,20%-30%
Frozen Bottle,2026-07-30,WK 31,Frazer Town,Ownly,Dinner,COCO,KA,871.0,0.0,43.56,871.0,0,1,0.0,871.0,600-900,0%
Frozen Bottle,2026-07-30,WK 31,Frazer Town,Swiggy,Dinner,COCO,KA,884.0,967.0,0.0,1801.0,0,5,53.692393114936145,176.8,100-200,50%-60%
Frozen Bottle,2026-07-30,WK 31,Frazer Town,Swiggy,Late Night,COCO,KA,89.2,100.8,0.0,180.0,0,1,55.99999999999999,89.2,0-100,50%-60%
Frozen Bottle,2026-07-30,WK 31,Frazer Town,Swiggy,Lunch,COCO,KA,218.2,190.8,0.0,399.0,0,2,47.819548872180455,109.1,100-200,40%-50%
Frozen Bottle,2026-07-30,WK 31,Frazer Town,Swiggy,Snacks,COCO,KA,1717.0,522.0,0.0,2179.0,0,3,23.955943093162002,572.3333333333334,500-600,20%-30%
Frozen Bottle,2026-07-30,WK 31,Frazer Town,Zomato,Dinner,COCO,KA,959.3299999999999,888.3299999999999,47.96,1787.6599999999999,0,4,49.69233523153173,239.83249999999998,200-300,40%-50%
Frozen Bottle,2026-07-30,WK 31,Frazer Town,Zomato,Late Night,COCO,KA,590.0,80.0,29.52,650.0,0,1,12.307692307692308,590.0,500-600,10%-20%
Frozen Bottle,2026-07-30,WK 31,Frazer Town,Zomato,Snacks,COCO,KA,540.0,280.0,27.0,790.0,0,2,35.44303797468354,270.0,200-300,30%-40%
Frozen Bottle,2026-07-30,WK 31,GIP GOA,In Store,Dinner,FOFO,ROI,836.0,0.0,41.82,836.0,0,3,0.0,278.6666666666667,200-300,0%
Frozen Bottle,2026-07-30,WK 31,GIP GOA,In Store,Snacks,FOFO,ROI,726.0,0.0,36.3,726.0,0,2,0.0,363.0,300-400,0%
Frozen Bottle,2026-07-30,WK 31,GIP GOA,Swiggy,Dinner,FOFO,ROI,929.0,0.0,0.0,899.0,0,2,0.0,464.5,400-500,0%
Frozen Bottle,2026-07-30,WK 31,Gangadham,In Store,Dinner,FOFO,MH,1482.0,0.0,74.14,1482.0,0,4,0.0,370.5,300-400,0%
Frozen Bottle,2026-07-30,WK 31,Gangadham,In Store,Lunch,FOFO,MH,229.0,0.0,11.46,229.0,0,1,0.0,229.0,200-300,0%
Frozen Bottle,2026-07-30,WK 31,Gangadham,Swiggy,Snacks,FOFO,MH,248.0,232.0,0.0,460.0,0,1,50.43478260869565,248.0,200-300,50%-60%
Frozen Bottle,2026-07-30,WK 31,Gangadham,Zomato,Dinner,FOFO,MH,1992.0,700.0,99.6,2602.0,0,6,26.90238278247502,332.0,300-400,20%-30%
Frozen Bottle,2026-07-30,WK 31,Gangadham,Zomato,Late Night,FOFO,MH,1405.0,225.0,70.24,1580.0,0,3,14.240506329113925,468.3333333333333,400-500,10%-20%
Frozen Bottle,2026-07-30,WK 31,Gangadham,Zomato,Lunch,FOFO,MH,200.0,100.0,10.0,290.0,0,1,34.48275862068966,200.0,100-200,30%-40%
Frozen Bottle,2026-07-30,WK 31,Gangadham,Zomato,Snacks,FOFO,MH,1201.0,99.99,60.06,1250.99,0,2,7.992869647239385,600.5,600-900,1%-10%
Frozen Bottle,2026-07-30,WK 31,Ghaziabad-1,Zomato,Dinner,FOFO,ROI,449.3,222.7,22.46,652.0,0,1,34.15644171779141,449.3,400-500,30%-40%
Frozen Bottle,2026-07-30,WK 31,Guduvanchery,In Store,Dinner,COCO,TN,6218.3,687.16,311.08,6905.46,0,28,9.950966336782777,222.08214285714286,200-300,1%-10%
Frozen Bottle,2026-07-30,WK 31,Guduvanchery,In Store,Lunch,COCO,TN,2295.7,225.3,114.84,2521.0,0,12,8.936929789765967,191.3083333333333,100-200,1%-10%
Frozen Bottle,2026-07-30,WK 31,Guduvanchery,In Store,Snacks,COCO,TN,3413.96,63.04,170.74,3477.0,0,12,1.813057233247052,284.49666666666667,200-300,1%-10%
Frozen Bottle,2026-07-30,WK 31,Guduvanchery,Swiggy,Dinner,COCO,TN,2182.0,1671.0,0.0,3723.0,0,9,44.883158742949234,242.44444444444446,200-300,40%-50%
Frozen Bottle,2026-07-30,WK 31,Guduvanchery,Swiggy,Late Night,COCO,TN,685.2,365.8,0.0,1021.0,0,3,35.82761998041136,228.4,200-300,30%-40%
Frozen Bottle,2026-07-30,WK 31,Guduvanchery,Swiggy,Lunch,COCO,TN,1083.0,758.0,0.0,1771.0,0,6,42.80067758328628,180.5,100-200,40%-50%
Frozen Bottle,2026-07-30,WK 31,Guduvanchery,Swiggy,Snacks,COCO,TN,2864.44,1965.56,0.0,4670.0,0,14,42.089079229122056,204.60285714285715,200-300,40%-50%
Frozen Bottle,2026-07-30,WK 31,Guduvanchery,Zomato,Dinner,COCO,TN,2533.25,2023.75,126.72,4417.0,0,10,45.8172968077881,253.325,200-300,40%-50%
Frozen Bottle,2026-07-30,WK 31,Guduvanchery,Zomato,Lunch,COCO,TN,392.6,455.4,19.64,828.0,0,1,54.99999999999999,392.6,300-400,50%-60%
Frozen Bottle,2026-07-30,WK 31,Guduvanchery,Zomato,Snacks,COCO,TN,1977.1,1714.9,98.92,3562.0,0,8,48.144300954519935,247.1375,200-300,40%-50%
Frozen Bottle,2026-07-30,WK 31,Gunjur,In Store,Dinner,COCO,KA,3194.4,511.52,159.79999999999998,3705.92,0,20,13.802780416198946,159.72,100-200,10%-20%
Frozen Bottle,2026-07-30,WK 31,Gunjur,In Store,Late Night,COCO,KA,19.05,0.0,0.96,19.05,0,1,0.0,19.05,0-100,0%
Frozen Bottle,2026-07-30,WK 31,Gunjur,In Store,Lunch,COCO,KA,1203.0,0.0,60.16,1203.0,0,3,0.0,401.0,400-500,0%
Frozen Bottle,2026-07-30,WK 31,Gunjur,In Store,Snacks,COCO,KA,954.95,385.04999999999995,47.760000000000005,1340.0,0,4,28.73507462686567,238.7375,200-300,20%-30%
Frozen Bottle,2026-07-30,WK 31,Gunjur,Swiggy,Breakfast,COCO,KA,139.0,121.0,0.0,250.0,0,1,48.4,139.0,100-200,40%-50%
Frozen Bottle,2026-07-30,WK 31,Gunjur,Swiggy,Dinner,COCO,KA,2766.14,1882.71,0.0,4458.85,0,10,42.22411608374356,276.614,200-300,40%-50%
Frozen Bottle,2026-07-30,WK 31,Gunjur,Swiggy,Late Night,COCO,KA,487.0,424.0,0.0,891.0,0,2,47.586980920314254,243.5,200-300,40%-50%
Frozen Bottle,2026-07-30,WK 31,Gunjur,Swiggy,Lunch,COCO,KA,894.0,373.0,0.0,1217.0,0,3,30.649137222678718,298.0,200-300,30%-40%
Frozen Bottle,2026-07-30,WK 31,Gunjur,Swiggy,Snacks,COCO,KA,2063.0,1475.33,0.0,3428.33,0,6,43.033488608156155,343.8333333333333,300-400,40%-50%
Frozen Bottle,2026-07-30,WK 31,Gunjur,Zomato,Dinner,COCO,KA,2681.8,2485.2,134.14000000000001,4977.0,0,9,49.933694996986134,297.9777777777778,200-300,40%-50%
Frozen Bottle,2026-07-30,WK 31,Gunjur,Zomato,Lunch,COCO,KA,1584.9,1482.1,79.28,2967.0,0,4,49.952814290529155,396.225,300-400,40%-50%
Frozen Bottle,2026-07-30,WK 31,Gunjur,Zomato,Snacks,COCO,KA,2488.7,2106.3,124.48,4425.0,0,5,47.6,497.73999999999995,400-500,40%-50%
Frozen Bottle,2026-07-30,WK 31,Guwahati,In Store,Dinner,FOFO,ROI,307.0,0.0,15.36,307.0,0,2,0.0,153.5,100-200,0%
Frozen Bottle,2026-07-30,WK 31,Guwahati,In Store,Lunch,FOFO,ROI,4277.0,0.0,213.96,4277.0,0,20,0.0,213.85,200-300,0%
Frozen Bottle,2026-07-30,WK 31,Guwahati,In Store,Snacks,FOFO,ROI,8529.0,0.0,426.7,8529.0,0,34,0.0,250.85294117647058,200-300,0%
Frozen Bottle,2026-07-30,WK 31,Guwahati,Swiggy,Dinner,FOFO,ROI,280.0,0.0,0.0,270.0,0,1,0.0,280.0,200-300,0%
Frozen Bottle,2026-07-30,WK 31,Gwalior,In Store,Dinner,FOFO,ROI,1259.0,0.0,62.96,1259.0,0,5,0.0,251.8,200-300,0%
Frozen Bottle,2026-07-30,WK 31,Gwalior,In Store,Late Night,FOFO,ROI,342.55,0.0,17.12,342.55,0,1,0.0,342.55,300-400,0%
Frozen Bottle,2026-07-30,WK 31,Gwalior,In Store,Lunch,FOFO,ROI,1196.73,40.0,59.86,1236.73,0,6,3.234335707874799,199.455,100-200,1%-10%
Frozen Bottle,2026-07-30,WK 31,Gwalior,In Store,Snacks,FOFO,ROI,883.0,0.0,44.16,883.0,0,4,0.0,220.75,200-300,0%
Frozen Bottle,2026-07-30,WK 31,Gwalior,Swiggy,Lunch,FOFO,ROI,529.01,119.99,0.0,629.0,0,1,19.07631160572337,529.01,500-600,10%-20%
Frozen Bottle,2026-07-30,WK 31,Gwalior,Zomato,Lunch,FOFO,ROI,250.0,230.0,12.5,460.0,0,1,50.0,250.0,200-300,40%-50%
Frozen Bottle,2026-07-30,WK 31,Gwalior,Zomato,Snacks,FOFO,ROI,300.0,280.0,15.0,560.0,0,1,50.0,300.0,200-300,40%-50%
Frozen Bottle,2026-07-30,WK 31,HSR Layout,In Store,Dinner,COCO,KA,2267.17,927.8299999999999,113.5,3195.0,0,22,29.040062597809076,103.05318181818183,100-200,20%-30%
Frozen Bottle,2026-07-30,WK 31,HSR Layout,In Store,Lunch,COCO,KA,209.0,0.0,10.46,209.0,0,1,0.0,209.0,200-300,0%
Frozen Bottle,2026-07-30,WK 31,HSR Layout,In Store,Snacks,COCO,KA,525.28,317.72,26.3,843.0,0,7,37.68920521945433,75.03999999999999,0-100,30%-40%
Frozen Bottle,2026-07-30,WK 31,HSR Layout,Ownly,Dinner,COCO,KA,160.0,0.0,8.0,160.0,0,1,0.0,160.0,100-200,0%
Frozen Bottle,2026-07-30,WK 31,HSR Layout,Ownly,Snacks,COCO,KA,247.0,0.0,12.36,247.0,0,1,0.0,247.0,200-300,0%
Frozen Bottle,2026-07-30,WK 31,HSR Layout,Swiggy,Dinner,COCO,KA,3136.76,1958.57,0.0,4895.33,0,18,40.0089473028376,174.26444444444445,100-200,40%-50%
Frozen Bottle,2026-07-30,WK 31,HSR Layout,Swiggy,Late Night,COCO,KA,4027.4,2284.26,0.0,6071.66,0,15,37.62167183274426,268.49333333333334,200-300,30%-40%
Frozen Bottle,2026-07-30,WK 31,HSR Layout,Swiggy,Lunch,COCO,KA,1840.57,1219.6100000000001,0.0,2930.18,0,7,41.62235767085981,262.93857142857144,200-300,40%-50%
Frozen Bottle,2026-07-30,WK 31,HSR Layout,Swiggy,Snacks,COCO,KA,2732.33,2088.67,0.0,4631.0,0,11,45.101921831137986,248.39363636363635,200-300,40%-50%
Frozen Bottle,2026-07-30,WK 31,HSR Layout,Zomato,Dinner,COCO,KA,3410.37,2852.33,170.62,6042.7,0,11,47.20290598573486,310.03363636363633,300-400,40%-50%
Frozen Bottle,2026-07-30,WK 31,HSR Layout,Zomato,Late Night,COCO,KA,551.1,287.9,27.560000000000002,809.0,0,2,35.587144622991346,275.55,200-300,30%-40%
Frozen Bottle,2026-07-30,WK 31,HSR Layout,Zomato,Lunch,COCO,KA,1344.8,1322.2,67.26,2557.0,0,7,51.70903402424717,192.1142857142857,100-200,50%-60%
Frozen Bottle,2026-07-30,WK 31,HSR Layout,Zomato,Snacks,COCO,KA,762.0,609.0,38.1,1321.0,0,2,46.10143830431491,381.0,300-400,40%-50%
Frozen Bottle,2026-07-30,WK 31,Hadapsar,In Store,Closing,FOFO,MH,109.0,0.0,5.46,109.0,0,1,0.0,109.0,100-200,0%
Frozen Bottle,2026-07-30,WK 31,Hadapsar,In Store,Dinner,FOFO,MH,487.0,0.0,24.380000000000003,487.0,0,3,0.0,162.33333333333334,100-200,0%
Frozen Bottle,2026-07-30,WK 31,Hadapsar,Swiggy,Dinner,FOFO,MH,240.0,0.0,0.0,230.0,0,1,0.0,240.0,200-300,0%
Frozen Bottle,2026-07-30,WK 31,Hadapsar,Swiggy,Snacks,FOFO,MH,181.0,0.0,0.0,171.0,0,1,0.0,181.0,100-200,0%
Frozen Bottle,2026-07-30,WK 31,Hadapsar,Zomato,Dinner,FOFO,MH,1871.0,380.0,93.56,2171.0,0,5,17.503454629203134,374.2,300-400,10%-20%
Frozen Bottle,2026-07-30,WK 31,Hadapsar,Zomato,Late Night,FOFO,MH,3110.0,150.0,155.52,3160.0,0,6,4.746835443037975,518.3333333333334,500-600,1%-10%
Frozen Bottle,2026-07-30,WK 31,Hadapsar,Zomato,Lunch,FOFO,MH,920.0,280.0,46.0,1150.0,0,2,24.347826086956523,460.0,400-500,20%-30%
Frozen Bottle,2026-07-30,WK 31,Hadapsar,Zomato,Snacks,FOFO,MH,921.0,50.0,46.06,941.0,0,2,5.313496280552603,460.5,400-500,1%-10%
Frozen Bottle,2026-07-30,WK 31,Hafizpet,In Store,Dinner,FOFO,AP & TL,1261.23,69.0,63.120000000000005,1330.23,0,7,5.187072912203153,180.1757142857143,100-200,1%-10%
Frozen Bottle,2026-07-30,WK 31,Hafizpet,In Store,Lunch,FOFO,AP & TL,336.0,0.0,16.82,336.0,0,2,0.0,168.0,100-200,0%
Frozen Bottle,2026-07-30,WK 31,Hafizpet,In Store,Snacks,FOFO,AP & TL,1537.0,0.0,76.9,1537.0,0,8,0.0,192.125,100-200,0%
Frozen Bottle,2026-07-30,WK 31,Hafizpet,Swiggy,Lunch,FOFO,AP & TL,498.0,0.0,0.0,478.0,0,2,0.0,249.0,200-300,0%
Frozen Bottle,2026-07-30,WK 31,Hafizpet,Zomato,Dinner,FOFO,AP & TL,1009.2,159.8,50.46,1129.0,0,4,14.154118689105404,252.3,200-300,10%-20%
Frozen Bottle,2026-07-30,WK 31,Hafizpet,Zomato,Late Night,FOFO,AP & TL,260.0,60.0,13.0,310.0,0,1,19.35483870967742,260.0,200-300,10%-20%
Frozen Bottle,2026-07-30,WK 31,Hafizpet,Zomato,Lunch,FOFO,AP & TL,935.7,139.3,46.82,1025.0,0,3,13.590243902439026,311.90000000000003,300-400,10%-20%
Frozen Bottle,2026-07-30,WK 31,Hafizpet,Zomato,Snacks,FOFO,AP & TL,1259.0,0.0,62.980000000000004,1219.0,0,2,0.0,629.5,600-900,0%
Frozen Bottle,2026-07-30,WK 31,Hanumakonda,In Store,Dinner,FOFO,AP & TL,1590.0,0.0,79.54,1590.0,0,7,0.0,227.14285714285714,200-300,0%
Frozen Bottle,2026-07-30,WK 31,Hanumakonda,In Store,Lunch,FOFO,AP & TL,297.0,0.0,14.86,297.0,0,1,0.0,297.0,200-300,0%
Frozen Bottle,2026-07-30,WK 31,Hanumakonda,In Store,Snacks,FOFO,AP & TL,475.0,0.0,23.779999999999998,475.0,0,4,0.0,118.75,100-200,0%
Frozen Bottle,2026-07-30,WK 31,Hanumakonda,Zomato,Snacks,FOFO,AP & TL,567.0,0.0,28.36,547.0,0,1,0.0,567.0,500-600,0%
Frozen Bottle,2026-07-30,WK 31,Harlur Road,In Store,Breakfast,COCO,KA,30.46,0.0,1.52,30.46,0,1,0.0,30.46,0-100,0%
Frozen Bottle,2026-07-30,WK 31,Harlur Road,In Store,Dinner,COCO,KA,1332.33,0.0,66.66,1332.33,0,8,0.0,166.54125,100-200,0%
Frozen Bottle,2026-07-30,WK 31,Harlur Road,In Store,Lunch,COCO,KA,98.0,0.0,4.9,98.0,0,1,0.0,98.0,0-100,0%
Frozen Bottle,2026-07-30,WK 31,Harlur Road,In Store,Snacks,COCO,KA,1102.55,256.45,55.160000000000004,1359.0,0,7,18.870493009565855,157.50714285714284,100-200,10%-20%
Frozen Bottle,2026-07-30,WK 31,Harlur Road,Ownly,Dinner,COCO,KA,889.0,0.0,44.46,889.0,0,2,0.0,444.5,400-500,0%
Frozen Bottle,2026-07-30,WK 31,Harlur Road,Ownly,Lunch,COCO,KA,265.0,0.0,13.26,265.0,0,1,0.0,265.0,200-300,0%
Frozen Bottle,2026-07-30,WK 31,Harlur Road,Swiggy,Dinner,COCO,KA,1881.8899999999999,1311.29,0.0,3063.18,0,11,42.80812750148539,171.08090909090907,100-200,40%-50%
Frozen Bottle,2026-07-30,WK 31,Harlur Road,Swiggy,Late Night,COCO,KA,277.0,251.0,0.0,518.0,0,2,48.455598455598455,138.5,100-200,40%-50%
Frozen Bottle,2026-07-30,WK 31,Harlur Road,Swiggy,Lunch,COCO,KA,286.2,212.8,0.0,479.0,0,2,44.4258872651357,143.1,100-200,40%-50%
Frozen Bottle,2026-07-30,WK 31,Harlur Road,Swiggy,Snacks,COCO,KA,2669.77,1127.23,0.0,3657.0,0,9,30.823899371069185,296.6411111111111,200-300,30%-40%
Frozen Bottle,2026-07-30,WK 31,Harlur Road,Zomato,Dinner,COCO,KA,1012.52,484.48,50.66,1447.0,0,2,33.48168624740843,506.26,500-600,30%-40%
Frozen Bottle,2026-07-30,WK 31,Harlur Road,Zomato,Lunch,COCO,KA,627.9,674.1,31.4,1262.0,0,2,53.41521394611728,313.95,300-400,50%-60%
Frozen Bottle,2026-07-30,WK 31,Harlur Road,Zomato,Snacks,COCO,KA,1404.9,962.1,70.28,2277.0,0,4,42.25296442687747,351.225,300-400,40%-50%
Frozen Bottle,2026-07-30,WK 31,Hinjewadi,In Store,Dinner,COCO,MH,1175.58,354.42,58.78,1530.0,0,5,23.164705882352944,235.11599999999999,200-300,20%-30%
Frozen Bottle,2026-07-30,WK 31,Hinjewadi,In Store,Lunch,COCO,MH,173.44,262.56,8.68,436.0,0,1,60.22018348623853,173.44,100-200,60%-70%
Frozen Bottle,2026-07-30,WK 31,Hinjewadi,In Store,Snacks,COCO,MH,1524.74,263.26,76.25999999999999,1788.0,0,6,14.723713646532438,254.12333333333333,200-300,10%-20%
Frozen Bottle,2026-07-30,WK 31,Hinjewadi,Others,Dinner,COCO,MH,236.2,331.8,11.780000000000001,538.0,0,2,61.67286245353159,118.1,100-200,60%-70%
Frozen Bottle,2026-07-30,WK 31,Hinjewadi,Swiggy,Dinner,COCO,MH,4263.32,3689.68,0.0,7633.0,0,22,48.338530066815146,193.78727272727272,100-200,40%-50%
Frozen Bottle,2026-07-30,WK 31,Hinjewadi,Swiggy,Late Night,COCO,MH,1345.24,879.76,0.0,2135.0,0,9,41.20655737704918,149.4711111111111,100-200,40%-50%
Frozen Bottle,2026-07-30,WK 31,Hinjewadi,Swiggy,Lunch,COCO,MH,1205.68,842.3199999999999,0.0,1958.0,0,7,43.0194075587334,172.24,100-200,40%-50%
Frozen Bottle,2026-07-30,WK 31,Hinjewadi,Swiggy,Snacks,COCO,MH,1855.56,1722.44,0.0,3438.0,0,7,50.10005817335661,265.08,200-300,50%-60%
Frozen Bottle,2026-07-30,WK 31,Hinjewadi,Zomato,Dinner,COCO,MH,5081.7,3977.3,254.20000000000002,8729.0,0,17,45.564211249856804,298.9235294117647,200-300,40%-50%
Frozen Bottle,2026-07-30,WK 31,Hinjewadi,Zomato,Late Night,COCO,MH,1469.0,740.0,73.48,2139.0,0,4,34.5956054230949,367.25,300-400,30%-40%
Frozen Bottle,2026-07-30,WK 31,Hinjewadi,Zomato,Lunch,COCO,MH,290.0,270.0,14.5,540.0,0,1,50.0,290.0,200-300,40%-50%
Frozen Bottle,2026-07-30,WK 31,Hinjewadi,Zomato,Snacks,COCO,MH,300.5,370.5,15.02,651.0,0,1,56.91244239631337,300.5,300-400,50%-60%
Frozen Bottle,2026-07-30,WK 31,Hinjewadi Phase 3,In Store,Dinner,COCO,MH,1135.6599999999999,481.34000000000003,56.8,1617.0,0,11,29.767470624613484,103.24181818181818,100-200,20%-30%
Frozen Bottle,2026-07-30,WK 31,Hinjewadi Phase 3,In Store,Lunch,COCO,MH,187.38,190.62,9.36,378.0,0,2,50.42857142857143,93.69,0-100,50%-60%
Frozen Bottle,2026-07-30,WK 31,Hinjewadi Phase 3,In Store,Snacks,COCO,MH,288.0,0.0,14.4,288.0,0,1,0.0,288.0,200-300,0%
Frozen Bottle,2026-07-30,WK 31,Hinjewadi Phase 3,Swiggy,Closing,COCO,MH,219.0,312.0,0.0,531.0,0,1,58.75706214689266,219.0,200-300,50%-60%
Frozen Bottle,2026-07-30,WK 31,Hinjewadi Phase 3,Swiggy,Dinner,COCO,MH,2262.2200000000003,757.78,0.0,2920.0,0,7,25.951369863013696,323.17428571428576,300-400,20%-30%
Frozen Bottle,2026-07-30,WK 31,Hinjewadi Phase 3,Swiggy,Late Night,COCO,MH,615.2,354.8,0.0,930.0,0,3,38.15053763440861,205.0666666666667,200-300,30%-40%
Frozen Bottle,2026-07-30,WK 31,Hinjewadi Phase 3,Swiggy,Lunch,COCO,MH,2080.2,807.8,0.0,2778.0,0,6,29.07847372210223,346.7,300-400,20%-30%
Frozen Bottle,2026-07-30,WK 31,Hinjewadi Phase 3,Swiggy,Snacks,COCO,MH,604.0,415.0,0.0,979.0,0,3,42.39019407558733,201.33333333333334,200-300,40%-50%
Frozen Bottle,2026-07-30,WK 31,Hinjewadi Phase 3,Zomato,Dinner,COCO,MH,2407.1,1781.9,120.42,4049.0,0,10,44.00839713509509,240.70999999999998,200-300,40%-50%
Frozen Bottle,2026-07-30,WK 31,Hinjewadi Phase 3,Zomato,Late Night,COCO,MH,1059.0,540.0,52.96,1539.0,0,3,35.08771929824561,353.0,300-400,30%-40%
Frozen Bottle,2026-07-30,WK 31,Hinjewadi Phase 3,Zomato,Lunch,COCO,MH,638.0,598.0,31.92,1196.0,0,2,50.0,319.0,300-400,40%-50%
Frozen Bottle,2026-07-30,WK 31,Hinjewadi Phase 3,Zomato,Snacks,COCO,MH,965.0,895.0,48.26,1790.0,0,3,50.0,321.6666666666667,300-400,40%-50%
Frozen Bottle,2026-07-30,WK 31,Hosur,In Store,Dinner,FOFO,TN,3898.23,0.0,194.95999999999998,3898.23,0,9,0.0,433.13666666666666,400-500,0%
Frozen Bottle,2026-07-30,WK 31,Hosur,In Store,Lunch,FOFO,TN,576.0,0.0,28.799999999999997,576.0,0,2,0.0,288.0,200-300,0%
Frozen Bottle,2026-07-30,WK 31,Hosur,In Store,Snacks,FOFO,TN,477.0,0.0,23.86,477.0,0,2,0.0,238.5,200-300,0%
Frozen Bottle,2026-07-30,WK 31,Hosur,Swiggy,Dinner,FOFO,TN,607.0,120.0,0.0,697.0,0,2,17.216642754662843,303.5,300-400,10%-20%
Frozen Bottle,2026-07-30,WK 31,Hosur,Swiggy,Lunch,FOFO,TN,897.0,40.0,0.0,897.0,0,3,4.459308807134894,299.0,200-300,1%-10%
Frozen Bottle,2026-07-30,WK 31,Hosur,Swiggy,Snacks,FOFO,TN,648.0,60.0,0.0,678.0,0,2,8.849557522123893,324.0,300-400,1%-10%
Frozen Bottle,2026-07-30,WK 31,Hosur,Zomato,Dinner,FOFO,TN,885.2,280.8,44.239999999999995,1116.0,0,3,25.161290322580648,295.06666666666666,200-300,20%-30%
Frozen Bottle,2026-07-30,WK 31,Hosur,Zomato,Lunch,FOFO,TN,781.3,68.7,39.08,820.0,0,2,8.378048780487806,390.65,300-400,1%-10%
Frozen Bottle,2026-07-30,WK 31,Hosur,Zomato,Snacks,FOFO,TN,3334.95,1142.05,166.84,4277.0,0,11,26.702127659574465,303.17727272727274,300-400,20%-30%
Frozen Bottle,2026-07-30,WK 31,Hubballi,In Store,Closing,FOFO,KA,189.0,0.0,9.46,189.0,0,1,0.0,189.0,100-200,0%
Frozen Bottle,2026-07-30,WK 31,Hubballi,In Store,Snacks,FOFO,KA,169.0,0.0,8.46,169.0,0,1,0.0,169.0,100-200,0%
Frozen Bottle,2026-07-30,WK 31,Hubballi,Zomato,Closing,FOFO,KA,109.0,100.0,5.46,199.0,0,1,50.25125628140703,109.0,100-200,50%-60%
Frozen Bottle,2026-07-30,WK 31,Hubballi,Zomato,Dinner,FOFO,KA,240.0,50.0,12.0,280.0,0,1,17.857142857142858,240.0,200-300,10%-20%
Frozen Bottle,2026-07-30,WK 31,Hubballi,Zomato,Late Night,FOFO,KA,830.0,250.0,41.5,1040.0,0,2,24.03846153846154,415.0,400-500,20%-30%
Frozen Bottle,2026-07-30,WK 31,ITPL,In Store,Dinner,COCO,KA,2380.59,234.64000000000001,119.06,2615.23,0,10,8.972059818830466,238.05900000000003,200-300,1%-10%
Frozen Bottle,2026-07-30,WK 31,ITPL,In Store,Lunch,COCO,KA,267.0,0.0,13.36,267.0,0,2,0.0,133.5,100-200,0%
Frozen Bottle,2026-07-30,WK 31,ITPL,In Store,Snacks,COCO,KA,541.8,430.2,27.1,972.0,0,7,44.25925925925926,77.39999999999999,0-100,40%-50%
Frozen Bottle,2026-07-30,WK 31,ITPL,Ownly,Snacks,COCO,KA,179.0,0.0,8.96,179.0,0,1,0.0,179.0,100-200,0%
Frozen Bottle,2026-07-30,WK 31,ITPL,Swiggy,Dinner,COCO,KA,1861.57,545.43,0.0,2317.0,0,6,23.540353905912816,310.26166666666666,300-400,20%-30%
Frozen Bottle,2026-07-30,WK 31,ITPL,Swiggy,Late Night,COCO,KA,684.01,576.84,0.0,1220.85,0,4,47.249047794569364,171.0025,100-200,40%-50%
Frozen Bottle,2026-07-30,WK 31,ITPL,Swiggy,Lunch,COCO,KA,169.0,152.0,0.0,311.0,0,1,48.87459807073955,169.0,100-200,40%-50%
Frozen Bottle,2026-07-30,WK 31,ITPL,Swiggy,Snacks,COCO,KA,228.2,221.8,0.0,430.0,0,2,51.58139534883721,114.1,100-200,50%-60%
Frozen Bottle,2026-07-30,WK 31,ITPL,Zomato,Dinner,COCO,KA,1225.5,945.5,61.3,2091.0,0,3,45.21759923481588,408.5,400-500,40%-50%
Frozen Bottle,2026-07-30,WK 31,ITPL,Zomato,Late Night,COCO,KA,554.0,185.0,27.72,709.0,0,3,26.093088857545837,184.66666666666666,100-200,20%-30%
Frozen Bottle,2026-07-30,WK 31,ITPL,Zomato,Lunch,COCO,KA,878.7,768.3,43.96,1587.0,0,4,48.412098298676746,219.675,200-300,40%-50%
Frozen Bottle,2026-07-30,WK 31,ITPL,Zomato,Snacks,COCO,KA,219.0,199.0,10.96,398.0,0,1,50.0,219.0,200-300,40%-50%
Frozen Bottle,2026-07-30,WK 31,Indiranagar - CK,Ownly,Dinner,COCO,KA,329.0,0.0,16.46,329.0,0,1,0.0,329.0,300-400,0%
Frozen Bottle,2026-07-30,WK 31,Indiranagar - CK,Swiggy,Dinner,COCO,KA,2091.2,926.8,0.0,2908.0,0,8,31.870701513067402,261.4,200-300,30%-40%
Frozen Bottle,2026-07-30,WK 31,Indiranagar - CK,Swiggy,Lunch,COCO,KA,1092.0,611.0,0.0,1623.0,0,2,37.64633394947628,546.0,500-600,30%-40%
Frozen Bottle,2026-07-30,WK 31,Indiranagar - CK,Swiggy,Snacks,COCO,KA,982.01,143.84,0.0,1075.85,0,2,13.369893572524052,491.005,400-500,10%-20%
Frozen Bottle,2026-07-30,WK 31,Indiranagar - CK,Zomato,Dinner,COCO,KA,3968.7799999999997,3231.39,198.54,6940.17,0,15,46.56067502669243,264.5853333333333,200-300,40%-50%
Frozen Bottle,2026-07-30,WK 31,Indiranagar - CK,Zomato,Late Night,COCO,KA,270.0,60.0,13.5,320.0,0,1,18.75,270.0,200-300,10%-20%
Frozen Bottle,2026-07-30,WK 31,Indiranagar - CK,Zomato,Lunch,COCO,KA,1122.2,1025.8,56.160000000000004,2048.0,0,5,50.087890625,224.44,200-300,50%-60%
Frozen Bottle,2026-07-30,WK 31,Indiranagar - CK,Zomato,Snacks,COCO,KA,460.0,391.0,23.0,821.0,0,2,47.62484774665043,230.0,200-300,40%-50%
Frozen Bottle,2026-07-30,WK 31,Iyyappanthangal - CK,Swiggy,Dinner,COCO,TN,3405.12,2539.88,0.0,5725.0,0,14,44.364716157205244,243.22285714285712,200-300,40%-50%
Frozen Bottle,2026-07-30,WK 31,Iyyappanthangal - CK,Swiggy,Late Night,COCO,TN,919.56,640.44,0.0,1500.0,0,5,42.696000000000005,183.91199999999998,100-200,40%-50%
Frozen Bottle,2026-07-30,WK 31,Iyyappanthangal - CK,Swiggy,Lunch,COCO,TN,2489.56,910.44,0.0,3310.0,0,4,27.505740181268884,622.39,600-900,20%-30%
Frozen Bottle,2026-07-30,WK 31,Iyyappanthangal - CK,Swiggy,Snacks,COCO,TN,1646.0,812.0,0.0,2368.0,0,6,34.29054054054054,274.3333333333333,200-300,30%-40%
Frozen Bottle,2026-07-30,WK 31,Iyyappanthangal - CK,Zomato,Dinner,COCO,TN,1154.5,975.5,57.74,2060.0,0,4,47.35436893203884,288.625,200-300,40%-50%
Frozen Bottle,2026-07-30,WK 31,Iyyappanthangal - CK,Zomato,Late Night,COCO,TN,665.0,195.0,33.260000000000005,830.0,0,2,23.49397590361446,332.5,300-400,20%-30%
Frozen Bottle,2026-07-30,WK 31,Iyyappanthangal - CK,Zomato,Lunch,COCO,TN,1365.0,1135.0,68.28,2420.0,0,5,46.90082644628099,273.0,200-300,40%-50%
Frozen Bottle,2026-07-30,WK 31,Iyyappanthangal - CK,Zomato,Snacks,COCO,TN,577.0,290.0,28.86,837.0,0,2,34.64755077658304,288.5,200-300,30%-40%
Frozen Bottle,2026-07-30,WK 31,JP Nagar,In Store,Dinner,COCO,KA,2631.5,437.99,131.64000000000001,3069.49,0,16,14.26914568869747,164.46875,100-200,10%-20%
Frozen Bottle,2026-07-30,WK 31,JP Nagar,In Store,Late Night,COCO,KA,707.07,0.0,35.36,707.07,0,1,0.0,707.07,600-900,0%
Frozen Bottle,2026-07-30,WK 31,JP Nagar,In Store,Lunch,COCO,KA,492.71000000000004,198.03,24.66,690.74,0,5,28.669253264614763,98.542,0-100,20%-30%
Frozen Bottle,2026-07-30,WK 31,JP Nagar,In Store,Snacks,COCO,KA,1561.54,0.0,78.1,1561.54,0,6,0.0,260.25666666666666,200-300,0%
Frozen Bottle,2026-07-30,WK 31,JP Nagar,Ownly,Dinner,COCO,KA,82.0,0.0,4.1,82.0,0,1,0.0,82.0,0-100,0%
Frozen Bottle,2026-07-30,WK 31,JP Nagar,Swiggy,Breakfast,COCO,KA,347.0,213.0,0.0,540.0,0,2,39.44444444444444,173.5,100-200,30%-40%
Frozen Bottle,2026-07-30,WK 31,JP Nagar,Swiggy,Dinner,COCO,KA,1751.0,1078.0,0.0,2749.0,0,9,39.2142597308112,194.55555555555554,100-200,30%-40%
Frozen Bottle,2026-07-30,WK 31,JP Nagar,Swiggy,Late Night,COCO,KA,1253.01,464.99,0.0,1658.0,0,3,28.045235223160436,417.67,400-500,20%-30%
Frozen Bottle,2026-07-30,WK 31,JP Nagar,Swiggy,Lunch,COCO,KA,804.0,480.0,0.0,1264.0,0,3,37.9746835443038,268.0,200-300,30%-40%
Frozen Bottle,2026-07-30,WK 31,JP Nagar,Swiggy,Snacks,COCO,KA,924.2,405.8,0.0,1290.0,0,4,31.45736434108527,231.05,200-300,30%-40%
Frozen Bottle,2026-07-30,WK 31,JP Nagar,Zomato,Dinner,COCO,KA,2047.6999999999998,1626.31,102.42,3554.01,0,6,45.759859989139024,341.2833333333333,300-400,40%-50%
Frozen Bottle,2026-07-30,WK 31,JP Nagar,Zomato,Lunch,COCO,KA,985.0,907.0,49.28,1832.0,0,3,49.50873362445415,328.3333333333333,300-400,40%-50%
Frozen Bottle,2026-07-30,WK 31,JP Nagar,Zomato,Snacks,COCO,KA,980.0,171.0,49.019999999999996,1111.0,0,2,15.391539153915392,490.0,400-500,10%-20%
Frozen Bottle,2026-07-30,WK 31,Jalna,Zomato,Dinner,FOFO,MH,183.33,0.0,9.16,173.33,0,1,0.0,183.33,100-200,0%
Frozen Bottle,2026-07-30,WK 31,Jalna,Zomato,Snacks,FOFO,MH,321.0,80.0,16.06,381.0,0,1,20.99737532808399,321.0,300-400,20%-30%
Frozen Bottle,2026-07-30,WK 31,Jamshedpur,In Store,Dinner,FOFO,ROI,951.0,400.0,47.58,1351.0,0,4,29.607698001480387,237.75,200-300,20%-30%
Frozen Bottle,2026-07-30,WK 31,Jamshedpur,In Store,Lunch,FOFO,ROI,139.0,0.0,6.96,139.0,0,1,0.0,139.0,100-200,0%
Frozen Bottle,2026-07-30,WK 31,Jamshedpur,In Store,Snacks,FOFO,ROI,386.05,200.0,19.32,586.05,0,3,34.12678099138299,128.68333333333334,100-200,30%-40%
Frozen Bottle,2026-07-30,WK 31,Jamshedpur,Zomato,Dinner,FOFO,ROI,683.0,75.0,34.16,728.0,0,2,10.302197802197801,341.5,300-400,10%-20%
Frozen Bottle,2026-07-30,WK 31,Jamshedpur,Zomato,Snacks,FOFO,ROI,171.0,69.0,8.56,230.0,0,1,30.0,171.0,100-200,20%-30%
Frozen Bottle,2026-07-30,WK 31,Jim Corbett,In Store,Dinner,FOFO,ROI,3416.0,0.0,170.8,3416.0,0,2,0.0,1708.0,>900,0%
Frozen Bottle,2026-07-30,WK 31,Jim Corbett,In Store,Lunch,FOFO,ROI,338.0,0.0,16.9,338.0,0,1,0.0,338.0,300-400,0%
Frozen Bottle,2026-07-30,WK 31,Jim Corbett,Zomato,Dinner,FOFO,ROI,829.0,150.0,41.46,949.0,0,1,15.806111696522656,829.0,600-900,10%-20%
Frozen Bottle,2026-07-30,WK 31,Jubilee Hills,In Store,Dinner,FOFO,AP & TL,1382.0,0.0,69.16,1382.0,0,7,0.0,197.42857142857142,100-200,0%
Frozen Bottle,2026-07-30,WK 31,Jubilee Hills,In Store,Lunch,FOFO,AP & TL,137.0,0.0,6.86,137.0,0,2,0.0,68.5,0-100,0%
Frozen Bottle,2026-07-30,WK 31,Jubilee Hills,In Store,Snacks,FOFO,AP & TL,205.0,0.0,10.26,205.0,0,3,0.0,68.33333333333333,0-100,0%
Frozen Bottle,2026-07-30,WK 31,Jubilee Hills,Swiggy,Dinner,FOFO,AP & TL,780.0,0.0,0.0,750.0,0,2,0.0,390.0,300-400,0%
Frozen Bottle,2026-07-30,WK 31,Jubilee Hills,Swiggy,Lunch,FOFO,AP & TL,269.0,0.0,0.0,259.0,0,1,0.0,269.0,200-300,0%
Frozen Bottle,2026-07-30,WK 31,Jubilee Hills,Swiggy,Snacks,FOFO,AP & TL,741.0,0.0,0.0,721.0,0,1,0.0,741.0,600-900,0%
Frozen Bottle,2026-07-30,WK 31,Jubilee Hills,Zomato,Dinner,FOFO,AP & TL,1748.0,0.0,87.42,1688.0,0,5,0.0,349.6,300-400,0%
Frozen Bottle,2026-07-30,WK 31,Jubilee Hills,Zomato,Snacks,FOFO,AP & TL,775.0,125.0,38.76,870.0,0,1,14.367816091954023,775.0,600-900,10%-20%
Frozen Bottle,2026-07-30,WK 31,Kadubisanahalli - CF CK,Swiggy,Dinner,COCO,KA,1072.0,749.0,0.0,1761.0,0,4,42.532651902328226,268.0,200-300,40%-50%
Frozen Bottle,2026-07-30,WK 31,Kadubisanahalli - CF CK,Swiggy,Late Night,COCO,KA,376.0,394.0,0.0,740.0,0,2,53.24324324324324,188.0,100-200,50%-60%
Frozen Bottle,2026-07-30,WK 31,Kadubisanahalli - CF CK,Swiggy,Snacks,COCO,KA,427.0,313.0,0.0,740.0,0,1,42.2972972972973,427.0,400-500,40%-50%
Frozen Bottle,2026-07-30,WK 31,Kadubisanahalli - CF CK,Zomato,Dinner,COCO,KA,407.0,473.0,20.36,860.0,0,1,55.00000000000001,407.0,400-500,50%-60%
Frozen Bottle,2026-07-30,WK 31,Kadubisanahalli - CF CK,Zomato,Late Night,COCO,KA,1096.5,1022.5,54.84,2049.0,0,3,49.90239141044412,365.5,300-400,40%-50%
Frozen Bottle,2026-07-30,WK 31,Kadubisanahalli - CF CK,Zomato,Snacks,COCO,KA,995.0,735.0,49.760000000000005,1670.0,0,3,44.01197604790419,331.6666666666667,300-400,40%-50%
Frozen Bottle,2026-07-30,WK 31,Kakkanad,In Store,Closing,COCO,Kerela,88.0,0.0,4.4,88.0,0,1,0.0,88.0,0-100,0%
Frozen Bottle,2026-07-30,WK 31,Kakkanad,In Store,Dinner,COCO,Kerela,39.0,0.0,1.96,39.0,0,1,0.0,39.0,0-100,0%
Frozen Bottle,2026-07-30,WK 31,Kakkanad,In Store,Late Night,COCO,Kerela,127.0,0.0,6.36,127.0,0,1,0.0,127.0,100-200,0%
Frozen Bottle,2026-07-30,WK 31,Kakkanad,In Store,Snacks,COCO,Kerela,278.0,0.0,13.9,278.0,0,1,0.0,278.0,200-300,0%
Frozen Bottle,2026-07-30,WK 31,Kakkanad,Swiggy,Closing,COCO,Kerela,198.0,211.0,0.0,409.0,0,1,51.58924205378973,198.0,100-200,50%-60%
Frozen Bottle,2026-07-30,WK 31,Kakkanad,Swiggy,Dinner,COCO,Kerela,3003.12,2458.88,0.0,5282.0,0,15,46.55206361226808,200.208,200-300,40%-50%
Frozen Bottle,2026-07-30,WK 31,Kakkanad,Swiggy,Late Night,COCO,Kerela,2832.0,1482.0,0.0,4184.0,0,8,35.4206500956023,354.0,300-400,30%-40%
Frozen Bottle,2026-07-30,WK 31,Kakkanad,Swiggy,Lunch,COCO,Kerela,2381.0,1063.0,0.0,3344.0,0,10,31.78827751196172,238.1,200-300,30%-40%
Frozen Bottle,2026-07-30,WK 31,Kakkanad,Swiggy,Snacks,COCO,Kerela,1202.0,667.0,0.0,1809.0,0,4,36.87119955776672,300.5,300-400,30%-40%
Frozen Bottle,2026-07-30,WK 31,Kakkanad,Zomato,Dinner,COCO,Kerela,1636.6,1703.4,81.86,3240.0,0,7,52.574074074074076,233.79999999999998,200-300,50%-60%
Frozen Bottle,2026-07-30,WK 31,Kakkanad,Zomato,Late Night,COCO,Kerela,320.0,300.0,16.0,600.0,0,1,50.0,320.0,300-400,40%-50%
Frozen Bottle,2026-07-30,WK 31,Kakkanad,Zomato,Lunch,COCO,Kerela,1226.0,906.0,61.32,2052.0,0,4,44.15204678362573,306.5,300-400,40%-50%
Frozen Bottle,2026-07-30,WK 31,Kakkanad,Zomato,Snacks,COCO,Kerela,967.0,774.0,48.36,1681.0,0,4,46.04402141582391,241.75,200-300,40%-50%
Frozen Bottle,2026-07-30,WK 31,Kakkanad-2,In Store,Dinner,FOFO,Kerela,2100.0,0.0,105.03999999999999,2100.0,0,6,0.0,350.0,300-400,0%
Frozen Bottle,2026-07-30,WK 31,Kakkanad-2,In Store,Lunch,FOFO,Kerela,249.0,0.0,12.46,249.0,0,1,0.0,249.0,200-300,0%
Frozen Bottle,2026-07-30,WK 31,Kakkanad-2,In Store,Snacks,FOFO,Kerela,209.0,0.0,10.46,209.0,0,1,0.0,209.0,200-300,0%
Frozen Bottle,2026-07-30,WK 31,Kakkanad-2,Swiggy,Dinner,FOFO,Kerela,1117.0,30.0,0.0,1117.0,0,2,2.685765443151298,558.5,500-600,1%-10%
Frozen Bottle,2026-07-30,WK 31,Kakkanad-2,Swiggy,Lunch,FOFO,Kerela,331.0,0.0,0.0,321.0,0,1,0.0,331.0,300-400,0%
Frozen Bottle,2026-07-30,WK 31,Kakkanad-2,Swiggy,Snacks,FOFO,Kerela,540.0,0.0,0.0,520.0,0,1,0.0,540.0,500-600,0%
Frozen Bottle,2026-07-30,WK 31,Kalyan,In Store,Dinner,COCO,MH,2094.37,612.6800000000001,104.76,2707.05,0,7,22.632755213239506,299.19571428571425,200-300,20%-30%
Frozen Bottle,2026-07-30,WK 31,Kalyan,In Store,Lunch,COCO,MH,249.86,325.6,12.5,575.46,0,2,56.5808222986828,124.93,100-200,50%-60%
Frozen Bottle,2026-07-30,WK 31,Kalyan,In Store,Snacks,COCO,MH,1192.48,515.98,59.64,1708.46,0,5,30.201467988714985,238.496,200-300,30%-40%
Frozen Bottle,2026-07-30,WK 31,Kalyan,Swiggy,Dinner,COCO,MH,2480.02,888.31,0.0,3258.33,0,7,27.262738887712416,354.2885714285714,300-400,20%-30%
Frozen Bottle,2026-07-30,WK 31,Kalyan,Swiggy,Late Night,COCO,MH,547.0,424.0,0.0,961.0,0,2,44.1207075962539,273.5,200-300,40%-50%
Frozen Bottle,2026-07-30,WK 31,Kalyan,Swiggy,Lunch,COCO,MH,308.0,273.0,0.0,561.0,0,2,48.663101604278076,154.0,100-200,40%-50%
Frozen Bottle,2026-07-30,WK 31,Kalyan,Swiggy,Snacks,COCO,MH,1016.6800000000001,850.3199999999999,0.0,1797.0,0,6,47.31886477462437,169.4466666666667,100-200,40%-50%
Frozen Bottle,2026-07-30,WK 31,Kalyan,Zomato,Dinner,COCO,MH,3989.0,3163.0,199.5,6902.0,0,14,45.827296435815704,284.92857142857144,200-300,40%-50%
Frozen Bottle,2026-07-30,WK 31,Kalyan,Zomato,Late Night,COCO,MH,455.0,425.0,22.78,850.0,0,3,50.0,151.66666666666666,100-200,40%-50%
Frozen Bottle,2026-07-30,WK 31,Kalyan,Zomato,Lunch,COCO,MH,370.0,270.0,18.5,620.0,0,2,43.54838709677419,185.0,100-200,40%-50%
Frozen Bottle,2026-07-30,WK 31,Kalyan,Zomato,Snacks,COCO,MH,1808.5,1337.5,90.46000000000001,3026.0,0,6,44.200264375413084,301.4166666666667,300-400,40%-50%
Frozen Bottle,2026-07-30,WK 31,Kammanhalli,In Store,Dinner,COCO,KA,3250.63,0.0,162.62,3250.63,0,14,0.0,232.18785714285715,200-300,0%
Frozen Bottle,2026-07-30,WK 31,Kammanhalli,In Store,Late Night,COCO,KA,480.28,0.0,24.04,480.28,0,3,0.0,160.09333333333333,100-200,0%
Frozen Bottle,2026-07-30,WK 31,Kammanhalli,In Store,Lunch,COCO,KA,397.0,0.0,19.86,397.0,0,2,0.0,198.5,100-200,0%
Frozen Bottle,2026-07-30,WK 31,Kammanhalli,In Store,Snacks,COCO,KA,1169.69,0.0,58.52,1169.69,0,7,0.0,167.09857142857143,100-200,0%
Frozen Bottle,2026-07-30,WK 31,Kammanhalli,Ownly,Dinner,COCO,KA,328.0,0.0,16.42,328.0,0,2,0.0,164.0,100-200,0%
Frozen Bottle,2026-07-30,WK 31,Kammanhalli,Swiggy,Dinner,COCO,KA,5281.18,2486.15,0.0,7427.33,0,20,33.47299769903855,264.059,200-300,30%-40%
Frozen Bottle,2026-07-30,WK 31,Kammanhalli,Swiggy,Late Night,COCO,KA,3259.34,2374.02,0.0,5413.36,0,13,43.85483322742253,250.71846153846155,200-300,40%-50%
Frozen Bottle,2026-07-30,WK 31,Kammanhalli,Swiggy,Lunch,COCO,KA,453.0,363.0,0.0,786.0,0,3,46.18320610687023,151.0,100-200,40%-50%
Frozen Bottle,2026-07-30,WK 31,Kammanhalli,Swiggy,Snacks,COCO,KA,2905.2,1744.13,0.0,4499.33,0,10,38.764216005494156,290.52,200-300,30%-40%
Frozen Bottle,2026-07-30,WK 31,Kammanhalli,Zomato,Dinner,COCO,KA,2002.7,1703.3,100.16,3566.0,0,8,47.76500280426248,250.3375,200-300,40%-50%
Frozen Bottle,2026-07-30,WK 31,Kammanhalli,Zomato,Late Night,COCO,KA,1617.87,766.98,80.92,2294.85,0,7,33.421792274004844,231.1242857142857,200-300,30%-40%
Frozen Bottle,2026-07-30,WK 31,Kammanhalli,Zomato,Lunch,COCO,KA,341.0,320.0,17.06,641.0,0,1,49.921996879875195,341.0,300-400,40%-50%
Frozen Bottle,2026-07-30,WK 31,Kammanhalli,Zomato,Snacks,COCO,KA,1436.1,1372.9,71.82,2699.0,0,4,50.86698777324935,359.025,300-400,50%-60%
Frozen Bottle,2026-07-30,WK 31,Kamothe,In Store,Dinner,COCO,MH,944.0799999999999,381.92,47.24,1326.0,0,6,28.80241327300151,157.34666666666666,100-200,20%-30%
Frozen Bottle,2026-07-30,WK 31,Kamothe,In Store,Snacks,COCO,MH,123.38,114.62,6.16,238.0,0,1,48.15966386554622,123.38,100-200,40%-50%
Frozen Bottle,2026-07-30,WK 31,Kamothe,Swiggy,Dinner,COCO,MH,228.0,112.0,0.0,330.0,0,1,33.939393939393945,228.0,200-300,30%-40%
Frozen Bottle,2026-07-30,WK 31,Kamothe,Swiggy,Late Night,COCO,MH,2439.2799999999997,692.72,0.0,3032.0,0,3,22.846965699208443,813.0933333333332,600-900,20%-30%
Frozen Bottle,2026-07-30,WK 31,Kamothe,Swiggy,Lunch,COCO,MH,457.0,374.0,0.0,821.0,0,2,45.55420219244824,228.5,200-300,40%-50%
Frozen Bottle,2026-07-30,WK 31,Kamothe,Swiggy,Snacks,COCO,MH,158.0,180.0,0.0,318.0,0,1,56.60377358490566,158.0,100-200,50%-60%
Frozen Bottle,2026-07-30,WK 31,Kamothe,Zomato,Dinner,COCO,MH,955.0,725.0,47.76,1630.0,0,3,44.47852760736196,318.3333333333333,300-400,40%-50%
Frozen Bottle,2026-07-30,WK 31,Kamothe,Zomato,Lunch,COCO,MH,155.0,145.0,7.76,290.0,0,1,50.0,155.0,100-200,40%-50%
Frozen Bottle,2026-07-30,WK 31,Kamothe,Zomato,Snacks,COCO,MH,175.0,165.0,8.76,330.0,0,1,50.0,175.0,100-200,40%-50%
Frozen Bottle,2026-07-30,WK 31,Kanakapura,In Store,Dinner,COCO,KA,1094.83,191.31,54.78,1286.1399999999999,0,9,14.874741474489559,121.64777777777778,100-200,10%-20%
Frozen Bottle,2026-07-30,WK 31,Kanakapura,In Store,Late Night,COCO,KA,468.72,157.28,23.46,626.0,0,3,25.124600638977633,156.24,100-200,20%-30%
Frozen Bottle,2026-07-30,WK 31,Kanakapura,In Store,Lunch,COCO,KA,358.0,0.0,17.92,358.0,0,2,0.0,179.0,100-200,0%
Frozen Bottle,2026-07-30,WK 31,Kanakapura,Swiggy,Dinner,COCO,KA,1148.0,1013.0,0.0,2091.0,0,6,48.44571975131516,191.33333333333334,100-200,40%-50%
Frozen Bottle,2026-07-30,WK 31,Kanakapura,Swiggy,Late Night,COCO,KA,804.56,542.44,0.0,1327.0,0,3,40.87716654107009,268.18666666666667,200-300,40%-50%
Frozen Bottle,2026-07-30,WK 31,Kanakapura,Swiggy,Lunch,COCO,KA,1236.56,889.44,0.0,2036.0,0,6,43.685658153241654,206.09333333333333,200-300,40%-50%
Frozen Bottle,2026-07-30,WK 31,Kanakapura,Swiggy,Snacks,COCO,KA,783.0,543.0,0.0,1266.0,0,3,42.89099526066351,261.0,200-300,40%-50%
Frozen Bottle,2026-07-30,WK 31,Kanakapura,Zomato,Dinner,COCO,KA,1602.9,1536.1,80.16,3029.0,0,7,50.713106635853414,228.9857142857143,200-300,50%-60%
Frozen Bottle,2026-07-30,WK 31,Kanakapura,Zomato,Late Night,COCO,KA,1331.96,661.37,66.62,1923.33,0,4,34.386714708344385,332.99,300-400,30%-40%
Frozen Bottle,2026-07-30,WK 31,Kanakapura,Zomato,Lunch,COCO,KA,190.82,89.18,9.54,270.0,0,1,33.02962962962963,190.82,100-200,30%-40%
Frozen Bottle,2026-07-30,WK 31,Kanakapura,Zomato,Snacks,COCO,KA,1426.1,1296.9,71.34,2633.0,0,4,49.25560197493354,356.525,300-400,40%-50%
Frozen Bottle,2026-07-30,WK 31,Kancheepuram,In Store,Dinner,FOFO,TN,13035.73,11540.0,652.04,24575.73,0,54,46.95689609220153,241.4024074074074,200-300,40%-50%
Frozen Bottle,2026-07-30,WK 31,Kancheepuram,In Store,Lunch,FOFO,TN,6510.25,5960.0,325.7,12470.25,0,29,47.79374912291253,224.49137931034483,200-300,40%-50%
Frozen Bottle,2026-07-30,WK 31,Kancheepuram,In Store,Snacks,FOFO,TN,7585.02,6455.88,379.46,14040.9,0,43,45.97910390359593,176.39581395348839,100-200,40%-50%
Frozen Bottle,2026-07-30,WK 31,Kanuru,In Store,Dinner,FOFO,AP & TL,527.0,0.0,26.36,527.0,0,2,0.0,263.5,200-300,0%
Frozen Bottle,2026-07-30,WK 31,Kanuru,Swiggy,Closing,FOFO,AP & TL,330.0,0.0,0.0,320.0,0,1,0.0,330.0,300-400,0%
Frozen Bottle,2026-07-30,WK 31,Kanuru,Swiggy,Dinner,FOFO,AP & TL,649.0,0.0,0.0,629.0,0,2,0.0,324.5,300-400,0%
Frozen Bottle,2026-07-30,WK 31,Kanuru,Swiggy,Lunch,FOFO,AP & TL,340.0,0.0,0.0,330.0,0,1,0.0,340.0,300-400,0%
Frozen Bottle,2026-07-30,WK 31,Kanuru,Swiggy,Snacks,FOFO,AP & TL,577.0,163.0,0.0,730.0,0,3,22.328767123287673,192.33333333333334,100-200,20%-30%
Frozen Bottle,2026-07-30,WK 31,Kanuru,Zomato,Dinner,FOFO,AP & TL,3025.0,100.01,151.24,3005.01,0,6,3.3281087250957566,504.1666666666667,500-600,1%-10%
Frozen Bottle,2026-07-30,WK 31,Karaikal,In Store,Dinner,FOFO,TN,4394.23,0.0,219.76,4394.23,0,10,0.0,439.42299999999994,400-500,0%
Frozen Bottle,2026-07-30,WK 31,Karaikal,In Store,Lunch,FOFO,TN,985.0,0.0,49.24,985.0,0,2,0.0,492.5,400-500,0%
Frozen Bottle,2026-07-30,WK 31,Karaikal,In Store,Snacks,FOFO,TN,2619.0,0.0,130.98,2619.0,0,8,0.0,327.375,300-400,0%
Frozen Bottle,2026-07-30,WK 31,Karaikal,Swiggy,Dinner,FOFO,TN,1239.0,0.0,0.0,1199.0,0,2,0.0,619.5,600-900,0%
Frozen Bottle,2026-07-30,WK 31,Karaikal,Zomato,Dinner,FOFO,TN,1251.0,0.0,62.58,1201.0,0,2,0.0,625.5,600-900,0%
Frozen Bottle,2026-07-30,WK 31,Karaikal,Zomato,Snacks,FOFO,TN,641.0,0.0,32.06,621.0,0,1,0.0,641.0,600-900,0%
Frozen Bottle,2026-07-30,WK 31,Kazhakkoottam,In Store,Dinner,FOFO,Kerela,3467.05,0.0,173.4,3467.05,0,8,0.0,433.38125,400-500,0%
Frozen Bottle,2026-07-30,WK 31,Kazhakkoottam,In Store,Late Night,FOFO,Kerela,239.0,0.0,11.96,239.0,0,1,0.0,239.0,200-300,0%
Frozen Bottle,2026-07-30,WK 31,Kazhakkoottam,In Store,Snacks,FOFO,Kerela,716.0,0.0,35.82,716.0,0,2,0.0,358.0,300-400,0%
Frozen Bottle,2026-07-30,WK 31,Kazhakkoottam,Swiggy,Dinner,FOFO,Kerela,930.0,0.0,0.0,900.0,0,3,0.0,310.0,300-400,0%
Frozen Bottle,2026-07-30,WK 31,Kazhakkoottam,Swiggy,Lunch,FOFO,Kerela,210.0,0.0,0.0,200.0,0,1,0.0,210.0,200-300,0%
Frozen Bottle,2026-07-30,WK 31,Kazhakkoottam,Swiggy,Snacks,FOFO,Kerela,600.0,0.0,0.0,580.0,0,1,0.0,600.0,500-600,0%
Frozen Bottle,2026-07-30,WK 31,Kazhakkoottam,Zomato,Dinner,FOFO,Kerela,756.0,155.0,37.8,871.0,0,3,17.795637198622273,252.0,200-300,10%-20%
Frozen Bottle,2026-07-30,WK 31,Kazhakkoottam,Zomato,Lunch,FOFO,Kerela,258.0,160.0,12.92,398.0,0,2,40.20100502512563,129.0,100-200,40%-50%
Frozen Bottle,2026-07-30,WK 31,Kazhakkoottam,Zomato,Snacks,FOFO,Kerela,160.0,80.0,8.0,230.0,0,1,34.78260869565217,160.0,100-200,30%-40%
Frozen Bottle,2026-07-30,WK 31,Kempfort,In Store,Dinner,COCO,KA,1965.46,0.0,98.34,1965.46,0,11,0.0,178.67818181818183,100-200,0%
Frozen Bottle,2026-07-30,WK 31,Kempfort,In Store,Late Night,COCO,KA,224.23,0.0,11.22,224.23,0,1,0.0,224.23,200-300,0%
Frozen Bottle,2026-07-30,WK 31,Kempfort,In Store,Lunch,COCO,KA,88.05,0.0,4.42,88.05,0,2,0.0,44.025,0-100,0%
Frozen Bottle,2026-07-30,WK 31,Kempfort,In Store,Snacks,COCO,KA,1022.51,0.0,51.16,1022.51,0,6,0.0,170.41833333333332,100-200,0%
Frozen Bottle,2026-07-30,WK 31,Kempfort,Ownly,Dinner,COCO,KA,337.0,0.0,16.86,337.0,0,1,0.0,337.0,300-400,0%
Frozen Bottle,2026-07-30,WK 31,Kempfort,Swiggy,Dinner,COCO,KA,3730.09,2289.75,0.0,5779.84,0,18,39.61614854390433,207.22722222222222,200-300,30%-40%
Frozen Bottle,2026-07-30,WK 31,Kempfort,Swiggy,Late Night,COCO,KA,2208.52,1561.81,0.0,3620.33,0,12,43.139990000911524,184.04333333333332,100-200,40%-50%
Frozen Bottle,2026-07-30,WK 31,Kempfort,Swiggy,Lunch,COCO,KA,566.56,232.44,0.0,769.0,0,3,30.226267880364112,188.85333333333332,100-200,30%-40%
Frozen Bottle,2026-07-30,WK 31,Kempfort,Swiggy,Snacks,COCO,KA,90.0,109.0,0.0,199.0,0,1,54.773869346733676,90.0,0-100,50%-60%
Frozen Bottle,2026-07-30,WK 31,Kempfort,Zomato,Dinner,COCO,KA,1960.2,1781.8,98.08000000000001,3612.0,0,6,49.330011074197124,326.7,300-400,40%-50%
Frozen Bottle,2026-07-30,WK 31,Kempfort,Zomato,Late Night,COCO,KA,798.3,327.7,39.94,1076.0,0,3,30.455390334572492,266.09999999999997,200-300,30%-40%
Frozen Bottle,2026-07-30,WK 31,Kempfort,Zomato,Lunch,COCO,KA,88.01,90.99,4.4,169.0,0,1,53.84023668639053,88.01,0-100,50%-60%
Frozen Bottle,2026-07-30,WK 31,Kempfort,Zomato,Snacks,COCO,KA,206.0,135.0,10.3,331.0,0,1,40.78549848942598,206.0,200-300,40%-50%
Frozen Bottle,2026-07-30,WK 31,Kengeri,In Store,Dinner,FOFO,KA,337.0,0.0,16.880000000000003,337.0,0,3,0.0,112.33333333333333,100-200,0%
Frozen Bottle,2026-07-30,WK 31,Kengeri,In Store,Lunch,FOFO,KA,264.23,0.0,13.22,264.23,0,1,0.0,264.23,200-300,0%
Frozen Bottle,2026-07-30,WK 31,Kengeri,Swiggy,Snacks,FOFO,KA,321.0,278.0,0.0,599.0,0,2,46.410684474123535,160.5,100-200,40%-50%
Frozen Bottle,2026-07-30,WK 31,Kengeri,Zomato,Dinner,FOFO,KA,550.0,150.0,27.5,670.0,0,2,22.388059701492537,275.0,200-300,20%-30%
Frozen Bottle,2026-07-30,WK 31,Kengeri,Zomato,Late Night,FOFO,KA,1147.0,150.0,57.379999999999995,1247.0,0,2,12.028869286287089,573.5,500-600,10%-20%
Frozen Bottle,2026-07-30,WK 31,Kengeri,Zomato,Lunch,FOFO,KA,149.3,59.7,7.46,199.0,0,1,30.0,149.3,100-200,20%-30%
Frozen Bottle,2026-07-30,WK 31,Khar,Swiggy,Closing,COCO,MH,109.0,121.0,0.0,230.0,0,1,52.60869565217391,109.0,100-200,50%-60%
Frozen Bottle,2026-07-30,WK 31,Khar,Swiggy,Dinner,COCO,MH,1287.4,1058.6,0.0,2256.0,0,8,46.923758865248224,160.925,100-200,40%-50%
Frozen Bottle,2026-07-30,WK 31,Khar,Swiggy,Late Night,COCO,MH,2568.75,1288.92,0.0,3697.67,0,8,34.85762655942797,321.09375,300-400,30%-40%
Frozen Bottle,2026-07-30,WK 31,Khar,Swiggy,Lunch,COCO,MH,2130.2,1054.8,0.0,3065.0,0,5,34.41435562805872,426.03999999999996,400-500,30%-40%
Frozen Bottle,2026-07-30,WK 31,Khar,Swiggy,Snacks,COCO,MH,226.56,191.44,0.0,398.0,0,2,48.10050251256281,113.28,100-200,40%-50%
Frozen Bottle,2026-07-30,WK 31,Khar,Zomato,Dinner,COCO,MH,4562.1,3043.9,228.16000000000003,7396.0,0,10,41.156030286641425,456.21000000000004,400-500,40%-50%
Frozen Bottle,2026-07-30,WK 31,Khar,Zomato,Lunch,COCO,MH,2709.0,2639.0,135.46,5278.0,0,3,50.0,903.0,>900,40%-50%
Frozen Bottle,2026-07-30,WK 31,Khar,Zomato,Snacks,COCO,MH,1117.7,967.3,55.92,2015.0,0,3,48.00496277915632,372.56666666666666,300-400,40%-50%
Frozen Bottle,2026-07-30,WK 31,Kharghar,Swiggy,Closing,FOFO,MH,468.0,216.0,0.0,644.0,0,1,33.54037267080746,468.0,400-500,30%-40%
Frozen Bottle,2026-07-30,WK 31,Kharghar,Swiggy,Dinner,FOFO,MH,1034.0,493.0,0.0,1477.0,0,3,33.37846987136086,344.6666666666667,300-400,30%-40%
Frozen Bottle,2026-07-30,WK 31,Kharghar,Swiggy,Late Night,FOFO,MH,245.0,64.0,0.0,299.0,0,1,21.40468227424749,245.0,200-300,20%-30%
Frozen Bottle,2026-07-30,WK 31,Kharghar,Swiggy,Snacks,FOFO,MH,248.0,201.0,0.0,429.0,0,1,46.85314685314685,248.0,200-300,40%-50%
Frozen Bottle,2026-07-30,WK 31,Kharghar,Zomato,Closing,FOFO,MH,265.0,75.0,13.26,330.0,0,1,22.727272727272727,265.0,200-300,20%-30%
Frozen Bottle,2026-07-30,WK 31,Kharghar,Zomato,Dinner,FOFO,MH,3380.2,1055.8,169.02,4296.0,0,7,24.57635009310987,482.88571428571424,400-500,20%-30%
Frozen Bottle,2026-07-30,WK 31,Kharghar,Zomato,Late Night,FOFO,MH,758.0,0.0,37.9,738.0,0,1,0.0,758.0,600-900,0%
Frozen Bottle,2026-07-30,WK 31,Kharghar,Zomato,Lunch,FOFO,MH,189.0,100.0,9.46,279.0,0,1,35.842293906810035,189.0,100-200,30%-40%
Frozen Bottle,2026-07-30,WK 31,Kharghar,Zomato,Snacks,FOFO,MH,1091.0,75.0,54.58,1116.0,0,2,6.720430107526881,545.5,500-600,1%-10%
Frozen Bottle,2026-07-30,WK 31,Kolar- Highway Star,In Store,Dinner,COCO,KA,1109.23,0.0,55.48,1109.23,0,3,0.0,369.74333333333334,300-400,0%
Frozen Bottle,2026-07-30,WK 31,Kolar- Highway Star,In Store,Lunch,COCO,KA,1752.0,249.0,87.62,2001.0,0,4,12.443778110944528,438.0,400-500,10%-20%
Frozen Bottle,2026-07-30,WK 31,Kolar- Highway Star,In Store,Snacks,COCO,KA,1225.0,418.0,61.26,1643.0,0,3,25.441265976871573,408.3333333333333,400-500,20%-30%
Frozen Bottle,2026-07-30,WK 31,Kolar- Highway Star,Swiggy,Dinner,COCO,KA,566.0,345.0,0.0,881.0,0,2,39.16004540295119,283.0,200-300,30%-40%
Frozen Bottle,2026-07-30,WK 31,Kolar- Highway Star,Swiggy,Lunch,COCO,KA,396.0,224.0,0.0,600.0,0,2,37.333333333333336,198.0,100-200,30%-40%
Frozen Bottle,2026-07-30,WK 31,Kolar- Highway Star,Swiggy,Snacks,COCO,KA,569.0,183.0,0.0,722.0,0,2,25.346260387811636,284.5,200-300,20%-30%
Frozen Bottle,2026-07-30,WK 31,Kolar- Highway Star,Zomato,Lunch,COCO,KA,300.0,270.0,15.0,550.0,0,1,49.09090909090909,300.0,200-300,40%-50%
Frozen Bottle,2026-07-30,WK 31,Kolar- Highway Star,Zomato,Snacks,COCO,KA,250.0,230.0,12.5,460.0,0,1,50.0,250.0,200-300,40%-50%
Frozen Bottle,2026-07-30,WK 31,Kolathur,Swiggy,Breakfast,COCO,TN,99.0,112.0,0.0,201.0,0,1,55.72139303482587,99.0,0-100,50%-60%
Frozen Bottle,2026-07-30,WK 31,Kolathur,Swiggy,Dinner,COCO,TN,2404.57,1555.43,0.0,3800.0,0,11,40.93236842105264,218.59727272727275,200-300,40%-50%
Frozen Bottle,2026-07-30,WK 31,Kolathur,Swiggy,Late Night,COCO,TN,1071.0,927.0,0.0,1918.0,0,5,48.331595411887385,214.2,200-300,40%-50%
Frozen Bottle,2026-07-30,WK 31,Kolathur,Swiggy,Lunch,COCO,TN,1576.56,984.77,0.0,2471.33,0,6,39.84777427539017,262.76,200-300,30%-40%
Frozen Bottle,2026-07-30,WK 31,Kolathur,Swiggy,Snacks,COCO,TN,1344.0,898.0,0.0,2142.0,0,6,41.9234360410831,224.0,200-300,40%-50%
Frozen Bottle,2026-07-30,WK 31,Kolathur,Zomato,Dinner,COCO,TN,1246.0,1140.0,62.34,2306.0,0,5,49.43625325238508,249.2,200-300,40%-50%
Frozen Bottle,2026-07-30,WK 31,Kolathur,Zomato,Late Night,COCO,TN,931.0,649.0,46.56,1540.0,0,2,42.142857142857146,465.5,400-500,40%-50%
Frozen Bottle,2026-07-30,WK 31,Kolathur,Zomato,Lunch,COCO,TN,556.0,483.0,27.82,1009.0,0,2,47.869177403369676,278.0,200-300,40%-50%
Frozen Bottle,2026-07-30,WK 31,Kolathur,Zomato,Snacks,COCO,TN,601.5,480.5,30.099999999999998,1042.0,0,2,46.11324376199616,300.75,300-400,40%-50%
Frozen Bottle,2026-07-30,WK 31,Kollur,In Store,Dinner,FOFO,AP & TL,2852.0,0.0,142.66,2852.0,0,10,0.0,285.2,200-300,0%
Frozen Bottle,2026-07-30,WK 31,Kollur,In Store,Lunch,FOFO,AP & TL,1342.0,0.0,67.14,1342.0,0,6,0.0,223.66666666666666,200-300,0%
Frozen Bottle,2026-07-30,WK 31,Kollur,In Store,Snacks,FOFO,AP & TL,2125.0,0.0,106.25999999999999,2125.0,0,6,0.0,354.1666666666667,300-400,0%
Frozen Bottle,2026-07-30,WK 31,Kollur,Swiggy,Dinner,FOFO,AP & TL,777.0,0.0,0.0,747.0,0,2,0.0,388.5,300-400,0%
Frozen Bottle,2026-07-30,WK 31,Kollur,Swiggy,Snacks,FOFO,AP & TL,1189.0,0.0,0.0,1149.0,0,1,0.0,1189.0,>900,0%
Frozen Bottle,2026-07-30,WK 31,Kollur,Zomato,Dinner,FOFO,AP & TL,2765.0,350.0,138.24,3005.0,0,5,11.647254575707153,553.0,500-600,10%-20%
Frozen Bottle,2026-07-30,WK 31,Kollur,Zomato,Lunch,FOFO,AP & TL,1113.0,0.0,55.68,1053.0,0,3,0.0,371.0,300-400,0%
Frozen Bottle,2026-07-30,WK 31,Kollur,Zomato,Snacks,FOFO,AP & TL,715.0,175.0,35.74,860.0,0,1,20.348837209302324,715.0,600-900,20%-30%
Frozen Bottle,2026-07-30,WK 31,Kondhwa,In Store,Dinner,FOFO,MH,1084.0,0.0,54.24,1084.0,0,5,0.0,216.8,200-300,0%
Frozen Bottle,2026-07-30,WK 31,Kondhwa,In Store,Lunch,FOFO,MH,736.0,0.0,36.82,736.0,0,3,0.0,245.33333333333334,200-300,0%
Frozen Bottle,2026-07-30,WK 31,Kondhwa,In Store,Snacks,FOFO,MH,1121.0,0.0,56.080000000000005,1121.0,0,6,0.0,186.83333333333334,100-200,0%
Frozen Bottle,2026-07-30,WK 31,Kondhwa,Swiggy,Dinner,FOFO,MH,941.0,0.0,0.0,921.0,0,2,0.0,470.5,400-500,0%
Frozen Bottle,2026-07-30,WK 31,Kondhwa,Zomato,Late Night,FOFO,MH,747.23,67.1,37.36,784.33,0,2,8.555072482245993,373.615,300-400,1%-10%
Frozen Bottle,2026-07-30,WK 31,Kondhwa,Zomato,Snacks,FOFO,MH,334.0,36.0,16.7,360.0,0,1,10.0,334.0,300-400,1%-10%
Frozen Bottle,2026-07-30,WK 31,Koramangala,In Store,Dinner,COCO,KA,2518.75,274.25,126.04,2793.0,0,15,9.819190834228428,167.91666666666666,100-200,1%-10%
Frozen Bottle,2026-07-30,WK 31,Koramangala,In Store,Late Night,COCO,KA,1717.21,0.0,85.9,1717.21,0,5,0.0,343.442,300-400,0%
Frozen Bottle,2026-07-30,WK 31,Koramangala,In Store,Lunch,COCO,KA,1273.41,0.0,63.72,1273.41,0,7,0.0,181.9157142857143,100-200,0%
Frozen Bottle,2026-07-30,WK 31,Koramangala,In Store,Snacks,COCO,KA,1227.75,0.0,61.440000000000005,1227.75,0,6,0.0,204.625,200-300,0%
Frozen Bottle,2026-07-30,WK 31,Koramangala,Ownly,Dinner,COCO,KA,446.0,0.0,22.32,446.0,0,2,0.0,223.0,200-300,0%
Frozen Bottle,2026-07-30,WK 31,Koramangala,Ownly,Lunch,COCO,KA,160.0,0.0,8.0,160.0,0,1,0.0,160.0,100-200,0%
Frozen Bottle,2026-07-30,WK 31,Koramangala,Swiggy,Dinner,COCO,KA,4390.13,3263.7799999999997,0.0,7413.91,0,19,44.02238494937219,231.05947368421053,200-300,40%-50%
Frozen Bottle,2026-07-30,WK 31,Koramangala,Swiggy,Late Night,COCO,KA,2520.12,1702.21,0.0,4072.33,0,11,41.79941213015645,229.10181818181817,200-300,40%-50%
Frozen Bottle,2026-07-30,WK 31,Koramangala,Swiggy,Lunch,COCO,KA,228.0,112.0,0.0,330.0,0,1,33.939393939393945,228.0,200-300,30%-40%
Frozen Bottle,2026-07-30,WK 31,Koramangala,Swiggy,Snacks,COCO,KA,895.0,736.33,0.0,1591.33,0,5,46.271357920732974,179.0,100-200,40%-50%
Frozen Bottle,2026-07-30,WK 31,Koramangala,Zomato,Dinner,COCO,KA,3367.2,2613.8,168.4,5761.0,0,13,45.37059538274605,259.0153846153846,200-300,40%-50%
Frozen Bottle,2026-07-30,WK 31,Koramangala,Zomato,Late Night,COCO,KA,1062.0,715.0,53.14,1707.0,0,5,41.886350322202695,212.4,200-300,40%-50%
Frozen Bottle,2026-07-30,WK 31,Koramangala,Zomato,Snacks,COCO,KA,741.1,675.9,37.08,1367.0,0,3,49.44403803950256,247.03333333333333,200-300,40%-50%
Frozen Bottle,2026-07-30,WK 31,Koregaon Park - Pune,In Store,Dinner,COCO,MH,2023.59,1084.41,101.2,3108.0,0,12,34.890926640926644,168.6325,100-200,30%-40%
Frozen Bottle,2026-07-30,WK 31,Koregaon Park - Pune,In Store,Lunch,COCO,MH,665.5600000000001,586.67,33.28,1252.23,0,4,46.85001956509586,166.39000000000001,100-200,40%-50%
Frozen Bottle,2026-07-30,WK 31,Koregaon Park - Pune,In Store,Snacks,COCO,MH,1851.46,1447.77,92.6,3299.23,0,12,43.88205732852818,154.28833333333333,100-200,40%-50%
Frozen Bottle,2026-07-30,WK 31,Koregaon Park - Pune,Swiggy,Breakfast,COCO,MH,79.0,90.0,0.0,159.0,0,1,56.60377358490566,79.0,0-100,50%-60%
Frozen Bottle,2026-07-30,WK 31,Koregaon Park - Pune,Swiggy,Dinner,COCO,MH,2249.0,345.0,0.0,2514.0,0,4,13.723150357995225,562.25,500-600,10%-20%
Frozen Bottle,2026-07-30,WK 31,Koregaon Park - Pune,Swiggy,Late Night,COCO,MH,1665.2,454.8,0.0,2060.0,0,6,22.07766990291262,277.53333333333336,200-300,20%-30%
Frozen Bottle,2026-07-30,WK 31,Koregaon Park - Pune,Swiggy,Lunch,COCO,MH,367.2,342.8,0.0,680.0,0,2,50.411764705882355,183.6,100-200,50%-60%
Frozen Bottle,2026-07-30,WK 31,Koregaon Park - Pune,Swiggy,Snacks,COCO,MH,178.0,112.0,0.0,280.0,0,1,40.0,178.0,100-200,30%-40%
Frozen Bottle,2026-07-30,WK 31,Koregaon Park - Pune,Zomato,Dinner,COCO,MH,1561.0,1194.0,78.08,2665.0,0,5,44.80300187617261,312.2,300-400,40%-50%
Frozen Bottle,2026-07-30,WK 31,Koregaon Park - Pune,Zomato,Late Night,COCO,MH,833.0,355.0,41.66,1138.0,0,3,31.195079086115996,277.6666666666667,200-300,30%-40%
Frozen Bottle,2026-07-30,WK 31,Koregaon Park - Pune,Zomato,Lunch,COCO,MH,530.0,500.0,26.5,1000.0,0,2,50.0,265.0,200-300,40%-50%
Frozen Bottle,2026-07-30,WK 31,Kothanur,In Store,Dinner,FOFO,KA,1014.0,0.0,50.74,1014.0,0,4,0.0,253.5,200-300,0%
Frozen Bottle,2026-07-30,WK 31,Kothanur,In Store,Lunch,FOFO,KA,177.0,0.0,8.86,177.0,0,2,0.0,88.5,0-100,0%
Frozen Bottle,2026-07-30,WK 31,Kothanur,In Store,Snacks,FOFO,KA,854.0,0.0,42.72,854.0,0,3,0.0,284.6666666666667,200-300,0%
Frozen Bottle,2026-07-30,WK 31,Kothanur,Swiggy,Dinner,FOFO,KA,2579.02,873.98,0.0,3353.0,0,7,26.06561288398449,368.43142857142857,300-400,20%-30%
Frozen Bottle,2026-07-30,WK 31,Kothanur,Swiggy,Snacks,FOFO,KA,805.0,542.0,0.0,1297.0,0,5,41.7887432536623,161.0,100-200,40%-50%
Frozen Bottle,2026-07-30,WK 31,Kothanur,Zomato,Closing,FOFO,KA,379.0,91.0,18.96,460.0,0,1,19.782608695652172,379.0,300-400,10%-20%
Frozen Bottle,2026-07-30,WK 31,Kothanur,Zomato,Dinner,FOFO,KA,1538.0,200.0,76.92,1678.0,0,3,11.918951132300357,512.6666666666666,500-600,10%-20%
Frozen Bottle,2026-07-30,WK 31,Kothanur,Zomato,Late Night,FOFO,KA,910.3,196.7,45.519999999999996,1067.0,0,2,18.434864104967197,455.15,400-500,10%-20%
Frozen Bottle,2026-07-30,WK 31,Kothanur,Zomato,Snacks,FOFO,KA,637.6,301.4,31.900000000000002,899.0,0,2,33.526140155728584,318.8,300-400,30%-40%
Frozen Bottle,2026-07-30,WK 31,Kothrud - Pune,In Store,Dinner,FOFO,MH,249.0,0.0,12.46,249.0,0,1,0.0,249.0,200-300,0%
Frozen Bottle,2026-07-30,WK 31,Kotturpuram,In Store,Dinner,FOFO,TN,2952.0,0.0,147.64,2952.0,0,9,0.0,328.0,300-400,0%
Frozen Bottle,2026-07-30,WK 31,Kotturpuram,In Store,Snacks,FOFO,TN,189.0,0.0,9.46,189.0,0,1,0.0,189.0,100-200,0%
Frozen Bottle,2026-07-30,WK 31,Kotturpuram,Swiggy,Dinner,FOFO,TN,261.0,0.0,0.0,251.0,0,1,0.0,261.0,200-300,0%
Frozen Bottle,2026-07-30,WK 31,Kurnool,In Store,Dinner,FOFO,AP & TL,2904.0,0.0,145.24,2904.0,0,8,0.0,363.0,300-400,0%
Frozen Bottle,2026-07-30,WK 31,Kurnool,In Store,Lunch,FOFO,AP & TL,711.23,0.0,35.58,711.23,0,3,0.0,237.07666666666668,200-300,0%
Frozen Bottle,2026-07-30,WK 31,Kurnool,In Store,Snacks,FOFO,AP & TL,825.0,0.0,41.26,825.0,0,3,0.0,275.0,200-300,0%
Frozen Bottle,2026-07-30,WK 31,Lakshmi Mills,In Store,Dinner,FOFO,TN,1895.5,0.0,94.82000000000001,1895.5,0,8,0.0,236.9375,200-300,0%
Frozen Bottle,2026-07-30,WK 31,Lakshmi Mills,In Store,Lunch,FOFO,TN,416.0,0.0,20.82,416.0,0,2,0.0,208.0,200-300,0%
Frozen Bottle,2026-07-30,WK 31,Lakshmi Mills,In Store,Snacks,FOFO,TN,318.0,0.0,15.9,318.0,0,1,0.0,318.0,300-400,0%
Frozen Bottle,2026-07-30,WK 31,Lakshmi Mills,Swiggy,Dinner,FOFO,TN,580.0,180.0,0.0,720.0,0,1,25.0,580.0,500-600,20%-30%
Frozen Bottle,2026-07-30,WK 31,Lakshmi Mills,Swiggy,Late Night,FOFO,TN,2209.26,292.74,0.0,2412.0,0,5,12.13681592039801,441.85200000000003,400-500,10%-20%
Frozen Bottle,2026-07-30,WK 31,Lakshmi Mills,Swiggy,Lunch,FOFO,TN,464.0,0.0,0.0,444.0,0,1,0.0,464.0,400-500,0%
Frozen Bottle,2026-07-30,WK 31,Lakshmi Mills,Swiggy,Snacks,FOFO,TN,139.0,60.0,0.0,199.0,0,1,30.15075376884422,139.0,100-200,30%-40%
Frozen Bottle,2026-07-30,WK 31,Lakshmi Mills,Zomato,Dinner,FOFO,TN,1225.0,396.0,61.28,1561.0,0,4,25.3683536194747,306.25,300-400,20%-30%
Frozen Bottle,2026-07-30,WK 31,Lakshmi Mills,Zomato,Late Night,FOFO,TN,671.0,219.0,33.58,860.0,0,3,25.465116279069765,223.66666666666666,200-300,20%-30%
Frozen Bottle,2026-07-30,WK 31,Lakshmi Mills,Zomato,Lunch,FOFO,TN,390.0,150.0,19.52,520.0,0,2,28.846153846153843,195.0,100-200,20%-30%
Frozen Bottle,2026-07-30,WK 31,Lakshmi Mills,Zomato,Snacks,FOFO,TN,555.0,75.0,27.759999999999998,610.0,0,2,12.295081967213115,277.5,200-300,10%-20%
Frozen Bottle,2026-07-30,WK 31,Lokhandwala,In Store,Dinner,COCO,MH,855.28,425.72,42.78,1281.0,0,4,33.233411397345826,213.82,200-300,30%-40%
Frozen Bottle,2026-07-30,WK 31,Lokhandwala,In Store,Snacks,COCO,MH,309.18,167.82,15.46,477.0,0,2,35.18238993710692,154.59,100-200,30%-40%
Frozen Bottle,2026-07-30,WK 31,Lokhandwala,Swiggy,Dinner,COCO,MH,2842.4,1404.6,0.0,4107.0,0,10,34.20014609203798,284.24,200-300,30%-40%
Frozen Bottle,2026-07-30,WK 31,Lokhandwala,Swiggy,Late Night,COCO,MH,1660.0,932.3299999999999,0.0,2492.33,0,5,37.40796764473404,332.0,300-400,30%-40%
Frozen Bottle,2026-07-30,WK 31,Lokhandwala,Swiggy,Lunch,COCO,MH,2365.2,1508.8,0.0,3754.0,0,9,40.191795418220565,262.79999999999995,200-300,40%-50%
Frozen Bottle,2026-07-30,WK 31,Lokhandwala,Swiggy,Snacks,COCO,MH,940.8000000000001,897.1999999999999,0.0,1778.0,0,6,50.46119235095613,156.8,100-200,50%-60%
Frozen Bottle,2026-07-30,WK 31,Lokhandwala,Zomato,Closing,COCO,MH,350.0,330.0,17.5,660.0,0,1,50.0,350.0,300-400,40%-50%
Frozen Bottle,2026-07-30,WK 31,Lokhandwala,Zomato,Dinner,COCO,MH,6175.52,5058.8099999999995,308.86,10894.33,0,15,46.43525577066235,411.70133333333337,400-500,40%-50%
Frozen Bottle,2026-07-30,WK 31,Lokhandwala,Zomato,Late Night,COCO,MH,1747.0,766.99,87.4,2433.99,0,5,31.511633162009705,349.4,300-400,30%-40%
Frozen Bottle,2026-07-30,WK 31,Lokhandwala,Zomato,Lunch,COCO,MH,340.0,0.0,17.0,330.0,0,1,0.0,340.0,300-400,0%
Frozen Bottle,2026-07-30,WK 31,Lokhandwala,Zomato,Snacks,COCO,MH,2442.1,1864.9,122.16,4147.0,0,8,44.96985772847842,305.2625,300-400,40%-50%
Frozen Bottle,2026-07-30,WK 31,Madno - HSR Layout,In Store,Breakfast,FOFO,KA,228.0,0.0,11.42,228.0,0,2,0.0,114.0,100-200,0%
Frozen Bottle,2026-07-30,WK 31,Madno - HSR Layout,In Store,Lunch,FOFO,KA,2671.0,0.0,133.6,2671.0,0,10,0.0,267.1,200-300,0%
Frozen Bottle,2026-07-30,WK 31,Madno - HSR Layout,In Store,Snacks,FOFO,KA,3215.0,0.0,160.86,3215.0,0,14,0.0,229.64285714285714,200-300,0%
Frozen Bottle,2026-07-30,WK 31,Madno - Hinjewadi,Swiggy,Snacks,FOFO,MH,170.0,40.0,0.0,200.0,0,1,20.0,170.0,100-200,10%-20%
Frozen Bottle,2026-07-30,WK 31,Madno - Hinjewadi,Zomato,Dinner,FOFO,MH,360.0,340.0,18.0,680.0,0,1,50.0,360.0,300-400,40%-50%
Frozen Bottle,2026-07-30,WK 31,Madno - Hinjewadi,Zomato,Lunch,FOFO,MH,250.0,230.0,12.5,460.0,0,1,50.0,250.0,200-300,40%-50%
Frozen Bottle,2026-07-30,WK 31,Madno - Hinjewadi,Zomato,Snacks,FOFO,MH,319.0,230.0,15.96,529.0,0,1,43.47826086956522,319.0,300-400,40%-50%
Frozen Bottle,2026-07-30,WK 31,Madno - Thane,Swiggy,Dinner,FOFO,MH,3110.0,1605.0,0.0,4605.0,0,8,34.85342019543974,388.75,300-400,30%-40%
Frozen Bottle,2026-07-30,WK 31,Madno - Thane,Zomato,Dinner,FOFO,MH,588.0,200.0,29.42,758.0,0,3,26.385224274406333,196.0,100-200,20%-30%
Frozen Bottle,2026-07-30,WK 31,Madurai Bypass,In Store,Closing,FOFO,TN,333.23,0.0,16.68,333.23,0,2,0.0,166.615,100-200,0%
Frozen Bottle,2026-07-30,WK 31,Madurai Bypass,In Store,Dinner,FOFO,TN,1416.23,0.0,70.82,1416.23,0,5,0.0,283.246,200-300,0%
Frozen Bottle,2026-07-30,WK 31,Madurai Bypass,In Store,Lunch,FOFO,TN,956.0,0.0,47.82,956.0,0,3,0.0,318.6666666666667,300-400,0%
Frozen Bottle,2026-07-30,WK 31,Madurai Bypass,In Store,Snacks,FOFO,TN,2161.0,0.0,108.1,2161.0,0,9,0.0,240.11111111111111,200-300,0%
Frozen Bottle,2026-07-30,WK 31,Madurai Bypass,Swiggy,Closing,FOFO,TN,290.0,50.0,0.0,330.0,0,1,15.151515151515152,290.0,200-300,10%-20%
Frozen Bottle,2026-07-30,WK 31,Madurai Bypass,Swiggy,Dinner,FOFO,TN,3410.0,335.0,0.0,3605.0,0,9,9.29264909847434,378.8888888888889,300-400,1%-10%
Frozen Bottle,2026-07-30,WK 31,Madurai Bypass,Swiggy,Late Night,FOFO,TN,329.0,0.0,0.0,319.0,0,1,0.0,329.0,300-400,0%
Frozen Bottle,2026-07-30,WK 31,Madurai Bypass,Swiggy,Lunch,FOFO,TN,677.8,84.2,0.0,732.0,0,3,11.50273224043716,225.9333333333333,200-300,10%-20%
Frozen Bottle,2026-07-30,WK 31,Madurai Bypass,Swiggy,Snacks,FOFO,TN,541.0,100.0,0.0,621.0,0,2,16.10305958132045,270.5,200-300,10%-20%
Frozen Bottle,2026-07-30,WK 31,Madurai Bypass,Zomato,Dinner,FOFO,TN,4077.0,0.0,203.9,3957.0,0,7,0.0,582.4285714285714,500-600,0%
Frozen Bottle,2026-07-30,WK 31,Madurai Bypass,Zomato,Late Night,FOFO,TN,560.0,0.0,28.0,540.0,0,1,0.0,560.0,500-600,0%
Frozen Bottle,2026-07-30,WK 31,Madurai Bypass,Zomato,Lunch,FOFO,TN,630.0,0.0,31.5,610.0,0,1,0.0,630.0,600-900,0%
Frozen Bottle,2026-07-30,WK 31,Madurai Bypass,Zomato,Snacks,FOFO,TN,1567.0,0.0,78.36,1517.0,0,3,0.0,522.3333333333334,500-600,0%
Frozen Bottle,2026-07-30,WK 31,Malad - CF - CK,Swiggy,Closing,COCO,MH,351.0,0.0,0.0,331.0,0,1,0.0,351.0,300-400,0%
Frozen Bottle,2026-07-30,WK 31,Malad - CF - CK,Swiggy,Dinner,COCO,MH,2316.01,924.3199999999999,0.0,3100.33,0,7,29.813600487690017,330.85857142857145,300-400,20%-30%
Frozen Bottle,2026-07-30,WK 31,Malad - CF - CK,Swiggy,Late Night,COCO,MH,1721.2,946.46,0.0,2547.66,0,5,37.15016917485065,344.24,300-400,30%-40%
Frozen Bottle,2026-07-30,WK 31,Malad - CF - CK,Swiggy,Lunch,COCO,MH,608.2,142.8,0.0,721.0,0,2,19.80582524271845,304.1,300-400,10%-20%
Frozen Bottle,2026-07-30,WK 31,Malad - CF - CK,Swiggy,Snacks,COCO,MH,386.4,394.6,0.0,751.0,0,4,52.543275632490015,96.6,0-100,50%-60%
Frozen Bottle,2026-07-30,WK 31,Malad - CF - CK,Zomato,Closing,COCO,MH,125.0,115.0,6.26,230.0,0,1,50.0,125.0,100-200,40%-50%
Frozen Bottle,2026-07-30,WK 31,Malad - CF - CK,Zomato,Dinner,COCO,MH,2551.23,2226.43,127.63999999999999,4597.66,0,10,48.42528590630886,255.123,200-300,40%-50%
Frozen Bottle,2026-07-30,WK 31,Malad - CF - CK,Zomato,Late Night,COCO,MH,1633.0,828.0,81.7,2391.0,0,6,34.62986198243413,272.1666666666667,200-300,30%-40%
Frozen Bottle,2026-07-30,WK 31,Malad - CF - CK,Zomato,Lunch,COCO,MH,2656.9,2552.1,132.88,5059.0,0,7,50.44672860249061,379.5571428571429,300-400,50%-60%
Frozen Bottle,2026-07-30,WK 31,Malad - CF - CK,Zomato,Snacks,COCO,MH,1856.33,1809.33,92.86,3535.66,0,5,51.17375539503233,371.26599999999996,300-400,50%-60%
Frozen Bottle,2026-07-30,WK 31,Malleswaram,In Store,Dinner,FOFO,KA,358.0,0.0,17.92,358.0,0,2,0.0,179.0,100-200,0%
Frozen Bottle,2026-07-30,WK 31,Malleswaram,In Store,Late Night,FOFO,KA,537.0,0.0,26.86,537.0,0,2,0.0,268.5,200-300,0%
Frozen Bottle,2026-07-30,WK 31,Malleswaram,In Store,Lunch,FOFO,KA,392.0,0.0,19.62,392.0,0,4,0.0,98.0,0-100,0%
Frozen Bottle,2026-07-30,WK 31,Malleswaram,In Store,Snacks,FOFO,KA,535.0,0.0,26.759999999999998,535.0,0,3,0.0,178.33333333333334,100-200,0%
Frozen Bottle,2026-07-30,WK 31,Malleswaram,Swiggy,Dinner,FOFO,KA,1290.0,200.0,0.0,1450.0,0,4,13.793103448275861,322.5,300-400,10%-20%
Frozen Bottle,2026-07-30,WK 31,Malleswaram,Swiggy,Late Night,FOFO,KA,159.0,152.0,0.0,311.0,0,1,48.87459807073955,159.0,100-200,40%-50%
Frozen Bottle,2026-07-30,WK 31,Malleswaram,Swiggy,Lunch,FOFO,KA,370.0,0.0,0.0,360.0,0,1,0.0,370.0,300-400,0%
Frozen Bottle,2026-07-30,WK 31,Malleswaram,Swiggy,Snacks,FOFO,KA,531.01,149.99,0.0,661.0,0,1,22.691376701966718,531.01,500-600,20%-30%
Frozen Bottle,2026-07-30,WK 31,Malleswaram,Zomato,Closing,FOFO,KA,702.7,168.29,35.14,840.99,0,1,20.0109394879844,702.7,600-900,20%-30%
Frozen Bottle,2026-07-30,WK 31,Malleswaram,Zomato,Dinner,FOFO,KA,521.0,160.0,26.060000000000002,661.0,0,2,24.205748865355524,260.5,200-300,20%-30%
Frozen Bottle,2026-07-30,WK 31,Malleswaram,Zomato,Late Night,FOFO,KA,701.0,318.0,35.06,979.0,0,3,32.48212461695608,233.66666666666666,200-300,30%-40%
Frozen Bottle,2026-07-30,WK 31,Malleswaram,Zomato,Lunch,FOFO,KA,221.0,120.0,11.06,331.0,0,1,36.25377643504532,221.0,200-300,30%-40%
Frozen Bottle,2026-07-30,WK 31,Malleswaram,Zomato,Snacks,FOFO,KA,359.0,220.0,17.96,559.0,0,2,39.35599284436494,179.5,100-200,30%-40%
Frozen Bottle,2026-07-30,WK 31,Mangalore,Swiggy,Dinner,FOFO,KA,459.01,99.99,0.0,539.0,0,1,18.551020408163264,459.01,400-500,10%-20%
Frozen Bottle,2026-07-30,WK 31,Mangalore,Swiggy,Late Night,FOFO,KA,2111.0,400.0,0.0,2431.0,0,5,16.454134101192924,422.2,400-500,10%-20%
Frozen Bottle,2026-07-30,WK 31,Mangalore,Zomato,Dinner,FOFO,KA,1151.0,0.0,57.56,1111.0,0,2,0.0,575.5,500-600,0%
Frozen Bottle,2026-07-30,WK 31,Mangalore,Zomato,Late Night,FOFO,KA,838.0,200.0,41.92,998.0,0,4,20.04008016032064,209.5,200-300,20%-30%
Frozen Bottle,2026-07-30,WK 31,Mangalore,Zomato,Snacks,FOFO,KA,449.0,50.0,22.46,479.0,0,1,10.438413361169102,449.0,400-500,10%-20%
Frozen Bottle,2026-07-30,WK 31,Manikonda,In Store,Dinner,FOFO,AP & TL,727.0,0.0,36.38,727.0,0,3,0.0,242.33333333333334,200-300,0%
Frozen Bottle,2026-07-30,WK 31,Manikonda,In Store,Lunch,FOFO,AP & TL,9.5,0.0,0.48,9.5,0,1,0.0,9.5,0-100,0%
Frozen Bottle,2026-07-30,WK 31,Manikonda,In Store,Snacks,FOFO,AP & TL,99.0,0.0,4.96,99.0,0,1,0.0,99.0,0-100,0%
Frozen Bottle,2026-07-30,WK 31,Manipal,In Store,Dinner,COCO,KA,1212.0,0.0,60.660000000000004,1212.0,0,7,0.0,173.14285714285714,100-200,0%
Frozen Bottle,2026-07-30,WK 31,Manipal,In Store,Lunch,COCO,KA,1680.0,0.0,84.03999999999999,1680.0,0,7,0.0,240.0,200-300,0%
Frozen Bottle,2026-07-30,WK 31,Manipal,In Store,Snacks,COCO,KA,1382.0,0.0,69.16,1382.0,0,6,0.0,230.33333333333334,200-300,0%
Frozen Bottle,2026-07-30,WK 31,Manipal,Swiggy,Dinner,COCO,KA,2103.8,1569.2,0.0,3533.0,0,14,44.41551089725446,150.27142857142857,100-200,40%-50%
Frozen Bottle,2026-07-30,WK 31,Manipal,Swiggy,Lunch,COCO,KA,1180.76,749.24,0.0,1860.0,0,7,40.28172043010753,168.68,100-200,40%-50%
Frozen Bottle,2026-07-30,WK 31,Manipal,Swiggy,Snacks,COCO,KA,1546.32,991.6800000000001,0.0,2438.0,0,8,40.67596390484003,193.29,100-200,40%-50%
Frozen Bottle,2026-07-30,WK 31,Manipal,Zomato,Breakfast,COCO,KA,250.0,230.0,12.5,460.0,0,1,50.0,250.0,200-300,40%-50%
Frozen Bottle,2026-07-30,WK 31,Manipal,Zomato,Dinner,COCO,KA,555.8,494.2,27.8,1010.0,0,2,48.930693069306926,277.9,200-300,40%-50%
Frozen Bottle,2026-07-30,WK 31,Manipal,Zomato,Lunch,COCO,KA,1293.0,1101.0,64.66,2314.0,0,5,47.579948141745895,258.6,200-300,40%-50%
Frozen Bottle,2026-07-30,WK 31,Manipal,Zomato,Snacks,COCO,KA,1262.9,1196.1,63.16,2389.0,0,4,50.06697362913353,315.725,300-400,50%-60%
Frozen Bottle,2026-07-30,WK 31,Manpada - CF CK,Swiggy,Dinner,COCO,MH,1776.0,1084.0,0.0,2760.0,0,6,39.27536231884058,296.0,200-300,30%-40%
Frozen Bottle,2026-07-30,WK 31,Manpada - CF CK,Swiggy,Late Night,COCO,MH,1221.0,921.0,0.0,2082.0,0,5,44.236311239193085,244.2,200-300,40%-50%
Frozen Bottle,2026-07-30,WK 31,Manpada - CF CK,Swiggy,Lunch,COCO,MH,940.0,637.0,0.0,1537.0,0,3,41.444372153545864,313.3333333333333,300-400,40%-50%
Frozen Bottle,2026-07-30,WK 31,Manpada - CF CK,Swiggy,Snacks,COCO,MH,2085.0,1386.0,0.0,3361.0,0,12,41.237726867003865,173.75,100-200,40%-50%
Frozen Bottle,2026-07-30,WK 31,Manpada - CF CK,Zomato,Closing,COCO,MH,195.0,135.0,9.76,320.0,0,1,42.1875,195.0,100-200,40%-50%
Frozen Bottle,2026-07-30,WK 31,Manpada - CF CK,Zomato,Dinner,COCO,MH,4298.61,3020.4,215.02,7099.0,0,12,42.54683758275814,358.2175,300-400,40%-50%
Frozen Bottle,2026-07-30,WK 31,Manpada - CF CK,Zomato,Late Night,COCO,MH,1182.96,400.37,59.18,1533.33,0,4,26.111143719877656,295.74,200-300,20%-30%
Frozen Bottle,2026-07-30,WK 31,Manpada - CF CK,Zomato,Lunch,COCO,MH,1842.9,1847.1,92.18,3550.0,0,6,52.030985915492955,307.15000000000003,300-400,50%-60%
Frozen Bottle,2026-07-30,WK 31,Manpada - CF CK,Zomato,Snacks,COCO,MH,1079.9,923.1,54.02,1933.0,0,5,47.754785307811694,215.98000000000002,200-300,40%-50%
Frozen Bottle,2026-07-30,WK 31,Mansarovar,In Store,Dinner,FOFO,ROI,905.0,0.0,45.26,905.0,0,2,0.0,452.5,400-500,0%
Frozen Bottle,2026-07-30,WK 31,Mansarovar,In Store,Lunch,FOFO,ROI,338.0,0.0,16.9,338.0,0,1,0.0,338.0,300-400,0%
Frozen Bottle,2026-07-30,WK 31,Mansarovar,In Store,Snacks,FOFO,ROI,534.0,0.0,26.72,534.0,0,3,0.0,178.0,100-200,0%
Frozen Bottle,2026-07-30,WK 31,Mansarovar,Swiggy,Dinner,FOFO,ROI,789.0,472.0,0.0,1231.0,0,3,38.34281072298944,263.0,200-300,30%-40%
Frozen Bottle,2026-07-30,WK 31,Mansarovar,Swiggy,Late Night,FOFO,ROI,210.0,208.0,0.0,398.0,0,2,52.26130653266332,105.0,100-200,50%-60%
Frozen Bottle,2026-07-30,WK 31,Mansarovar,Swiggy,Snacks,FOFO,ROI,1288.0,170.0,0.0,1408.0,0,3,12.073863636363637,429.3333333333333,400-500,10%-20%
Frozen Bottle,2026-07-30,WK 31,Mansarovar,Zomato,Late Night,FOFO,ROI,558.0,200.0,27.9,728.0,0,1,27.472527472527474,558.0,500-600,20%-30%
Frozen Bottle,2026-07-30,WK 31,Mansarovar,Zomato,Lunch,FOFO,ROI,109.0,100.0,5.46,199.0,0,1,50.25125628140703,109.0,100-200,50%-60%
Frozen Bottle,2026-07-30,WK 31,Mansarovar,Zomato,Snacks,FOFO,ROI,362.0,270.0,18.1,612.0,0,1,44.11764705882353,362.0,300-400,40%-50%
Frozen Bottle,2026-07-30,WK 31,Margaon- Goa,In Store,Dinner,FOFO,ROI,2953.0,0.0,147.68,2953.0,0,5,0.0,590.6,500-600,0%
Frozen Bottle,2026-07-30,WK 31,Margaon- Goa,In Store,Lunch,FOFO,ROI,1968.0,0.0,98.42,1968.0,0,6,0.0,328.0,300-400,0%
Frozen Bottle,2026-07-30,WK 31,Margaon- Goa,In Store,Snacks,FOFO,ROI,2465.0,0.0,123.25999999999999,2465.0,0,6,0.0,410.8333333333333,400-500,0%
Frozen Bottle,2026-07-30,WK 31,Margaon- Goa,Swiggy,Dinner,FOFO,ROI,959.0,100.0,0.0,1029.0,0,3,9.718172983479107,319.6666666666667,300-400,1%-10%
Frozen Bottle,2026-07-30,WK 31,Margaon- Goa,Swiggy,Lunch,FOFO,ROI,295.2,24.8,0.0,310.0,0,1,8.0,295.2,200-300,1%-10%
Frozen Bottle,2026-07-30,WK 31,Margaon- Goa,Swiggy,Snacks,FOFO,ROI,1731.0,0.0,0.0,1681.0,0,1,0.0,1731.0,>900,0%
Frozen Bottle,2026-07-30,WK 31,Margaon- Goa,Zomato,Dinner,FOFO,ROI,660.0,200.0,33.019999999999996,820.0,0,3,24.390243902439025,220.0,200-300,20%-30%
Frozen Bottle,2026-07-30,WK 31,Margaon- Goa,Zomato,Lunch,FOFO,ROI,982.0,100.0,49.12,1042.0,0,2,9.596928982725528,491.0,400-500,1%-10%
Frozen Bottle,2026-07-30,WK 31,Marol - CF CK,Swiggy,Closing,COCO,MH,340.0,0.0,0.0,330.0,0,1,0.0,340.0,300-400,0%
Frozen Bottle,2026-07-30,WK 31,Marol - CF CK,Swiggy,Dinner,COCO,MH,1107.2,766.8,0.0,1814.0,0,6,42.271223814773975,184.53333333333333,100-200,40%-50%
Frozen Bottle,2026-07-30,WK 31,Marol - CF CK,Swiggy,Lunch,COCO,MH,1079.0,670.33,0.0,1689.33,0,4,39.68022825617257,269.75,200-300,30%-40%
Frozen Bottle,2026-07-30,WK 31,Marol - CF CK,Swiggy,Snacks,COCO,MH,229.0,312.0,0.0,531.0,0,1,58.75706214689266,229.0,200-300,50%-60%
Frozen Bottle,2026-07-30,WK 31,Marol - CF CK,Zomato,Closing,COCO,MH,432.0,452.0,21.619999999999997,854.0,0,2,52.92740046838408,216.0,200-300,50%-60%
Frozen Bottle,2026-07-30,WK 31,Marol - CF CK,Zomato,Dinner,COCO,MH,2315.9,2346.1,115.8,4512.0,0,6,51.99689716312057,385.98333333333335,300-400,50%-60%
Frozen Bottle,2026-07-30,WK 31,Marol - CF CK,Zomato,Late Night,COCO,MH,265.0,75.0,13.26,330.0,0,1,22.727272727272727,265.0,200-300,20%-30%
Frozen Bottle,2026-07-30,WK 31,Marol - CF CK,Zomato,Lunch,COCO,MH,953.0,727.0,47.68,1630.0,0,4,44.601226993865026,238.25,200-300,40%-50%
Frozen Bottle,2026-07-30,WK 31,Marol - CF CK,Zomato,Snacks,COCO,MH,2035.6,1764.4,101.84,3660.0,0,8,48.20765027322405,254.45,200-300,40%-50%
Frozen Bottle,2026-07-30,WK 31,Mathura,In Store,Dinner,FOFO,ROI,774.0,0.0,38.72,774.0,0,4,0.0,193.5,100-200,0%
Frozen Bottle,2026-07-30,WK 31,Mathura,In Store,Lunch,FOFO,ROI,344.38,374.85,17.22,719.23,0,4,52.11823755961237,86.095,0-100,50%-60%
Frozen Bottle,2026-07-30,WK 31,Mathura,In Store,Snacks,FOFO,ROI,635.0,0.0,31.76,635.0,0,3,0.0,211.66666666666666,200-300,0%
Frozen Bottle,2026-07-30,WK 31,Mathura,Zomato,Dinner,FOFO,ROI,109.0,100.0,5.46,199.0,0,1,50.25125628140703,109.0,100-200,50%-60%
Frozen Bottle,2026-07-30,WK 31,Mathura,Zomato,Late Night,FOFO,ROI,576.5,573.5,28.82,1110.0,0,2,51.66666666666667,288.25,200-300,50%-60%
Frozen Bottle,2026-07-30,WK 31,Mathura,Zomato,Lunch,FOFO,ROI,301.0,200.0,15.06,481.0,0,1,41.58004158004158,301.0,300-400,40%-50%
Frozen Bottle,2026-07-30,WK 31,Medavakkam,In Store,Closing,FOFO,TN,298.0,0.0,14.920000000000002,298.0,0,2,0.0,149.0,100-200,0%
Frozen Bottle,2026-07-30,WK 31,Medavakkam,In Store,Dinner,FOFO,TN,2475.0,0.0,123.8,2475.0,0,9,0.0,275.0,200-300,0%
Frozen Bottle,2026-07-30,WK 31,Medavakkam,In Store,Lunch,FOFO,TN,1145.0,0.0,57.26,1145.0,0,3,0.0,381.6666666666667,300-400,0%
Frozen Bottle,2026-07-30,WK 31,Medavakkam,In Store,Snacks,FOFO,TN,1279.0,0.0,63.98,1279.0,0,6,0.0,213.16666666666666,200-300,0%
Frozen Bottle,2026-07-30,WK 31,Medavakkam,Swiggy,Dinner,FOFO,TN,4662.11,683.89,0.0,5176.0,0,10,13.212712519319938,466.21099999999996,400-500,10%-20%
Frozen Bottle,2026-07-30,WK 31,Medavakkam,Swiggy,Lunch,FOFO,TN,540.0,0.0,0.0,520.0,0,1,0.0,540.0,500-600,0%
Frozen Bottle,2026-07-30,WK 31,Medavakkam,Swiggy,Snacks,FOFO,TN,767.01,159.99,0.0,897.0,0,1,17.836120401337794,767.01,600-900,10%-20%
Frozen Bottle,2026-07-30,WK 31,Medavakkam,Zomato,Dinner,FOFO,TN,690.0,100.0,34.5,760.0,0,2,13.157894736842104,345.0,300-400,10%-20%
Frozen Bottle,2026-07-30,WK 31,Medavakkam,Zomato,Late Night,FOFO,TN,190.0,100.0,9.5,280.0,0,1,35.714285714285715,190.0,100-200,30%-40%
Frozen Bottle,2026-07-30,WK 31,Medavakkam,Zomato,Snacks,FOFO,TN,538.0,200.0,26.92,718.0,0,1,27.85515320334262,538.0,500-600,20%-30%
Frozen Bottle,2026-07-30,WK 31,Meenakshi Mall,In Store,Dinner,COCO,KA,704.0,0.0,35.22,704.0,0,3,0.0,234.66666666666666,200-300,0%
Frozen Bottle,2026-07-30,WK 31,Meenakshi Mall,In Store,Snacks,COCO,KA,347.0,0.0,17.36,347.0,0,2,0.0,173.5,100-200,0%
Frozen Bottle,2026-07-30,WK 31,Meenakshi Mall,Ownly,Dinner,COCO,KA,411.0,0.0,20.56,411.0,0,1,0.0,411.0,400-500,0%
Frozen Bottle,2026-07-30,WK 31,Meenakshi Mall,Swiggy,Dinner,COCO,KA,1721.01,1081.99,0.0,2723.0,0,6,39.73521850899743,286.835,200-300,30%-40%
Frozen Bottle,2026-07-30,WK 31,Meenakshi Mall,Swiggy,Lunch,COCO,KA,568.0,112.0,0.0,660.0,0,1,16.969696969696972,568.0,500-600,10%-20%
Frozen Bottle,2026-07-30,WK 31,Meenakshi Mall,Swiggy,Snacks,COCO,KA,340.0,0.0,0.0,330.0,0,1,0.0,340.0,300-400,0%
Frozen Bottle,2026-07-30,WK 31,Meenakshi Mall,Zomato,Dinner,COCO,KA,681.8,699.2,34.1,1341.0,0,2,52.140193885160336,340.9,300-400,50%-60%
Frozen Bottle,2026-07-30,WK 31,Meenakshi Mall,Zomato,Lunch,COCO,KA,862.0,858.0,43.120000000000005,1660.0,0,2,51.68674698795181,431.0,400-500,50%-60%
Frozen Bottle,2026-07-30,WK 31,Meenakshi Mall,Zomato,Snacks,COCO,KA,691.0,500.0,34.56,1151.0,0,3,43.440486533449175,230.33333333333334,200-300,40%-50%
Frozen Bottle,2026-07-30,WK 31,Mira Road,In Store,Dinner,COCO,MH,1235.95,939.05,61.8,2175.0,0,5,43.17471264367816,247.19,200-300,40%-50%
Frozen Bottle,2026-07-30,WK 31,Mira Road,In Store,Lunch,COCO,MH,298.0,0.0,14.920000000000002,298.0,0,2,0.0,149.0,100-200,0%
Frozen Bottle,2026-07-30,WK 31,Mira Road,In Store,Snacks,COCO,MH,169.0,0.0,8.46,169.0,0,1,0.0,169.0,100-200,0%
Frozen Bottle,2026-07-30,WK 31,Mira Road,Swiggy,Dinner,COCO,MH,3121.02,1910.31,0.0,4861.33,0,10,39.29603626990967,312.102,300-400,30%-40%
Frozen Bottle,2026-07-30,WK 31,Mira Road,Swiggy,Late Night,COCO,MH,484.0,404.0,0.0,848.0,0,3,47.64150943396226,161.33333333333334,100-200,40%-50%
Frozen Bottle,2026-07-30,WK 31,Mira Road,Swiggy,Snacks,COCO,MH,663.4,546.6,0.0,1160.0,0,4,47.12068965517241,165.85,100-200,40%-50%
Frozen Bottle,2026-07-30,WK 31,Mira Road,Zomato,Dinner,COCO,MH,5834.83,4894.49,291.82,10349.32,0,17,47.29286561822419,343.2252941176471,300-400,40%-50%
Frozen Bottle,2026-07-30,WK 31,Mira Road,Zomato,Late Night,COCO,MH,1491.0,360.0,74.56,1791.0,0,5,20.100502512562816,298.2,200-300,20%-30%
Frozen Bottle,2026-07-30,WK 31,Mira Road,Zomato,Lunch,COCO,MH,1228.0,1109.0,61.44,2257.0,0,5,49.13602126716881,245.6,200-300,40%-50%
Frozen Bottle,2026-07-30,WK 31,Miraya Rose,In Store,Dinner,COCO,KA,2703.23,0.0,135.28,2703.23,0,16,0.0,168.951875,100-200,0%
Frozen Bottle,2026-07-30,WK 31,Miraya Rose,In Store,Late Night,COCO,KA,169.0,0.0,8.46,169.0,0,1,0.0,169.0,100-200,0%
Frozen Bottle,2026-07-30,WK 31,Miraya Rose,In Store,Snacks,COCO,KA,1087.23,0.0,54.4,1087.23,0,7,0.0,155.31857142857143,100-200,0%
Frozen Bottle,2026-07-30,WK 31,Miraya Rose,Swiggy,Dinner,COCO,KA,935.2,609.13,0.0,1474.33,0,4,41.31571629146799,233.8,200-300,40%-50%
Frozen Bottle,2026-07-30,WK 31,Miraya Rose,Swiggy,Late Night,COCO,KA,805.0,731.6600000000001,0.0,1466.6599999999999,0,3,49.88613584607204,268.3333333333333,200-300,40%-50%
Frozen Bottle,2026-07-30,WK 31,Miraya Rose,Swiggy,Lunch,COCO,KA,797.64,692.0,0.0,1429.6399999999999,0,3,48.403793962116346,265.88,200-300,40%-50%
Frozen Bottle,2026-07-30,WK 31,Miraya Rose,Swiggy,Snacks,COCO,KA,446.0,354.0,0.0,770.0,0,2,45.97402597402597,223.0,200-300,40%-50%
Frozen Bottle,2026-07-30,WK 31,Miraya Rose,Zomato,Dinner,COCO,KA,1417.5,1091.5,70.88,2439.0,0,5,44.751947519475195,283.5,200-300,40%-50%
Frozen Bottle,2026-07-30,WK 31,Miraya Rose,Zomato,Late Night,COCO,KA,618.0,0.0,30.92,598.0,0,1,0.0,618.0,600-900,0%
Frozen Bottle,2026-07-30,WK 31,Miraya Rose,Zomato,Lunch,COCO,KA,541.06,288.94,27.060000000000002,800.0,0,2,36.1175,270.53,200-300,30%-40%
Frozen Bottle,2026-07-30,WK 31,Miraya Rose,Zomato,Snacks,COCO,KA,983.88,658.12,49.22,1592.0,0,2,41.33919597989949,491.94,400-500,40%-50%
Frozen Bottle,2026-07-30,WK 31,Mirzapur,In Store,Snacks,FOFO,ROI,109.0,0.0,5.46,109.0,0,1,0.0,109.0,100-200,0%
Frozen Bottle,2026-07-30,WK 31,Mogappair,In Store,Dinner,COCO,TN,2095.44,383.79,104.8,2479.23,0,10,15.480209581200615,209.544,200-300,10%-20%
Frozen Bottle,2026-07-30,WK 31,Mogappair,In Store,Late Night,COCO,TN,168.0,0.0,8.4,168.0,0,1,0.0,168.0,100-200,0%
Frozen Bottle,2026-07-30,WK 31,Mogappair,In Store,Lunch,COCO,TN,2705.92,0.0,135.32,2705.92,0,5,0.0,541.184,500-600,0%
Frozen Bottle,2026-07-30,WK 31,Mogappair,In Store,Snacks,COCO,TN,759.13,283.87,37.98,1043.0,0,4,27.21668264621285,189.7825,100-200,20%-30%
Frozen Bottle,2026-07-30,WK 31,Mogappair,Swiggy,Dinner,COCO,TN,3765.22,1999.78,0.0,5595.0,0,14,35.74226988382485,268.9442857142857,200-300,30%-40%
Frozen Bottle,2026-07-30,WK 31,Mogappair,Swiggy,Late Night,COCO,TN,792.2,566.8,0.0,1309.0,0,4,43.30022918258212,198.05,100-200,40%-50%
Frozen Bottle,2026-07-30,WK 31,Mogappair,Swiggy,Lunch,COCO,TN,1450.0,991.0,0.0,2371.0,0,4,41.79671024884015,362.5,300-400,40%-50%
Frozen Bottle,2026-07-30,WK 31,Mogappair,Swiggy,Snacks,COCO,TN,845.2,771.45,0.0,1526.65,0,4,50.53221105033898,211.3,200-300,50%-60%
Frozen Bottle,2026-07-30,WK 31,Mogappair,Zomato,Dinner,COCO,TN,2279.6,2157.4,114.02,4297.0,0,7,50.20712124738189,325.65714285714284,300-400,50%-60%
Frozen Bottle,2026-07-30,WK 31,Mogappair,Zomato,Late Night,COCO,TN,300.0,0.0,15.0,290.0,0,1,0.0,300.0,200-300,0%
Frozen Bottle,2026-07-30,WK 31,Mogappair,Zomato,Lunch,COCO,TN,1381.5,987.5,69.08,2289.0,0,5,43.14110965487112,276.3,200-300,40%-50%
Frozen Bottle,2026-07-30,WK 31,Mogappair,Zomato,Snacks,COCO,TN,902.0,798.0,45.120000000000005,1640.0,0,4,48.65853658536585,225.5,200-300,40%-50%
Frozen Bottle,2026-07-30,WK 31,Mudichur,In Store,Dinner,COCO,TN,1866.79,232.20999999999998,93.38,2099.0,0,9,11.062887089090042,207.42111111111112,200-300,10%-20%
Frozen Bottle,2026-07-30,WK 31,Mudichur,In Store,Lunch,COCO,TN,690.92,292.08,34.56,983.0,0,3,29.713123092573753,230.30666666666664,200-300,20%-30%
Frozen Bottle,2026-07-30,WK 31,Mudichur,In Store,Snacks,COCO,TN,1381.0,0.0,69.06,1381.0,0,4,0.0,345.25,300-400,0%
Frozen Bottle,2026-07-30,WK 31,Mudichur,Swiggy,Dinner,COCO,TN,5070.53,2805.47,0.0,7586.0,0,15,36.98220406011073,338.0353333333333,300-400,30%-40%
Frozen Bottle,2026-07-30,WK 31,Mudichur,Swiggy,Late Night,COCO,TN,1049.0,815.0,0.0,1774.0,0,5,45.9413754227734,209.8,200-300,40%-50%
Frozen Bottle,2026-07-30,WK 31,Mudichur,Swiggy,Lunch,COCO,TN,1067.0,544.0,0.0,1561.0,0,3,34.84945547725817,355.6666666666667,300-400,30%-40%
Frozen Bottle,2026-07-30,WK 31,Mudichur,Swiggy,Snacks,COCO,TN,950.56,587.44,0.0,1478.0,0,4,39.74560216508796,237.64,200-300,30%-40%
Frozen Bottle,2026-07-30,WK 31,Mudichur,Zomato,Dinner,COCO,TN,1338.7,1218.3,66.94,2477.0,0,5,49.18449737585789,267.74,200-300,40%-50%
Frozen Bottle,2026-07-30,WK 31,Mudichur,Zomato,Late Night,COCO,TN,135.0,125.0,6.76,250.0,0,1,50.0,135.0,100-200,40%-50%
Frozen Bottle,2026-07-30,WK 31,Mudichur,Zomato,Lunch,COCO,TN,619.0,569.0,30.96,1148.0,0,2,49.56445993031359,309.5,300-400,40%-50%
Frozen Bottle,2026-07-30,WK 31,Mudichur,Zomato,Snacks,COCO,TN,680.42,601.4300000000001,34.04,1231.85,0,2,48.82331452693105,340.21,300-400,40%-50%
Frozen Bottle,2026-07-30,WK 31,Mulund,In Store,Dinner,COCO,MH,3801.02,349.9,190.12,4150.92,0,15,8.429456602391758,253.40133333333333,200-300,1%-10%
Frozen Bottle,2026-07-30,WK 31,Mulund,In Store,Lunch,COCO,MH,496.0,0.0,24.82,496.0,0,3,0.0,165.33333333333334,100-200,0%
Frozen Bottle,2026-07-30,WK 31,Mulund,In Store,Snacks,COCO,MH,2270.49,396.20000000000005,113.56,2666.69,0,10,14.857369998012517,227.04899999999998,200-300,10%-20%
Frozen Bottle,2026-07-30,WK 31,Mulund,Swiggy,Closing,COCO,MH,489.0,183.0,0.0,652.0,0,2,28.067484662576685,244.5,200-300,20%-30%
Frozen Bottle,2026-07-30,WK 31,Mulund,Swiggy,Dinner,COCO,MH,6959.02,2565.64,0.0,9194.66,0,15,27.90358751710232,463.9346666666667,400-500,20%-30%
Frozen Bottle,2026-07-30,WK 31,Mulund,Swiggy,Late Night,COCO,MH,883.0,497.0,0.0,1330.0,0,3,37.368421052631575,294.3333333333333,200-300,30%-40%
Frozen Bottle,2026-07-30,WK 31,Mulund,Swiggy,Lunch,COCO,MH,446.0,354.0,0.0,770.0,0,2,45.97402597402597,223.0,200-300,40%-50%
Frozen Bottle,2026-07-30,WK 31,Mulund,Swiggy,Snacks,COCO,MH,798.2,292.8,0.0,1051.0,0,4,27.859181731684114,199.55,100-200,20%-30%
Frozen Bottle,2026-07-30,WK 31,Mulund,Zomato,Dinner,COCO,MH,3640.06,2748.27,182.06,6148.33,0,12,44.69945497395227,303.3383333333333,300-400,40%-50%
Frozen Bottle,2026-07-30,WK 31,Mulund,Zomato,Late Night,COCO,MH,934.1,627.9,46.74,1512.0,0,4,41.52777777777777,233.525,200-300,40%-50%
Frozen Bottle,2026-07-30,WK 31,Mulund,Zomato,Lunch,COCO,MH,451.5,322.5,22.580000000000002,744.0,0,2,43.346774193548384,225.75,200-300,40%-50%
Frozen Bottle,2026-07-30,WK 31,Mulund,Zomato,Snacks,COCO,MH,190.0,180.0,9.5,360.0,0,1,50.0,190.0,100-200,40%-50%
Frozen Bottle,2026-07-30,WK 31,Nagadevanahally,In Store,Closing,FOFO,KA,39.0,0.0,1.96,39.0,0,1,0.0,39.0,0-100,0%
Frozen Bottle,2026-07-30,WK 31,Nagadevanahally,In Store,Dinner,FOFO,KA,1058.0,0.0,52.940000000000005,1058.0,0,6,0.0,176.33333333333334,100-200,0%
Frozen Bottle,2026-07-30,WK 31,Nagadevanahally,In Store,Lunch,FOFO,KA,88.0,0.0,4.4,88.0,0,1,0.0,88.0,0-100,0%
Frozen Bottle,2026-07-30,WK 31,Nagadevanahally,In Store,Snacks,FOFO,KA,724.0,0.0,36.22,724.0,0,4,0.0,181.0,100-200,0%
Frozen Bottle,2026-07-30,WK 31,Nagadevanahally,Swiggy,Dinner,FOFO,KA,308.2,289.8,0.0,578.0,0,2,50.13840830449827,154.1,100-200,50%-60%
Frozen Bottle,2026-07-30,WK 31,Nagadevanahally,Swiggy,Lunch,FOFO,KA,174.0,194.0,0.0,358.0,0,2,54.18994413407822,87.0,0-100,50%-60%
Frozen Bottle,2026-07-30,WK 31,Nagadevanahally,Swiggy,Snacks,FOFO,KA,195.0,104.0,0.0,299.0,0,1,34.78260869565217,195.0,100-200,30%-40%
Frozen Bottle,2026-07-30,WK 31,Nagadevanahally,Zomato,Lunch,FOFO,KA,329.0,0.0,16.46,319.0,0,1,0.0,329.0,300-400,0%
Frozen Bottle,2026-07-30,WK 31,Nagadevanahally,Zomato,Snacks,FOFO,KA,306.0,225.0,15.3,511.0,0,1,44.031311154598825,306.0,300-400,40%-50%
Frozen Bottle,2026-07-30,WK 31,Nagarbhavi,In Store,Dinner,FOFO,KA,1005.46,0.0,50.28,1005.46,0,2,0.0,502.73,500-600,0%
Frozen Bottle,2026-07-30,WK 31,Nagarbhavi,In Store,Late Night,FOFO,KA,1319.0,0.0,65.98,1319.0,0,5,0.0,263.8,200-300,0%
Frozen Bottle,2026-07-30,WK 31,Nagarbhavi,In Store,Lunch,FOFO,KA,767.0,0.0,38.36,767.0,0,2,0.0,383.5,300-400,0%
Frozen Bottle,2026-07-30,WK 31,Nagarbhavi,In Store,Snacks,FOFO,KA,924.0,0.0,46.22,924.0,0,4,0.0,231.0,200-300,0%
Frozen Bottle,2026-07-30,WK 31,Nagarbhavi,Swiggy,Dinner,FOFO,KA,550.0,0.0,0.0,530.0,0,2,0.0,275.0,200-300,0%
Frozen Bottle,2026-07-30,WK 31,Nagarbhavi,Swiggy,Snacks,FOFO,KA,529.0,0.0,0.0,509.0,0,1,0.0,529.0,500-600,0%
Frozen Bottle,2026-07-30,WK 31,Nagarbhavi,Zomato,Closing,FOFO,KA,260.0,50.0,13.0,300.0,0,1,16.666666666666664,260.0,200-300,10%-20%
Frozen Bottle,2026-07-30,WK 31,Nagarbhavi,Zomato,Dinner,FOFO,KA,631.0,0.0,31.56,611.0,0,1,0.0,631.0,600-900,0%
Frozen Bottle,2026-07-30,WK 31,Nagarbhavi,Zomato,Lunch,FOFO,KA,719.0,150.0,35.96,839.0,0,1,17.878426698450536,719.0,600-900,10%-20%
Frozen Bottle,2026-07-30,WK 31,Nagavara,In Store,Dinner,COCO,KA,1958.1399999999999,0.0,97.98,1958.1399999999999,0,14,0.0,139.86714285714285,100-200,0%
Frozen Bottle,2026-07-30,WK 31,Nagavara,In Store,Late Night,COCO,KA,256.18,0.0,12.8,256.18,0,1,0.0,256.18,200-300,0%
Frozen Bottle,2026-07-30,WK 31,Nagavara,In Store,Lunch,COCO,KA,570.0,0.0,28.52,570.0,0,6,0.0,95.0,0-100,0%
Frozen Bottle,2026-07-30,WK 31,Nagavara,In Store,Snacks,COCO,KA,1045.05,0.0,52.300000000000004,1045.05,0,9,0.0,116.11666666666666,100-200,0%
Frozen Bottle,2026-07-30,WK 31,Nagavara,Ownly,Dinner,COCO,KA,518.0,0.0,25.92,518.0,0,3,0.0,172.66666666666666,100-200,0%
Frozen Bottle,2026-07-30,WK 31,Nagavara,Ownly,Late Night,COCO,KA,230.0,0.0,11.5,230.0,0,1,0.0,230.0,200-300,0%
Frozen Bottle,2026-07-30,WK 31,Nagavara,Ownly,Snacks,COCO,KA,292.0,0.0,14.6,292.0,0,1,0.0,292.0,200-300,0%
Frozen Bottle,2026-07-30,WK 31,Nagavara,Swiggy,Breakfast,COCO,KA,538.0,112.0,0.0,630.0,0,2,17.77777777777778,269.0,200-300,10%-20%
Frozen Bottle,2026-07-30,WK 31,Nagavara,Swiggy,Dinner,COCO,KA,3255.32,2566.01,0.0,5651.33,0,16,45.40541783969438,203.4575,200-300,40%-50%
Frozen Bottle,2026-07-30,WK 31,Nagavara,Swiggy,Late Night,COCO,KA,812.0,1028.0,0.0,1780.0,0,4,57.752808988764045,203.0,200-300,50%-60%
Frozen Bottle,2026-07-30,WK 31,Nagavara,Swiggy,Lunch,COCO,KA,514.56,303.44,0.0,788.0,0,3,38.50761421319797,171.51999999999998,100-200,30%-40%
Frozen Bottle,2026-07-30,WK 31,Nagavara,Swiggy,Snacks,COCO,KA,98.0,112.0,0.0,200.0,0,1,56.00000000000001,98.0,0-100,50%-60%
Frozen Bottle,2026-07-30,WK 31,Nagavara,Zomato,Breakfast,COCO,KA,190.0,0.0,9.5,180.0,0,1,0.0,190.0,100-200,0%
Frozen Bottle,2026-07-30,WK 31,Nagavara,Zomato,Dinner,COCO,KA,2367.1,2099.9,118.38,4317.0,0,10,48.64257586286773,236.70999999999998,200-300,40%-50%
Frozen Bottle,2026-07-30,WK 31,Nagavara,Zomato,Late Night,COCO,KA,1093.8600000000001,408.47,54.7,1442.33,0,4,28.320148648367578,273.46500000000003,200-300,20%-30%
Frozen Bottle,2026-07-30,WK 31,Nagavara,Zomato,Lunch,COCO,KA,1498.5,916.5,74.94,2315.0,0,5,39.58963282937365,299.7,200-300,30%-40%
Frozen Bottle,2026-07-30,WK 31,Nagavara,Zomato,Snacks,COCO,KA,1245.1,1101.9,62.28,2267.0,0,6,48.60608734009705,207.51666666666665,200-300,40%-50%
Frozen Bottle,2026-07-30,WK 31,Nalanchira,In Store,Breakfast,FOFO,Kerela,625.0,0.0,31.259999999999998,625.0,0,3,0.0,208.33333333333334,200-300,0%
Frozen Bottle,2026-07-30,WK 31,Nalanchira,In Store,Dinner,FOFO,Kerela,1651.5,0.0,82.58000000000001,1651.5,0,5,0.0,330.3,300-400,0%
Frozen Bottle,2026-07-30,WK 31,Nalanchira,In Store,Lunch,FOFO,Kerela,1431.05,0.0,71.56,1431.05,0,4,0.0,357.7625,300-400,0%
Frozen Bottle,2026-07-30,WK 31,Nalanchira,In Store,Snacks,FOFO,Kerela,3174.6,0.0,158.84,3174.6,0,16,0.0,198.4125,100-200,0%
Frozen Bottle,2026-07-30,WK 31,Nalanchira,Swiggy,Dinner,FOFO,Kerela,798.0,41.0,0.0,819.0,0,2,5.006105006105006,399.0,300-400,1%-10%
Frozen Bottle,2026-07-30,WK 31,Nalanchira,Swiggy,Snacks,FOFO,Kerela,1299.0,0.0,0.0,1259.0,0,3,0.0,433.0,400-500,0%
Frozen Bottle,2026-07-30,WK 31,Nalanchira,Zomato,Lunch,FOFO,Kerela,290.0,0.0,14.5,280.0,0,1,0.0,290.0,200-300,0%
Frozen Bottle,2026-07-30,WK 31,Nalanchira,Zomato,Snacks,FOFO,Kerela,467.0,92.0,23.36,539.0,0,1,17.068645640074212,467.0,400-500,10%-20%
Frozen Bottle,2026-07-30,WK 31,Nallagandla,In Store,Dinner,FOFO,AP & TL,199.0,0.0,9.96,199.0,0,1,0.0,199.0,100-200,0%
Frozen Bottle,2026-07-30,WK 31,Namakkal,In Store,Dinner,FOFO,TN,844.0,0.0,42.24,844.0,0,5,0.0,168.8,100-200,0%
Frozen Bottle,2026-07-30,WK 31,Namakkal,In Store,Lunch,FOFO,TN,308.0,0.0,15.4,308.0,0,1,0.0,308.0,300-400,0%
Frozen Bottle,2026-07-30,WK 31,Namakkal,In Store,Snacks,FOFO,TN,1742.0,0.0,87.14,1742.0,0,4,0.0,435.5,400-500,0%
Frozen Bottle,2026-07-30,WK 31,Namakkal,Swiggy,Dinner,FOFO,TN,1092.0,0.0,0.0,1052.0,0,3,0.0,364.0,300-400,0%
Frozen Bottle,2026-07-30,WK 31,Namakkal,Swiggy,Lunch,FOFO,TN,1098.0,0.0,0.0,1058.0,0,3,0.0,366.0,300-400,0%
Frozen Bottle,2026-07-30,WK 31,Namakkal,Zomato,Dinner,FOFO,TN,340.0,0.0,17.0,330.0,0,1,0.0,340.0,300-400,0%
Frozen Bottle,2026-07-30,WK 31,Namakkal,Zomato,Lunch,FOFO,TN,728.0,0.0,36.4,708.0,0,1,0.0,728.0,600-900,0%
Frozen Bottle,2026-07-30,WK 31,Namakkal,Zomato,Snacks,FOFO,TN,1609.0,0.0,80.48,1549.0,0,4,0.0,402.25,400-500,0%
Frozen Bottle,2026-07-30,WK 31,Nanganallur CK,Swiggy,Dinner,COCO,TN,4457.02,2802.16,0.0,7009.18,0,14,39.97842828975715,318.35857142857145,300-400,30%-40%
Frozen Bottle,2026-07-30,WK 31,Nanganallur CK,Swiggy,Lunch,COCO,TN,1289.2,1144.13,0.0,2343.33,0,5,48.82496276666112,257.84000000000003,200-300,40%-50%
Frozen Bottle,2026-07-30,WK 31,Nanganallur CK,Swiggy,Snacks,COCO,TN,2268.01,1321.99,0.0,3480.0,0,7,37.9882183908046,324.0014285714286,300-400,30%-40%
Frozen Bottle,2026-07-30,WK 31,Nanganallur CK,Zomato,Dinner,COCO,TN,991.0,833.0,49.58,1764.0,0,4,47.22222222222222,247.75,200-300,40%-50%
Frozen Bottle,2026-07-30,WK 31,Nanganallur CK,Zomato,Late Night,COCO,TN,2244.33,1234.0,112.3,3358.33,0,7,36.74445334437056,320.61857142857144,300-400,30%-40%
Frozen Bottle,2026-07-30,WK 31,Nanganallur CK,Zomato,Snacks,COCO,TN,1823.0,930.0,91.16,2663.0,0,4,34.92301915133309,455.75,400-500,30%-40%
Frozen Bottle,2026-07-30,WK 31,Nungambakkam - CK,Swiggy,Breakfast,COCO,TN,300.0,0.0,0.0,290.0,0,1,0.0,300.0,200-300,0%
Frozen Bottle,2026-07-30,WK 31,Nungambakkam - CK,Swiggy,Dinner,COCO,TN,2352.56,1173.1,0.0,3375.66,0,10,34.75172262609386,235.256,200-300,30%-40%
Frozen Bottle,2026-07-30,WK 31,Nungambakkam - CK,Swiggy,Late Night,COCO,TN,1075.0,721.6600000000001,0.0,1716.6599999999999,0,5,42.038609858679074,215.0,200-300,40%-50%
Frozen Bottle,2026-07-30,WK 31,Nungambakkam - CK,Swiggy,Lunch,COCO,TN,1441.0,699.0,0.0,2070.0,0,5,33.768115942028984,288.2,200-300,30%-40%
Frozen Bottle,2026-07-30,WK 31,Nungambakkam - CK,Swiggy,Snacks,COCO,TN,1601.0,980.33,0.0,2501.33,0,6,39.19234966997557,266.8333333333333,200-300,30%-40%
Frozen Bottle,2026-07-30,WK 31,Nungambakkam - CK,Zomato,Dinner,COCO,TN,1302.0,1106.0,65.12,2328.0,0,5,47.508591065292094,260.4,200-300,40%-50%
Frozen Bottle,2026-07-30,WK 31,Nungambakkam - CK,Zomato,Lunch,COCO,TN,227.1,201.9,11.36,419.0,0,1,48.186157517899765,227.1,200-300,40%-50%
Frozen Bottle,2026-07-30,WK 31,Nungambakkam - CK,Zomato,Snacks,COCO,TN,301.0,281.0,15.06,562.0,0,1,50.0,301.0,300-400,40%-50%
Frozen Bottle,2026-07-30,WK 31,OMR,In Store,Dinner,COCO,TN,3793.13,824.33,189.70000000000002,4617.46,0,12,17.852455679096302,316.0941666666667,300-400,10%-20%
Frozen Bottle,2026-07-30,WK 31,OMR,In Store,Lunch,COCO,TN,1435.88,629.04,71.84,2064.92,0,8,30.46316564322104,179.485,100-200,30%-40%
Frozen Bottle,2026-07-30,WK 31,OMR,In Store,Snacks,COCO,TN,491.15000000000003,302.85,24.58,794.0,0,5,38.142317380352644,98.23,0-100,30%-40%
Frozen Bottle,2026-07-30,WK 31,OMR,Swiggy,Dinner,COCO,TN,4255.13,2374.87,0.0,6380.0,0,16,37.22366771159874,265.945625,200-300,30%-40%
Frozen Bottle,2026-07-30,WK 31,OMR,Swiggy,Late Night,COCO,TN,478.0,297.33000000000004,0.0,745.3299999999999,0,2,39.89239665651457,239.0,200-300,30%-40%
Frozen Bottle,2026-07-30,WK 31,OMR,Swiggy,Lunch,COCO,TN,1292.0,518.0,0.0,1750.0,0,5,29.599999999999998,258.4,200-300,20%-30%
Frozen Bottle,2026-07-30,WK 31,OMR,Swiggy,Snacks,COCO,TN,4109.53,1813.32,0.0,5692.85,0,15,31.852587017047696,273.96866666666665,200-300,30%-40%
Frozen Bottle,2026-07-30,WK 31,OMR,Zomato,Dinner,COCO,TN,1545.9,1265.1,77.32,2721.0,0,6,46.49393605292172,257.65000000000003,200-300,40%-50%
Frozen Bottle,2026-07-30,WK 31,OMR,Zomato,Late Night,COCO,TN,247.5,252.5,12.38,480.0,0,1,52.604166666666664,247.5,200-300,50%-60%
Frozen Bottle,2026-07-30,WK 31,OMR,Zomato,Lunch,COCO,TN,1010.3,1104.7,50.54,2055.0,0,2,53.75669099756691,505.15,500-600,50%-60%
Frozen Bottle,2026-07-30,WK 31,OMR,Zomato,Snacks,COCO,TN,1129.2,1095.8,56.480000000000004,2135.0,0,3,51.32552693208431,376.40000000000003,300-400,50%-60%
Frozen Bottle,2026-07-30,WK 31,PALAM VIHAR,In Store,Dinner,FOFO,ROI,436.0,0.0,21.82,436.0,0,3,0.0,145.33333333333334,100-200,0%
Frozen Bottle,2026-07-30,WK 31,PALAM VIHAR,In Store,Lunch,FOFO,ROI,903.0,0.0,45.16,903.0,0,3,0.0,301.0,300-400,0%
Frozen Bottle,2026-07-30,WK 31,PALAM VIHAR,In Store,Snacks,FOFO,ROI,39.0,0.0,1.96,39.0,0,1,0.0,39.0,0-100,0%
Frozen Bottle,2026-07-30,WK 31,PALAM VIHAR,Swiggy,Closing,FOFO,ROI,270.0,100.0,0.0,360.0,0,1,27.77777777777778,270.0,200-300,20%-30%
Frozen Bottle,2026-07-30,WK 31,PALAM VIHAR,Swiggy,Dinner,FOFO,ROI,318.0,100.0,0.0,398.0,0,1,25.125628140703515,318.0,300-400,20%-30%
Frozen Bottle,2026-07-30,WK 31,PALAM VIHAR,Zomato,Dinner,FOFO,ROI,653.0,315.0,32.68,928.0,0,4,33.94396551724138,163.25,100-200,30%-40%
Frozen Bottle,2026-07-30,WK 31,PALAM VIHAR,Zomato,Lunch,FOFO,ROI,620.0,150.0,31.020000000000003,750.0,0,2,20.0,310.0,300-400,10%-20%
Frozen Bottle,2026-07-30,WK 31,PALAM VIHAR,Zomato,Snacks,FOFO,ROI,129.0,80.0,6.46,199.0,0,1,40.20100502512563,129.0,100-200,40%-50%
Frozen Bottle,2026-07-30,WK 31,Pallikaranai,In Store,Dinner,COCO,TN,1300.13,774.87,65.04,2075.0,0,5,37.343132530120485,260.026,200-300,30%-40%
Frozen Bottle,2026-07-30,WK 31,Pallikaranai,In Store,Lunch,COCO,TN,437.0,0.0,21.86,437.0,0,2,0.0,218.5,200-300,0%
Frozen Bottle,2026-07-30,WK 31,Pallikaranai,In Store,Snacks,COCO,TN,541.34,192.66,27.06,734.0,0,3,26.247956403269757,180.4466666666667,100-200,20%-30%
Frozen Bottle,2026-07-30,WK 31,Pallikaranai,Swiggy,Dinner,COCO,TN,1983.77,1496.56,0.0,3340.33,0,8,44.80275900884044,247.97125,200-300,40%-50%
Frozen Bottle,2026-07-30,WK 31,Pallikaranai,Swiggy,Late Night,COCO,TN,843.2,572.13,0.0,1345.33,0,4,42.52711230701761,210.8,200-300,40%-50%
Frozen Bottle,2026-07-30,WK 31,Pallikaranai,Swiggy,Snacks,COCO,TN,921.2,749.8,0.0,1611.0,0,4,46.54252017380509,230.3,200-300,40%-50%
Frozen Bottle,2026-07-30,WK 31,Pallikaranai,Zomato,Dinner,COCO,TN,1511.5,1301.5,75.6,2713.0,0,6,47.97272392185772,251.91666666666666,200-300,40%-50%
Frozen Bottle,2026-07-30,WK 31,Pallikaranai,Zomato,Late Night,COCO,TN,211.0,120.0,10.56,321.0,0,1,37.38317757009346,211.0,200-300,30%-40%
Frozen Bottle,2026-07-30,WK 31,Pallikaranai,Zomato,Lunch,COCO,TN,578.0,339.0,28.92,887.0,0,2,38.21871476888388,289.0,200-300,30%-40%
Frozen Bottle,2026-07-30,WK 31,Pallikaranai,Zomato,Snacks,COCO,TN,361.0,299.0,18.06,640.0,0,1,46.71875,361.0,300-400,40%-50%
Frozen Bottle,2026-07-30,WK 31,Parbhani,In Store,Dinner,FOFO,MH,1821.0,0.0,91.06,1821.0,0,4,0.0,455.25,400-500,0%
Frozen Bottle,2026-07-30,WK 31,Parbhani,In Store,Snacks,FOFO,MH,1112.0,0.0,55.64,1112.0,0,5,0.0,222.4,200-300,0%
Frozen Bottle,2026-07-30,WK 31,Parbhani,Swiggy,Closing,FOFO,MH,318.0,1.0,0.0,319.0,0,1,0.3134796238244514,318.0,300-400,1%-10%
Frozen Bottle,2026-07-30,WK 31,Parbhani,Swiggy,Dinner,FOFO,MH,289.0,41.0,0.0,330.0,0,1,12.424242424242424,289.0,200-300,10%-20%
Frozen Bottle,2026-07-30,WK 31,Parbhani,Swiggy,Snacks,FOFO,MH,320.0,0.0,0.0,310.0,0,1,0.0,320.0,300-400,0%
Frozen Bottle,2026-07-30,WK 31,Parbhani,Zomato,Closing,FOFO,MH,270.0,250.0,13.5,500.0,0,1,50.0,270.0,200-300,40%-50%
Frozen Bottle,2026-07-30,WK 31,Parbhani,Zomato,Dinner,FOFO,MH,1731.6399999999999,246.36,86.6,1908.0,0,7,12.91194968553459,247.37714285714284,200-300,10%-20%
Frozen Bottle,2026-07-30,WK 31,Parbhani,Zomato,Late Night,FOFO,MH,914.27,74.73,45.72,959.0,0,2,7.792492179353494,457.135,400-500,1%-10%
Frozen Bottle,2026-07-30,WK 31,Parbhani,Zomato,Lunch,FOFO,MH,372.7,27.3,18.64,390.0,0,1,7.000000000000001,372.7,300-400,1%-10%
Frozen Bottle,2026-07-30,WK 31,Parbhani,Zomato,Snacks,FOFO,MH,290.0,0.0,14.5,280.0,0,1,0.0,290.0,200-300,0%
Frozen Bottle,2026-07-30,WK 31,Perambur - CK,Swiggy,Breakfast,COCO,TN,278.0,202.0,0.0,460.0,0,1,43.913043478260875,278.0,200-300,40%-50%
Frozen Bottle,2026-07-30,WK 31,Perambur - CK,Swiggy,Dinner,COCO,TN,2105.05,1365.59,0.0,3380.64,0,6,40.39442235789673,350.8416666666667,300-400,40%-50%
Frozen Bottle,2026-07-30,WK 31,Perambur - CK,Swiggy,Late Night,COCO,TN,786.0,365.0,0.0,1111.0,0,3,32.853285328532856,262.0,200-300,30%-40%
Frozen Bottle,2026-07-30,WK 31,Perambur - CK,Swiggy,Lunch,COCO,TN,428.0,383.0,0.0,791.0,0,2,48.419721871049305,214.0,200-300,40%-50%
Frozen Bottle,2026-07-30,WK 31,Perambur - CK,Swiggy,Snacks,COCO,TN,485.4,414.6,0.0,870.0,0,4,47.6551724137931,121.35,100-200,40%-50%
Frozen Bottle,2026-07-30,WK 31,Perambur - CK,Zomato,Breakfast,COCO,TN,169.5,159.5,8.48,319.0,0,1,50.0,169.5,100-200,40%-50%
Frozen Bottle,2026-07-30,WK 31,Perambur - CK,Zomato,Dinner,COCO,TN,474.0,444.0,23.72,888.0,0,2,50.0,237.0,200-300,40%-50%
Frozen Bottle,2026-07-30,WK 31,Perambur - CK,Zomato,Late Night,COCO,TN,315.0,295.0,15.76,590.0,0,2,50.0,157.5,100-200,40%-50%
Frozen Bottle,2026-07-30,WK 31,Perambur - CK,Zomato,Lunch,COCO,TN,465.0,365.0,23.259999999999998,800.0,0,2,45.625,232.5,200-300,40%-50%
Frozen Bottle,2026-07-30,WK 31,Perambur - CK,Zomato,Snacks,COCO,TN,477.0,342.0,23.86,789.0,0,2,43.346007604562736,238.5,200-300,40%-50%
Frozen Bottle,2026-07-30,WK 31,Pimple Saudagar,In Store,Dinner,FOFO,MH,244.23,0.0,12.22,244.23,0,1,0.0,244.23,200-300,0%
Frozen Bottle,2026-07-30,WK 31,Pimple Saudagar,Swiggy,Dinner,FOFO,MH,880.01,159.99,0.0,1010.0,0,2,15.840594059405941,440.005,400-500,10%-20%
Frozen Bottle,2026-07-30,WK 31,Pimple Saudagar,Swiggy,Lunch,FOFO,MH,542.0,100.0,0.0,622.0,0,1,16.077170418006432,542.0,500-600,10%-20%
Frozen Bottle,2026-07-30,WK 31,Pimple Saudagar,Zomato,Dinner,FOFO,MH,290.0,50.0,14.5,330.0,0,1,15.151515151515152,290.0,200-300,10%-20%
Frozen Bottle,2026-07-30,WK 31,Pimple Saudagar,Zomato,Late Night,FOFO,MH,240.0,100.0,12.0,330.0,0,1,30.303030303030305,240.0,200-300,30%-40%
Frozen Bottle,2026-07-30,WK 31,Pimple Saudagar,Zomato,Snacks,FOFO,MH,883.0,46.0,44.16,899.0,0,2,5.116796440489433,441.5,400-500,1%-10%
Frozen Bottle,2026-07-30,WK 31,Pimpri Chinchwad,In Store,Snacks,FOFO,MH,408.0,0.0,20.4,408.0,0,1,0.0,408.0,400-500,0%
Frozen Bottle,2026-07-30,WK 31,Pimpri Chinchwad,Swiggy,Snacks,FOFO,MH,780.0,0.0,0.0,760.0,0,2,0.0,390.0,300-400,0%
Frozen Bottle,2026-07-30,WK 31,Pimpri Chinchwad,Zomato,Dinner,FOFO,MH,341.0,0.0,17.06,331.0,0,1,0.0,341.0,300-400,0%
Frozen Bottle,2026-07-30,WK 31,Pimpri Chinchwad,Zomato,Snacks,FOFO,MH,171.0,69.0,8.56,230.0,0,1,30.0,171.0,100-200,20%-30%
Frozen Bottle,2026-07-30,WK 31,Poonamalle,In Store,Dinner,FOFO,TN,1611.0,0.0,80.58,1611.0,0,5,0.0,322.2,300-400,0%
Frozen Bottle,2026-07-30,WK 31,Poonamalle,In Store,Lunch,FOFO,TN,1566.23,0.0,78.32,1566.23,0,4,0.0,391.5575,300-400,0%
Frozen Bottle,2026-07-30,WK 31,Poonamalle,In Store,Snacks,FOFO,TN,1487.0,0.0,74.38,1487.0,0,7,0.0,212.42857142857142,200-300,0%
Frozen Bottle,2026-07-30,WK 31,Poonamalle,Swiggy,Dinner,FOFO,TN,300.0,0.0,0.0,280.0,0,1,0.0,300.0,200-300,0%
Frozen Bottle,2026-07-30,WK 31,Poonamalle,Swiggy,Lunch,FOFO,TN,679.01,159.99,0.0,799.0,0,1,20.02377972465582,679.01,600-900,20%-30%
Frozen Bottle,2026-07-30,WK 31,Poonamalle,Swiggy,Snacks,FOFO,TN,350.0,0.0,0.0,330.0,0,1,0.0,350.0,300-400,0%
Frozen Bottle,2026-07-30,WK 31,Poonamalle,Zomato,Dinner,FOFO,TN,190.0,100.0,9.5,280.0,0,1,35.714285714285715,190.0,100-200,30%-40%
Frozen Bottle,2026-07-30,WK 31,Poonamalle,Zomato,Snacks,FOFO,TN,1011.0,0.0,50.56,981.0,0,1,0.0,1011.0,>900,0%
Frozen Bottle,2026-07-30,WK 31,Powai- CF - CK,Swiggy,Dinner,COCO,MH,1130.05,960.59,0.0,2020.6399999999999,0,6,47.53889856679073,188.34166666666667,100-200,40%-50%
Frozen Bottle,2026-07-30,WK 31,Powai- CF - CK,Swiggy,Late Night,COCO,MH,178.0,112.0,0.0,280.0,0,1,40.0,178.0,100-200,30%-40%
Frozen Bottle,2026-07-30,WK 31,Powai- CF - CK,Swiggy,Snacks,COCO,MH,276.0,202.0,0.0,458.0,0,1,44.10480349344978,276.0,200-300,40%-50%
Frozen Bottle,2026-07-30,WK 31,Powai- CF - CK,Zomato,Dinner,COCO,MH,4868.2,3888.13,243.54,8476.33,0,13,45.870441570821335,374.4769230769231,300-400,40%-50%
Frozen Bottle,2026-07-30,WK 31,Powai- CF - CK,Zomato,Late Night,COCO,MH,275.0,255.0,13.76,510.0,0,2,50.0,137.5,100-200,40%-50%
Frozen Bottle,2026-07-30,WK 31,Powai- CF - CK,Zomato,Lunch,COCO,MH,1142.7,770.3,57.16,1853.0,0,3,41.570426335671876,380.90000000000003,300-400,40%-50%
Frozen Bottle,2026-07-30,WK 31,Powai- CF - CK,Zomato,Snacks,COCO,MH,486.56,461.77,24.34,928.33,0,1,49.74200984563679,486.56,400-500,40%-50%
Frozen Bottle,2026-07-30,WK 31,Prabhadevi,Swiggy,Dinner,COCO,MH,972.2,666.8,0.0,1569.0,0,5,42.49840662842574,194.44,100-200,40%-50%
Frozen Bottle,2026-07-30,WK 31,Prabhadevi,Swiggy,Late Night,COCO,MH,488.0,112.0,0.0,580.0,0,2,19.310344827586206,244.0,200-300,10%-20%
Frozen Bottle,2026-07-30,WK 31,Prabhadevi,Swiggy,Lunch,COCO,MH,1537.2,603.8,0.0,2071.0,0,6,29.154997585707388,256.2,200-300,20%-30%
Frozen Bottle,2026-07-30,WK 31,Prabhadevi,Swiggy,Snacks,COCO,MH,609.6800000000001,567.3199999999999,0.0,1127.0,0,5,50.338952972493345,121.936,100-200,50%-60%
Frozen Bottle,2026-07-30,WK 31,Prabhadevi,Zomato,Closing,COCO,MH,125.0,115.0,6.26,230.0,0,1,50.0,125.0,100-200,40%-50%
Frozen Bottle,2026-07-30,WK 31,Prabhadevi,Zomato,Dinner,COCO,MH,2556.1,2151.9,127.84,4558.0,0,8,47.21149627029399,319.5125,300-400,40%-50%
Frozen Bottle,2026-07-30,WK 31,Prabhadevi,Zomato,Late Night,COCO,MH,1548.2,799.8,77.42,2288.0,0,3,34.95629370629371,516.0666666666667,500-600,30%-40%
Frozen Bottle,2026-07-30,WK 31,Prabhadevi,Zomato,Lunch,COCO,MH,1070.72,1019.28,53.54,2020.0,0,5,50.45940594059406,214.144,200-300,50%-60%
Frozen Bottle,2026-07-30,WK 31,Prabhadevi,Zomato,Snacks,COCO,MH,1243.22,1213.79,62.2,2386.99,0,2,50.850233976681935,621.61,600-900,50%-60%
Frozen Bottle,2026-07-30,WK 31,Puducherry,In Store,Snacks,FOFO,TN,895.0,0.0,44.76,895.0,0,2,0.0,447.5,400-500,0%
Frozen Bottle,2026-07-30,WK 31,Puducherry,Swiggy,Lunch,FOFO,TN,2059.0,0.0,0.0,1989.0,0,1,0.0,2059.0,>900,0%
Frozen Bottle,2026-07-30,WK 31,Puducherry,Swiggy,Snacks,FOFO,TN,280.0,0.0,0.0,270.0,0,1,0.0,280.0,200-300,0%
Frozen Bottle,2026-07-30,WK 31,Puducherry,Zomato,Dinner,FOFO,TN,1222.0,0.0,61.1,1182.0,0,1,0.0,1222.0,>900,0%
Frozen Bottle,2026-07-30,WK 31,Puducherry,Zomato,Lunch,FOFO,TN,1208.0,0.0,60.4,1178.0,0,1,0.0,1208.0,>900,0%
Frozen Bottle,2026-07-30,WK 31,RT Nagar,In Store,Dinner,FOFO,KA,1085.0,0.0,54.260000000000005,1085.0,0,3,0.0,361.6666666666667,300-400,0%
Frozen Bottle,2026-07-30,WK 31,RT Nagar,In Store,Snacks,FOFO,KA,955.0,0.0,47.78,955.0,0,4,0.0,238.75,200-300,0%
Frozen Bottle,2026-07-30,WK 31,RT Nagar,Swiggy,Late Night,FOFO,KA,109.0,131.0,0.0,230.0,0,1,56.95652173913044,109.0,100-200,50%-60%
Frozen Bottle,2026-07-30,WK 31,RT Nagar,Swiggy,Snacks,FOFO,KA,1039.0,289.0,0.0,1298.0,0,2,22.26502311248074,519.5,500-600,20%-30%
Frozen Bottle,2026-07-30,WK 31,RT Nagar,Zomato,Dinner,FOFO,KA,750.0,0.0,37.519999999999996,720.0,0,3,0.0,250.0,200-300,0%
Frozen Bottle,2026-07-30,WK 31,RT Nagar,Zomato,Lunch,FOFO,KA,260.0,0.0,13.0,250.0,0,1,0.0,260.0,200-300,0%
Frozen Bottle,2026-07-30,WK 31,RT Nagar,Zomato,Snacks,FOFO,KA,418.0,0.0,20.92,398.0,0,2,0.0,209.0,200-300,0%
Frozen Bottle,2026-07-30,WK 31,Race Course Road,In Store,Dinner,COCO,TN,796.0,0.0,39.8,796.0,0,1,0.0,796.0,600-900,0%
Frozen Bottle,2026-07-30,WK 31,Race Course Road,In Store,Late Night,COCO,TN,217.0,0.0,10.86,217.0,0,1,0.0,217.0,200-300,0%
Frozen Bottle,2026-07-30,WK 31,Race Course Road,In Store,Lunch,COCO,TN,1491.22,128.78,74.56,1620.0,0,5,7.949382716049383,298.244,200-300,1%-10%
Frozen Bottle,2026-07-30,WK 31,Race Course Road,In Store,Snacks,COCO,TN,955.0,0.0,47.76,955.0,0,1,0.0,955.0,>900,0%
Frozen Bottle,2026-07-30,WK 31,Race Course Road,Swiggy,Dinner,COCO,TN,2321.0,1740.0,0.0,3901.0,0,11,44.603947705716486,211.0,200-300,40%-50%
Frozen Bottle,2026-07-30,WK 31,Race Course Road,Swiggy,Late Night,COCO,TN,2785.01,1671.99,0.0,4287.0,0,7,39.00139958012596,397.85857142857145,300-400,30%-40%
Frozen Bottle,2026-07-30,WK 31,Race Course Road,Swiggy,Lunch,COCO,TN,2570.12,1197.88,0.0,3628.0,0,7,33.01764057331864,367.15999999999997,300-400,30%-40%
Frozen Bottle,2026-07-30,WK 31,Race Course Road,Swiggy,Snacks,COCO,TN,1915.0,1026.0,0.0,2851.0,0,8,35.98737285163101,239.375,200-300,30%-40%
Frozen Bottle,2026-07-30,WK 31,Race Course Road,Zomato,Dinner,COCO,TN,3008.0,2534.0,150.46,5372.0,0,10,47.17051377513031,300.8,300-400,40%-50%
Frozen Bottle,2026-07-30,WK 31,Race Course Road,Zomato,Late Night,COCO,TN,691.0,280.0,34.56,941.0,0,2,29.75557917109458,345.5,300-400,20%-30%
Frozen Bottle,2026-07-30,WK 31,Race Course Road,Zomato,Lunch,COCO,TN,1234.0,955.0,61.739999999999995,2119.0,0,4,45.06842850401133,308.5,300-400,40%-50%
Frozen Bottle,2026-07-30,WK 31,Race Course Road,Zomato,Snacks,COCO,TN,1974.0,1615.0,98.72,3469.0,0,6,46.555203228596135,329.0,300-400,40%-50%
Frozen Bottle,2026-07-30,WK 31,Raichur,In Store,Dinner,FOFO,KA,556.0,0.0,27.82,556.0,0,2,0.0,278.0,200-300,0%
Frozen Bottle,2026-07-30,WK 31,Raichur,In Store,Late Night,FOFO,KA,218.0,0.0,10.9,218.0,0,1,0.0,218.0,200-300,0%
Frozen Bottle,2026-07-30,WK 31,Raichur,Swiggy,Dinner,FOFO,KA,180.0,100.0,9.0,270.0,0,1,37.03703703703704,180.0,100-200,30%-40%
Frozen Bottle,2026-07-30,WK 31,Raipur-1,In Store,Dinner,FOFO,ROI,209.0,0.0,10.46,209.0,0,1,0.0,209.0,200-300,0%
Frozen Bottle,2026-07-30,WK 31,Raipur-1,Swiggy,Late Night,FOFO,ROI,480.0,0.0,0.0,460.0,0,1,0.0,480.0,400-500,0%
Frozen Bottle,2026-07-30,WK 31,Raipur-1,Zomato,Dinner,FOFO,ROI,209.0,100.0,10.46,299.0,0,1,33.44481605351171,209.0,200-300,30%-40%
Frozen Bottle,2026-07-30,WK 31,Raipur-1,Zomato,Late Night,FOFO,ROI,686.1,250.9,34.34,897.0,0,3,27.971014492753625,228.70000000000002,200-300,20%-30%
Frozen Bottle,2026-07-30,WK 31,Raipur-1,Zomato,Snacks,FOFO,ROI,209.0,0.0,10.46,199.0,0,1,0.0,209.0,200-300,0%
Frozen Bottle,2026-07-30,WK 31,Raipur-2,In Store,Closing,FOFO,ROI,498.0,0.0,24.9,498.0,0,1,0.0,498.0,400-500,0%
Frozen Bottle,2026-07-30,WK 31,Raipur-2,Swiggy,Late Night,FOFO,ROI,424.01,74.99,0.0,479.0,0,1,15.65553235908142,424.01,400-500,10%-20%
Frozen Bottle,2026-07-30,WK 31,Raipur-2,Zomato,Dinner,FOFO,ROI,489.0,40.0,24.46,509.0,0,2,7.858546168958743,244.5,200-300,1%-10%
Frozen Bottle,2026-07-30,WK 31,Raipur-2,Zomato,Late Night,FOFO,ROI,803.9,126.1,40.2,890.0,0,2,14.168539325842696,401.95,400-500,10%-20%
Frozen Bottle,2026-07-30,WK 31,Ramanathapuram,In Store,Dinner,FOFO,TN,1073.0,0.0,53.66,1073.0,0,3,0.0,357.6666666666667,300-400,0%
Frozen Bottle,2026-07-30,WK 31,Ramanathapuram,In Store,Lunch,FOFO,TN,1343.0,0.0,67.16,1343.0,0,3,0.0,447.6666666666667,400-500,0%
Frozen Bottle,2026-07-30,WK 31,Ramanathapuram,In Store,Snacks,FOFO,TN,1806.0,0.0,90.36,1806.0,0,9,0.0,200.66666666666666,200-300,0%
Frozen Bottle,2026-07-30,WK 31,Ranchi,In Store,Dinner,FOFO,ROI,1419.0,0.0,70.98,1419.0,0,7,0.0,202.71428571428572,200-300,0%
Frozen Bottle,2026-07-30,WK 31,Ranchi,In Store,Lunch,FOFO,ROI,198.0,0.0,9.9,198.0,0,1,0.0,198.0,100-200,0%
Frozen Bottle,2026-07-30,WK 31,Ranchi,In Store,Snacks,FOFO,ROI,507.0,0.0,25.380000000000003,507.0,0,3,0.0,169.0,100-200,0%
Frozen Bottle,2026-07-30,WK 31,Ranchi,Zomato,Snacks,FOFO,ROI,384.0,135.0,19.2,499.0,0,2,27.054108216432866,192.0,100-200,20%-30%
Frozen Bottle,2026-07-30,WK 31,Ravipuram,In Store,Closing,COCO,Kerela,191.2,186.8,9.56,378.0,0,1,49.417989417989425,191.2,100-200,40%-50%
Frozen Bottle,2026-07-30,WK 31,Ravipuram,In Store,Dinner,COCO,Kerela,328.0,0.0,16.42,328.0,0,2,0.0,164.0,100-200,0%
Frozen Bottle,2026-07-30,WK 31,Ravipuram,In Store,Lunch,COCO,Kerela,3874.0,0.0,193.82,3874.0,0,19,0.0,203.89473684210526,200-300,0%
Frozen Bottle,2026-07-30,WK 31,Ravipuram,In Store,Snacks,COCO,Kerela,2515.0,0.0,125.8,2515.0,0,10,0.0,251.5,200-300,0%
Frozen Bottle,2026-07-30,WK 31,Ravipuram,Swiggy,Breakfast,COCO,Kerela,955.0,401.0,0.0,1306.0,0,2,30.704441041347625,477.5,400-500,30%-40%
Frozen Bottle,2026-07-30,WK 31,Ravipuram,Swiggy,Closing,COCO,Kerela,368.0,112.0,0.0,470.0,0,1,23.829787234042556,368.0,300-400,20%-30%
Frozen Bottle,2026-07-30,WK 31,Ravipuram,Swiggy,Dinner,COCO,Kerela,3624.22,2080.11,0.0,5484.33,0,13,37.92824283002664,278.7861538461538,200-300,30%-40%
Frozen Bottle,2026-07-30,WK 31,Ravipuram,Swiggy,Late Night,COCO,Kerela,1964.2,1485.13,0.0,3299.33,0,8,45.0130784128899,245.525,200-300,40%-50%
Frozen Bottle,2026-07-30,WK 31,Ravipuram,Swiggy,Lunch,COCO,Kerela,1918.4,1433.5900000000001,0.0,3211.99,0,9,44.632455269163366,213.15555555555557,200-300,40%-50%
Frozen Bottle,2026-07-30,WK 31,Ravipuram,Swiggy,Snacks,COCO,Kerela,644.2,674.8,0.0,1259.0,0,2,53.59809372517871,322.1,300-400,50%-60%
Frozen Bottle,2026-07-30,WK 31,Ravipuram,Zomato,Dinner,COCO,Kerela,3353.4,2554.6,167.76,5708.0,0,12,44.754730203223545,279.45,200-300,40%-50%
Frozen Bottle,2026-07-30,WK 31,Ravipuram,Zomato,Late Night,COCO,Kerela,1155.6399999999999,765.0,57.8,1850.6399999999999,0,5,41.337050966152255,231.128,200-300,40%-50%
Frozen Bottle,2026-07-30,WK 31,Ravipuram,Zomato,Lunch,COCO,Kerela,999.0,910.0,49.96,1849.0,0,4,49.215792320173065,249.75,200-300,40%-50%
Frozen Bottle,2026-07-30,WK 31,Ravipuram,Zomato,Snacks,COCO,Kerela,740.5,690.5,37.04,1381.0,0,2,50.0,370.25,300-400,40%-50%
Frozen Bottle,2026-07-30,WK 31,SEAWOOD,In Store,Dinner,COCO,MH,1602.27,823.96,80.16,2426.23,0,9,33.960506629627034,178.03,100-200,30%-40%
Frozen Bottle,2026-07-30,WK 31,SEAWOOD,In Store,Late Night,COCO,MH,588.99,741.01,29.44,1330.0,0,1,55.71503759398496,588.99,500-600,50%-60%
Frozen Bottle,2026-07-30,WK 31,SEAWOOD,In Store,Lunch,COCO,MH,634.3,59.7,31.740000000000002,694.0,0,3,8.602305475504323,211.4333333333333,200-300,1%-10%
Frozen Bottle,2026-07-30,WK 31,SEAWOOD,In Store,Snacks,COCO,MH,209.0,0.0,10.46,209.0,0,1,0.0,209.0,200-300,0%
Frozen Bottle,2026-07-30,WK 31,SEAWOOD,Others,Lunch,COCO,MH,134.20999999999998,245.79,6.7,360.0,0,1,68.27499999999999,134.20999999999998,100-200,60%-70%
Frozen Bottle,2026-07-30,WK 31,SEAWOOD,Swiggy,Dinner,COCO,MH,2040.01,1348.17,0.0,3278.1800000000003,0,7,41.125563574910466,291.43,200-300,40%-50%
Frozen Bottle,2026-07-30,WK 31,SEAWOOD,Swiggy,Late Night,COCO,MH,565.4,693.6,0.0,1209.0,0,3,57.3697270471464,188.46666666666667,100-200,50%-60%
Frozen Bottle,2026-07-30,WK 31,SEAWOOD,Swiggy,Lunch,COCO,MH,687.2,474.8,0.0,1122.0,0,5,42.317290552584666,137.44,100-200,40%-50%
Frozen Bottle,2026-07-30,WK 31,SEAWOOD,Swiggy,Snacks,COCO,MH,208.0,112.0,0.0,310.0,0,1,36.12903225806451,208.0,200-300,30%-40%
Frozen Bottle,2026-07-30,WK 31,SEAWOOD,Zomato,Dinner,COCO,MH,1680.0,1510.0,84.02000000000001,3090.0,0,4,48.86731391585761,420.0,400-500,40%-50%
Frozen Bottle,2026-07-30,WK 31,SEAWOOD,Zomato,Late Night,COCO,MH,410.0,180.0,20.5,570.0,0,1,31.57894736842105,410.0,400-500,30%-40%
Frozen Bottle,2026-07-30,WK 31,SEAWOOD,Zomato,Lunch,COCO,MH,1230.5,1010.5,61.54,2161.0,0,5,46.760758907913,246.1,200-300,40%-50%
Frozen Bottle,2026-07-30,WK 31,Sahakarnagar,In Store,Dinner,FOFO,KA,2190.05,0.0,109.52000000000001,2190.05,0,7,0.0,312.86428571428576,300-400,0%
Frozen Bottle,2026-07-30,WK 31,Sahakarnagar,In Store,Lunch,FOFO,KA,303.0,0.0,15.16,303.0,0,1,0.0,303.0,300-400,0%
Frozen Bottle,2026-07-30,WK 31,Sahakarnagar,In Store,Snacks,FOFO,KA,388.0,0.0,19.4,388.0,0,1,0.0,388.0,300-400,0%
Frozen Bottle,2026-07-30,WK 31,Sahakarnagar,Swiggy,Dinner,FOFO,KA,1114.0,0.0,0.0,1074.0,0,2,0.0,557.0,500-600,0%
Frozen Bottle,2026-07-30,WK 31,Sahakarnagar,Zomato,Dinner,FOFO,KA,570.0,0.0,28.5,550.0,0,2,0.0,285.0,200-300,0%
Frozen Bottle,2026-07-30,WK 31,Sahakarnagar,Zomato,Lunch,FOFO,KA,350.0,0.0,17.5,340.0,0,1,0.0,350.0,300-400,0%
Frozen Bottle,2026-07-30,WK 31,Saharanpur,In Store,Dinner,FOFO,ROI,497.0,0.0,24.880000000000003,497.0,0,3,0.0,165.66666666666666,100-200,0%
Frozen Bottle,2026-07-30,WK 31,Saharanpur,In Store,Lunch,FOFO,ROI,209.0,0.0,10.46,209.0,0,1,0.0,209.0,200-300,0%
Frozen Bottle,2026-07-30,WK 31,Salem,In Store,Dinner,FOFO,TN,3848.46,0.0,192.48,3848.46,0,11,0.0,349.86,300-400,0%
Frozen Bottle,2026-07-30,WK 31,Salem,In Store,Lunch,FOFO,TN,895.0,0.0,44.78,895.0,0,3,0.0,298.3333333333333,200-300,0%
Frozen Bottle,2026-07-30,WK 31,Salem,In Store,Snacks,FOFO,TN,1045.0,0.0,52.28,1045.0,0,4,0.0,261.25,200-300,0%
Frozen Bottle,2026-07-30,WK 31,Salem,Swiggy,Dinner,FOFO,TN,441.0,0.0,0.0,431.0,0,1,0.0,441.0,400-500,0%
Frozen Bottle,2026-07-30,WK 31,Salem,Zomato,Lunch,FOFO,TN,262.0,28.0,13.1,280.0,0,1,10.0,262.0,200-300,1%-10%
Frozen Bottle,2026-07-30,WK 31,Salem,Zomato,Snacks,FOFO,TN,638.9,33.1,31.96,652.0,0,2,5.076687116564417,319.45,300-400,1%-10%
Frozen Bottle,2026-07-30,WK 31,Sambalpur,Zomato,Dinner,FOFO,ROI,829.0,0.0,41.46,799.0,0,2,0.0,414.5,400-500,0%
Frozen Bottle,2026-07-30,WK 31,Sambalpur,Zomato,Snacks,FOFO,ROI,1533.0,0.0,76.66,1483.0,0,3,0.0,511.0,500-600,0%
Frozen Bottle,2026-07-30,WK 31,Saravanampatti,In Store,Dinner,FOFO,TN,1784.33,0.0,89.26,1784.33,0,8,0.0,223.04125,200-300,0%
Frozen Bottle,2026-07-30,WK 31,Saravanampatti,In Store,Lunch,FOFO,TN,267.0,0.0,13.36,267.0,0,2,0.0,133.5,100-200,0%
Frozen Bottle,2026-07-30,WK 31,Saravanampatti,In Store,Snacks,FOFO,TN,637.0,0.0,31.880000000000003,637.0,0,3,0.0,212.33333333333334,200-300,0%
Frozen Bottle,2026-07-30,WK 31,Saravanampatti,Swiggy,Lunch,FOFO,TN,1390.03,259.96999999999997,0.0,1600.0,0,2,16.248124999999998,695.015,600-900,10%-20%
Frozen Bottle,2026-07-30,WK 31,Saravanampatti,Swiggy,Snacks,FOFO,TN,1156.0,283.0,0.0,1389.0,0,2,20.374370050395967,578.0,500-600,20%-30%
Frozen Bottle,2026-07-30,WK 31,Saravanampatti,Zomato,Dinner,FOFO,TN,1346.0,369.0,67.32,1655.0,0,5,22.296072507552868,269.2,200-300,20%-30%
Frozen Bottle,2026-07-30,WK 31,Saravanampatti,Zomato,Snacks,FOFO,TN,338.0,0.0,16.9,318.0,0,1,0.0,338.0,300-400,0%
Frozen Bottle,2026-07-30,WK 31,Sarjapur Road,Ownly,Dinner,COCO,KA,179.0,0.0,8.96,179.0,0,1,0.0,179.0,100-200,0%
Frozen Bottle,2026-07-30,WK 31,Sarjapur Road,Swiggy,Breakfast,COCO,KA,134.0,121.0,0.0,245.0,0,1,49.38775510204081,134.0,100-200,40%-50%
Frozen Bottle,2026-07-30,WK 31,Sarjapur Road,Swiggy,Dinner,COCO,KA,3111.44,2604.56,0.0,5506.0,0,12,47.30403196512895,259.2866666666667,200-300,40%-50%
Frozen Bottle,2026-07-30,WK 31,Sarjapur Road,Swiggy,Late Night,COCO,KA,879.3199999999999,674.6800000000001,0.0,1484.0,0,6,45.463611859838274,146.5533333333333,100-200,40%-50%
Frozen Bottle,2026-07-30,WK 31,Sarjapur Road,Swiggy,Lunch,COCO,KA,139.0,101.0,0.0,230.0,0,1,43.913043478260875,139.0,100-200,40%-50%
Frozen Bottle,2026-07-30,WK 31,Sarjapur Road,Swiggy,Snacks,COCO,KA,568.12,547.88,0.0,1066.0,0,3,51.39587242026267,189.37333333333333,100-200,50%-60%
Frozen Bottle,2026-07-30,WK 31,Sarjapur Road,Zomato,Dinner,COCO,KA,1432.6,1186.4,71.64,2529.0,0,6,46.911822854883354,238.76666666666665,200-300,40%-50%
Frozen Bottle,2026-07-30,WK 31,Sarjapur Road,Zomato,Late Night,COCO,KA,1289.0,130.01,64.46000000000001,1379.01,0,2,9.427777898637428,644.5,600-900,1%-10%
Frozen Bottle,2026-07-30,WK 31,Sarjapur Road,Zomato,Lunch,COCO,KA,765.0,600.0,38.260000000000005,1325.0,0,2,45.28301886792453,382.5,300-400,40%-50%
Frozen Bottle,2026-07-30,WK 31,Sarjapur Road,Zomato,Snacks,COCO,KA,69.7,139.3,3.48,199.0,0,1,70.0,69.7,0-100,60%-70%
Frozen Bottle,2026-07-30,WK 31,Sarjapura 3,In Store,Dinner,FOFO,KA,148.0,0.0,7.4,148.0,0,1,0.0,148.0,100-200,0%
Frozen Bottle,2026-07-30,WK 31,Sarjapura 3,In Store,Lunch,FOFO,KA,368.0,0.0,18.4,368.0,0,1,0.0,368.0,300-400,0%
Frozen Bottle,2026-07-30,WK 31,Sarjapura 3,In Store,Snacks,FOFO,KA,446.0,0.0,22.32,446.0,0,3,0.0,148.66666666666666,100-200,0%
Frozen Bottle,2026-07-30,WK 31,Sarjapura 3,Swiggy,Dinner,FOFO,KA,396.0,332.0,0.0,728.0,0,2,45.604395604395606,198.0,100-200,40%-50%
Frozen Bottle,2026-07-30,WK 31,Sarjapura 3,Swiggy,Late Night,FOFO,KA,157.0,62.0,0.0,219.0,0,1,28.31050228310502,157.0,100-200,20%-30%
Frozen Bottle,2026-07-30,WK 31,Sarjapura 3,Swiggy,Snacks,FOFO,KA,455.8,253.2,0.0,699.0,0,2,36.223175965665234,227.9,200-300,30%-40%
Frozen Bottle,2026-07-30,WK 31,Sarjapura 3,Zomato,Dinner,FOFO,KA,1562.0,350.0,78.14,1842.0,0,6,19.001085776330076,260.3333333333333,200-300,10%-20%
Frozen Bottle,2026-07-30,WK 31,Sarjapura 3,Zomato,Lunch,FOFO,KA,350.85,200.0,17.56,520.85,0,2,38.39877123932034,175.425,100-200,30%-40%
Frozen Bottle,2026-07-30,WK 31,Sarjapura 3,Zomato,Snacks,FOFO,KA,1229.85,150.0,61.52,1319.85,0,5,11.364927832708263,245.96999999999997,200-300,10%-20%
Frozen Bottle,2026-07-30,WK 31,Sathanur,In Store,Dinner,FOFO,KA,1795.0,0.0,89.76,1795.0,0,11,0.0,163.1818181818182,100-200,0%
Frozen Bottle,2026-07-30,WK 31,Sathanur,In Store,Lunch,FOFO,KA,625.5600000000001,0.0,31.28,625.5600000000001,0,3,0.0,208.52,200-300,0%
Frozen Bottle,2026-07-30,WK 31,Sathanur,In Store,Snacks,FOFO,KA,691.23,0.0,34.58,691.23,0,3,0.0,230.41,200-300,0%
Frozen Bottle,2026-07-30,WK 31,Sathanur,Swiggy,Dinner,FOFO,KA,1493.08,605.9200000000001,0.0,2049.0,0,5,29.571498291849686,298.616,200-300,20%-30%
Frozen Bottle,2026-07-30,WK 31,Sathanur,Swiggy,Late Night,FOFO,KA,1085.1599999999999,765.1700000000001,0.0,1800.33,0,5,42.50165247482406,217.03199999999998,200-300,40%-50%
Frozen Bottle,2026-07-30,WK 31,Sathanur,Swiggy,Lunch,FOFO,KA,528.0,733.0,0.0,1261.0,0,2,58.12846946867566,264.0,200-300,50%-60%
Frozen Bottle,2026-07-30,WK 31,Sathanur,Swiggy,Snacks,FOFO,KA,90.0,109.0,0.0,199.0,0,1,54.773869346733676,90.0,0-100,50%-60%
Frozen Bottle,2026-07-30,WK 31,Sathanur,Zomato,Dinner,FOFO,KA,2145.9,429.1,107.3,2475.0,0,7,17.33737373737374,306.5571428571429,300-400,10%-20%
Frozen Bottle,2026-07-30,WK 31,Sathanur,Zomato,Late Night,FOFO,KA,1974.0,475.0,98.75999999999999,2369.0,0,6,20.050654284508234,329.0,300-400,20%-30%
Frozen Bottle,2026-07-30,WK 31,Sathanur,Zomato,Lunch,FOFO,KA,684.3,284.7,34.24,929.0,0,4,30.645855758880515,171.075,100-200,30%-40%
Frozen Bottle,2026-07-30,WK 31,Sathanur,Zomato,Snacks,FOFO,KA,1264.2,620.8,63.24,1815.0,0,6,34.20385674931129,210.70000000000002,200-300,30%-40%
Frozen Bottle,2026-07-30,WK 31,Seegehalli,In Store,Dinner,FOFO,KA,781.23,0.0,39.1,781.23,0,4,0.0,195.3075,100-200,0%
Frozen Bottle,2026-07-30,WK 31,Seegehalli,Zomato,Dinner,FOFO,KA,650.0,469.0,32.519999999999996,1069.0,0,3,43.87277829747428,216.66666666666666,200-300,40%-50%
Frozen Bottle,2026-07-30,WK 31,Seegehalli,Zomato,Lunch,FOFO,KA,149.3,59.7,7.46,199.0,0,1,30.0,149.3,100-200,20%-30%
Frozen Bottle,2026-07-30,WK 31,Seegehalli,Zomato,Snacks,FOFO,KA,149.3,59.7,7.46,199.0,0,1,30.0,149.3,100-200,20%-30%
Frozen Bottle,2026-07-30,WK 31,Selaiyur,In Store,Dinner,FOFO,TN,1605.0,0.0,80.32,1605.0,0,9,0.0,178.33333333333334,100-200,0%
Frozen Bottle,2026-07-30,WK 31,Selaiyur,In Store,Late Night,FOFO,TN,398.0,0.0,19.9,398.0,0,1,0.0,398.0,300-400,0%
Frozen Bottle,2026-07-30,WK 31,Selaiyur,In Store,Lunch,FOFO,TN,626.0,0.0,31.32,626.0,0,3,0.0,208.66666666666666,200-300,0%
Frozen Bottle,2026-07-30,WK 31,Selaiyur,Swiggy,Dinner,FOFO,TN,499.01,99.99,0.0,579.0,0,1,17.26943005181347,499.01,400-500,10%-20%
Frozen Bottle,2026-07-30,WK 31,Selaiyur,Swiggy,Late Night,FOFO,TN,780.01,179.99,0.0,930.0,0,2,19.353763440860217,390.005,300-400,10%-20%
Frozen Bottle,2026-07-30,WK 31,Selaiyur,Swiggy,Snacks,FOFO,TN,410.0,101.0,0.0,501.0,0,2,20.159680638722556,205.0,200-300,20%-30%
Frozen Bottle,2026-07-30,WK 31,Selaiyur,Zomato,Closing,FOFO,TN,140.0,100.0,7.0,230.0,0,1,43.47826086956522,140.0,100-200,40%-50%
Frozen Bottle,2026-07-30,WK 31,Selaiyur,Zomato,Late Night,FOFO,TN,326.0,75.0,16.3,381.0,0,1,19.68503937007874,326.0,300-400,10%-20%
Frozen Bottle,2026-07-30,WK 31,Selaiyur,Zomato,Lunch,FOFO,TN,425.0,95.0,21.26,500.0,0,1,19.0,425.0,400-500,10%-20%
Frozen Bottle,2026-07-30,WK 31,Sher- E-Punjab,Swiggy,Closing,COCO,MH,89.2,100.8,0.0,180.0,0,1,55.99999999999999,89.2,0-100,50%-60%
Frozen Bottle,2026-07-30,WK 31,Sher- E-Punjab,Swiggy,Dinner,COCO,MH,2392.21,1455.6399999999999,0.0,3717.85,0,9,39.15273612437296,265.80111111111114,200-300,30%-40%
Frozen Bottle,2026-07-30,WK 31,Sher- E-Punjab,Swiggy,Lunch,COCO,MH,566.0,354.0,0.0,890.0,0,1,39.7752808988764,566.0,500-600,30%-40%
Frozen Bottle,2026-07-30,WK 31,Sher- E-Punjab,Swiggy,Snacks,COCO,MH,666.2,845.8,0.0,1472.0,0,3,57.45923913043478,222.0666666666667,200-300,50%-60%
Frozen Bottle,2026-07-30,WK 31,Shivamogga,In Store,Dinner,COCO,KA,298.0,0.0,14.9,298.0,0,1,0.0,298.0,200-300,0%
Frozen Bottle,2026-07-30,WK 31,Shivamogga,In Store,Snacks,COCO,KA,773.0,0.0,38.66,773.0,0,3,0.0,257.6666666666667,200-300,0%
Frozen Bottle,2026-07-30,WK 31,Shivamogga,Swiggy,Dinner,COCO,KA,2465.25,903.75,0.0,3269.0,0,5,27.646069134291835,493.05,400-500,20%-30%
Frozen Bottle,2026-07-30,WK 31,Shivamogga,Swiggy,Snacks,COCO,KA,1702.0,0.0,0.0,1652.0,0,2,0.0,851.0,600-900,0%
Frozen Bottle,2026-07-30,WK 31,Sholinganallur,In Store,Dinner,FOFO,TN,1829.0,0.0,91.5,1829.0,0,8,0.0,228.625,200-300,0%
Frozen Bottle,2026-07-30,WK 31,Sholinganallur,In Store,Late Night,FOFO,TN,209.0,0.0,10.46,209.0,0,1,0.0,209.0,200-300,0%
Frozen Bottle,2026-07-30,WK 31,Sholinganallur,In Store,Lunch,FOFO,TN,896.83,0.0,44.839999999999996,896.83,0,5,0.0,179.366,100-200,0%
Frozen Bottle,2026-07-30,WK 31,Sholinganallur,In Store,Snacks,FOFO,TN,714.0,0.0,35.74,714.0,0,5,0.0,142.8,100-200,0%
Frozen Bottle,2026-07-30,WK 31,Sholinganallur,Swiggy,Dinner,FOFO,TN,1882.71,818.29,0.0,2581.0,0,5,31.704378148004647,376.54200000000003,300-400,30%-40%
Frozen Bottle,2026-07-30,WK 31,Sholinganallur,Swiggy,Lunch,FOFO,TN,139.0,101.0,0.0,230.0,0,1,43.913043478260875,139.0,100-200,40%-50%
Frozen Bottle,2026-07-30,WK 31,Sholinganallur,Zomato,Dinner,FOFO,TN,503.90000000000003,203.10000000000002,25.200000000000003,677.0,0,3,30.000000000000004,167.96666666666667,100-200,30%-40%
Frozen Bottle,2026-07-30,WK 31,Sholinganallur,Zomato,Late Night,FOFO,TN,521.0,150.0,26.06,651.0,0,1,23.04147465437788,521.0,500-600,20%-30%
Frozen Bottle,2026-07-30,WK 31,Sholinganallur,Zomato,Snacks,FOFO,TN,492.3,134.7,24.62,597.0,0,2,22.56281407035176,246.15,200-300,20%-30%
Frozen Bottle,2026-07-30,WK 31,Silchar,In Store,Lunch,FOFO,ROI,138.0,0.0,6.9,138.0,0,1,0.0,138.0,100-200,0%
Frozen Bottle,2026-07-30,WK 31,Silchar,In Store,Snacks,FOFO,ROI,249.0,0.0,12.46,249.0,0,1,0.0,249.0,200-300,0%
Frozen Bottle,2026-07-30,WK 31,Silchar,Swiggy,Dinner,FOFO,ROI,771.0,0.0,0.0,741.0,0,3,0.0,257.0,200-300,0%
Frozen Bottle,2026-07-30,WK 31,Silchar,Zomato,Dinner,FOFO,ROI,1163.0,285.0,58.18000000000001,1378.0,0,4,20.682148040638605,290.75,200-300,20%-30%
Frozen Bottle,2026-07-30,WK 31,Silchar,Zomato,Lunch,FOFO,ROI,430.0,50.0,21.5,460.0,0,1,10.869565217391305,430.0,400-500,10%-20%
Frozen Bottle,2026-07-30,WK 31,Silchar,Zomato,Snacks,FOFO,ROI,205.0,75.0,10.26,270.0,0,1,27.77777777777778,205.0,200-300,20%-30%
Frozen Bottle,2026-07-30,WK 31,Sinhagad,In Store,Dinner,COCO,MH,862.9,161.1,43.16,1024.0,0,5,15.732421875,172.57999999999998,100-200,10%-20%
Frozen Bottle,2026-07-30,WK 31,Sinhagad,In Store,Late Night,COCO,MH,0.0,69.0,0.0,69.0,0,1,100.0,0.0,,90%-100%
Frozen Bottle,2026-07-30,WK 31,Sinhagad,In Store,Lunch,COCO,MH,736.3,59.7,36.82,796.0,0,2,7.5,368.15,300-400,1%-10%
Frozen Bottle,2026-07-30,WK 31,Sinhagad,In Store,Snacks,COCO,MH,253.98000000000002,44.02,12.700000000000001,298.0,0,2,14.771812080536915,126.99000000000001,100-200,10%-20%
Frozen Bottle,2026-07-30,WK 31,Sinhagad,Others,Dinner,COCO,MH,381.57,574.4300000000001,19.08,916.0,0,2,62.71069868995633,190.785,100-200,60%-70%
Frozen Bottle,2026-07-30,WK 31,Sinhagad,Swiggy,Dinner,COCO,MH,1749.56,1631.44,0.0,3281.0,0,6,49.72386467540384,291.5933333333333,200-300,40%-50%
Frozen Bottle,2026-07-30,WK 31,Sinhagad,Swiggy,Late Night,COCO,MH,568.0,301.99,0.0,829.99,0,2,36.3847757201894,284.0,200-300,30%-40%
Frozen Bottle,2026-07-30,WK 31,Sinhagad,Swiggy,Lunch,COCO,MH,97.56,111.44,0.0,199.0,0,1,55.99999999999999,97.56,0-100,50%-60%
Frozen Bottle,2026-07-30,WK 31,Sinhagad,Swiggy,Snacks,COCO,MH,663.56,715.44,0.0,1349.0,0,4,53.034840622683475,165.89,100-200,50%-60%
Frozen Bottle,2026-07-30,WK 31,Sinhagad,Zomato,Closing,COCO,MH,125.0,115.0,6.26,230.0,0,1,50.0,125.0,100-200,40%-50%
Frozen Bottle,2026-07-30,WK 31,Sinhagad,Zomato,Dinner,COCO,MH,3822.0,2777.99,191.12,6379.99,0,11,43.542231257415764,347.45454545454544,300-400,40%-50%
Frozen Bottle,2026-07-30,WK 31,Sinhagad,Zomato,Late Night,COCO,MH,461.0,120.0,23.04,561.0,0,1,21.390374331550802,461.0,400-500,20%-30%
Frozen Bottle,2026-07-30,WK 31,Sinhagad,Zomato,Lunch,COCO,MH,349.0,270.0,17.46,599.0,0,1,45.07512520868113,349.0,300-400,40%-50%
Frozen Bottle,2026-07-30,WK 31,Sinhagad,Zomato,Snacks,COCO,MH,366.0,295.0,18.32,631.0,0,2,46.75118858954041,183.0,100-200,40%-50%
Frozen Bottle,2026-07-30,WK 31,Tata Sherwood,In Store,Dinner,COCO,KA,2424.14,198.03,121.22,2622.17,0,11,7.552141928250265,220.37636363636364,200-300,1%-10%
Frozen Bottle,2026-07-30,WK 31,Tata Sherwood,In Store,Late Night,COCO,KA,673.1,0.0,33.68,673.1,0,4,0.0,168.275,100-200,0%
Frozen Bottle,2026-07-30,WK 31,Tata Sherwood,In Store,Lunch,COCO,KA,129.0,0.0,6.46,129.0,0,1,0.0,129.0,100-200,0%
Frozen Bottle,2026-07-30,WK 31,Tata Sherwood,In Store,Snacks,COCO,KA,818.61,64.39,40.96,883.0,0,5,7.292185730464326,163.722,100-200,1%-10%
Frozen Bottle,2026-07-30,WK 31,Tata Sherwood,Ownly,Dinner,COCO,KA,556.0,0.0,27.82,556.0,0,3,0.0,185.33333333333334,100-200,0%
Frozen Bottle,2026-07-30,WK 31,Tata Sherwood,Ownly,Snacks,COCO,KA,183.0,0.0,9.16,183.0,0,1,0.0,183.0,100-200,0%
Frozen Bottle,2026-07-30,WK 31,Tata Sherwood,Swiggy,Breakfast,COCO,KA,97.56,111.44,0.0,199.0,0,1,55.99999999999999,97.56,0-100,50%-60%
Frozen Bottle,2026-07-30,WK 31,Tata Sherwood,Swiggy,Dinner,COCO,KA,6046.58,3349.42,0.0,9106.0,0,21,36.78256094882495,287.9323809523809,200-300,30%-40%
Frozen Bottle,2026-07-30,WK 31,Tata Sherwood,Swiggy,Late Night,COCO,KA,2028.78,1294.4,0.0,3183.18,0,9,40.66373877694633,225.42,200-300,40%-50%
Frozen Bottle,2026-07-30,WK 31,Tata Sherwood,Swiggy,Lunch,COCO,KA,635.0,484.0,0.0,1079.0,0,4,44.8563484708063,158.75,100-200,40%-50%
Frozen Bottle,2026-07-30,WK 31,Tata Sherwood,Swiggy,Snacks,COCO,KA,3090.56,2357.77,0.0,5258.33,0,11,44.83876059509388,280.96,200-300,40%-50%
Frozen Bottle,2026-07-30,WK 31,Tata Sherwood,Zomato,Dinner,COCO,KA,4341.2,4373.8,217.12,8415.0,0,18,51.97623291740939,241.17777777777778,200-300,50%-60%
Frozen Bottle,2026-07-30,WK 31,Tata Sherwood,Zomato,Late Night,COCO,KA,1453.5,792.5,72.72,2156.0,0,8,36.757884972170686,181.6875,100-200,30%-40%
Frozen Bottle,2026-07-30,WK 31,Tata Sherwood,Zomato,Lunch,COCO,KA,1442.54,1066.48,72.16,2389.02,0,5,44.640898778578666,288.508,200-300,40%-50%
Frozen Bottle,2026-07-30,WK 31,Tata Sherwood,Zomato,Snacks,COCO,KA,758.0,539.0,37.9,1247.0,0,3,43.22373696872494,252.66666666666666,200-300,40%-50%
Frozen Bottle,2026-07-30,WK 31,Thakur Village,In Store,Closing,COCO,MH,199.0,0.0,9.96,199.0,0,1,0.0,199.0,100-200,0%
Frozen Bottle,2026-07-30,WK 31,Thakur Village,In Store,Dinner,COCO,MH,542.13,649.87,27.1,1192.0,0,8,54.519295302013425,67.76625,0-100,50%-60%
Frozen Bottle,2026-07-30,WK 31,Thakur Village,In Store,Lunch,COCO,MH,45.12,63.88,2.26,109.0,0,1,58.60550458715596,45.12,0-100,50%-60%
Frozen Bottle,2026-07-30,WK 31,Thakur Village,Swiggy,Dinner,COCO,MH,2991.88,2093.12,0.0,4925.0,0,15,42.49989847715736,199.4586666666667,100-200,40%-50%
Frozen Bottle,2026-07-30,WK 31,Thakur Village,Swiggy,Late Night,COCO,MH,873.2,490.13,0.0,1303.33,0,4,37.60597853191441,218.3,200-300,30%-40%
Frozen Bottle,2026-07-30,WK 31,Thakur Village,Swiggy,Snacks,COCO,MH,308.0,192.0,0.0,480.0,0,2,40.0,154.0,100-200,30%-40%
Frozen Bottle,2026-07-30,WK 31,Thakur Village,Zomato,Dinner,COCO,MH,3570.9,3522.1,178.6,6863.0,0,9,51.32012239545388,396.76666666666665,300-400,50%-60%
Frozen Bottle,2026-07-30,WK 31,Thakur Village,Zomato,Late Night,COCO,MH,784.5,467.5,39.24,1212.0,0,3,38.57260726072607,261.5,200-300,30%-40%
Frozen Bottle,2026-07-30,WK 31,Thakur Village,Zomato,Lunch,COCO,MH,641.1,537.9,32.06,1139.0,0,2,47.225636523266026,320.55,300-400,40%-50%
Frozen Bottle,2026-07-30,WK 31,Thakur Village,Zomato,Snacks,COCO,MH,456.0,402.0,22.82,828.0,0,2,48.55072463768116,228.0,200-300,40%-50%
Frozen Bottle,2026-07-30,WK 31,Thanjavur,In Store,Dinner,FOFO,TN,2541.0,0.0,127.06,2541.0,0,4,0.0,635.25,600-900,0%
Frozen Bottle,2026-07-30,WK 31,Thanjavur,In Store,Lunch,FOFO,TN,940.23,0.0,47.04,940.23,0,3,0.0,313.41,300-400,0%
Frozen Bottle,2026-07-30,WK 31,Thanjavur,In Store,Snacks,FOFO,TN,1548.0,0.0,77.44,1548.0,0,4,0.0,387.0,300-400,0%
Frozen Bottle,2026-07-30,WK 31,Thanjavur,Swiggy,Lunch,FOFO,TN,1238.9,132.1,0.0,1321.0,0,1,10.0,1238.9,>900,1%-10%
Frozen Bottle,2026-07-30,WK 31,Thanjavur,Swiggy,Snacks,FOFO,TN,459.01,49.99,0.0,489.0,0,1,10.222903885480573,459.01,400-500,10%-20%
Frozen Bottle,2026-07-30,WK 31,Thanjavur,Zomato,Lunch,FOFO,TN,430.0,0.0,21.520000000000003,410.0,0,2,0.0,215.0,200-300,0%
Frozen Bottle,2026-07-30,WK 31,Thanjavur,Zomato,Snacks,FOFO,TN,549.0,0.0,27.46,529.0,0,2,0.0,274.5,200-300,0%
Frozen Bottle,2026-07-30,WK 31,Thiruvalla,In Store,Snacks,COCO,Kerela,258.0,0.0,12.9,258.0,0,1,0.0,258.0,200-300,0%
Frozen Bottle,2026-07-30,WK 31,Thiruvalla,Swiggy,Dinner,COCO,Kerela,1284.2,436.8,0.0,1661.0,0,4,26.29741119807345,321.05,300-400,20%-30%
Frozen Bottle,2026-07-30,WK 31,Thiruvalla,Swiggy,Lunch,COCO,Kerela,2919.76,1028.24,0.0,3798.0,0,9,27.07319641916798,324.4177777777778,300-400,20%-30%
Frozen Bottle,2026-07-30,WK 31,Thiruvalla,Swiggy,Snacks,COCO,Kerela,3259.7,2293.3,0.0,5353.0,0,11,42.8413973472819,296.3363636363636,200-300,40%-50%
Frozen Bottle,2026-07-30,WK 31,Thiruvalla,Zomato,Dinner,COCO,Kerela,1152.0,964.0,57.620000000000005,2046.0,0,5,47.116324535679375,230.4,200-300,40%-50%
Frozen Bottle,2026-07-30,WK 31,Thiruvalla,Zomato,Lunch,COCO,Kerela,2453.0,1902.0,122.7,4185.0,0,9,45.448028673835125,272.55555555555554,200-300,40%-50%
Frozen Bottle,2026-07-30,WK 31,Thiruvalla,Zomato,Snacks,COCO,Kerela,2837.0,2189.0,141.92,4856.0,0,9,45.07825370675453,315.22222222222223,300-400,40%-50%
Frozen Bottle,2026-07-30,WK 31,Thiruvananthpuram,In Store,Dinner,FOFO,Kerela,376.0,0.0,18.8,376.0,0,2,0.0,188.0,100-200,0%
Frozen Bottle,2026-07-30,WK 31,Thiruvananthpuram,In Store,Late Night,FOFO,Kerela,674.0,0.0,33.72,674.0,0,4,0.0,168.5,100-200,0%
Frozen Bottle,2026-07-30,WK 31,Thiruvananthpuram,In Store,Lunch,FOFO,Kerela,1174.0,0.0,58.72,1174.0,0,4,0.0,293.5,200-300,0%
Frozen Bottle,2026-07-30,WK 31,Thiruvananthpuram,In Store,Snacks,FOFO,Kerela,236.55,0.0,11.82,236.55,0,2,0.0,118.275,100-200,0%
Frozen Bottle,2026-07-30,WK 31,Thiruvananthpuram,Swiggy,Dinner,FOFO,Kerela,3031.01,199.99,0.0,3131.0,0,5,6.387416160970936,606.202,600-900,1%-10%
Frozen Bottle,2026-07-30,WK 31,Thiruvananthpuram,Swiggy,Late Night,FOFO,Kerela,939.0,0.0,0.0,909.0,0,2,0.0,469.5,400-500,0%
Frozen Bottle,2026-07-30,WK 31,Thiruvananthpuram,Swiggy,Lunch,FOFO,Kerela,746.0,152.0,0.0,878.0,0,3,17.312072892938495,248.66666666666666,200-300,10%-20%
Frozen Bottle,2026-07-30,WK 31,Thiruvananthpuram,Swiggy,Snacks,FOFO,Kerela,1846.0,60.0,0.0,1826.0,0,4,3.285870755750274,461.5,400-500,1%-10%
Frozen Bottle,2026-07-30,WK 31,Thiruvananthpuram,Zomato,Closing,FOFO,Kerela,667.2,160.79,33.38,797.99,0,1,20.149375305454956,667.2,600-900,20%-30%
Frozen Bottle,2026-07-30,WK 31,Thiruvananthpuram,Zomato,Dinner,FOFO,Kerela,1875.83,924.19,93.82000000000001,2710.02,0,3,34.102700349074915,625.2766666666666,600-900,30%-40%
Frozen Bottle,2026-07-30,WK 31,Thiruvananthpuram,Zomato,Lunch,FOFO,Kerela,880.0,280.0,44.0,1120.0,0,1,25.0,880.0,600-900,20%-30%
Frozen Bottle,2026-07-30,WK 31,Thiruvananthpuram,Zomato,Snacks,FOFO,Kerela,1447.43,918.5699999999999,72.41999999999999,2296.0,0,3,40.00740418118466,482.4766666666667,400-500,40%-50%
Frozen Bottle,2026-07-30,WK 31,Thoraipakkam,In Store,Dinner,COCO,TN,484.40999999999997,157.09,24.22,641.5,0,3,24.487918939984414,161.47,100-200,20%-30%
Frozen Bottle,2026-07-30,WK 31,Thoraipakkam,In Store,Snacks,COCO,TN,178.0,0.0,8.92,178.0,0,2,0.0,89.0,0-100,0%
Frozen Bottle,2026-07-30,WK 31,Thoraipakkam,Swiggy,Dinner,COCO,TN,2092.32,1835.68,0.0,3818.0,0,12,48.07962283918282,174.36,100-200,40%-50%
Frozen Bottle,2026-07-30,WK 31,Thoraipakkam,Swiggy,Late Night,COCO,TN,229.0,312.0,0.0,531.0,0,1,58.75706214689266,229.0,200-300,50%-60%
Frozen Bottle,2026-07-30,WK 31,Thoraipakkam,Swiggy,Lunch,COCO,TN,722.2,757.8,0.0,1430.0,0,3,52.993006993006986,240.73333333333335,200-300,50%-60%
Frozen Bottle,2026-07-30,WK 31,Thoraipakkam,Swiggy,Snacks,COCO,TN,1271.0,1055.0,0.0,2256.0,0,4,46.76418439716312,317.75,300-400,40%-50%
Frozen Bottle,2026-07-30,WK 31,Thoraipakkam,Zomato,Dinner,COCO,TN,2003.4,1782.6,100.2,3666.0,0,7,48.625204582651385,286.2,200-300,40%-50%
Frozen Bottle,2026-07-30,WK 31,Thoraipakkam,Zomato,Snacks,COCO,TN,488.2,529.8,24.42,978.0,0,1,54.171779141104295,488.2,400-500,50%-60%
Frozen Bottle,2026-07-30,WK 31,Tirunelveli,In Store,Breakfast,FOFO,TN,856.0,0.0,42.8,856.0,0,1,0.0,856.0,600-900,0%
Frozen Bottle,2026-07-30,WK 31,Tirunelveli,In Store,Dinner,FOFO,TN,4418.96,0.0,221.04000000000002,4418.96,0,15,0.0,294.5973333333333,200-300,0%
Frozen Bottle,2026-07-30,WK 31,Tirunelveli,In Store,Lunch,FOFO,TN,1433.0,0.0,71.66,1433.0,0,4,0.0,358.25,300-400,0%
Frozen Bottle,2026-07-30,WK 31,Tirunelveli,In Store,Snacks,FOFO,TN,1015.0,0.0,50.76,1015.0,0,2,0.0,507.5,500-600,0%
Frozen Bottle,2026-07-30,WK 31,Tirunelveli,Zomato,Dinner,FOFO,TN,141.0,0.0,7.06,131.0,0,1,0.0,141.0,100-200,0%
Frozen Bottle,2026-07-30,WK 31,Tirupati,In Store,Dinner,FOFO,AP & TL,4028.23,0.0,201.48,4028.23,0,13,0.0,309.86384615384617,300-400,0%
Frozen Bottle,2026-07-30,WK 31,Tirupati,In Store,Lunch,FOFO,AP & TL,3107.1,0.0,155.36,3107.1,0,8,0.0,388.3875,300-400,0%
Frozen Bottle,2026-07-30,WK 31,Tirupati,In Store,Snacks,FOFO,AP & TL,3520.23,0.0,176.06,3520.23,0,11,0.0,320.0209090909091,300-400,0%
Frozen Bottle,2026-07-30,WK 31,Tirupati,Swiggy,Closing,FOFO,AP & TL,259.0,0.0,0.0,249.0,0,1,0.0,259.0,200-300,0%
Frozen Bottle,2026-07-30,WK 31,Tirupati,Swiggy,Dinner,FOFO,AP & TL,1089.0,0.0,0.0,1049.0,0,3,0.0,363.0,300-400,0%
Frozen Bottle,2026-07-30,WK 31,Tirupati,Swiggy,Lunch,FOFO,AP & TL,499.0,0.0,0.0,479.0,0,2,0.0,249.5,200-300,0%
Frozen Bottle,2026-07-30,WK 31,Tirupati,Swiggy,Snacks,FOFO,AP & TL,1421.0,0.0,0.0,1371.0,0,3,0.0,473.6666666666667,400-500,0%
Frozen Bottle,2026-07-30,WK 31,Tirupati,Zomato,Closing,FOFO,AP & TL,189.1,19.9,9.46,199.0,0,1,10.0,189.1,100-200,1%-10%
Frozen Bottle,2026-07-30,WK 31,Tirupati,Zomato,Dinner,FOFO,AP & TL,2245.4,240.6,112.28,2406.0,0,5,10.0,449.08000000000004,400-500,1%-10%
Frozen Bottle,2026-07-30,WK 31,Tirupati,Zomato,Lunch,FOFO,AP & TL,804.0,86.0,40.2,860.0,0,2,10.0,402.0,400-500,1%-10%
Frozen Bottle,2026-07-30,WK 31,Tirupati,Zomato,Snacks,FOFO,AP & TL,1490.0,160.0,74.52,1600.0,0,3,10.0,496.6666666666667,400-500,1%-10%
Frozen Bottle,2026-07-30,WK 31,Tirupati-2,In Store,Dinner,FOFO,AP & TL,3965.69,0.0,198.38,3965.69,0,14,0.0,283.2635714285714,200-300,0%
Frozen Bottle,2026-07-30,WK 31,Tirupati-2,In Store,Lunch,FOFO,AP & TL,4119.1,0.0,206.0,4119.1,0,11,0.0,374.4636363636364,300-400,0%
Frozen Bottle,2026-07-30,WK 31,Tirupati-2,In Store,Snacks,FOFO,AP & TL,2742.05,0.0,137.14,2742.05,0,10,0.0,274.20500000000004,200-300,0%
Frozen Bottle,2026-07-30,WK 31,Tirupati-2,Swiggy,Dinner,FOFO,AP & TL,2903.0,3.0,0.0,2826.0,0,5,0.10615711252653928,580.6,500-600,1%-10%
Frozen Bottle,2026-07-30,WK 31,Tirupati-2,Swiggy,Snacks,FOFO,AP & TL,2131.0,0.0,0.0,2071.0,0,2,0.0,1065.5,>900,0%
Frozen Bottle,2026-07-30,WK 31,Tirupati-2,Zomato,Dinner,FOFO,AP & TL,1581.1,136.9,79.08,1658.0,0,4,8.256936067551267,395.275,300-400,1%-10%
Frozen Bottle,2026-07-30,WK 31,Tirupati-2,Zomato,Lunch,FOFO,AP & TL,525.8,56.2,26.3,562.0,0,1,10.0,525.8,500-600,1%-10%
Frozen Bottle,2026-07-30,WK 31,Tiruvallur,In Store,Dinner,FOFO,TN,1913.0,0.0,95.69999999999999,1913.0,0,9,0.0,212.55555555555554,200-300,0%
Frozen Bottle,2026-07-30,WK 31,Tiruvallur,In Store,Snacks,FOFO,TN,1935.3899999999999,0.0,96.78,1935.3899999999999,0,6,0.0,322.565,300-400,0%
Frozen Bottle,2026-07-30,WK 31,Tiruvallur,Swiggy,Dinner,FOFO,TN,309.0,0.0,0.0,299.0,0,1,0.0,309.0,300-400,0%
Frozen Bottle,2026-07-30,WK 31,Tiruvallur,Swiggy,Lunch,FOFO,TN,209.0,0.0,0.0,199.0,0,1,0.0,209.0,200-300,0%
Frozen Bottle,2026-07-30,WK 31,Tiruvallur,Swiggy,Snacks,FOFO,TN,1002.0,0.0,0.0,962.0,0,3,0.0,334.0,300-400,0%
Frozen Bottle,2026-07-30,WK 31,Tiruvallur,Zomato,Dinner,FOFO,TN,946.9,212.10999999999999,47.34,1109.01,0,3,19.126067393440994,315.6333333333333,300-400,10%-20%
Frozen Bottle,2026-07-30,WK 31,Tiruvallur,Zomato,Lunch,FOFO,TN,363.2,85.8,18.16,429.0,0,2,20.0,181.6,100-200,10%-20%
Frozen Bottle,2026-07-30,WK 31,Tiruvallur,Zomato,Snacks,FOFO,TN,643.0,175.0,32.16,788.0,0,2,22.20812182741117,321.5,300-400,20%-30%
Frozen Bottle,2026-07-30,WK 31,Trichy,In Store,Dinner,FOFO,TN,4642.23,0.0,232.16,4642.23,0,13,0.0,357.09461538461534,300-400,0%
Frozen Bottle,2026-07-30,WK 31,Trichy,In Store,Lunch,FOFO,TN,2794.0,0.0,139.7,2794.0,0,4,0.0,698.5,600-900,0%
Frozen Bottle,2026-07-30,WK 31,Trichy,In Store,Snacks,FOFO,TN,2063.0,0.0,103.18,2063.0,0,6,0.0,343.8333333333333,300-400,0%
Frozen Bottle,2026-07-30,WK 31,Trichy,Swiggy,Dinner,FOFO,TN,777.9,83.1,0.0,831.0,0,1,10.0,777.9,600-900,1%-10%
Frozen Bottle,2026-07-30,WK 31,Trichy,Swiggy,Lunch,FOFO,TN,368.0,50.0,0.0,398.0,0,1,12.562814070351758,368.0,300-400,10%-20%
Frozen Bottle,2026-07-30,WK 31,Trichy,Swiggy,Snacks,FOFO,TN,531.21,56.79,0.0,568.0,0,1,9.998239436619718,531.21,500-600,1%-10%
Frozen Bottle,2026-07-30,WK 31,Trichy,Zomato,Breakfast,FOFO,TN,399.0,0.0,19.96,379.0,0,1,0.0,399.0,300-400,0%
Frozen Bottle,2026-07-30,WK 31,Trichy,Zomato,Closing,FOFO,TN,435.0,30.0,21.76,455.0,0,1,6.593406593406594,435.0,400-500,1%-10%
Frozen Bottle,2026-07-30,WK 31,Trichy,Zomato,Dinner,FOFO,TN,509.0,0.0,25.46,489.0,0,2,0.0,254.5,200-300,0%
Frozen Bottle,2026-07-30,WK 31,Ujjain,In Store,Closing,FOFO,ROI,278.0,0.0,13.9,278.0,0,1,0.0,278.0,200-300,0%
Frozen Bottle,2026-07-30,WK 31,Ujjain,In Store,Dinner,FOFO,ROI,229.0,0.0,11.46,229.0,0,1,0.0,229.0,200-300,0%
Frozen Bottle,2026-07-30,WK 31,Ujjain,Swiggy,Dinner,FOFO,ROI,190.0,0.0,0.0,180.0,0,1,0.0,190.0,100-200,0%
Frozen Bottle,2026-07-30,WK 31,Ujjain,Swiggy,Late Night,FOFO,ROI,1940.97,0.0,0.0,1860.97,0,3,0.0,646.99,600-900,0%
Frozen Bottle,2026-07-30,WK 31,Ujjain,Zomato,Dinner,FOFO,ROI,1745.0,455.0,87.26,2130.0,0,4,21.36150234741784,436.25,400-500,20%-30%
Frozen Bottle,2026-07-30,WK 31,Ujjain,Zomato,Late Night,FOFO,ROI,446.65999999999997,80.0,22.34,496.65999999999997,0,2,16.107598759714897,223.32999999999998,200-300,10%-20%
Frozen Bottle,2026-07-30,WK 31,Ujjain,Zomato,Lunch,FOFO,ROI,129.0,80.0,6.46,199.0,0,1,40.20100502512563,129.0,100-200,40%-50%
Frozen Bottle,2026-07-30,WK 31,Ulwe,Swiggy,Closing,FOFO,MH,636.0,484.0,0.0,1080.0,0,1,44.81481481481481,636.0,600-900,40%-50%
Frozen Bottle,2026-07-30,WK 31,Ulwe,Swiggy,Dinner,FOFO,MH,615.6,173.4,0.0,769.0,0,3,22.548764629388817,205.20000000000002,200-300,20%-30%
Frozen Bottle,2026-07-30,WK 31,Ulwe,Swiggy,Snacks,FOFO,MH,238.0,242.0,0.0,460.0,0,1,52.60869565217391,238.0,200-300,50%-60%
Frozen Bottle,2026-07-30,WK 31,Ulwe,Zomato,Dinner,FOFO,MH,586.0,350.0,29.3,896.0,0,2,39.0625,293.0,200-300,30%-40%
Frozen Bottle,2026-07-30,WK 31,Ulwe,Zomato,Snacks,FOFO,MH,525.0,275.0,26.259999999999998,780.0,0,2,35.256410256410255,262.5,200-300,30%-40%
Frozen Bottle,2026-07-30,WK 31,Undri,In Store,Dinner,FOFO,MH,239.0,0.0,11.96,239.0,0,1,0.0,239.0,200-300,0%
Frozen Bottle,2026-07-30,WK 31,Undri,Swiggy,Dinner,FOFO,MH,893.01,155.99,0.0,1029.0,0,2,15.159378036929057,446.505,400-500,10%-20%
Frozen Bottle,2026-07-30,WK 31,Undri,Swiggy,Snacks,FOFO,MH,161.24,47.76,0.0,199.0,0,1,24.0,161.24,100-200,20%-30%
Frozen Bottle,2026-07-30,WK 31,Undri,Zomato,Lunch,FOFO,MH,552.0,150.0,27.6,682.0,0,1,21.994134897360702,552.0,500-600,20%-30%
Frozen Bottle,2026-07-30,WK 31,Undri,Zomato,Snacks,FOFO,MH,181.0,0.0,9.06,171.0,0,1,0.0,181.0,100-200,0%
Frozen Bottle,2026-07-30,WK 31,Urapakkam CK,Swiggy,Dinner,COCO,TN,871.0,697.0,0.0,1498.0,0,4,46.52870493991989,217.75,200-300,40%-50%
Frozen Bottle,2026-07-30,WK 31,Urapakkam CK,Swiggy,Lunch,COCO,TN,229.0,312.0,0.0,531.0,0,1,58.75706214689266,229.0,200-300,50%-60%
Frozen Bottle,2026-07-30,WK 31,Urapakkam CK,Swiggy,Snacks,COCO,TN,425.0,213.0,0.0,618.0,0,2,34.46601941747573,212.5,200-300,30%-40%
Frozen Bottle,2026-07-30,WK 31,Urapakkam CK,Zomato,Dinner,COCO,TN,280.0,260.0,14.0,520.0,0,1,50.0,280.0,200-300,40%-50%
Frozen Bottle,2026-07-30,WK 31,Urapakkam CK,Zomato,Late Night,COCO,TN,475.0,125.0,23.759999999999998,580.0,0,2,21.551724137931032,237.5,200-300,20%-30%
Frozen Bottle,2026-07-30,WK 31,Urapakkam CK,Zomato,Lunch,COCO,TN,341.1,257.9,17.06,579.0,0,1,44.542314335060446,341.1,300-400,40%-50%
Frozen Bottle,2026-07-30,WK 31,Urapakkam CK,Zomato,Snacks,COCO,TN,300.0,230.0,15.0,510.0,0,1,45.09803921568628,300.0,200-300,40%-50%
Frozen Bottle,2026-07-30,WK 31,Vadapalani,In Store,Breakfast,FOFO,TN,229.0,0.0,11.46,229.0,0,1,0.0,229.0,200-300,0%
Frozen Bottle,2026-07-30,WK 31,Vadapalani,In Store,Dinner,FOFO,TN,257.0,0.0,12.86,257.0,0,2,0.0,128.5,100-200,0%
Frozen Bottle,2026-07-30,WK 31,Vadapalani,In Store,Lunch,FOFO,TN,873.0,0.0,43.68,873.0,0,5,0.0,174.6,100-200,0%
Frozen Bottle,2026-07-30,WK 31,Vadapalani,In Store,Snacks,FOFO,TN,933.0,0.0,46.68,933.0,0,3,0.0,311.0,300-400,0%
Frozen Bottle,2026-07-30,WK 31,Vadapalani,Swiggy,Breakfast,FOFO,TN,1390.01,99.99,0.0,1450.0,0,2,6.895862068965516,695.005,600-900,1%-10%
Frozen Bottle,2026-07-30,WK 31,Vadapalani,Swiggy,Dinner,FOFO,TN,777.0,72.0,0.0,819.0,0,2,8.791208791208792,388.5,300-400,1%-10%
Frozen Bottle,2026-07-30,WK 31,Vadapalani,Swiggy,Lunch,FOFO,TN,1212.01,259.99,0.0,1422.0,0,3,18.283403656821378,404.00333333333333,400-500,10%-20%
Frozen Bottle,2026-07-30,WK 31,Vadapalani,Swiggy,Snacks,FOFO,TN,2178.02,319.98,0.0,2418.0,0,3,13.233250620347395,726.0066666666667,600-900,10%-20%
Frozen Bottle,2026-07-30,WK 31,Vadapalani,Zomato,Closing,FOFO,TN,240.0,100.0,12.0,330.0,0,1,30.303030303030305,240.0,200-300,30%-40%
Frozen Bottle,2026-07-30,WK 31,Vadapalani,Zomato,Dinner,FOFO,TN,1721.0,479.0,86.08,2150.0,0,5,22.27906976744186,344.2,300-400,20%-30%
Frozen Bottle,2026-07-30,WK 31,Vadapalani,Zomato,Late Night,FOFO,TN,1376.0,125.0,68.8,1451.0,0,2,8.61474844934528,688.0,600-900,1%-10%
Frozen Bottle,2026-07-30,WK 31,Vadapalani,Zomato,Lunch,FOFO,TN,1469.0,450.0,73.47999999999999,1859.0,0,3,24.20656266810113,489.6666666666667,400-500,20%-30%
Frozen Bottle,2026-07-30,WK 31,Vadapalani,Zomato,Snacks,FOFO,TN,1262.4,263.6,63.16,1456.0,0,5,18.104395604395606,252.48000000000002,200-300,10%-20%
Frozen Bottle,2026-07-30,WK 31,Valsarvakkam,In Store,Dinner,COCO,TN,5985.9400000000005,1477.3400000000001,299.36,7463.28,0,21,19.79478191894181,285.0447619047619,200-300,10%-20%
Frozen Bottle,2026-07-30,WK 31,Valsarvakkam,In Store,Late Night,COCO,TN,626.0,0.0,31.32,626.0,0,3,0.0,208.66666666666666,200-300,0%
Frozen Bottle,2026-07-30,WK 31,Valsarvakkam,In Store,Lunch,COCO,TN,1453.92,460.08000000000004,72.74,1914.0,0,6,24.037617554858937,242.32000000000002,200-300,20%-30%
Frozen Bottle,2026-07-30,WK 31,Valsarvakkam,In Store,Snacks,COCO,TN,1604.29,284.71000000000004,80.24,1889.0,0,7,15.071995764955004,229.18428571428572,200-300,10%-20%
Frozen Bottle,2026-07-30,WK 31,Valsarvakkam,Swiggy,Dinner,COCO,TN,6210.98,4293.02,0.0,10084.0,0,25,42.572590241967475,248.43919999999997,200-300,40%-50%
Frozen Bottle,2026-07-30,WK 31,Valsarvakkam,Swiggy,Late Night,COCO,TN,1589.21,909.79,0.0,2399.0,0,6,37.9237182159233,264.86833333333334,200-300,30%-40%
Frozen Bottle,2026-07-30,WK 31,Valsarvakkam,Swiggy,Lunch,COCO,TN,4150.76,2169.24,0.0,6100.0,0,14,35.56131147540984,296.48285714285714,200-300,30%-40%
Frozen Bottle,2026-07-30,WK 31,Valsarvakkam,Swiggy,Snacks,COCO,TN,4694.5599999999995,2234.44,0.0,6679.0,0,13,33.45470878874083,361.11999999999995,300-400,30%-40%
Frozen Bottle,2026-07-30,WK 31,Valsarvakkam,Zomato,Dinner,COCO,TN,6355.31,4848.69,317.88,10814.0,0,23,44.837155539115955,276.31782608695653,200-300,40%-50%
Frozen Bottle,2026-07-30,WK 31,Valsarvakkam,Zomato,Late Night,COCO,TN,1977.0,1202.0,98.9,3059.0,0,7,39.29388689114089,282.42857142857144,200-300,30%-40%
Frozen Bottle,2026-07-30,WK 31,Valsarvakkam,Zomato,Lunch,COCO,TN,967.9000000000001,742.0999999999999,48.4,1650.0,0,4,44.97575757575757,241.97500000000002,200-300,40%-50%
Frozen Bottle,2026-07-30,WK 31,Valsarvakkam,Zomato,Snacks,COCO,TN,1341.0,1160.0,67.08,2421.0,0,4,47.91408508880628,335.25,300-400,40%-50%
Frozen Bottle,2026-07-30,WK 31,Vashi,Swiggy,Dinner,FOFO,MH,471.0,0.0,0.0,461.0,0,1,0.0,471.0,400-500,0%
Frozen Bottle,2026-07-30,WK 31,Vashi,Swiggy,Late Night,FOFO,MH,280.24,168.76,0.0,429.0,0,2,39.33799533799534,140.12,100-200,30%-40%
Frozen Bottle,2026-07-30,WK 31,Vashi,Swiggy,Lunch,FOFO,MH,627.0,403.0,0.0,1000.0,0,3,40.300000000000004,209.0,200-300,40%-50%
Frozen Bottle,2026-07-30,WK 31,Vashi,Swiggy,Snacks,FOFO,MH,313.6,26.4,0.0,330.0,0,1,8.0,313.6,300-400,1%-10%
Frozen Bottle,2026-07-30,WK 31,Vashi,Zomato,Dinner,FOFO,MH,2135.0,924.99,106.76,2969.99,0,6,31.144549308246834,355.8333333333333,300-400,30%-40%
Frozen Bottle,2026-07-30,WK 31,Vashi,Zomato,Late Night,FOFO,MH,449.0,100.0,22.46,529.0,0,2,18.90359168241966,224.5,200-300,10%-20%
Frozen Bottle,2026-07-30,WK 31,Vashi,Zomato,Lunch,FOFO,MH,1868.0,200.0,93.42,2008.0,0,3,9.9601593625498,622.6666666666666,600-900,1%-10%
Frozen Bottle,2026-07-30,WK 31,Velachery,In Store,Dinner,COCO,TN,1693.5100000000002,522.9499999999999,84.7,2216.46,0,6,23.593929058047515,282.2516666666667,200-300,20%-30%
Frozen Bottle,2026-07-30,WK 31,Velachery,In Store,Snacks,COCO,TN,727.28,425.72,36.400000000000006,1153.0,0,5,36.92281006071119,145.456,100-200,30%-40%
Frozen Bottle,2026-07-30,WK 31,Velachery,Swiggy,Dinner,COCO,TN,4300.52,3007.48,0.0,7028.0,0,22,42.79282868525897,195.47818181818184,100-200,40%-50%
Frozen Bottle,2026-07-30,WK 31,Velachery,Swiggy,Late Night,COCO,TN,2490.77,1658.23,0.0,3999.0,0,11,41.466116529132286,226.43363636363637,200-300,40%-50%
Frozen Bottle,2026-07-30,WK 31,Velachery,Swiggy,Lunch,COCO,TN,1139.01,445.99,0.0,1525.0,0,5,29.245245901639343,227.802,200-300,20%-30%
Frozen Bottle,2026-07-30,WK 31,Velachery,Swiggy,Snacks,COCO,TN,1486.77,1200.74,0.0,2557.51,0,4,46.94957204468408,371.6925,300-400,40%-50%
Frozen Bottle,2026-07-30,WK 31,Velachery,Zomato,Dinner,COCO,TN,826.0,775.0,41.32000000000001,1551.0,0,3,49.96776273372018,275.3333333333333,200-300,40%-50%
Frozen Bottle,2026-07-30,WK 31,Velachery,Zomato,Late Night,COCO,TN,375.9,285.1,18.8,631.0,0,2,45.182250396196515,187.95,100-200,40%-50%
Frozen Bottle,2026-07-30,WK 31,Velachery,Zomato,Lunch,COCO,TN,559.4200000000001,423.43,27.98,942.85,0,2,44.9095826483534,279.71000000000004,200-300,40%-50%
Frozen Bottle,2026-07-30,WK 31,Velachery,Zomato,Snacks,COCO,TN,306.0,254.0,15.32,540.0,0,1,47.03703703703704,306.0,300-400,40%-50%
Frozen Bottle,2026-07-30,WK 31,Vellore,In Store,Dinner,COCO,TN,2746.85,0.0,137.42,2746.85,0,12,0.0,228.90416666666667,200-300,0%
Frozen Bottle,2026-07-30,WK 31,Vellore,In Store,Late Night,COCO,TN,527.0,0.0,26.36,527.0,0,1,0.0,527.0,500-600,0%
Frozen Bottle,2026-07-30,WK 31,Vellore,In Store,Lunch,COCO,TN,1462.0,0.0,73.14,1462.0,0,5,0.0,292.4,200-300,0%
Frozen Bottle,2026-07-30,WK 31,Vellore,In Store,Snacks,COCO,TN,2677.0,0.0,133.88,2677.0,0,7,0.0,382.42857142857144,300-400,0%
Frozen Bottle,2026-07-30,WK 31,Vellore,Swiggy,Dinner,COCO,TN,1193.0,567.0,0.0,1690.0,0,6,33.55029585798817,198.83333333333334,100-200,30%-40%
Frozen Bottle,2026-07-30,WK 31,Vellore,Swiggy,Late Night,COCO,TN,1081.01,537.99,0.0,1559.0,0,5,34.50865939704939,216.202,200-300,30%-40%
Frozen Bottle,2026-07-30,WK 31,Vellore,Swiggy,Lunch,COCO,TN,1273.0,773.33,0.0,1966.33,0,6,39.32859692930485,212.16666666666666,200-300,30%-40%
Frozen Bottle,2026-07-30,WK 31,Vellore,Swiggy,Snacks,COCO,TN,468.01,440.53999999999996,0.0,858.55,0,3,51.31209597577311,156.00333333333333,100-200,50%-60%
Frozen Bottle,2026-07-30,WK 31,Vellore,Zomato,Dinner,COCO,TN,515.0,485.0,25.759999999999998,970.0,0,2,50.0,257.5,200-300,40%-50%
Frozen Bottle,2026-07-30,WK 31,Vellore,Zomato,Lunch,COCO,TN,481.5,468.5,24.08,920.0,0,2,50.923913043478265,240.75,200-300,50%-60%
Frozen Bottle,2026-07-30,WK 31,Vellore,Zomato,Snacks,COCO,TN,1315.0,1023.0,65.78,2258.0,0,5,45.30558015943313,263.0,200-300,40%-50%
Frozen Bottle,2026-07-30,WK 31,Vidyaranyapura,In Store,Dinner,FOFO,KA,1396.23,0.0,69.86,1396.23,0,7,0.0,199.46142857142857,100-200,0%
Frozen Bottle,2026-07-30,WK 31,Vidyaranyapura,In Store,Lunch,FOFO,KA,199.0,0.0,9.96,199.0,0,1,0.0,199.0,100-200,0%
Frozen Bottle,2026-07-30,WK 31,Vidyaranyapura,Swiggy,Dinner,FOFO,KA,898.0,0.0,0.0,858.0,0,2,0.0,449.0,400-500,0%
Frozen Bottle,2026-07-30,WK 31,Vidyaranyapura,Swiggy,Snacks,FOFO,KA,309.0,421.0,0.0,730.0,0,2,57.67123287671233,154.5,100-200,50%-60%
Frozen Bottle,2026-07-30,WK 31,Vidyaranyapura,Zomato,Dinner,FOFO,KA,278.0,140.0,13.92,398.0,0,1,35.175879396984925,278.0,200-300,30%-40%
Frozen Bottle,2026-07-30,WK 31,Vidyaranyapura,Zomato,Snacks,FOFO,KA,829.0,0.0,41.46,799.0,0,1,0.0,829.0,600-900,0%
Frozen Bottle,2026-07-30,WK 31,Vijaywada,In Store,Breakfast,FOFO,AP & TL,189.0,0.0,9.46,189.0,0,1,0.0,189.0,100-200,0%
Frozen Bottle,2026-07-30,WK 31,Vijaywada,In Store,Dinner,FOFO,AP & TL,3721.0,0.0,186.14,3721.0,0,13,0.0,286.2307692307692,200-300,0%
Frozen Bottle,2026-07-30,WK 31,Vijaywada,In Store,Late Night,FOFO,AP & TL,1509.0,0.0,75.5,1509.0,0,6,0.0,251.5,200-300,0%
Frozen Bottle,2026-07-30,WK 31,Vijaywada,In Store,Lunch,FOFO,AP & TL,199.0,0.0,9.96,199.0,0,1,0.0,199.0,100-200,0%
Frozen Bottle,2026-07-30,WK 31,Vijaywada,In Store,Snacks,FOFO,AP & TL,1280.05,0.0,64.04,1280.05,0,5,0.0,256.01,200-300,0%
Frozen Bottle,2026-07-30,WK 31,Vijaywada,Swiggy,Dinner,FOFO,AP & TL,1887.9099999999999,172.08999999999997,0.0,2000.0,0,5,8.604499999999998,377.582,300-400,1%-10%
Frozen Bottle,2026-07-30,WK 31,Vijaywada,Swiggy,Late Night,FOFO,AP & TL,1493.92,254.07999999999998,0.0,1688.0,0,4,15.0521327014218,373.48,300-400,10%-20%
Frozen Bottle,2026-07-30,WK 31,Vijaywada,Swiggy,Lunch,FOFO,AP & TL,552.0,28.0,0.0,560.0,0,2,5.0,276.0,200-300,1%-10%
Frozen Bottle,2026-07-30,WK 31,Vijaywada,Swiggy,Snacks,FOFO,AP & TL,641.1,47.9,0.0,659.0,0,3,7.268588770864946,213.70000000000002,200-300,1%-10%
Frozen Bottle,2026-07-30,WK 31,Vijaywada,Zomato,Closing,FOFO,AP & TL,410.5,169.5,20.54,560.0,0,2,30.267857142857142,205.25,200-300,30%-40%
Frozen Bottle,2026-07-30,WK 31,Vijaywada,Zomato,Late Night,FOFO,AP & TL,1438.2,478.8,71.94,1847.0,0,5,25.923118570655117,287.64,200-300,20%-30%
Frozen Bottle,2026-07-30,WK 31,Vijaywada,Zomato,Lunch,FOFO,AP & TL,994.1,404.9,49.72,1349.0,0,3,30.01482579688658,331.3666666666667,300-400,30%-40%
Frozen Bottle,2026-07-30,WK 31,Vikhroli,In Store,Dinner,FOFO,MH,1222.0,0.0,61.160000000000004,1222.0,0,7,0.0,174.57142857142858,100-200,0%
Frozen Bottle,2026-07-30,WK 31,Vikhroli,In Store,Snacks,FOFO,MH,716.0,0.0,35.8,716.0,0,2,0.0,358.0,300-400,0%
Frozen Bottle,2026-07-30,WK 31,Vikhroli,Swiggy,Dinner,FOFO,MH,1958.0,0.0,0.0,1908.0,0,2,0.0,979.0,>900,0%
Frozen Bottle,2026-07-30,WK 31,Vikhroli,Swiggy,Lunch,FOFO,MH,580.0,0.0,0.0,560.0,0,1,0.0,580.0,500-600,0%
Frozen Bottle,2026-07-30,WK 31,Vimannagar,In Store,Lunch,FOFO,MH,88.0,0.0,4.4,88.0,0,1,0.0,88.0,0-100,0%
Frozen Bottle,2026-07-30,WK 31,Vimannagar,Swiggy,Dinner,FOFO,MH,480.0,0.0,0.0,460.0,0,1,0.0,480.0,400-500,0%
Frozen Bottle,2026-07-30,WK 31,Vimannagar,Zomato,Dinner,FOFO,MH,411.0,50.0,20.56,451.0,0,1,11.086474501108649,411.0,400-500,10%-20%
Frozen Bottle,2026-07-30,WK 31,Vimannagar,Zomato,Late Night,FOFO,MH,1814.0,165.0,90.7,1909.0,0,3,8.64326872708224,604.6666666666666,600-900,1%-10%
Frozen Bottle,2026-07-30,WK 31,Vimannagar,Zomato,Snacks,FOFO,MH,912.0,250.0,45.599999999999994,1132.0,0,2,22.084805653710244,456.0,400-500,20%-30%
Frozen Bottle,2026-07-30,WK 31,Virar,In Store,Dinner,COCO,MH,1012.0,0.0,50.620000000000005,1012.0,0,5,0.0,202.4,200-300,0%
Frozen Bottle,2026-07-30,WK 31,Virar,In Store,Late Night,COCO,MH,165.0,110.0,8.26,275.0,0,1,40.0,165.0,100-200,30%-40%
Frozen Bottle,2026-07-30,WK 31,Virar,In Store,Lunch,COCO,MH,459.05,343.95,22.96,803.0,0,2,42.83312577833126,229.525,200-300,40%-50%
Frozen Bottle,2026-07-30,WK 31,Virar,In Store,Snacks,COCO,MH,1103.0,50.0,55.18,1153.0,0,5,4.336513443191674,220.6,200-300,1%-10%
Frozen Bottle,2026-07-30,WK 31,Virar,Swiggy,Dinner,COCO,MH,794.0,618.0,0.0,1372.0,0,3,45.04373177842565,264.6666666666667,200-300,40%-50%
Frozen Bottle,2026-07-30,WK 31,Virar,Swiggy,Lunch,COCO,MH,229.0,312.0,0.0,531.0,0,1,58.75706214689266,229.0,200-300,50%-60%
Frozen Bottle,2026-07-30,WK 31,Virar,Swiggy,Snacks,COCO,MH,258.0,160.0,0.0,398.0,0,1,40.20100502512563,258.0,200-300,40%-50%
Frozen Bottle,2026-07-30,WK 31,Virar,Zomato,Dinner,COCO,MH,4737.23,3659.44,236.92000000000002,8106.66,0,14,45.14115554371344,338.3735714285714,300-400,40%-50%
Frozen Bottle,2026-07-30,WK 31,Virar,Zomato,Late Night,COCO,MH,859.0,410.0,42.96,1219.0,0,4,33.63412633305988,214.75,200-300,30%-40%
Frozen Bottle,2026-07-30,WK 31,Virar,Zomato,Lunch,COCO,MH,1179.0,670.0,58.96,1789.0,0,3,37.45108999441029,393.0,300-400,30%-40%
Frozen Bottle,2026-07-30,WK 31,Virar,Zomato,Snacks,COCO,MH,869.0,809.0,43.480000000000004,1618.0,0,4,50.0,217.25,200-300,40%-50%
Frozen Bottle,2026-07-30,WK 31,Wagholi - CF CK,Swiggy,Dinner,COCO,MH,1701.2,1019.8,0.0,2641.0,0,6,38.614161302536914,283.53333333333336,200-300,30%-40%
Frozen Bottle,2026-07-30,WK 31,Wagholi - CF CK,Swiggy,Late Night,COCO,MH,448.0,363.0,0.0,801.0,0,2,45.31835205992509,224.0,200-300,40%-50%
Frozen Bottle,2026-07-30,WK 31,Wagholi - CF CK,Swiggy,Lunch,COCO,MH,139.0,101.0,0.0,230.0,0,1,43.913043478260875,139.0,100-200,40%-50%
Frozen Bottle,2026-07-30,WK 31,Wagholi - CF CK,Swiggy,Snacks,COCO,MH,775.0,345.0,0.0,1080.0,0,3,31.944444444444443,258.3333333333333,200-300,30%-40%
Frozen Bottle,2026-07-30,WK 31,Wagholi - CF CK,Zomato,Dinner,COCO,MH,3156.66,2359.67,157.9,5316.33,0,10,44.38531844336225,315.666,300-400,40%-50%
Frozen Bottle,2026-07-30,WK 31,Wagholi - CF CK,Zomato,Late Night,COCO,MH,690.0,650.0,34.519999999999996,1300.0,0,3,50.0,230.0,200-300,40%-50%
Frozen Bottle,2026-07-30,WK 31,Wagholi - CF CK,Zomato,Lunch,COCO,MH,600.0,560.0,30.0,1120.0,0,2,50.0,300.0,200-300,40%-50%
Frozen Bottle,2026-07-30,WK 31,Wagholi - CF CK,Zomato,Snacks,COCO,MH,372.5,367.5,18.62,710.0,0,1,51.76056338028169,372.5,300-400,50%-60%
Frozen Bottle,2026-07-30,WK 31,Whitefield,In Store,Dinner,COCO,KA,2644.68,522.09,132.3,3166.77,0,17,16.48651465057456,155.56941176470588,100-200,10%-20%
Frozen Bottle,2026-07-30,WK 31,Whitefield,In Store,Lunch,COCO,KA,467.0,0.0,23.380000000000003,467.0,0,3,0.0,155.66666666666666,100-200,0%
Frozen Bottle,2026-07-30,WK 31,Whitefield,In Store,Snacks,COCO,KA,1693.57,264.99,84.72,1958.56,0,12,13.52983824850911,141.13083333333333,100-200,10%-20%
Frozen Bottle,2026-07-30,WK 31,Whitefield,Ownly,Snacks,COCO,KA,119.0,0.0,5.96,119.0,0,1,0.0,119.0,100-200,0%
Frozen Bottle,2026-07-30,WK 31,Whitefield,Swiggy,Dinner,COCO,KA,3424.4,2196.6,0.0,5451.0,0,12,40.29719317556412,285.3666666666667,200-300,40%-50%
Frozen Bottle,2026-07-30,WK 31,Whitefield,Swiggy,Late Night,COCO,KA,1180.0,881.0,0.0,2001.0,0,5,44.0279860069965,236.0,200-300,40%-50%
Frozen Bottle,2026-07-30,WK 31,Whitefield,Swiggy,Lunch,COCO,KA,486.0,484.0,0.0,930.0,0,3,52.04301075268817,162.0,100-200,50%-60%
Frozen Bottle,2026-07-30,WK 31,Whitefield,Swiggy,Snacks,COCO,KA,1651.2,1059.8,0.0,2631.0,0,7,40.281261877613076,235.8857142857143,200-300,40%-50%
Frozen Bottle,2026-07-30,WK 31,Whitefield,Zomato,Dinner,COCO,KA,807.0,825.0,40.36,1572.0,0,4,52.48091603053435,201.75,200-300,50%-60%
Frozen Bottle,2026-07-30,WK 31,Whitefield,Zomato,Late Night,COCO,KA,1002.17,676.83,50.120000000000005,1629.0,0,3,41.54880294659301,334.0566666666667,300-400,40%-50%
Frozen Bottle,2026-07-30,WK 31,Whitefield,Zomato,Snacks,COCO,KA,1912.49,1693.51,95.64,3466.0,0,9,48.86064627813041,212.4988888888889,200-300,40%-50%
Frozen Bottle,2026-07-30,WK 31,Yelahanka,In Store,Dinner,COCO,KA,406.32,126.73,20.32,533.05,0,3,23.77450520589063,135.44,100-200,20%-30%
Frozen Bottle,2026-07-30,WK 31,Yelahanka,Swiggy,Dinner,COCO,KA,2873.56,2616.44,0.0,5330.0,0,4,49.08893058161351,718.39,600-900,40%-50%
Frozen Bottle,2026-07-30,WK 31,Yelahanka,Swiggy,Late Night,COCO,KA,580.0,0.0,0.0,560.0,0,1,0.0,580.0,500-600,0%
Frozen Bottle,2026-07-30,WK 31,Yelahanka,Swiggy,Snacks,COCO,KA,1825.57,1017.76,0.0,2723.33,0,6,37.37189396804647,304.26166666666666,300-400,30%-40%
Frozen Bottle,2026-07-30,WK 31,Yelahanka,Zomato,Dinner,COCO,KA,1332.0,930.0,66.62,2192.0,0,4,42.42700729927007,333.0,300-400,40%-50%
Frozen Bottle,2026-07-30,WK 31,Yelahanka,Zomato,Lunch,COCO,KA,174.0,135.0,8.7,299.0,0,1,45.1505016722408,174.0,100-200,40%-50%
Frozen Bottle,2026-07-30,WK 31,Yelahanka,Zomato,Snacks,COCO,KA,2140.1,1445.9,107.03999999999999,3476.0,0,5,41.596662830840046,428.02,400-500,40%-50%
Frozen Bottle,2026-07-30,WK 31,Yemalur,In Store,Dinner,FOFO,KA,1771.8899999999999,0.0,88.66,1771.8899999999999,0,9,0.0,196.87666666666667,100-200,0%
Frozen Bottle,2026-07-30,WK 31,Yemalur,In Store,Late Night,FOFO,KA,773.5,0.0,38.66,773.5,0,4,0.0,193.375,100-200,0%
Frozen Bottle,2026-07-30,WK 31,Yemalur,In Store,Lunch,FOFO,KA,297.0,0.0,14.86,297.0,0,1,0.0,297.0,200-300,0%
Frozen Bottle,2026-07-30,WK 31,Yemalur,In Store,Snacks,FOFO,KA,179.0,0.0,8.96,179.0,0,1,0.0,179.0,100-200,0%
Frozen Bottle,2026-07-30,WK 31,Yemalur,Zomato,Dinner,FOFO,KA,685.2,359.8,34.3,995.0,0,5,36.1608040201005,137.04000000000002,100-200,30%-40%
Frozen Bottle,2026-07-30,WK 31,Yemalur,Zomato,Late Night,FOFO,KA,419.0,80.0,20.94,479.0,0,1,16.701461377870565,419.0,400-500,10%-20%
Frozen Bottle,2026-07-30,WK 31,Yemalur,Zomato,Lunch,FOFO,KA,1053.0,50.0,52.660000000000004,1063.0,0,2,4.703668861712136,526.5,500-600,1%-10%
Frozen Bottle,2026-07-30,WK 31,Zamin Pallavaram,In Store,Dinner,COCO,TN,583.6800000000001,220.32,29.2,804.0,0,5,27.402985074626862,116.73600000000002,100-200,20%-30%
Frozen Bottle,2026-07-30,WK 31,Zamin Pallavaram,In Store,Lunch,COCO,TN,1267.37,442.08,63.4,1709.45,0,13,25.860949428178653,97.49,0-100,20%-30%
Frozen Bottle,2026-07-30,WK 31,Zamin Pallavaram,In Store,Snacks,COCO,TN,1581.96,227.04,79.1,1809.0,0,7,12.550580431177446,225.99428571428572,200-300,10%-20%
Frozen Bottle,2026-07-30,WK 31,Zamin Pallavaram,Swiggy,Dinner,COCO,TN,3527.0299999999997,1237.82,0.0,4604.85,0,10,26.880788733617813,352.703,300-400,20%-30%
Frozen Bottle,2026-07-30,WK 31,Zamin Pallavaram,Swiggy,Late Night,COCO,TN,2070.01,1083.99,0.0,3044.0,0,8,35.61070959264126,258.75125,200-300,30%-40%
Frozen Bottle,2026-07-30,WK 31,Zamin Pallavaram,Swiggy,Lunch,COCO,TN,1810.01,1561.17,0.0,3241.1800000000003,0,8,48.16671705983623,226.25125,200-300,40%-50%
Frozen Bottle,2026-07-30,WK 31,Zamin Pallavaram,Swiggy,Snacks,COCO,TN,627.0,776.0,0.0,1373.0,0,3,56.51857246904588,209.0,200-300,50%-60%
Frozen Bottle,2026-07-30,WK 31,Zamin Pallavaram,Zomato,Dinner,COCO,TN,2224.5,1494.5,111.24000000000001,3609.0,0,6,41.4103629814353,370.75,300-400,40%-50%
Frozen Bottle,2026-07-30,WK 31,Zamin Pallavaram,Zomato,Late Night,COCO,TN,1082.0,730.0,54.14,1752.0,0,4,41.66666666666667,270.5,200-300,40%-50%
Frozen Bottle,2026-07-30,WK 31,Zamin Pallavaram,Zomato,Snacks,COCO,TN,808.0,699.0,40.42,1457.0,0,2,47.97529169526425,404.0,400-500,40%-50%
Frozen Bottle,2026-07-31,WK 31,Vijaywada,In Store,Closing,FOFO,AP & TL,69.0,0.0,3.46,69.0,0,1,0.0,69.0,0-100,0%
Lubov,2026-07-29,WK 31,Lubov Store,Others,Lunch,COCO,KA,998.1,0.0,49.9,998.1,0,1,0.0,998.1,>900,0%
Lubov,2026-07-29,WK 31,Lubov Store,Others,Snacks,COCO,KA,3824.95,171.24,191.26,3996.19,0,2,4.28508154016701,1912.475,>900,1%-10%
Madno,2026-07-29,WK 31,AECS Layout,Ownly,Dinner,COCO,KA,185.0,0.0,9.26,185.0,0,1,0.0,185.0,100-200,0%
Madno,2026-07-29,WK 31,AECS Layout,Swiggy,Dinner,COCO,KA,1315.02,422.15999999999997,0.0,1657.18,0,4,25.474601431347228,328.755,300-400,20%-30%
Madno,2026-07-29,WK 31,AECS Layout,Swiggy,Lunch,COCO,KA,149.0,91.0,0.0,230.0,0,1,39.565217391304344,149.0,100-200,30%-40%
Madno,2026-07-29,WK 31,AECS Layout,Swiggy,Snacks,COCO,KA,310.0,0.0,0.0,300.0,0,1,0.0,310.0,300-400,0%
Madno,2026-07-29,WK 31,AECS Layout,Zomato,Dinner,COCO,KA,746.0,571.0,37.3,1267.0,0,3,45.06708760852407,248.66666666666666,200-300,40%-50%
Madno,2026-07-29,WK 31,AECS Layout,Zomato,Late Night,COCO,KA,182.5,57.5,9.12,230.0,0,1,25.0,182.5,100-200,20%-30%
Madno,2026-07-29,WK 31,AECS Layout,Zomato,Snacks,COCO,KA,166.0,0.0,8.3,156.0,0,1,0.0,166.0,100-200,0%
Madno,2026-07-29,WK 31,Alwarpet,Swiggy,Dinner,COCO,TN,698.01,301.99,0.0,960.0,0,1,31.45729166666667,698.01,600-900,30%-40%
Madno,2026-07-29,WK 31,Alwarpet,Swiggy,Snacks,COCO,TN,421.0,60.0,0.0,461.0,0,1,13.015184381778742,421.0,400-500,10%-20%
Madno,2026-07-29,WK 31,Ananth Nagar,Swiggy,Dinner,COCO,KA,256.0,64.0,0.0,310.0,0,1,20.64516129032258,256.0,200-300,20%-30%
Madno,2026-07-29,WK 31,Annanagar,Swiggy,Dinner,COCO,TN,310.0,0.0,0.0,300.0,0,1,0.0,310.0,300-400,0%
Madno,2026-07-29,WK 31,Annanagar,Swiggy,Late Night,COCO,TN,285.0,60.0,0.0,335.0,0,1,17.91044776119403,285.0,200-300,10%-20%
Madno,2026-07-29,WK 31,Annanagar,Zomato,Dinner,COCO,TN,509.5,402.5,25.479999999999997,882.0,0,3,45.63492063492063,169.83333333333334,100-200,40%-50%
Madno,2026-07-29,WK 31,Aurangabad- 1,Swiggy,Dinner,FOFO,MH,194.0,46.0,0.0,230.0,0,1,20.0,194.0,100-200,10%-20%
Madno,2026-07-29,WK 31,Aurangabad- 1,Zomato,Dinner,FOFO,MH,194.8,46.2,9.74,231.0,0,1,20.0,194.8,100-200,10%-20%
Madno,2026-07-29,WK 31,Aurangabad- 1,Zomato,Snacks,FOFO,MH,260.0,50.0,13.0,300.0,0,1,16.666666666666664,260.0,200-300,10%-20%
Madno,2026-07-29,WK 31,Avadi,Swiggy,Dinner,FOFO,TN,612.85,0.0,0.0,582.85,0,2,0.0,306.425,300-400,0%
Madno,2026-07-29,WK 31,Avadi,Zomato,Lunch,FOFO,TN,194.0,46.0,9.7,230.0,0,1,20.0,194.0,100-200,10%-20%
Madno,2026-07-29,WK 31,BTM Layout,Others,Dinner,COCO,KA,201.38,39.62,10.06,231.0,0,1,17.151515151515152,201.38,200-300,10%-20%
Madno,2026-07-29,WK 31,BTM Layout,Swiggy,Lunch,COCO,KA,240.0,0.0,0.0,230.0,0,1,0.0,240.0,200-300,0%
Madno,2026-07-29,WK 31,BTM Layout,Zomato,Dinner,COCO,KA,624.12,266.88,31.22,861.0,0,3,30.99651567944251,208.04,200-300,30%-40%
Madno,2026-07-29,WK 31,BTM Layout,Zomato,Late Night,COCO,KA,797.04,102.96000000000001,39.86,870.0,0,3,11.834482758620691,265.68,200-300,10%-20%
Madno,2026-07-29,WK 31,Badlapur,Swiggy,Dinner,COCO,MH,196.0,64.0,0.0,250.0,0,1,25.6,196.0,100-200,20%-30%
Madno,2026-07-29,WK 31,Badlapur,Swiggy,Snacks,COCO,MH,120.0,126.66,0.0,226.66,0,1,55.88105532515662,120.0,100-200,50%-60%
Madno,2026-07-29,WK 31,Badlapur,Zomato,Dinner,COCO,MH,1127.5,911.5,56.42,1949.0,0,6,46.76757311441765,187.91666666666666,100-200,40%-50%
Madno,2026-07-29,WK 31,Badlapur,Zomato,Late Night,COCO,MH,335.5,95.5,16.78,411.0,0,1,23.236009732360095,335.5,300-400,20%-30%
Madno,2026-07-29,WK 31,Badlapur,Zomato,Lunch,COCO,MH,231.0,180.0,11.56,401.0,0,1,44.88778054862843,231.0,200-300,40%-50%
Madno,2026-07-29,WK 31,Badlapur,Zomato,Snacks,COCO,MH,210.0,190.0,10.5,380.0,0,1,50.0,210.0,200-300,40%-50%
Madno,2026-07-29,WK 31,Banashankari,Ownly,Dinner,COCO,KA,180.0,0.0,9.0,180.0,0,1,0.0,180.0,100-200,0%
Madno,2026-07-29,WK 31,Banashankari,Ownly,Lunch,COCO,KA,170.0,0.0,8.5,170.0,0,1,0.0,170.0,100-200,0%
Madno,2026-07-29,WK 31,Banashankari,Swiggy,Late Night,COCO,KA,196.0,64.0,0.0,250.0,0,1,25.6,196.0,100-200,20%-30%
Madno,2026-07-29,WK 31,Banashankari,Zomato,Dinner,COCO,KA,205.0,65.0,10.26,260.0,0,1,25.0,205.0,200-300,20%-30%
Madno,2026-07-29,WK 31,Banashankari,Zomato,Late Night,COCO,KA,240.0,0.0,12.0,230.0,0,1,0.0,240.0,200-300,0%
Madno,2026-07-29,WK 31,Baner Road - Pune,Swiggy,Dinner,COCO,MH,526.0,296.0,0.0,802.0,0,2,36.907730673316706,263.0,200-300,30%-40%
Madno,2026-07-29,WK 31,Baner Road - Pune,Zomato,Dinner,COCO,MH,694.0,539.0,34.74,1173.0,0,3,45.950554134697356,231.33333333333334,200-300,40%-50%
Madno,2026-07-29,WK 31,Baner Road - Pune,Zomato,Snacks,COCO,MH,421.0,381.0,21.08,762.0,0,1,50.0,421.0,400-500,40%-50%
Madno,2026-07-29,WK 31,Basaveshwarnagar,Zomato,Late Night,COCO,KA,1252.25,586.75,62.620000000000005,1729.0,0,2,33.9358010410642,626.125,600-900,30%-40%
Madno,2026-07-29,WK 31,Bel Road,Swiggy,Dinner,COCO,KA,1008.0,174.0,0.0,1132.0,0,2,15.371024734982333,504.0,500-600,10%-20%
Madno,2026-07-29,WK 31,Bel Road,Swiggy,Snacks,COCO,KA,181.0,119.0,0.0,300.0,0,1,39.666666666666664,181.0,100-200,30%-40%
Madno,2026-07-29,WK 31,Bel Road,Zomato,Dinner,COCO,KA,873.5,803.5,43.72,1607.0,0,5,50.0,174.7,100-200,40%-50%
Madno,2026-07-29,WK 31,Bel Road,Zomato,Late Night,COCO,KA,150.0,140.0,7.5,280.0,0,1,50.0,150.0,100-200,40%-50%
Madno,2026-07-29,WK 31,Bel Road,Zomato,Lunch,COCO,KA,370.0,225.0,18.5,575.0,0,1,39.130434782608695,370.0,300-400,30%-40%
Madno,2026-07-29,WK 31,Bel Road,Zomato,Snacks,COCO,KA,360.0,290.0,18.02,630.0,0,2,46.03174603174603,180.0,100-200,40%-50%
Madno,2026-07-29,WK 31,Berhampur,Swiggy,Snacks,FOFO,ROI,250.0,220.0,0.0,450.0,0,1,48.888888888888886,250.0,200-300,40%-50%
Madno,2026-07-29,WK 31,Besant Nagar,Zomato,Dinner,COCO,TN,197.5,62.5,9.88,250.0,0,1,25.0,197.5,100-200,20%-30%
Madno,2026-07-29,WK 31,Besant Nagar,Zomato,Late Night,COCO,TN,625.0,310.0,31.26,905.0,0,1,34.25414364640884,625.0,600-900,30%-40%
Madno,2026-07-29,WK 31,Bhubaneswar,Swiggy,Dinner,FOFO,ROI,164.0,41.0,0.0,205.0,0,1,20.0,164.0,100-200,10%-20%
Madno,2026-07-29,WK 31,Bhubaneswar,Zomato,Snacks,FOFO,ROI,356.0,84.0,17.8,420.0,0,1,20.0,356.0,300-400,10%-20%
Madno,2026-07-29,WK 31,Byculla,Swiggy,Closing,COCO,MH,250.0,60.0,0.0,300.0,0,1,20.0,250.0,200-300,10%-20%
Madno,2026-07-29,WK 31,Byculla,Swiggy,Dinner,COCO,MH,370.6,109.4,0.0,460.0,0,2,23.782608695652176,185.3,100-200,20%-30%
Madno,2026-07-29,WK 31,Byculla,Swiggy,Late Night,COCO,MH,359.0,92.0,0.0,431.0,0,1,21.34570765661253,359.0,300-400,20%-30%
Madno,2026-07-29,WK 31,Byculla,Zomato,Dinner,COCO,MH,226.5,196.5,11.32,393.0,0,1,50.0,226.5,200-300,40%-50%
Madno,2026-07-29,WK 31,Byculla,Zomato,Late Night,COCO,MH,305.0,0.0,15.26,295.0,0,1,0.0,305.0,300-400,0%
Madno,2026-07-29,WK 31,CBD Belapur,Zomato,Dinner,FOFO,MH,200.0,0.0,10.0,190.0,0,1,0.0,200.0,100-200,0%
Madno,2026-07-29,WK 31,Channasandra,Ownly,Dinner,COCO,KA,125.0,0.0,6.26,125.0,0,1,0.0,125.0,100-200,0%
Madno,2026-07-29,WK 31,Channasandra,Swiggy,Dinner,COCO,KA,474.0,246.0,0.0,690.0,0,2,35.65217391304348,237.0,200-300,30%-40%
Madno,2026-07-29,WK 31,Channasandra,Swiggy,Late Night,COCO,KA,160.0,70.0,0.0,230.0,0,1,30.434782608695656,160.0,100-200,30%-40%
Madno,2026-07-29,WK 31,Channasandra,Swiggy,Snacks,COCO,KA,310.01,132.84,0.0,422.85,0,1,31.415395530329903,310.01,300-400,30%-40%
Madno,2026-07-29,WK 31,Channasandra,Zomato,Breakfast,COCO,KA,185.0,135.0,9.26,310.0,0,1,43.54838709677419,185.0,100-200,40%-50%
Madno,2026-07-29,WK 31,Channasandra,Zomato,Dinner,COCO,KA,580.42,279.58,29.020000000000003,830.0,0,2,33.68433734939759,290.21,200-300,30%-40%
Madno,2026-07-29,WK 31,Channasandra,Zomato,Late Night,COCO,KA,1134.1399999999999,357.86,56.72,1442.0,0,2,24.816920943134534,567.0699999999999,500-600,20%-30%
Madno,2026-07-29,WK 31,Channasandra,Zomato,Lunch,COCO,KA,210.0,190.0,10.52,380.0,0,1,50.0,210.0,200-300,40%-50%
Madno,2026-07-29,WK 31,Chikkabellandur,Zomato,Dinner,FOFO,KA,1387.0,0.0,69.36,1327.0,0,6,0.0,231.16666666666666,200-300,0%
Madno,2026-07-29,WK 31,Chikkabellandur,Zomato,Late Night,FOFO,KA,792.0,50.0,39.62,812.0,0,2,6.157635467980295,396.0,300-400,1%-10%
Madno,2026-07-29,WK 31,Chikkabellandur,Zomato,Snacks,FOFO,KA,200.0,0.0,10.0,190.0,0,1,0.0,200.0,100-200,0%
Madno,2026-07-29,WK 31,Dahisar,Zomato,Late Night,COCO,MH,421.0,381.0,21.060000000000002,762.0,0,2,50.0,210.5,200-300,40%-50%
Madno,2026-07-29,WK 31,Dahisar,Zomato,Snacks,COCO,MH,210.5,190.5,10.54,381.0,0,1,50.0,210.5,200-300,40%-50%
Madno,2026-07-29,WK 31,Electronic city,Zomato,Late Night,FOFO,KA,181.0,80.0,9.06,251.0,0,1,31.872509960159363,181.0,100-200,30%-40%
Madno,2026-07-29,WK 31,Electronic city,Zomato,Snacks,FOFO,KA,250.0,80.0,12.5,320.0,0,1,25.0,250.0,200-300,20%-30%
Madno,2026-07-29,WK 31,Erode,Swiggy,Dinner,COCO,TN,743.0,283.0,0.0,986.0,0,2,28.70182555780933,371.5,300-400,20%-30%
Madno,2026-07-29,WK 31,Erode,Swiggy,Late Night,COCO,TN,129.0,100.0,0.0,219.0,0,1,45.662100456621005,129.0,100-200,40%-50%
Madno,2026-07-29,WK 31,Erode,Zomato,Dinner,COCO,TN,250.5,200.5,12.54,431.0,0,2,46.51972157772622,125.25,100-200,40%-50%
Madno,2026-07-29,WK 31,Express Avenue Mall,Swiggy,Dinner,COCO,TN,261.0,0.0,0.0,251.0,0,1,0.0,261.0,200-300,0%
Madno,2026-07-29,WK 31,Express Avenue Mall,Swiggy,Late Night,COCO,TN,434.01,127.99,0.0,532.0,0,1,24.058270676691727,434.01,400-500,20%-30%
Madno,2026-07-29,WK 31,Express Avenue Mall,Zomato,Dinner,COCO,TN,361.5,321.5,18.099999999999998,643.0,0,2,50.0,180.75,100-200,40%-50%
Madno,2026-07-29,WK 31,Express Avenue Mall,Zomato,Late Night,COCO,TN,747.0,195.0,37.379999999999995,902.0,0,2,21.61862527716186,373.5,300-400,20%-30%
Madno,2026-07-29,WK 31,Express Avenue Mall,Zomato,Snacks,COCO,TN,490.5,420.5,24.56,871.0,0,2,48.27784156142365,245.25,200-300,40%-50%
Madno,2026-07-29,WK 31,Frazer Town,Swiggy,Dinner,COCO,KA,496.0,204.0,0.0,690.0,0,2,29.565217391304348,248.0,200-300,20%-30%
Madno,2026-07-29,WK 31,Frazer Town,Swiggy,Lunch,COCO,KA,177.2,52.8,0.0,220.0,0,1,24.0,177.2,100-200,20%-30%
Madno,2026-07-29,WK 31,Frazer Town,Zomato,Dinner,COCO,KA,217.18,22.82,10.86,230.0,0,1,9.921739130434784,217.18,200-300,1%-10%
Madno,2026-07-29,WK 31,Gangadham,Swiggy,Lunch,FOFO,MH,230.0,70.0,0.0,300.0,0,1,23.333333333333332,230.0,200-300,20%-30%
Madno,2026-07-29,WK 31,Gangadham,Zomato,Lunch,FOFO,MH,240.0,0.0,12.0,230.0,0,1,0.0,240.0,200-300,0%
Madno,2026-07-29,WK 31,Guduvanchery,Swiggy,Late Night,COCO,TN,159.01,154.84,0.0,293.85,0,1,52.693551131529695,159.01,100-200,50%-60%
Madno,2026-07-29,WK 31,Guduvanchery,Swiggy,Lunch,COCO,TN,184.0,91.0,0.0,265.0,0,1,34.33962264150943,184.0,100-200,30%-40%
Madno,2026-07-29,WK 31,Guduvanchery,Zomato,Dinner,COCO,TN,675.5,470.5,33.78,1096.0,0,2,42.92883211678832,337.75,300-400,40%-50%
Madno,2026-07-29,WK 31,Guduvanchery,Zomato,Snacks,COCO,TN,112.5,102.5,5.62,205.0,0,1,50.0,112.5,100-200,40%-50%
Madno,2026-07-29,WK 31,Gunjur,Swiggy,Dinner,COCO,KA,884.0,258.0,0.0,1112.0,0,3,23.201438848920862,294.6666666666667,200-300,20%-30%
Madno,2026-07-29,WK 31,Gunjur,Swiggy,Snacks,COCO,KA,259.36,132.64,0.0,382.0,0,2,34.72251308900523,129.68,100-200,30%-40%
Madno,2026-07-29,WK 31,Gunjur,Zomato,Dinner,COCO,KA,790.5,482.5,39.540000000000006,1203.0,0,2,40.10806317539485,395.25,300-400,40%-50%
Madno,2026-07-29,WK 31,Gunjur,Zomato,Lunch,COCO,KA,318.5,222.5,15.94,511.0,0,1,43.54207436399217,318.5,300-400,40%-50%
Madno,2026-07-29,WK 31,HSR Layout,Swiggy,Dinner,COCO,KA,419.6,182.4,0.0,572.0,0,2,31.888111888111887,209.8,200-300,30%-40%
Madno,2026-07-29,WK 31,HSR Layout,Swiggy,Late Night,COCO,KA,160.0,70.0,0.0,230.0,0,1,30.434782608695656,160.0,100-200,30%-40%
Madno,2026-07-29,WK 31,HSR Layout,Zomato,Late Night,COCO,KA,226.0,224.0,11.32,430.0,0,1,52.093023255813954,226.0,200-300,50%-60%
Madno,2026-07-29,WK 31,Hafizpet,Swiggy,Dinner,FOFO,AP & TL,248.0,42.0,0.0,280.0,0,1,15.0,248.0,200-300,10%-20%
Madno,2026-07-29,WK 31,Hafizpet,Swiggy,Snacks,FOFO,AP & TL,355.0,45.0,0.0,380.0,0,1,11.842105263157894,355.0,300-400,10%-20%
Madno,2026-07-29,WK 31,Harlur Road,Ownly,Dinner,COCO,KA,366.0,0.0,18.3,366.0,0,2,0.0,183.0,100-200,0%
Madno,2026-07-29,WK 31,Harlur Road,Ownly,Lunch,COCO,KA,271.0,0.0,13.56,271.0,0,1,0.0,271.0,200-300,0%
Madno,2026-07-29,WK 31,Harlur Road,Swiggy,Lunch,COCO,KA,664.01,190.99,0.0,825.0,0,1,23.150303030303032,664.01,600-900,20%-30%
Madno,2026-07-29,WK 31,Harlur Road,Zomato,Dinner,COCO,KA,605.0,435.0,30.259999999999998,1000.0,0,2,43.5,302.5,300-400,40%-50%
Madno,2026-07-29,WK 31,Harlur Road,Zomato,Lunch,COCO,KA,150.0,140.0,7.5,280.0,0,1,50.0,150.0,100-200,40%-50%
Madno,2026-07-29,WK 31,Hinjewadi,Swiggy,Late Night,COCO,MH,1566.0,471.0,0.0,1937.0,0,6,24.31595250387197,261.0,200-300,20%-30%
Madno,2026-07-29,WK 31,Hinjewadi,Zomato,Dinner,COCO,MH,391.0,250.0,19.58,611.0,0,2,40.91653027823241,195.5,100-200,40%-50%
Madno,2026-07-29,WK 31,Hinjewadi,Zomato,Late Night,COCO,MH,613.23,267.77,30.68,841.0,0,2,31.839476813317475,306.615,300-400,30%-40%
Madno,2026-07-29,WK 31,Hinjewadi,Zomato,Snacks,COCO,MH,363.0,238.0,18.16,571.0,0,1,41.68126094570928,363.0,300-400,40%-50%
Madno,2026-07-29,WK 31,Hinjewadi Phase 3,Swiggy,Dinner,COCO,MH,761.0,442.0,0.0,1143.0,0,4,38.67016622922135,190.25,100-200,30%-40%
Madno,2026-07-29,WK 31,Hinjewadi Phase 3,Swiggy,Late Night,COCO,MH,440.01,59.99,0.0,480.0,0,1,12.497916666666667,440.01,400-500,10%-20%
Madno,2026-07-29,WK 31,Hinjewadi Phase 3,Zomato,Dinner,COCO,MH,1303.71,640.29,65.22,1844.0,0,5,34.72288503253796,260.742,200-300,30%-40%
Madno,2026-07-29,WK 31,Hinjewadi Phase 3,Zomato,Lunch,COCO,MH,703.0,460.0,35.18,1113.0,0,2,41.32973944294699,351.5,300-400,40%-50%
Madno,2026-07-29,WK 31,Hinjewadi Phase 3,Zomato,Snacks,COCO,MH,306.0,95.0,15.32,381.0,0,1,24.93438320209974,306.0,300-400,20%-30%
Madno,2026-07-29,WK 31,ITPL,Swiggy,Dinner,COCO,KA,468.02,59.98,0.0,498.0,0,1,12.044176706827308,468.02,400-500,10%-20%
Madno,2026-07-29,WK 31,ITPL,Swiggy,Late Night,COCO,KA,428.0,162.0,0.0,560.0,0,1,28.92857142857143,428.0,400-500,20%-30%
Madno,2026-07-29,WK 31,ITPL,Swiggy,Lunch,COCO,KA,164.0,81.0,0.0,235.0,0,1,34.46808510638298,164.0,100-200,30%-40%
Madno,2026-07-29,WK 31,ITPL,Swiggy,Snacks,COCO,KA,134.0,81.0,0.0,205.0,0,1,39.51219512195122,134.0,100-200,30%-40%
Madno,2026-07-29,WK 31,ITPL,Zomato,Lunch,COCO,KA,286.5,95.5,14.34,362.0,0,2,26.381215469613263,143.25,100-200,20%-30%
Madno,2026-07-29,WK 31,Indiranagar - CK,Ownly,Dinner,COCO,KA,97.0,0.0,4.86,97.0,0,1,0.0,97.0,0-100,0%
Madno,2026-07-29,WK 31,Indiranagar - CK,Swiggy,Dinner,COCO,KA,239.0,182.0,0.0,421.0,0,2,43.23040380047506,119.5,100-200,40%-50%
Madno,2026-07-29,WK 31,Indiranagar - CK,Zomato,Dinner,COCO,KA,552.49,257.51,27.64,780.0,0,3,33.014102564102565,184.16333333333333,100-200,30%-40%
Madno,2026-07-29,WK 31,Indiranagar - CK,Zomato,Lunch,COCO,KA,279.0,180.0,13.96,439.0,0,1,41.00227790432802,279.0,200-300,40%-50%
Madno,2026-07-29,WK 31,Indiranagar - CK,Zomato,Snacks,COCO,KA,700.0,500.0,35.04,1150.0,0,2,43.47826086956522,350.0,300-400,40%-50%
Madno,2026-07-29,WK 31,Iyyappanthangal - CK,Swiggy,Dinner,COCO,TN,1929.01,1100.99,0.0,2920.0,0,7,37.70513698630137,275.5728571428571,200-300,30%-40%
Madno,2026-07-29,WK 31,Iyyappanthangal - CK,Swiggy,Late Night,COCO,TN,1406.0,619.0,0.0,1965.0,0,4,31.50127226463104,351.5,300-400,30%-40%
Madno,2026-07-29,WK 31,Iyyappanthangal - CK,Swiggy,Snacks,COCO,TN,988.0,307.0,0.0,1235.0,0,4,24.858299595141702,247.0,200-300,20%-30%
Madno,2026-07-29,WK 31,Iyyappanthangal - CK,Zomato,Dinner,COCO,TN,1137.0,748.0,56.879999999999995,1815.0,0,3,41.21212121212121,379.0,300-400,40%-50%
Madno,2026-07-29,WK 31,Iyyappanthangal - CK,Zomato,Late Night,COCO,TN,341.0,321.0,17.06,642.0,0,1,50.0,341.0,300-400,40%-50%
Madno,2026-07-29,WK 31,Iyyappanthangal - CK,Zomato,Lunch,COCO,TN,211.0,191.0,10.56,382.0,0,1,50.0,211.0,200-300,40%-50%
Madno,2026-07-29,WK 31,JP Nagar,Ownly,Snacks,COCO,KA,118.0,0.0,5.9,118.0,0,1,0.0,118.0,100-200,0%
Madno,2026-07-29,WK 31,JP Nagar,Swiggy,Late Night,COCO,KA,358.0,373.99,0.0,681.99,0,2,54.83804747870204,179.0,100-200,50%-60%
Madno,2026-07-29,WK 31,JP Nagar,Swiggy,Lunch,COCO,KA,299.0,161.0,0.0,460.0,0,2,35.0,149.5,100-200,30%-40%
Madno,2026-07-29,WK 31,JP Nagar,Swiggy,Snacks,COCO,KA,776.0,347.0,0.0,1073.0,0,3,32.33923578751165,258.6666666666667,200-300,30%-40%
Madno,2026-07-29,WK 31,Jamshedpur,Zomato,Dinner,FOFO,ROI,469.7,132.3,23.5,572.0,0,2,23.129370629370634,234.85,200-300,20%-30%
Madno,2026-07-29,WK 31,Jamshedpur,Zomato,Lunch,FOFO,ROI,129.7,51.3,6.48,171.0,0,1,30.0,129.7,100-200,20%-30%
Madno,2026-07-29,WK 31,Jamshedpur,Zomato,Snacks,FOFO,ROI,185.0,75.0,9.26,250.0,0,1,30.0,185.0,100-200,20%-30%
Madno,2026-07-29,WK 31,Jim Corbett,Swiggy,Snacks,FOFO,ROI,400.0,0.0,0.0,380.0,0,1,0.0,400.0,300-400,0%
Madno,2026-07-29,WK 31,Kadubisanahalli - CF CK,Ownly,Lunch,COCO,KA,160.0,0.0,8.0,160.0,0,1,0.0,160.0,100-200,0%
Madno,2026-07-29,WK 31,Kadubisanahalli - CF CK,Zomato,Dinner,COCO,KA,1057.0,886.0,52.86,1883.0,0,3,47.052575677110994,352.3333333333333,300-400,40%-50%
Madno,2026-07-29,WK 31,Kadubisanahalli - CF CK,Zomato,Late Night,COCO,KA,1045.5,975.5,52.3,1951.0,0,2,50.0,522.75,500-600,40%-50%
Madno,2026-07-29,WK 31,Kakkanad,Swiggy,Dinner,COCO,Kerela,953.0,379.0,0.0,1282.0,0,4,29.56318252730109,238.25,200-300,20%-30%
Madno,2026-07-29,WK 31,Kakkanad,Swiggy,Lunch,COCO,Kerela,244.0,96.0,0.0,330.0,0,1,29.09090909090909,244.0,200-300,20%-30%
Madno,2026-07-29,WK 31,Kakkanad,Swiggy,Snacks,COCO,Kerela,1366.0,727.0,0.0,2003.0,0,6,36.2955566650025,227.66666666666666,200-300,30%-40%
Madno,2026-07-29,WK 31,Kakkanad,Zomato,Dinner,COCO,Kerela,562.5,444.5,28.12,967.0,0,3,45.96690796277146,187.5,100-200,40%-50%
Madno,2026-07-29,WK 31,Kakkanad,Zomato,Late Night,COCO,Kerela,68.95,72.05,3.44,131.0,0,1,54.99999999999999,68.95,0-100,50%-60%
Madno,2026-07-29,WK 31,Kakkanad,Zomato,Lunch,COCO,Kerela,149.5,139.5,7.48,279.0,0,1,50.0,149.5,100-200,40%-50%
Madno,2026-07-29,WK 31,Kakkanad,Zomato,Snacks,COCO,Kerela,631.5,476.5,31.58,1068.0,0,2,44.61610486891386,315.75,300-400,40%-50%
Madno,2026-07-29,WK 31,Kalyan,Swiggy,Dinner,COCO,MH,438.0,132.0,0.0,540.0,0,2,24.444444444444443,219.0,200-300,20%-30%
Madno,2026-07-29,WK 31,Kalyan,Swiggy,Lunch,COCO,MH,129.0,100.0,0.0,219.0,0,1,45.662100456621005,129.0,100-200,40%-50%
Madno,2026-07-29,WK 31,Kalyan,Swiggy,Snacks,COCO,MH,198.0,184.0,0.0,382.0,0,1,48.167539267015705,198.0,100-200,40%-50%
Madno,2026-07-29,WK 31,Kalyan,Zomato,Dinner,COCO,MH,867.0,797.0,43.379999999999995,1594.0,0,2,50.0,433.5,400-500,40%-50%
Madno,2026-07-29,WK 31,Kalyan,Zomato,Late Night,COCO,MH,151.0,131.0,7.56,262.0,0,1,50.0,151.0,100-200,40%-50%
Madno,2026-07-29,WK 31,Kalyan,Zomato,Snacks,COCO,MH,566.3199999999999,309.68,28.34,836.0,0,2,37.04306220095694,283.15999999999997,200-300,30%-40%
Madno,2026-07-29,WK 31,Kammanhalli,Swiggy,Dinner,COCO,KA,2656.2200000000003,1035.32,0.0,3501.54,0,8,29.5675617014228,332.02750000000003,300-400,20%-30%
Madno,2026-07-29,WK 31,Kammanhalli,Swiggy,Late Night,COCO,KA,1447.01,350.99,0.0,1728.0,0,5,20.311921296296298,289.402,200-300,20%-30%
Madno,2026-07-29,WK 31,Kammanhalli,Swiggy,Snacks,COCO,KA,773.01,473.17,0.0,1186.1799999999998,0,2,39.8902358832555,386.505,300-400,30%-40%
Madno,2026-07-29,WK 31,Kammanhalli,Zomato,Late Night,COCO,KA,657.84,258.15999999999997,32.9,876.0,0,3,29.47031963470319,219.28,200-300,20%-30%
Madno,2026-07-29,WK 31,Kamothe,Swiggy,Late Night,COCO,MH,340.0,320.0,0.0,640.0,0,1,50.0,340.0,300-400,40%-50%
Madno,2026-07-29,WK 31,Kamothe,Zomato,Dinner,COCO,MH,366.0,195.0,18.32,541.0,0,1,36.04436229205176,366.0,300-400,30%-40%
Madno,2026-07-29,WK 31,Kamothe,Zomato,Late Night,COCO,MH,911.0,180.0,45.56,1041.0,0,2,17.29106628242075,455.5,400-500,10%-20%
Madno,2026-07-29,WK 31,Kanakapura,Ownly,Late Night,COCO,KA,680.0,0.0,34.0,680.0,0,1,0.0,680.0,600-900,0%
Madno,2026-07-29,WK 31,Kanakapura,Ownly,Lunch,COCO,KA,153.0,0.0,7.66,153.0,0,1,0.0,153.0,100-200,0%
Madno,2026-07-29,WK 31,Kanakapura,Swiggy,Dinner,COCO,KA,519.01,256.84,0.0,735.85,0,2,34.90385268736835,259.505,200-300,30%-40%
Madno,2026-07-29,WK 31,Kanakapura,Swiggy,Late Night,COCO,KA,699.01,200.99,0.0,860.0,0,1,23.37093023255814,699.01,600-900,20%-30%
Madno,2026-07-29,WK 31,Kanakapura,Swiggy,Snacks,COCO,KA,184.8,55.2,0.0,230.0,0,1,24.000000000000004,184.8,100-200,20%-30%
Madno,2026-07-29,WK 31,Kanakapura,Zomato,Dinner,COCO,KA,184.0,135.0,9.2,309.0,0,1,43.689320388349515,184.0,100-200,40%-50%
Madno,2026-07-29,WK 31,Kanakapura,Zomato,Late Night,COCO,KA,68.95,72.05,3.44,131.0,0,1,54.99999999999999,68.95,0-100,50%-60%
Madno,2026-07-29,WK 31,Kanakapura,Zomato,Lunch,COCO,KA,404.0,185.0,20.2,569.0,0,2,32.51318101933216,202.0,200-300,30%-40%
Madno,2026-07-29,WK 31,Kanakapura,Zomato,Snacks,COCO,KA,559.0,384.0,27.98,893.0,0,2,43.00111982082866,279.5,200-300,40%-50%
Madno,2026-07-29,WK 31,Kanuru,Swiggy,Late Night,FOFO,AP & TL,430.0,0.0,0.0,410.0,0,1,0.0,430.0,400-500,0%
Madno,2026-07-29,WK 31,Kempfort,Ownly,Late Night,COCO,KA,334.0,0.0,16.7,334.0,0,1,0.0,334.0,300-400,0%
Madno,2026-07-29,WK 31,Kempfort,Swiggy,Late Night,COCO,KA,144.0,96.0,0.0,230.0,0,1,41.73913043478261,144.0,100-200,40%-50%
Madno,2026-07-29,WK 31,Kempfort,Swiggy,Lunch,COCO,KA,120.01,145.69,0.0,245.7,0,1,59.295889295889296,120.01,100-200,50%-60%
Madno,2026-07-29,WK 31,Kempfort,Zomato,Dinner,COCO,KA,193.75,61.25,9.68,245.0,0,1,25.0,193.75,100-200,20%-30%
Madno,2026-07-29,WK 31,Kempfort,Zomato,Late Night,COCO,KA,837.5,280.5,41.9,1068.0,0,1,26.264044943820224,837.5,600-900,20%-30%
Madno,2026-07-29,WK 31,Khar,Swiggy,Snacks,COCO,MH,360.0,160.0,0.0,500.0,0,2,32.0,180.0,100-200,30%-40%
Madno,2026-07-29,WK 31,Khar,Zomato,Closing,COCO,MH,207.0,363.0,10.36,540.0,0,1,67.22222222222223,207.0,200-300,60%-70%
Madno,2026-07-29,WK 31,Khar,Zomato,Dinner,COCO,MH,231.0,180.0,11.56,401.0,0,1,44.88778054862843,231.0,200-300,40%-50%
Madno,2026-07-29,WK 31,Khar,Zomato,Lunch,COCO,MH,112.5,102.5,5.62,205.0,0,1,50.0,112.5,100-200,40%-50%
Madno,2026-07-29,WK 31,Kharghar,Swiggy,Dinner,FOFO,MH,360.0,42.0,0.0,382.0,0,1,10.99476439790576,360.0,300-400,10%-20%
Madno,2026-07-29,WK 31,Kolar- Highway Star,Zomato,Lunch,COCO,KA,175.0,135.0,8.76,300.0,0,1,45.0,175.0,100-200,40%-50%
Madno,2026-07-29,WK 31,Kolathur,Zomato,Dinner,COCO,TN,856.0,666.0,42.84,1452.0,0,3,45.867768595041326,285.3333333333333,200-300,40%-50%
Madno,2026-07-29,WK 31,Kolathur,Zomato,Lunch,COCO,TN,384.0,231.0,19.22,585.0,0,2,39.48717948717949,192.0,100-200,30%-40%
Madno,2026-07-29,WK 31,Kondhwa,Swiggy,Dinner,FOFO,MH,190.0,100.0,0.0,280.0,0,1,35.714285714285715,190.0,100-200,30%-40%
Madno,2026-07-29,WK 31,Kondhwa,Swiggy,Snacks,FOFO,MH,240.0,0.0,0.0,230.0,0,1,0.0,240.0,200-300,0%
Madno,2026-07-29,WK 31,Kondhwa,Zomato,Dinner,FOFO,MH,561.0,75.0,28.060000000000002,616.0,0,2,12.175324675324676,280.5,200-300,10%-20%
Madno,2026-07-29,WK 31,Kondhwa,Zomato,Snacks,FOFO,MH,811.0,40.0,40.56,811.0,0,2,4.932182490752158,405.5,400-500,1%-10%
Madno,2026-07-29,WK 31,Koramangala,Ownly,Snacks,COCO,KA,160.0,0.0,8.0,160.0,0,1,0.0,160.0,100-200,0%
Madno,2026-07-29,WK 31,Koramangala,Swiggy,Dinner,COCO,KA,269.0,212.0,0.0,481.0,0,1,44.07484407484408,269.0,200-300,40%-50%
Madno,2026-07-29,WK 31,Koramangala,Swiggy,Lunch,COCO,KA,192.0,59.0,0.0,251.0,0,1,23.50597609561753,192.0,100-200,20%-30%
Madno,2026-07-29,WK 31,Koramangala,Swiggy,Snacks,COCO,KA,169.0,92.0,0.0,251.0,0,1,36.65338645418327,169.0,100-200,30%-40%
Madno,2026-07-29,WK 31,Koramangala,Zomato,Breakfast,COCO,KA,210.5,190.5,10.54,381.0,0,1,50.0,210.5,200-300,40%-50%
Madno,2026-07-29,WK 31,Koramangala,Zomato,Dinner,COCO,KA,390.5,285.5,19.54,646.0,0,2,44.195046439628484,195.25,100-200,40%-50%
Madno,2026-07-29,WK 31,Koramangala,Zomato,Late Night,COCO,KA,515.5,285.5,25.799999999999997,761.0,0,3,37.51642575558476,171.83333333333334,100-200,30%-40%
Madno,2026-07-29,WK 31,Koramangala,Zomato,Snacks,COCO,KA,611.65,229.35,30.6,801.0,0,3,28.632958801498127,203.88333333333333,200-300,20%-30%
Madno,2026-07-29,WK 31,Koregaon Park - Pune,Swiggy,Dinner,COCO,MH,480.0,0.0,0.0,460.0,0,1,0.0,480.0,400-500,0%
Madno,2026-07-29,WK 31,Koregaon Park - Pune,Swiggy,Late Night,COCO,MH,407.0,64.0,0.0,451.0,0,1,14.19068736141907,407.0,400-500,10%-20%
Madno,2026-07-29,WK 31,Koregaon Park - Pune,Zomato,Dinner,COCO,MH,240.0,0.0,12.0,230.0,0,1,0.0,240.0,200-300,0%
Madno,2026-07-29,WK 31,Kothanur,Swiggy,Dinner,FOFO,KA,139.0,51.0,0.0,190.0,0,1,26.842105263157894,139.0,100-200,20%-30%
Madno,2026-07-29,WK 31,Kothanur,Swiggy,Late Night,FOFO,KA,240.0,0.0,0.0,230.0,0,1,0.0,240.0,200-300,0%
Madno,2026-07-29,WK 31,Lokhandwala,Swiggy,Closing,COCO,MH,570.01,161.99,0.0,702.0,0,1,23.075498575498578,570.01,500-600,20%-30%
Madno,2026-07-29,WK 31,Lokhandwala,Swiggy,Dinner,COCO,MH,934.0,247.0,0.0,1131.0,0,3,21.839080459770116,311.3333333333333,300-400,20%-30%
Madno,2026-07-29,WK 31,Lokhandwala,Swiggy,Snacks,COCO,MH,592.8,321.2,0.0,874.0,0,2,36.75057208237986,296.4,200-300,30%-40%
Madno,2026-07-29,WK 31,Lokhandwala,Zomato,Dinner,COCO,MH,749.95,442.05,37.519999999999996,1142.0,0,3,38.70840630472855,249.98333333333335,200-300,30%-40%
Madno,2026-07-29,WK 31,Madno - Akshay Nagar,In Store,Dinner,FOFO,KA,931.0,0.0,46.58,931.0,0,5,0.0,186.2,100-200,0%
Madno,2026-07-29,WK 31,Madno - Akshay Nagar,In Store,Late Night,FOFO,KA,0.0,22834.35,0.0,22834.35,0,3,100.0,0.0,,90%-100%
Madno,2026-07-29,WK 31,Madno - Akshay Nagar,In Store,Snacks,FOFO,KA,178.0,0.0,8.9,178.0,0,1,0.0,178.0,100-200,0%
Madno,2026-07-29,WK 31,Madno - Akshay Nagar,Swiggy,Dinner,FOFO,KA,291.0,305.0,0.0,586.0,0,2,52.04778156996587,145.5,100-200,50%-60%
Madno,2026-07-29,WK 31,Madno - Akshay Nagar,Swiggy,Late Night,FOFO,KA,568.0,312.0,0.0,850.0,0,3,36.705882352941174,189.33333333333334,100-200,30%-40%
Madno,2026-07-29,WK 31,Madno - Akshay Nagar,Swiggy,Lunch,FOFO,KA,96.0,104.0,0.0,190.0,0,1,54.736842105263165,96.0,0-100,50%-60%
Madno,2026-07-29,WK 31,Madno - Akshay Nagar,Swiggy,Snacks,FOFO,KA,1523.0,831.0,0.0,2244.0,0,5,37.032085561497325,304.6,300-400,30%-40%
Madno,2026-07-29,WK 31,Madno - Akshay Nagar,Zomato,Closing,FOFO,KA,360.0,270.0,18.0,610.0,0,1,44.26229508196721,360.0,300-400,40%-50%
Madno,2026-07-29,WK 31,Madno - Akshay Nagar,Zomato,Dinner,FOFO,KA,746.0,405.0,37.3,1111.0,0,3,36.45364536453645,248.66666666666666,200-300,30%-40%
Madno,2026-07-29,WK 31,Madno - Akshay Nagar,Zomato,Lunch,FOFO,KA,251.0,180.0,12.56,411.0,0,1,43.79562043795621,251.0,200-300,40%-50%
Madno,2026-07-29,WK 31,Madno - Akshay Nagar,Zomato,Snacks,FOFO,KA,185.2,43.8,9.26,219.0,0,1,20.0,185.2,100-200,10%-20%
Madno,2026-07-29,WK 31,Madno - Basaveshwaranagar,In Store,Snacks,FOFO,KA,49.0,0.0,2.46,49.0,0,1,0.0,49.0,0-100,0%
Madno,2026-07-29,WK 31,Madno - Basaveshwaranagar,Swiggy,Dinner,FOFO,KA,1096.0,224.0,0.0,1280.0,0,2,17.5,548.0,500-600,10%-20%
Madno,2026-07-29,WK 31,Madno - Basaveshwaranagar,Swiggy,Lunch,FOFO,KA,499.0,162.0,0.0,641.0,0,3,25.273010920436818,166.33333333333334,100-200,20%-30%
Madno,2026-07-29,WK 31,Madno - Basaveshwaranagar,Swiggy,Snacks,FOFO,KA,193.0,67.0,0.0,260.0,0,1,25.769230769230766,193.0,100-200,20%-30%
Madno,2026-07-29,WK 31,Madno - Basaveshwaranagar,Zomato,Dinner,FOFO,KA,640.0,410.0,32.02,1010.0,0,2,40.5940594059406,320.0,300-400,40%-50%
Madno,2026-07-29,WK 31,Madno - Basaveshwaranagar,Zomato,Lunch,FOFO,KA,456.0,235.0,22.82,661.0,0,2,35.55219364599092,228.0,200-300,30%-40%
Madno,2026-07-29,WK 31,Madno - Basaveshwaranagar,Zomato,Snacks,FOFO,KA,160.0,150.0,8.0,300.0,0,1,50.0,160.0,100-200,40%-50%
Madno,2026-07-29,WK 31,Madno - Eluru,In Store,Dinner,FOFO,AP & TL,2188.0,0.0,109.44,2188.0,0,6,0.0,364.6666666666667,300-400,0%
Madno,2026-07-29,WK 31,Madno - Eluru,In Store,Lunch,FOFO,AP & TL,675.0,0.0,33.76,675.0,0,3,0.0,225.0,200-300,0%
Madno,2026-07-29,WK 31,Madno - Eluru,In Store,Snacks,FOFO,AP & TL,864.0,0.0,43.22,864.0,0,3,0.0,288.0,200-300,0%
Madno,2026-07-29,WK 31,Madno - Eluru,Swiggy,Dinner,FOFO,AP & TL,1015.0,120.0,0.0,1095.0,0,3,10.95890410958904,338.3333333333333,300-400,10%-20%
Madno,2026-07-29,WK 31,Madno - Eluru,Zomato,Dinner,FOFO,AP & TL,1614.0,335.0,80.74,1869.0,0,8,17.92402354200107,201.75,200-300,10%-20%
Madno,2026-07-29,WK 31,Madno - Eluru,Zomato,Lunch,FOFO,AP & TL,471.0,100.0,23.560000000000002,551.0,0,2,18.148820326678766,235.5,200-300,10%-20%
Madno,2026-07-29,WK 31,Madno - Gandipet,In Store,Dinner,FOFO,AP & TL,247.0,0.0,12.36,247.0,0,2,0.0,123.5,100-200,0%
Madno,2026-07-29,WK 31,Madno - Gandipet,In Store,Late Night,FOFO,AP & TL,49.0,0.0,2.46,49.0,0,1,0.0,49.0,0-100,0%
Madno,2026-07-29,WK 31,Madno - Gandipet,In Store,Lunch,FOFO,AP & TL,89.0,0.0,4.46,89.0,0,1,0.0,89.0,0-100,0%
Madno,2026-07-29,WK 31,Madno - Gandipet,In Store,Snacks,FOFO,AP & TL,227.0,0.0,11.36,227.0,0,2,0.0,113.5,100-200,0%
Madno,2026-07-29,WK 31,Madno - Gandipet,Swiggy,Closing,FOFO,AP & TL,601.0,0.0,0.0,571.0,0,1,0.0,601.0,600-900,0%
Madno,2026-07-29,WK 31,Madno - Gandipet,Swiggy,Dinner,FOFO,AP & TL,238.0,163.0,0.0,381.0,0,1,42.78215223097113,238.0,200-300,40%-50%
Madno,2026-07-29,WK 31,Madno - Gandipet,Swiggy,Snacks,FOFO,AP & TL,119.0,81.0,0.0,190.0,0,1,42.63157894736842,119.0,100-200,40%-50%
Madno,2026-07-29,WK 31,Madno - Gandipet,Zomato,Dinner,FOFO,AP & TL,474.0,76.0,23.7,530.0,0,2,14.339622641509434,237.0,200-300,10%-20%
Madno,2026-07-29,WK 31,Madno - Gandipet,Zomato,Late Night,FOFO,AP & TL,180.0,80.0,9.0,250.0,0,1,32.0,180.0,100-200,30%-40%
Madno,2026-07-29,WK 31,Madno - Hadapsar,Swiggy,Snacks,FOFO,MH,109.0,81.0,0.0,190.0,0,1,42.63157894736842,109.0,100-200,40%-50%
Madno,2026-07-29,WK 31,Madno - Hinjewadi,Zomato,Dinner,FOFO,MH,418.0,125.0,20.9,513.0,0,1,24.366471734892787,418.0,400-500,20%-30%
Madno,2026-07-29,WK 31,Madno - Shivamogga,In Store,Dinner,FOFO,KA,5797.51,0.0,289.96,5797.51,0,19,0.0,305.1321052631579,300-400,0%
Madno,2026-07-29,WK 31,Madno - Shivamogga,In Store,Snacks,FOFO,KA,2088.69,0.0,104.48,2088.69,0,10,0.0,208.869,200-300,0%
Madno,2026-07-29,WK 31,Madno - Shivamogga,Swiggy,Dinner,FOFO,KA,650.0,0.0,0.0,630.0,0,2,0.0,325.0,300-400,0%
Madno,2026-07-29,WK 31,Madno - Shivamogga,Swiggy,Lunch,FOFO,KA,455.0,0.0,0.0,435.0,0,2,0.0,227.5,200-300,0%
Madno,2026-07-29,WK 31,Madno - Shivamogga,Swiggy,Snacks,FOFO,KA,330.0,0.0,0.0,320.0,0,1,0.0,330.0,300-400,0%
Madno,2026-07-29,WK 31,Madno - Shivamogga,Zomato,Dinner,FOFO,KA,2413.0,0.0,120.67999999999999,2333.0,0,6,0.0,402.1666666666667,400-500,0%
Madno,2026-07-29,WK 31,Madno - Shivamogga,Zomato,Lunch,FOFO,KA,1602.0,0.0,80.12,1542.0,0,4,0.0,400.5,400-500,0%
Madno,2026-07-29,WK 31,Madno - Shivamogga,Zomato,Snacks,FOFO,KA,801.0,0.0,40.06,771.0,0,2,0.0,400.5,400-500,0%
Madno,2026-07-29,WK 31,Madno - Thane,Swiggy,Dinner,FOFO,MH,350.0,0.0,0.0,340.0,0,1,0.0,350.0,300-400,0%
Madno,2026-07-29,WK 31,Madno - Thane,Zomato,Dinner,FOFO,MH,140.0,100.0,7.0,230.0,0,1,43.47826086956522,140.0,100-200,40%-50%
Madno,2026-07-29,WK 31,Malad - CF - CK,Swiggy,Dinner,COCO,MH,451.0,100.0,0.0,531.0,0,1,18.832391713747647,451.0,400-500,10%-20%
Madno,2026-07-29,WK 31,Malad - CF - CK,Swiggy,Late Night,COCO,MH,208.0,174.0,0.0,362.0,0,1,48.06629834254144,208.0,200-300,40%-50%
Madno,2026-07-29,WK 31,Malad - CF - CK,Swiggy,Snacks,COCO,MH,184.8,55.2,0.0,230.0,0,1,24.000000000000004,184.8,100-200,20%-30%
Madno,2026-07-29,WK 31,Malad - CF - CK,Zomato,Dinner,COCO,MH,194.0,46.0,9.7,230.0,0,1,20.0,194.0,100-200,10%-20%
Madno,2026-07-29,WK 31,Malad - CF - CK,Zomato,Lunch,COCO,MH,197.0,135.0,9.86,312.0,0,1,43.269230769230774,197.0,100-200,40%-50%
Madno,2026-07-29,WK 31,Malad - CF - CK,Zomato,Snacks,COCO,MH,210.0,50.0,10.5,250.0,0,1,20.0,210.0,200-300,10%-20%
Madno,2026-07-29,WK 31,Malleswaram,Swiggy,Dinner,FOFO,KA,135.0,101.0,0.0,236.0,0,1,42.79661016949153,135.0,100-200,40%-50%
Madno,2026-07-29,WK 31,Malleswaram,Swiggy,Lunch,FOFO,KA,540.0,120.0,0.0,640.0,0,1,18.75,540.0,500-600,10%-20%
Madno,2026-07-29,WK 31,Malleswaram,Swiggy,Snacks,FOFO,KA,351.0,181.0,0.0,532.0,0,2,34.02255639097744,175.5,100-200,30%-40%
Madno,2026-07-29,WK 31,Malleswaram,Zomato,Snacks,FOFO,KA,300.0,100.0,15.0,380.0,0,1,26.31578947368421,300.0,200-300,20%-30%
Madno,2026-07-29,WK 31,Manipal,Swiggy,Dinner,COCO,KA,1231.0,828.0,0.0,1969.0,0,6,42.0518029456577,205.16666666666666,200-300,40%-50%
Madno,2026-07-29,WK 31,Manipal,Swiggy,Lunch,COCO,KA,124.0,92.0,0.0,206.0,0,1,44.66019417475729,124.0,100-200,40%-50%
Madno,2026-07-29,WK 31,Manipal,Swiggy,Snacks,COCO,KA,476.0,346.0,0.0,782.0,0,3,44.24552429667519,158.66666666666666,100-200,40%-50%
Madno,2026-07-29,WK 31,Manipal,Zomato,Dinner,COCO,KA,1470.5,1192.5,73.56,2553.0,0,5,46.709753231492364,294.1,200-300,40%-50%
Madno,2026-07-29,WK 31,Manipal,Zomato,Snacks,COCO,KA,375.93,199.07,18.799999999999997,555.0,0,2,35.868468468468464,187.965,100-200,30%-40%
Madno,2026-07-29,WK 31,Manpada - CF CK,Swiggy,Dinner,COCO,MH,432.0,300.0,0.0,702.0,0,1,42.73504273504273,432.0,400-500,40%-50%
Madno,2026-07-29,WK 31,Manpada - CF CK,Zomato,Closing,COCO,MH,240.0,0.0,12.0,230.0,0,1,0.0,240.0,200-300,0%
Madno,2026-07-29,WK 31,Manpada - CF CK,Zomato,Lunch,COCO,MH,228.25,132.75,11.42,341.0,0,1,38.929618768328446,228.25,200-300,30%-40%
Madno,2026-07-29,WK 31,Marol - CF CK,Swiggy,Dinner,COCO,MH,340.0,155.0,0.0,475.0,0,2,32.631578947368425,170.0,100-200,30%-40%
Madno,2026-07-29,WK 31,Mira Road,Swiggy,Dinner,COCO,MH,1621.21,679.45,0.0,2210.66,0,5,30.735165063827097,324.242,300-400,30%-40%
Madno,2026-07-29,WK 31,Mira Road,Zomato,Dinner,COCO,MH,109.0,121.0,5.46,220.0,0,1,55.00000000000001,109.0,100-200,50%-60%
Madno,2026-07-29,WK 31,Mira Road,Zomato,Late Night,COCO,MH,123.25,37.75,6.16,151.0,0,1,25.0,123.25,100-200,20%-30%
Madno,2026-07-29,WK 31,Mira Road,Zomato,Lunch,COCO,MH,120.0,110.0,6.0,220.0,0,1,50.0,120.0,100-200,40%-50%
Madno,2026-07-29,WK 31,Miraya Rose,Ownly,Dinner,COCO,KA,245.5,0.0,12.28,245.5,0,1,0.0,245.5,200-300,0%
Madno,2026-07-29,WK 31,Miraya Rose,Ownly,Lunch,COCO,KA,174.0,0.0,8.7,174.0,0,1,0.0,174.0,100-200,0%
Madno,2026-07-29,WK 31,Miraya Rose,Ownly,Snacks,COCO,KA,160.0,0.0,8.0,160.0,0,1,0.0,160.0,100-200,0%
Madno,2026-07-29,WK 31,Miraya Rose,Swiggy,Dinner,COCO,KA,260.0,0.0,0.0,250.0,0,1,0.0,260.0,200-300,0%
Madno,2026-07-29,WK 31,Miraya Rose,Swiggy,Late Night,COCO,KA,139.0,91.0,0.0,230.0,0,1,39.565217391304344,139.0,100-200,30%-40%
Madno,2026-07-29,WK 31,Miraya Rose,Swiggy,Snacks,COCO,KA,196.0,64.0,0.0,250.0,0,1,25.6,196.0,100-200,20%-30%
Madno,2026-07-29,WK 31,Miraya Rose,Zomato,Dinner,COCO,KA,240.0,0.0,12.0,230.0,0,1,0.0,240.0,200-300,0%
Madno,2026-07-29,WK 31,Miraya Rose,Zomato,Snacks,COCO,KA,149.39,11.61,7.48,151.0,0,1,7.688741721854305,149.39,100-200,1%-10%
Madno,2026-07-29,WK 31,Mogappair,Swiggy,Dinner,COCO,TN,1192.54,371.46000000000004,0.0,1494.0,0,3,24.863453815261046,397.5133333333333,300-400,20%-30%
Madno,2026-07-29,WK 31,Mogappair,Swiggy,Snacks,COCO,TN,228.0,183.0,0.0,401.0,0,2,45.6359102244389,114.0,100-200,40%-50%
Madno,2026-07-29,WK 31,Mogappair,Zomato,Dinner,COCO,TN,230.0,40.0,11.5,260.0,0,1,15.384615384615385,230.0,200-300,10%-20%
Madno,2026-07-29,WK 31,Mogappair,Zomato,Snacks,COCO,TN,320.0,180.0,16.0,480.0,0,1,37.5,320.0,300-400,30%-40%
Madno,2026-07-29,WK 31,Mudichur,Swiggy,Dinner,COCO,TN,320.0,0.0,0.0,310.0,0,1,0.0,320.0,300-400,0%
Madno,2026-07-29,WK 31,Mudichur,Zomato,Lunch,COCO,TN,420.5,390.5,21.04,781.0,0,2,50.0,210.25,200-300,40%-50%
Madno,2026-07-29,WK 31,Mudichur,Zomato,Snacks,COCO,TN,736.0,666.0,36.82,1332.0,0,1,50.0,736.0,600-900,40%-50%
Madno,2026-07-29,WK 31,Mulund,Swiggy,Late Night,COCO,MH,372.0,128.0,0.0,480.0,0,2,26.666666666666668,186.0,100-200,20%-30%
Madno,2026-07-29,WK 31,Mulund,Swiggy,Lunch,COCO,MH,124.0,92.0,0.0,206.0,0,1,44.66019417475729,124.0,100-200,40%-50%
Madno,2026-07-29,WK 31,Mulund,Swiggy,Snacks,COCO,MH,681.02,119.98,0.0,771.0,0,1,15.561608300907912,681.02,600-900,10%-20%
Madno,2026-07-29,WK 31,Mulund,Zomato,Dinner,COCO,MH,326.0,225.0,16.3,531.0,0,1,42.3728813559322,326.0,300-400,40%-50%
Madno,2026-07-29,WK 31,Mulund,Zomato,Late Night,COCO,MH,175.0,40.0,8.76,205.0,0,1,19.51219512195122,175.0,100-200,10%-20%
Madno,2026-07-29,WK 31,Mulund,Zomato,Lunch,COCO,MH,175.0,135.0,8.76,300.0,0,1,45.0,175.0,100-200,40%-50%
Madno,2026-07-29,WK 31,Nagavara,Ownly,Dinner,COCO,KA,132.0,0.0,6.6,132.0,0,1,0.0,132.0,100-200,0%
Madno,2026-07-29,WK 31,Nagavara,Ownly,Late Night,COCO,KA,174.0,0.0,8.7,174.0,0,1,0.0,174.0,100-200,0%
Madno,2026-07-29,WK 31,Nagavara,Swiggy,Dinner,COCO,KA,516.01,415.99,0.0,892.0,0,2,46.63565022421525,258.005,200-300,40%-50%
Madno,2026-07-29,WK 31,Nagavara,Zomato,Dinner,COCO,KA,1341.82,1124.18,67.14,2356.0,0,6,47.71561969439729,223.63666666666666,200-300,40%-50%
Madno,2026-07-29,WK 31,Nagavara,Zomato,Lunch,COCO,KA,345.0,215.0,17.259999999999998,540.0,0,2,39.81481481481482,172.5,100-200,30%-40%
Madno,2026-07-29,WK 31,Nalanchira,Zomato,Dinner,FOFO,Kerela,430.0,0.0,12.0,410.0,0,2,0.0,215.0,200-300,0%
Madno,2026-07-29,WK 31,Nalanchira,Zomato,Lunch,FOFO,Kerela,215.0,0.0,10.76,205.0,0,1,0.0,215.0,200-300,0%
Madno,2026-07-29,WK 31,Nanganallur CK,Swiggy,Lunch,COCO,TN,200.0,60.0,0.0,250.0,0,1,24.0,200.0,100-200,20%-30%
Madno,2026-07-29,WK 31,Nanganallur CK,Swiggy,Snacks,COCO,TN,201.0,60.0,0.0,251.0,0,1,23.904382470119522,201.0,200-300,20%-30%
Madno,2026-07-29,WK 31,Nanganallur CK,Zomato,Dinner,COCO,TN,180.5,160.5,9.04,321.0,0,1,50.0,180.5,100-200,40%-50%
Madno,2026-07-29,WK 31,Nanganallur CK,Zomato,Lunch,COCO,TN,885.0,702.0,44.239999999999995,1517.0,0,2,46.27554383651945,442.5,400-500,40%-50%
Madno,2026-07-29,WK 31,Nungambakkam - CK,Swiggy,Dinner,COCO,TN,230.0,60.0,0.0,280.0,0,1,21.428571428571427,230.0,200-300,20%-30%
Madno,2026-07-29,WK 31,Nungambakkam - CK,Swiggy,Late Night,COCO,TN,365.0,271.65999999999997,0.0,616.66,0,3,44.05344922647812,121.66666666666667,100-200,40%-50%
Madno,2026-07-29,WK 31,Nungambakkam - CK,Swiggy,Snacks,COCO,TN,266.0,64.0,0.0,320.0,0,1,20.0,266.0,200-300,10%-20%
Madno,2026-07-29,WK 31,Nungambakkam - CK,Zomato,Dinner,COCO,TN,288.0,153.0,14.4,421.0,0,1,36.342042755344416,288.0,200-300,30%-40%
Madno,2026-07-29,WK 31,Nungambakkam - CK,Zomato,Snacks,COCO,TN,1026.0,496.0,51.32,1432.0,0,3,34.63687150837989,342.0,300-400,30%-40%
Madno,2026-07-29,WK 31,OMR,Swiggy,Dinner,COCO,TN,838.0,376.0,0.0,1154.0,0,4,32.582322357019066,209.5,200-300,30%-40%
Madno,2026-07-29,WK 31,OMR,Swiggy,Lunch,COCO,TN,89.0,92.0,0.0,171.0,0,1,53.80116959064327,89.0,0-100,50%-60%
Madno,2026-07-29,WK 31,OMR,Swiggy,Snacks,COCO,TN,1660.01,310.99,0.0,1901.0,0,3,16.35928458705944,553.3366666666667,500-600,10%-20%
Madno,2026-07-29,WK 31,OMR,Zomato,Dinner,COCO,TN,652.71,188.29,32.66,801.0,0,3,23.506866416978774,217.57000000000002,200-300,20%-30%
Madno,2026-07-29,WK 31,OMR,Zomato,Lunch,COCO,TN,240.0,0.0,12.0,230.0,0,1,0.0,240.0,200-300,0%
Madno,2026-07-29,WK 31,PALAM VIHAR,Swiggy,Dinner,FOFO,ROI,550.01,339.99,0.0,850.0,0,3,39.998823529411766,183.33666666666667,100-200,30%-40%
Madno,2026-07-29,WK 31,Pallikaranai,Swiggy,Dinner,COCO,TN,688.01,347.32,0.0,995.3299999999999,0,3,34.894959460681385,229.33666666666667,200-300,30%-40%
Madno,2026-07-29,WK 31,Pallikaranai,Swiggy,Lunch,COCO,TN,79.0,92.0,0.0,171.0,0,1,53.80116959064327,79.0,0-100,50%-60%
Madno,2026-07-29,WK 31,Pallikaranai,Swiggy,Snacks,COCO,TN,149.0,91.0,0.0,230.0,0,1,39.565217391304344,149.0,100-200,30%-40%
Madno,2026-07-29,WK 31,Pallikaranai,Zomato,Dinner,COCO,TN,445.5,165.5,22.28,581.0,0,2,28.485370051635112,222.75,200-300,20%-30%
Madno,2026-07-29,WK 31,Pallikaranai,Zomato,Late Night,COCO,TN,341.5,260.5,17.1,572.0,0,2,45.54195804195804,170.75,100-200,40%-50%
Madno,2026-07-29,WK 31,Pallikaranai,Zomato,Snacks,COCO,TN,262.0,180.0,13.1,422.0,0,1,42.65402843601896,262.0,200-300,40%-50%
Madno,2026-07-29,WK 31,Perambur - CK,Swiggy,Dinner,COCO,TN,420.0,60.0,0.0,460.0,0,1,13.043478260869565,420.0,400-500,10%-20%
Madno,2026-07-29,WK 31,Perambur - CK,Swiggy,Late Night,COCO,TN,477.0,284.0,0.0,731.0,0,1,38.850889192886456,477.0,400-500,30%-40%
Madno,2026-07-29,WK 31,Perambur - CK,Swiggy,Snacks,COCO,TN,501.0,219.0,0.0,690.0,0,2,31.73913043478261,250.5,200-300,30%-40%
Madno,2026-07-29,WK 31,Perambur - CK,Zomato,Dinner,COCO,TN,190.0,135.0,9.5,315.0,0,1,42.857142857142854,190.0,100-200,40%-50%
Madno,2026-07-29,WK 31,Pimpri Chinchwad,Swiggy,Dinner,FOFO,MH,460.0,0.0,0.0,440.0,0,1,0.0,460.0,400-500,0%
Madno,2026-07-29,WK 31,Pimpri Chinchwad,Swiggy,Snacks,FOFO,MH,149.0,81.0,0.0,230.0,0,1,35.21739130434783,149.0,100-200,30%-40%
Madno,2026-07-29,WK 31,Pimpri Chinchwad,Zomato,Dinner,FOFO,MH,171.0,69.0,8.56,230.0,0,1,30.0,171.0,100-200,20%-30%
Madno,2026-07-29,WK 31,Poonamalle,Zomato,Dinner,FOFO,TN,611.0,130.0,30.56,711.0,0,3,18.28410689170183,203.66666666666666,200-300,10%-20%
Madno,2026-07-29,WK 31,Powai- CF - CK,Zomato,Dinner,COCO,MH,241.0,0.0,12.06,231.0,0,1,0.0,241.0,200-300,0%
Madno,2026-07-29,WK 31,Prabhadevi,Swiggy,Dinner,COCO,MH,306.0,0.0,0.0,296.0,0,1,0.0,306.0,300-400,0%
Madno,2026-07-29,WK 31,Prabhadevi,Swiggy,Late Night,COCO,MH,238.0,91.0,0.0,319.0,0,1,28.526645768025077,238.0,200-300,20%-30%
Madno,2026-07-29,WK 31,Prabhadevi,Zomato,Dinner,COCO,MH,572.25,233.75,28.64,776.0,0,2,30.12242268041237,286.125,200-300,30%-40%
Madno,2026-07-29,WK 31,Prabhadevi,Zomato,Snacks,COCO,MH,326.75,226.25,16.34,523.0,0,2,43.26003824091778,163.375,100-200,40%-50%
Madno,2026-07-29,WK 31,Race Course Road,Swiggy,Dinner,COCO,TN,1299.0,194.0,0.0,1433.0,0,2,13.538032100488486,649.5,600-900,10%-20%
Madno,2026-07-29,WK 31,Race Course Road,Swiggy,Late Night,COCO,TN,1037.01,683.99,0.0,1651.0,0,4,41.42883101150818,259.2525,200-300,40%-50%
Madno,2026-07-29,WK 31,Race Course Road,Swiggy,Lunch,COCO,TN,400.01,59.99,0.0,440.0,0,1,13.63409090909091,400.01,400-500,10%-20%
Madno,2026-07-29,WK 31,Race Course Road,Swiggy,Snacks,COCO,TN,847.0,164.0,0.0,971.0,0,3,16.889804325437694,282.3333333333333,200-300,10%-20%
Madno,2026-07-29,WK 31,Race Course Road,Zomato,Dinner,COCO,TN,618.95,207.05,30.94,796.0,0,3,26.01130653266332,206.3166666666667,200-300,20%-30%
Madno,2026-07-29,WK 31,Race Course Road,Zomato,Late Night,COCO,TN,943.0,541.0,47.16,1424.0,0,3,37.991573033707866,314.3333333333333,300-400,30%-40%
Madno,2026-07-29,WK 31,Race Course Road,Zomato,Lunch,COCO,TN,149.0,80.0,7.46,219.0,0,1,36.5296803652968,149.0,100-200,30%-40%
Madno,2026-07-29,WK 31,Race Course Road,Zomato,Snacks,COCO,TN,596.5,310.5,29.84,867.0,0,1,35.813148788927336,596.5,500-600,30%-40%
Madno,2026-07-29,WK 31,Raipur-1,Swiggy,Dinner,FOFO,ROI,290.0,0.0,0.0,280.0,0,1,0.0,290.0,200-300,0%
Madno,2026-07-29,WK 31,Raipur-1,Swiggy,Late Night,FOFO,ROI,220.0,100.0,0.0,310.0,0,1,32.25806451612903,220.0,200-300,30%-40%
Madno,2026-07-29,WK 31,Raipur-1,Zomato,Dinner,FOFO,ROI,480.0,0.0,24.0,460.0,0,1,0.0,480.0,400-500,0%
Madno,2026-07-29,WK 31,Raipur-1,Zomato,Late Night,FOFO,ROI,180.0,60.0,9.0,230.0,0,1,26.08695652173913,180.0,100-200,20%-30%
Madno,2026-07-29,WK 31,Raipur-1,Zomato,Snacks,FOFO,ROI,311.0,0.0,15.56,301.0,0,1,0.0,311.0,300-400,0%
Madno,2026-07-29,WK 31,Raipur-2,Swiggy,Dinner,FOFO,ROI,310.0,0.0,0.0,300.0,0,1,0.0,310.0,300-400,0%
Madno,2026-07-29,WK 31,Raipur-2,Zomato,Dinner,FOFO,ROI,1175.85,45.15,58.8,1181.0,0,1,3.82303132938188,1175.85,>900,1%-10%
Madno,2026-07-29,WK 31,Raipur-2,Zomato,Lunch,FOFO,ROI,172.35,28.65,8.62,191.0,0,1,15.0,172.35,100-200,10%-20%
Madno,2026-07-29,WK 31,Ranchi,Swiggy,Dinner,FOFO,ROI,462.0,100.0,0.0,542.0,0,1,18.45018450184502,462.0,400-500,10%-20%
Madno,2026-07-29,WK 31,Ravipuram,Swiggy,Breakfast,COCO,Kerela,89.0,92.0,0.0,171.0,0,1,53.80116959064327,89.0,0-100,50%-60%
Madno,2026-07-29,WK 31,Ravipuram,Swiggy,Dinner,COCO,Kerela,246.0,64.0,0.0,300.0,0,1,21.333333333333336,246.0,200-300,20%-30%
Madno,2026-07-29,WK 31,Ravipuram,Swiggy,Lunch,COCO,Kerela,940.0,228.0,0.0,1088.0,0,1,20.955882352941178,940.0,>900,20%-30%
Madno,2026-07-29,WK 31,Ravipuram,Swiggy,Snacks,COCO,Kerela,462.0,128.0,0.0,570.0,0,2,22.45614035087719,231.0,200-300,20%-30%
Madno,2026-07-29,WK 31,Ravipuram,Zomato,Dinner,COCO,Kerela,384.5,334.5,19.240000000000002,699.0,0,2,47.85407725321888,192.25,100-200,40%-50%
Madno,2026-07-29,WK 31,SEAWOOD,Swiggy,Dinner,COCO,MH,854.8,375.2,0.0,1190.0,0,2,31.529411764705884,427.4,400-500,30%-40%
Madno,2026-07-29,WK 31,SEAWOOD,Swiggy,Late Night,COCO,MH,120.01,145.69,0.0,245.7,0,1,59.295889295889296,120.01,100-200,50%-60%
Madno,2026-07-29,WK 31,SEAWOOD,Zomato,Dinner,COCO,MH,150.0,140.0,7.5,280.0,0,1,50.0,150.0,100-200,40%-50%
Madno,2026-07-29,WK 31,SEAWOOD,Zomato,Late Night,COCO,MH,355.34,59.66,17.76,405.0,0,1,14.730864197530863,355.34,300-400,10%-20%
Madno,2026-07-29,WK 31,Sambalpur,Zomato,Dinner,FOFO,ROI,250.0,80.0,12.5,320.0,0,1,25.0,250.0,200-300,20%-30%
Madno,2026-07-29,WK 31,Sambalpur,Zomato,Lunch,FOFO,ROI,301.0,50.0,15.04,331.0,0,1,15.105740181268882,301.0,300-400,10%-20%
Madno,2026-07-29,WK 31,Sarjapur Road,Swiggy,Dinner,COCO,KA,268.0,183.0,0.0,431.0,0,1,42.459396751740144,268.0,200-300,40%-50%
Madno,2026-07-29,WK 31,Sarjapur Road,Swiggy,Snacks,COCO,KA,119.0,81.0,0.0,190.0,0,1,42.63157894736842,119.0,100-200,40%-50%
Madno,2026-07-29,WK 31,Sarjapur Road,Zomato,Dinner,COCO,KA,335.0,180.0,16.76,495.0,0,1,36.36363636363637,335.0,300-400,30%-40%
Madno,2026-07-29,WK 31,Sarjapur Road,Zomato,Late Night,COCO,KA,895.0,115.0,44.739999999999995,970.0,0,2,11.855670103092782,447.5,400-500,10%-20%
Madno,2026-07-29,WK 31,Sarjapur Road,Zomato,Lunch,COCO,KA,210.5,190.5,10.54,381.0,0,1,50.0,210.5,200-300,40%-50%
Madno,2026-07-29,WK 31,Sarjapur Road,Zomato,Snacks,COCO,KA,184.77,55.23,9.24,230.0,0,1,24.01304347826087,184.77,100-200,20%-30%
Madno,2026-07-29,WK 31,Sarjapura 3,Swiggy,Closing,FOFO,KA,195.0,85.0,0.0,280.0,0,1,30.357142857142854,195.0,100-200,30%-40%
Madno,2026-07-29,WK 31,Sarjapura 3,Swiggy,Dinner,FOFO,KA,184.8,55.2,0.0,230.0,0,1,24.000000000000004,184.8,100-200,20%-30%
Madno,2026-07-29,WK 31,Sarjapura 3,Swiggy,Late Night,FOFO,KA,825.01,119.99,0.0,915.0,0,2,13.113661202185792,412.505,400-500,10%-20%
Madno,2026-07-29,WK 31,Sarjapura 3,Swiggy,Lunch,FOFO,KA,707.61,116.38999999999999,0.0,794.0,0,2,14.658690176322416,353.805,300-400,10%-20%
Madno,2026-07-29,WK 31,Sarjapura 3,Zomato,Closing,FOFO,KA,701.0,150.0,35.06,811.0,0,2,18.495684340320594,350.5,300-400,10%-20%
Madno,2026-07-29,WK 31,Sarjapura 3,Zomato,Dinner,FOFO,KA,521.0,150.0,26.06,651.0,0,1,23.04147465437788,521.0,500-600,20%-30%
Madno,2026-07-29,WK 31,Sarjapura 3,Zomato,Snacks,FOFO,KA,201.0,0.0,10.06,191.0,0,1,0.0,201.0,200-300,0%
Madno,2026-07-29,WK 31,Selaiyur,Swiggy,Late Night,FOFO,TN,205.0,100.0,0.0,295.0,0,1,33.89830508474576,205.0,200-300,30%-40%
Madno,2026-07-29,WK 31,Sher- E-Punjab,Swiggy,Late Night,COCO,MH,176.0,64.0,0.0,230.0,0,1,27.82608695652174,176.0,100-200,20%-30%
Madno,2026-07-29,WK 31,Sher- E-Punjab,Swiggy,Snacks,COCO,MH,320.0,81.0,0.0,381.0,0,1,21.25984251968504,320.0,300-400,20%-30%
Madno,2026-07-29,WK 31,Silchar,Swiggy,Lunch,FOFO,ROI,109.0,91.0,0.0,190.0,0,1,47.89473684210526,109.0,100-200,40%-50%
Madno,2026-07-29,WK 31,Silchar,Swiggy,Snacks,FOFO,ROI,841.0,91.0,0.0,892.0,0,3,10.201793721973095,280.3333333333333,200-300,10%-20%
Madno,2026-07-29,WK 31,Silchar,Zomato,Dinner,FOFO,ROI,731.0,0.0,36.56,701.0,0,2,0.0,365.5,300-400,0%
Madno,2026-07-29,WK 31,Silchar,Zomato,Snacks,FOFO,ROI,824.0,0.0,41.24,784.0,0,1,0.0,824.0,600-900,0%
Madno,2026-07-29,WK 31,Sinhagad,Swiggy,Dinner,COCO,MH,415.02,319.98,0.0,705.0,0,1,45.387234042553196,415.02,400-500,40%-50%
Madno,2026-07-29,WK 31,Sinhagad,Swiggy,Snacks,COCO,MH,595.0,456.0,0.0,1001.0,0,2,45.55444555444556,297.5,200-300,40%-50%
Madno,2026-07-29,WK 31,Sinhagad,Zomato,Dinner,COCO,MH,700.5,610.5,35.08,1251.0,0,4,48.80095923261391,175.125,100-200,40%-50%
Madno,2026-07-29,WK 31,Sinhagad,Zomato,Late Night,COCO,MH,210.0,190.0,10.52,380.0,0,1,50.0,210.0,200-300,40%-50%
Madno,2026-07-29,WK 31,Sinhagad,Zomato,Lunch,COCO,MH,105.0,95.0,5.26,190.0,0,1,50.0,105.0,100-200,40%-50%
Madno,2026-07-29,WK 31,Sinhagad,Zomato,Snacks,COCO,MH,244.0,157.0,12.2,381.0,0,1,41.20734908136483,244.0,200-300,40%-50%
Madno,2026-07-29,WK 31,Tata Sherwood,Others,Dinner,COCO,KA,88.19,111.81,4.4,190.0,0,1,58.847368421052636,88.19,0-100,50%-60%
Madno,2026-07-29,WK 31,Tata Sherwood,Others,Snacks,COCO,KA,88.19,111.81,4.4,190.0,0,1,58.847368421052636,88.19,0-100,50%-60%
Madno,2026-07-29,WK 31,Tata Sherwood,Ownly,Dinner,COCO,KA,382.0,0.0,19.1,382.0,0,2,0.0,191.0,100-200,0%
Madno,2026-07-29,WK 31,Tata Sherwood,Swiggy,Dinner,COCO,KA,564.0,309.33000000000004,0.0,833.3299999999999,0,2,37.11974847899393,282.0,200-300,30%-40%
Madno,2026-07-29,WK 31,Tata Sherwood,Zomato,Dinner,COCO,KA,1444.26,1010.74,72.25999999999999,2335.0,0,5,43.286509635974305,288.852,200-300,40%-50%
Madno,2026-07-29,WK 31,Tata Sherwood,Zomato,Late Night,COCO,KA,290.2,275.8,14.54,536.0,0,2,51.45522388059701,145.1,100-200,50%-60%
Madno,2026-07-29,WK 31,Tata Sherwood,Zomato,Lunch,COCO,KA,439.25,62.75,21.98,482.0,0,1,13.018672199170126,439.25,400-500,10%-20%
Madno,2026-07-29,WK 31,Tata Sherwood,Zomato,Snacks,COCO,KA,300.0,180.0,15.0,460.0,0,1,39.130434782608695,300.0,200-300,30%-40%
Madno,2026-07-29,WK 31,Thakur Village,Swiggy,Dinner,COCO,MH,485.04999999999995,127.8,0.0,582.85,0,2,21.926739298275713,242.52499999999998,200-300,20%-30%
Madno,2026-07-29,WK 31,Thakur Village,Swiggy,Late Night,COCO,MH,238.0,173.0,0.0,391.0,0,1,44.24552429667519,238.0,200-300,40%-50%
Madno,2026-07-29,WK 31,Thakur Village,Zomato,Dinner,COCO,MH,575.5,315.5,28.78,851.0,0,3,37.07403055229142,191.83333333333334,100-200,30%-40%
Madno,2026-07-29,WK 31,Thakur Village,Zomato,Late Night,COCO,MH,105.0,95.0,5.26,190.0,0,1,50.0,105.0,100-200,40%-50%
Madno,2026-07-29,WK 31,Thakur Village,Zomato,Snacks,COCO,MH,231.0,180.0,11.56,401.0,0,1,44.88778054862843,231.0,200-300,40%-50%
Madno,2026-07-29,WK 31,Thiruvalla,Swiggy,Dinner,COCO,Kerela,220.0,40.0,0.0,250.0,0,1,16.0,220.0,200-300,10%-20%
Madno,2026-07-29,WK 31,Thiruvalla,Zomato,Breakfast,COCO,Kerela,260.0,0.0,13.0,250.0,0,1,0.0,260.0,200-300,0%
Madno,2026-07-29,WK 31,Thiruvalla,Zomato,Snacks,COCO,Kerela,109.0,121.0,5.46,220.0,0,1,55.00000000000001,109.0,100-200,50%-60%
Madno,2026-07-29,WK 31,Thiruvananthpuram,Swiggy,Dinner,FOFO,Kerela,1733.01,199.99,0.0,1863.0,0,4,10.734836285560924,433.2525,400-500,10%-20%
Madno,2026-07-29,WK 31,Thiruvananthpuram,Swiggy,Late Night,FOFO,Kerela,481.0,200.0,0.0,651.0,0,2,30.721966205837177,240.5,200-300,30%-40%
Madno,2026-07-29,WK 31,Thiruvananthpuram,Swiggy,Snacks,FOFO,Kerela,432.0,0.0,0.0,412.0,0,1,0.0,432.0,400-500,0%
Madno,2026-07-29,WK 31,Thiruvananthpuram,Zomato,Dinner,FOFO,Kerela,510.0,0.0,25.5,490.0,0,1,0.0,510.0,500-600,0%
Madno,2026-07-29,WK 31,Thiruvananthpuram,Zomato,Snacks,FOFO,Kerela,220.0,0.0,11.0,210.0,0,1,0.0,220.0,200-300,0%
Madno,2026-07-29,WK 31,Thoraipakkam,Swiggy,Dinner,COCO,TN,288.0,183.0,0.0,451.0,0,2,40.57649667405765,144.0,100-200,40%-50%
Madno,2026-07-29,WK 31,Thoraipakkam,Zomato,Late Night,COCO,TN,247.41,32.59,12.38,270.0,0,1,12.070370370370371,247.41,200-300,10%-20%
Madno,2026-07-29,WK 31,Thoraipakkam,Zomato,Lunch,COCO,TN,462.0,360.0,23.12,802.0,0,2,44.88778054862843,231.0,200-300,40%-50%
Madno,2026-07-29,WK 31,Urapakkam CK,Zomato,Late Night,COCO,TN,715.83,261.18,35.8,947.01,0,2,27.57943421927963,357.915,300-400,20%-30%
Madno,2026-07-29,WK 31,Urapakkam CK,Zomato,Snacks,COCO,TN,175.0,135.0,8.76,300.0,0,1,45.0,175.0,100-200,40%-50%
Madno,2026-07-29,WK 31,Vadapalani,Swiggy,Dinner,FOFO,TN,796.56,425.44,0.0,1172.0,0,3,36.30034129692833,265.52,200-300,30%-40%
Madno,2026-07-29,WK 31,Vadapalani,Swiggy,Snacks,FOFO,TN,179.2,65.8,0.0,235.0,0,1,27.999999999999996,179.2,100-200,20%-30%
Madno,2026-07-29,WK 31,Vadapalani,Zomato,Dinner,FOFO,TN,400.0,200.0,20.0,580.0,0,2,34.48275862068966,200.0,100-200,30%-40%
Madno,2026-07-29,WK 31,Valsarvakkam,Swiggy,Dinner,COCO,TN,639.0,251.0,0.0,860.0,0,3,29.186046511627907,213.0,200-300,20%-30%
Madno,2026-07-29,WK 31,Valsarvakkam,Swiggy,Late Night,COCO,TN,340.0,155.0,0.0,475.0,0,2,32.631578947368425,170.0,100-200,30%-40%
Madno,2026-07-29,WK 31,Valsarvakkam,Swiggy,Lunch,COCO,TN,159.0,100.0,0.0,249.0,0,1,40.16064257028113,159.0,100-200,40%-50%
Madno,2026-07-29,WK 31,Valsarvakkam,Zomato,Late Night,COCO,TN,630.0,590.0,31.52,1180.0,0,3,50.0,210.0,200-300,40%-50%
Madno,2026-07-29,WK 31,Valsarvakkam,Zomato,Snacks,COCO,TN,585.0,545.0,29.26,1090.0,0,1,50.0,585.0,500-600,40%-50%
Madno,2026-07-29,WK 31,Vashi,Swiggy,Dinner,FOFO,MH,533.0,118.0,0.0,651.0,0,1,18.125960061443934,533.0,500-600,10%-20%
Madno,2026-07-29,WK 31,Vashi,Swiggy,Snacks,FOFO,MH,229.0,0.0,0.0,219.0,0,1,0.0,229.0,200-300,0%
Madno,2026-07-29,WK 31,Velachery,Swiggy,Late Night,COCO,TN,260.0,63.33,0.0,303.33,0,1,20.878251409356146,260.0,200-300,20%-30%
Madno,2026-07-29,WK 31,Velachery,Zomato,Late Night,COCO,TN,712.66,195.0,35.64,857.66,0,2,22.736282442926104,356.33,300-400,20%-30%
Madno,2026-07-29,WK 31,Velachery,Zomato,Snacks,COCO,TN,638.3399999999999,465.51,31.92,1033.85,0,2,45.02684141800068,319.16999999999996,300-400,40%-50%
Madno,2026-07-29,WK 31,Vellore,Swiggy,Lunch,COCO,TN,774.02,232.83,0.0,956.85,0,1,24.33296754977269,774.02,600-900,20%-30%
Madno,2026-07-29,WK 31,Vijaywada,Swiggy,Dinner,FOFO,AP & TL,624.8,55.2,0.0,650.0,0,2,8.492307692307692,312.4,300-400,1%-10%
Madno,2026-07-29,WK 31,Vijaywada,Swiggy,Lunch,FOFO,AP & TL,177.0,64.0,0.0,231.0,0,1,27.705627705627705,177.0,100-200,20%-30%
Madno,2026-07-29,WK 31,Vijaywada,Swiggy,Snacks,FOFO,AP & TL,443.2,36.8,0.0,460.0,0,2,7.999999999999999,221.6,200-300,1%-10%
Madno,2026-07-29,WK 31,Vijaywada,Zomato,Lunch,FOFO,AP & TL,394.0,46.0,19.7,420.0,0,2,10.952380952380953,197.0,100-200,10%-20%
Madno,2026-07-29,WK 31,Virar,Swiggy,Dinner,COCO,MH,199.0,62.0,0.0,251.0,0,1,24.701195219123505,199.0,100-200,20%-30%
Madno,2026-07-29,WK 31,Virar,Zomato,Late Night,COCO,MH,315.5,285.5,15.8,571.0,0,1,50.0,315.5,300-400,40%-50%
Madno,2026-07-29,WK 31,Virar,Zomato,Snacks,COCO,MH,240.5,220.5,12.04,441.0,0,1,50.0,240.5,200-300,40%-50%
Madno,2026-07-29,WK 31,Wagholi - CF CK,Swiggy,Dinner,COCO,MH,104.0,96.0,0.0,190.0,0,1,50.526315789473685,104.0,100-200,50%-60%
Madno,2026-07-29,WK 31,Wagholi - CF CK,Zomato,Snacks,COCO,MH,325.0,225.0,16.26,530.0,0,1,42.45283018867924,325.0,300-400,40%-50%
Madno,2026-07-29,WK 31,Whitefield,Swiggy,Dinner,COCO,KA,465.01,99.99,0.0,545.0,0,1,18.346788990825686,465.01,400-500,10%-20%
Madno,2026-07-29,WK 31,Whitefield,Swiggy,Late Night,COCO,KA,885.8,342.2,0.0,1178.0,0,3,29.04923599320883,295.26666666666665,200-300,20%-30%
Madno,2026-07-29,WK 31,Whitefield,Zomato,Dinner,COCO,KA,1490.5,335.5,74.53999999999999,1746.0,0,3,19.215349369988548,496.8333333333333,400-500,10%-20%
Madno,2026-07-29,WK 31,Whitefield,Zomato,Snacks,COCO,KA,210.0,50.0,10.5,250.0,0,1,20.0,210.0,200-300,10%-20%
Madno,2026-07-29,WK 31,Yelahanka,Swiggy,Lunch,COCO,KA,552.0,273.0,0.0,795.0,0,1,34.33962264150943,552.0,500-600,30%-40%
Madno,2026-07-29,WK 31,Yelahanka,Swiggy,Snacks,COCO,KA,507.0,273.0,0.0,750.0,0,1,36.4,507.0,500-600,30%-40%
Madno,2026-07-29,WK 31,Yelahanka,Zomato,Dinner,COCO,KA,231.0,180.0,11.56,401.0,0,1,44.88778054862843,231.0,200-300,40%-50%
Madno,2026-07-29,WK 31,Zamin Pallavaram,Zomato,Late Night,COCO,TN,236.0,216.0,11.8,432.0,0,1,50.0,236.0,200-300,40%-50%
Madno,2026-07-29,WK 31,Zamin Pallavaram,Zomato,Snacks,COCO,TN,380.0,270.0,19.02,630.0,0,2,42.857142857142854,190.0,100-200,40%-50%
Madno,2026-07-30,WK 31,AECS Layout,Ownly,Dinner,COCO,KA,160.0,0.0,8.0,160.0,0,1,0.0,160.0,100-200,0%
Madno,2026-07-30,WK 31,AECS Layout,Ownly,Lunch,COCO,KA,160.0,0.0,8.0,160.0,0,1,0.0,160.0,100-200,0%
Madno,2026-07-30,WK 31,AECS Layout,Swiggy,Dinner,COCO,KA,1208.0,393.0,0.0,1531.0,0,3,25.66949706074461,402.6666666666667,400-500,20%-30%
Madno,2026-07-30,WK 31,AECS Layout,Swiggy,Late Night,COCO,KA,435.0,155.0,0.0,570.0,0,2,27.192982456140353,217.5,200-300,20%-30%
Madno,2026-07-30,WK 31,AECS Layout,Swiggy,Lunch,COCO,KA,258.0,200.0,0.0,438.0,0,1,45.662100456621005,258.0,200-300,40%-50%
Madno,2026-07-30,WK 31,AECS Layout,Swiggy,Snacks,COCO,KA,149.0,91.0,0.0,230.0,0,1,39.565217391304344,149.0,100-200,30%-40%
Madno,2026-07-30,WK 31,AECS Layout,Zomato,Dinner,COCO,KA,190.71,90.29,9.54,271.0,0,1,33.31734317343174,190.71,100-200,30%-40%
Madno,2026-07-30,WK 31,Alwarpet,Swiggy,Dinner,COCO,TN,399.0,151.0,0.0,530.0,0,2,28.49056603773585,199.5,100-200,20%-30%
Madno,2026-07-30,WK 31,Alwarpet,Swiggy,Lunch,COCO,TN,196.0,64.0,0.0,250.0,0,1,25.6,196.0,100-200,20%-30%
Madno,2026-07-30,WK 31,Alwarpet,Zomato,Dinner,COCO,TN,734.0,627.0,36.72,1311.0,0,2,47.82608695652174,367.0,300-400,40%-50%
Madno,2026-07-30,WK 31,Ananth Nagar,Swiggy,Dinner,COCO,KA,418.0,223.0,0.0,631.0,0,2,35.34072900158478,209.0,200-300,30%-40%
Madno,2026-07-30,WK 31,Ananth Nagar,Swiggy,Lunch,COCO,KA,230.0,60.0,0.0,280.0,0,1,21.428571428571427,230.0,200-300,20%-30%
Madno,2026-07-30,WK 31,Annanagar,Swiggy,Dinner,COCO,TN,79.0,92.0,0.0,171.0,0,1,53.80116959064327,79.0,0-100,50%-60%
Madno,2026-07-30,WK 31,Annanagar,Swiggy,Lunch,COCO,TN,701.01,119.99,0.0,791.0,0,1,15.169405815423515,701.01,600-900,10%-20%
Madno,2026-07-30,WK 31,Annanagar,Zomato,Dinner,COCO,TN,517.5,162.5,25.86,650.0,0,2,25.0,258.75,200-300,20%-30%
Madno,2026-07-30,WK 31,Annanagar,Zomato,Late Night,COCO,TN,180.5,160.5,9.04,321.0,0,1,50.0,180.5,100-200,40%-50%
Madno,2026-07-30,WK 31,Annanagar,Zomato,Lunch,COCO,TN,105.5,95.5,5.28,191.0,0,1,50.0,105.5,100-200,40%-50%
Madno,2026-07-30,WK 31,Aurangabad- 1,Swiggy,Dinner,FOFO,MH,280.0,50.0,0.0,320.0,0,1,15.625,280.0,200-300,10%-20%
Madno,2026-07-30,WK 31,Avadi,Swiggy,Breakfast,FOFO,TN,603.33,0.0,0.0,573.33,0,1,0.0,603.33,600-900,0%
Madno,2026-07-30,WK 31,BTM Layout,Ownly,Dinner,COCO,KA,160.0,0.0,8.0,160.0,0,1,0.0,160.0,100-200,0%
Madno,2026-07-30,WK 31,BTM Layout,Swiggy,Dinner,COCO,KA,176.0,64.0,0.0,230.0,0,1,27.82608695652174,176.0,100-200,20%-30%
Madno,2026-07-30,WK 31,BTM Layout,Swiggy,Late Night,COCO,KA,775.01,635.5,0.0,1330.51,0,4,47.763639506655345,193.7525,100-200,40%-50%
Madno,2026-07-30,WK 31,BTM Layout,Swiggy,Lunch,COCO,KA,60.0,63.33,0.0,113.33,0,1,55.88105532515662,60.0,0-100,50%-60%
Madno,2026-07-30,WK 31,BTM Layout,Zomato,Dinner,COCO,KA,840.38,614.47,42.06,1384.85,0,4,44.37087049138896,210.095,200-300,40%-50%
Madno,2026-07-30,WK 31,BTM Layout,Zomato,Late Night,COCO,KA,286.0,115.0,14.32,381.0,0,2,30.183727034120732,143.0,100-200,30%-40%
Madno,2026-07-30,WK 31,Badlapur,Swiggy,Dinner,COCO,MH,722.0,81.0,0.0,763.0,0,2,10.615989515072084,361.0,300-400,10%-20%
Madno,2026-07-30,WK 31,Badlapur,Swiggy,Snacks,COCO,MH,149.0,155.33,0.0,284.33,0,1,54.63018323778709,149.0,100-200,50%-60%
Madno,2026-07-30,WK 31,Badlapur,Zomato,Dinner,COCO,MH,1010.25,742.75,50.54,1683.0,0,5,44.13250148544266,202.05,200-300,40%-50%
Madno,2026-07-30,WK 31,Badlapur,Zomato,Lunch,COCO,MH,856.0,656.0,42.86,1442.0,0,3,45.49237170596394,285.3333333333333,200-300,40%-50%
Madno,2026-07-30,WK 31,Badlapur,Zomato,Snacks,COCO,MH,257.5,142.5,12.88,380.0,0,1,37.5,257.5,200-300,30%-40%
Madno,2026-07-30,WK 31,Banashankari,Swiggy,Late Night,COCO,KA,450.01,99.99,0.0,530.0,0,1,18.866037735849055,450.01,400-500,10%-20%
Madno,2026-07-30,WK 31,Banashankari,Zomato,Dinner,COCO,KA,546.5,465.5,27.36,972.0,0,2,47.890946502057616,273.25,200-300,40%-50%
Madno,2026-07-30,WK 31,Banashankari,Zomato,Late Night,COCO,KA,345.5,95.5,17.28,421.0,0,1,22.68408551068884,345.5,300-400,20%-30%
Madno,2026-07-30,WK 31,Banashankari,Zomato,Snacks,COCO,KA,205.0,135.0,10.26,330.0,0,1,40.909090909090914,205.0,200-300,40%-50%
Madno,2026-07-30,WK 31,Baner Road - Pune,Swiggy,Dinner,COCO,MH,442.8,198.2,0.0,611.0,0,2,32.43862520458265,221.4,200-300,30%-40%
Madno,2026-07-30,WK 31,Baner Road - Pune,Swiggy,Late Night,COCO,MH,178.0,184.0,0.0,362.0,0,1,50.82872928176796,178.0,100-200,50%-60%
Madno,2026-07-30,WK 31,Baner Road - Pune,Swiggy,Lunch,COCO,MH,862.0,399.0,0.0,1201.0,0,3,33.22231473771857,287.3333333333333,200-300,30%-40%
Madno,2026-07-30,WK 31,Baner Road - Pune,Swiggy,Snacks,COCO,MH,109.0,92.0,0.0,191.0,0,1,48.167539267015705,109.0,100-200,40%-50%
Madno,2026-07-30,WK 31,Baner Road - Pune,Zomato,Dinner,COCO,MH,871.0,723.0,43.58,1514.0,0,4,47.754293262879784,217.75,200-300,40%-50%
Madno,2026-07-30,WK 31,Baner Road - Pune,Zomato,Late Night,COCO,MH,565.45,518.55,28.3,1024.0,0,2,50.63964843749999,282.725,200-300,50%-60%
Madno,2026-07-30,WK 31,Baner Road - Pune,Zomato,Lunch,COCO,MH,210.5,190.5,10.54,381.0,0,1,50.0,210.5,200-300,40%-50%
Madno,2026-07-30,WK 31,Baner Road - Pune,Zomato,Snacks,COCO,MH,416.95,324.05,20.86,701.0,0,2,46.22681883024251,208.475,200-300,40%-50%
Madno,2026-07-30,WK 31,Basaveshwarnagar,Ownly,Dinner,COCO,KA,175.0,0.0,8.76,175.0,0,1,0.0,175.0,100-200,0%
Madno,2026-07-30,WK 31,Basaveshwarnagar,Swiggy,Late Night,COCO,KA,298.0,182.0,0.0,460.0,0,1,39.565217391304344,298.0,200-300,30%-40%
Madno,2026-07-30,WK 31,Bel Road,Ownly,Dinner,COCO,KA,264.0,0.0,13.2,264.0,0,1,0.0,264.0,200-300,0%
Madno,2026-07-30,WK 31,Bel Road,Swiggy,Dinner,COCO,KA,1803.0,933.0,0.0,2636.0,0,7,35.39453717754173,257.57142857142856,200-300,30%-40%
Madno,2026-07-30,WK 31,Bel Road,Swiggy,Lunch,COCO,KA,129.0,100.0,0.0,219.0,0,1,45.662100456621005,129.0,100-200,40%-50%
Madno,2026-07-30,WK 31,Bel Road,Swiggy,Snacks,COCO,KA,429.0,102.0,0.0,511.0,0,1,19.960861056751465,429.0,400-500,10%-20%
Madno,2026-07-30,WK 31,Bel Road,Zomato,Dinner,COCO,KA,1112.73,768.27,55.68,1801.0,0,6,42.65796779566907,185.455,100-200,40%-50%
Madno,2026-07-30,WK 31,Bel Road,Zomato,Late Night,COCO,KA,165.0,155.0,8.26,310.0,0,1,50.0,165.0,100-200,40%-50%
Madno,2026-07-30,WK 31,Bel Road,Zomato,Lunch,COCO,KA,210.5,190.5,10.54,381.0,0,1,50.0,210.5,200-300,40%-50%
Madno,2026-07-30,WK 31,Bel Road,Zomato,Snacks,COCO,KA,462.5,357.5,23.14,790.0,0,2,45.25316455696203,231.25,200-300,40%-50%
Madno,2026-07-30,WK 31,Berhampur,Swiggy,Dinner,FOFO,ROI,531.0,491.0,0.0,982.0,0,2,50.0,265.5,200-300,40%-50%
Madno,2026-07-30,WK 31,Besant Nagar,Swiggy,Late Night,COCO,TN,926.0,100.0,0.0,986.0,0,2,10.141987829614605,463.0,400-500,10%-20%
Madno,2026-07-30,WK 31,Besant Nagar,Swiggy,Lunch,COCO,TN,203.2,36.8,0.0,230.0,0,1,15.999999999999998,203.2,200-300,10%-20%
Madno,2026-07-30,WK 31,Besant Nagar,Zomato,Dinner,COCO,TN,165.0,155.0,8.26,310.0,0,1,50.0,165.0,100-200,40%-50%
Madno,2026-07-30,WK 31,Besant Nagar,Zomato,Late Night,COCO,TN,470.0,440.0,23.5,880.0,0,2,50.0,235.0,200-300,40%-50%
Madno,2026-07-30,WK 31,Bhubaneswar,Swiggy,Lunch,FOFO,ROI,461.0,0.0,0.0,441.0,0,1,0.0,461.0,400-500,0%
Madno,2026-07-30,WK 31,Bhubaneswar,Swiggy,Snacks,FOFO,ROI,461.0,0.0,0.0,441.0,0,1,0.0,461.0,400-500,0%
Madno,2026-07-30,WK 31,Bhubaneswar,Zomato,Dinner,FOFO,ROI,324.8,76.2,16.24,381.0,0,1,20.0,324.8,300-400,10%-20%
Madno,2026-07-30,WK 31,Byculla,Swiggy,Dinner,COCO,MH,409.0,100.0,0.0,489.0,0,1,20.449897750511248,409.0,400-500,20%-30%
Madno,2026-07-30,WK 31,Byculla,Swiggy,Late Night,COCO,MH,200.0,0.0,0.0,190.0,0,1,0.0,200.0,100-200,0%
Madno,2026-07-30,WK 31,Byculla,Swiggy,Snacks,COCO,MH,237.0,64.0,0.0,291.0,0,1,21.993127147766323,237.0,200-300,20%-30%
Madno,2026-07-30,WK 31,Byculla,Zomato,Dinner,COCO,MH,863.85,581.0,43.22,1374.85,0,2,42.259155544241196,431.925,400-500,40%-50%
Madno,2026-07-30,WK 31,Byculla,Zomato,Late Night,COCO,MH,420.0,380.0,21.0,760.0,0,1,50.0,420.0,400-500,40%-50%
Madno,2026-07-30,WK 31,Channasandra,Ownly,Snacks,COCO,KA,216.0,0.0,10.8,216.0,0,1,0.0,216.0,200-300,0%
Madno,2026-07-30,WK 31,Channasandra,Swiggy,Dinner,COCO,KA,1475.0,648.0,0.0,2033.0,0,3,31.874077717658633,491.6666666666667,400-500,30%-40%
Madno,2026-07-30,WK 31,Channasandra,Swiggy,Snacks,COCO,KA,312.2,128.8,0.0,421.0,0,1,30.593824228028506,312.2,300-400,30%-40%
Madno,2026-07-30,WK 31,Channasandra,Zomato,Dinner,COCO,KA,641.0,501.0,32.06,1102.0,0,2,45.46279491833031,320.5,300-400,40%-50%
Madno,2026-07-30,WK 31,Channasandra,Zomato,Lunch,COCO,KA,596.5,516.5,29.86,1063.0,0,3,48.58889934148636,198.83333333333334,100-200,40%-50%
Madno,2026-07-30,WK 31,Channasandra,Zomato,Snacks,COCO,KA,210.5,190.5,10.54,381.0,0,1,50.0,210.5,200-300,40%-50%
Madno,2026-07-30,WK 31,Chikkabellandur,Swiggy,Dinner,FOFO,KA,1936.71,641.29,0.0,2488.0,0,4,25.77532154340836,484.1775,400-500,20%-30%
Madno,2026-07-30,WK 31,Chikkabellandur,Zomato,Closing,FOFO,KA,702.0,0.0,35.120000000000005,672.0,0,3,0.0,234.0,200-300,0%
Madno,2026-07-30,WK 31,Chikkabellandur,Zomato,Dinner,FOFO,KA,670.0,50.0,33.5,690.0,0,3,7.246376811594203,223.33333333333334,200-300,1%-10%
Madno,2026-07-30,WK 31,Chikkabellandur,Zomato,Late Night,FOFO,KA,631.0,100.0,31.56,701.0,0,2,14.265335235378032,315.5,300-400,10%-20%
Madno,2026-07-30,WK 31,Chikkabellandur,Zomato,Lunch,FOFO,KA,200.0,0.0,10.0,190.0,0,1,0.0,200.0,100-200,0%
Madno,2026-07-30,WK 31,Chikkabellandur,Zomato,Snacks,FOFO,KA,381.0,50.0,19.04,411.0,0,1,12.165450121654501,381.0,300-400,10%-20%
Madno,2026-07-30,WK 31,Dahisar,Swiggy,Dinner,COCO,MH,109.0,42.0,0.0,151.0,0,1,27.81456953642384,109.0,100-200,20%-30%
Madno,2026-07-30,WK 31,Dahisar,Zomato,Late Night,COCO,MH,189.64,0.0,9.48,179.64,0,1,0.0,189.64,100-200,0%
Madno,2026-07-30,WK 31,Dahisar,Zomato,Lunch,COCO,MH,661.0,460.0,33.06,1071.0,0,2,42.95051353874883,330.5,300-400,40%-50%
Madno,2026-07-30,WK 31,Electronic city,Zomato,Dinner,FOFO,KA,460.0,50.0,23.0,490.0,0,2,10.204081632653061,230.0,200-300,10%-20%
Madno,2026-07-30,WK 31,Electronic city,Zomato,Snacks,FOFO,KA,210.0,80.0,10.5,280.0,0,1,28.57142857142857,210.0,200-300,20%-30%
Madno,2026-07-30,WK 31,Erode,Swiggy,Dinner,COCO,TN,565.0,246.0,0.0,781.0,0,2,31.498079385403326,282.5,200-300,30%-40%
Madno,2026-07-30,WK 31,Erode,Swiggy,Late Night,COCO,TN,404.0,246.0,0.0,620.0,0,2,39.67741935483871,202.0,200-300,30%-40%
Madno,2026-07-30,WK 31,Erode,Swiggy,Snacks,COCO,TN,933.0,386.0,0.0,1269.0,0,3,30.41765169424744,311.0,300-400,30%-40%
Madno,2026-07-30,WK 31,Erode,Zomato,Dinner,COCO,TN,182.5,57.5,9.12,230.0,0,1,25.0,182.5,100-200,20%-30%
Madno,2026-07-30,WK 31,Erode,Zomato,Late Night,COCO,TN,75.5,65.5,3.78,131.0,0,1,50.0,75.5,0-100,40%-50%
Madno,2026-07-30,WK 31,Erode,Zomato,Lunch,COCO,TN,196.0,135.0,9.8,321.0,0,1,42.05607476635514,196.0,100-200,40%-50%
Madno,2026-07-30,WK 31,Express Avenue Mall,Swiggy,Dinner,COCO,TN,228.0,91.0,0.0,319.0,0,1,28.526645768025077,228.0,200-300,20%-30%
Madno,2026-07-30,WK 31,Express Avenue Mall,Zomato,Dinner,COCO,TN,421.5,381.5,21.1,763.0,0,1,50.0,421.5,400-500,40%-50%
Madno,2026-07-30,WK 31,Express Avenue Mall,Zomato,Late Night,COCO,TN,226.5,196.5,11.34,393.0,0,1,50.0,226.5,200-300,40%-50%
Madno,2026-07-30,WK 31,Express Avenue Mall,Zomato,Snacks,COCO,TN,210.5,190.5,10.54,381.0,0,1,50.0,210.5,200-300,40%-50%
Madno,2026-07-30,WK 31,Frazer Town,Swiggy,Dinner,COCO,KA,406.2,271.46,0.0,637.66,0,1,42.57127622871123,406.2,400-500,40%-50%
Madno,2026-07-30,WK 31,Frazer Town,Swiggy,Late Night,COCO,KA,507.0,401.65999999999997,0.0,858.66,0,2,46.77753709267929,253.5,200-300,40%-50%
Madno,2026-07-30,WK 31,Frazer Town,Swiggy,Snacks,COCO,KA,159.0,72.0,0.0,231.0,0,1,31.16883116883117,159.0,100-200,30%-40%
Madno,2026-07-30,WK 31,Frazer Town,Zomato,Dinner,COCO,KA,376.0,225.0,18.8,581.0,0,1,38.7263339070568,376.0,300-400,30%-40%
Madno,2026-07-30,WK 31,Gangadham,Zomato,Dinner,FOFO,MH,229.0,0.0,11.46,219.0,0,1,0.0,229.0,200-300,0%
Madno,2026-07-30,WK 31,Guduvanchery,Swiggy,Dinner,COCO,TN,1226.0,405.0,0.0,1581.0,0,4,25.616698292220114,306.5,300-400,20%-30%
Madno,2026-07-30,WK 31,Guduvanchery,Swiggy,Snacks,COCO,TN,510.0,0.0,0.0,490.0,0,2,0.0,255.0,200-300,0%
Madno,2026-07-30,WK 31,Guduvanchery,Zomato,Dinner,COCO,TN,315.5,285.5,15.8,571.0,0,1,50.0,315.5,300-400,40%-50%
Madno,2026-07-30,WK 31,Guduvanchery,Zomato,Snacks,COCO,TN,175.0,135.0,8.76,300.0,0,1,45.0,175.0,100-200,40%-50%
Madno,2026-07-30,WK 31,Gunjur,Swiggy,Dinner,COCO,KA,149.0,91.0,0.0,230.0,0,1,39.565217391304344,149.0,100-200,30%-40%
Madno,2026-07-30,WK 31,Gunjur,Zomato,Dinner,COCO,KA,210.0,190.0,10.5,380.0,0,1,50.0,210.0,200-300,40%-50%
Madno,2026-07-30,WK 31,Gunjur,Zomato,Lunch,COCO,KA,405.5,185.5,20.28,561.0,0,1,33.06595365418895,405.5,400-500,30%-40%
Madno,2026-07-30,WK 31,HSR Layout,Swiggy,Dinner,COCO,KA,325.0,164.0,0.0,469.0,0,2,34.9680170575693,162.5,100-200,30%-40%
Madno,2026-07-30,WK 31,HSR Layout,Swiggy,Late Night,COCO,KA,1124.8,466.2,0.0,1521.0,0,5,30.650887573964496,224.95999999999998,200-300,30%-40%
Madno,2026-07-30,WK 31,HSR Layout,Zomato,Late Night,COCO,KA,351.5,100.5,17.58,432.0,0,2,23.26388888888889,175.75,100-200,20%-30%
Madno,2026-07-30,WK 31,Hafizpet,Swiggy,Dinner,FOFO,AP & TL,229.0,1.0,0.0,230.0,0,1,0.43478260869565216,229.0,200-300,1%-10%
Madno,2026-07-30,WK 31,Hafizpet,Swiggy,Snacks,FOFO,AP & TL,171.5,28.5,0.0,190.0,0,1,15.0,171.5,100-200,10%-20%
Madno,2026-07-30,WK 31,Hafizpet,Zomato,Lunch,FOFO,AP & TL,200.0,140.0,10.0,330.0,0,1,42.42424242424242,200.0,100-200,40%-50%
Madno,2026-07-30,WK 31,Harlur Road,Ownly,Dinner,COCO,KA,424.0,0.0,21.2,424.0,0,1,0.0,424.0,400-500,0%
Madno,2026-07-30,WK 31,Harlur Road,Swiggy,Dinner,COCO,KA,810.0,60.0,0.0,840.0,0,2,7.142857142857142,405.0,400-500,1%-10%
Madno,2026-07-30,WK 31,Harlur Road,Swiggy,Lunch,COCO,KA,149.0,91.0,0.0,230.0,0,1,39.565217391304344,149.0,100-200,30%-40%
Madno,2026-07-30,WK 31,Harlur Road,Swiggy,Snacks,COCO,KA,340.0,320.0,0.0,640.0,0,1,50.0,340.0,300-400,40%-50%
Madno,2026-07-30,WK 31,Harlur Road,Zomato,Breakfast,COCO,KA,151.0,131.0,7.56,262.0,0,1,50.0,151.0,100-200,40%-50%
Madno,2026-07-30,WK 31,Harlur Road,Zomato,Lunch,COCO,KA,817.0,346.0,40.879999999999995,1123.0,0,2,30.81032947462155,408.5,400-500,30%-40%
Madno,2026-07-30,WK 31,Harlur Road,Zomato,Snacks,COCO,KA,447.0,395.0,22.38,802.0,0,1,49.251870324189525,447.0,400-500,40%-50%
Madno,2026-07-30,WK 31,Hinjewadi,Swiggy,Closing,COCO,MH,417.01,63.99,0.0,461.0,0,1,13.88069414316703,417.01,400-500,10%-20%
Madno,2026-07-30,WK 31,Hinjewadi,Swiggy,Dinner,COCO,MH,733.0,278.0,0.0,961.0,0,4,28.92819979188345,183.25,100-200,20%-30%
Madno,2026-07-30,WK 31,Hinjewadi,Swiggy,Late Night,COCO,MH,159.0,31.0,0.0,190.0,0,1,16.315789473684212,159.0,100-200,10%-20%
Madno,2026-07-30,WK 31,Hinjewadi,Zomato,Dinner,COCO,MH,523.5,457.5,26.2,941.0,0,3,48.618490967056324,174.5,100-200,40%-50%
Madno,2026-07-30,WK 31,Hinjewadi,Zomato,Late Night,COCO,MH,587.5,346.5,29.4,884.0,0,2,39.19683257918552,293.75,200-300,30%-40%
Madno,2026-07-30,WK 31,Hinjewadi Phase 3,Swiggy,Dinner,COCO,MH,943.0,228.0,0.0,1131.0,0,4,20.159151193633953,235.75,200-300,20%-30%
Madno,2026-07-30,WK 31,Hinjewadi Phase 3,Swiggy,Late Night,COCO,MH,149.0,91.0,0.0,230.0,0,1,39.565217391304344,149.0,100-200,30%-40%
Madno,2026-07-30,WK 31,Hinjewadi Phase 3,Swiggy,Snacks,COCO,MH,181.0,0.0,0.0,171.0,0,1,0.0,181.0,100-200,0%
Madno,2026-07-30,WK 31,Hinjewadi Phase 3,Zomato,Dinner,COCO,MH,904.5,470.5,45.24,1315.0,0,3,35.77946768060836,301.5,300-400,30%-40%
Madno,2026-07-30,WK 31,Hinjewadi Phase 3,Zomato,Late Night,COCO,MH,591.0,271.0,29.56,832.0,0,1,32.57211538461539,591.0,500-600,30%-40%
Madno,2026-07-30,WK 31,ITPL,Swiggy,Late Night,COCO,KA,221.6,18.4,0.0,230.0,0,1,7.999999999999999,221.6,200-300,1%-10%
Madno,2026-07-30,WK 31,ITPL,Zomato,Dinner,COCO,KA,105.0,95.0,5.26,190.0,0,1,50.0,105.0,100-200,40%-50%
Madno,2026-07-30,WK 31,ITPL,Zomato,Late Night,COCO,KA,152.5,47.5,7.62,190.0,0,1,25.0,152.5,100-200,20%-30%
Madno,2026-07-30,WK 31,ITPL,Zomato,Snacks,COCO,KA,1145.5,1035.5,57.34,2071.0,0,3,50.0,381.8333333333333,300-400,40%-50%
Madno,2026-07-30,WK 31,Indiranagar - CK,Ownly,Dinner,COCO,KA,118.0,0.0,5.9,118.0,0,1,0.0,118.0,100-200,0%
Madno,2026-07-30,WK 31,Indiranagar - CK,Ownly,Late Night,COCO,KA,195.0,0.0,9.76,195.0,0,1,0.0,195.0,100-200,0%
Madno,2026-07-30,WK 31,Indiranagar - CK,Swiggy,Dinner,COCO,KA,620.0,40.0,0.0,640.0,0,2,6.25,310.0,300-400,1%-10%
Madno,2026-07-30,WK 31,Indiranagar - CK,Swiggy,Lunch,COCO,KA,203.2,36.8,0.0,230.0,0,1,15.999999999999998,203.2,200-300,10%-20%
Madno,2026-07-30,WK 31,Indiranagar - CK,Swiggy,Snacks,COCO,KA,539.0,181.0,0.0,690.0,0,1,26.231884057971016,539.0,500-600,20%-30%
Madno,2026-07-30,WK 31,Indiranagar - CK,Zomato,Dinner,COCO,KA,866.0,816.0,43.32,1632.0,0,2,50.0,433.0,400-500,40%-50%
Madno,2026-07-30,WK 31,Indiranagar - CK,Zomato,Lunch,COCO,KA,150.0,140.0,7.5,280.0,0,1,50.0,150.0,100-200,40%-50%
Madno,2026-07-30,WK 31,Iyyappanthangal - CK,Swiggy,Dinner,COCO,TN,2599.82,971.1800000000001,0.0,3401.0,0,8,28.55571890620406,324.9775,300-400,20%-30%
Madno,2026-07-30,WK 31,Iyyappanthangal - CK,Swiggy,Late Night,COCO,TN,1276.4099999999999,736.59,0.0,1923.0,0,5,38.30421216848674,255.28199999999998,200-300,30%-40%
Madno,2026-07-30,WK 31,Iyyappanthangal - CK,Swiggy,Lunch,COCO,TN,268.0,162.0,0.0,410.0,0,1,39.51219512195122,268.0,200-300,30%-40%
Madno,2026-07-30,WK 31,Iyyappanthangal - CK,Swiggy,Snacks,COCO,TN,525.0,64.0,0.0,569.0,0,2,11.247803163444638,262.5,200-300,10%-20%
Madno,2026-07-30,WK 31,Iyyappanthangal - CK,Zomato,Dinner,COCO,TN,1047.0,708.0,52.379999999999995,1685.0,0,4,42.01780415430267,261.75,200-300,40%-50%
Madno,2026-07-30,WK 31,Iyyappanthangal - CK,Zomato,Lunch,COCO,TN,421.0,381.0,21.08,762.0,0,2,50.0,210.5,200-300,40%-50%
Madno,2026-07-30,WK 31,JP Nagar,Ownly,Snacks,COCO,KA,160.0,0.0,8.0,160.0,0,1,0.0,160.0,100-200,0%
Madno,2026-07-30,WK 31,JP Nagar,Swiggy,Breakfast,COCO,KA,149.0,91.0,0.0,230.0,0,1,39.565217391304344,149.0,100-200,30%-40%
Madno,2026-07-30,WK 31,JP Nagar,Swiggy,Dinner,COCO,KA,358.0,182.0,0.0,520.0,0,2,35.0,179.0,100-200,30%-40%
Madno,2026-07-30,WK 31,Jamshedpur,Swiggy,Lunch,FOFO,ROI,143.7,57.3,0.0,191.0,0,1,30.0,143.7,100-200,20%-30%
Madno,2026-07-30,WK 31,Jamshedpur,Zomato,Dinner,FOFO,ROI,171.0,69.0,8.56,230.0,0,1,30.0,171.0,100-200,20%-30%
Madno,2026-07-30,WK 31,Jamshedpur,Zomato,Snacks,FOFO,ROI,1600.0,0.0,80.0,1520.0,0,1,0.0,1600.0,>900,0%
Madno,2026-07-30,WK 31,Jim Corbett,Swiggy,Dinner,FOFO,ROI,121.0,120.0,0.0,231.0,0,1,51.94805194805194,121.0,100-200,50%-60%
Madno,2026-07-30,WK 31,Kadubisanahalli - CF CK,Ownly,Dinner,COCO,KA,475.0,0.0,23.759999999999998,475.0,0,2,0.0,237.5,200-300,0%
Madno,2026-07-30,WK 31,Kadubisanahalli - CF CK,Ownly,Late Night,COCO,KA,125.0,0.0,6.26,125.0,0,1,0.0,125.0,100-200,0%
Madno,2026-07-30,WK 31,Kadubisanahalli - CF CK,Swiggy,Dinner,COCO,KA,188.0,194.0,0.0,362.0,0,1,53.591160220994475,188.0,100-200,50%-60%
Madno,2026-07-30,WK 31,Kadubisanahalli - CF CK,Zomato,Dinner,COCO,KA,185.0,135.0,9.26,310.0,0,1,43.54838709677419,185.0,100-200,40%-50%
Madno,2026-07-30,WK 31,Kadubisanahalli - CF CK,Zomato,Late Night,COCO,KA,574.0,455.0,28.72,999.0,0,2,45.545545545545544,287.0,200-300,40%-50%
Madno,2026-07-30,WK 31,Kadubisanahalli - CF CK,Zomato,Snacks,COCO,KA,150.0,140.0,7.5,280.0,0,1,50.0,150.0,100-200,40%-50%
Madno,2026-07-30,WK 31,Kakkanad,Swiggy,Dinner,COCO,Kerela,109.0,92.0,0.0,191.0,0,1,48.167539267015705,109.0,100-200,40%-50%
Madno,2026-07-30,WK 31,Kakkanad,Swiggy,Lunch,COCO,Kerela,204.04,36.96,0.0,231.0,0,1,16.0,204.04,200-300,10%-20%
Madno,2026-07-30,WK 31,Kakkanad,Zomato,Dinner,COCO,Kerela,300.6,211.4,15.040000000000001,492.0,0,2,42.96747967479675,150.3,100-200,40%-50%
Madno,2026-07-30,WK 31,Kakkanad,Zomato,Late Night,COCO,Kerela,720.0,490.0,36.019999999999996,1170.0,0,2,41.88034188034188,360.0,300-400,40%-50%
Madno,2026-07-30,WK 31,Kakkanad,Zomato,Lunch,COCO,Kerela,760.0,490.0,38.019999999999996,1200.0,0,3,40.833333333333336,253.33333333333334,200-300,40%-50%
Madno,2026-07-30,WK 31,Kakkanad,Zomato,Snacks,COCO,Kerela,190.0,60.0,9.5,240.0,0,1,25.0,190.0,100-200,20%-30%
Madno,2026-07-30,WK 31,Kalyan,Others,Dinner,COCO,MH,88.6,112.4,4.42,191.0,0,1,58.84816753926702,88.6,0-100,50%-60%
Madno,2026-07-30,WK 31,Kalyan,Zomato,Dinner,COCO,MH,288.25,182.75,14.42,451.0,0,2,40.52106430155211,144.125,100-200,40%-50%
Madno,2026-07-30,WK 31,Kalyan,Zomato,Late Night,COCO,MH,335.0,315.0,16.759999999999998,630.0,0,2,50.0,167.5,100-200,40%-50%
Madno,2026-07-30,WK 31,Kammanhalli,Ownly,Dinner,COCO,KA,244.0,0.0,12.2,244.0,0,1,0.0,244.0,200-300,0%
Madno,2026-07-30,WK 31,Kammanhalli,Swiggy,Dinner,COCO,KA,746.0,96.0,0.0,802.0,0,3,11.970074812967582,248.66666666666666,200-300,10%-20%
Madno,2026-07-30,WK 31,Kammanhalli,Swiggy,Late Night,COCO,KA,461.4,275.26,0.0,696.66,0,3,39.51138288404674,153.79999999999998,100-200,30%-40%
Madno,2026-07-30,WK 31,Kammanhalli,Swiggy,Snacks,COCO,KA,129.0,100.0,0.0,219.0,0,1,45.662100456621005,129.0,100-200,40%-50%
Madno,2026-07-30,WK 31,Kammanhalli,Zomato,Late Night,COCO,KA,210.0,190.0,10.52,380.0,0,1,50.0,210.0,200-300,40%-50%
Madno,2026-07-30,WK 31,Kammanhalli,Zomato,Lunch,COCO,KA,155.03,60.97,7.76,206.0,0,1,29.597087378640772,155.03,100-200,20%-30%
Madno,2026-07-30,WK 31,Kamothe,Swiggy,Dinner,COCO,MH,2016.0,896.0,0.0,2862.0,0,3,31.3067784765898,672.0,600-900,30%-40%
Madno,2026-07-30,WK 31,Kamothe,Zomato,Dinner,COCO,MH,1032.0,561.0,51.620000000000005,1523.0,0,2,36.835193696651345,516.0,500-600,30%-40%
Madno,2026-07-30,WK 31,Kanakapura,Ownly,Dinner,COCO,KA,292.0,0.0,14.6,292.0,0,2,0.0,146.0,100-200,0%
Madno,2026-07-30,WK 31,Kanakapura,Swiggy,Dinner,COCO,KA,790.0,413.0,0.0,1183.0,0,3,34.9112426035503,263.3333333333333,200-300,30%-40%
Madno,2026-07-30,WK 31,Kanakapura,Swiggy,Late Night,COCO,KA,808.01,225.84,0.0,1003.85,0,2,22.497385067490164,404.005,400-500,20%-30%
Madno,2026-07-30,WK 31,Kanakapura,Swiggy,Lunch,COCO,KA,351.0,60.0,0.0,401.0,0,1,14.962593516209477,351.0,300-400,10%-20%
Madno,2026-07-30,WK 31,Kanakapura,Swiggy,Snacks,COCO,KA,229.0,192.0,0.0,421.0,0,1,45.605700712589076,229.0,200-300,40%-50%
Madno,2026-07-30,WK 31,Kanakapura,Zomato,Dinner,COCO,KA,511.5,490.5,25.619999999999997,952.0,0,3,51.523109243697476,170.5,100-200,50%-60%
Madno,2026-07-30,WK 31,Kanakapura,Zomato,Late Night,COCO,KA,570.5,450.5,28.54,971.0,0,2,46.39546858908342,285.25,200-300,40%-50%
Madno,2026-07-30,WK 31,Kanakapura,Zomato,Lunch,COCO,KA,261.0,180.0,13.04,421.0,0,1,42.75534441805225,261.0,200-300,40%-50%
Madno,2026-07-30,WK 31,Kanakapura,Zomato,Snacks,COCO,KA,511.5,479.5,25.62,941.0,0,2,50.95642933049946,255.75,200-300,50%-60%
Madno,2026-07-30,WK 31,Kempfort,Ownly,Dinner,COCO,KA,292.0,0.0,14.6,292.0,0,2,0.0,146.0,100-200,0%
Madno,2026-07-30,WK 31,Kempfort,Ownly,Snacks,COCO,KA,132.0,0.0,6.6,132.0,0,1,0.0,132.0,100-200,0%
Madno,2026-07-30,WK 31,Kempfort,Swiggy,Dinner,COCO,KA,430.0,251.0,0.0,651.0,0,2,38.556067588325654,215.0,200-300,30%-40%
Madno,2026-07-30,WK 31,Kempfort,Swiggy,Late Night,COCO,KA,145.0,96.0,0.0,231.0,0,1,41.55844155844156,145.0,100-200,40%-50%
Madno,2026-07-30,WK 31,Kempfort,Zomato,Late Night,COCO,KA,315.0,285.0,15.78,570.0,0,2,50.0,157.5,100-200,40%-50%
Madno,2026-07-30,WK 31,Khar,Swiggy,Dinner,COCO,MH,450.0,100.0,0.0,530.0,0,1,18.867924528301888,450.0,400-500,10%-20%
Madno,2026-07-30,WK 31,Khar,Swiggy,Snacks,COCO,MH,317.0,265.0,0.0,552.0,0,1,48.007246376811594,317.0,300-400,40%-50%
Madno,2026-07-30,WK 31,Khar,Zomato,Dinner,COCO,MH,300.0,180.0,15.0,460.0,0,1,39.130434782608695,300.0,200-300,30%-40%
Madno,2026-07-30,WK 31,Khar,Zomato,Lunch,COCO,MH,199.0,230.0,9.96,409.0,0,1,56.234718826405874,199.0,100-200,50%-60%
Madno,2026-07-30,WK 31,Kharghar,Swiggy,Snacks,FOFO,MH,735.5,504.5,0.0,1180.0,0,2,42.75423728813559,367.75,300-400,40%-50%
Madno,2026-07-30,WK 31,Kolar- Highway Star,Swiggy,Lunch,COCO,KA,149.0,91.0,0.0,230.0,0,1,39.565217391304344,149.0,100-200,30%-40%
Madno,2026-07-30,WK 31,Kolar- Highway Star,Zomato,Snacks,COCO,KA,300.0,280.0,15.0,560.0,0,1,50.0,300.0,200-300,40%-50%
Madno,2026-07-30,WK 31,Kolathur,Swiggy,Late Night,COCO,TN,270.0,40.0,0.0,300.0,0,1,13.333333333333334,270.0,200-300,10%-20%
Madno,2026-07-30,WK 31,Kolathur,Swiggy,Lunch,COCO,TN,201.0,0.0,0.0,191.0,0,1,0.0,201.0,200-300,0%
Madno,2026-07-30,WK 31,Kolathur,Swiggy,Snacks,COCO,TN,565.0,399.0,0.0,914.0,0,1,43.65426695842451,565.0,500-600,40%-50%
Madno,2026-07-30,WK 31,Kolathur,Zomato,Dinner,COCO,TN,315.0,285.0,15.76,570.0,0,1,50.0,315.0,300-400,40%-50%
Madno,2026-07-30,WK 31,Kolathur,Zomato,Late Night,COCO,TN,405.0,165.0,20.26,550.0,0,1,30.0,405.0,400-500,20%-30%
Madno,2026-07-30,WK 31,Kolathur,Zomato,Lunch,COCO,TN,1049.75,443.25,52.54,1433.0,0,3,30.931612002791347,349.9166666666667,300-400,30%-40%
Madno,2026-07-30,WK 31,Kondhwa,Swiggy,Late Night,FOFO,MH,189.0,2.0,0.0,191.0,0,1,1.0471204188481675,189.0,100-200,1%-10%
Madno,2026-07-30,WK 31,Kondhwa,Zomato,Dinner,FOFO,MH,334.3,65.7,16.72,380.0,0,1,17.289473684210527,334.3,300-400,10%-20%
Madno,2026-07-30,WK 31,Koramangala,Swiggy,Dinner,COCO,KA,174.0,76.0,0.0,250.0,0,1,30.4,174.0,100-200,30%-40%
Madno,2026-07-30,WK 31,Koramangala,Swiggy,Late Night,COCO,KA,589.0,322.0,0.0,871.0,0,3,36.969001148105626,196.33333333333334,100-200,30%-40%
Madno,2026-07-30,WK 31,Koramangala,Swiggy,Lunch,COCO,KA,278.0,154.0,0.0,412.0,0,1,37.37864077669903,278.0,200-300,30%-40%
Madno,2026-07-30,WK 31,Koramangala,Swiggy,Snacks,COCO,KA,658.01,247.32,0.0,875.3299999999999,0,3,28.25448687923412,219.33666666666667,200-300,20%-30%
Madno,2026-07-30,WK 31,Koramangala,Zomato,Snacks,COCO,KA,175.0,135.0,8.76,300.0,0,1,45.0,175.0,100-200,40%-50%
Madno,2026-07-30,WK 31,Koregaon Park - Pune,Swiggy,Dinner,COCO,MH,184.8,55.2,0.0,230.0,0,1,24.000000000000004,184.8,100-200,20%-30%
Madno,2026-07-30,WK 31,Koregaon Park - Pune,Swiggy,Snacks,COCO,MH,179.0,91.0,0.0,260.0,0,1,35.0,179.0,100-200,30%-40%
Madno,2026-07-30,WK 31,Koregaon Park - Pune,Zomato,Snacks,COCO,MH,175.0,135.0,8.76,300.0,0,1,45.0,175.0,100-200,40%-50%
Madno,2026-07-30,WK 31,Kothanur,Swiggy,Dinner,FOFO,KA,250.0,60.0,0.0,300.0,0,1,20.0,250.0,200-300,10%-20%
Madno,2026-07-30,WK 31,Kothanur,Swiggy,Snacks,FOFO,KA,1049.01,255.99,0.0,1245.0,0,2,20.56144578313253,524.505,500-600,20%-30%
Madno,2026-07-30,WK 31,Lokhandwala,Swiggy,Dinner,COCO,MH,1516.81,635.19,0.0,2052.0,0,6,30.9546783625731,252.80166666666665,200-300,30%-40%
Madno,2026-07-30,WK 31,Lokhandwala,Swiggy,Lunch,COCO,MH,149.0,91.0,0.0,230.0,0,1,39.565217391304344,149.0,100-200,30%-40%
Madno,2026-07-30,WK 31,Lokhandwala,Swiggy,Snacks,COCO,MH,420.0,100.0,0.0,500.0,0,1,20.0,420.0,400-500,10%-20%
Madno,2026-07-30,WK 31,Lokhandwala,Zomato,Dinner,COCO,MH,1336.1399999999999,775.5,66.84,2021.6399999999999,0,4,38.359945390870784,334.03499999999997,300-400,30%-40%
Madno,2026-07-30,WK 31,Lokhandwala,Zomato,Snacks,COCO,MH,210.0,190.0,10.5,380.0,0,1,50.0,210.0,200-300,40%-50%
Madno,2026-07-30,WK 31,Madno - Akshay Nagar,In Store,Dinner,FOFO,KA,1279.0,0.0,63.98,1279.0,0,5,0.0,255.8,200-300,0%
Madno,2026-07-30,WK 31,Madno - Akshay Nagar,In Store,Late Night,FOFO,KA,49.0,0.0,2.46,49.0,0,1,0.0,49.0,0-100,0%
Madno,2026-07-30,WK 31,Madno - Akshay Nagar,In Store,Snacks,FOFO,KA,774.0,0.0,38.74,774.0,0,5,0.0,154.8,100-200,0%
Madno,2026-07-30,WK 31,Madno - Akshay Nagar,Swiggy,Dinner,FOFO,KA,718.0,393.0,0.0,1061.0,0,3,37.040527803958526,239.33333333333334,200-300,30%-40%
Madno,2026-07-30,WK 31,Madno - Akshay Nagar,Swiggy,Late Night,FOFO,KA,234.0,208.0,0.0,422.0,0,2,49.28909952606635,117.0,100-200,40%-50%
Madno,2026-07-30,WK 31,Madno - Akshay Nagar,Swiggy,Snacks,FOFO,KA,323.0,208.0,0.0,511.0,0,2,40.704500978473575,161.5,100-200,40%-50%
Madno,2026-07-30,WK 31,Madno - Akshay Nagar,Zomato,Dinner,FOFO,KA,1173.0,777.0,58.66,1890.0,0,4,41.11111111111111,293.25,200-300,40%-50%
Madno,2026-07-30,WK 31,Madno - Akshay Nagar,Zomato,Lunch,FOFO,KA,580.0,270.0,29.0,820.0,0,3,32.926829268292686,193.33333333333334,100-200,30%-40%
Madno,2026-07-30,WK 31,Madno - Basaveshwaranagar,In Store,Dinner,FOFO,KA,406.0,0.0,20.32,406.0,0,3,0.0,135.33333333333334,100-200,0%
Madno,2026-07-30,WK 31,Madno - Basaveshwaranagar,In Store,Snacks,FOFO,KA,1187.23,0.0,59.38,1187.23,0,2,0.0,593.615,500-600,0%
Madno,2026-07-30,WK 31,Madno - Basaveshwaranagar,Swiggy,Dinner,FOFO,KA,246.0,64.0,0.0,300.0,0,1,21.333333333333336,246.0,200-300,20%-30%
Madno,2026-07-30,WK 31,Madno - Basaveshwaranagar,Swiggy,Lunch,FOFO,KA,90.0,101.0,0.0,191.0,0,1,52.879581151832454,90.0,0-100,50%-60%
Madno,2026-07-30,WK 31,Madno - Basaveshwaranagar,Swiggy,Snacks,FOFO,KA,201.0,0.0,0.0,191.0,0,1,0.0,201.0,200-300,0%
Madno,2026-07-30,WK 31,Madno - Basaveshwaranagar,Zomato,Snacks,FOFO,KA,540.5,500.5,27.060000000000002,1001.0,0,2,50.0,270.25,200-300,40%-50%
Madno,2026-07-30,WK 31,Madno - Eluru,In Store,Dinner,FOFO,AP & TL,1714.0,0.0,85.72,1714.0,0,5,0.0,342.8,300-400,0%
Madno,2026-07-30,WK 31,Madno - Eluru,In Store,Lunch,FOFO,AP & TL,974.0,0.0,48.7,974.0,0,2,0.0,487.0,400-500,0%
Madno,2026-07-30,WK 31,Madno - Eluru,In Store,Snacks,FOFO,AP & TL,606.0,0.0,30.32,606.0,0,3,0.0,202.0,200-300,0%
Madno,2026-07-30,WK 31,Madno - Eluru,Swiggy,Snacks,FOFO,AP & TL,491.0,0.0,0.0,471.0,0,1,0.0,491.0,400-500,0%
Madno,2026-07-30,WK 31,Madno - Eluru,Zomato,Dinner,FOFO,AP & TL,805.0,175.0,40.239999999999995,940.0,0,3,18.617021276595743,268.3333333333333,200-300,10%-20%
Madno,2026-07-30,WK 31,Madno - Eluru,Zomato,Lunch,FOFO,AP & TL,801.0,80.0,40.06,841.0,0,4,9.512485136741974,200.25,200-300,1%-10%
Madno,2026-07-30,WK 31,Madno - Eluru,Zomato,Snacks,FOFO,AP & TL,2057.0,446.0,102.88,2403.0,0,8,18.56013316687474,257.125,200-300,10%-20%
Madno,2026-07-30,WK 31,Madno - Gandipet,In Store,Dinner,FOFO,AP & TL,1303.0,0.0,65.16,1303.0,0,3,0.0,434.3333333333333,400-500,0%
Madno,2026-07-30,WK 31,Madno - Gandipet,In Store,Late Night,FOFO,AP & TL,318.0,0.0,15.9,318.0,0,1,0.0,318.0,300-400,0%
Madno,2026-07-30,WK 31,Madno - Gandipet,In Store,Lunch,FOFO,AP & TL,614.0,0.0,30.740000000000002,614.0,0,5,0.0,122.8,100-200,0%
Madno,2026-07-30,WK 31,Madno - Gandipet,In Store,Snacks,FOFO,AP & TL,1264.0,0.0,63.28,1264.0,0,11,0.0,114.9090909090909,100-200,0%
Madno,2026-07-30,WK 31,Madno - Gandipet,Swiggy,Dinner,FOFO,AP & TL,793.0,0.0,0.0,763.0,0,1,0.0,793.0,600-900,0%
Madno,2026-07-30,WK 31,Madno - Gandipet,Swiggy,Snacks,FOFO,AP & TL,500.0,0.0,0.0,480.0,0,1,0.0,500.0,400-500,0%
Madno,2026-07-30,WK 31,Madno - Gandipet,Zomato,Dinner,FOFO,AP & TL,542.0,0.0,27.12,512.0,0,3,0.0,180.66666666666666,100-200,0%
Madno,2026-07-30,WK 31,Madno - Hadapsar,Swiggy,Snacks,FOFO,MH,109.0,42.0,0.0,151.0,0,1,27.81456953642384,109.0,100-200,20%-30%
Madno,2026-07-30,WK 31,Madno - Shivamogga,In Store,Dinner,FOFO,KA,4470.23,99.0,223.58,4569.23,0,14,2.1666670314254266,319.3021428571428,300-400,1%-10%
Madno,2026-07-30,WK 31,Madno - Shivamogga,In Store,Lunch,FOFO,KA,832.0,0.0,41.620000000000005,832.0,0,4,0.0,208.0,200-300,0%
Madno,2026-07-30,WK 31,Madno - Shivamogga,In Store,Snacks,FOFO,KA,1336.23,0.0,66.82,1336.23,0,5,0.0,267.246,200-300,0%
Madno,2026-07-30,WK 31,Madno - Shivamogga,Swiggy,Dinner,FOFO,KA,1111.0,0.0,0.0,1071.0,0,2,0.0,555.5,500-600,0%
Madno,2026-07-30,WK 31,Madno - Shivamogga,Zomato,Dinner,FOFO,KA,3054.0,0.0,152.74,2924.0,0,6,0.0,509.0,500-600,0%
Madno,2026-07-30,WK 31,Madno - Shivamogga,Zomato,Lunch,FOFO,KA,320.0,0.0,16.0,310.0,0,1,0.0,320.0,300-400,0%
Madno,2026-07-30,WK 31,Madno - Shivamogga,Zomato,Snacks,FOFO,KA,200.0,0.0,10.0,190.0,0,1,0.0,200.0,100-200,0%
Madno,2026-07-30,WK 31,Madno - Thane,In Store,Dinner,FOFO,MH,98.0,0.0,4.9,98.0,0,1,0.0,98.0,0-100,0%
Madno,2026-07-30,WK 31,Malad - CF - CK,Swiggy,Dinner,COCO,MH,1480.01,387.99,0.0,1798.0,0,6,21.578976640711904,246.66833333333332,200-300,20%-30%
Madno,2026-07-30,WK 31,Malad - CF - CK,Zomato,Dinner,COCO,MH,187.0,135.0,9.36,302.0,0,1,44.70198675496689,187.0,100-200,40%-50%
Madno,2026-07-30,WK 31,Malleswaram,Swiggy,Late Night,FOFO,KA,181.0,129.0,0.0,310.0,0,1,41.612903225806456,181.0,100-200,40%-50%
Madno,2026-07-30,WK 31,Malleswaram,Zomato,Dinner,FOFO,KA,741.0,100.0,37.06,811.0,0,3,12.330456226880395,247.0,200-300,10%-20%
Madno,2026-07-30,WK 31,Malleswaram,Zomato,Lunch,FOFO,KA,201.0,0.0,10.06,191.0,0,1,0.0,201.0,200-300,0%
Madno,2026-07-30,WK 31,Manipal,Swiggy,Dinner,COCO,KA,548.0,240.0,0.0,758.0,0,2,31.6622691292876,274.0,200-300,30%-40%
Madno,2026-07-30,WK 31,Manipal,Swiggy,Lunch,COCO,KA,390.0,247.0,0.0,607.0,0,2,40.691927512355846,195.0,100-200,40%-50%
Madno,2026-07-30,WK 31,Manipal,Swiggy,Snacks,COCO,KA,520.01,59.99,0.0,560.0,0,1,10.7125,520.01,500-600,10%-20%
Madno,2026-07-30,WK 31,Manipal,Zomato,Dinner,COCO,KA,640.5,560.5,32.059999999999995,1151.0,0,3,48.69678540399652,213.5,200-300,40%-50%
Madno,2026-07-30,WK 31,Manipal,Zomato,Snacks,COCO,KA,175.0,135.0,8.76,300.0,0,1,45.0,175.0,100-200,40%-50%
Madno,2026-07-30,WK 31,Manpada - CF CK,Zomato,Dinner,COCO,MH,611.0,450.0,30.560000000000002,1031.0,0,2,43.64694471387003,305.5,300-400,40%-50%
Madno,2026-07-30,WK 31,Manpada - CF CK,Zomato,Late Night,COCO,MH,716.3299999999999,318.0,35.82,984.3299999999999,0,3,32.306238761391,238.77666666666664,200-300,30%-40%
Madno,2026-07-30,WK 31,Marol - CF CK,Swiggy,Dinner,COCO,MH,89.0,92.0,0.0,171.0,0,1,53.80116959064327,89.0,0-100,50%-60%
Madno,2026-07-30,WK 31,Marol - CF CK,Swiggy,Snacks,COCO,MH,149.0,91.0,0.0,230.0,0,1,39.565217391304344,149.0,100-200,30%-40%
Madno,2026-07-30,WK 31,Marol - CF CK,Zomato,Dinner,COCO,MH,732.5,297.5,36.62,990.0,0,3,30.05050505050505,244.16666666666666,200-300,30%-40%
Madno,2026-07-30,WK 31,Marol - CF CK,Zomato,Late Night,COCO,MH,249.25,79.75,12.46,319.0,0,1,25.0,249.25,200-300,20%-30%
Madno,2026-07-30,WK 31,Marol - CF CK,Zomato,Snacks,COCO,MH,138.25,42.75,6.92,171.0,0,1,25.0,138.25,100-200,20%-30%
Madno,2026-07-30,WK 31,Mira Road,Swiggy,Late Night,COCO,MH,747.0,273.0,0.0,980.0,0,2,27.857142857142858,373.5,300-400,20%-30%
Madno,2026-07-30,WK 31,Mira Road,Swiggy,Lunch,COCO,MH,60.0,63.33,0.0,113.33,0,1,55.88105532515662,60.0,0-100,50%-60%
Madno,2026-07-30,WK 31,Mira Road,Zomato,Late Night,COCO,MH,370.0,0.0,18.5,360.0,0,1,0.0,370.0,300-400,0%
Madno,2026-07-30,WK 31,Miraya Rose,Ownly,Dinner,COCO,KA,170.0,0.0,8.5,170.0,0,1,0.0,170.0,100-200,0%
Madno,2026-07-30,WK 31,Miraya Rose,Swiggy,Dinner,COCO,KA,129.0,100.0,0.0,219.0,0,1,45.662100456621005,129.0,100-200,40%-50%
Madno,2026-07-30,WK 31,Miraya Rose,Swiggy,Late Night,COCO,KA,149.0,91.0,0.0,230.0,0,1,39.565217391304344,149.0,100-200,30%-40%
Madno,2026-07-30,WK 31,Miraya Rose,Zomato,Lunch,COCO,KA,275.26,86.74,13.78,342.0,0,1,25.362573099415204,275.26,200-300,20%-30%
Madno,2026-07-30,WK 31,Miraya Rose,Zomato,Snacks,COCO,KA,481.0,341.01,24.06,782.01,0,1,43.6068592473242,481.0,400-500,40%-50%
Madno,2026-07-30,WK 31,Mogappair,Swiggy,Dinner,COCO,TN,2804.04,825.95,0.0,3459.99,0,5,23.871456275885194,560.808,500-600,20%-30%
Madno,2026-07-30,WK 31,Mogappair,Swiggy,Late Night,COCO,TN,149.0,91.0,0.0,230.0,0,1,39.565217391304344,149.0,100-200,30%-40%
Madno,2026-07-30,WK 31,Mogappair,Swiggy,Lunch,COCO,TN,500.0,32.0,0.0,502.0,0,1,6.374501992031872,500.0,400-500,1%-10%
Madno,2026-07-30,WK 31,Mogappair,Zomato,Late Night,COCO,TN,446.9,177.1,22.36,584.0,0,2,30.325342465753423,223.45,200-300,30%-40%
Madno,2026-07-30,WK 31,Mudichur,Swiggy,Dinner,COCO,TN,166.0,64.0,0.0,220.0,0,1,29.09090909090909,166.0,100-200,20%-30%
Madno,2026-07-30,WK 31,Mudichur,Swiggy,Late Night,COCO,TN,258.0,143.0,0.0,381.0,0,1,37.53280839895013,258.0,200-300,30%-40%
Madno,2026-07-30,WK 31,Mudichur,Swiggy,Lunch,COCO,TN,692.0,308.0,0.0,950.0,0,2,32.421052631578945,346.0,300-400,30%-40%
Madno,2026-07-30,WK 31,Mudichur,Swiggy,Snacks,COCO,TN,976.04,530.29,0.0,1426.33,0,3,37.17863327560943,325.34666666666664,300-400,30%-40%
Madno,2026-07-30,WK 31,Mudichur,Zomato,Dinner,COCO,TN,348.0,252.0,17.42,570.0,0,2,44.21052631578947,174.0,100-200,40%-50%
Madno,2026-07-30,WK 31,Mudichur,Zomato,Snacks,COCO,TN,423.0,358.0,21.16,751.0,0,2,47.66977363515313,211.5,200-300,40%-50%
Madno,2026-07-30,WK 31,Mulund,Swiggy,Dinner,COCO,MH,417.0,332.65999999999997,0.0,699.6600000000001,0,2,47.545950890432486,208.5,200-300,40%-50%
Madno,2026-07-30,WK 31,Mulund,Zomato,Dinner,COCO,MH,334.25,177.75,16.72,492.0,0,1,36.1280487804878,334.25,300-400,30%-40%
Madno,2026-07-30,WK 31,Mulund,Zomato,Late Night,COCO,MH,310.0,0.0,15.5,300.0,0,1,0.0,310.0,300-400,0%
Madno,2026-07-30,WK 31,Nagadevanahally,Swiggy,Dinner,FOFO,KA,136.0,104.0,0.0,230.0,0,1,45.21739130434783,136.0,100-200,40%-50%
Madno,2026-07-30,WK 31,Nagavara,Swiggy,Dinner,COCO,KA,631.5699999999999,283.28,0.0,874.85,0,2,32.380408069954846,315.78499999999997,300-400,30%-40%
Madno,2026-07-30,WK 31,Nagavara,Swiggy,Late Night,COCO,KA,422.0,60.0,0.0,462.0,0,1,12.987012987012985,422.0,400-500,10%-20%
Madno,2026-07-30,WK 31,Nagavara,Swiggy,Lunch,COCO,KA,387.0,253.0,0.0,610.0,0,2,41.47540983606557,193.5,100-200,40%-50%
Madno,2026-07-30,WK 31,Nagavara,Zomato,Dinner,COCO,KA,2050.29,1071.71,102.58,2982.0,0,6,35.939302481556,341.715,300-400,30%-40%
Madno,2026-07-30,WK 31,Nagavara,Zomato,Lunch,COCO,KA,510.5,420.5,25.54,891.0,0,2,47.19416386083053,255.25,200-300,40%-50%
Madno,2026-07-30,WK 31,Nagavara,Zomato,Snacks,COCO,KA,169.26,70.74,8.46,230.0,0,1,30.75652173913043,169.26,100-200,30%-40%
Madno,2026-07-30,WK 31,Nalanchira,Zomato,Dinner,FOFO,Kerela,389.0,41.0,0.0,420.0,0,2,9.761904761904763,194.5,100-200,1%-10%
Madno,2026-07-30,WK 31,Nalanchira,Zomato,Lunch,FOFO,Kerela,311.0,0.0,0.0,301.0,0,1,0.0,311.0,300-400,0%
Madno,2026-07-30,WK 31,Nalanchira,Zomato,Snacks,FOFO,Kerela,310.0,0.0,15.5,300.0,0,1,0.0,310.0,300-400,0%
Madno,2026-07-30,WK 31,Nanganallur CK,Swiggy,Dinner,COCO,TN,285.0,156.0,0.0,421.0,0,2,37.05463182897862,142.5,100-200,30%-40%
Madno,2026-07-30,WK 31,Nanganallur CK,Zomato,Dinner,COCO,TN,569.95,533.05,28.52,1053.0,0,1,50.622032288698946,569.95,500-600,50%-60%
Madno,2026-07-30,WK 31,Nanganallur CK,Zomato,Snacks,COCO,TN,151.0,131.0,7.56,262.0,0,1,50.0,151.0,100-200,40%-50%
Madno,2026-07-30,WK 31,Nungambakkam - CK,Swiggy,Dinner,COCO,TN,595.01,422.16999999999996,0.0,987.1800000000001,0,3,42.765250511558165,198.33666666666667,100-200,40%-50%
Madno,2026-07-30,WK 31,Nungambakkam - CK,Swiggy,Late Night,COCO,TN,1441.03,402.97,0.0,1764.0,0,3,22.844104308390023,480.3433333333333,400-500,20%-30%
Madno,2026-07-30,WK 31,Nungambakkam - CK,Swiggy,Snacks,COCO,TN,548.0,217.33,0.0,725.33,0,1,29.962913432506582,548.0,500-600,20%-30%
Madno,2026-07-30,WK 31,Nungambakkam - CK,Zomato,Dinner,COCO,TN,185.0,135.0,9.26,310.0,0,1,43.54838709677419,185.0,100-200,40%-50%
Madno,2026-07-30,WK 31,Nungambakkam - CK,Zomato,Lunch,COCO,TN,105.0,95.0,5.26,190.0,0,1,50.0,105.0,100-200,40%-50%
Madno,2026-07-30,WK 31,OMR,Swiggy,Dinner,COCO,TN,905.02,393.68,0.0,1248.7,0,5,31.52718827580684,181.004,100-200,30%-40%
Madno,2026-07-30,WK 31,OMR,Swiggy,Late Night,COCO,TN,421.01,99.99,0.0,501.0,0,1,19.958083832335326,421.01,400-500,10%-20%
Madno,2026-07-30,WK 31,OMR,Swiggy,Lunch,COCO,TN,554.01,195.99,0.0,720.0,0,2,27.22083333333333,277.005,200-300,20%-30%
Madno,2026-07-30,WK 31,OMR,Swiggy,Snacks,COCO,TN,867.0,435.0,0.0,1242.0,0,4,35.02415458937198,216.75,200-300,30%-40%
Madno,2026-07-30,WK 31,OMR,Zomato,Dinner,COCO,TN,195.0,135.0,9.76,320.0,0,1,42.1875,195.0,100-200,40%-50%
Madno,2026-07-30,WK 31,OMR,Zomato,Lunch,COCO,TN,210.5,190.5,10.54,381.0,0,1,50.0,210.5,200-300,40%-50%
Madno,2026-07-30,WK 31,OMR,Zomato,Snacks,COCO,TN,255.0,235.0,12.76,470.0,0,1,50.0,255.0,200-300,40%-50%
Madno,2026-07-30,WK 31,PALAM VIHAR,Swiggy,Dinner,FOFO,ROI,507.01,244.99,0.0,722.0,0,2,33.93213296398892,253.505,200-300,30%-40%
Madno,2026-07-30,WK 31,Pallikaranai,Swiggy,Late Night,COCO,TN,1219.0,64.0,0.0,1223.0,0,3,5.233033524121014,406.3333333333333,400-500,1%-10%
Madno,2026-07-30,WK 31,Perambur - CK,Swiggy,Dinner,COCO,TN,1011.05,121.94999999999999,0.0,1093.0,0,3,11.157365050320218,337.01666666666665,300-400,10%-20%
Madno,2026-07-30,WK 31,Perambur - CK,Zomato,Dinner,COCO,TN,532.0,271.0,26.62,773.0,0,2,35.058214747736095,266.0,200-300,30%-40%
Madno,2026-07-30,WK 31,Pimple Saudagar,Swiggy,Dinner,FOFO,MH,189.0,1.0,0.0,190.0,0,1,0.5263157894736842,189.0,100-200,1%-10%
Madno,2026-07-30,WK 31,Pimple Saudagar,Zomato,Dinner,FOFO,MH,280.0,30.0,14.0,300.0,0,1,10.0,280.0,200-300,1%-10%
Madno,2026-07-30,WK 31,Pimpri Chinchwad,Swiggy,Dinner,FOFO,MH,121.0,120.0,0.0,231.0,0,1,51.94805194805194,121.0,100-200,50%-60%
Madno,2026-07-30,WK 31,Pimpri Chinchwad,Swiggy,Lunch,FOFO,MH,469.0,81.0,0.0,540.0,0,2,15.0,234.5,200-300,10%-20%
Madno,2026-07-30,WK 31,Pimpri Chinchwad,Zomato,Dinner,FOFO,MH,381.0,50.0,19.06,411.0,0,1,12.165450121654501,381.0,300-400,10%-20%
Madno,2026-07-30,WK 31,Pimpri Chinchwad,Zomato,Snacks,FOFO,MH,774.8,186.2,38.74,931.0,0,1,20.0,774.8,600-900,10%-20%
Madno,2026-07-30,WK 31,Poonamalle,Swiggy,Dinner,FOFO,TN,290.0,0.0,0.0,280.0,0,1,0.0,290.0,200-300,0%
Madno,2026-07-30,WK 31,Powai- CF - CK,Swiggy,Dinner,COCO,MH,218.0,32.0,0.0,240.0,0,1,13.333333333333334,218.0,200-300,10%-20%
Madno,2026-07-30,WK 31,Powai- CF - CK,Swiggy,Late Night,COCO,MH,310.0,0.0,0.0,300.0,0,1,0.0,310.0,300-400,0%
Madno,2026-07-30,WK 31,Powai- CF - CK,Zomato,Snacks,COCO,MH,190.0,0.0,9.5,180.0,0,1,0.0,190.0,100-200,0%
Madno,2026-07-30,WK 31,Prabhadevi,Swiggy,Closing,COCO,MH,260.0,60.0,0.0,310.0,0,1,19.35483870967742,260.0,200-300,10%-20%
Madno,2026-07-30,WK 31,Prabhadevi,Swiggy,Dinner,COCO,MH,250.0,60.0,0.0,300.0,0,1,20.0,250.0,200-300,10%-20%
Madno,2026-07-30,WK 31,Prabhadevi,Swiggy,Snacks,COCO,MH,646.2,212.8,0.0,819.0,0,2,25.982905982905987,323.1,300-400,20%-30%
Madno,2026-07-30,WK 31,Prabhadevi,Zomato,Dinner,COCO,MH,1016.0,556.0,50.82,1512.0,0,3,36.77248677248677,338.6666666666667,300-400,30%-40%
Madno,2026-07-30,WK 31,Prabhadevi,Zomato,Late Night,COCO,MH,421.0,160.0,21.060000000000002,561.0,0,2,28.520499108734406,210.5,200-300,20%-30%
Madno,2026-07-30,WK 31,Race Course Road,Swiggy,Dinner,COCO,TN,1272.2,280.8,0.0,1483.0,0,3,18.934592043155764,424.06666666666666,400-500,10%-20%
Madno,2026-07-30,WK 31,Race Course Road,Swiggy,Late Night,COCO,TN,1706.0,716.0,0.0,2322.0,0,4,30.835486649440135,426.5,400-500,30%-40%
Madno,2026-07-30,WK 31,Race Course Road,Swiggy,Lunch,COCO,TN,892.21,437.79,0.0,1280.0,0,3,34.202343750000004,297.40333333333336,200-300,30%-40%
Madno,2026-07-30,WK 31,Race Course Road,Swiggy,Snacks,COCO,TN,340.0,0.0,0.0,330.0,0,1,0.0,340.0,300-400,0%
Madno,2026-07-30,WK 31,Race Course Road,Zomato,Dinner,COCO,TN,244.0,157.0,12.2,381.0,0,1,41.20734908136483,244.0,200-300,40%-50%
Madno,2026-07-30,WK 31,Race Course Road,Zomato,Late Night,COCO,TN,997.5,432.5,49.879999999999995,1380.0,0,2,31.34057971014493,498.75,400-500,30%-40%
Madno,2026-07-30,WK 31,Race Course Road,Zomato,Lunch,COCO,TN,302.5,157.5,15.14,440.0,0,1,35.79545454545455,302.5,300-400,30%-40%
Madno,2026-07-30,WK 31,Race Course Road,Zomato,Snacks,COCO,TN,555.0,405.0,27.759999999999998,920.0,0,2,44.02173913043478,277.5,200-300,40%-50%
Madno,2026-07-30,WK 31,Raipur-1,Swiggy,Dinner,FOFO,ROI,298.0,83.0,0.0,381.0,0,1,21.784776902887142,298.0,200-300,20%-30%
Madno,2026-07-30,WK 31,Raipur-1,Swiggy,Late Night,FOFO,ROI,1001.0,41.0,0.0,1012.0,0,3,4.051383399209486,333.6666666666667,300-400,1%-10%
Madno,2026-07-30,WK 31,Raipur-1,Zomato,Dinner,FOFO,ROI,423.0,180.0,21.18,573.0,0,1,31.413612565445025,423.0,400-500,30%-40%
Madno,2026-07-30,WK 31,Raipur-1,Zomato,Late Night,FOFO,ROI,121.0,80.0,6.06,191.0,0,1,41.8848167539267,121.0,100-200,40%-50%
Madno,2026-07-30,WK 31,Raipur-1,Zomato,Snacks,FOFO,ROI,120.0,120.0,6.0,230.0,0,1,52.17391304347826,120.0,100-200,50%-60%
Madno,2026-07-30,WK 31,Raipur-2,Swiggy,Dinner,FOFO,ROI,298.0,84.0,0.0,382.0,0,2,21.98952879581152,149.0,100-200,20%-30%
Madno,2026-07-30,WK 31,Raipur-2,Swiggy,Late Night,FOFO,ROI,149.0,41.0,0.0,190.0,0,1,21.578947368421055,149.0,100-200,20%-30%
Madno,2026-07-30,WK 31,Ravipuram,Swiggy,Dinner,COCO,Kerela,399.0,238.0,0.0,607.0,0,2,39.209225700164744,199.5,100-200,30%-40%
Madno,2026-07-30,WK 31,Ravipuram,Swiggy,Late Night,COCO,Kerela,202.64,188.0,0.0,370.64,0,2,50.72307360241744,101.32,100-200,50%-60%
Madno,2026-07-30,WK 31,Ravipuram,Swiggy,Lunch,COCO,Kerela,780.0,180.0,0.0,930.0,0,2,19.35483870967742,390.0,300-400,10%-20%
Madno,2026-07-30,WK 31,Ravipuram,Swiggy,Snacks,COCO,Kerela,250.0,40.0,0.0,280.0,0,1,14.285714285714285,250.0,200-300,10%-20%
Madno,2026-07-30,WK 31,Ravipuram,Zomato,Closing,COCO,Kerela,223.0,157.0,11.16,370.0,0,1,42.432432432432435,223.0,200-300,40%-50%
Madno,2026-07-30,WK 31,Ravipuram,Zomato,Dinner,COCO,Kerela,590.0,180.0,29.52,740.0,0,2,24.324324324324326,295.0,200-300,20%-30%
Madno,2026-07-30,WK 31,SEAWOOD,Swiggy,Late Night,COCO,MH,299.0,132.0,0.0,421.0,0,2,31.353919239904986,149.5,100-200,30%-40%
Madno,2026-07-30,WK 31,SEAWOOD,Swiggy,Lunch,COCO,MH,310.0,0.0,0.0,300.0,0,1,0.0,310.0,300-400,0%
Madno,2026-07-30,WK 31,SEAWOOD,Zomato,Late Night,COCO,MH,130.0,120.0,6.5,240.0,0,1,50.0,130.0,100-200,40%-50%
Madno,2026-07-30,WK 31,Sambalpur,Zomato,Dinner,FOFO,ROI,500.0,150.0,25.02,630.0,0,1,23.809523809523807,500.0,400-500,20%-30%
Madno,2026-07-30,WK 31,Sambalpur,Zomato,Lunch,FOFO,ROI,231.0,80.0,11.56,301.0,0,1,26.578073089701,231.0,200-300,20%-30%
Madno,2026-07-30,WK 31,Sarjapur Road,Swiggy,Late Night,COCO,KA,590.0,120.0,0.0,680.0,0,1,17.647058823529413,590.0,500-600,10%-20%
Madno,2026-07-30,WK 31,Sarjapur Road,Swiggy,Snacks,COCO,KA,111.0,79.0,0.0,190.0,0,1,41.578947368421055,111.0,100-200,40%-50%
Madno,2026-07-30,WK 31,Sarjapur Road,Zomato,Breakfast,COCO,KA,181.0,161.0,9.06,322.0,0,1,50.0,181.0,100-200,40%-50%
Madno,2026-07-30,WK 31,Sarjapur Road,Zomato,Lunch,COCO,KA,175.0,135.0,8.76,300.0,0,1,45.0,175.0,100-200,40%-50%
Madno,2026-07-30,WK 31,Sarjapur Road,Zomato,Snacks,COCO,KA,225.5,205.5,11.28,411.0,0,1,50.0,225.5,200-300,40%-50%
Madno,2026-07-30,WK 31,Sarjapura 3,Swiggy,Dinner,FOFO,KA,177.0,64.0,0.0,231.0,0,1,27.705627705627705,177.0,100-200,20%-30%
Madno,2026-07-30,WK 31,Sarjapura 3,Swiggy,Late Night,FOFO,KA,500.0,0.0,0.0,480.0,0,1,0.0,500.0,400-500,0%
Madno,2026-07-30,WK 31,Sarjapura 3,Swiggy,Lunch,FOFO,KA,312.0,260.0,0.0,572.0,0,2,45.45454545454545,156.0,100-200,40%-50%
Madno,2026-07-30,WK 31,Sarjapura 3,Swiggy,Snacks,FOFO,KA,166.0,64.0,0.0,220.0,0,1,29.09090909090909,166.0,100-200,20%-30%
Madno,2026-07-30,WK 31,Sarjapura 3,Zomato,Snacks,FOFO,KA,200.0,0.0,10.0,190.0,0,1,0.0,200.0,100-200,0%
Madno,2026-07-30,WK 31,Selaiyur,Zomato,Snacks,FOFO,TN,267.0,75.0,13.36,322.0,0,1,23.29192546583851,267.0,200-300,20%-30%
Madno,2026-07-30,WK 31,Sher- E-Punjab,Swiggy,Late Night,COCO,MH,105.0,96.0,0.0,191.0,0,1,50.26178010471204,105.0,100-200,50%-60%
Madno,2026-07-30,WK 31,Silchar,Swiggy,Dinner,FOFO,ROI,676.0,364.0,0.0,990.0,0,3,36.76767676767677,225.33333333333334,200-300,30%-40%
Madno,2026-07-30,WK 31,Silchar,Swiggy,Lunch,FOFO,ROI,330.0,0.0,0.0,320.0,0,1,0.0,330.0,300-400,0%
Madno,2026-07-30,WK 31,Sinhagad,Swiggy,Dinner,COCO,MH,287.0,216.0,0.0,473.0,0,1,45.66596194503171,287.0,200-300,40%-50%
Madno,2026-07-30,WK 31,Sinhagad,Zomato,Dinner,COCO,MH,1315.5,875.5,65.82,2091.0,0,4,41.86991869918699,328.875,300-400,40%-50%
Madno,2026-07-30,WK 31,Sinhagad,Zomato,Lunch,COCO,MH,210.5,190.5,10.54,381.0,0,1,50.0,210.5,200-300,40%-50%
Madno,2026-07-30,WK 31,Sinhagad,Zomato,Snacks,COCO,MH,315.5,285.5,15.8,571.0,0,1,50.0,315.5,300-400,40%-50%
Madno,2026-07-30,WK 31,Tata Sherwood,Ownly,Dinner,COCO,KA,118.0,0.0,5.9,118.0,0,1,0.0,118.0,100-200,0%
Madno,2026-07-30,WK 31,Tata Sherwood,Ownly,Lunch,COCO,KA,132.0,0.0,6.6,132.0,0,1,0.0,132.0,100-200,0%
Madno,2026-07-30,WK 31,Tata Sherwood,Swiggy,Breakfast,COCO,KA,50.0,63.33,0.0,113.33,0,1,55.88105532515662,50.0,0-100,50%-60%
Madno,2026-07-30,WK 31,Tata Sherwood,Swiggy,Dinner,COCO,KA,876.01,525.5,0.0,1341.51,0,4,39.17227601732377,219.0025,200-300,30%-40%
Madno,2026-07-30,WK 31,Tata Sherwood,Swiggy,Late Night,COCO,KA,520.0,165.32999999999998,0.0,645.33,0,2,25.619450513690666,260.0,200-300,20%-30%
Madno,2026-07-30,WK 31,Tata Sherwood,Zomato,Dinner,COCO,KA,207.0,135.0,10.34,322.0,0,1,41.92546583850932,207.0,200-300,40%-50%
Madno,2026-07-30,WK 31,Tata Sherwood,Zomato,Late Night,COCO,KA,105.0,95.0,5.26,190.0,0,1,50.0,105.0,100-200,40%-50%
Madno,2026-07-30,WK 31,Thakur Village,Swiggy,Dinner,COCO,MH,653.0,339.0,0.0,952.0,0,2,35.609243697478995,326.5,300-400,30%-40%
Madno,2026-07-30,WK 31,Thakur Village,Swiggy,Late Night,COCO,MH,288.0,183.0,0.0,451.0,0,1,40.57649667405765,288.0,200-300,40%-50%
Madno,2026-07-30,WK 31,Thakur Village,Swiggy,Lunch,COCO,MH,1247.0,223.0,0.0,1400.0,0,3,15.928571428571429,415.6666666666667,400-500,10%-20%
Madno,2026-07-30,WK 31,Thakur Village,Swiggy,Snacks,COCO,MH,288.0,153.0,0.0,421.0,0,1,36.342042755344416,288.0,200-300,30%-40%
Madno,2026-07-30,WK 31,Thakur Village,Zomato,Dinner,COCO,MH,1109.78,938.55,55.52,1938.33,0,4,48.420547584776585,277.445,200-300,40%-50%
Madno,2026-07-30,WK 31,Thiruvalla,Swiggy,Dinner,COCO,Kerela,1724.05,523.95,0.0,2148.0,0,5,24.392458100558663,344.81,300-400,20%-30%
Madno,2026-07-30,WK 31,Thiruvalla,Swiggy,Lunch,COCO,Kerela,258.0,143.0,0.0,381.0,0,1,37.53280839895013,258.0,200-300,30%-40%
Madno,2026-07-30,WK 31,Thiruvalla,Swiggy,Snacks,COCO,Kerela,1133.02,319.98,0.0,1403.0,0,2,22.806842480399144,566.51,500-600,20%-30%
Madno,2026-07-30,WK 31,Thiruvalla,Zomato,Dinner,COCO,Kerela,544.5,387.5,27.240000000000002,892.0,0,2,43.44170403587444,272.25,200-300,40%-50%
Madno,2026-07-30,WK 31,Thiruvalla,Zomato,Lunch,COCO,Kerela,496.5,446.5,24.84,893.0,0,2,50.0,248.25,200-300,40%-50%
Madno,2026-07-30,WK 31,Thiruvalla,Zomato,Snacks,COCO,Kerela,499.45,472.55,24.980000000000004,932.0,0,2,50.702789699570815,249.725,200-300,50%-60%
Madno,2026-07-30,WK 31,Thiruvananthpuram,Swiggy,Breakfast,FOFO,Kerela,400.0,0.0,0.0,380.0,0,1,0.0,400.0,300-400,0%
Madno,2026-07-30,WK 31,Thiruvananthpuram,Swiggy,Dinner,FOFO,Kerela,391.0,0.0,0.0,371.0,0,1,0.0,391.0,300-400,0%
Madno,2026-07-30,WK 31,Thiruvananthpuram,Swiggy,Late Night,FOFO,Kerela,941.0,0.0,0.0,901.0,0,2,0.0,470.5,400-500,0%
Madno,2026-07-30,WK 31,Thiruvananthpuram,Swiggy,Lunch,FOFO,Kerela,181.0,0.0,0.0,171.0,0,1,0.0,181.0,100-200,0%
Madno,2026-07-30,WK 31,Thiruvananthpuram,Swiggy,Snacks,FOFO,Kerela,290.0,0.0,0.0,280.0,0,1,0.0,290.0,200-300,0%
Madno,2026-07-30,WK 31,Thiruvananthpuram,Zomato,Late Night,FOFO,Kerela,290.0,0.0,14.5,280.0,0,1,0.0,290.0,200-300,0%
Madno,2026-07-30,WK 31,Thiruvananthpuram,Zomato,Lunch,FOFO,Kerela,181.0,0.0,9.06,171.0,0,1,0.0,181.0,100-200,0%
Madno,2026-07-30,WK 31,Thoraipakkam,Swiggy,Lunch,COCO,TN,178.0,184.0,0.0,342.0,0,1,53.80116959064327,178.0,100-200,50%-60%
Madno,2026-07-30,WK 31,Thoraipakkam,Zomato,Late Night,COCO,TN,68.95,72.05,3.44,131.0,0,1,54.99999999999999,68.95,0-100,50%-60%
Madno,2026-07-30,WK 31,Urapakkam CK,Swiggy,Lunch,COCO,TN,89.0,92.0,0.0,171.0,0,1,53.80116959064327,89.0,0-100,50%-60%
Madno,2026-07-30,WK 31,Urapakkam CK,Zomato,Lunch,COCO,TN,330.0,310.0,16.52,620.0,0,2,50.0,165.0,100-200,40%-50%
Madno,2026-07-30,WK 31,Vadapalani,Swiggy,Dinner,FOFO,TN,196.0,94.0,0.0,280.0,0,1,33.57142857142857,196.0,100-200,30%-40%
Madno,2026-07-30,WK 31,Vadapalani,Swiggy,Snacks,FOFO,TN,415.61,165.39,0.0,561.0,0,1,29.481283422459892,415.61,400-500,20%-30%
Madno,2026-07-30,WK 31,Vadapalani,Zomato,Dinner,FOFO,TN,536.0,266.0,26.82,762.0,0,3,34.90813648293963,178.66666666666666,100-200,30%-40%
Madno,2026-07-30,WK 31,Vadapalani,Zomato,Snacks,FOFO,TN,140.0,100.0,7.0,230.0,0,1,43.47826086956522,140.0,100-200,40%-50%
Madno,2026-07-30,WK 31,Valsarvakkam,Swiggy,Dinner,COCO,TN,1408.0,527.0,0.0,1855.0,0,7,28.409703504043126,201.14285714285714,200-300,20%-30%
Madno,2026-07-30,WK 31,Valsarvakkam,Swiggy,Late Night,COCO,TN,945.2,406.8,0.0,1292.0,0,5,31.486068111455108,189.04000000000002,100-200,30%-40%
Madno,2026-07-30,WK 31,Valsarvakkam,Swiggy,Lunch,COCO,TN,198.0,184.0,0.0,362.0,0,1,50.82872928176796,198.0,100-200,50%-60%
Madno,2026-07-30,WK 31,Valsarvakkam,Swiggy,Snacks,COCO,TN,884.0,442.0,0.0,1266.0,0,3,34.913112164297,294.6666666666667,200-300,30%-40%
Madno,2026-07-30,WK 31,Valsarvakkam,Zomato,Dinner,COCO,TN,550.45,262.55,27.54,773.0,0,3,33.965071151358345,183.48333333333335,100-200,30%-40%
Madno,2026-07-30,WK 31,Valsarvakkam,Zomato,Late Night,COCO,TN,105.5,95.5,5.28,191.0,0,1,50.0,105.5,100-200,40%-50%
Madno,2026-07-30,WK 31,Valsarvakkam,Zomato,Snacks,COCO,TN,255.0,235.0,12.76,470.0,0,1,50.0,255.0,200-300,40%-50%
Madno,2026-07-30,WK 31,Velachery,Swiggy,Dinner,COCO,TN,740.02,261.98,0.0,952.0,0,2,27.518907563025213,370.01,300-400,20%-30%
Madno,2026-07-30,WK 31,Velachery,Swiggy,Lunch,COCO,TN,109.0,92.0,0.0,191.0,0,1,48.167539267015705,109.0,100-200,40%-50%
Madno,2026-07-30,WK 31,Velachery,Swiggy,Snacks,COCO,TN,218.0,184.0,0.0,382.0,0,1,48.167539267015705,218.0,200-300,40%-50%
Madno,2026-07-30,WK 31,Velachery,Zomato,Late Night,COCO,TN,210.5,190.5,10.54,381.0,0,1,50.0,210.5,200-300,40%-50%
Madno,2026-07-30,WK 31,Vellore,Swiggy,Lunch,COCO,TN,315.0,0.0,0.0,305.0,0,1,0.0,315.0,300-400,0%
Madno,2026-07-30,WK 31,Vellore,Zomato,Dinner,COCO,TN,175.0,135.0,8.76,300.0,0,1,45.0,175.0,100-200,40%-50%
Madno,2026-07-30,WK 31,Vellore,Zomato,Snacks,COCO,TN,165.0,155.0,8.26,310.0,0,1,50.0,165.0,100-200,40%-50%
Madno,2026-07-30,WK 31,Vijaywada,Swiggy,Dinner,FOFO,AP & TL,822.02,159.98,0.0,942.0,0,2,16.983014861995752,411.01,400-500,10%-20%
Madno,2026-07-30,WK 31,Vijaywada,Swiggy,Lunch,FOFO,AP & TL,628.01,163.99,0.0,762.0,0,2,21.520997375328086,314.005,300-400,20%-30%
Madno,2026-07-30,WK 31,Vijaywada,Swiggy,Snacks,FOFO,AP & TL,1949.07,395.93,0.0,2245.0,0,6,17.636080178173717,324.84499999999997,300-400,10%-20%
Madno,2026-07-30,WK 31,Vimannagar,Zomato,Dinner,FOFO,MH,1938.0,500.0,96.92,2338.0,0,4,21.3857998289136,484.5,400-500,20%-30%
Madno,2026-07-30,WK 31,Vimannagar,Zomato,Late Night,FOFO,MH,585.0,75.0,29.259999999999998,640.0,0,2,11.71875,292.5,200-300,10%-20%
Madno,2026-07-30,WK 31,Virar,Swiggy,Dinner,COCO,MH,517.0,213.0,0.0,710.0,0,2,30.0,258.5,200-300,20%-30%
Madno,2026-07-30,WK 31,Virar,Swiggy,Late Night,COCO,MH,645.0,306.0,0.0,951.0,0,1,32.17665615141956,645.0,600-900,30%-40%
Madno,2026-07-30,WK 31,Virar,Zomato,Dinner,COCO,MH,707.5,637.5,35.42,1275.0,0,3,50.0,235.83333333333334,200-300,40%-50%
Madno,2026-07-30,WK 31,Virar,Zomato,Late Night,COCO,MH,210.5,190.5,10.54,381.0,0,1,50.0,210.5,200-300,40%-50%
Madno,2026-07-30,WK 31,Wagholi - CF CK,Swiggy,Dinner,COCO,MH,731.0,160.0,0.0,861.0,0,3,18.583042973286876,243.66666666666666,200-300,10%-20%
Madno,2026-07-30,WK 31,Wagholi - CF CK,Zomato,Dinner,COCO,MH,595.0,515.0,29.759999999999998,1060.0,0,2,48.58490566037736,297.5,200-300,40%-50%
Madno,2026-07-30,WK 31,Wagholi - CF CK,Zomato,Late Night,COCO,MH,151.0,131.0,7.56,262.0,0,1,50.0,151.0,100-200,40%-50%
Madno,2026-07-30,WK 31,Whitefield,Ownly,Dinner,COCO,KA,118.0,0.0,5.9,118.0,0,1,0.0,118.0,100-200,0%
Madno,2026-07-30,WK 31,Whitefield,Swiggy,Dinner,COCO,KA,198.0,164.0,0.0,342.0,0,1,47.953216374269005,198.0,100-200,40%-50%
Madno,2026-07-30,WK 31,Whitefield,Swiggy,Late Night,COCO,KA,176.0,64.0,0.0,230.0,0,1,27.82608695652174,176.0,100-200,20%-30%
Madno,2026-07-30,WK 31,Whitefield,Zomato,Dinner,COCO,KA,352.3,398.7,17.62,711.0,0,2,56.075949367088604,176.15,100-200,50%-60%
Madno,2026-07-30,WK 31,Yelahanka,Ownly,Dinner,COCO,KA,656.0,0.0,32.8,656.0,0,3,0.0,218.66666666666666,200-300,0%
Madno,2026-07-30,WK 31,Yelahanka,Ownly,Snacks,COCO,KA,90.0,0.0,4.5,90.0,0,1,0.0,90.0,0-100,0%
Madno,2026-07-30,WK 31,Yelahanka,Swiggy,Late Night,COCO,KA,332.0,270.0,0.0,572.0,0,2,47.2027972027972,166.0,100-200,40%-50%
Madno,2026-07-30,WK 31,Yelahanka,Swiggy,Lunch,COCO,KA,330.0,92.0,0.0,402.0,0,1,22.885572139303484,330.0,300-400,20%-30%
Madno,2026-07-30,WK 31,Yelahanka,Zomato,Dinner,COCO,KA,291.0,271.0,14.56,542.0,0,1,50.0,291.0,200-300,40%-50%
Madno,2026-07-30,WK 31,Yelahanka,Zomato,Snacks,COCO,KA,182.5,57.5,9.12,230.0,0,1,25.0,182.5,100-200,20%-30%
Madno,2026-07-30,WK 31,Zamin Pallavaram,Swiggy,Dinner,COCO,TN,180.01,209.02,0.0,359.03,0,1,58.21797621368688,180.01,100-200,50%-60%
Madno,2026-07-30,WK 31,Zamin Pallavaram,Swiggy,Lunch,COCO,TN,240.0,253.32,0.0,453.32,0,1,55.88105532515662,240.0,200-300,50%-60%
Madno,2026-07-30,WK 31,Zamin Pallavaram,Swiggy,Snacks,COCO,TN,409.0,140.0,0.0,529.0,0,2,26.46502835538752,204.5,200-300,20%-30%
Madno,2026-07-30,WK 31,Zamin Pallavaram,Zomato,Dinner,COCO,TN,115.0,105.0,5.76,210.0,0,1,50.0,115.0,100-200,40%-50%
Madno,2026-07-30,WK 31,Zamin Pallavaram,Zomato,Snacks,COCO,TN,105.0,95.0,5.26,190.0,0,1,50.0,105.0,100-200,40%-50%
